P_H,t_ads,alpha,v_0,beta,P_L,t_depres,t_pres,Obj1,Obj2,Pu,Rec
377308.0,404,0.226148,0.378912,0.494909,83633,46,31,0.00266872,0.0164155,0.9483403445617375,0.871877012210923
801186.0,205,0.357296,0.304152,0.673521,188307,36,30,0.00279153,0.0178654,0.9471650683732816,0.8663384872149054
274227.0,443,0.18964,0.355846,0.803886,26754,27,42,100000.0,100000.0,-315.22776601683796,-315.22776601683796
971337.0,233,0.382862,0.381535,0.9379,20651,43,11,0.00338524,0.00196173,0.9418171846676358,0.9557085787087386
793032.0,383,0.247415,0.311324,0.703981,47030,14,22,0.00259123,0.00706733,0.9490958744304551,0.9159325865748208
707121.0,42,0.422758,0.50854,0.263733,24901,37,47,1.60575e-10,0.185968,0.9999873281808725,0.5687599276505023
940669.0,449,0.535353,0.301413,0.910309,116972,17,37,0.0089733,0.0037786,0.9052724960742657,0.9385296819595018
553531.0,125,0.937096,0.280941,0.787282,185761,46,40,0.000168269,0.0498539,0.9870281458534256,0.7767201307775374
579818.0,386,0.201553,0.724142,0.109423,89384,47,43,0.00567288,0.0348641,0.9246814763819683,0.8132806919464406
525768.0,311,0.134654,0.413785,0.578079,53832,38,25,0.0019422,0.00558592,0.9559296017717107,0.9252609874295894
867481.0,30,0.668814,0.569686,0.322386,177888,20,35,5.6002e-06,0.289876,0.9976335258294247,0.46159866270596983
832365.0,94,0.68201,0.779619,0.209999,51729,28,11,0.000910413,0.309847,0.9698269491101745,0.4433609787303804
408769.0,145,0.367076,0.159538,0.77915,175622,40,20,0.00338359,0.0287537,0.9418313658403431,0.8304308400681303
817622.0,175,0.241996,0.430527,0.875028,47525,24,37,0.000832817,0.00230497,0.9711414310819126,0.9519898968965906
306513.0,429,0.865136,0.768976,0.517669,134203,23,32,0.007637,0.178478,0.9126100692299164,0.5775334332754839
887009.0,36,0.411842,0.531843,0.152825,88615,40,27,1.05109e-07,0.217388,0.999675794818055,0.5337511394115799
621812.0,338,0.358971,0.52686,0.695532,34157,45,21,0.00408872,0.0145518,0.9360569002940896,0.8793691581725469
390718.0,326,0.700869,0.118169,0.0599968,139685,28,43,1.01985e-09,0.465896,0.9999680649095821,0.317434252251111
435754.0,475,0.528542,0.227685,0.226522,49295,43,18,0.000269295,0.180805,0.9835897897636867,0.5747882880258353
843489.0,177,0.367788,0.757897,0.976974,45293,39,23,0.00749003,0.000569186,0.9134550405858319,0.976142380671995
688305.0,147,0.0650972,0.228168,0.924924,115025,41,31,0.00500003,0.00691492,0.9292891097496291,0.9168440020202993
626186.0,70,0.141146,0.630105,0.587891,136336,14,31,0.00411614,0.0117603,0.9358428491904449,0.8915550831066757
758429.0,443,0.0722329,0.577962,0.495867,45151,15,32,0.00562192,0.0018887,0.9250205361448883,0.9565408237537801
891217.0,265,0.29775,0.14913,0.107295,168115,50,35,0.000494004,0.0899808,0.9777737992450352,0.7000320017068488
204732.0,158,0.567368,0.703719,0.500564,31129,32,22,1.67127e-05,0.0929023,0.9959118830740792,0.6952012139131785
894013.0,197,0.346237,0.236939,0.464702,57774,41,38,1.95538e-07,0.0532382,0.9995578032112283,0.7692659539643099
533965.0,412,0.872722,0.416606,0.254263,153145,24,17,0.00483071,0.431087,0.9304966907262683,0.34342784098014023
730460.0,460,0.485564,0.167357,0.817652,82456,44,18,0.00304643,0.0114949,0.944805525638883,0.8927857285619121
453616.0,235,0.499361,0.233722,0.277772,72718,41,35,3.88369e-09,0.159364,0.9999376807413395,0.6007957916053489
698918.0,269,0.776951,0.78007,0.198129,119682,35,46,100000.0,100000.0,-315.22776601683796,-315.22776601683796
207299.0,420,0.628486,0.302201,0.184548,110543,25,43,0.000896251,0.267846,0.9700625485386615,0.4824615956279187
782587.0,410,0.663849,0.625636,0.766754,102814,25,41,100000.0,100000.0,-315.22776601683796,-315.22776601683796
734140.0,168,0.30614,0.68909,0.771396,73380,21,50,100000.0,100000.0,-315.22776601683796,-315.22776601683796
666915.0,497,0.722229,0.160826,0.426901,69097,43,48,0.000735701,0.1849,0.9728761912703986,0.5700000000000001
504885.0,496,0.289974,0.404646,0.456174,90179,44,26,0.00415163,0.02755,0.9355668563548231,0.8340180732730217
633395.0,185,0.362688,0.74931,0.847679,125090,26,29,0.00720412,0.00457856,0.9151229123968075,0.9323349425478704
410657.0,320,0.535316,0.159169,0.23485,149537,49,15,5.68954e-05,0.189151,0.9924570960499288,0.5650850657887223
306887.0,332,0.710017,0.344546,0.252268,129880,47,19,0.000707193,0.288127,0.9734068993910074,0.46322537317790435
707557.0,32,0.809114,0.40318,0.048564,111140,21,31,1.01068e-10,0.691616,0.9999899467418216,0.16836546488256032
347603.0,485,0.344011,0.636953,0.980707,113798,18,20,0.00938641,0.000220082,0.9031165132749652,0.9851648390638996
938124.0,480,0.228736,0.718704,0.03442,149479,30,42,0.00772731,0.0507263,0.9120948806951495,0.7747750013875014
315774.0,217,0.619975,0.170702,0.220658,198017,48,36,0.00240729,0.253639,0.9509358583077213,0.4963741468113456
829990.0,290,0.844975,0.46076,0.806827,51979,16,33,0.0078329,0.0313388,0.9114963277598043,0.8229723185487648
251300.0,159,0.439624,0.54748,0.259977,106294,43,36,0.00103056,0.118072,0.9678976636364267,0.6563839351834667
241513.0,439,0.553775,0.676075,0.426244,47978,16,18,0.00419941,0.106061,0.9351971451246166,0.6743299215463601
994282.0,130,0.0481705,0.201028,0.917082,67155,27,30,0.00175423,0.00893217,0.9581164710178333,0.9054898418158133
733776.0,97,0.195237,0.734031,0.0955737,132993,42,43,0.00247799,0.0408435,0.9502205865844122,0.7979022513732525
518856.0,406,0.28865,0.548665,0.930827,153562,33,27,0.0089598,0.000827547,0.90534377991912,0.9712328833561652
681681.0,334,0.155071,0.467991,0.948904,55008,42,13,0.00506187,0.000325294,0.928853179972679,0.9819640913730414
260869.0,324,0.26057,0.29569,0.138915,62901,46,11,0.000280997,0.0638175,0.9832370348684966,0.74737874198714
315327.0,422,0.851834,0.678399,0.633474,61840,31,18,0.00663496,0.103731,0.9185447362044662,0.6779270269022872
373101.0,107,0.211933,0.560503,0.58134,192775,50,33,0.00709367,0.0144585,0.9157760722834657,0.8797564970570135
560537.0,208,0.810354,0.369648,0.596674,15358,44,43,100000.0,100000.0,-315.22776601683796,-315.22776601683796
449335.0,63,0.209164,0.143114,0.0754489,28829,47,34,5.15273e-10,0.284128,0.9999773003744524,0.4669634158896784
890429.0,146,0.513321,0.450114,0.924736,135412,39,42,100000.0,100000.0,-315.22776601683796,-315.22776601683796
844703.0,173,0.116555,0.574365,0.0615932,141181,37,42,0.00517807,0.0164858,0.9280411923389499,0.8716029595356654
829047.0,184,0.849169,0.615928,0.321135,113278,27,37,0.00391601,0.343514,0.9374219687110564,0.41389932605396196
384509.0,45,0.20194,0.252142,0.0206339,156652,30,33,0.00232213,0.136455,0.9518115158985054,0.6306018408275429
549405.0,256,0.200296,0.262895,0.225632,123575,20,43,0.00229896,0.0346288,0.9520525287423831,0.8139118488457688
513522.0,177,0.243994,0.713503,0.538581,25143,14,38,100000.0,100000.0,-315.22776601683796,-315.22776601683796
894830.0,414,0.53503,0.343332,0.73293,50732,13,20,0.00677119,0.0239586,0.9177127591907469,0.8452143417496311
247204.0,466,0.530475,0.540244,0.917842,146499,25,11,0.00909297,0.00258922,0.9046429341894372,0.9491156212576001
401202.0,123,0.812758,0.677601,0.673256,83334,41,31,0.000655252,0.0788528,0.9744021094619107,0.7191925926902925
942087.0,87,0.696537,0.382865,0.723245,185631,27,44,0.000420347,0.0465564,0.9794976342828443,0.7842306787330506
447304.0,372,0.897632,0.353584,0.658913,125369,20,23,0.00643599,0.102608,0.9197753778444547,0.6796751648716572
677121.0,397,0.844584,0.359079,0.931278,151319,15,31,0.00932001,0.00511427,0.9034598011189121,0.9284858755209854
838636.0,375,0.150046,0.535543,0.98398,48229,36,29,0.00729932,0.000127566,0.9145639420385046,0.9887054880583533
491813.0,187,0.356751,0.603762,0.692275,156071,25,50,100000.0,100000.0,-315.22776601683796,-315.22776601683796
800225.0,464,0.676289,0.244347,0.127361,169587,44,18,0.00291662,0.356541,0.945994259564376,0.4028894574703944
665587.0,429,0.418202,0.188967,0.473693,126504,34,28,0.00106664,0.0552441,0.967340545013733,0.7649593652152888
501189.0,64,0.517445,0.718811,0.0790264,151708,49,26,5.44123e-05,0.254785,0.9926235306548458,0.49523767969469035
278308.0,409,0.462139,0.530348,0.655819,146854,35,46,100000.0,100000.0,-315.22776601683796,-315.22776601683796
258889.0,17,0.347212,0.501506,0.699017,136476,50,29,0.00239682,0.107045,0.9510426716415203,0.672822678047515
359868.0,321,0.482188,0.209456,0.138297,42731,25,36,1.61012e-10,0.200542,0.9999873109496021,0.5521808400704589
506718.0,56,0.466294,0.125966,0.0401909,74902,25,32,5.37997e-08,0.49167,0.9997680523766019,0.29880815749183165
615053.0,183,0.153488,0.382386,0.294893,107493,34,44,0.00253335,0.0196782,0.949667604865256,0.8597209923046217
975224.0,177,0.133807,0.242262,0.364479,172684,17,35,0.00472544,0.015892,0.9312581641211118,0.8739365239254446
923858.0,388,0.400227,0.468582,0.65281,159692,45,12,0.00791758,0.0217322,0.9110192155575149,0.8525815479663418
805496.0,90,0.527991,0.577213,0.131519,138661,36,38,1.88209e-05,0.230539,0.9956616938789431,0.5198552301649012
409142.0,111,0.795635,0.778506,0.940684,178854,32,23,0.00802399,0.00448012,0.9104232731118177,0.9330663014618197
681681.0,334,0.155071,0.467991,0.948904,55008,42,13,0.00506187,0.000325294,0.928853179972679,0.9819640913730414
680771.0,375,0.150046,0.552113,0.98398,199999,34,22,0.0092104,9.46015e-05,0.9040291710987135,0.9902736697567891
826166.0,375,0.150046,0.535543,0.99,48229,36,29,0.00728598,0.000108746,0.9146420478221273,0.9895718649797771
822853.0,233,0.155984,0.381535,0.9379,20651,41,11,0.000414526,0.000773806,0.9796400884088363,0.9721826313250157
838636.0,345,0.150046,0.443266,0.99,48229,36,29,0.00594798,0.000143584,0.9228768517240122,0.9880173458699669
971337.0,233,0.382862,0.381535,0.9379,20651,43,11,0.00338524,0.00196173,0.9418171846676358,0.9557085787087386
817622.0,175,0.241996,0.430527,0.875028,47525,24,37,0.000832817,0.00230497,0.9711414310819126,0.9519898968965906
838636.0,375,0.150046,0.535543,0.98398,48229,36,29,0.00729932,0.000127566,0.9145639420385046,0.9887054880583533
633395.0,185,0.180217,0.74931,0.847679,190641,26,24,0.00708951,0.00129191,0.9158007719750353,0.9640568504440693
512333.0,426,0.0481705,0.202634,0.917082,67155,20,30,0.00496377,0.0015606,0.929545972435921,0.9604955698686843
634888.0,383,0.247415,0.251945,0.703981,47030,29,23,0.000579955,0.0082343,0.9759177451221859,0.9092569561894687
525768.0,311,0.134654,0.413785,0.578079,53832,38,25,0.0019422,0.00558592,0.9559296017717107,0.9252609874295894
758429.0,443,0.0722329,0.577962,0.495867,45151,15,32,0.00562192,0.0018887,0.9250205361448883,0.9565408237537801
994282.0,130,0.0481705,0.201028,0.917082,67155,27,30,0.00175423,0.00893217,0.9581164710178333,0.9054898418158133
758429.0,443,0.0722329,0.577962,0.495867,123504,15,32,0.00742427,0.00184423,0.9138357962956773,0.9570555009343455
1000000.0,110,0.28865,0.548665,0.913957,159027,33,27,0.00538907,0.0019909,0.9265897146170919,0.9553804975375118
347603.0,166,0.408347,0.789296,0.980707,113798,27,20,0.00745492,0.000517659,0.9136581214010258,0.9772478792197299
838636.0,375,0.199468,0.612377,0.98398,39250,36,29,0.00803586,0.000146421,0.9103570415481506,0.9878995454630828
602873.0,145,0.363951,0.238279,0.956794,175622,36,21,0.00243771,0.00399187,0.9506268291478054,0.9368187527821743
793032.0,383,0.247415,0.311324,0.703981,47030,14,22,0.00259123,0.00706733,0.9490958744304551,0.9159325865748208
843489.0,177,0.367788,0.757897,0.976974,45293,39,23,0.00749003,0.000569186,0.9134550405858319,0.976142380671995
347603.0,485,0.344011,0.636953,0.980707,113798,18,20,0.00938641,0.000220082,0.9031165132749652,0.9851648390638996
801186.0,193,0.357296,0.36388,0.855795,135004,31,30,0.0043721,0.0047897,0.9338781427968028,0.930792341464257
464139.0,485,0.299046,0.636953,0.980707,152256,18,20,0.0096106,0.000166889,0.9019663323138423,0.9870814474495012
498695.0,111,0.795635,0.778506,0.940684,35946,34,23,0.00349881,0.00551155,0.940849260359654,0.9257601858838534
832915.0,218,0.367788,0.757897,0.976974,45293,39,28,0.00822282,0.00046463,0.90932023378945,0.978444722224012
758429.0,443,0.115837,0.513296,0.495867,65294,15,32,0.0055547,0.00429861,0.925470140212127,0.9344362142642755
633395.0,185,0.362688,0.74931,0.847679,125090,26,29,0.00720412,0.00457856,0.9151229123968075,0.9323349425478704
518856.0,406,0.28865,0.548665,0.930827,153562,33,27,0.0089598,0.000827547,0.90534377991912,0.9712328833561652
409142.0,111,0.795635,0.737324,0.940684,100501,32,23,0.00596587,0.00517432,0.9227609554694001,0.928067253632299
497401.0,406,0.28865,0.548665,0.930827,109493,33,27,0.00847836,0.000875055,0.9079219895957781,0.9704186714294304
633395.0,185,0.280847,0.74931,0.735476,93904,26,29,0.00462736,0.00715159,0.93197529860411,0.9154329260290981
518856.0,482,0.28865,0.548665,0.930827,127510,33,27,0.00907095,0.000799057,0.9047584649430722,0.971732403710255
911343.0,449,0.535353,0.31896,0.99,116972,17,37,0.00957559,0.0003546,0.9021450563333666,0.9811691742082297
347512.0,185,0.362688,0.74931,0.805205,125090,30,28,0.00473435,0.006426,0.9311933869457303,0.9198376647046757
688305.0,185,0.01,0.288158,0.924924,115025,41,31,0.00793955,0.0029528,0.9108958474592794,0.945660327568157
688305.0,147,0.0650972,0.228168,0.924924,115025,41,31,0.00500003,0.00691492,0.9292891097496291,0.9168440020202993
409142.0,111,0.795635,0.778506,0.940684,178854,32,23,0.00802399,0.00448012,0.9104232731118177,0.9330663014618197
844703.0,175,0.116555,0.515681,0.469873,141181,26,19,0.00527723,0.00673233,0.9273554544373771,0.9179492230384136
202274.0,466,0.530475,0.540244,0.917842,107855,25,32,0.00858964,0.00269666,0.9073196892538657,0.9480706248834053
971337.0,332,0.382862,0.494916,0.840051,29630,43,11,0.00702812,0.00534878,0.9161661166353365,0.9268646460321686
409142.0,111,0.795635,0.778506,0.940684,178854,35,23,0.00802332,0.0044818,0.9104270130005703,0.9330537529057827
451655.0,185,0.362688,0.74931,0.760876,121746,26,29,0.0047464,0.0093397,0.9311058783349406,0.9033578766789554
926079.0,185,0.362688,0.689772,0.847679,125090,30,29,0.00798406,0.00468756,0.9106464326397653,0.9315342421352104
518856.0,406,0.28865,0.548665,0.930827,153562,33,23,0.00896011,0.00082761,0.9053421424286393,0.9712317883767517
940669.0,449,0.535353,0.301413,0.910309,116972,17,37,0.0089733,0.0037786,0.9052724960742657,0.9385296819595018
247204.0,466,0.530475,0.540244,0.917842,146499,25,11,0.00909297,0.00258922,0.9046429341894372,0.9491156212576001
881855.0,449,0.535353,0.301413,0.953091,124211,17,37,0.00924396,0.00153147,0.9038544852840238,0.960865999437829
994282.0,142,0.0481705,0.201028,0.917082,120458,32,26,0.00541911,0.00673389,0.9263853954707355,0.917939717280526
844703.0,173,0.0729505,0.574365,0.0834488,104361,40,42,0.00528739,0.00797467,0.9272855585182695,0.9106989921669414
677121.0,397,0.844584,0.359079,0.931278,151319,15,31,0.00932001,0.00511427,0.9034598011189121,0.9284858755209854
805502.0,383,0.247415,0.418319,0.703981,84027,14,22,0.00601091,0.00674833,0.9224699413130624,0.9178517802992664
534593.0,147,0.0650972,0.228168,0.924924,115025,41,31,0.00535524,0.00845342,0.926820494672347,0.9080575179799892
677121.0,397,0.844584,0.341532,0.931278,151319,15,31,0.00932223,0.0052193,0.9034483040024671,0.9277552770093206
677121.0,387,0.844584,0.359079,0.931278,151319,15,35,0.00933653,0.00516626,0.9033742787866502,0.9281233000201039
504885.0,496,0.289974,0.372063,0.665019,156201,44,26,0.00609705,0.0107855,0.9219163909645565,0.8961467381350012
546500.0,238,0.211933,0.560503,0.54972,192775,50,35,0.00609143,0.0113334,0.9219523863273194,0.8935415574038394
730460.0,460,0.485564,0.167357,0.817652,82456,44,18,0.00304643,0.0114949,0.944805525638883,0.8927857285619121
626186.0,70,0.141146,0.630105,0.587891,136336,14,31,0.00411614,0.0117603,0.9358428491904449,0.8915550831066757
644633.0,70,0.141146,0.630105,0.587891,136336,17,31,0.00407484,0.0118819,0.9361655265550032,0.8909958716378137
373101.0,107,0.211933,0.560503,0.58134,192775,50,33,0.00709367,0.0144585,0.9157760722834657,0.8797564970570135
621812.0,338,0.358971,0.52686,0.695532,34157,45,21,0.00408872,0.0145518,0.9360569002940896,0.8793691581725469
703186.0,460,0.566428,0.167357,0.817652,100266,44,24,0.00407778,0.014982,0.9361425023979173,0.8775990196117694
998513.0,177,0.133807,0.142599,0.612686,169794,16,35,0.00426777,0.0152105,0.9346718284351996,0.876669144169028
435534.0,329,0.485564,0.167357,0.817652,82456,44,18,3.85388e-06,0.0158161,0.9980368698463933,0.8742379230451405
975224.0,177,0.133807,0.242262,0.364479,172684,17,35,0.00472544,0.015892,0.9312581641211118,0.8739365239254446
670113.0,183,0.126055,0.460656,0.196721,107493,34,47,0.00345212,0.0162986,0.9412452555107249,0.8723340295928472
377308.0,404,0.226148,0.378912,0.494909,83633,46,31,0.00266872,0.0164155,0.9483403445617375,0.871877012210923
844703.0,173,0.116555,0.574365,0.0615932,141181,37,42,0.00517807,0.0164858,0.9280411923389499,0.8716029595356654
801186.0,266,0.357296,0.304152,0.673521,188307,36,30,0.00399497,0.0165575,0.9367942249473991,0.8713240504212229
801186.0,205,0.357296,0.304152,0.673521,188307,36,30,0.00279153,0.0178654,0.9471650683732816,0.8663384872149054
844703.0,173,0.143988,0.574365,0.159765,141181,37,41,0.00467485,0.0192196,0.9316271252615483,0.8613652280270205
615053.0,183,0.153488,0.382386,0.294893,107493,34,44,0.00253335,0.0196782,0.949667604865256,0.8597209923046217
940669.0,449,0.550562,0.301413,0.762026,137522,17,38,0.00806417,0.0204109,0.9101992761721822,0.8571332788925287
923858.0,388,0.400227,0.468582,0.65281,159692,45,12,0.00791758,0.0217322,0.9110192155575149,0.8525815479663418
923858.0,388,0.400227,0.468582,0.65281,136454,45,14,0.00773073,0.0218141,0.9120754300550751,0.8523040284909571
316625.0,496,0.289974,0.404646,0.51693,69292,43,34,0.00268858,0.0225297,0.948148481218001,0.8499010326484555
504885.0,420,0.257854,0.367755,0.456174,116231,44,26,0.00378858,0.0227199,0.9384485580997488,0.8492687822645886
894830.0,495,0.53503,0.343332,0.73293,50732,13,19,0.00731451,0.023415,0.914475091347608,0.8469803934131315
894830.0,414,0.53503,0.343332,0.73293,50732,13,20,0.00677119,0.0239586,0.9177127591907469,0.8452143417496311
822853.0,233,0.155984,0.381535,0.9379,20651,41,11,0.000414526,0.000773806,0.9796400884088363,0.9721826313250157
838636.0,345,0.150046,0.443266,0.99,48229,36,29,0.00594798,0.000143584,0.9228768517240122,0.9880173458699669
826166.0,375,0.143075,0.535543,0.99,48229,36,32,0.00719292,0.000104133,0.9151889158187445,0.9897954421947838
837076.0,200,0.0568238,0.604012,0.98398,45364,36,26,0.00385657,0.000214774,0.9378987117685953,0.9853448302636919
464139.0,485,0.124436,0.636953,0.980707,152256,18,20,0.00915323,5.96996e-05,0.9043274856607186,0.9922734483758924
790241.0,233,0.155984,0.381535,0.9379,22363,49,13,0.000393869,0.000787275,0.9801538668753835,0.9719415788042164
828206.0,375,0.150046,0.535543,0.99,110061,36,29,0.00867021,9.96956e-05,0.9068860375668611,0.9900152316000821
822853.0,233,0.155984,0.319517,0.9379,10000,26,11,3.03774e-06,0.00146036,0.9982570886425294,0.961785343125968
838636.0,345,0.150046,0.334433,0.971824,39561,35,29,0.00333453,0.000272502,0.942254610573657,0.9834923654026387
753962.0,220,0.33351,0.381535,0.99,20651,17,11,0.00136799,0.000581538,0.9630136511669508,0.9758849009954345
838636.0,375,0.0810074,0.535543,0.905093,37390,36,29,0.00535078,0.000212842,0.9268509740324589,0.9854108944756712
680771.0,375,0.150046,0.552113,0.98398,199999,34,22,0.0092104,9.46015e-05,0.9040291710987135,0.9902736697567891
826166.0,375,0.150046,0.535543,0.99,48229,36,29,0.00728598,0.000108746,0.9146420478221273,0.9895718649797771
817622.0,175,0.241996,0.430527,0.875028,47525,24,37,0.000832817,0.00230497,0.9711414310819126,0.9519898968965906
680771.0,387,0.150046,0.552113,0.99,199999,34,22,0.0092936,7.61633e-05,0.9035966805550764,0.9912728412412745
500706.0,238,0.147344,0.553431,0.54972,17230,50,32,0.000343344,0.00752782,0.9814704560228806,0.9132369894482677
971337.0,187,0.382862,0.381535,0.9379,20651,42,18,0.00148765,0.00226876,0.9614299338864969,0.9523684978191953
347603.0,143,0.288647,0.789296,0.94332,61181,26,21,0.00156389,0.000998902,0.9604539508926618,0.9683945890708568
758429.0,345,0.0985192,0.513296,0.901039,28104,15,32,0.00400871,0.000296091,0.9366856256447242,0.9827927050353636
743066.0,345,0.194822,0.46634,0.99,48229,34,41,0.00631419,0.000175277,0.920538122347883,0.9867607779684756
681681.0,334,0.155071,0.467991,0.948904,55008,42,13,0.00506187,0.000325294,0.928853179972679,0.9819640913730414
971337.0,233,0.382862,0.381535,0.9379,20651,43,11,0.00338524,0.00196173,0.9418171846676358,0.9557085787087386
838636.0,375,0.150046,0.535543,0.98398,48229,36,29,0.00729932,0.000127566,0.9145639420385046,0.9887054880583533
634888.0,383,0.247415,0.251945,0.703981,47030,29,23,0.000579955,0.0082343,0.9759177451221859,0.9092569561894687
651766.0,375,0.19305,0.552113,0.98398,200000,34,22,0.00935485,0.000121905,0.9032795264693146,0.9889589402682533
524124.0,311,0.134654,0.413785,0.827687,85883,38,25,0.00380661,0.00143305,0.9383022690854842,0.9621443531292886
602873.0,221,0.363951,0.238279,0.956794,175622,35,21,0.00425703,0.00141365,0.9347540805873654,0.9624014627944117
673619.0,383,0.247415,0.251945,0.852922,47030,37,23,0.00118757,0.00263075,0.9655388624679916,0.9487091626116321
642950.0,334,0.155071,0.467991,0.799962,55008,34,13,0.00352549,0.00161415,0.9406241631637919,0.959823514339853
681681.0,313,0.155071,0.467991,0.947449,55008,25,13,0.00462749,0.000344347,0.9319743430755718,0.9814434108737624
719615.0,147,0.213291,0.228168,0.924924,115025,41,31,0.00107582,0.00599719,0.9672003048794657,0.9225584736720667
512333.0,426,0.0481705,0.202634,0.917082,67155,20,30,0.00496377,0.0015606,0.929545972435921,0.9604955698686843
347603.0,166,0.408347,0.789296,0.980707,113798,27,20,0.00745492,0.000517659,0.9136581214010258,0.9772478792197299
838636.0,375,0.199468,0.612377,0.98398,39250,36,29,0.00803586,0.000146421,0.9103570415481506,0.9878995454630828
583678.0,489,0.0481705,0.272714,0.864959,66873,20,30,0.00540717,0.000654262,0.9264665382291843,0.9744214543024823
334049.0,111,0.838659,0.758364,0.940684,35946,34,23,0.00125334,0.00620122,0.9645974577184068,0.9212521746332002
525768.0,369,0.134654,0.413785,0.578079,39333,36,27,0.0018361,0.00514998,0.9571502625445616,0.9282366388747015
602873.0,191,0.363951,0.238279,0.928367,167184,37,14,0.00235101,0.00289881,0.9515127851903206,0.9461594019349711
681681.0,333,0.155071,0.467991,0.773702,55008,42,13,0.00363545,0.00195222,0.9397053070328739,0.9558160662683821
843489.0,177,0.367788,0.757897,0.976974,43581,38,17,0.00741332,0.000570659,0.9138993612102675,0.9761115299778323
634888.0,461,0.247415,0.251945,0.703981,47030,29,37,0.00124763,0.00749768,0.964678193704172,0.9134108551838049
633395.0,185,0.180217,0.74931,0.847679,190641,26,24,0.00708951,0.00129191,0.9158007719750353,0.9640568504440693
525768.0,311,0.134654,0.413785,0.578079,53832,38,25,0.0019422,0.00558592,0.9559296017717107,0.9252609874295894
758429.0,443,0.0722329,0.577962,0.495867,45151,15,32,0.00562192,0.0018887,0.9250205361448883,0.9565408237537801
994282.0,130,0.0481705,0.201028,0.917082,67155,27,30,0.00175423,0.00893217,0.9581164710178333,0.9054898418158133
1000000.0,110,0.28865,0.548665,0.913957,159027,33,27,0.00538907,0.0019909,0.9265897146170919,0.9553804975375118
602873.0,145,0.363951,0.238279,0.956794,175622,36,21,0.00243771,0.00399187,0.9506268291478054,0.9368187527821743
843489.0,177,0.367788,0.757897,0.976974,45293,39,23,0.00749003,0.000569186,0.9134550405858319,0.976142380671995
347603.0,485,0.344011,0.636953,0.980707,113798,18,20,0.00938641,0.000220082,0.9031165132749652,0.9851648390638996
464139.0,485,0.299046,0.636953,0.980707,152256,18,20,0.0096106,0.000166889,0.9019663323138423,0.9870814474495012
832915.0,218,0.367788,0.757897,0.976974,45293,39,28,0.00822282,0.00046463,0.90932023378945,0.978444722224012
801186.0,193,0.357296,0.308126,0.907917,135004,31,30,0.00398015,0.00287307,0.9369115699989293,0.9463989738904188
347603.0,485,0.344011,0.636953,0.980707,51966,19,20,0.00846377,0.000265894,0.908001250008492,0.9836937435320059
994282.0,130,0.0481705,0.201028,0.917082,67155,45,35,0.00174887,0.00901691,0.9581805069375536,0.9050425884935778
826166.0,393,0.150046,0.535543,0.938884,106029,36,29,0.00841854,0.000293946,0.9082473978570634,0.9828551465448082
1000000.0,112,0.28865,0.542161,0.913957,159027,39,27,0.00542441,0.00198486,0.9263494059765979,0.9554482323583003
1000000.0,207,0.432867,0.381535,0.926689,20651,43,11,0.00297625,0.00298102,0.945444981899004,0.9454012820663342
758429.0,443,0.0722329,0.577962,0.495867,123504,15,32,0.00742427,0.00184423,0.9138357962956773,0.9570555009343455
793032.0,383,0.247415,0.311324,0.703981,47030,14,22,0.00259123,0.00706733,0.9490958744304551,0.9159325865748208
801186.0,193,0.357296,0.36388,0.855795,135004,31,30,0.0043721,0.0047897,0.9338781427968028,0.930792341464257
498695.0,111,0.795635,0.778506,0.940684,35946,34,23,0.00349881,0.00551155,0.940849260359654,0.9257601858838534
518856.0,406,0.28865,0.548665,0.930827,153562,33,27,0.0089598,0.000827547,0.90534377991912,0.9712328833561652
497401.0,406,0.28865,0.548665,0.930827,109493,33,27,0.00847836,0.000875055,0.9079219895957781,0.9704186714294304
518856.0,406,0.28865,0.548665,0.930827,153562,35,31,0.00895913,0.000827663,0.905347319108226,0.9712308672358724
518856.0,406,0.28865,0.548665,0.930827,153562,33,27,0.0089598,0.000827547,0.90534377991912,0.9712328833561652
741198.0,332,0.286549,0.494916,0.840051,29630,45,11,0.0050302,0.00335293,0.9290760971181083,0.942095509673256
806605.0,193,0.344822,0.36388,0.855795,164223,31,30,0.00500559,0.00443692,0.9292498056539772,0.9333897905723154
662400.0,185,0.237843,0.74931,0.735476,86301,28,29,0.00430255,0.00530755,0.9344061740710301,0.9271470659478975
995947.0,500,0.535353,0.31896,0.99,36554,19,37,0.00897166,0.000328999,0.9052811528786378,0.9818616704186962
316202.0,421,0.35546,0.513518,0.917842,107855,25,32,0.00785321,0.00150829,0.9113816610401662,0.9611632905616349
758429.0,443,0.01,0.577962,0.349082,123504,15,28,0.00930247,0.000269359,0.9035506868868419,0.9835878398740446
634888.0,383,0.247415,0.251945,0.686331,99647,23,22,0.00215785,0.00850179,0.953547335921392,0.9077948483001085
347512.0,215,0.159993,0.74931,0.805205,125090,30,32,0.00632294,0.00195806,0.9204830835607919,0.9557500282485966
680771.0,345,0.352741,0.565606,0.99,199999,34,22,0.00964977,0.000176165,0.9017667571542097,0.9867272836239148
497401.0,388,0.28865,0.548665,0.930827,118738,33,27,0.00847164,0.000879961,0.9079584876265062,0.9703358634037665
780979.0,380,0.461242,0.542615,0.99,193053,36,29,0.00976565,0.000189416,0.9011786966287127,0.9862371514576378
595924.0,383,0.247415,0.262496,0.703981,156657,29,23,0.00417586,0.00748688,0.9353791055462709,0.9134732411331616
758429.0,443,0.115837,0.513296,0.495867,65294,15,32,0.0055547,0.00429861,0.925470140212127,0.9344362142642755
739092.0,443,0.0722329,0.577962,0.355073,85668,32,32,0.00666299,0.00295741,0.9183728599055436,0.9456179257475407
688305.0,185,0.01,0.288158,0.924924,115025,41,31,0.00793955,0.0029528,0.9108958474592794,0.945660327568157
464139.0,485,0.124436,0.636953,0.99,140205,22,15,0.00908857,4.70877e-05,0.9046660081607825,0.9931379522006911
994282.0,130,0.161395,0.56224,0.99,10000,27,32,0.000114884,0.000617834,0.9892816045977021,0.9751437331845669
860571.0,337,0.0827012,0.334433,0.971824,39561,35,29,0.00279184,0.000210958,0.947162134789528,0.9854756067252364
724711.0,225,0.33351,0.290857,0.99,20651,18,11,9.68662e-06,0.000860819,0.9968876664703152,0.970660282891616
838636.0,375,0.0456941,0.48437,0.98398,48715,36,24,0.00558621,7.28269e-05,0.925259047370267,0.9914661321781972
576329.0,203,0.155984,0.381535,0.99,22363,49,13,2.24788e-06,0.00109573,0.9985007068332044,0.9668981873608106
864137.0,130,0.248088,0.408044,0.917082,24434,42,35,1.7554e-07,0.00417977,0.9995810250604154,0.935348859252137
973634.0,177,0.167871,0.476119,0.976974,43581,38,17,0.00247952,0.000374898,0.9502052211572337,0.9806377170767494
803953.0,223,0.28203,0.381535,0.99,20651,31,16,0.0010955,0.000544175,0.9669016616731293,0.9766724411907289
464139.0,485,0.120344,0.636953,0.980707,116022,18,22,0.008717,6.37778e-05,0.9066351243775262,0.9920138995748864
822853.0,233,0.155984,0.381535,0.9379,20651,41,11,0.000414526,0.000773806,0.9796400884088363,0.9721826313250157
838636.0,345,0.150046,0.443266,0.99,48229,36,29,0.00594798,0.000143584,0.9228768517240122,0.9880173458699669
826166.0,375,0.143075,0.535543,0.99,48229,36,32,0.00719292,0.000104133,0.9151889158187445,0.9897954421947838
837076.0,200,0.0568238,0.604012,0.98398,45364,36,26,0.00385657,0.000214774,0.9378987117685953,0.9853448302636919
464139.0,485,0.124436,0.636953,0.980707,152256,18,20,0.00915323,5.96996e-05,0.9043274856607186,0.9922734483758924
790241.0,233,0.155984,0.381535,0.9379,22363,49,13,0.000393869,0.000787275,0.9801538668753835,0.9719415788042164
828206.0,375,0.150046,0.535543,0.99,110061,36,29,0.00867021,9.96956e-05,0.9068860375668611,0.9900152316000821
822853.0,233,0.155984,0.319517,0.9379,10000,26,11,3.03774e-06,0.00146036,0.9982570886425294,0.961785343125968
838636.0,345,0.150046,0.334433,0.971824,39561,35,29,0.00333453,0.000272502,0.942254610573657,0.9834923654026387
753962.0,220,0.33351,0.381535,0.99,20651,17,11,0.00136799,0.000581538,0.9630136511669508,0.9758849009954345
838636.0,375,0.0810074,0.535543,0.905093,37390,36,29,0.00535078,0.000212842,0.9268509740324589,0.9854108944756712
822853.0,233,0.155984,0.319517,0.9379,10000,26,11,3.03774e-06,0.00146036,0.9982570886425294,0.961785343125968
890543.0,233,0.155984,0.381535,0.9379,22363,49,13,0.000691338,0.00068156,0.973706692866815,0.9738932958801767
464139.0,487,0.124436,0.636953,0.980707,152256,18,20,0.00915976,5.95019e-05,0.9042933649113083,0.992286252532005
826166.0,375,0.143075,0.535543,0.99,48229,36,32,0.00719292,0.000104133,0.9151889158187445,0.9897954421947838
826166.0,385,0.143075,0.535543,0.99,48229,36,32,0.00730822,0.000101304,0.9145118721692889,0.9899350111773535
859649.0,375,0.150046,0.535543,0.99,112002,36,13,0.00875434,9.94129e-05,0.9064353699307265,0.9900293982127456
680771.0,375,0.150046,0.552113,0.98398,199999,34,22,0.0092104,9.46015e-05,0.9040291710987135,0.9902736697567891
826166.0,375,0.150046,0.535543,0.99,48229,36,29,0.00728598,0.000108746,0.9146420478221273,0.9895718649797771
680771.0,387,0.150046,0.552113,0.99,199999,34,22,0.0092936,7.61633e-05,0.9035966805550764,0.9912728412412745
347603.0,143,0.288647,0.789296,0.94332,61181,26,21,0.00156389,0.000998902,0.9604539508926618,0.9683945890708568
758429.0,345,0.0985192,0.513296,0.901039,28104,15,32,0.00400871,0.000296091,0.9366856256447242,0.9827927050353636
743066.0,345,0.194822,0.46634,0.99,48229,34,41,0.00631419,0.000175277,0.920538122347883,0.9867607779684756
347603.0,136,0.267049,0.789296,0.94332,47845,26,21,0.000503354,0.00108089,0.9775644478561369,0.9671231084194385
681681.0,261,0.159225,0.504829,0.929682,55008,22,13,0.00378817,0.000490186,0.9384518887373463,0.9778598554656931
300050.0,111,0.838659,0.611158,0.99,35946,34,23,0.000127625,0.00209079,0.988702876472305,0.954274842810549
796156.0,230,0.207463,0.493203,0.9379,20651,25,17,0.00194237,0.000757184,0.9559276730816264,0.9724830234218946
623136.0,145,0.390007,0.234855,0.99,83805,39,21,7.19775e-06,0.00695762,0.9973171377225061,0.9165876507943818
681681.0,334,0.155071,0.467991,0.948904,55008,42,13,0.00506187,0.000325294,0.928853179972679,0.9819640913730414
838636.0,375,0.150046,0.535543,0.98398,48229,36,29,0.00729932,0.000127566,0.9145639420385046,0.9887054880583533
681681.0,313,0.155071,0.467991,0.947449,55008,25,13,0.00462749,0.000344347,0.9319743430755718,0.9814434108737624
818672.0,334,0.228792,0.467991,0.974112,53972,42,17,0.00712792,0.000319009,0.9155729901038773,0.9821391769506553
784101.0,175,0.157422,0.430527,0.875028,47525,24,27,0.000708521,0.00164878,0.9733819422196134,0.959394827915646
681681.0,334,0.155071,0.467991,0.948904,55957,42,13,0.00511069,0.000324716,0.9285109099232617,0.981980122086984
1000000.0,159,0.432867,0.381535,0.911155,11695,43,11,0.000162233,0.00463948,0.9872629281229947,0.9318862715746671
838636.0,316,0.199468,0.609325,0.963932,39250,34,19,0.00719624,0.000296915,0.9151693451634375,0.9827687783369837
680771.0,326,0.150046,0.69932,0.98398,200000,34,22,0.00934738,8.66088e-05,0.9033181506176056,0.9906936150950006
971337.0,187,0.382862,0.394223,0.99,20651,38,18,0.00234639,0.000780894,0.9515604500433789,0.9720555193284971
500706.0,238,0.147344,0.553431,0.54972,17230,50,32,0.000343344,0.00752782,0.9814704560228806,0.9132369894482677
651766.0,375,0.19305,0.552113,0.98398,200000,34,22,0.00935485,0.000121905,0.9032795264693146,0.9889589402682533
817622.0,194,0.30241,0.430527,0.941365,59576,26,37,0.00357914,0.00130392,0.9401740858824539,0.9638901675440055
500706.0,238,0.147344,0.553431,0.580291,17230,50,32,0.000355487,0.00672584,0.9811456371096767,0.9179887812552453
584509.0,308,0.155071,0.445903,0.80025,55008,22,13,0.00247113,0.00179405,0.950289538324413,0.957643772594812
285664.0,379,0.21504,0.789296,0.981734,65421,27,20,0.00754406,0.000142511,0.9131434515997786,0.9880622028832787
776006.0,132,0.394049,0.443266,0.988973,96606,36,29,0.00407646,0.000884066,0.9361528387475214,0.9702667526159687
777211.0,197,0.33351,0.381535,0.99,86594,25,10,0.00491716,0.000580918,0.9298775356964688,0.9758977594402513
911912.0,360,0.382862,0.381535,0.977292,20651,43,11,0.00659649,0.00057988,0.9187812213832294,0.975919302335688
347603.0,207,0.3781,0.636953,0.941315,51966,25,12,0.0029424,0.00144903,0.9457561063344454,0.961933873325488
817622.0,175,0.222121,0.430527,0.868391,48336,27,33,0.000740317,0.00220848,0.9727912330305102,0.953005532240486
305668.0,166,0.359141,0.789296,0.980707,113133,25,20,0.00702822,0.000420536,0.9161655202198999,0.9794930255766483
817622.0,175,0.241996,0.430527,0.875028,47525,24,37,0.000832817,0.00230497,0.9711414310819126,0.9519898968965906
971337.0,187,0.382862,0.381535,0.9379,20651,42,18,0.00148765,0.00226876,0.9614299338864969,0.9523684978191953
971337.0,233,0.382862,0.381535,0.9379,20651,43,11,0.00338524,0.00196173,0.9418171846676358,0.9557085787087386
634888.0,383,0.247415,0.251945,0.703981,47030,29,23,0.000579955,0.0082343,0.9759177451221859,0.9092569561894687
524124.0,311,0.134654,0.413785,0.827687,85883,38,25,0.00380661,0.00143305,0.9383022690854842,0.9621443531292886
602873.0,221,0.363951,0.238279,0.956794,175622,35,21,0.00425703,0.00141365,0.9347540805873654,0.9624014627944117
642950.0,334,0.155071,0.467991,0.799962,55008,34,13,0.00352549,0.00161415,0.9406241631637919,0.959823514339853
347603.0,166,0.408347,0.789296,0.980707,113798,27,20,0.00745492,0.000517659,0.9136581214010258,0.9772478792197299
838636.0,375,0.199468,0.612377,0.98398,39250,36,29,0.00803586,0.000146421,0.9103570415481506,0.9878995454630828
583678.0,489,0.0481705,0.272714,0.864959,66873,20,30,0.00540717,0.000654262,0.9264665382291843,0.9744214543024823
843489.0,177,0.367788,0.757897,0.976974,43581,38,17,0.00741332,0.000570659,0.9138993612102675,0.9761115299778323
642950.0,334,0.155071,0.467991,0.769391,55008,34,13,0.00335819,0.00202498,0.9420501078516965,0.9550002222227709
801186.0,216,0.29068,0.36388,0.89727,69061,30,30,0.00269903,0.00225528,0.9480478104407524,0.9525102116239712
826166.0,467,0.150046,0.346645,0.938884,106029,34,30,0.00754519,0.000339446,0.9131369468646191,0.9815759396440416
681681.0,372,0.155071,0.471044,0.825188,63316,26,23,0.00513088,0.00126517,0.9283698387548932,0.9644307717261114
475896.0,267,0.163123,0.401097,0.827687,85883,42,25,0.00290063,0.00224189,0.9461425028431509,0.9526513991758996
837076.0,497,0.270401,0.604012,0.98398,15090,36,26,0.00814879,0.000145331,0.9097293513926038,0.9879446692289261
634888.0,383,0.269013,0.251945,0.703981,60366,29,23,0.000887255,0.009088,0.9702131740529475,0.9046689976974961
464139.0,485,0.299046,0.636953,0.980707,152256,18,20,0.0096106,0.000166889,0.9019663323138423,0.9870814474495012
719615.0,147,0.213291,0.228168,0.924924,115025,41,31,0.00107582,0.00599719,0.9672003048794657,0.9225584736720667
994282.0,130,0.161395,0.56224,0.99,10000,27,32,0.000114884,0.000617834,0.9892816045977021,0.9751437331845669
860571.0,337,0.0827012,0.334433,0.971824,39561,35,29,0.00279184,0.000210958,0.947162134789528,0.9854756067252364
724711.0,225,0.33351,0.290857,0.99,20651,18,11,9.68662e-06,0.000860819,0.9968876664703152,0.970660282891616
838636.0,375,0.0456941,0.48437,0.98398,48715,36,24,0.00558621,7.28269e-05,0.925259047370267,0.9914661321781972
290310.0,233,0.155984,0.319517,0.9379,10000,24,11,1.06339e-12,0.00609342,0.9999989687919706,0.9219396387402672
576329.0,203,0.253006,0.381535,0.99,22363,50,13,8.7859e-07,0.000980322,0.9990626686818419,0.9686899057810424
576329.0,203,0.212085,0.330385,0.99,22363,49,13,2.05723e-08,0.00214782,0.9998565695290393,0.9536554210289919
882175.0,130,0.161395,0.558191,0.99,10000,27,32,2.08089e-05,0.000798351,0.9954383226769092,0.9717448942666993
699149.0,279,0.170783,0.403582,0.99,16753,50,13,0.00079011,0.000284828,0.9718911046108176,0.9831231519530452
576329.0,295,0.141057,0.381535,0.99,22363,46,11,0.000476302,0.000328679,0.9781756557945033,0.9818704936636432
464139.0,485,0.0731501,0.636953,0.99,140205,22,15,0.00860839,2.85324e-05,0.9072185902241188,0.9946584271979125
461904.0,485,0.0612115,0.636953,0.99,140205,22,15,0.00851335,3.32547e-05,0.9077321832923311,0.9942333111753797
826166.0,194,0.143075,0.420237,0.99,26516,36,32,0.00044731,0.000399792,0.9788502955103386,0.9800052006761758
576329.0,203,0.152427,0.421081,0.99,22363,42,13,2.55124e-05,0.000716226,0.9949490198970893,0.9732376010043943
838548.0,202,0.0811633,0.576279,0.963932,27162,35,13,0.00209016,0.000250946,0.954281732316283,0.9841587247988048
417060.0,485,0.124436,0.698897,0.980707,24242,18,20,0.00554109,7.70745e-05,0.9255615018958604,0.9912207916074398
724711.0,225,0.201274,0.290857,0.99,20651,18,11,1.51505e-07,0.00121969,0.9996107635679949,0.9650759395258799
576329.0,203,0.155984,0.381535,0.99,22363,49,13,2.24788e-06,0.00109573,0.9985007068332044,0.9668981873608106
864137.0,130,0.248088,0.408044,0.917082,24434,42,35,1.7554e-07,0.00417977,0.9995810250604154,0.935348859252137
803953.0,223,0.28203,0.381535,0.99,20651,31,16,0.0010955,0.000544175,0.9669016616731293,0.9766724411907289
822853.0,233,0.155984,0.381535,0.9379,20651,41,11,0.000414526,0.000773806,0.9796400884088363,0.9721826313250157
837076.0,200,0.0568238,0.604012,0.98398,45364,36,26,0.00385657,0.000214774,0.9378987117685953,0.9853448302636919
790241.0,233,0.155984,0.381535,0.9379,22363,49,13,0.000393869,0.000787275,0.9801538668753835,0.9719415788042164
838636.0,345,0.150046,0.334433,0.971824,39561,35,29,0.00333453,0.000272502,0.942254610573657,0.9834923654026387
838636.0,375,0.0810074,0.535543,0.905093,37390,36,29,0.00535078,0.000212842,0.9268509740324589,0.9854108944756712
890543.0,233,0.155984,0.381535,0.9379,22363,49,13,0.000691338,0.00068156,0.973706692866815,0.9738932958801767
815835.0,243,0.0985192,0.513296,0.901039,10000,39,32,0.000999041,0.000587609,0.9683923901567992,0.9757593523188839
956120.0,297,0.0827012,0.334433,0.964465,39561,35,29,0.0026049,0.000275041,0.9489617790278697,0.9834156398977832
780017.0,146,0.33351,0.314123,0.954127,21340,17,11,4.74407e-10,0.00618006,0.999978219113884,0.9213866423564036
890543.0,230,0.155984,0.381535,0.9379,22363,45,16,0.000649579,0.000695018,0.9745131602586746,0.9736368059598235
822853.0,215,0.155984,0.381535,0.944284,20651,41,11,0.000227228,0.000849787,0.9849259162799193,0.9708488936745104
795634.0,177,0.161995,0.481611,0.981213,43581,38,17,0.00132669,0.000351122,0.9635762440157526,0.9812617503485518
464139.0,452,0.0586267,0.636953,0.980707,152256,17,20,0.00870165,5.29578e-05,0.9067173649600313,0.9927227889957759
890543.0,233,0.155984,0.36124,0.9379,22363,49,13,0.000495368,0.000754413,0.9777431358902473,0.972533420307581
464139.0,485,0.0807467,0.650338,0.980707,152256,20,20,0.00885007,3.67568e-05,0.9059251893437994,0.9939372613449036
1000000.0,130,0.293631,0.56224,0.99,10000,28,34,0.00061671,0.000746365,0.9751663534695365,0.9726803184498793
860571.0,391,0.0999868,0.412583,0.987609,51923,35,29,0.00570896,9.66652e-05,0.9244423398985914,0.9901681537847665
464139.0,485,0.124436,0.636953,0.99,140205,22,15,0.00908857,4.70877e-05,0.9046660081607825,0.9931379522006911
973634.0,177,0.167871,0.476119,0.976974,43581,38,17,0.00247952,0.000374898,0.9502052211572337,0.9806377170767494
464139.0,485,0.120344,0.636953,0.980707,116022,18,22,0.008717,6.37778e-05,0.9066351243775262,0.9920138995748864
838636.0,345,0.150046,0.443266,0.99,48229,36,29,0.00594798,0.000143584,0.9228768517240122,0.9880173458699669
826166.0,375,0.143075,0.535543,0.99,48229,36,32,0.00719292,0.000104133,0.9151889158187445,0.9897954421947838
822853.0,233,0.155984,0.319517,0.9379,10000,26,11,3.03774e-06,0.00146036,0.9982570886425294,0.961785343125968
753962.0,220,0.33351,0.381535,0.99,20651,17,11,0.00136799,0.000581538,0.9630136511669508,0.9758849009954345
822853.0,233,0.155984,0.319517,0.9379,10000,26,11,3.03774e-06,0.00146036,0.9982570886425294,0.961785343125968
826166.0,375,0.143075,0.535543,0.99,48229,36,32,0.00719292,0.000104133,0.9151889158187445,0.9897954421947838
826166.0,385,0.143075,0.535543,0.99,48229,36,32,0.00730822,0.000101304,0.9145118721692889,0.9899350111773535
758429.0,345,0.0985192,0.513296,0.901039,28104,15,32,0.00400871,0.000296091,0.9366856256447242,0.9827927050353636
347603.0,136,0.267049,0.789296,0.94332,47845,26,21,0.000503354,0.00108089,0.9775644478561369,0.9671231084194385
911399.0,375,0.0810074,0.535543,0.905093,37390,36,29,0.00572584,0.000212438,0.9243307195752464,0.9854247470004805
464139.0,485,0.124436,0.636953,0.99,140205,22,15,0.00908857,4.70877e-05,0.9046660081607825,0.9931379522006911
826166.0,385,0.143075,0.535543,0.99,71114,36,32,0.00798897,9.79763e-05,0.9106189617424367,0.9901017021665339
681468.0,345,0.150046,0.61658,0.99,48229,36,29,0.00683051,0.000104364,0.9173531004816272,0.9897841299929961
838636.0,371,0.139222,0.443266,0.99,48229,36,29,0.00620014,0.000124338,0.9212590322640114,0.9888493049543986
464139.0,485,0.124436,0.636953,0.99,167077,18,15,0.00932355,4.15035e-05,0.9034414685281513,0.9935576789896808
464139.0,485,0.124436,0.636953,0.980707,152256,18,20,0.00915323,5.96996e-05,0.9043274856607186,0.9922734483758924
828206.0,375,0.150046,0.535543,0.99,110061,36,29,0.00867021,9.96956e-05,0.9068860375668611,0.9900152316000821
464139.0,487,0.124436,0.636953,0.980707,152256,18,20,0.00915976,5.95019e-05,0.9042933649113083,0.992286252532005
859649.0,375,0.150046,0.535543,0.99,112002,36,13,0.00875434,9.94129e-05,0.9064353699307265,0.9900293982127456
826166.0,375,0.150046,0.535543,0.99,48229,36,29,0.00728598,0.000108746,0.9146420478221273,0.9895718649797771
347603.0,143,0.288647,0.789296,0.94332,61181,26,21,0.00156389,0.000998902,0.9604539508926618,0.9683945890708568
743066.0,345,0.194822,0.46634,0.99,48229,34,41,0.00631419,0.000175277,0.920538122347883,0.9867607779684756
681681.0,261,0.159225,0.504829,0.929682,55008,22,13,0.00378817,0.000490186,0.9384518887373463,0.9778598554656931
796156.0,230,0.207463,0.493203,0.9379,20651,25,17,0.00194237,0.000757184,0.9559276730816264,0.9724830234218946
784101.0,175,0.157422,0.430527,0.875028,47525,24,27,0.000708521,0.00164878,0.9733819422196134,0.959394827915646
796156.0,133,0.207463,0.493203,0.9379,20651,25,14,3.48192e-06,0.00187874,0.9981340096463271,0.9566555655245106
788820.0,235,0.155984,0.381535,0.86197,21674,47,13,0.000344595,0.00169502,0.9814367298139579,0.958829379407155
591336.0,487,0.124436,0.646761,0.987125,152256,18,20,0.00935466,5.05574e-05,0.9032805086862012,0.992889627295282
810457.0,291,0.186787,0.472088,0.974112,53972,24,35,0.00582814,0.000279373,0.9236577443351325,0.9832855451779007
885383.0,338,0.0985192,0.594636,0.901039,28104,33,14,0.00535488,0.000298388,0.9268229544187523,0.9827260890357742
817622.0,175,0.222121,0.430527,0.946416,59805,26,33,0.00183563,0.000860515,0.9571557471765465,0.9706654640398046
973634.0,222,0.167871,0.476119,0.976974,43581,40,17,0.00422707,0.000302627,0.9349840788729407,0.9826038222588984
680771.0,387,0.150046,0.552113,0.99,173127,34,19,0.00913788,8.17414e-05,0.9044077408991711,0.9909589049335824
681681.0,334,0.155071,0.467991,0.925908,42646,44,13,0.00416082,0.000468424,0.9354955815466879,0.9783568948623355
623136.0,145,0.390007,0.234855,0.99,83805,39,21,7.19775e-06,0.00695762,0.9973171377225061,0.9165876507943818
680771.0,387,0.150046,0.552113,0.99,199999,34,22,0.0092936,7.61633e-05,0.9035966805550764,0.9912728412412745
300050.0,111,0.838659,0.611158,0.99,35946,34,23,0.000127625,0.00209079,0.988702876472305,0.954274842810549
971337.0,187,0.382862,0.381535,0.97698,20651,48,17,0.00188401,0.00110773,0.956594815977812,0.966717421974853
825758.0,345,0.0985192,0.513296,0.858883,28104,15,32,0.0042424,0.000451145,0.934866291369215,0.978759825801091
971337.0,187,0.382862,0.394223,0.99,20651,38,18,0.00234639,0.000780894,0.9515604500433789,0.9720555193284971
994282.0,130,0.161395,0.56224,0.99,10000,27,32,0.000114884,0.000617834,0.9892816045977021,0.9751437331845669
724711.0,225,0.33351,0.290857,0.99,20651,18,11,9.68662e-06,0.000860819,0.9968876664703152,0.970660282891616
290310.0,233,0.155984,0.319517,0.9379,10000,24,11,1.06339e-12,0.00609342,0.9999989687919706,0.9219396387402672
576329.0,203,0.253006,0.381535,0.99,22363,50,13,8.7859e-07,0.000980322,0.9990626686818419,0.9686899057810424
576329.0,203,0.212085,0.330385,0.99,22363,49,13,2.05723e-08,0.00214782,0.9998565695290393,0.9536554210289919
882175.0,130,0.161395,0.558191,0.99,10000,27,32,2.08089e-05,0.000798351,0.9954383226769092,0.9717448942666993
576329.0,295,0.141057,0.381535,0.99,22363,46,11,0.000476302,0.000328679,0.9781756557945033,0.9818704936636432
464139.0,485,0.0731501,0.636953,0.99,140205,22,15,0.00860839,2.85324e-05,0.9072185902241188,0.9946584271979125
461904.0,485,0.0612115,0.636953,0.99,140205,22,15,0.00851335,3.32547e-05,0.9077321832923311,0.9942333111753797
576329.0,203,0.152427,0.421081,0.99,22363,42,13,2.55124e-05,0.000716226,0.9949490198970893,0.9732376010043943
724711.0,225,0.201274,0.290857,0.99,20651,18,11,1.51505e-07,0.00121969,0.9996107635679949,0.9650759395258799
461904.0,485,0.0612115,0.636953,0.99,36096,22,15,0.00524885,3.52028e-05,0.9275510524576098,0.994066805245064
465706.0,233,0.155984,0.67234,0.987957,10000,22,11,0.000664289,0.000259721,0.9742261954690427,0.9838841382482971
424555.0,203,0.152427,0.556135,0.99,22363,40,25,0.000147509,0.000497738,0.9878546716800245,0.9776899574182387
734087.0,279,0.170783,0.339328,0.99,16753,50,13,0.00029915,0.000395897,0.9827040467160668,0.9801028393985474
790241.0,230,0.155984,0.381535,0.99,22363,49,13,0.000404651,0.000374672,0.9798840610460262,0.9806435540452283
428015.0,345,0.194822,0.46634,0.99,46528,34,41,0.0033261,0.000178964,0.9423276496057252,0.9866222572905591
795634.0,177,0.133689,0.66493,0.981213,22305,38,16,0.00174751,0.000230851,0.9581967704596882,0.9848062183772439
417060.0,485,0.152742,0.515578,0.980707,24242,23,20,0.00391144,0.000130969,0.937458493782129,0.988555831179155
860571.0,356,0.0827012,0.334433,0.971824,26490,35,29,0.00219663,0.000196886,0.9531317804904005,0.9859683928219181
860571.0,337,0.0827012,0.334433,0.971824,39561,35,29,0.00279184,0.000210958,0.947162134789528,0.9854756067252364
838636.0,375,0.0456941,0.48437,0.98398,48715,36,24,0.00558621,7.28269e-05,0.925259047370267,0.9914661321781972
699149.0,279,0.170783,0.403582,0.99,16753,50,13,0.00079011,0.000284828,0.9718911046108176,0.9831231519530452
826166.0,194,0.143075,0.420237,0.99,26516,36,32,0.00044731,0.000399792,0.9788502955103386,0.9800052006761758
838548.0,202,0.0811633,0.576279,0.963932,27162,35,13,0.00209016,0.000250946,0.954281732316283,0.9841587247988048
417060.0,485,0.124436,0.698897,0.980707,24242,18,20,0.00554109,7.70745e-05,0.9255615018958604,0.9912207916074398
576329.0,203,0.155984,0.381535,0.99,22363,49,13,2.24788e-06,0.00109573,0.9985007068332044,0.9668981873608106
780017.0,146,0.33351,0.314123,0.954127,21340,17,11,4.74407e-10,0.00618006,0.999978219113884,0.9213866423564036
926843.0,130,0.161395,0.558191,0.99,10000,27,32,4.42156e-05,0.000720132,0.9933505188172309,0.973164724707952
780017.0,146,0.33351,0.314123,0.954127,21340,17,11,4.74407e-10,0.00618006,0.999978219113884,0.9213866423564036
744975.0,391,0.0742857,0.616298,0.987609,50869,35,32,0.00664411,4.90041e-05,0.9184885897557894,0.992999707148983
576329.0,203,0.152427,0.421081,0.966078,13467,42,28,9.66957e-07,0.00125765,0.9990166602825066,0.9645366386251951
956120.0,297,0.0827012,0.398687,0.964465,70555,35,33,0.0048729,0.000165702,0.9301938398133803,0.9871274711109277
464139.0,485,0.0807467,0.615468,0.980707,112645,20,20,0.00809682,4.25699e-05,0.9100176684009578,0.9934754387120666
789971.0,112,0.207463,0.493203,0.9379,20651,39,14,9.80003e-08,0.00390119,0.999686950003993,0.9375404931175405
576329.0,203,0.155984,0.381535,0.99,22363,49,13,2.24788e-06,0.00109573,0.9985007068332044,0.9668981873608106
464139.0,485,0.0807467,0.606453,0.99,151894,20,20,0.00875023,3.10456e-05,0.9064573359370175,0.9944281421410808
417060.0,485,0.124436,0.693703,0.959369,24604,18,20,0.0053824,0.000129622,0.9266351582840936,0.9886148342128891
676003.0,203,0.1068,0.421081,0.99,22363,42,13,0.000173008,0.000595251,0.9868467494511812,0.9756022337088003
419419.0,253,0.124436,0.698897,0.954086,22413,18,13,0.00143085,0.000282916,0.9621734220421673,0.9831798929848826
864137.0,130,0.248088,0.408044,0.917082,24434,42,35,1.7554e-07,0.00417977,0.9995810250604154,0.935348859252137
822853.0,233,0.155984,0.381535,0.9379,20651,41,11,0.000414526,0.000773806,0.9796400884088363,0.9721826313250157
837076.0,200,0.0568238,0.604012,0.98398,45364,36,26,0.00385657,0.000214774,0.9378987117685953,0.9853448302636919
790241.0,233,0.155984,0.381535,0.9379,22363,49,13,0.000393869,0.000787275,0.9801538668753835,0.9719415788042164
838636.0,345,0.150046,0.334433,0.971824,39561,35,29,0.00333453,0.000272502,0.942254610573657,0.9834923654026387
838636.0,375,0.0810074,0.535543,0.905093,37390,36,29,0.00535078,0.000212842,0.9268509740324589,0.9854108944756712
890543.0,233,0.155984,0.381535,0.9379,22363,49,13,0.000691338,0.00068156,0.973706692866815,0.9738932958801767
956120.0,297,0.0827012,0.334433,0.964465,39561,35,29,0.0026049,0.000275041,0.9489617790278697,0.9834156398977832
890543.0,230,0.155984,0.381535,0.9379,22363,45,16,0.000649579,0.000695018,0.9745131602586746,0.9736368059598235
822853.0,215,0.155984,0.381535,0.944284,20651,41,11,0.000227228,0.000849787,0.9849259162799193,0.9708488936745104
795634.0,177,0.161995,0.481611,0.981213,43581,38,17,0.00132669,0.000351122,0.9635762440157526,0.9812617503485518
464139.0,452,0.0586267,0.636953,0.980707,152256,17,20,0.00870165,5.29578e-05,0.9067173649600313,0.9927227889957759
890543.0,233,0.155984,0.36124,0.9379,22363,49,13,0.000495368,0.000754413,0.9777431358902473,0.972533420307581
464139.0,485,0.0807467,0.650338,0.980707,152256,20,20,0.00885007,3.67568e-05,0.9059251893437994,0.9939372613449036
1000000.0,130,0.293631,0.56224,0.99,10000,28,34,0.00061671,0.000746365,0.9751663534695365,0.9726803184498793
822853.0,233,0.155984,0.319517,0.9379,10000,26,11,3.03774e-06,0.00146036,0.9982570886425294,0.961785343125968
822853.0,233,0.155984,0.319517,0.9379,10000,26,11,3.03774e-06,0.00146036,0.9982570886425294,0.961785343125968
464139.0,452,0.0586267,0.636953,0.983218,152256,16,16,0.00870657,4.95036e-05,0.9066909972189179,0.9929641205240567
1000000.0,130,0.293631,0.477468,0.99,10000,28,31,4.8063e-05,0.000994562,0.9930672516272404,0.9684633229397897
552746.0,365,0.0806102,0.717001,0.971134,132167,22,25,0.00822684,5.81981e-05,0.9092980705828151,0.9923712320785071
838636.0,373,0.150046,0.334433,0.981398,39561,35,26,0.00400109,0.000213288,0.9367458301769757,0.9853956170962276
860571.0,418,0.0999868,0.409253,0.987609,51923,35,29,0.00603205,9.1173e-05,0.9223337267535,0.9904515446275327
1000000.0,180,0.155984,0.381535,0.946948,20651,40,11,0.00017263,0.000941003,0.9868611263800887,0.9693242278010805
795634.0,177,0.161995,0.500406,0.978549,43581,40,17,0.00155818,0.000347579,0.9605262112282087,0.9813565292930743
624741.0,179,0.317736,0.330385,0.99,46776,49,10,4.37035e-06,0.00112092,0.9979094617917866,0.9665198566311314
390239.0,500,0.145026,0.694855,0.980707,22911,18,20,0.00562892,9.1409e-05,0.9249738712180883,0.9904391945945962
464139.0,485,0.0807467,0.650338,0.980707,152256,20,16,0.00884961,3.67652e-05,0.9059276342383162,0.9939365686282435
874198.0,297,0.143362,0.334433,0.968969,39561,35,29,0.0023595,0.000310984,0.9514253152351968,0.9823652615556681
732111.0,500,0.124436,0.698897,0.980707,24242,18,20,0.00782124,6.77008e-05,0.9115622252654444,0.9917719504133725
727511.0,195,0.1964,0.583332,0.99,48229,36,29,0.00376098,0.000251506,0.9386731706347051,0.9841410593039762
699149.0,279,0.170783,0.403582,0.966689,16753,46,11,0.000715264,0.000440642,0.9732555800212456,0.9790085255401151
552583.0,350,0.0985192,0.513296,0.914138,28104,15,30,0.00259424,0.00027642,0.949066317627723,0.9833741165648258
796156.0,133,0.207463,0.493203,0.9379,20651,25,14,3.48192e-06,0.00187874,0.9981340096463271,0.9566555655245106
464139.0,485,0.124436,0.636953,0.99,167077,18,15,0.00932355,4.15035e-05,0.9034414685281513,0.9935576789896808
860571.0,391,0.0999868,0.412583,0.987609,51923,35,29,0.00570896,9.66652e-05,0.9244423398985914,0.9901681537847665
758429.0,345,0.0985192,0.513296,0.901039,28104,15,32,0.00400871,0.000296091,0.9366856256447242,0.9827927050353636
973634.0,177,0.167871,0.476119,0.976974,43581,38,17,0.00247952,0.000374898,0.9502052211572337,0.9806377170767494
815835.0,190,0.15327,0.513296,0.914658,10000,39,30,0.000330457,0.00107436,0.9818215237162187,0.9672225687400614
464139.0,485,0.120344,0.636953,0.980707,116022,18,22,0.008717,6.37778e-05,0.9066351243775262,0.9920138995748864
822853.0,177,0.168112,0.381535,0.944284,24927,40,11,3.00818e-05,0.00128608,0.9945153122240186,0.9641380424404914
290310.0,233,0.155984,0.319517,0.9379,10000,24,11,1.06339e-12,0.00609342,0.9999989687919706,0.9219396387402672
576329.0,203,0.253006,0.381535,0.99,22363,50,13,8.7859e-07,0.000980322,0.9990626686818419,0.9686899057810424
576329.0,295,0.141057,0.381535,0.99,22363,46,11,0.000476302,0.000328679,0.9781756557945033,0.9818704936636432
464139.0,485,0.0731501,0.636953,0.99,140205,22,15,0.00860839,2.85324e-05,0.9072185902241188,0.9946584271979125
461904.0,485,0.0612115,0.636953,0.99,140205,22,15,0.00851335,3.32547e-05,0.9077321832923311,0.9942333111753797
724711.0,225,0.201274,0.290857,0.99,20651,18,11,1.51505e-07,0.00121969,0.9996107635679949,0.9650759395258799
461904.0,485,0.0612115,0.636953,0.99,36096,22,15,0.00524885,3.52028e-05,0.9275510524576098,0.994066805245064
465706.0,233,0.155984,0.67234,0.987957,10000,22,11,0.000664289,0.000259721,0.9742261954690427,0.9838841382482971
424555.0,203,0.152427,0.556135,0.99,22363,40,25,0.000147509,0.000497738,0.9878546716800245,0.9776899574182387
734087.0,279,0.170783,0.339328,0.99,16753,50,13,0.00029915,0.000395897,0.9827040467160668,0.9801028393985474
790241.0,230,0.155984,0.381535,0.99,22363,49,13,0.000404651,0.000374672,0.9798840610460262,0.9806435540452283
860571.0,356,0.0827012,0.334433,0.971824,26490,35,29,0.00219663,0.000196886,0.9531317804904005,0.9859683928219181
417060.0,342,0.152742,0.515578,0.972039,24861,21,20,0.00158908,0.000222462,0.9601367337013135,0.9850848399271077
290310.0,343,0.155984,0.319517,0.984293,10000,17,11,5.57356e-10,0.00138471,0.9999763916116603,0.9627883082889261
390239.0,500,0.145026,0.485193,0.980707,22911,22,20,0.00316136,0.000128283,0.9437740273538999,0.9886737914552133
365396.0,233,0.155984,0.319517,0.99,10000,24,12,3.01114e-12,0.00400222,0.9999982647363312,0.9367368985900943
290310.0,214,0.210464,0.286357,0.99,10000,24,11,2.5826e-14,0.00784729,0.9999998392953019,0.9114150690015508
790849.0,217,0.14371,0.567335,0.99,16753,50,13,0.00166011,0.000206246,0.9592555525255281,0.985638732646455
790241.0,230,0.155984,0.381535,0.99,10000,49,13,0.000100681,0.000569361,0.9899660077735729,0.9761387133624359
724711.0,225,0.201274,0.290857,0.99,20651,18,11,1.51505e-07,0.00121969,0.9996107635679949,0.9650759395258799
407359.0,233,0.155984,0.703885,0.987957,10000,25,11,0.000581193,0.000301213,0.9758920552514322,0.982644510954744
461904.0,445,0.0612115,0.577523,0.99,17842,27,15,0.00316662,7.06411e-05,0.9437272712586283,0.9915951740053704
724711.0,252,0.201274,0.290857,0.99,20651,18,11,7.62736e-06,0.000627838,0.9972382324500422,0.974943304288075
513291.0,216,0.282728,0.381535,0.99,22363,50,21,9.29331e-07,0.000915674,0.999035981846644,0.9697398942500195
994282.0,130,0.161395,0.56224,0.99,10000,27,32,0.000114884,0.000617834,0.9892816045977021,0.9751437331845669
724711.0,225,0.33351,0.290857,0.99,20651,18,11,9.68662e-06,0.000860819,0.9968876664703152,0.970660282891616
576329.0,203,0.212085,0.330385,0.99,22363,49,13,2.05723e-08,0.00214782,0.9998565695290393,0.9536554210289919
882175.0,130,0.161395,0.558191,0.99,10000,27,32,2.08089e-05,0.000798351,0.9954383226769092,0.9717448942666993
576329.0,203,0.152427,0.421081,0.99,22363,42,13,2.55124e-05,0.000716226,0.9949490198970893,0.9732376010043943
428015.0,345,0.194822,0.46634,0.99,46528,34,41,0.0033261,0.000178964,0.9423276496057252,0.9866222572905591
795634.0,177,0.133689,0.66493,0.981213,22305,38,16,0.00174751,0.000230851,0.9581967704596882,0.9848062183772439
860571.0,337,0.0827012,0.334433,0.971824,39561,35,29,0.00279184,0.000210958,0.947162134789528,0.9854756067252364
699149.0,279,0.170783,0.403582,0.99,16753,50,13,0.00079011,0.000284828,0.9718911046108176,0.9831231519530452
417060.0,485,0.124436,0.698897,0.980707,24242,18,20,0.00554109,7.70745e-05,0.9255615018958604,0.9912207916074398
576329.0,203,0.155984,0.381535,0.99,22363,49,13,2.24788e-06,0.00109573,0.9985007068332044,0.9668981873608106
780017.0,146,0.33351,0.314123,0.954127,21340,17,11,4.74407e-10,0.00618006,0.999978219113884,0.9213866423564036
780017.0,146,0.33351,0.314123,0.954127,21340,17,11,4.74407e-10,0.00618006,0.999978219113884,0.9213866423564036
744975.0,391,0.0742857,0.616298,0.987609,50869,35,32,0.00664411,4.90041e-05,0.9184885897557894,0.992999707148983
576329.0,203,0.152427,0.421081,0.966078,13467,42,28,9.66957e-07,0.00125765,0.9990166602825066,0.9645366386251951
464139.0,485,0.0807467,0.615468,0.980707,112645,20,20,0.00809682,4.25699e-05,0.9100176684009578,0.9934754387120666
576329.0,203,0.155984,0.381535,0.99,22363,49,13,2.24788e-06,0.00109573,0.9985007068332044,0.9668981873608106
464139.0,485,0.0807467,0.606453,0.99,151894,20,20,0.00875023,3.10456e-05,0.9064573359370175,0.9944281421410808
419419.0,253,0.124436,0.698897,0.954086,22413,18,13,0.00143085,0.000282916,0.9621734220421673,0.9831798929848826
860571.0,499,0.0827012,0.334433,0.980493,25871,35,29,0.00409837,9.50959e-05,0.935981487052572,0.9902482873299097
576329.0,203,0.212085,0.35459,0.99,27054,50,13,6.85815e-07,0.00126135,0.9991718605189945,0.9644845104215076
576329.0,203,0.152427,0.421081,0.99,22363,42,13,2.55124e-05,0.000716226,0.9949490198970893,0.9732376010043943
838548.0,202,0.0811633,0.634422,0.99,43539,35,10,0.00359706,0.000120997,0.9400245050041269,0.9890001363644816
461904.0,466,0.0612115,0.626176,0.99,140205,22,15,0.00846539,4.15248e-05,0.9079924459623016,0.9935560260708163
699149.0,338,0.170783,0.403582,0.99,16753,46,11,0.00194595,0.000214769,0.9558870767234816,0.9853450008529512
676003.0,203,0.157274,0.421081,0.984581,22363,36,13,0.000120161,0.000577776,0.9890382027021113,0.9759630284769483
576329.0,203,0.212085,0.330385,0.99,19438,49,13,4.86939e-09,0.00236505,0.99993021898539,0.95136822026699
699149.0,279,0.105856,0.403582,0.99,16753,47,13,0.000672553,0.000288206,0.9740663731807524,0.9830233690032445
419419.0,253,0.124436,0.698609,0.954086,22413,18,13,0.00142922,0.000283151,0.9621949738791256,0.9831729087480932
822853.0,149,0.155984,0.568836,0.98181,20651,41,11,0.000359127,0.000481907,0.9810493535730308,0.9780476197190373
464139.0,452,0.0586267,0.636953,0.983218,102992,16,18,0.00766716,4.38314e-05,0.9124376793363721,0.9933794713202041
813763.0,355,0.0456941,0.48437,0.986506,47017,40,29,0.00528201,9.00942e-05,0.9273225619603993,0.9905082035420053
417060.0,485,0.152742,0.490016,0.980707,24242,23,28,0.00355443,0.000136821,0.9403809594173137,0.9883029490896209
597332.0,130,0.161395,0.56224,0.99,12032,24,16,3.06111e-08,0.00189723,0.9998250397187931,0.9564427962329995
603429.0,233,0.155984,0.319517,0.9379,10000,24,28,1.80211e-09,0.0026854,0.9999575487338234,0.9481791547733925
699149.0,279,0.201861,0.352853,0.99,16753,50,17,0.000405788,0.000397083,0.9798558196989801,0.9800730584383854
576329.0,203,0.221928,0.342285,0.99,22363,50,13,3.49264e-08,0.00180657,0.9998131139384545,0.9574962354608442
417060.0,485,0.124436,0.698897,0.984969,24242,18,20,0.00556952,6.82685e-05,0.9253707832012154,0.9917375245840002
724711.0,225,0.201274,0.290857,0.964748,24106,18,11,5.46493e-07,0.00145669,0.9992607483513715,0.9618333915575408
619362.0,485,0.0586267,0.636953,0.980707,152256,19,18,0.00879822,2.89305e-05,0.9062011727152199,0.9946212919766918
640411.0,177,0.133689,0.583061,0.981213,13382,44,18,0.000208146,0.000514065,0.9855727341467623,0.9773269984342611
579377.0,466,0.0955867,0.761473,0.99,151894,17,14,0.00935252,3.11352e-05,0.9032915722390236,0.9944201075279178
780017.0,146,0.208435,0.314123,0.910285,21277,18,11,1.27815e-09,0.00790078,0.9999642487762447,0.9111136680923326
796156.0,95,0.254913,0.553965,0.9379,20651,25,14,6.4473e-08,0.00462383,0.9997460846597781,0.9320012500114891
789971.0,112,0.207463,0.493203,0.9379,20651,39,14,9.80003e-08,0.00390119,0.999686950003993,0.9375404931175405
724711.0,230,0.19805,0.290857,0.943607,20651,25,12,2.22693e-07,0.00206006,0.999528096408151,0.9546121161541982
732111.0,496,0.124436,0.698897,0.980824,17125,18,20,0.00746157,6.82884e-05,0.9136196202833073,0.9917363204321561
838636.0,375,0.0456941,0.48437,0.98398,48715,36,24,0.00558621,7.28269e-05,0.925259047370267,0.9914661321781972
417060.0,485,0.152742,0.515578,0.980707,24242,23,20,0.00391144,0.000130969,0.937458493782129,0.988555831179155
417060.0,485,0.124436,0.693703,0.959369,24604,18,20,0.0053824,0.000129622,0.9266351582840936,0.9886148342128891
838548.0,202,0.0811633,0.576279,0.963932,27162,35,13,0.00209016,0.000250946,0.954281732316283,0.9841587247988048
838636.0,373,0.0995721,0.245866,0.986817,28710,41,26,0.00105511,0.000317736,0.9675175431963652,0.9821748492292491
826166.0,194,0.143075,0.420237,0.99,26516,36,32,0.00044731,0.000399792,0.9788502955103386,0.9800052006761758
356460.0,390,0.220433,0.565317,0.980707,16596,18,20,0.00262807,0.000232994,0.9487352947926159,0.9847358590153261
732111.0,500,0.124436,0.698897,0.980707,24242,18,20,0.00782124,6.77008e-05,0.9115622252654444,0.9917719504133725
725757.0,253,0.124436,0.698897,0.954086,10095,18,13,0.00295038,0.000213049,0.9456825994730971,0.9854038018648691
290310.0,233,0.155984,0.319517,0.9379,10000,24,11,1.06339e-12,0.00609342,0.9999989687919706,0.9219396387402672
576329.0,203,0.253006,0.381535,0.99,22363,50,13,8.7859e-07,0.000980322,0.9990626686818419,0.9686899057810424
576329.0,295,0.141057,0.381535,0.99,22363,46,11,0.000476302,0.000328679,0.9781756557945033,0.9818704936636432
464139.0,485,0.0731501,0.636953,0.99,140205,22,15,0.00860839,2.85324e-05,0.9072185902241188,0.9946584271979125
461904.0,485,0.0612115,0.636953,0.99,140205,22,15,0.00851335,3.32547e-05,0.9077321832923311,0.9942333111753797
724711.0,225,0.201274,0.290857,0.99,20651,18,11,1.51505e-07,0.00121969,0.9996107635679949,0.9650759395258799
461904.0,485,0.0612115,0.636953,0.99,36096,22,15,0.00524885,3.52028e-05,0.9275510524576098,0.994066805245064
465706.0,233,0.155984,0.67234,0.987957,10000,22,11,0.000664289,0.000259721,0.9742261954690427,0.9838841382482971
424555.0,203,0.152427,0.556135,0.99,22363,40,25,0.000147509,0.000497738,0.9878546716800245,0.9776899574182387
734087.0,279,0.170783,0.339328,0.99,16753,50,13,0.00029915,0.000395897,0.9827040467160668,0.9801028393985474
290310.0,343,0.155984,0.319517,0.984293,10000,17,11,5.57356e-10,0.00138471,0.9999763916116603,0.9627883082889261
365396.0,233,0.155984,0.319517,0.99,10000,24,12,3.01114e-12,0.00400222,0.9999982647363312,0.9367368985900943
290310.0,214,0.210464,0.286357,0.99,10000,24,11,2.5826e-14,0.00784729,0.9999998392953019,0.9114150690015508
724711.0,225,0.201274,0.290857,0.99,20651,18,11,1.51505e-07,0.00121969,0.9996107635679949,0.9650759395258799
407359.0,233,0.155984,0.703885,0.987957,10000,25,11,0.000581193,0.000301213,0.9758920552514322,0.982644510954744
461904.0,445,0.0612115,0.577523,0.99,17842,27,15,0.00316662,7.06411e-05,0.9437272712586283,0.9915951740053704
724711.0,252,0.201274,0.290857,0.99,20651,18,11,7.62736e-06,0.000627838,0.9972382324500422,0.974943304288075
513291.0,216,0.282728,0.381535,0.99,22363,50,21,9.29331e-07,0.000915674,0.999035981846644,0.9697398942500195
558048.0,177,0.133689,0.583061,0.988594,13382,44,18,8.05058e-05,0.000567768,0.9910274975619953,0.9761721171733618
461904.0,500,0.0612115,0.636953,0.99,140205,20,15,0.00855181,2.90594e-05,0.9075240031143216,0.994609322862571
365396.0,233,0.178425,0.319517,0.99,10000,41,12,1.26838e-12,0.0041298,0.9999988737762212,0.9357364800217106
481609.0,343,0.155984,0.518078,0.99,10000,17,11,0.00145458,0.000143264,0.9618610435381354,0.9880307059523128
295371.0,414,0.155984,0.226264,0.99,10000,40,12,4.39702e-12,0.00259845,0.9999979030927536,0.9490250061304565
724711.0,225,0.201274,0.320396,0.99,20651,18,11,4.95553e-06,0.000686435,0.997773898025696,0.9738000954200211
611438.0,203,0.253006,0.381535,0.99,10000,21,13,5.8746e-08,0.0013076,0.9997576242586396,0.9638392477954344
461904.0,452,0.0612115,0.679269,0.99,36096,50,15,0.00521183,3.68302e-05,0.9278069947986649,0.9939312109939461
392572.0,233,0.149615,0.611202,0.987957,10000,24,16,0.000205403,0.00042025,0.9856681124760205,0.9795
465706.0,231,0.155984,0.67234,0.987418,11557,15,13,0.000861035,0.000168391,0.9706566021054139,0.9870234442165882
461904.0,445,0.0612115,0.577523,0.99,10753,27,15,0.00252077,8.04619e-05,0.9497927296101452,0.9910299442588131
530672.0,179,0.155984,0.67234,0.987957,17089,22,11,0.000390576,0.000347399,0.9802370042756671,0.9813613573455576
603273.0,249,0.186131,0.33659,0.988741,20651,18,15,1.4116e-05,0.000589678,0.996242873438384,0.9757167135667348
790241.0,230,0.155984,0.381535,0.99,22363,49,13,0.000404651,0.000374672,0.9798840610460262,0.9806435540452283
860571.0,356,0.0827012,0.334433,0.971824,26490,35,29,0.00219663,0.000196886,0.9531317804904005,0.9859683928219181
790849.0,217,0.14371,0.567335,0.99,16753,50,13,0.00166011,0.000206246,0.9592555525255281,0.985638732646455
790241.0,230,0.155984,0.381535,0.99,10000,49,13,0.000100681,0.000569361,0.9899660077735729,0.9761387133624359
576329.0,203,0.212085,0.330385,0.99,22363,49,13,2.05723e-08,0.00214782,0.9998565695290393,0.9536554210289919
699149.0,279,0.170783,0.403582,0.99,16753,50,13,0.00079011,0.000284828,0.9718911046108176,0.9831231519530452
780017.0,146,0.33351,0.314123,0.954127,21340,17,11,4.74407e-10,0.00618006,0.999978219113884,0.9213866423564036
780017.0,146,0.33351,0.314123,0.954127,21340,17,11,4.74407e-10,0.00618006,0.999978219113884,0.9213866423564036
744975.0,391,0.0742857,0.616298,0.987609,50869,35,32,0.00664411,4.90041e-05,0.9184885897557894,0.992999707148983
464139.0,485,0.0807467,0.615468,0.980707,112645,20,20,0.00809682,4.25699e-05,0.9100176684009578,0.9934754387120666
464139.0,485,0.0807467,0.606453,0.99,151894,20,20,0.00875023,3.10456e-05,0.9064573359370175,0.9944281421410808
576329.0,203,0.212085,0.35459,0.99,27054,50,13,6.85815e-07,0.00126135,0.9991718605189945,0.9644845104215076
461904.0,466,0.0612115,0.626176,0.99,140205,22,15,0.00846539,4.15248e-05,0.9079924459623016,0.9935560260708163
699149.0,279,0.105856,0.403582,0.99,16753,47,13,0.000672553,0.000288206,0.9740663731807524,0.9830233690032445
464139.0,452,0.0586267,0.636953,0.983218,102992,16,18,0.00766716,4.38314e-05,0.9124376793363721,0.9933794713202041
597332.0,130,0.161395,0.56224,0.99,12032,24,16,3.06111e-08,0.00189723,0.9998250397187931,0.9564427962329995
603429.0,233,0.155984,0.319517,0.9379,10000,24,28,1.80211e-09,0.0026854,0.9999575487338234,0.9481791547733925
576329.0,203,0.221928,0.342285,0.99,22363,50,13,3.49264e-08,0.00180657,0.9998131139384545,0.9574962354608442
619362.0,485,0.0586267,0.636953,0.980707,152256,19,18,0.00879822,2.89305e-05,0.9062011727152199,0.9946212919766918
640411.0,177,0.133689,0.583061,0.981213,13382,44,18,0.000208146,0.000514065,0.9855727341467623,0.9773269984342611
724711.0,282,0.201274,0.328064,0.99,20651,18,11,0.000540065,0.00034571,0.9767607013875204,0.9814067216446373
738675.0,391,0.0742857,0.604547,0.987609,50869,35,12,0.00652017,5.00392e-05,0.9192524303771314,0.9929261608726236
658125.0,252,0.201274,0.290857,0.99,20651,23,31,9.44404e-07,0.00094321,0.9990281954929102,0.9692882758543256
450591.0,485,0.0612115,0.636953,0.99,140205,22,15,0.00853578,3.57589e-05,0.9076107149069763,0.9940201254193755
603429.0,233,0.165195,0.319517,0.957556,10000,22,28,1.99396e-09,0.00231182,0.9999553462207647,0.9519186106689916
719143.0,219,0.125112,0.381535,0.99,22363,49,13,0.000169129,0.000542986,0.9869950394079797,0.976697940005227
647427.0,214,0.253006,0.381535,0.99,22363,50,13,6.33581e-05,0.000598618,0.9920402198522823,0.9755333287920077
737550.0,216,0.132894,0.381535,0.99,22363,49,21,0.000171561,0.000530225,0.9869018703625289,0.9769733849643505
407359.0,396,0.109758,0.703885,0.99,10000,25,11,0.00258055,8.20833e-05,0.9492008858344951,0.9909400165563065
417060.0,485,0.117292,0.698897,0.985838,24242,18,19,0.00545652,6.23821e-05,0.9261317388860412,0.992101766020179
419419.0,249,0.124436,0.702799,0.956514,22413,18,10,0.00138093,0.000279797,0.9628391334869597,0.9832728663543332
782014.0,318,0.0456941,0.553468,0.984506,48715,14,24,0.0053802,6.51676e-05,0.9266501533743935,0.9919273548325224
724711.0,252,0.201274,0.290857,0.989474,20651,40,11,6.80757e-06,0.000788797,0.9973908679604129,0.9719144699177673
513181.0,445,0.0612115,0.514961,0.99,17842,37,15,0.00294835,8.16622e-05,0.9457012891497413,0.9909632859954517
469641.0,230,0.155984,0.481026,0.99,10000,41,13,1.98334e-05,0.000659942,0.995546529443232,0.9743106636909398
860571.0,294,0.142083,0.281948,0.99,26490,35,29,0.000565047,0.000341245,0.9762292827201197,0.9815271821315751
790241.0,292,0.0955574,0.350549,0.971247,10000,49,13,0.000347007,0.000462093,0.9813718761009059,0.9785036514728663
461904.0,466,0.0612115,0.626176,0.99,140205,22,17,0.0084655,4.14968e-05,0.9079918481872394,0.9935581990095936
619362.0,477,0.0586267,0.636953,0.980707,155692,19,13,0.00879808,2.93718e-05,0.9062019189961756,0.994580424370857
860571.0,356,0.0827012,0.334433,0.971824,26490,35,29,0.00219663,0.000196886,0.9531317804904005,0.9859683928219181
724711.0,225,0.177088,0.290857,0.99,20450,18,11,1.97115e-07,0.00126555,0.9995560236492784,0.9644254304312758
603429.0,233,0.158094,0.319517,0.955018,10000,24,23,1.8611e-09,0.00240289,0.9999568595317596,0.9509807180795149
640411.0,209,0.133689,0.675772,0.981213,18573,44,15,0.00148533,0.000210709,0.96146002075766,0.9854841810427383
742021.0,146,0.208435,0.314123,0.910285,21277,18,11,7.15998e-10,0.00842582,0.9999732418610513,0.9082077345306262
579377.0,466,0.0955867,0.761473,0.99,151894,17,14,0.00935252,3.11352e-05,0.9032915722390236,0.9944201075279178
780017.0,146,0.208435,0.314123,0.910285,21277,18,11,1.27815e-09,0.00790078,0.9999642487762447,0.9111136680923326
400990.0,225,0.201274,0.290857,0.99,22772,12,11,2.38073e-09,0.00285383,0.9999512072751324,0.9465787495466458
744975.0,373,0.0894285,0.616298,0.988868,50869,38,30,0.00669835,5.97613e-05,0.9181565518810455,0.9922694566814486
461904.0,449,0.0683557,0.613525,0.989131,140205,22,16,0.00831393,4.27608e-05,0.9088192454516854,0.9934608257402023
290310.0,233,0.155984,0.319517,0.9379,10000,24,11,1.06339e-12,0.00609342,0.9999989687919706,0.9219396387402672
464139.0,485,0.0731501,0.636953,0.99,140205,22,15,0.00860839,2.85324e-05,0.9072185902241188,0.9946584271979125
461904.0,485,0.0612115,0.636953,0.99,140205,22,15,0.00851335,3.32547e-05,0.9077321832923311,0.9942333111753797
724711.0,225,0.201274,0.290857,0.99,20651,18,11,1.51505e-07,0.00121969,0.9996107635679949,0.9650759395258799
461904.0,485,0.0612115,0.636953,0.99,36096,22,15,0.00524885,3.52028e-05,0.9275510524576098,0.994066805245064
290310.0,343,0.155984,0.319517,0.984293,10000,17,11,5.57356e-10,0.00138471,0.9999763916116603,0.9627883082889261
365396.0,233,0.155984,0.319517,0.99,10000,24,12,3.01114e-12,0.00400222,0.9999982647363312,0.9367368985900943
290310.0,214,0.210464,0.286357,0.99,10000,24,11,2.5826e-14,0.00784729,0.9999998392953019,0.9114150690015508
724711.0,225,0.201274,0.290857,0.99,20651,18,11,1.51505e-07,0.00121969,0.9996107635679949,0.9650759395258799
407359.0,233,0.155984,0.703885,0.987957,10000,25,11,0.000581193,0.000301213,0.9758920552514322,0.982644510954744
461904.0,445,0.0612115,0.577523,0.99,17842,27,15,0.00316662,7.06411e-05,0.9437272712586283,0.9915951740053704
461904.0,500,0.0612115,0.636953,0.99,140205,20,15,0.00855181,2.90594e-05,0.9075240031143216,0.994609322862571
365396.0,233,0.178425,0.319517,0.99,10000,41,12,1.26838e-12,0.0041298,0.9999988737762212,0.9357364800217106
481609.0,343,0.155984,0.518078,0.99,10000,17,11,0.00145458,0.000143264,0.9618610435381354,0.9880307059523128
295371.0,414,0.155984,0.226264,0.99,10000,40,12,4.39702e-12,0.00259845,0.9999979030927536,0.9490250061304565
611438.0,203,0.253006,0.381535,0.99,10000,21,13,5.8746e-08,0.0013076,0.9997576242586396,0.9638392477954344
461904.0,452,0.0612115,0.679269,0.99,36096,50,15,0.00521183,3.68302e-05,0.9278069947986649,0.9939312109939461
461904.0,445,0.0612115,0.577523,0.99,10753,27,15,0.00252077,8.04619e-05,0.9497927296101452,0.9910299442588131
365396.0,320,0.178425,0.386682,0.982859,10000,12,13,9.67482e-06,0.000301648,0.9968895627317047,0.9826319834177878
497857.0,271,0.201274,0.294932,0.99,22772,12,11,1.54496e-07,0.000707708,0.9996069402081108,0.9733972181905727
719143.0,219,0.0924747,0.672166,0.99,22363,49,13,0.00228423,0.000123277,0.9522063811790737,0.9888969823921603
290310.0,343,0.155984,0.319517,0.984293,10000,17,11,5.57356e-10,0.00138471,0.9999763916116603,0.9627883082889261
489536.0,216,0.282728,0.381535,0.99,22363,13,18,2.27116e-06,0.000541166,0.9984929631723146,0.9767370251257497
458737.0,279,0.201274,0.290857,0.99,10000,18,11,6.45436e-11,0.00198917,0.999991966096839,0.9553998878925176
465706.0,231,0.11046,0.67234,0.987418,10000,15,13,0.000604915,0.00015587,0.9754049801789061,0.9875152092528549
290310.0,233,0.155984,0.319517,0.99,10000,26,10,1.11516e-12,0.00509998,0.9999989439886364,0.9285858557427172
487908.0,233,0.11263,0.385195,0.99,10000,24,12,2.52049e-08,0.0013828,0.999841239488537,0.9628139811219324
337549.0,215,0.155984,0.576368,0.987418,10765,15,13,5.51177e-06,0.000516754,0.9976522840887364,0.9772677761756576
464139.0,485,0.0731501,0.671143,0.988462,140205,22,15,0.00872608,2.78996e-05,0.9065865106100837,0.9947179928057603
576329.0,203,0.253006,0.381535,0.99,22363,50,13,8.7859e-07,0.000980322,0.9990626686818419,0.9686899057810424
576329.0,295,0.141057,0.381535,0.99,22363,46,11,0.000476302,0.000328679,0.9781756557945033,0.9818704936636432
465706.0,233,0.155984,0.67234,0.987957,10000,22,11,0.000664289,0.000259721,0.9742261954690427,0.9838841382482971
424555.0,203,0.152427,0.556135,0.99,22363,40,25,0.000147509,0.000497738,0.9878546716800245,0.9776899574182387
734087.0,279,0.170783,0.339328,0.99,16753,50,13,0.00029915,0.000395897,0.9827040467160668,0.9801028393985474
724711.0,252,0.201274,0.290857,0.99,20651,18,11,7.62736e-06,0.000627838,0.9972382324500422,0.974943304288075
513291.0,216,0.282728,0.381535,0.99,22363,50,21,9.29331e-07,0.000915674,0.999035981846644,0.9697398942500195
558048.0,177,0.133689,0.583061,0.988594,13382,44,18,8.05058e-05,0.000567768,0.9910274975619953,0.9761721171733618
724711.0,225,0.201274,0.320396,0.99,20651,18,11,4.95553e-06,0.000686435,0.997773898025696,0.9738000954200211
392572.0,233,0.149615,0.611202,0.987957,10000,24,16,0.000205403,0.00042025,0.9856681124760205,0.9795
465706.0,231,0.155984,0.67234,0.987418,11557,15,13,0.000861035,0.000168391,0.9706566021054139,0.9870234442165882
530672.0,179,0.155984,0.67234,0.987957,17089,22,11,0.000390576,0.000347399,0.9802370042756671,0.9813613573455576
603273.0,249,0.186131,0.33659,0.988741,20651,18,15,1.4116e-05,0.000589678,0.996242873438384,0.9757167135667348
464139.0,485,0.0807467,0.606453,0.99,151894,20,20,0.00875023,3.10456e-05,0.9064573359370175,0.9944281421410808
464139.0,452,0.0586267,0.636953,0.983218,102992,16,18,0.00766716,4.38314e-05,0.9124376793363721,0.9933794713202041
603429.0,233,0.155984,0.319517,0.9379,10000,24,28,1.80211e-09,0.0026854,0.9999575487338234,0.9481791547733925
619362.0,485,0.0586267,0.636953,0.980707,152256,19,18,0.00879822,2.89305e-05,0.9062011727152199,0.9946212919766918
603429.0,233,0.165195,0.319517,0.957556,10000,22,28,1.99396e-09,0.00231182,0.9999553462207647,0.9519186106689916
407359.0,396,0.109758,0.703885,0.99,10000,25,11,0.00258055,8.20833e-05,0.9492008858344951,0.9909400165563065
417060.0,485,0.117292,0.698897,0.985838,24242,18,19,0.00545652,6.23821e-05,0.9261317388860412,0.992101766020179
782014.0,318,0.0456941,0.553468,0.984506,48715,14,24,0.0053802,6.51676e-05,0.9266501533743935,0.9919273548325224
513181.0,445,0.0612115,0.514961,0.99,17842,37,15,0.00294835,8.16622e-05,0.9457012891497413,0.9909632859954517
619362.0,477,0.0586267,0.636953,0.980707,155692,19,13,0.00879808,2.93718e-05,0.9062019189961756,0.994580424370857
724711.0,225,0.177088,0.290857,0.99,20450,18,11,1.97115e-07,0.00126555,0.9995560236492784,0.9644254304312758
603429.0,233,0.158094,0.319517,0.955018,10000,24,23,1.8611e-09,0.00240289,0.9999568595317596,0.9509807180795149
611438.0,222,0.246607,0.381535,0.99,10000,21,13,1.9432e-06,0.000845649,0.9986060129125419,0.9709199552957702
465706.0,231,0.155984,0.335734,0.99,10078,42,13,6.06372e-11,0.00270884,0.9999922130108514,0.9479534823451174
567505.0,203,0.253006,0.381535,0.99,10000,27,13,9.42811e-09,0.00171752,0.9999029015448114,0.9585570271336623
295371.0,414,0.155984,0.226264,0.873227,10681,40,12,8.53777e-12,0.00468429,0.9999970780537308,0.9315581268520505
658125.0,252,0.265633,0.290857,0.99,21740,23,28,2.48208e-06,0.000786741,0.9984245381629503,0.9719510962781074
409310.0,452,0.0586267,0.710688,0.99,102253,16,25,0.00788945,3.57187e-05,0.9111774240409568,0.9940234876390992
738675.0,298,0.0784787,0.611361,0.98777,50869,26,12,0.00528999,6.91688e-05,0.9272676825613263,0.9916832217776352
611438.0,203,0.0966874,0.374449,0.982949,10000,18,13,2.54786e-08,0.00158242,0.9998403798258365,0.9602203569648997
910758.0,318,0.0456941,0.553468,0.99,48715,14,24,0.00578161,4.42692e-05,0.9239631010627077,0.9933464896483134
332441.0,414,0.0492916,0.60715,0.99,10000,40,15,0.00181151,0.000151577,0.9574381626336457,0.9876883388610634
336752.0,152,0.28777,0.381535,0.99,10000,50,21,6.79701e-14,0.00807971,0.9999997392892407,0.9101127929013255
407359.0,233,0.155984,0.703885,0.987957,10000,28,11,0.000580465,0.000311508,0.9759071587395758,0.9823504107696525
655976.0,244,0.201274,0.290857,0.99,20651,23,31,2.77092e-07,0.00114091,0.9994736047112673,0.9662226407189668
558048.0,177,0.133689,0.583061,0.99,13382,44,18,8.07146e-05,0.000558041,0.9910158695468064,0.9763771085597042
724711.0,225,0.201274,0.320396,0.99,20651,18,11,4.95553e-06,0.000686435,0.997773898025696,0.9738000954200211
614620.0,272,0.141057,0.381535,0.99,22363,46,11,0.000374646,0.000372117,0.9806442256677755,0.980709665632758
724711.0,245,0.152788,0.290857,0.99,18093,18,11,1.30246e-06,0.000884239,0.9988587463034014,0.9702638435570432
418467.0,230,0.156912,0.286357,0.99,10792,27,10,1.51292e-12,0.00511881,0.99999876999187,0.9284541405810232
530672.0,131,0.155984,0.63815,0.989495,10000,22,10,7.06198e-08,0.00150875,0.9997342561383588,0.9611573687811961
780017.0,133,0.341299,0.314123,0.954127,21876,17,11,1.50639e-10,0.00823246,0.999987726491944,0.9092670952740959
579377.0,466,0.0955867,0.761473,0.99,151894,17,14,0.00935252,3.11352e-05,0.9032915722390236,0.9944201075279178
400990.0,225,0.201274,0.290857,0.99,22772,12,11,2.38073e-09,0.00285383,0.9999512072751324,0.9465787495466458
380606.0,445,0.0612115,0.577523,0.99,38308,19,15,0.00449588,8.73104e-05,0.9329486763739895,0.9906559965753431
780017.0,146,0.33351,0.314123,0.954127,21340,17,11,4.74407e-10,0.00618006,0.999978219113884,0.9213866423564036
658546.0,233,0.149615,0.611202,0.99,22620,24,16,0.00225387,0.000171925,0.9525250592417431,0.9868879826113599
780017.0,146,0.33351,0.314123,0.954127,21340,17,11,4.74407e-10,0.00618006,0.999978219113884,0.9213866423564036
464139.0,485,0.0731501,0.636953,0.99,140205,22,15,0.00860839,2.85324e-05,0.9072185902241188,0.9946584271979125
461904.0,485,0.0612115,0.636953,0.99,140205,22,15,0.00851335,3.32547e-05,0.9077321832923311,0.9942333111753797
724711.0,225,0.201274,0.290857,0.99,20651,18,11,1.51505e-07,0.00121969,0.9996107635679949,0.9650759395258799
461904.0,485,0.0612115,0.636953,0.99,36096,22,15,0.00524885,3.52028e-05,0.9275510524576098,0.994066805245064
290310.0,343,0.155984,0.319517,0.984293,10000,17,11,5.57356e-10,0.00138471,0.9999763916116603,0.9627883082889261
290310.0,214,0.210464,0.286357,0.99,10000,24,11,2.5826e-14,0.00784729,0.9999998392953019,0.9114150690015508
724711.0,225,0.201274,0.290857,0.99,20651,18,11,1.51505e-07,0.00121969,0.9996107635679949,0.9650759395258799
461904.0,445,0.0612115,0.577523,0.99,17842,27,15,0.00316662,7.06411e-05,0.9437272712586283,0.9915951740053704
461904.0,500,0.0612115,0.636953,0.99,140205,20,15,0.00855181,2.90594e-05,0.9075240031143216,0.994609322862571
481609.0,343,0.155984,0.518078,0.99,10000,17,11,0.00145458,0.000143264,0.9618610435381354,0.9880307059523128
295371.0,414,0.155984,0.226264,0.99,10000,40,12,4.39702e-12,0.00259845,0.9999979030927536,0.9490250061304565
611438.0,203,0.253006,0.381535,0.99,10000,21,13,5.8746e-08,0.0013076,0.9997576242586396,0.9638392477954344
461904.0,452,0.0612115,0.679269,0.99,36096,50,15,0.00521183,3.68302e-05,0.9278069947986649,0.9939312109939461
461904.0,445,0.0612115,0.577523,0.99,10753,27,15,0.00252077,8.04619e-05,0.9497927296101452,0.9910299442588131
365396.0,320,0.178425,0.386682,0.982859,10000,12,13,9.67482e-06,0.000301648,0.9968895627317047,0.9826319834177878
497857.0,271,0.201274,0.294932,0.99,22772,12,11,1.54496e-07,0.000707708,0.9996069402081108,0.9733972181905727
719143.0,219,0.0924747,0.672166,0.99,22363,49,13,0.00228423,0.000123277,0.9522063811790737,0.9888969823921603
290310.0,343,0.155984,0.319517,0.984293,10000,17,11,5.57356e-10,0.00138471,0.9999763916116603,0.9627883082889261
489536.0,216,0.282728,0.381535,0.99,22363,13,18,2.27116e-06,0.000541166,0.9984929631723146,0.9767370251257497
458737.0,279,0.201274,0.290857,0.99,10000,18,11,6.45436e-11,0.00198917,0.999991966096839,0.9553998878925176
465706.0,231,0.11046,0.67234,0.987418,10000,15,13,0.000604915,0.00015587,0.9754049801789061,0.9875152092528549
487908.0,233,0.11263,0.385195,0.99,10000,24,12,2.52049e-08,0.0013828,0.999841239488537,0.9628139811219324
337549.0,215,0.155984,0.576368,0.987418,10765,15,13,5.51177e-06,0.000516754,0.9976522840887364,0.9772677761756576
464139.0,485,0.0731501,0.671143,0.988462,140205,22,15,0.00872608,2.78996e-05,0.9065865106100837,0.9947179928057603
556224.0,448,0.0731501,0.636953,0.99,95801,39,15,0.00779181,3.51731e-05,0.9117287702589343,0.9940693086406389
458737.0,279,0.201274,0.290857,0.989636,10000,18,11,6.45045e-11,0.00199534,0.999991968530645,0.9553307712177611
458880.0,465,0.0612115,0.606876,0.99,17205,23,15,0.00348897,5.34299e-05,0.9409324962437043,0.9926904240889092
461761.0,279,0.201274,0.263337,0.987119,10000,18,11,3.18789e-12,0.00293575,0.9999982145336743,0.9458174382296296
290310.0,343,0.160875,0.319517,0.984293,10000,20,11,5.13846e-10,0.00149653,0.9999773318284814,0.961314989983199
464139.0,485,0.0731501,0.671143,0.988462,134798,25,25,0.00864699,2.85052e-05,0.9070108070795321,0.9946609738715755
290310.0,214,0.210464,0.34526,0.987098,10000,24,11,4.38435e-13,0.00490999,0.9999993378557559,0.9299286791904134
418467.0,230,0.333824,0.286357,0.99,11697,27,10,5.55602e-13,0.00465695,0.9999992546128522,0.9317581506698419
576474.0,485,0.0586267,0.631485,0.983362,152256,21,15,0.00871547,2.83597e-05,0.9066433183965925,0.994674617384638
417162.0,343,0.155984,0.540795,0.99,10000,17,11,0.00112759,0.000147359,0.9664203930934265,0.9878608484645754
505587.0,414,0.146196,0.167572,0.99,10000,40,12,1.15831e-12,0.00364513,0.9999989237518874,0.9396250879917826
339448.0,365,0.178425,0.386682,0.981579,10000,12,13,7.91707e-05,0.000233627,0.9911022081390943,0.9847151382080177
465706.0,483,0.0706985,0.67234,0.987418,10000,22,13,0.00359249,4.33397e-05,0.9400626160063688,0.9934167105486694
532915.0,271,0.201274,0.333164,0.99,22772,12,11,5.73988e-05,0.000282682,0.9924238004250152,0.9831868503842974
336752.0,191,0.28777,0.308263,0.952586,12592,41,13,5.58405e-14,0.0094821,0.9999997636940542,0.9026239249096576
619362.0,485,0.0586267,0.636953,0.980707,152256,19,18,0.00879822,2.89305e-05,0.9062011727152199,0.9946212919766918
336752.0,152,0.28777,0.381535,0.99,10000,50,21,6.79701e-14,0.00807971,0.9999997392892407,0.9101127929013255
418467.0,230,0.156805,0.286357,0.99,10000,27,10,7.7681e-13,0.00519249,0.9999991186317455,0.9279410657863996
910758.0,318,0.0456941,0.553468,0.99,48715,14,24,0.00578161,4.42692e-05,0.9239631010627077,0.9933464896483134
379099.0,425,0.117132,0.64287,0.99,31083,50,15,0.00414401,6.99108e-05,0.9356260145711017,0.9916387321535547
464139.0,452,0.0586267,0.636953,0.983218,102992,16,18,0.00766716,4.38314e-05,0.9124376793363721,0.9933794713202041
295371.0,414,0.156091,0.167819,0.873227,10681,41,12,6.48054e-14,0.00895768,0.9999997454309524,0.9053549790004778
465706.0,231,0.155984,0.67234,0.987418,11557,15,13,0.000861035,0.000168391,0.9706566021054139,0.9870234442165882
501222.0,389,0.0612115,0.590424,0.99,20737,27,15,0.00315317,8.0697e-05,0.9438469056952336,0.9910168491051302
738675.0,298,0.0784787,0.611361,0.98777,50869,48,10,0.00527065,6.9903e-05,0.9274007575797103,0.9916391986030046
290310.0,233,0.155984,0.319517,0.99,10000,26,10,1.11516e-12,0.00509998,0.9999989439886364,0.9285858557427172
332441.0,414,0.0492916,0.60715,0.99,10000,40,15,0.00181151,0.000151577,0.9574381626336457,0.9876883388610634
365396.0,233,0.178425,0.319517,0.99,10000,41,12,1.26838e-12,0.0041298,0.9999988737762212,0.9357364800217106
409310.0,452,0.0586267,0.710688,0.99,102253,16,25,0.00788945,3.57187e-05,0.9111774240409568,0.9940234876390992
619362.0,451,0.0642192,0.636953,0.981206,152256,23,18,0.00870241,3.40109e-05,0.906713291407618,0.9941681135127645
513181.0,460,0.152896,0.395057,0.99,21017,37,13,0.00241571,0.000143676,0.9508501271619142,0.988013507602305
365396.0,233,0.155984,0.319517,0.99,10000,24,12,3.01114e-12,0.00400222,0.9999982647363312,0.9367368985900943
481609.0,260,0.116677,0.5173,0.98812,10000,16,11,0.000278802,0.000247661,0.9833026349384102,0.9842627511934264
373269.0,247,0.178425,0.319517,0.99,10000,41,15,3.59434e-12,0.00335711,0.9999981041255316,0.9420594269962749
465706.0,231,0.117287,0.67234,0.987418,10000,18,25,0.000606939,0.000213681,0.9753638679984052,0.985382168423463
332441.0,414,0.0492916,0.60715,0.99,10000,40,15,0.00181151,0.000151577,0.9574381626336457,0.9876883388610634
407359.0,396,0.109758,0.703885,0.99,10000,25,11,0.00258055,8.20833e-05,0.9492008858344951,0.9909400165563065
513181.0,445,0.0612115,0.514961,0.99,17842,37,15,0.00294835,8.16622e-05,0.9457012891497413,0.9909632859954517
200000.0,463,0.155984,0.226264,0.943648,10000,40,13,1.69638e-11,0.00329081,0.9999958812866087,0.9426344179843
724711.0,225,0.177088,0.290857,0.99,20450,18,11,1.97115e-07,0.00126555,0.9995560236492784,0.9644254304312758
330111.0,414,0.155984,0.226264,0.873227,10681,10,12,1.85943e-11,0.00275739,0.9999956878891479,0.9474891439795541
433529.0,249,0.103817,0.456493,0.99,17476,15,15,0.000111274,0.00040997,0.9894513507973769,0.9797522840794326
603429.0,233,0.165195,0.319517,0.957556,10000,22,28,1.99396e-09,0.00231182,0.9999553462207647,0.9519186106689916
365396.0,257,0.178425,0.355917,0.99,15013,41,10,2.56084e-09,0.00185341,0.9999493952571393,0.9569487514699051
417060.0,485,0.117292,0.698897,0.985838,24242,18,19,0.00545652,6.23821e-05,0.9261317388860412,0.992101766020179
603273.0,249,0.186131,0.33659,0.988741,10000,18,12,2.34577e-07,0.000908524,0.9995156685019535,0.9698582681320399
603429.0,233,0.158094,0.319517,0.955018,10000,24,23,1.8611e-09,0.00240289,0.9999568595317596,0.9509807180795149
603429.0,233,0.155984,0.319517,0.9379,10000,24,28,1.80211e-09,0.0026854,0.9999575487338234,0.9481791547733925
603429.0,233,0.156645,0.420884,0.99,10000,22,17,3.793e-05,0.000554991,0.9938412663639349,0.9764417530363569
461904.0,459,0.0612115,0.636953,0.99,109116,31,15,0.00779897,3.88452e-05,0.9116882227559653,0.9937674082437561
530672.0,131,0.155984,0.63815,0.989859,10000,22,10,7.06549e-08,0.00150404,0.9997341901055266,0.9612180454334751
567505.0,203,0.253006,0.381535,0.99,10000,27,13,9.42811e-09,0.00171752,0.9999029015448114,0.9585570271336623
611438.0,203,0.0966874,0.374449,0.982949,10000,18,13,2.54786e-08,0.00158242,0.9998403798258365,0.9602203569648997
782014.0,318,0.0456941,0.553468,0.984506,48715,14,24,0.0053802,6.51676e-05,0.9266501533743935,0.9919273548325224
658125.0,252,0.265633,0.290857,0.99,21740,23,28,2.48208e-06,0.000786741,0.9984245381629503,0.9719510962781074
743776.0,225,0.201274,0.320396,0.99,17756,17,11,3.3757e-06,0.000665498,0.9981626921869213,0.9742027520847669
464139.0,485,0.0731501,0.636953,0.99,140205,22,15,0.00860839,2.85324e-05,0.9072185902241188,0.9946584271979125
461904.0,485,0.0612115,0.636953,0.99,36096,22,15,0.00524885,3.52028e-05,0.9275510524576098,0.994066805245064
290310.0,343,0.155984,0.319517,0.984293,10000,17,11,5.57356e-10,0.00138471,0.9999763916116603,0.9627883082889261
290310.0,214,0.210464,0.286357,0.99,10000,24,11,2.5826e-14,0.00784729,0.9999998392953019,0.9114150690015508
461904.0,445,0.0612115,0.577523,0.99,17842,27,15,0.00316662,7.06411e-05,0.9437272712586283,0.9915951740053704
461904.0,500,0.0612115,0.636953,0.99,140205,20,15,0.00855181,2.90594e-05,0.9075240031143216,0.994609322862571
295371.0,414,0.155984,0.226264,0.99,10000,40,12,4.39702e-12,0.00259845,0.9999979030927536,0.9490250061304565
611438.0,203,0.253006,0.381535,0.99,10000,21,13,5.8746e-08,0.0013076,0.9997576242586396,0.9638392477954344
461904.0,452,0.0612115,0.679269,0.99,36096,50,15,0.00521183,3.68302e-05,0.9278069947986649,0.9939312109939461
461904.0,445,0.0612115,0.577523,0.99,10753,27,15,0.00252077,8.04619e-05,0.9497927296101452,0.9910299442588131
365396.0,320,0.178425,0.386682,0.982859,10000,12,13,9.67482e-06,0.000301648,0.9968895627317047,0.9826319834177878
497857.0,271,0.201274,0.294932,0.99,22772,12,11,1.54496e-07,0.000707708,0.9996069402081108,0.9733972181905727
290310.0,343,0.155984,0.319517,0.984293,10000,17,11,5.57356e-10,0.00138471,0.9999763916116603,0.9627883082889261
489536.0,216,0.282728,0.381535,0.99,22363,13,18,2.27116e-06,0.000541166,0.9984929631723146,0.9767370251257497
458737.0,279,0.201274,0.290857,0.99,10000,18,11,6.45436e-11,0.00198917,0.999991966096839,0.9553998878925176
465706.0,231,0.11046,0.67234,0.987418,10000,15,13,0.000604915,0.00015587,0.9754049801789061,0.9875152092528549
487908.0,233,0.11263,0.385195,0.99,10000,24,12,2.52049e-08,0.0013828,0.999841239488537,0.9628139811219324
337549.0,215,0.155984,0.576368,0.987418,10765,15,13,5.51177e-06,0.000516754,0.9976522840887364,0.9772677761756576
464139.0,485,0.0731501,0.671143,0.988462,140205,22,15,0.00872608,2.78996e-05,0.9065865106100837,0.9947179928057603
458737.0,279,0.201274,0.290857,0.989636,10000,18,11,6.45045e-11,0.00199534,0.999991968530645,0.9553307712177611
458880.0,465,0.0612115,0.606876,0.99,17205,23,15,0.00348897,5.34299e-05,0.9409324962437043,0.9926904240889092
461761.0,279,0.201274,0.263337,0.987119,10000,18,11,3.18789e-12,0.00293575,0.9999982145336743,0.9458174382296296
290310.0,343,0.160875,0.319517,0.984293,10000,20,11,5.13846e-10,0.00149653,0.9999773318284814,0.961314989983199
464139.0,485,0.0731501,0.671143,0.988462,134798,25,25,0.00864699,2.85052e-05,0.9070108070795321,0.9946609738715755
290310.0,214,0.210464,0.34526,0.987098,10000,24,11,4.38435e-13,0.00490999,0.9999993378557559,0.9299286791904134
576474.0,485,0.0586267,0.631485,0.983362,152256,21,15,0.00871547,2.83597e-05,0.9066433183965925,0.994674617384638
505587.0,414,0.146196,0.167572,0.99,10000,40,12,1.15831e-12,0.00364513,0.9999989237518874,0.9396250879917826
465706.0,483,0.0706985,0.67234,0.987418,10000,22,13,0.00359249,4.33397e-05,0.9400626160063688,0.9934167105486694
441027.0,485,0.0736179,0.636953,0.99,36096,25,19,0.0051856,3.86228e-05,0.9279888897460954,0.9937852755491494
426565.0,434,0.146196,0.142522,0.99,10000,30,14,7.03866e-14,0.00613914,0.9999997346952696,0.9216473357185603
477038.0,320,0.151595,0.319982,0.99,19759,12,11,4.57153e-05,0.000262076,0.9932386909551478,0.9838112384661457
539908.0,485,0.0612115,0.636953,0.99,36096,22,15,0.00575972,3.17682e-05,0.9241071808403456,0.9943636714077336
457715.0,216,0.282728,0.381535,0.99,22363,13,16,1.27999e-07,0.000717004,0.9996422305211452,0.9732230696307437
439910.0,249,0.186131,0.32727,0.988741,10000,17,14,6.25286e-11,0.00202912,0.9999920924972336,0.9549542454830646
290310.0,214,0.210464,0.367383,0.987098,10000,24,13,8.7406e-13,0.00421412,0.9999990650882394,0.9350837462571969
487908.0,233,0.11263,0.385195,0.99,10000,24,12,2.52049e-08,0.0013828,0.999841239488537,0.9628139811219324
339448.0,365,0.167439,0.386682,0.981579,10000,12,13,6.95826e-05,0.000232432,0.9916583814520202,0.9847542792889283
464139.0,485,0.0731501,0.671143,0.988462,140466,24,15,0.0087246,2.80525e-05,0.9065944327141042,0.9947035389173524
290310.0,214,0.210464,0.34526,0.99,10000,22,11,4.51523e-13,0.0047481,0.9999993280453885,0.9310935416669817
290310.0,343,0.160875,0.319517,0.984293,10000,20,11,5.13846e-10,0.00149653,0.9999773318284814,0.961314989983199
554484.0,470,0.0612115,0.589076,0.99,141110,18,15,0.00838468,2.96957e-05,0.9084321016949717,0.9945506238889209
507299.0,452,0.0612115,0.679269,0.99,36096,50,14,0.0054909,3.39404e-05,0.9258993927150391,0.9941741610046277
481609.0,343,0.110265,0.519309,0.99,10000,17,11,0.00108072,0.000115679,0.9671256939236734,0.9892445827603017
462700.0,485,0.0731501,0.740908,0.988462,140205,22,15,0.00893117,2.51357e-05,0.9054951324004948,0.994986448364682
338995.0,214,0.194065,0.286357,0.99,10000,24,11,6.5652e-14,0.00708929,0.9999997437735376,0.91580207841045
461904.0,445,0.0612115,0.577523,0.99,17842,27,15,0.00316662,7.06411e-05,0.9437272712586283,0.9915951740053704
290310.0,214,0.210464,0.34526,0.99,10000,24,11,4.40561e-13,0.00482588,0.999999336252307,0.9305314459629395
464498.0,483,0.0706985,0.739429,0.987418,10000,26,13,0.00403677,4.12592e-05,0.9364644194171486,0.993576667531569
365396.0,233,0.178425,0.303816,0.99,10000,24,12,5.54066e-13,0.0046311,0.9999992556439025,0.9319478141423804
290310.0,202,0.210464,0.299038,0.99,10000,24,15,2.66245e-14,0.0080409,0.9999998368298434,0.9103289344325607
464139.0,461,0.0731501,0.685339,0.988462,140205,22,15,0.008656,2.89098e-05,0.9069623732030959,0.99462321657494
418467.0,230,0.333824,0.286357,0.99,11697,27,10,5.55602e-13,0.00465695,0.9999992546128522,0.9317581506698419
910758.0,318,0.0456941,0.553468,0.99,48715,14,24,0.00578161,4.42692e-05,0.9239631010627077,0.9933464896483134
513181.0,489,0.0612115,0.574974,0.99,17842,37,15,0.00383778,4.70652e-05,0.9380501815983291,0.9931395918488767
556224.0,472,0.0731501,0.636953,0.99,58066,39,15,0.00688788,3.60688e-05,0.9170067472622021,0.9939942694033115
719143.0,219,0.0924747,0.672166,0.99,22363,49,13,0.00228423,0.000123277,0.9522063811790737,0.9888969823921603
373269.0,247,0.178425,0.319517,0.99,10000,41,15,3.59434e-12,0.00335711,0.9999981041255316,0.9420594269962749
417162.0,398,0.155984,0.479177,0.99,10000,17,11,0.0012662,0.000140385,0.9644162958645394,0.9881515823841325
458737.0,279,0.201274,0.290857,0.99,10000,35,11,6.97896e-11,0.00230865,0.9999916459830022,0.9519515869148626
556224.0,444,0.0731501,0.636953,0.99,95801,39,15,0.00776182,3.55004e-05,0.9118988081805927,0.9940417787889337
365396.0,233,0.155984,0.319517,0.99,10000,24,12,3.01114e-12,0.00400222,0.9999982647363312,0.9367368985900943
365396.0,257,0.178425,0.355917,0.99,15013,41,10,2.56084e-09,0.00185341,0.9999493952571393,0.9569487514699051
465347.0,408,0.0731501,0.687277,0.988462,140205,19,15,0.00834591,3.49088e-05,0.908644047812964,0.9940916330513415
461904.0,445,0.0612115,0.628735,0.99,17842,27,15,0.00352243,5.58316e-05,0.9406499368155349,0.9925279453963451
465706.0,231,0.117287,0.67234,0.987418,10000,18,25,0.000606939,0.000213681,0.9753638679984052,0.985382168423463
311129.0,294,0.155984,0.294467,0.984974,10000,17,11,5.77888e-12,0.00280009,0.9999975960698846,0.9470841233654775
339448.0,365,0.178425,0.386682,0.981579,10000,12,13,7.91707e-05,0.000233627,0.9911022081390943,0.9847151382080177
501222.0,389,0.0612115,0.590424,0.99,20737,27,15,0.00315317,8.0697e-05,0.9438469056952336,0.9910168491051302
556224.0,448,0.0731501,0.636953,0.99,95801,39,15,0.00779181,3.51731e-05,0.9117287702589343,0.9940693086406389
513181.0,445,0.0612115,0.514961,0.99,17842,37,15,0.00294835,8.16622e-05,0.9457012891497413,0.9909632859954517
295041.0,214,0.178111,0.34526,0.987098,10000,17,13,1.06894e-12,0.00437748,0.999998966104454,0.9338374728414943
330111.0,414,0.155984,0.226264,0.873227,10681,10,12,1.85943e-11,0.00275739,0.9999956878891479,0.9474891439795541
417162.0,343,0.155984,0.540795,0.99,10000,17,11,0.00112759,0.000147359,0.9664203930934265,0.9878608484645754
465706.0,231,0.156179,0.671109,0.99,10000,15,14,0.000804721,0.000158505,0.9716323952368199,0.9874101231141842
365396.0,233,0.178425,0.319517,0.99,10000,41,12,1.26838e-12,0.0041298,0.9999988737762212,0.9357364800217106
608127.0,203,0.253006,0.381535,0.99,10000,27,11,4.4131e-08,0.00148386,0.9997899262034426,0.9614790965838027
290310.0,401,0.155984,0.363077,0.984293,10000,14,11,2.56934e-05,0.000367392,0.9949311342491638,0.9808325275531696
407359.0,396,0.109758,0.703885,0.99,10000,25,11,0.00258055,8.20833e-05,0.9492008858344951,0.9909400165563065
458737.0,338,0.201274,0.290857,0.99,21618,21,10,1.12512e-05,0.000591172,0.9966457191530821,0.9756859711277625
407359.0,396,0.109758,0.703885,0.99,10000,25,10,0.00257482,8.2235e-05,0.9492573157982355,0.9909316484408687
290310.0,343,0.155984,0.319517,0.984293,10000,17,11,5.57356e-10,0.00138471,0.9999763916116603,0.9627883082889261
290310.0,214,0.210464,0.286357,0.99,10000,24,11,2.5826e-14,0.00784729,0.9999998392953019,0.9114150690015508
461904.0,445,0.0612115,0.577523,0.99,17842,27,15,0.00316662,7.06411e-05,0.9437272712586283,0.9915951740053704
295371.0,414,0.155984,0.226264,0.99,10000,40,12,4.39702e-12,0.00259845,0.9999979030927536,0.9490250061304565
461904.0,445,0.0612115,0.577523,0.99,10753,27,15,0.00252077,8.04619e-05,0.9497927296101452,0.9910299442588131
365396.0,320,0.178425,0.386682,0.982859,10000,12,13,9.67482e-06,0.000301648,0.9968895627317047,0.9826319834177878
290310.0,343,0.155984,0.319517,0.984293,10000,17,11,5.57356e-10,0.00138471,0.9999763916116603,0.9627883082889261
489536.0,216,0.282728,0.381535,0.99,22363,13,18,2.27116e-06,0.000541166,0.9984929631723146,0.9767370251257497
458737.0,279,0.201274,0.290857,0.99,10000,18,11,6.45436e-11,0.00198917,0.999991966096839,0.9553998878925176
465706.0,231,0.11046,0.67234,0.987418,10000,15,13,0.000604915,0.00015587,0.9754049801789061,0.9875152092528549
337549.0,215,0.155984,0.576368,0.987418,10765,15,13,5.51177e-06,0.000516754,0.9976522840887364,0.9772677761756576
458737.0,279,0.201274,0.290857,0.989636,10000,18,11,6.45045e-11,0.00199534,0.999991968530645,0.9553307712177611
458880.0,465,0.0612115,0.606876,0.99,17205,23,15,0.00348897,5.34299e-05,0.9409324962437043,0.9926904240889092
461761.0,279,0.201274,0.263337,0.987119,10000,18,11,3.18789e-12,0.00293575,0.9999982145336743,0.9458174382296296
290310.0,343,0.160875,0.319517,0.984293,10000,20,11,5.13846e-10,0.00149653,0.9999773318284814,0.961314989983199
290310.0,214,0.210464,0.34526,0.987098,10000,24,11,4.38435e-13,0.00490999,0.9999993378557559,0.9299286791904134
465706.0,483,0.0706985,0.67234,0.987418,10000,22,13,0.00359249,4.33397e-05,0.9400626160063688,0.9934167105486694
426565.0,434,0.146196,0.142522,0.99,10000,30,14,7.03866e-14,0.00613914,0.9999997346952696,0.9216473357185603
477038.0,320,0.151595,0.319982,0.99,19759,12,11,4.57153e-05,0.000262076,0.9932386909551478,0.9838112384661457
539908.0,485,0.0612115,0.636953,0.99,36096,22,15,0.00575972,3.17682e-05,0.9241071808403456,0.9943636714077336
439910.0,249,0.186131,0.32727,0.988741,10000,17,14,6.25286e-11,0.00202912,0.9999920924972336,0.9549542454830646
339448.0,365,0.167439,0.386682,0.981579,10000,12,13,6.95826e-05,0.000232432,0.9916583814520202,0.9847542792889283
290310.0,214,0.210464,0.34526,0.99,10000,22,11,4.51523e-13,0.0047481,0.9999993280453885,0.9310935416669817
290310.0,343,0.160875,0.319517,0.984293,10000,20,11,5.13846e-10,0.00149653,0.9999773318284814,0.961314989983199
481609.0,343,0.110265,0.519309,0.99,10000,17,11,0.00108072,0.000115679,0.9671256939236734,0.9892445827603017
462700.0,485,0.0731501,0.740908,0.988462,140205,22,15,0.00893117,2.51357e-05,0.9054951324004948,0.994986448364682
338995.0,214,0.194065,0.286357,0.99,10000,24,11,6.5652e-14,0.00708929,0.9999997437735376,0.91580207841045
461904.0,445,0.0612115,0.577523,0.99,17842,27,15,0.00316662,7.06411e-05,0.9437272712586283,0.9915951740053704
290310.0,214,0.210464,0.34526,0.99,10000,24,11,4.40561e-13,0.00482588,0.999999336252307,0.9305314459629395
365396.0,233,0.178425,0.303816,0.99,10000,24,12,5.54066e-13,0.0046311,0.9999992556439025,0.9319478141423804
287189.0,302,0.194065,0.286357,0.99,10000,22,11,8.3413e-13,0.003197,0.9999990866928228,0.9434579802270913
338995.0,214,0.194065,0.286357,0.989385,10000,22,11,6.79719e-14,0.00702991,0.9999997392857887,0.9161554414407231
290310.0,214,0.210464,0.286357,0.99,10000,24,11,2.5826e-14,0.00784729,0.9999998392953019,0.9114150690015508
365396.0,320,0.178425,0.386682,0.982859,10000,12,10,8.21114e-06,0.000310113,0.9971344913191547,0.9823899744463559
360821.0,414,0.146196,0.167572,0.99,10000,40,13,1.58634e-13,0.00512054,0.9999996017111601,0.9284420514547824
290310.0,388,0.210464,0.286357,0.99,10000,18,11,6.31153e-10,0.00125143,0.9999748772413936,0.9646244434672753
318472.0,365,0.167439,0.386682,0.981579,10000,12,13,3.8901e-05,0.000263936,0.9937629333817891,0.9837538927739596
465706.0,483,0.0706985,0.67234,0.987418,10000,16,13,0.00394815,3.32443e-05,0.9371656940835661,0.9942342129765313
439910.0,302,0.186131,0.365996,0.99,10000,10,14,0.000144636,0.000164664,0.9879735291959777,0.9871678528686739
468566.0,492,0.0731501,0.717542,0.99,103795,39,15,0.00833913,2.74883e-05,0.9086811629509004,0.994757071429058
338995.0,214,0.194065,0.286357,0.99,10000,24,11,6.5652e-14,0.00708929,0.9999997437735376,0.91580207841045
464139.0,485,0.0731501,0.671143,0.99,10000,22,15,0.00363155,4.17037e-05,0.9397376568659996,0.9935421598037734
295371.0,431,0.155984,0.226264,0.99,10000,40,10,8.27974e-12,0.00232824,0.9999971225462645,0.9517481606568206
209915.0,329,0.186131,0.32727,0.988803,10000,20,14,2.42985e-11,0.00210464,0.99999507064913,0.9541236444341968
464139.0,500,0.0731501,0.636953,0.99,150441,22,15,0.00880695,2.67642e-05,0.9061546484901889,0.994826587199923
405016.0,326,0.155984,0.319517,0.984293,10000,13,11,5.92868e-08,0.000651618,0.9997565111912222,0.9744731905636447
461904.0,410,0.0612115,0.664349,0.99,16920,20,13,0.00334215,5.36714e-05,0.9421886689307364,0.992673923287325
461904.0,500,0.0612115,0.67228,0.989852,10000,22,15,0.00367088,3.65681e-05,0.9394122124516829,0.9939528436434966
462700.0,485,0.0731501,0.705582,0.98861,140205,22,15,0.00883404,2.63183e-05,0.9060104261101265,0.994869863549573
465706.0,483,0.0706985,0.67234,0.99,10000,19,13,0.00371849,3.63167e-05,0.9390205772411709,0.9939736661227575
290310.0,202,0.210464,0.299038,0.99,10000,24,15,2.66245e-14,0.0080409,0.9999998368298434,0.9103289344325607
464139.0,485,0.0731501,0.671143,0.988462,140205,22,15,0.00872608,2.78996e-05,0.9065865106100837,0.9947179928057603
338995.0,214,0.194065,0.286357,0.99,10000,24,15,7.39124e-14,0.00696642,0.9999997281316495,0.9165349174804218
507299.0,452,0.0612115,0.679269,0.99,36096,50,14,0.0054909,3.39404e-05,0.9258993927150391,0.9941741610046277
554484.0,470,0.0612115,0.589076,0.99,141110,18,15,0.00838468,2.96957e-05,0.9084321016949717,0.9945506238889209
418467.0,230,0.333824,0.286357,0.99,11697,27,10,5.55602e-13,0.00465695,0.9999992546128522,0.9317581506698419
719143.0,219,0.0924747,0.672166,0.99,22363,49,13,0.00228423,0.000123277,0.9522063811790737,0.9888969823921603
539908.0,485,0.0612115,0.593532,0.99,28220,22,13,0.00493611,3.65574e-05,0.9297425448795645,0.9939537284215808
417162.0,398,0.155984,0.479177,0.99,10000,17,11,0.0012662,0.000140385,0.9644162958645394,0.9881515823841325
290310.0,214,0.210464,0.367383,0.987098,10000,24,13,8.7406e-13,0.00421412,0.9999990650882394,0.9350837462571969
464498.0,483,0.0706985,0.739429,0.987418,10000,26,13,0.00403677,4.12592e-05,0.9364644194171486,0.993576667531569
505587.0,413,0.146196,0.167572,0.99,10000,41,13,1.13613e-12,0.00361626,0.999998934106009,0.939864652657526
311129.0,294,0.155984,0.294467,0.984974,10000,17,11,5.77888e-12,0.00280009,0.9999975960698846,0.9470841233654775
435076.0,250,0.242825,0.34526,0.99,10000,18,11,5.85775e-10,0.00164641,0.9999757972109046,0.959424021884864
305356.0,244,0.266072,0.34526,0.988589,10000,24,10,1.34943e-12,0.00331709,0.999998838350311,0.9424058162658763
611438.0,203,0.253006,0.381535,0.99,10000,21,13,5.8746e-08,0.0013076,0.9997576242586396,0.9638392477954344
404001.0,217,0.282728,0.321212,0.99,22363,13,17,5.44941e-10,0.00224612,0.9999766560286155,0.9526067515356881
457715.0,216,0.282728,0.381535,0.99,22363,13,16,1.27999e-07,0.000717004,0.9996422305211452,0.9732230696307437
501222.0,389,0.0612115,0.590424,0.99,20737,27,15,0.00315317,8.0697e-05,0.9438469056952336,0.9910168491051302
339448.0,365,0.178425,0.386682,0.981579,10000,12,13,7.91707e-05,0.000233627,0.9911022081390943,0.9847151382080177
513181.0,445,0.0612115,0.514961,0.99,17842,37,15,0.00294835,8.16622e-05,0.9457012891497413,0.9909632859954517
461904.0,485,0.0612115,0.636953,0.99,36096,22,15,0.00524885,3.52028e-05,0.9275510524576098,0.994066805245064
270754.0,284,0.11046,0.67234,0.987418,10000,15,14,0.000440776,0.000220467,0.9790053340107541,0.9851518688044589
376476.0,279,0.153547,0.290857,0.99,10637,15,11,1.39613e-11,0.00242213,0.9999962635176971,0.9507848600530284
417162.0,343,0.155984,0.540795,0.99,10000,17,11,0.00112759,0.000147359,0.9664203930934265,0.9878608484645754
513181.0,489,0.0612115,0.574974,0.99,17842,37,15,0.00383778,4.70652e-05,0.9380501815983291,0.9931395918488767
465706.0,231,0.117287,0.67234,0.987418,10000,18,25,0.000606939,0.000213681,0.9753638679984052,0.985382168423463
461904.0,445,0.0612115,0.628735,0.99,17842,27,11,0.0035143,5.61254e-05,0.940718468305888,0.9925083112718159
407359.0,396,0.109758,0.703885,0.99,10000,25,11,0.00258055,8.20833e-05,0.9492008858344951,0.9909400165563065
465706.0,231,0.156179,0.671109,0.99,10000,15,14,0.000804721,0.000158505,0.9716323952368199,0.9874101231141842
290310.0,343,0.155984,0.319517,0.984293,10000,17,11,5.57356e-10,0.00138471,0.9999763916116603,0.9627883082889261
290310.0,214,0.210464,0.286357,0.99,10000,24,11,2.5826e-14,0.00784729,0.9999998392953019,0.9114150690015508
461904.0,445,0.0612115,0.577523,0.99,10753,27,15,0.00252077,8.04619e-05,0.9497927296101452,0.9910299442588131
365396.0,320,0.178425,0.386682,0.982859,10000,12,13,9.67482e-06,0.000301648,0.9968895627317047,0.9826319834177878
290310.0,343,0.155984,0.319517,0.984293,10000,17,11,5.57356e-10,0.00138471,0.9999763916116603,0.9627883082889261
489536.0,216,0.282728,0.381535,0.99,22363,13,18,2.27116e-06,0.000541166,0.9984929631723146,0.9767370251257497
458737.0,279,0.201274,0.290857,0.99,10000,18,11,6.45436e-11,0.00198917,0.999991966096839,0.9553998878925176
337549.0,215,0.155984,0.576368,0.987418,10765,15,13,5.51177e-06,0.000516754,0.9976522840887364,0.9772677761756576
458737.0,279,0.201274,0.290857,0.989636,10000,18,11,6.45045e-11,0.00199534,0.999991968530645,0.9553307712177611
458880.0,465,0.0612115,0.606876,0.99,17205,23,15,0.00348897,5.34299e-05,0.9409324962437043,0.9926904240889092
465706.0,483,0.0706985,0.67234,0.987418,10000,22,13,0.00359249,4.33397e-05,0.9400626160063688,0.9934167105486694
439910.0,249,0.186131,0.32727,0.988741,10000,17,14,6.25286e-11,0.00202912,0.9999920924972336,0.9549542454830646
481609.0,343,0.110265,0.519309,0.99,10000,17,11,0.00108072,0.000115679,0.9671256939236734,0.9892445827603017
287189.0,302,0.194065,0.286357,0.99,10000,22,11,8.3413e-13,0.003197,0.9999990866928228,0.9434579802270913
290310.0,214,0.210464,0.286357,0.99,10000,24,11,2.5826e-14,0.00784729,0.9999998392953019,0.9114150690015508
365396.0,320,0.178425,0.386682,0.982859,10000,12,10,8.21114e-06,0.000310113,0.9971344913191547,0.9823899744463559
290310.0,388,0.210464,0.286357,0.99,10000,18,11,6.31153e-10,0.00125143,0.9999748772413936,0.9646244434672753
464139.0,485,0.0731501,0.671143,0.99,10000,22,15,0.00363155,4.17037e-05,0.9397376568659996,0.9935421598037734
295371.0,431,0.155984,0.226264,0.99,10000,40,10,8.27974e-12,0.00232824,0.9999971225462645,0.9517481606568206
405016.0,326,0.155984,0.319517,0.984293,10000,13,11,5.92868e-08,0.000651618,0.9997565111912222,0.9744731905636447
461904.0,410,0.0612115,0.664349,0.99,16920,20,13,0.00334215,5.36714e-05,0.9421886689307364,0.992673923287325
290310.0,329,0.184768,0.237112,0.99,10000,24,11,1.95813e-13,0.00426414,0.9999995574923729,0.9346996171527303
461904.0,500,0.0612115,0.67228,0.989995,10000,22,13,0.00366803,3.65037e-05,0.9394357366097795,0.9939581708067837
290310.0,422,0.155839,0.235939,0.984293,10000,20,11,1.44149e-11,0.00210158,0.999996203304068,0.9541570070785076
295371.0,440,0.16102,0.226264,0.99,10000,40,12,1.21498e-11,0.00212034,0.9999965143436773,0.9539528502510741
465706.0,428,0.049815,0.67234,0.989384,10000,11,13,0.00371467,1.5711e-05,0.9390519073309098,0.996036289617038
462576.0,445,0.0612115,0.613687,0.99,10753,27,15,0.00278043,6.84984e-05,0.947270217144388,0.991723623981476
360821.0,407,0.178023,0.167572,0.99,10000,40,13,3.53797e-14,0.00536931,0.9999998119050771,0.9267244242601943
293693.0,490,0.0612115,0.67228,0.989852,10000,22,15,0.00258883,7.9798e-05,0.9491194536192858,0.9910670273704661
426565.0,419,0.163214,0.127718,0.99,10000,30,14,1.52398e-14,0.00871602,0.9999998765504151,0.9066403727513868
461904.0,405,0.0612115,0.584695,0.99,10753,27,15,0.00218895,9.99099e-05,0.9532137840812062,0.9900045060152086
434000.0,343,0.116756,0.519309,0.99,10000,17,11,0.000867541,0.000141907,0.970545951042344,0.9880875275446278
273642.0,431,0.29581,0.226264,0.99,10000,41,10,3.05629e-12,0.00239832,0.9999982517751861,0.9510273545742115
626886.0,343,0.110265,0.519309,0.99,10000,17,11,0.00220279,9.09854e-05,0.9530661103252671,0.9904613732644578
360821.0,412,0.146196,0.167572,0.987179,10000,18,13,1.50119e-13,0.00472321,0.9999996125480675,0.9312743861431562
439910.0,302,0.153381,0.365996,0.984384,10000,10,14,2.80293e-05,0.000155113,0.9947057295120102,0.9875455630396232
290310.0,343,0.185034,0.319517,0.989908,10000,20,11,4.92192e-10,0.00140895,0.999977814599395,0.9624640172634311
290310.0,202,0.210464,0.299038,0.99,10000,24,15,2.66245e-14,0.0080409,0.9999998368298434,0.9103289344325607
462700.0,485,0.0731501,0.740908,0.988462,140205,22,15,0.00893117,2.51357e-05,0.9054951324004948,0.994986448364682
539908.0,485,0.0612115,0.636953,0.99,36096,22,15,0.00575972,3.17682e-05,0.9241071808403456,0.9943636714077336
468566.0,492,0.0731501,0.717542,0.99,103795,39,15,0.00833913,2.74883e-05,0.9086811629509004,0.994757071429058
465706.0,483,0.0706985,0.67234,0.987418,10000,16,13,0.00394815,3.32443e-05,0.9371656940835661,0.9942342129765313
407359.0,396,0.109758,0.703885,0.99,10000,25,11,0.00258055,8.20833e-05,0.9492008858344951,0.9909400165563065
514100.0,343,0.0621087,0.519309,0.99,10000,17,11,0.00126765,0.000118448,0.9643959271992655,0.9891166181726451
360821.0,414,0.146196,0.167572,0.979916,10000,40,13,1.56774e-13,0.00535518,0.9999996040530339,0.9268209046243396
290310.0,214,0.210464,0.367383,0.987098,10000,24,13,8.7406e-13,0.00421412,0.9999990650882394,0.9350837462571969
426565.0,434,0.146196,0.142522,0.99,10000,30,14,7.03866e-14,0.00613914,0.9999997346952696,0.9216473357185603
338995.0,214,0.194065,0.286357,0.99,10000,24,11,6.5652e-14,0.00708929,0.9999997437735376,0.91580207841045
505587.0,413,0.146196,0.167572,0.99,10000,41,13,1.13613e-12,0.00361626,0.999998934106009,0.939864652657526
465706.0,231,0.11046,0.67234,0.987418,10000,15,13,0.000604915,0.00015587,0.9754049801789061,0.9875152092528549
434102.0,428,0.146196,0.142522,0.99,10000,30,14,6.91047e-14,0.00631393,0.9999997371222717,0.9205397583693581
461761.0,279,0.201274,0.263337,0.987119,10000,18,11,3.18789e-12,0.00293575,0.9999982145336743,0.9458174382296296
338995.0,214,0.194065,0.286357,0.989385,10000,22,11,6.79719e-14,0.00702991,0.9999997392857887,0.9161554414407231
209915.0,329,0.186131,0.32727,0.988803,10000,20,14,2.42985e-11,0.00210464,0.99999507064913,0.9541236444341968
611438.0,203,0.253006,0.381535,0.99,10000,21,13,5.8746e-08,0.0013076,0.9997576242586396,0.9638392477954344
220022.0,276,0.210464,0.324602,0.99,10000,18,10,1.19326e-12,0.00330607,0.999998907635592,0.9425015652386954
457715.0,216,0.282728,0.381535,0.99,22363,13,16,1.27999e-07,0.000717004,0.9996422305211452,0.9732230696307437
417162.0,343,0.155984,0.540795,0.99,10000,17,11,0.00112759,0.000147359,0.9664203930934265,0.9878608484645754
290310.0,343,0.160875,0.319517,0.984293,10000,20,11,5.13846e-10,0.00149653,0.9999773318284814,0.961314989983199
439910.0,302,0.186131,0.365996,0.99,10000,10,14,0.000144636,0.000164664,0.9879735291959777,0.9871678528686739
365396.0,233,0.178425,0.303816,0.99,10000,24,12,5.54066e-13,0.0046311,0.9999992556439025,0.9319478141423804
513181.0,445,0.0612115,0.514961,0.99,17842,37,15,0.00294835,8.16622e-05,0.9457012891497413,0.9909632859954517
461904.0,445,0.0612115,0.628735,0.99,17842,27,11,0.0035143,5.61254e-05,0.940718468305888,0.9925083112718159
360821.0,414,0.146196,0.167572,0.99,10000,40,13,1.58634e-13,0.00512054,0.9999996017111601,0.9284420514547824
214351.0,294,0.245444,0.34526,0.99,10000,22,11,3.49685e-12,0.00252993,0.999998130013369,0.9497015904824019
464139.0,500,0.0731501,0.636953,0.99,150441,22,15,0.00880695,2.67642e-05,0.9061546484901889,0.994826587199923
337549.0,251,0.155984,0.509915,0.987418,10765,15,11,1.06986e-05,0.000460255,0.9967291285564853,0.9785464455159524
461904.0,445,0.0612115,0.577523,0.99,17842,27,15,0.00316662,7.06411e-05,0.9437272712586283,0.9915951740053704
290310.0,279,0.143857,0.319517,0.984293,10000,13,16,2.1919e-11,0.00222459,0.9999953182268316,0.9528344405312521
290310.0,214,0.210464,0.34526,0.99,10000,26,11,4.33281e-13,0.0048739,0.9999993417591626,0.9301866774891783
365396.0,320,0.178425,0.386682,0.982859,10000,21,11,9.66932e-06,0.000663656,0.996890446977458,0.9742384783058143
376476.0,279,0.153547,0.290857,0.99,10637,15,11,1.39613e-11,0.00242213,0.9999962635176971,0.9507848600530284
465706.0,483,0.0706985,0.67234,0.99,10000,19,13,0.00371849,3.63167e-05,0.9390205772411709,0.9939736661227575
432373.0,302,0.186131,0.365996,0.956431,10000,10,14,3.60776e-05,0.000364497,0.9939935368143974,0.980908195475545
501222.0,389,0.0612115,0.590424,0.99,20737,27,15,0.00315317,8.0697e-05,0.9438469056952336,0.9910168491051302
290310.0,214,0.210464,0.34526,0.99,10000,22,11,4.51523e-13,0.0047481,0.9999993280453885,0.9310935416669817
290310.0,387,0.210464,0.286357,0.99,10000,24,11,5.86969e-10,0.00141366,0.9999757725568827,0.96240132981075
339448.0,365,0.167439,0.386682,0.981579,10000,12,13,6.95826e-05,0.000232432,0.9916583814520202,0.9847542792889283
465706.0,483,0.0706985,0.67234,0.99,10000,20,13,0.00366858,3.79304e-05,0.9394311961485122,0.993841233889812
417162.0,398,0.155984,0.479177,0.99,10000,17,11,0.0012662,0.000140385,0.9644162958645394,0.9881515823841325
461904.0,445,0.0612115,0.577523,0.99,10753,27,15,0.00252077,8.04619e-05,0.9497927296101452,0.9910299442588131
365396.0,320,0.178425,0.386682,0.982859,10000,12,13,9.67482e-06,0.000301648,0.9968895627317047,0.9826319834177878
489536.0,216,0.282728,0.381535,0.99,22363,13,18,2.27116e-06,0.000541166,0.9984929631723146,0.9767370251257497
458737.0,279,0.201274,0.290857,0.99,10000,18,11,6.45436e-11,0.00198917,0.999991966096839,0.9553998878925176
337549.0,215,0.155984,0.576368,0.987418,10765,15,13,5.51177e-06,0.000516754,0.9976522840887364,0.9772677761756576
458737.0,279,0.201274,0.290857,0.989636,10000,18,11,6.45045e-11,0.00199534,0.999991968530645,0.9553307712177611
465706.0,483,0.0706985,0.67234,0.987418,10000,22,13,0.00359249,4.33397e-05,0.9400626160063688,0.9934167105486694
439910.0,249,0.186131,0.32727,0.988741,10000,17,14,6.25286e-11,0.00202912,0.9999920924972336,0.9549542454830646
287189.0,302,0.194065,0.286357,0.99,10000,22,11,8.3413e-13,0.003197,0.9999990866928228,0.9434579802270913
365396.0,320,0.178425,0.386682,0.982859,10000,12,10,8.21114e-06,0.000310113,0.9971344913191547,0.9823899744463559
405016.0,326,0.155984,0.319517,0.984293,10000,13,11,5.92868e-08,0.000651618,0.9997565111912222,0.9744731905636447
290310.0,329,0.184768,0.237112,0.99,10000,24,11,1.95813e-13,0.00426414,0.9999995574923729,0.9346996171527303
461904.0,500,0.0612115,0.67228,0.989995,10000,22,13,0.00366803,3.65037e-05,0.9394357366097795,0.9939581708067837
290310.0,422,0.155839,0.235939,0.984293,10000,20,11,1.44149e-11,0.00210158,0.999996203304068,0.9541570070785076
295371.0,440,0.16102,0.226264,0.99,10000,40,12,1.21498e-11,0.00212034,0.9999965143436773,0.9539528502510741
465706.0,428,0.049815,0.67234,0.989384,10000,11,13,0.00371467,1.5711e-05,0.9390519073309098,0.996036289617038
462576.0,445,0.0612115,0.613687,0.99,10753,27,15,0.00278043,6.84984e-05,0.947270217144388,0.991723623981476
360821.0,407,0.178023,0.167572,0.99,10000,40,13,3.53797e-14,0.00536931,0.9999998119050771,0.9267244242601943
293693.0,490,0.0612115,0.67228,0.989852,10000,22,15,0.00258883,7.9798e-05,0.9491194536192858,0.9910670273704661
434000.0,343,0.116756,0.519309,0.99,10000,17,11,0.000867541,0.000141907,0.970545951042344,0.9880875275446278
360821.0,412,0.146196,0.167572,0.987179,10000,18,13,1.50119e-13,0.00472321,0.9999996125480675,0.9312743861431562
439910.0,302,0.153381,0.365996,0.984384,10000,10,14,2.80293e-05,0.000155113,0.9947057295120102,0.9875455630396232
321616.0,434,0.164752,0.142522,0.99,10000,37,13,1.26652e-14,0.00753967,0.9999998874602293,0.9131687268318609
434000.0,343,0.116756,0.519309,0.99,10000,17,11,0.000867541,0.000141907,0.970545951042344,0.9880875275446278
465706.0,483,0.0706985,0.633059,0.99,10000,22,13,0.00327106,4.5345e-05,0.9428068185882268,0.9932661303843926
365396.0,317,0.178425,0.299281,0.99,10000,12,11,1.4653e-10,0.00104162,0.999987895042338,0.9677258617465935
290310.0,409,0.207408,0.286357,0.99,10000,18,11,6.95366e-09,0.000997693,0.9999166113916653,0.968413721333465
345387.0,389,0.181079,0.167572,0.99,10000,40,13,2.45353e-14,0.00619713,0.9999998433625205,0.9212781478876417
461761.0,312,0.201274,0.263337,0.987119,10000,18,11,8.47156e-11,0.00191284,0.9999907958922214,0.9562639736601506
360821.0,412,0.146196,0.203391,0.987179,10000,15,13,2.80437e-12,0.002369,0.9999983253746688,0.9513276259054482
464139.0,430,0.0731501,0.671143,0.99,10000,21,15,0.00300302,4.95212e-05,0.9452001824820556,0.9929628699031494
244736.0,483,0.0706985,0.693101,0.99,10000,19,13,0.00234683,8.53404e-05,0.9515559085130085,0.9907620132063312
305486.0,431,0.194993,0.226264,0.989961,10000,41,10,5.06216e-12,0.00221784,0.9999977500755568,0.9529060513441483
434000.0,335,0.116756,0.519309,0.99,10000,13,11,0.000948846,8.75517e-05,0.9691966560256845,0.9906430934599089
431155.0,500,0.0731501,0.671143,0.99,10000,19,15,0.00361642,3.73231e-05,0.9398633223398565,0.9938907365419389
458737.0,273,0.201274,0.191603,0.989725,10000,18,10,1.48117e-14,0.00809116,0.9999998782966721,0.9100491245178792
462700.0,485,0.0731501,0.740908,0.988462,140205,22,15,0.00893117,2.51357e-05,0.9054951324004948,0.994986448364682
464139.0,485,0.0643338,0.671143,0.99,26079,17,13,0.00495207,3.1433e-05,0.929629054290851,0.9943934859315258
468566.0,447,0.0731501,0.717542,0.99,94797,38,14,0.00785111,3.09207e-05,0.9113935103956826,0.9944393615474479
325807.0,407,0.16837,0.167572,0.99,10000,40,11,3.65265e-14,0.00588588,0.9999998088809272,0.9232805109506066
290310.0,214,0.210464,0.286357,0.99,10000,24,11,2.5826e-14,0.00784729,0.9999998392953019,0.9114150690015508
481609.0,343,0.110265,0.519309,0.99,10000,17,11,0.00108072,0.000115679,0.9671256939236734,0.9892445827603017
220022.0,276,0.210464,0.324602,0.99,10000,18,10,1.19326e-12,0.00330607,0.999998907635592,0.9425015652386954
465706.0,483,0.0706985,0.67234,0.987418,10000,16,13,0.00394815,3.32443e-05,0.9371656940835661,0.9942342129765313
461904.0,405,0.0612115,0.584695,0.99,10753,27,15,0.00218895,9.99099e-05,0.9532137840812062,0.9900045060152086
273642.0,431,0.29581,0.226264,0.99,10000,41,10,3.05629e-12,0.00239832,0.9999982517751861,0.9510273545742115
360821.0,414,0.146196,0.167572,0.99,10000,40,13,1.58634e-13,0.00512054,0.9999996017111601,0.9284420514547824
505587.0,413,0.146196,0.167572,0.99,10000,41,13,1.13613e-12,0.00361626,0.999998934106009,0.939864652657526
428452.0,413,0.146196,0.167572,0.99,10000,36,13,2.98383e-13,0.00439574,0.9999994537555492,0.9336996229271658
465706.0,231,0.11046,0.67234,0.987418,10000,15,13,0.000604915,0.00015587,0.9754049801789061,0.9875152092528549
468566.0,492,0.0731501,0.717542,0.99,103795,39,15,0.00833913,2.74883e-05,0.9086811629509004,0.994757071429058
290310.0,214,0.210464,0.367383,0.987098,10000,24,13,8.7406e-13,0.00421412,0.9999990650882394,0.9350837462571969
360821.0,414,0.146196,0.167572,0.979916,10000,40,13,1.56774e-13,0.00535518,0.9999996040530339,0.9268209046243396
458737.0,294,0.201274,0.290857,0.989911,10000,18,11,4.3127e-10,0.00160136,0.9999792329588049,0.9599830036109656
407359.0,396,0.109758,0.703885,0.99,10000,25,11,0.00258055,8.20833e-05,0.9492008858344951,0.9909400165563065
209915.0,329,0.186131,0.32727,0.988803,10000,20,14,2.42985e-11,0.00210464,0.99999507064913,0.9541236444341968
439910.0,302,0.186131,0.365996,0.99,10000,10,14,0.000144636,0.000164664,0.9879735291959777,0.9871678528686739
464139.0,500,0.0731501,0.636953,0.99,150441,22,15,0.00880695,2.67642e-05,0.9061546484901889,0.994826587199923
513181.0,445,0.0612115,0.514961,0.99,17842,37,15,0.00294835,8.16622e-05,0.9457012891497413,0.9909632859954517
290310.0,388,0.210464,0.286357,0.99,10000,18,11,6.31153e-10,0.00125143,0.9999748772413936,0.9646244434672753
282562.0,417,0.178023,0.302923,0.99,10000,37,12,9.66574e-08,0.000921586,0.9996891022676184,0.9696423650460053
626886.0,343,0.110265,0.519309,0.99,10000,17,11,0.00220279,9.09854e-05,0.9530661103252671,0.9904613732644578
461904.0,410,0.0612115,0.664349,0.99,16920,20,13,0.00334215,5.36714e-05,0.9421886689307364,0.992673923287325
339448.0,365,0.167439,0.386682,0.981579,10000,12,13,6.95826e-05,0.000232432,0.9916583814520202,0.9847542792889283
457715.0,216,0.282728,0.381535,0.99,22363,13,16,1.27999e-07,0.000717004,0.9996422305211452,0.9732230696307437
458880.0,465,0.0612115,0.606876,0.99,17205,23,15,0.00348897,5.34299e-05,0.9409324962437043,0.9926904240889092
395743.0,388,0.075627,0.304901,0.99,10000,18,11,8.73643e-06,0.000581707,0.9970442547471069,0.9758813972212319
465706.0,483,0.0706985,0.67234,0.99,10000,19,13,0.00371849,3.63167e-05,0.9390205772411709,0.9939736661227575
290310.0,214,0.210464,0.286357,0.99,10000,24,11,2.5826e-14,0.00784729,0.9999998392953019,0.9114150690015508
290310.0,279,0.143857,0.319517,0.984293,10000,13,16,2.1919e-11,0.00222459,0.9999953182268316,0.9528344405312521
432373.0,302,0.186131,0.365996,0.956431,10000,10,14,3.60776e-05,0.000364497,0.9939935368143974,0.980908195475545
290310.0,343,0.185034,0.319517,0.989908,10000,20,11,4.92192e-10,0.00140895,0.999977814599395,0.9624640172634311
501222.0,389,0.0612115,0.590424,0.99,20737,27,15,0.00315317,8.0697e-05,0.9438469056952336,0.9910168491051302
290310.0,438,0.173966,0.286357,0.99,10000,24,14,1.1989e-07,0.00086225,0.999653748646212,0.970635906279948
461904.0,445,0.0612115,0.577523,0.99,17842,27,15,0.00316662,7.06411e-05,0.9437272712586283,0.9915951740053704
337549.0,251,0.155984,0.509915,0.987418,10765,15,11,1.06986e-05,0.000460255,0.9967291285564853,0.9785464455159524
464139.0,485,0.0731501,0.671143,0.99,10000,22,15,0.00363155,4.17037e-05,0.9397376568659996,0.9935421598037734
295371.0,431,0.155984,0.226264,0.99,10000,40,10,8.27974e-12,0.00232824,0.9999971225462645,0.9517481606568206
290310.0,343,0.155984,0.319517,0.984293,10000,17,11,5.57356e-10,0.00138471,0.9999763916116603,0.9627883082889261
359101.0,251,0.155984,0.509915,0.987418,10765,15,12,2.40717e-05,0.000410595,0.9950937081211978,0.9797368561175714
489536.0,216,0.282728,0.381535,0.99,22363,13,18,2.27116e-06,0.000541166,0.9984929631723146,0.9767370251257497
337549.0,215,0.155984,0.576368,0.987418,10765,15,13,5.51177e-06,0.000516754,0.9976522840887364,0.9772677761756576
465706.0,483,0.0706985,0.67234,0.987418,10000,22,13,0.00359249,4.33397e-05,0.9400626160063688,0.9934167105486694
287189.0,302,0.194065,0.286357,0.99,10000,22,11,8.3413e-13,0.003197,0.9999990866928228,0.9434579802270913
290310.0,329,0.184768,0.237112,0.99,10000,24,11,1.95813e-13,0.00426414,0.9999995574923729,0.9346996171527303
461904.0,500,0.0612115,0.67228,0.989995,10000,22,13,0.00366803,3.65037e-05,0.9394357366097795,0.9939581708067837
465706.0,428,0.049815,0.67234,0.989384,10000,11,13,0.00371467,1.5711e-05,0.9390519073309098,0.996036289617038
462576.0,445,0.0612115,0.613687,0.99,10753,27,15,0.00278043,6.84984e-05,0.947270217144388,0.991723623981476
360821.0,407,0.178023,0.167572,0.99,10000,40,13,3.53797e-14,0.00536931,0.9999998119050771,0.9267244242601943
434000.0,343,0.116756,0.519309,0.99,10000,17,11,0.000867541,0.000141907,0.970545951042344,0.9880875275446278
360821.0,412,0.146196,0.167572,0.987179,10000,18,13,1.50119e-13,0.00472321,0.9999996125480675,0.9312743861431562
439910.0,302,0.153381,0.365996,0.984384,10000,10,14,2.80293e-05,0.000155113,0.9947057295120102,0.9875455630396232
321616.0,434,0.164752,0.142522,0.99,10000,37,13,1.26652e-14,0.00753967,0.9999998874602293,0.9131687268318609
434000.0,343,0.116756,0.519309,0.99,10000,17,11,0.000867541,0.000141907,0.970545951042344,0.9880875275446278
365396.0,317,0.178425,0.299281,0.99,10000,12,11,1.4653e-10,0.00104162,0.999987895042338,0.9677258617465935
345387.0,389,0.181079,0.167572,0.99,10000,40,13,2.45353e-14,0.00619713,0.9999998433625205,0.9212781478876417
360821.0,412,0.146196,0.203391,0.987179,10000,15,13,2.80437e-12,0.002369,0.9999983253746688,0.9513276259054482
244736.0,483,0.0706985,0.693101,0.99,10000,19,13,0.00234683,8.53404e-05,0.9515559085130085,0.9907620132063312
434000.0,335,0.116756,0.519309,0.99,10000,13,11,0.000948846,8.75517e-05,0.9691966560256845,0.9906430934599089
431155.0,500,0.0731501,0.671143,0.99,10000,19,15,0.00361642,3.73231e-05,0.9398633223398565,0.9938907365419389
465706.0,428,0.049815,0.613838,0.939249,10000,11,11,0.00287008,4.45014e-05,0.9464268724078947,0.9933290630343257
461904.0,452,0.0612115,0.55527,0.99,10753,23,18,0.00242681,7.89165e-05,0.9507373366534045,0.9911165040665287
305486.0,431,0.194993,0.226264,0.989993,10000,34,10,5.05478e-12,0.00220282,0.9999977517162101,0.953065790727871
432373.0,307,0.143397,0.365996,0.956431,10000,10,14,6.94636e-06,0.00029454,0.9973644051904741,0.9828378323047466
424130.0,306,0.201274,0.306324,0.99,20886,13,11,5.0976e-07,0.000581403,0.9992860252105291,0.9758877002341129
465706.0,483,0.0706985,0.67234,0.987418,10000,22,13,0.00359249,4.33397e-05,0.9400626160063688,0.9934167105486694
461761.0,312,0.231717,0.202961,0.987119,10000,45,10,6.19126e-14,0.00534319,0.9999997511775733,0.9269028728334691
242352.0,427,0.222274,0.255549,0.99,10000,14,10,1.01441e-11,0.00143624,0.9999968150196233,0.9621022428104248
363096.0,302,0.210114,0.318845,0.99,10000,10,12,2.79947e-10,0.000611357,0.9999832683832222,0.9752743655288686
439910.0,302,0.153381,0.382638,0.984384,10000,10,14,0.000101778,0.00014478,0.9899114916860816,0.9879675438916238
458737.0,279,0.201274,0.255383,0.99,10000,18,11,1.33255e-12,0.0031848,0.9999988456387048,0.9435659677145076
461904.0,445,0.0612115,0.577523,0.99,10753,27,15,0.00252077,8.04619e-05,0.9497927296101452,0.9910299442588131
365396.0,320,0.178425,0.386682,0.982859,10000,12,13,9.67482e-06,0.000301648,0.9968895627317047,0.9826319834177878
458737.0,279,0.201274,0.290857,0.99,10000,18,11,6.45436e-11,0.00198917,0.999991966096839,0.9553998878925176
458737.0,279,0.201274,0.290857,0.989636,10000,18,11,6.45045e-11,0.00199534,0.999991968530645,0.9553307712177611
439910.0,249,0.186131,0.32727,0.988741,10000,17,14,6.25286e-11,0.00202912,0.9999920924972336,0.9549542454830646
365396.0,320,0.178425,0.386682,0.982859,10000,12,10,8.21114e-06,0.000310113,0.9971344913191547,0.9823899744463559
405016.0,326,0.155984,0.319517,0.984293,10000,13,11,5.92868e-08,0.000651618,0.9997565111912222,0.9744731905636447
290310.0,422,0.155839,0.235939,0.984293,10000,20,11,1.44149e-11,0.00210158,0.999996203304068,0.9541570070785076
295371.0,440,0.16102,0.226264,0.99,10000,40,12,1.21498e-11,0.00212034,0.9999965143436773,0.9539528502510741
293693.0,490,0.0612115,0.67228,0.989852,10000,22,15,0.00258883,7.9798e-05,0.9491194536192858,0.9910670273704661
465706.0,483,0.0706985,0.633059,0.99,10000,22,13,0.00327106,4.5345e-05,0.9428068185882268,0.9932661303843926
290310.0,409,0.207408,0.286357,0.99,10000,18,11,6.95366e-09,0.000997693,0.9999166113916653,0.968413721333465
461761.0,312,0.201274,0.263337,0.987119,10000,18,11,8.47156e-11,0.00191284,0.9999907958922214,0.9562639736601506
464139.0,430,0.0731501,0.671143,0.99,10000,21,15,0.00300302,4.95212e-05,0.9452001824820556,0.9929628699031494
305486.0,431,0.194993,0.226264,0.989961,10000,41,10,5.06216e-12,0.00221784,0.9999977500755568,0.9529060513441483
458737.0,273,0.201274,0.191603,0.989725,10000,18,10,1.48117e-14,0.00809116,0.9999998782966721,0.9100491245178792
462700.0,485,0.0731501,0.740908,0.988462,140205,22,15,0.00893117,2.51357e-05,0.9054951324004948,0.994986448364682
464139.0,485,0.0643338,0.671143,0.99,26079,17,13,0.00495207,3.1433e-05,0.929629054290851,0.9943934859315258
468566.0,447,0.0731501,0.717542,0.99,94797,38,14,0.00785111,3.09207e-05,0.9113935103956826,0.9944393615474479
325807.0,407,0.16837,0.167572,0.99,10000,40,11,3.65265e-14,0.00588588,0.9999998088809272,0.9232805109506066
481609.0,343,0.110265,0.519309,0.99,10000,17,11,0.00108072,0.000115679,0.9671256939236734,0.9892445827603017
220022.0,276,0.210464,0.324602,0.99,10000,18,10,1.19326e-12,0.00330607,0.999998907635592,0.9425015652386954
465706.0,483,0.0706985,0.67234,0.987418,10000,16,13,0.00394815,3.32443e-05,0.9371656940835661,0.9942342129765313
273642.0,431,0.29581,0.226264,0.99,10000,41,10,3.05629e-12,0.00239832,0.9999982517751861,0.9510273545742115
360821.0,414,0.146196,0.167572,0.99,10000,40,13,1.58634e-13,0.00512054,0.9999996017111601,0.9284420514547824
505587.0,413,0.146196,0.167572,0.99,10000,41,13,1.13613e-12,0.00361626,0.999998934106009,0.939864652657526
428452.0,413,0.146196,0.167572,0.99,10000,36,13,2.98383e-13,0.00439574,0.9999994537555492,0.9336996229271658
465706.0,231,0.11046,0.67234,0.987418,10000,15,13,0.000604915,0.00015587,0.9754049801789061,0.9875152092528549
468566.0,492,0.0731501,0.717542,0.99,103795,39,15,0.00833913,2.74883e-05,0.9086811629509004,0.994757071429058
290310.0,214,0.210464,0.367383,0.987098,10000,24,13,8.7406e-13,0.00421412,0.9999990650882394,0.9350837462571969
360821.0,414,0.146196,0.167572,0.979916,10000,40,13,1.56774e-13,0.00535518,0.9999996040530339,0.9268209046243396
439910.0,302,0.186131,0.365996,0.99,10000,10,14,0.000144636,0.000164664,0.9879735291959777,0.9871678528686739
464139.0,500,0.0731501,0.636953,0.99,150441,22,15,0.00880695,2.67642e-05,0.9061546484901889,0.994826587199923
626886.0,343,0.110265,0.519309,0.99,10000,17,11,0.00220279,9.09854e-05,0.9530661103252671,0.9904613732644578
339448.0,365,0.167439,0.386682,0.981579,10000,12,13,6.95826e-05,0.000232432,0.9916583814520202,0.9847542792889283
465706.0,483,0.0706985,0.67234,0.99,10000,19,13,0.00371849,3.63167e-05,0.9390205772411709,0.9939736661227575
464139.0,485,0.0731501,0.671143,0.99,10000,22,15,0.00363155,4.17037e-05,0.9397376568659996,0.9935421598037734
465706.0,483,0.0706985,0.518428,0.99,10000,41,10,0.00230376,8.98334e-05,0.9520025000651076,0.9905219516776923
570402.0,445,0.0612115,0.636025,0.99,10753,23,15,0.00364772,4.12333e-05,0.9396036424939385,0.9935786839355161
439910.0,302,0.186131,0.184784,0.99,10000,19,14,2.47642e-14,0.00699485,0.9999998426335487,0.916364780146161
220022.0,276,0.210464,0.418266,0.99,10000,18,14,2.59852e-10,0.00151339,0.9999838800744418,0.9610976864441201
439910.0,302,0.186131,0.365996,0.99,10000,17,14,7.84589e-06,0.000518469,0.9971989484117567,0.9772300856391597
432373.0,302,0.186131,0.365996,0.99,10000,10,17,0.000115799,0.000165134,0.9892390056221555,0.9871495525369737
365396.0,320,0.23964,0.30257,0.982859,10000,12,10,4.03662e-10,0.00102013,0.9999799086585813,0.9680605259905553
465706.0,483,0.0706985,0.67234,0.987418,10000,16,10,0.00393621,3.33205e-05,0.9372607778180189,0.9942276088143647
365396.0,320,0.178425,0.386682,0.982859,10000,12,10,8.21114e-06,0.000310113,0.9971344913191547,0.9823899744463559
290310.0,409,0.140621,0.333508,0.99,10000,18,12,3.67438e-06,0.000554036,0.9980831327641174,0.9764620306738241
461761.0,312,0.201274,0.263337,0.987119,10000,18,13,9.67806e-11,0.00188824,0.9999901622868511,0.9565461163991065
464139.0,357,0.0731501,0.609502,0.99,10000,19,16,0.00176341,9.16656e-05,0.9580070243969304,0.9904257846274486
287189.0,302,0.194065,0.286357,0.99,10000,22,11,8.3413e-13,0.003197,0.9999990866928228,0.9434579802270913
290310.0,329,0.184768,0.237112,0.99,10000,24,11,1.95813e-13,0.00426414,0.9999995574923729,0.9346996171527303
465706.0,428,0.049815,0.67234,0.989384,10000,11,13,0.00371467,1.5711e-05,0.9390519073309098,0.996036289617038
360821.0,407,0.178023,0.167572,0.99,10000,40,13,3.53797e-14,0.00536931,0.9999998119050771,0.9267244242601943
360821.0,412,0.146196,0.167572,0.987179,10000,18,13,1.50119e-13,0.00472321,0.9999996125480675,0.9312743861431562
439910.0,302,0.153381,0.365996,0.984384,10000,10,14,2.80293e-05,0.000155113,0.9947057295120102,0.9875455630396232
321616.0,434,0.164752,0.142522,0.99,10000,37,13,1.26652e-14,0.00753967,0.9999998874602293,0.9131687268318609
365396.0,317,0.178425,0.299281,0.99,10000,12,11,1.4653e-10,0.00104162,0.999987895042338,0.9677258617465935
345387.0,389,0.181079,0.167572,0.99,10000,40,13,2.45353e-14,0.00619713,0.9999998433625205,0.9212781478876417
360821.0,412,0.146196,0.203391,0.987179,10000,15,13,2.80437e-12,0.002369,0.9999983253746688,0.9513276259054482
434000.0,335,0.116756,0.519309,0.99,10000,13,11,0.000948846,8.75517e-05,0.9691966560256845,0.9906430934599089
305486.0,431,0.194993,0.226264,0.989993,10000,34,10,5.05478e-12,0.00220282,0.9999977517162101,0.953065790727871
432373.0,307,0.143397,0.365996,0.956431,10000,10,14,6.94636e-06,0.00029454,0.9973644051904741,0.9828378323047466
363096.0,302,0.210114,0.318845,0.99,10000,10,12,2.79947e-10,0.000611357,0.9999832683832222,0.9752743655288686
439910.0,302,0.153381,0.382638,0.984384,10000,10,14,0.000101778,0.00014478,0.9899114916860816,0.9879675438916238
458737.0,279,0.201274,0.255383,0.99,10000,18,11,1.33255e-12,0.0031848,0.9999988456387048,0.9435659677145076
434000.0,284,0.116756,0.680018,0.99,10000,13,11,0.00153495,7.72046e-05,0.960821562052578,0.9912133851797179
305486.0,431,0.194993,0.226264,0.989993,10000,34,10,5.05478e-12,0.00220282,0.9999977517162101,0.953065790727871
379743.0,281,0.211485,0.365996,0.976184,10000,10,14,2.17852e-08,0.000457304,0.9998524018970312,0.9786153325955254
434000.0,377,0.116756,0.523575,0.99,10803,13,12,0.00170032,7.4805e-05,0.9587650633564206,0.9913510116198483
452762.0,348,0.153381,0.365996,0.984384,10000,10,14,0.000514702,0.000132372,0.9773129552387271,0.988494696874919
434000.0,322,0.116756,0.519309,0.99,10000,13,11,0.000766883,9.40546e-05,0.9723073475448811,0.9903018249139336
434000.0,335,0.116756,0.467471,0.99,10000,13,11,0.000516107,0.000109594,0.9772820115327082,0.98953128470155
440721.0,389,0.181079,0.167572,0.99,10000,40,13,5.95346e-14,0.00503004,0.9999997560028688,0.9290772250965883
350191.0,412,0.146196,0.180384,0.99,10000,15,13,2.84863e-13,0.0035665,0.999999466274415,0.9402798191563354
356017.0,389,0.181079,0.157465,0.986839,10000,40,15,1.58925e-14,0.00714802,0.9999998739345408,0.9154540361696668
220022.0,276,0.210464,0.225003,0.987177,10000,18,10,3.21945e-15,0.00876241,0.9999999432598026,0.9063922545939707
321616.0,434,0.227453,0.142522,0.99,10000,37,13,3.74077e-15,0.00774262,0.9999999388381655,0.9120078412584394
441177.0,346,0.049815,0.615442,0.989384,10000,11,13,0.00176836,2.63126e-05,0.9579481272711904,0.9948704191204348
365396.0,317,0.180928,0.268877,0.99,10000,10,11,5.93061e-12,0.00119274,0.9999975647156224,0.9654639318972179
292596.0,415,0.16017,0.167572,0.987179,10000,18,18,4.99025e-14,0.0053623,0.9999997766113252,0.9267722730108329
465706.0,428,0.049815,0.67234,0.99,10000,11,16,0.00372453,1.54516e-05,0.9389710724328209,0.9960691476751219
296417.0,329,0.184768,0.237112,0.99,10000,24,11,2.10375e-13,0.00418272,0.9999995413334545,0.9353260485202891
365396.0,317,0.178425,0.363716,0.99,10000,12,11,5.43648e-07,0.000372567,0.9992626751055336,0.9806980052844272
489536.0,216,0.282728,0.381535,0.99,22363,13,18,2.27116e-06,0.000541166,0.9984929631723146,0.9767370251257497
337549.0,215,0.155984,0.576368,0.987418,10765,15,13,5.51177e-06,0.000516754,0.9976522840887364,0.9772677761756576
465706.0,483,0.0706985,0.67234,0.987418,10000,22,13,0.00359249,4.33397e-05,0.9400626160063688,0.9934167105486694
461904.0,500,0.0612115,0.67228,0.989995,10000,22,13,0.00366803,3.65037e-05,0.9394357366097795,0.9939581708067837
434000.0,343,0.116756,0.519309,0.99,10000,17,11,0.000867541,0.000141907,0.970545951042344,0.9880875275446278
434000.0,343,0.116756,0.519309,0.99,10000,17,11,0.000867541,0.000141907,0.970545951042344,0.9880875275446278
431155.0,500,0.0731501,0.671143,0.99,10000,19,15,0.00361642,3.73231e-05,0.9398633223398565,0.9938907365419389
465706.0,428,0.049815,0.613838,0.939249,10000,11,11,0.00287008,4.45014e-05,0.9464268724078947,0.9933290630343257
424130.0,306,0.201274,0.306324,0.99,20886,13,11,5.0976e-07,0.000581403,0.9992860252105291,0.9758877002341129
465706.0,483,0.0706985,0.67234,0.987418,10000,22,13,0.00359249,4.33397e-05,0.9400626160063688,0.9934167105486694
461761.0,312,0.231717,0.202961,0.987119,10000,45,10,6.19126e-14,0.00534319,0.9999997511775733,0.9269028728334691
242352.0,427,0.222274,0.255549,0.99,10000,14,10,1.01441e-11,0.00143624,0.9999968150196233,0.9621022428104248
365396.0,320,0.178425,0.386682,0.982859,10000,12,13,9.67482e-06,0.000301648,0.9968895627317047,0.9826319834177878
365396.0,320,0.178425,0.386682,0.982859,10000,12,10,8.21114e-06,0.000310113,0.9971344913191547,0.9823899744463559
405016.0,326,0.155984,0.319517,0.984293,10000,13,11,5.92868e-08,0.000651618,0.9997565111912222,0.9744731905636447
290310.0,409,0.207408,0.286357,0.99,10000,18,11,6.95366e-09,0.000997693,0.9999166113916653,0.968413721333465
305486.0,431,0.194993,0.226264,0.989961,10000,41,10,5.06216e-12,0.00221784,0.9999977500755568,0.9529060513441483
462700.0,485,0.0731501,0.740908,0.988462,140205,22,15,0.00893117,2.51357e-05,0.9054951324004948,0.994986448364682
325807.0,407,0.16837,0.167572,0.99,10000,40,11,3.65265e-14,0.00588588,0.9999998088809272,0.9232805109506066
481609.0,343,0.110265,0.519309,0.99,10000,17,11,0.00108072,0.000115679,0.9671256939236734,0.9892445827603017
220022.0,276,0.210464,0.324602,0.99,10000,18,10,1.19326e-12,0.00330607,0.999998907635592,0.9425015652386954
465706.0,483,0.0706985,0.67234,0.987418,10000,16,13,0.00394815,3.32443e-05,0.9371656940835661,0.9942342129765313
273642.0,431,0.29581,0.226264,0.99,10000,41,10,3.05629e-12,0.00239832,0.9999982517751861,0.9510273545742115
360821.0,414,0.146196,0.167572,0.99,10000,40,13,1.58634e-13,0.00512054,0.9999996017111601,0.9284420514547824
428452.0,413,0.146196,0.167572,0.99,10000,36,13,2.98383e-13,0.00439574,0.9999994537555492,0.9336996229271658
465706.0,231,0.11046,0.67234,0.987418,10000,15,13,0.000604915,0.00015587,0.9754049801789061,0.9875152092528549
290310.0,214,0.210464,0.367383,0.987098,10000,24,13,8.7406e-13,0.00421412,0.9999990650882394,0.9350837462571969
464139.0,500,0.0731501,0.636953,0.99,150441,22,15,0.00880695,2.67642e-05,0.9061546484901889,0.994826587199923
465706.0,483,0.0706985,0.67234,0.99,10000,19,13,0.00371849,3.63167e-05,0.9390205772411709,0.9939736661227575
439910.0,302,0.186131,0.184784,0.99,10000,19,14,2.47642e-14,0.00699485,0.9999998426335487,0.916364780146161
365396.0,320,0.23964,0.30257,0.982859,10000,12,10,4.03662e-10,0.00102013,0.9999799086585813,0.9680605259905553
465706.0,483,0.0706985,0.67234,0.987418,10000,16,10,0.00393621,3.33205e-05,0.9372607778180189,0.9942276088143647
365396.0,320,0.178425,0.386682,0.982859,10000,12,10,8.21114e-06,0.000310113,0.9971344913191547,0.9823899744463559
464139.0,357,0.0731501,0.609502,0.99,10000,19,16,0.00176341,9.16656e-05,0.9580070243969304,0.9904257846274486
439910.0,302,0.0748263,0.382638,0.984384,10000,10,14,3.03872e-05,0.000157766,0.9944875413833753,0.9874395063791267
290310.0,323,0.176486,0.209651,0.99,10000,22,10,3.59702e-14,0.00623551,0.9999998103418866,0.9210347544802145
360821.0,414,0.146196,0.194255,0.981121,10000,40,13,1.04679e-12,0.00355363,0.999998976872442,0.9403876690608395
514647.0,483,0.0706985,0.67234,0.99,10000,14,13,0.00472898,2.73279e-05,0.9312324204293912,0.9947723906037271
434000.0,344,0.116756,0.528765,0.99,10000,10,11,0.0019535,5.99013e-05,0.9558015837387809,0.9922604069874443
431155.0,500,0.0731501,0.671143,0.99,10000,14,14,0.00410652,2.81765e-05,0.9359178652040991,0.9946918458952287
365396.0,317,0.178425,0.299281,0.99,10000,12,12,1.57352e-10,0.00104461,0.999987455997449,0.9676795730226224
315509.0,434,0.164752,0.142522,0.99,10000,37,13,1.06749e-14,0.00789266,0.9999998966805923,0.9111593561482133
465706.0,483,0.0706985,0.67234,0.987418,10000,22,13,0.00359249,4.33397e-05,0.9400626160063688,0.9934167105486694
448932.0,439,0.0731501,0.740908,0.988462,147380,22,15,0.00878264,2.74816e-05,0.9062842595931718,0.9947577104238701
458737.0,273,0.201274,0.191603,0.989725,10000,18,10,1.48117e-14,0.00809116,0.9999998782966721,0.9100491245178792
464139.0,485,0.0643338,0.671143,0.99,26079,17,13,0.00495207,3.1433e-05,0.929629054290851,0.9943934859315258
465706.0,428,0.049815,0.67234,0.989384,10000,11,13,0.00371467,1.5711e-05,0.9390519073309098,0.996036289617038
360821.0,407,0.178023,0.167572,0.99,10000,40,13,3.53797e-14,0.00536931,0.9999998119050771,0.9267244242601943
439910.0,302,0.153381,0.365996,0.984384,10000,10,14,2.80293e-05,0.000155113,0.9947057295120102,0.9875455630396232
345387.0,389,0.181079,0.167572,0.99,10000,40,13,2.45353e-14,0.00619713,0.9999998433625205,0.9212781478876417
434000.0,335,0.116756,0.519309,0.99,10000,13,11,0.000948846,8.75517e-05,0.9691966560256845,0.9906430934599089
432373.0,307,0.143397,0.365996,0.956431,10000,10,14,6.94636e-06,0.00029454,0.9973644051904741,0.9828378323047466
363096.0,302,0.210114,0.318845,0.99,10000,10,12,2.79947e-10,0.000611357,0.9999832683832222,0.9752743655288686
439910.0,302,0.153381,0.382638,0.984384,10000,10,14,0.000101778,0.00014478,0.9899114916860816,0.9879675438916238
434000.0,284,0.116756,0.680018,0.99,10000,13,11,0.00153495,7.72046e-05,0.960821562052578,0.9912133851797179
379743.0,281,0.211485,0.365996,0.976184,10000,10,14,2.17852e-08,0.000457304,0.9998524018970312,0.9786153325955254
434000.0,377,0.116756,0.523575,0.99,10803,13,12,0.00170032,7.4805e-05,0.9587650633564206,0.9913510116198483
452762.0,348,0.153381,0.365996,0.984384,10000,10,14,0.000514702,0.000132372,0.9773129552387271,0.988494696874919
434000.0,322,0.116756,0.519309,0.99,10000,13,11,0.000766883,9.40546e-05,0.9723073475448811,0.9903018249139336
434000.0,335,0.116756,0.467471,0.99,10000,13,11,0.000516107,0.000109594,0.9772820115327082,0.98953128470155
365396.0,317,0.180928,0.268877,0.99,10000,10,11,5.93061e-12,0.00119274,0.9999975647156224,0.9654639318972179
465706.0,428,0.049815,0.67234,0.99,10000,11,16,0.00372453,1.54516e-05,0.9389710724328209,0.9960691476751219
365396.0,317,0.178425,0.363716,0.99,10000,12,11,5.43648e-07,0.000372567,0.9992626751055336,0.9806980052844272
434000.0,327,0.116756,0.519309,0.99,10000,13,10,0.000827595,9.155e-05,0.9712320490823556,0.9904318235802217
350191.0,471,0.146196,0.180384,0.99,10000,13,13,1.90385e-12,0.00203405,0.9999986201992898,0.9548995565432001
434000.0,420,0.116756,0.42312,0.99,10000,13,13,0.00105839,8.35771e-05,0.9674670935820361,0.9908579488078441
452412.0,430,0.049815,0.653636,0.99,10000,11,11,0.00342287,1.58141e-05,0.9414947010946871,0.9960233053926659
360189.0,407,0.17592,0.167572,0.99,10000,10,11,4.4511e-14,0.00301018,0.999999789023698,0.945134892691256
365396.0,277,0.137263,0.195427,0.99,10000,10,10,3.26949e-14,0.00578977,0.9999998191826889,0.9239094618234304
363096.0,285,0.210114,0.318845,0.99,10000,10,12,4.87538e-11,0.000838662,0.9999930176078597,0.9710403383997672
208765.0,266,0.194993,0.226264,0.989993,10000,10,10,3.0107e-15,0.00636531,0.999999945130154,0.9202171070968218
363096.0,302,0.210114,0.318845,0.99,10000,10,12,2.79947e-10,0.000611357,0.9999832683832222,0.9752743655288686
441177.0,346,0.049815,0.615442,0.989941,10000,11,11,0.00176183,2.61002e-05,0.958025841282999,0.9948911645162523
287189.0,302,0.194065,0.286357,0.99,10000,22,11,8.3413e-13,0.003197,0.9999990866928228,0.9434579802270913
290310.0,329,0.184768,0.237112,0.99,10000,24,11,1.95813e-13,0.00426414,0.9999995574923729,0.9346996171527303
360821.0,412,0.146196,0.203391,0.987179,10000,15,13,2.80437e-12,0.002369,0.9999983253746688,0.9513276259054482
305486.0,431,0.194993,0.226264,0.989993,10000,34,10,5.05478e-12,0.00220282,0.9999977517162101,0.953065790727871
458737.0,279,0.201274,0.255383,0.99,10000,18,11,1.33255e-12,0.0031848,0.9999988456387048,0.9435659677145076
305486.0,431,0.194993,0.226264,0.989993,10000,34,10,5.05478e-12,0.00220282,0.9999977517162101,0.953065790727871
440721.0,389,0.181079,0.167572,0.99,10000,40,13,5.95346e-14,0.00503004,0.9999997560028688,0.9290772250965883
350191.0,412,0.146196,0.180384,0.99,10000,15,13,2.84863e-13,0.0035665,0.999999466274415,0.9402798191563354
220022.0,276,0.210464,0.225003,0.987177,10000,18,10,3.21945e-15,0.00876241,0.9999999432598026,0.9063922545939707
321616.0,434,0.227453,0.142522,0.99,10000,37,13,3.74077e-15,0.00774262,0.9999999388381655,0.9120078412584394
441177.0,346,0.049815,0.615442,0.989384,10000,11,13,0.00176836,2.63126e-05,0.9579481272711904,0.9948704191204348
292596.0,415,0.16017,0.167572,0.987179,10000,18,18,4.99025e-14,0.0053623,0.9999997766113252,0.9267722730108329
296417.0,329,0.184768,0.237112,0.99,10000,24,11,2.10375e-13,0.00418272,0.9999995413334545,0.9353260485202891
489536.0,216,0.282728,0.381535,0.99,22363,13,18,2.27116e-06,0.000541166,0.9984929631723146,0.9767370251257497
337549.0,215,0.155984,0.576368,0.987418,10765,15,13,5.51177e-06,0.000516754,0.9976522840887364,0.9772677761756576
434000.0,343,0.116756,0.519309,0.99,10000,17,11,0.000867541,0.000141907,0.970545951042344,0.9880875275446278
434000.0,343,0.116756,0.519309,0.99,10000,17,11,0.000867541,0.000141907,0.970545951042344,0.9880875275446278
424130.0,306,0.201274,0.306324,0.99,20886,13,11,5.0976e-07,0.000581403,0.9992860252105291,0.9758877002341129
242352.0,427,0.222274,0.255549,0.99,10000,14,10,1.01441e-11,0.00143624,0.9999968150196233,0.9621022428104248
365396.0,320,0.178425,0.386682,0.982859,10000,12,13,9.67482e-06,0.000301648,0.9968895627317047,0.9826319834177878
365396.0,320,0.178425,0.386682,0.982859,10000,12,10,8.21114e-06,0.000310113,0.9971344913191547,0.9823899744463559
405016.0,326,0.155984,0.319517,0.984293,10000,13,11,5.92868e-08,0.000651618,0.9997565111912222,0.9744731905636447
325807.0,407,0.16837,0.167572,0.99,10000,40,11,3.65265e-14,0.00588588,0.9999998088809272,0.9232805109506066
465706.0,231,0.11046,0.67234,0.987418,10000,15,13,0.000604915,0.00015587,0.9754049801789061,0.9875152092528549
439910.0,302,0.186131,0.184784,0.99,10000,19,14,2.47642e-14,0.00699485,0.9999998426335487,0.916364780146161
365396.0,320,0.178425,0.386682,0.982859,10000,12,10,8.21114e-06,0.000310113,0.9971344913191547,0.9823899744463559
439910.0,302,0.0748263,0.382638,0.984384,10000,10,14,3.03872e-05,0.000157766,0.9944875413833753,0.9874395063791267
242352.0,485,0.222274,0.232168,0.99,10000,14,17,2.71355e-11,0.00123989,0.9999947908254013,0.9647879282063665
434000.0,330,0.116756,0.519309,0.99,11795,13,11,0.000951328,9.11876e-05,0.9691563945038846,0.9904507801365766
462700.0,485,0.0718887,0.757762,0.99,121592,22,15,0.00872874,2.44216e-05,0.9065722739225662,0.9950581784734777
428452.0,438,0.165126,0.139807,0.99,10000,36,13,3.47875e-14,0.00616348,0.9999998134859255,0.9214921659959976
465706.0,428,0.0755762,0.67234,0.99,10000,11,16,0.00425851,2.6166e-05,0.9347427398675059,0.9948847287461954
441177.0,346,0.049815,0.615442,0.989384,10000,11,15,0.00177274,2.62335e-05,0.9578960809425061,0.994878135105257
350191.0,412,0.146196,0.180384,0.99,10000,15,13,2.84863e-13,0.0035665,0.999999466274415,0.9402798191563354
337549.0,215,0.155984,0.576368,0.986568,10765,15,13,5.50451e-06,0.000523477,0.9976538307818915,0.9771203802479149
315663.0,434,0.164752,0.142522,0.99,10000,21,13,1.08229e-14,0.00725779,0.9999998959668323,0.9148073359965777
329725.0,317,0.286275,0.299281,0.99,10000,12,13,5.4326e-11,0.00112241,0.9999926293826581,0.9664976120254093
365396.0,317,0.178425,0.292633,0.99,10000,11,11,6.95222e-11,0.000996579,0.9999916620026386,0.9684313604981146
495188.0,302,0.211841,0.202904,0.99,10000,19,14,1.18087e-13,0.00467282,0.9999996563621092,0.9316419719418414
360793.0,389,0.181079,0.208861,0.99,10000,40,13,5.30255e-13,0.00323006,0.9999992718138974,0.9431663831874127
356017.0,389,0.184495,0.157465,0.987235,10000,40,15,1.50138e-14,0.00712657,0.9999998774691875,0.9155809855542011
315509.0,434,0.164752,0.128631,0.99,10000,37,13,4.20048e-15,0.0099089,0.9999999351888899,0.9004565421536905
462700.0,485,0.0731501,0.740908,0.988462,140205,22,15,0.00893117,2.51357e-05,0.9054951324004948,0.994986448364682
514647.0,483,0.0706985,0.67234,0.99,10000,14,13,0.00472898,2.73279e-05,0.9312324204293912,0.9947723906037271
464139.0,500,0.0731501,0.636953,0.99,150441,22,15,0.00880695,2.67642e-05,0.9061546484901889,0.994826587199923
292596.0,463,0.16017,0.126041,0.99,10000,18,24,4.53668e-15,0.00836001,0.999999932645119,0.9085669097098867
465706.0,428,0.049815,0.613838,0.939249,10000,11,11,0.00287008,4.45014e-05,0.9464268724078947,0.9933290630343257
356017.0,389,0.181079,0.157465,0.986839,10000,40,15,1.58925e-14,0.00714802,0.9999998739345408,0.9154540361696668
434000.0,344,0.116756,0.528765,0.99,10000,10,11,0.0019535,5.99013e-05,0.9558015837387809,0.9922604069874443
290310.0,323,0.176486,0.209651,0.99,10000,22,10,3.59702e-14,0.00623551,0.9999998103418866,0.9210347544802145
461761.0,312,0.231717,0.202961,0.987119,10000,45,10,6.19126e-14,0.00534319,0.9999997511775733,0.9269028728334691
220022.0,276,0.210464,0.324602,0.99,10000,18,10,1.19326e-12,0.00330607,0.999998907635592,0.9425015652386954
363096.0,302,0.202564,0.305091,0.99,10000,31,10,5.27167e-11,0.00209099,0.9999927393733052,0.9542726558829402
465706.0,428,0.049815,0.67234,0.989384,10000,11,13,0.00371467,1.5711e-05,0.9390519073309098,0.996036289617038
439910.0,302,0.153381,0.365996,0.984384,10000,10,14,2.80293e-05,0.000155113,0.9947057295120102,0.9875455630396232
345387.0,389,0.181079,0.167572,0.99,10000,40,13,2.45353e-14,0.00619713,0.9999998433625205,0.9212781478876417
432373.0,307,0.143397,0.365996,0.956431,10000,10,14,6.94636e-06,0.00029454,0.9973644051904741,0.9828378323047466
363096.0,302,0.210114,0.318845,0.99,10000,10,12,2.79947e-10,0.000611357,0.9999832683832222,0.9752743655288686
379743.0,281,0.211485,0.365996,0.976184,10000,10,14,2.17852e-08,0.000457304,0.9998524018970312,0.9786153325955254
365396.0,317,0.180928,0.268877,0.99,10000,10,11,5.93061e-12,0.00119274,0.9999975647156224,0.9654639318972179
465706.0,428,0.049815,0.67234,0.99,10000,11,16,0.00372453,1.54516e-05,0.9389710724328209,0.9960691476751219
365396.0,317,0.178425,0.363716,0.99,10000,12,11,5.43648e-07,0.000372567,0.9992626751055336,0.9806980052844272
350191.0,471,0.146196,0.180384,0.99,10000,13,13,1.90385e-12,0.00203405,0.9999986201992898,0.9548995565432001
452412.0,430,0.049815,0.653636,0.99,10000,11,11,0.00342287,1.58141e-05,0.9414947010946871,0.9960233053926659
365396.0,277,0.137263,0.195427,0.99,10000,10,10,3.26949e-14,0.00578977,0.9999998191826889,0.9239094618234304
363096.0,285,0.210114,0.318845,0.99,10000,10,12,4.87538e-11,0.000838662,0.9999930176078597,0.9710403383997672
208765.0,266,0.194993,0.226264,0.989993,10000,10,10,3.0107e-15,0.00636531,0.999999945130154,0.9202171070968218
363096.0,302,0.210114,0.318845,0.99,10000,10,12,2.79947e-10,0.000611357,0.9999832683832222,0.9752743655288686
441177.0,346,0.049815,0.615442,0.989941,10000,11,11,0.00176183,2.61002e-05,0.958025841282999,0.9948911645162523
379743.0,281,0.282627,0.353957,0.989202,10000,12,14,2.01733e-08,0.00059245,0.999857967257296,0.9756597041924302
428452.0,438,0.174894,0.139807,0.99,10000,36,13,2.27853e-14,0.00624317,0.9999998490519957,0.920986267016423
321616.0,434,0.296497,0.142522,0.99,10000,37,13,1.67159e-15,0.00743331,0.9999999591149171,0.9137833542754069
220022.0,276,0.301888,0.225003,0.987177,10000,18,10,1.64802e-15,0.00837067,0.9999999594041874,0.9085086342871634
503181.0,321,0.049815,0.615442,0.99,10000,11,13,0.00186879,2.33462e-05,0.9567704961860537,0.9951682094416252
365396.0,277,0.137263,0.195427,0.99,10000,10,10,3.26949e-14,0.00578977,0.9999998191826889,0.9239094618234304
360189.0,407,0.17592,0.167572,0.99,10000,10,12,4.38092e-14,0.00277464,0.9999997906935262,0.9473251483153489
452412.0,381,0.049815,0.653636,0.99,10000,11,17,0.00271048,1.78317e-05,0.947937729592343,0.9957772402388959
434000.0,335,0.116756,0.413572,0.99,10000,10,11,0.000441644,7.55196e-05,0.9789846722604667,0.9913097986214358
439910.0,325,0.0748263,0.382638,0.987222,10000,10,12,9.16795e-05,0.000108047,0.9904250587469166,0.9896054341119987
360821.0,407,0.178023,0.16477,0.99,10000,10,13,3.53308e-14,0.00294767,0.9999998120351097,0.9457075511696148
465706.0,394,0.049815,0.482815,0.99,10000,11,14,0.00142645,3.19277e-05,0.9622316269876501,0.9943495398417475
365396.0,313,0.180928,0.268877,0.99,10000,10,11,4.66887e-12,0.00126293,0.9999978392431882,0.9644622735673763
360821.0,407,0.178023,0.167572,0.99,10000,40,13,3.53797e-14,0.00536931,0.9999998119050771,0.9267244242601943
434000.0,335,0.116756,0.519309,0.99,10000,13,11,0.000948846,8.75517e-05,0.9691966560256845,0.9906430934599089
439910.0,302,0.153381,0.382638,0.984384,10000,10,14,0.000101778,0.00014478,0.9899114916860816,0.9879675438916238
452762.0,348,0.153381,0.365996,0.984384,10000,10,14,0.000514702,0.000132372,0.9773129552387271,0.988494696874919
434000.0,322,0.116756,0.519309,0.99,10000,13,11,0.000766883,9.40546e-05,0.9723073475448811,0.9903018249139336
434000.0,335,0.116756,0.467471,0.99,10000,13,11,0.000516107,0.000109594,0.9772820115327082,0.98953128470155
434000.0,327,0.116756,0.519309,0.99,10000,13,10,0.000827595,9.155e-05,0.9712320490823556,0.9904318235802217
434000.0,420,0.116756,0.42312,0.99,10000,13,13,0.00105839,8.35771e-05,0.9674670935820361,0.9908579488078441
360189.0,407,0.17592,0.167572,0.99,10000,10,11,4.4511e-14,0.00301018,0.999999789023698,0.945134892691256
360821.0,412,0.146196,0.203391,0.987179,10000,15,13,2.80437e-12,0.002369,0.9999983253746688,0.9513276259054482
305486.0,431,0.194993,0.226264,0.989993,10000,34,10,5.05478e-12,0.00220282,0.9999977517162101,0.953065790727871
305486.0,431,0.194993,0.226264,0.989993,10000,34,10,5.05478e-12,0.00220282,0.9999977517162101,0.953065790727871
220022.0,276,0.210464,0.225003,0.987177,10000,18,10,3.21945e-15,0.00876241,0.9999999432598026,0.9063922545939707
441177.0,346,0.049815,0.615442,0.989384,10000,11,13,0.00176836,2.63126e-05,0.9579481272711904,0.9948704191204348
242352.0,427,0.222274,0.255549,0.99,10000,14,10,1.01441e-11,0.00143624,0.9999968150196233,0.9621022428104248
365396.0,320,0.178425,0.386682,0.982859,10000,12,13,9.67482e-06,0.000301648,0.9968895627317047,0.9826319834177878
365396.0,320,0.178425,0.386682,0.982859,10000,12,10,8.21114e-06,0.000310113,0.9971344913191547,0.9823899744463559
405016.0,326,0.155984,0.319517,0.984293,10000,13,11,5.92868e-08,0.000651618,0.9997565111912222,0.9744731905636447
365396.0,320,0.178425,0.386682,0.982859,10000,12,10,8.21114e-06,0.000310113,0.9971344913191547,0.9823899744463559
439910.0,302,0.0748263,0.382638,0.984384,10000,10,14,3.03872e-05,0.000157766,0.9944875413833753,0.9874395063791267
242352.0,485,0.222274,0.232168,0.99,10000,14,17,2.71355e-11,0.00123989,0.9999947908254013,0.9647879282063665
462700.0,485,0.0718887,0.757762,0.99,121592,22,15,0.00872874,2.44216e-05,0.9065722739225662,0.9950581784734777
428452.0,438,0.165126,0.139807,0.99,10000,36,13,3.47875e-14,0.00616348,0.9999998134859255,0.9214921659959976
465706.0,428,0.0755762,0.67234,0.99,10000,11,16,0.00425851,2.6166e-05,0.9347427398675059,0.9948847287461954
441177.0,346,0.049815,0.615442,0.989384,10000,11,15,0.00177274,2.62335e-05,0.9578960809425061,0.994878135105257
329725.0,317,0.286275,0.299281,0.99,10000,12,13,5.4326e-11,0.00112241,0.9999926293826581,0.9664976120254093
365396.0,317,0.178425,0.292633,0.99,10000,11,11,6.95222e-11,0.000996579,0.9999916620026386,0.9684313604981146
363096.0,310,0.210114,0.318845,0.989944,10000,11,11,6.69501e-10,0.000699257,0.9999741252826102,0.9735565319974857
434000.0,377,0.116756,0.466904,0.99,10803,13,12,0.00104139,8.58016e-05,0.9677294251678096,0.9907370846921717
333398.0,307,0.143397,0.365996,0.956431,10000,10,10,2.26584e-08,0.000659934,0.9998494729260232,0.9743108193980423
294994.0,277,0.137263,0.195427,0.99,10000,10,10,1.60471e-14,0.00667608,0.9999998733228513,0.9182927175828249
363096.0,321,0.210114,0.347444,0.99,10000,13,12,1.73462e-07,0.000513958,0.9995835123051038,0.9773293581917053
297935.0,317,0.185285,0.172975,0.99,10000,11,10,3.55276e-15,0.0069976,0.9999999403949666,0.9163483413194933
439910.0,302,0.0748263,0.382638,0.984384,10000,10,14,3.03872e-05,0.000157766,0.9944875413833753,0.9874395063791267
283387.0,407,0.16837,0.167572,0.99,10000,40,10,1.91897e-14,0.0066112,0.9999998614731073,0.9186907139374598
441177.0,346,0.049815,0.575192,0.989557,10000,11,20,0.00149336,3.38442e-05,0.9613559836455888,0.9941824231848647
321616.0,434,0.227453,0.142522,0.99,10000,37,13,3.74077e-15,0.00774262,0.9999999388381655,0.9120078412584394
462700.0,485,0.0731501,0.740908,0.988462,140205,22,15,0.00893117,2.51357e-05,0.9054951324004948,0.994986448364682
321616.0,434,0.227453,0.142522,0.99,10000,37,13,3.74077e-15,0.00774262,0.9999999388381655,0.9120078412584394
514647.0,483,0.0706985,0.67234,0.99,10000,14,13,0.00472898,2.73279e-05,0.9312324204293912,0.9947723906037271
464139.0,500,0.0731501,0.636953,0.99,150441,22,15,0.00880695,2.67642e-05,0.9061546484901889,0.994826587199923
465706.0,428,0.049815,0.613838,0.939249,10000,11,11,0.00287008,4.45014e-05,0.9464268724078947,0.9933290630343257
363096.0,302,0.202564,0.305091,0.99,10000,31,10,5.27167e-11,0.00209099,0.9999927393733052,0.9542726558829402
360821.0,356,0.219713,0.30126,0.987179,10000,15,13,2.73283e-08,0.000832539,0.9998346872660682,0.9711462480775896
290310.0,323,0.176486,0.209651,0.99,10000,22,10,3.59702e-14,0.00623551,0.9999998103418866,0.9210347544802145
230259.0,471,0.146196,0.180384,0.99,10000,13,13,8.86274e-13,0.00306446,0.9999990585787341,0.9446424350246508
434000.0,344,0.116756,0.528765,0.99,10000,10,11,0.0019535,5.99013e-05,0.9558015837387809,0.9922604069874443
439910.0,302,0.186131,0.184784,0.99,10000,19,14,2.47642e-14,0.00699485,0.9999998426335487,0.916364780146161
292596.0,415,0.16017,0.167572,0.987179,10000,18,18,4.99025e-14,0.0053623,0.9999997766113252,0.9267722730108329
325807.0,407,0.16837,0.167572,0.99,10000,40,11,3.65265e-14,0.00588588,0.9999998088809272,0.9232805109506066
434000.0,323,0.116756,0.437152,0.99,10000,13,11,0.000253987,0.000154192,0.9840630304009828,0.9875825928632423
465706.0,428,0.049815,0.67234,0.989384,10000,11,13,0.00371467,1.5711e-05,0.9390519073309098,0.996036289617038
439910.0,302,0.153381,0.365996,0.984384,10000,10,14,2.80293e-05,0.000155113,0.9947057295120102,0.9875455630396232
363096.0,302,0.210114,0.318845,0.99,10000,10,12,2.79947e-10,0.000611357,0.9999832683832222,0.9752743655288686
379743.0,281,0.211485,0.365996,0.976184,10000,10,14,2.17852e-08,0.000457304,0.9998524018970312,0.9786153325955254
365396.0,317,0.180928,0.268877,0.99,10000,10,11,5.93061e-12,0.00119274,0.9999975647156224,0.9654639318972179
465706.0,428,0.049815,0.67234,0.99,10000,11,16,0.00372453,1.54516e-05,0.9389710724328209,0.9960691476751219
365396.0,317,0.178425,0.363716,0.99,10000,12,11,5.43648e-07,0.000372567,0.9992626751055336,0.9806980052844272
452412.0,430,0.049815,0.653636,0.99,10000,11,11,0.00342287,1.58141e-05,0.9414947010946871,0.9960233053926659
365396.0,277,0.137263,0.195427,0.99,10000,10,10,3.26949e-14,0.00578977,0.9999998191826889,0.9239094618234304
363096.0,285,0.210114,0.318845,0.99,10000,10,12,4.87538e-11,0.000838662,0.9999930176078597,0.9710403383997672
208765.0,266,0.194993,0.226264,0.989993,10000,10,10,3.0107e-15,0.00636531,0.999999945130154,0.9202171070968218
363096.0,302,0.210114,0.318845,0.99,10000,10,12,2.79947e-10,0.000611357,0.9999832683832222,0.9752743655288686
321616.0,434,0.296497,0.142522,0.99,10000,37,13,1.67159e-15,0.00743331,0.9999999591149171,0.9137833542754069
220022.0,276,0.301888,0.225003,0.987177,10000,18,10,1.64802e-15,0.00837067,0.9999999594041874,0.9085086342871634
503181.0,321,0.049815,0.615442,0.99,10000,11,13,0.00186879,2.33462e-05,0.9567704961860537,0.9951682094416252
365396.0,277,0.137263,0.195427,0.99,10000,10,10,3.26949e-14,0.00578977,0.9999998191826889,0.9239094618234304
360189.0,407,0.17592,0.167572,0.99,10000,10,12,4.38092e-14,0.00277464,0.9999997906935262,0.9473251483153489
452412.0,381,0.049815,0.653636,0.99,10000,11,17,0.00271048,1.78317e-05,0.947937729592343,0.9957772402388959
434000.0,335,0.116756,0.413572,0.99,10000,10,11,0.000441644,7.55196e-05,0.9789846722604667,0.9913097986214358
439910.0,325,0.0748263,0.382638,0.987222,10000,10,12,9.16795e-05,0.000108047,0.9904250587469166,0.9896054341119987
360821.0,407,0.178023,0.16477,0.99,10000,10,13,3.53308e-14,0.00294767,0.9999998120351097,0.9457075511696148
465706.0,394,0.049815,0.482815,0.99,10000,11,14,0.00142645,3.19277e-05,0.9622316269876501,0.9943495398417475
346191.0,394,0.296497,0.142522,0.99,10000,37,13,1.50263e-15,0.00888626,0.9999999612362283,0.9057330386614695
340902.0,375,0.263008,0.142522,0.99,10000,17,13,1.20512e-15,0.00908155,0.9999999652851617,0.9047028332005616
312177.0,407,0.235832,0.289958,0.987951,10000,10,12,8.31555e-07,0.000264433,0.9990881036243081,0.9837386039959664
365396.0,277,0.166699,0.195427,0.989993,10000,10,10,1.0936e-14,0.0060492,0.9999998954246683,0.9222233968342664
246220.0,407,0.178023,0.230681,0.99,10000,10,11,1.06044e-12,0.00158217,0.9999989702233252,0.9602234993997713
452412.0,460,0.049815,0.653636,0.99,10000,10,11,0.00414378,1.3294e-05,0.9356278010318119,0.9963539061997804
363096.0,302,0.181197,0.318845,0.99,10000,10,12,2.62842e-10,0.000661915,0.9999837875973403,0.9742722912018967
365396.0,313,0.214504,0.268877,0.99,10000,10,11,3.56307e-12,0.00119379,0.9999981123904005,0.9654487337424517
481064.0,407,0.178023,0.16477,0.989898,10000,10,13,3.9122e-13,0.00184951,0.9999993745241811,0.9569940701763118
395261.0,308,0.151984,0.311521,0.99,10000,10,12,1.3117e-09,0.000557712,0.9999637826008664,0.9763840731708451
442261.0,309,0.0748263,0.382638,0.987222,10000,10,12,4.61542e-05,0.000133318,0.9932063117528106,0.9884536585881067
465706.0,394,0.049815,0.482815,0.99,10000,11,14,0.00142645,3.19277e-05,0.9622316269876501,0.9943495398417475
365396.0,317,0.178425,0.363716,0.99,10000,12,11,5.43648e-07,0.000372567,0.9992626751055336,0.9806980052844272
465706.0,379,0.049815,0.482815,0.99,10000,11,13,0.00127731,3.81123e-05,0.9642605260251358,0.9938264839839845
465706.0,424,0.049815,0.482815,0.99,10000,11,15,0.00174584,2.42532e-05,0.9582167497674008,0.9950752461990471
208765.0,266,0.194993,0.226264,0.989993,10000,10,10,3.0107e-15,0.00636531,0.999999945130154,0.9202171070968218
345387.0,389,0.181079,0.167572,0.99,10000,40,13,2.45353e-14,0.00619713,0.9999998433625205,0.9212781478876417
441177.0,346,0.049815,0.615442,0.989941,10000,11,11,0.00176183,2.61002e-05,0.958025841282999,0.9948911645162523
379743.0,281,0.282627,0.353957,0.989202,10000,12,14,2.01733e-08,0.00059245,0.999857967257296,0.9756597041924302
428452.0,438,0.174894,0.139807,0.99,10000,36,13,2.27853e-14,0.00624317,0.9999998490519957,0.920986267016423
365396.0,313,0.180928,0.268877,0.99,10000,10,11,4.66887e-12,0.00126293,0.9999978392431882,0.9644622735673763
360821.0,407,0.178023,0.167572,0.99,10000,40,13,3.53797e-14,0.00536931,0.9999998119050771,0.9267244242601943
434000.0,335,0.116756,0.519309,0.99,10000,13,11,0.000948846,8.75517e-05,0.9691966560256845,0.9906430934599089
439910.0,302,0.153381,0.382638,0.984384,10000,10,14,0.000101778,0.00014478,0.9899114916860816,0.9879675438916238
452762.0,348,0.153381,0.365996,0.984384,10000,10,14,0.000514702,0.000132372,0.9773129552387271,0.988494696874919
434000.0,322,0.116756,0.519309,0.99,10000,13,11,0.000766883,9.40546e-05,0.9723073475448811,0.9903018249139336
434000.0,335,0.116756,0.467471,0.99,10000,13,11,0.000516107,0.000109594,0.9772820115327082,0.98953128470155
434000.0,327,0.116756,0.519309,0.99,10000,13,10,0.000827595,9.155e-05,0.9712320490823556,0.9904318235802217
434000.0,420,0.116756,0.42312,0.99,10000,13,13,0.00105839,8.35771e-05,0.9674670935820361,0.9908579488078441
360189.0,407,0.17592,0.167572,0.99,10000,10,11,4.4511e-14,0.00301018,0.999999789023698,0.945134892691256
439910.0,302,0.0748263,0.382638,0.984384,10000,10,14,3.03872e-05,0.000157766,0.9944875413833753,0.9874395063791267
242352.0,485,0.222274,0.232168,0.99,10000,14,17,2.71355e-11,0.00123989,0.9999947908254013,0.9647879282063665
428452.0,438,0.165126,0.139807,0.99,10000,36,13,3.47875e-14,0.00616348,0.9999998134859255,0.9214921659959976
329725.0,317,0.286275,0.299281,0.99,10000,12,13,5.4326e-11,0.00112241,0.9999926293826581,0.9664976120254093
365396.0,317,0.178425,0.292633,0.99,10000,11,11,6.95222e-11,0.000996579,0.9999916620026386,0.9684313604981146
363096.0,310,0.210114,0.318845,0.989944,10000,11,11,6.69501e-10,0.000699257,0.9999741252826102,0.9735565319974857
434000.0,377,0.116756,0.466904,0.99,10803,13,12,0.00104139,8.58016e-05,0.9677294251678096,0.9907370846921717
294994.0,277,0.137263,0.195427,0.99,10000,10,10,1.60471e-14,0.00667608,0.9999998733228513,0.9182927175828249
363096.0,321,0.210114,0.347444,0.99,10000,13,12,1.73462e-07,0.000513958,0.9995835123051038,0.9773293581917053
297935.0,317,0.185285,0.172975,0.99,10000,11,10,3.55276e-15,0.0069976,0.9999999403949666,0.9163483413194933
439910.0,302,0.0748263,0.382638,0.984384,10000,10,14,3.03872e-05,0.000157766,0.9944875413833753,0.9874395063791267
283387.0,407,0.16837,0.167572,0.99,10000,40,10,1.91897e-14,0.0066112,0.9999998614731073,0.9186907139374598
441177.0,346,0.049815,0.575192,0.989557,10000,11,20,0.00149336,3.38442e-05,0.9613559836455888,0.9941824231848647
512045.0,425,0.049815,0.688472,0.99,30839,11,15,0.00536706,1.96599e-05,0.9267397788701126,0.9955660514211372
452412.0,381,0.049815,0.653636,0.99,22835,10,11,0.00376764,2.12458e-05,0.9386188954156085,0.9953906833478269
521697.0,325,0.0748263,0.285997,0.987222,10000,10,18,1.18326e-06,0.000269979,0.9989122224492112,0.9835689622969211
365396.0,312,0.202053,0.310489,0.99,10000,12,12,4.09984e-10,0.000918087,0.9999797519383644,0.9697000495049909
345463.0,428,0.049815,0.629229,0.99,10000,11,10,0.00216017,2.53889e-05,0.9535223709726927,0.9949612600781544
360821.0,378,0.204686,0.203391,0.99,10000,15,13,1.46902e-13,0.00299295,0.999999616722033,0.9452921395044551
393354.0,266,0.194993,0.226264,0.989993,10000,10,10,4.10399e-14,0.00372284,0.9999997974169306,0.9389849198967993
200000.0,302,0.210114,0.318845,0.99,10000,10,11,1.6172e-12,0.00176665,0.9999987283082135,0.9579684642203024
315489.0,389,0.181079,0.167572,0.99,10000,40,13,1.771e-14,0.00664065,0.999999866921076,0.9185098165421135
434000.0,335,0.116756,0.570313,0.99,10000,13,14,0.00147823,7.73116e-05,0.9615522432383891,0.9912072984811265
220022.0,276,0.301888,0.225003,0.987177,10000,18,11,1.74056e-15,0.00859826,0.9999999582799808,0.9072731969708866
462700.0,485,0.0718887,0.757762,0.99,121592,22,15,0.00872874,2.44216e-05,0.9065722739225662,0.9950581784734777
220022.0,276,0.210464,0.225003,0.987177,10000,18,10,3.21945e-15,0.00876241,0.9999999432598026,0.9063922545939707
465706.0,428,0.0755762,0.67234,0.99,10000,11,16,0.00425851,2.6166e-05,0.9347427398675059,0.9948847287461954
476475.0,500,0.0718887,0.757762,0.99,92354,22,15,0.00832251,2.55789e-05,0.9087722081819362,0.9949424413003901
439910.0,302,0.153381,0.365996,0.984384,10000,10,14,2.80293e-05,0.000155113,0.9947057295120102,0.9875455630396232
363096.0,302,0.210114,0.318845,0.99,10000,10,12,2.79947e-10,0.000611357,0.9999832683832222,0.9752743655288686
379743.0,281,0.211485,0.365996,0.976184,10000,10,14,2.17852e-08,0.000457304,0.9998524018970312,0.9786153325955254
365396.0,317,0.180928,0.268877,0.99,10000,10,11,5.93061e-12,0.00119274,0.9999975647156224,0.9654639318972179
365396.0,317,0.178425,0.363716,0.99,10000,12,11,5.43648e-07,0.000372567,0.9992626751055336,0.9806980052844272
363096.0,302,0.210114,0.318845,0.99,10000,10,12,2.79947e-10,0.000611357,0.9999832683832222,0.9752743655288686
321616.0,434,0.296497,0.142522,0.99,10000,37,13,1.67159e-15,0.00743331,0.9999999591149171,0.9137833542754069
220022.0,276,0.301888,0.225003,0.987177,10000,18,10,1.64802e-15,0.00837067,0.9999999594041874,0.9085086342871634
503181.0,321,0.049815,0.615442,0.99,10000,11,13,0.00186879,2.33462e-05,0.9567704961860537,0.9951682094416252
452412.0,381,0.049815,0.653636,0.99,10000,11,17,0.00271048,1.78317e-05,0.947937729592343,0.9957772402388959
434000.0,335,0.116756,0.413572,0.99,10000,10,11,0.000441644,7.55196e-05,0.9789846722604667,0.9913097986214358
439910.0,325,0.0748263,0.382638,0.987222,10000,10,12,9.16795e-05,0.000108047,0.9904250587469166,0.9896054341119987
465706.0,394,0.049815,0.482815,0.99,10000,11,14,0.00142645,3.19277e-05,0.9622316269876501,0.9943495398417475
346191.0,394,0.296497,0.142522,0.99,10000,37,13,1.50263e-15,0.00888626,0.9999999612362283,0.9057330386614695
340902.0,375,0.263008,0.142522,0.99,10000,17,13,1.20512e-15,0.00908155,0.9999999652851617,0.9047028332005616
312177.0,407,0.235832,0.289958,0.987951,10000,10,12,8.31555e-07,0.000264433,0.9990881036243081,0.9837386039959664
246220.0,407,0.178023,0.230681,0.99,10000,10,11,1.06044e-12,0.00158217,0.9999989702233252,0.9602234993997713
452412.0,460,0.049815,0.653636,0.99,10000,10,11,0.00414378,1.3294e-05,0.9356278010318119,0.9963539061997804
363096.0,302,0.181197,0.318845,0.99,10000,10,12,2.62842e-10,0.000661915,0.9999837875973403,0.9742722912018967
365396.0,313,0.214504,0.268877,0.99,10000,10,11,3.56307e-12,0.00119379,0.9999981123904005,0.9654487337424517
481064.0,407,0.178023,0.16477,0.989898,10000,10,13,3.9122e-13,0.00184951,0.9999993745241811,0.9569940701763118
395261.0,308,0.151984,0.311521,0.99,10000,10,12,1.3117e-09,0.000557712,0.9999637826008664,0.9763840731708451
442261.0,309,0.0748263,0.382638,0.987222,10000,10,12,4.61542e-05,0.000133318,0.9932063117528106,0.9884536585881067
465706.0,394,0.049815,0.482815,0.99,10000,11,14,0.00142645,3.19277e-05,0.9622316269876501,0.9943495398417475
365396.0,317,0.178425,0.363716,0.99,10000,12,11,5.43648e-07,0.000372567,0.9992626751055336,0.9806980052844272
465706.0,379,0.049815,0.482815,0.99,10000,11,13,0.00127731,3.81123e-05,0.9642605260251358,0.9938264839839845
465706.0,424,0.049815,0.482815,0.99,10000,11,15,0.00174584,2.42532e-05,0.9582167497674008,0.9950752461990471
365396.0,317,0.178425,0.363716,0.99,10000,12,11,5.43648e-07,0.000372567,0.9992626751055336,0.9806980052844272
365396.0,317,0.178425,0.363716,0.99,10000,12,11,5.43648e-07,0.000372567,0.9992626751055336,0.9806980052844272
360821.0,428,0.213079,0.16477,0.99,10000,10,13,3.17217e-14,0.00242605,0.9999998218941326,0.9507450510100761
452412.0,409,0.049815,0.612686,0.99,10000,11,11,0.00272831,1.76912e-05,0.9477667730271239,0.9957939091783462
312177.0,407,0.235832,0.289958,0.987951,10000,10,12,8.31555e-07,0.000264433,0.9990881036243081,0.9837386039959664
278877.0,394,0.296497,0.142522,0.99,10000,37,17,9.72592e-16,0.00978458,0.9999999688135927,0.9010829640557301
312177.0,407,0.235832,0.289958,0.987951,10000,10,12,8.31555e-07,0.000264433,0.9990881036243081,0.9837386039959664
503181.0,350,0.049815,0.615442,0.99,10000,11,13,0.00235315,2.01453e-05,0.9514907225368178,0.9955116484094938
527717.0,414,0.049815,0.482815,0.99,10000,11,12,0.00213297,2.1259e-05,0.9538159118310213,0.9953892516876325
379743.0,281,0.208054,0.365996,0.99,17212,10,14,2.60115e-06,0.000240219,0.9983871918899013,0.9845010000322602
465706.0,238,0.049815,0.67234,0.99,10000,11,16,0.000864027,7.04903e-05,0.9706056638108631,0.9916041498345909
405614.0,428,0.049815,0.67234,0.989384,10000,10,12,0.00334205,1.391e-05,0.9421895338195583,0.9962703887602057
465706.0,428,0.049815,0.67234,0.99,10000,10,13,0.00403715,1.37406e-05,0.9364614290371589,0.9962931684688943
402680.0,434,0.296497,0.142522,0.99,10000,10,13,1.1378e-14,0.00293955,0.9999998933322917,0.9457823829369087
288797.0,275,0.272894,0.318845,0.99,10000,10,12,1.26947e-12,0.0014413,0.9999988732924071,0.9620355429381638
225131.0,407,0.178023,0.2588,0.99,10000,10,11,8.73455e-12,0.00118206,0.9999970445727889,0.9656189005411403
246220.0,493,0.178023,0.230681,0.99,10000,10,11,3.92038e-11,0.000748525,0.999993738706204,0.9726408150706203
465706.0,394,0.049815,0.482815,0.99,10000,11,14,0.00142645,3.19277e-05,0.9622316269876501,0.9943495398417475
463747.0,374,0.049815,0.653636,0.99,10000,10,13,0.00302086,1.54744e-05,0.9450376492496909,0.9960662486097873
208765.0,266,0.299575,0.245037,0.989999,10000,10,11,2.38073e-15,0.00484647,0.9999999512072751,0.9303834071503064
363096.0,311,0.210114,0.24706,0.99,10000,10,10,3.96233e-13,0.00184697,0.9999993705295877,0.9570236111335538
465706.0,428,0.049815,0.67234,0.99,10000,11,16,0.00372453,1.54516e-05,0.9389710724328209,0.9960691476751219
220022.0,276,0.301888,0.225003,0.987177,10000,18,11,1.74056e-15,0.00859826,0.9999999582799808,0.9072731969708866
465706.0,428,0.049815,0.67234,0.99,10000,11,16,0.00372453,1.54516e-05,0.9389710724328209,0.9960691476751219
372088.0,428,0.184598,0.126963,0.99,10000,10,16,3.91927e-15,0.00522229,0.9999999373959266,0.9277345864192281
345463.0,428,0.049815,0.629229,0.99,10000,11,10,0.00216017,2.53889e-05,0.9535223709726927,0.9949612600781544
360189.0,387,0.17592,0.167572,0.99,10000,10,10,2.64311e-14,0.00341449,0.9999998374235565,0.9415663624271088
208765.0,266,0.194993,0.226264,0.989993,10000,10,10,3.0107e-15,0.00636531,0.999999945130154,0.9202171070968218
450848.0,392,0.049815,0.653636,0.99,10000,11,11,0.00284432,1.7796e-05,0.9466678333460941,0.9957814694501521
441177.0,346,0.049815,0.615442,0.989941,10000,11,11,0.00176183,2.61002e-05,0.958025841282999,0.9948911645162523
434000.0,335,0.116756,0.467471,0.99,10000,13,11,0.000516107,0.000109594,0.9772820115327082,0.98953128470155
415265.0,420,0.049815,0.679666,0.99,10000,11,10,0.00310068,1.59402e-05,0.9443162501262712,0.9960074819975359
439910.0,302,0.135678,0.393689,0.984384,10000,10,13,9.2108e-05,0.000123076,0.990402708715476,0.9889060376780882
208765.0,266,0.194993,0.226264,0.989993,10000,10,10,3.0107e-15,0.00636531,0.999999945130154,0.9202171070968218
320060.0,298,0.180928,0.248329,0.988147,10000,10,11,2.01492e-13,0.00254545,0.9999995511213973,0.9495475471359419
331370.0,407,0.106631,0.505548,0.99,10000,10,11,0.00132261,4.90632e-05,0.9636322945458474,0.9929954871689746
360189.0,407,0.17592,0.206571,0.97349,10000,10,13,1.4593e-12,0.00154057,0.9999987919850994,0.960749904458715
452412.0,430,0.049815,0.653636,0.99,10000,11,11,0.00342287,1.58141e-05,0.9414947010946871,0.9960233053926659
465706.0,428,0.049815,0.67234,0.989384,10000,11,13,0.00371467,1.5711e-05,0.9390519073309098,0.996036289617038
434000.0,420,0.116756,0.42312,0.99,10000,13,13,0.00105839,8.35771e-05,0.9674670935820361,0.9908579488078441
452412.0,430,0.049815,0.653636,0.99,10000,11,12,0.00342735,1.58025e-05,0.9414564264841989,0.9960247641579398
441177.0,346,0.049815,0.575192,0.989557,10000,11,20,0.00149336,3.38442e-05,0.9613559836455888,0.9941824231848647
434000.0,355,0.116756,0.467471,0.99,10000,13,11,0.000728643,9.4697e-05,0.9730066119206944,0.9902687616409832
363096.0,285,0.210114,0.318845,0.99,10000,10,12,4.87538e-11,0.000838662,0.9999930176078597,0.9710403383997672
360821.0,407,0.178023,0.16477,0.99,10000,10,13,3.53308e-14,0.00294767,0.9999998120351097,0.9457075511696148
434000.0,327,0.116756,0.519309,0.99,10000,13,10,0.000827595,9.155e-05,0.9712320490823556,0.9904318235802217
521697.0,325,0.0748263,0.285997,0.987222,10000,10,18,1.18326e-06,0.000269979,0.9989122224492112,0.9835689622969211
242352.0,485,0.222274,0.232168,0.99,10000,14,17,2.71355e-11,0.00123989,0.9999947908254013,0.9647879282063665
441177.0,346,0.049815,0.575192,0.989557,10000,11,20,0.00149336,3.38442e-05,0.9613559836455888,0.9941824231848647
363096.0,321,0.210114,0.347444,0.99,10000,13,12,1.73462e-07,0.000513958,0.9995835123051038,0.9773293581917053
380980.0,296,0.171151,0.266343,0.99,10000,10,12,2.87027e-12,0.0015256,0.9999983058128793,0.9609410701631497
365396.0,313,0.192852,0.268877,0.99,10000,10,11,4.00365e-12,0.00125395,0.999997999087708,0.9645888435659042
434000.0,335,0.116756,0.519309,0.99,10000,13,11,0.000948846,8.75517e-05,0.9691966560256845,0.9906430934599089
439910.0,302,0.153381,0.365996,0.984384,10000,10,14,2.80293e-05,0.000155113,0.9947057295120102,0.9875455630396232
379743.0,281,0.211485,0.365996,0.976184,10000,10,14,2.17852e-08,0.000457304,0.9998524018970312,0.9786153325955254
365396.0,317,0.180928,0.268877,0.99,10000,10,11,5.93061e-12,0.00119274,0.9999975647156224,0.9654639318972179
321616.0,434,0.296497,0.142522,0.99,10000,37,13,1.67159e-15,0.00743331,0.9999999591149171,0.9137833542754069
220022.0,276,0.301888,0.225003,0.987177,10000,18,10,1.64802e-15,0.00837067,0.9999999594041874,0.9085086342871634
503181.0,321,0.049815,0.615442,0.99,10000,11,13,0.00186879,2.33462e-05,0.9567704961860537,0.9951682094416252
439910.0,325,0.0748263,0.382638,0.987222,10000,10,12,9.16795e-05,0.000108047,0.9904250587469166,0.9896054341119987
465706.0,394,0.049815,0.482815,0.99,10000,11,14,0.00142645,3.19277e-05,0.9622316269876501,0.9943495398417475
346191.0,394,0.296497,0.142522,0.99,10000,37,13,1.50263e-15,0.00888626,0.9999999612362283,0.9057330386614695
340902.0,375,0.263008,0.142522,0.99,10000,17,13,1.20512e-15,0.00908155,0.9999999652851617,0.9047028332005616
312177.0,407,0.235832,0.289958,0.987951,10000,10,12,8.31555e-07,0.000264433,0.9990881036243081,0.9837386039959664
246220.0,407,0.178023,0.230681,0.99,10000,10,11,1.06044e-12,0.00158217,0.9999989702233252,0.9602234993997713
365396.0,313,0.214504,0.268877,0.99,10000,10,11,3.56307e-12,0.00119379,0.9999981123904005,0.9654487337424517
395261.0,308,0.151984,0.311521,0.99,10000,10,12,1.3117e-09,0.000557712,0.9999637826008664,0.9763840731708451
442261.0,309,0.0748263,0.382638,0.987222,10000,10,12,4.61542e-05,0.000133318,0.9932063117528106,0.9884536585881067
465706.0,394,0.049815,0.482815,0.99,10000,11,14,0.00142645,3.19277e-05,0.9622316269876501,0.9943495398417475
465706.0,379,0.049815,0.482815,0.99,10000,11,13,0.00127731,3.81123e-05,0.9642605260251358,0.9938264839839845
465706.0,424,0.049815,0.482815,0.99,10000,11,15,0.00174584,2.42532e-05,0.9582167497674008,0.9950752461990471
360821.0,428,0.213079,0.16477,0.99,10000,10,13,3.17217e-14,0.00242605,0.9999998218941326,0.9507450510100761
312177.0,407,0.235832,0.289958,0.987951,10000,10,12,8.31555e-07,0.000264433,0.9990881036243081,0.9837386039959664
278877.0,394,0.296497,0.142522,0.99,10000,37,17,9.72592e-16,0.00978458,0.9999999688135927,0.9010829640557301
312177.0,407,0.235832,0.289958,0.987951,10000,10,12,8.31555e-07,0.000264433,0.9990881036243081,0.9837386039959664
503181.0,350,0.049815,0.615442,0.99,10000,11,13,0.00235315,2.01453e-05,0.9514907225368178,0.9955116484094938
527717.0,414,0.049815,0.482815,0.99,10000,11,12,0.00213297,2.1259e-05,0.9538159118310213,0.9953892516876325
379743.0,281,0.208054,0.365996,0.99,17212,10,14,2.60115e-06,0.000240219,0.9983871918899013,0.9845010000322602
402680.0,434,0.296497,0.142522,0.99,10000,10,13,1.1378e-14,0.00293955,0.9999998933322917,0.9457823829369087
225131.0,407,0.178023,0.2588,0.99,10000,10,11,8.73455e-12,0.00118206,0.9999970445727889,0.9656189005411403
246220.0,493,0.178023,0.230681,0.99,10000,10,11,3.92038e-11,0.000748525,0.999993738706204,0.9726408150706203
465706.0,394,0.049815,0.482815,0.99,10000,11,14,0.00142645,3.19277e-05,0.9622316269876501,0.9943495398417475
208765.0,266,0.299575,0.245037,0.989999,10000,10,11,2.38073e-15,0.00484647,0.9999999512072751,0.9303834071503064
200000.0,493,0.225013,0.29692,0.99,10000,10,11,5.51702e-08,0.000295287,0.9997651166246837,0.9828160831007596
348604.0,407,0.178023,0.208632,0.99,10000,10,11,1.24076e-12,0.001347,0.9999988861059297,0.9632985013929949
340902.0,375,0.263008,0.142522,0.99,10000,17,13,1.20512e-15,0.00908155,0.9999999652851617,0.9047028332005616
465706.0,238,0.049815,0.67234,0.99,10000,10,16,0.000876688,4.13633e-05,0.9703910824243777,0.9935685693659964
503181.0,350,0.049815,0.615442,0.99,10000,10,13,0.00266579,1.70628e-05,0.9483687110368141,0.9958692857760431
357340.0,308,0.242872,0.311521,0.99,10000,10,12,2.34506e-10,0.000590829,0.9999846864112631,0.9756930256922011
340902.0,365,0.263008,0.142522,0.99,10000,17,13,1.11126e-15,0.00973169,0.9999999666644334,0.9013506715684289
365396.0,317,0.178425,0.311422,0.99,10000,10,11,6.49821e-10,0.000571563,0.9999745084131526,0.9760926162033567
360821.0,450,0.213079,0.141918,0.99,10000,10,13,8.21144e-15,0.00337097,0.9999999093830038,0.9419399448846283
503181.0,350,0.049815,0.443002,0.99,10000,11,13,0.000866389,5.72466e-05,0.9705655134238764,0.9924338517064493
428502.0,407,0.0873356,0.272133,0.987951,10000,10,13,4.25551e-06,0.000191058,0.9979371112487582,0.9861776268318353
455824.0,414,0.213079,0.16477,0.99,10000,10,13,1.85866e-13,0.00180177,0.9999995688782075,0.9575527386042397
434000.0,335,0.0906369,0.413572,0.99,10000,10,11,0.000265483,6.02178e-05,0.9837063509305005,0.9922399871134128
465706.0,424,0.049815,0.482815,0.99,10000,11,15,0.00174584,2.42532e-05,0.9582167497674008,0.9950752461990471
503181.0,403,0.0368813,0.615442,0.99,10000,11,13,0.00298876,1.29296e-05,0.9453304472306568,0.996404224701125
465706.0,417,0.049815,0.482815,0.99,10000,11,14,0.00166647,2.55908e-05,0.9591775796895873,0.9949412649802545
200000.0,266,0.299575,0.480894,0.989999,10000,10,11,2.44268e-09,0.000529062,0.9999505765237969,0.9769986522134028
220022.0,276,0.301888,0.225003,0.987177,10000,18,11,1.74056e-15,0.00859826,0.9999999582799808,0.9072731969708866
452412.0,460,0.049815,0.653636,0.99,10000,10,11,0.00414378,1.3294e-05,0.9356278010318119,0.9963539061997804
372088.0,428,0.184598,0.126963,0.99,10000,10,16,3.91927e-15,0.00522229,0.9999999373959266,0.9277345864192281
360189.0,387,0.17592,0.167572,0.99,10000,10,10,2.64311e-14,0.00341449,0.9999998374235565,0.9415663624271088
208765.0,266,0.194993,0.226264,0.989993,10000,10,10,3.0107e-15,0.00636531,0.999999945130154,0.9202171070968218
345463.0,428,0.049815,0.629229,0.99,10000,11,10,0.00216017,2.53889e-05,0.9535223709726927,0.9949612600781544
405614.0,428,0.049815,0.67234,0.99,10000,10,12,0.00334633,1.36849e-05,0.9421525281451298,0.9963006892533879
463747.0,374,0.049815,0.653636,0.99,10000,10,13,0.00302086,1.54744e-05,0.9450376492496909,0.9960662486097873
331370.0,407,0.106631,0.505548,0.99,10000,10,11,0.00132261,4.90632e-05,0.9636322945458474,0.9929954871689746
503181.0,357,0.049815,0.615442,0.99,13809,11,13,0.00270951,2.25106e-05,0.9479470461933235,0.9952554663032075
208765.0,266,0.194993,0.226264,0.989993,10000,10,10,3.0107e-15,0.00636531,0.999999945130154,0.9202171070968218
320060.0,298,0.180928,0.248329,0.988147,10000,10,11,2.01492e-13,0.00254545,0.9999995511213973,0.9495475471359419
434000.0,335,0.116756,0.413572,0.99,10000,10,11,0.000441644,7.55196e-05,0.9789846722604667,0.9913097986214358
465706.0,238,0.049815,0.67234,0.99,10000,11,16,0.000864027,7.04903e-05,0.9706056638108631,0.9916041498345909
465706.0,353,0.049815,0.465489,0.99,10000,11,14,0.000913077,6.0626e-05,0.9697828360033574,0.9922137300329362
441177.0,346,0.049815,0.615442,0.989941,10000,11,11,0.00176183,2.61002e-05,0.958025841282999,0.9948911645162523
360821.0,407,0.178023,0.16477,0.99,10000,10,13,3.53308e-14,0.00294767,0.9999998120351097,0.9457075511696148
439910.0,302,0.135678,0.393689,0.984384,10000,10,13,9.2108e-05,0.000123076,0.990402708715476,0.9889060376780882
546194.0,238,0.049815,0.513303,0.99,10000,11,17,0.000369916,0.000114122,0.9807667995382984,0.9893172101022252
481064.0,407,0.178023,0.16477,0.989898,10000,10,13,3.9122e-13,0.00184951,0.9999993745241811,0.9569940701763118
405614.0,428,0.049815,0.67234,0.989384,10000,10,12,0.00334205,1.391e-05,0.9421895338195583,0.9962703887602057
452412.0,409,0.049815,0.612686,0.99,10000,11,11,0.00272831,1.76912e-05,0.9477667730271239,0.9957939091783462
288797.0,275,0.272894,0.318845,0.99,10000,10,12,1.26947e-12,0.0014413,0.9999988732924071,0.9620355429381638
363096.0,285,0.210114,0.318845,0.99,10000,10,12,4.87538e-11,0.000838662,0.9999930176078597,0.9710403383997672
426165.0,350,0.049815,0.615442,0.99,10000,11,13,0.00172455,2.80211e-05,0.9584722984021509,0.9947065039907449
441177.0,346,0.049815,0.575192,0.989557,10000,11,20,0.00149336,3.38442e-05,0.9613559836455888,0.9941824231848647
242352.0,485,0.222274,0.232168,0.99,10000,14,17,2.71355e-11,0.00123989,0.9999947908254013,0.9647879282063665
363096.0,311,0.210114,0.24706,0.99,10000,10,10,3.96233e-13,0.00184697,0.9999993705295877,0.9570236111335538
465706.0,401,0.049815,0.482815,0.978515,10000,11,15,0.00148556,3.91098e-05,0.9614570369587392,0.9937462171447995
437444.0,307,0.0748263,0.382638,0.954075,10000,10,12,3.53979e-05,0.000240763,0.9940503865671794,0.9844834604373269
363096.0,321,0.210114,0.347444,0.99,10000,13,12,1.73462e-07,0.000513958,0.9995835123051038,0.9773293581917053
339086.0,407,0.101171,0.286544,0.98485,10000,10,14,2.56782e-07,0.000333216,0.9994932633820218,0.9817457950049858
363096.0,302,0.181197,0.318845,0.99,10000,10,12,2.62842e-10,0.000661915,0.9999837875973403,0.9742722912018967
439910.0,302,0.153381,0.365996,0.984384,10000,10,14,2.80293e-05,0.000155113,0.9947057295120102,0.9875455630396232
379743.0,281,0.211485,0.365996,0.976184,10000,10,14,2.17852e-08,0.000457304,0.9998524018970312,0.9786153325955254
365396.0,317,0.180928,0.268877,0.99,10000,10,11,5.93061e-12,0.00119274,0.9999975647156224,0.9654639318972179
503181.0,321,0.049815,0.615442,0.99,10000,11,13,0.00186879,2.33462e-05,0.9567704961860537,0.9951682094416252
439910.0,325,0.0748263,0.382638,0.987222,10000,10,12,9.16795e-05,0.000108047,0.9904250587469166,0.9896054341119987
465706.0,394,0.049815,0.482815,0.99,10000,11,14,0.00142645,3.19277e-05,0.9622316269876501,0.9943495398417475
312177.0,407,0.235832,0.289958,0.987951,10000,10,12,8.31555e-07,0.000264433,0.9990881036243081,0.9837386039959664
246220.0,407,0.178023,0.230681,0.99,10000,10,11,1.06044e-12,0.00158217,0.9999989702233252,0.9602234993997713
365396.0,313,0.214504,0.268877,0.99,10000,10,11,3.56307e-12,0.00119379,0.9999981123904005,0.9654487337424517
395261.0,308,0.151984,0.311521,0.99,10000,10,12,1.3117e-09,0.000557712,0.9999637826008664,0.9763840731708451
442261.0,309,0.0748263,0.382638,0.987222,10000,10,12,4.61542e-05,0.000133318,0.9932063117528106,0.9884536585881067
465706.0,394,0.049815,0.482815,0.99,10000,11,14,0.00142645,3.19277e-05,0.9622316269876501,0.9943495398417475
465706.0,379,0.049815,0.482815,0.99,10000,11,13,0.00127731,3.81123e-05,0.9642605260251358,0.9938264839839845
465706.0,424,0.049815,0.482815,0.99,10000,11,15,0.00174584,2.42532e-05,0.9582167497674008,0.9950752461990471
360821.0,428,0.213079,0.16477,0.99,10000,10,13,3.17217e-14,0.00242605,0.9999998218941326,0.9507450510100761
312177.0,407,0.235832,0.289958,0.987951,10000,10,12,8.31555e-07,0.000264433,0.9990881036243081,0.9837386039959664
312177.0,407,0.235832,0.289958,0.987951,10000,10,12,8.31555e-07,0.000264433,0.9990881036243081,0.9837386039959664
503181.0,350,0.049815,0.615442,0.99,10000,11,13,0.00235315,2.01453e-05,0.9514907225368178,0.9955116484094938
527717.0,414,0.049815,0.482815,0.99,10000,11,12,0.00213297,2.1259e-05,0.9538159118310213,0.9953892516876325
379743.0,281,0.208054,0.365996,0.99,17212,10,14,2.60115e-06,0.000240219,0.9983871918899013,0.9845010000322602
402680.0,434,0.296497,0.142522,0.99,10000,10,13,1.1378e-14,0.00293955,0.9999998933322917,0.9457823829369087
246220.0,493,0.178023,0.230681,0.99,10000,10,11,3.92038e-11,0.000748525,0.999993738706204,0.9726408150706203
465706.0,394,0.049815,0.482815,0.99,10000,11,14,0.00142645,3.19277e-05,0.9622316269876501,0.9943495398417475
208765.0,266,0.299575,0.245037,0.989999,10000,10,11,2.38073e-15,0.00484647,0.9999999512072751,0.9303834071503064
200000.0,493,0.225013,0.29692,0.99,10000,10,11,5.51702e-08,0.000295287,0.9997651166246837,0.9828160831007596
348604.0,407,0.178023,0.208632,0.99,10000,10,11,1.24076e-12,0.001347,0.9999988861059297,0.9632985013929949
465706.0,238,0.049815,0.67234,0.99,10000,10,16,0.000876688,4.13633e-05,0.9703910824243777,0.9935685693659964
503181.0,350,0.049815,0.615442,0.99,10000,10,13,0.00266579,1.70628e-05,0.9483687110368141,0.9958692857760431
357340.0,308,0.242872,0.311521,0.99,10000,10,12,2.34506e-10,0.000590829,0.9999846864112631,0.9756930256922011
365396.0,317,0.178425,0.311422,0.99,10000,10,11,6.49821e-10,0.000571563,0.9999745084131526,0.9760926162033567
503181.0,350,0.049815,0.443002,0.99,10000,11,13,0.000866389,5.72466e-05,0.9705655134238764,0.9924338517064493
428502.0,407,0.0873356,0.272133,0.987951,10000,10,13,4.25551e-06,0.000191058,0.9979371112487582,0.9861776268318353
455824.0,414,0.213079,0.16477,0.99,10000,10,13,1.85866e-13,0.00180177,0.9999995688782075,0.9575527386042397
434000.0,335,0.0906369,0.413572,0.99,10000,10,11,0.000265483,6.02178e-05,0.9837063509305005,0.9922399871134128
465706.0,424,0.049815,0.482815,0.99,10000,11,15,0.00174584,2.42532e-05,0.9582167497674008,0.9950752461990471
503181.0,403,0.0368813,0.615442,0.99,10000,11,13,0.00298876,1.29296e-05,0.9453304472306568,0.996404224701125
465706.0,417,0.049815,0.482815,0.99,10000,11,14,0.00166647,2.55908e-05,0.9591775796895873,0.9949412649802545
200000.0,266,0.299575,0.480894,0.989999,10000,10,11,2.44268e-09,0.000529062,0.9999505765237969,0.9769986522134028
484862.0,350,0.049815,0.615442,0.99,10000,11,13,0.00218003,2.07642e-05,0.9533092086166876,0.9954432248245059
321616.0,480,0.296497,0.142522,0.99,10000,15,10,3.19013e-15,0.00477605,0.9999999435187642,0.9308910280788377
286351.0,266,0.299575,0.245037,0.989999,10000,10,11,7.54396e-15,0.00385307,0.9999999131440273,0.9379268979347737
246220.0,407,0.178023,0.230681,0.99,10000,10,12,1.09601e-12,0.00156647,0.9999989530950377,0.9604213441360119
246327.0,266,0.299575,0.245037,0.989999,11150,10,11,5.61726e-15,0.00433741,0.9999999250516177,0.9341409839126031
260024.0,375,0.263008,0.142522,0.99,10000,10,12,3.28687e-16,0.00702847,0.9999999818702731,0.9161640291998715
428502.0,407,0.0873356,0.272133,0.987951,10000,10,13,4.25551e-06,0.000191058,0.9979371112487582,0.9861776268318353
348604.0,407,0.178023,0.208632,0.99,10000,10,11,1.24076e-12,0.001347,0.9999988861059297,0.9632985013929949
225131.0,407,0.268351,0.2588,0.99,10000,11,16,2.38497e-12,0.00123947,0.9999984556651917,0.9647938925752931
424479.0,450,0.213079,0.141918,0.99,10000,10,13,2.60529e-14,0.00264592,0.9999998385908925,0.9485614930232223
402680.0,468,0.296497,0.129725,0.99,10000,10,13,8.04549e-15,0.00294453,0.9999999103033446,0.9457364763399942
360821.0,428,0.205603,0.16477,0.99,10191,10,13,3.8716e-14,0.00240371,0.9999998032361822,0.9509723547373525
465706.0,238,0.049815,0.67234,0.99,10000,10,16,0.000876688,4.13633e-05,0.9703910824243777,0.9935685693659964
315913.0,414,0.235832,0.231974,0.987926,10000,10,10,6.08443e-12,0.000923027,0.9999975333362613,0.9696186405834104
442261.0,309,0.0748263,0.382638,0.987246,10000,10,12,4.61557e-05,0.000133257,0.9932062013571199,0.9884563004197094
465706.0,238,0.049815,0.67234,0.99,10000,10,16,0.000876688,4.13633e-05,0.9703910824243777,0.9935685693659964
321616.0,412,0.296497,0.142522,0.963953,10000,10,13,1.62563e-15,0.00566707,0.9999999596808978,0.9247200557917317
208765.0,262,0.194993,0.200048,0.989993,10000,10,10,4.28489e-16,0.00875724,0.9999999793000242,0.9064198739047654
452412.0,460,0.049815,0.653636,0.99,10000,10,11,0.00414378,1.3294e-05,0.9356278010318119,0.9963539061997804
372088.0,378,0.184598,0.126963,0.99,10000,10,16,1.65732e-15,0.00724531,0.9999999592898047,0.9148806132540888
357340.0,353,0.242872,0.158116,0.99,10000,10,12,2.82922e-15,0.00491806,0.9999999468095874,0.9298711186457391
503181.0,321,0.049815,0.602513,0.99,10000,11,12,0.00175423,2.4517e-05,0.9581164710178333,0.995048535570157
503181.0,357,0.049815,0.615442,0.99,13809,11,13,0.00270951,2.25106e-05,0.9479470461933235,0.9952554663032075
360821.0,450,0.213079,0.141918,0.99,10000,10,13,8.21144e-15,0.00337097,0.9999999093830038,0.9419399448846283
405614.0,428,0.049815,0.67234,0.99,10000,10,12,0.00334633,1.36849e-05,0.9421525281451298,0.9963006892533879
220022.0,276,0.301888,0.225003,0.987177,10000,11,10,1.66857e-15,0.00605069,0.9999999591518667,0.9222138187079478
220022.0,276,0.301888,0.225003,0.987177,10000,18,10,1.64802e-15,0.00837067,0.9999999594041874,0.9085086342871634
463747.0,374,0.049815,0.653636,0.99,10000,10,13,0.00302086,1.54744e-05,0.9450376492496909,0.9960662486097873
340902.0,425,0.263008,0.142522,0.99,10000,13,11,2.18261e-15,0.00568036,0.9999999532815882,0.9246318369601594
430500.0,394,0.049815,0.482815,0.99,10000,11,14,0.00125882,4.44388e-05,0.9645201465617458,0.9933337566801084
465706.0,353,0.049815,0.465489,0.99,10000,11,14,0.000913077,6.0626e-05,0.9697828360033574,0.9922137300329362
442261.0,309,0.0608795,0.476678,0.987222,10000,10,12,0.000458034,6.30815e-05,0.9785982710978762,0.9920576137087145
360821.0,407,0.178023,0.16477,0.99,10000,10,13,3.53308e-14,0.00294767,0.9999998120351097,0.9457075511696148
434000.0,335,0.0592746,0.413572,0.99,10000,10,11,0.000292093,8.37767e-05,0.9829092715193295,0.9908470387305528
351032.0,321,0.0947727,0.615442,0.99,10000,11,12,0.000960344,5.33536e-05,0.9690105824514238,0.992695645134579
271856.0,300,0.185206,0.264285,0.989998,10000,10,11,2.3889e-13,0.00244362,0.9999995112362534,0.9505670150607917
405614.0,428,0.049815,0.67234,0.989384,10000,10,12,0.00334205,1.391e-05,0.9421895338195583,0.9962703887602057
288797.0,275,0.272894,0.318845,0.99,10000,10,12,1.26947e-12,0.0014413,0.9999988732924071,0.9620355429381638
452412.0,409,0.049815,0.612686,0.99,10000,11,11,0.00272831,1.76912e-05,0.9477667730271239,0.9957939091783462
439910.0,302,0.135678,0.393689,0.984384,10000,10,13,9.2108e-05,0.000123076,0.990402708715476,0.9889060376780882
481064.0,407,0.178023,0.16477,0.989898,10000,10,13,3.9122e-13,0.00184951,0.9999993745241811,0.9569940701763118
426165.0,350,0.049815,0.615442,0.99,10000,11,13,0.00172455,2.80211e-05,0.9584722984021509,0.9947065039907449
439910.0,302,0.153381,0.365996,0.984384,10000,10,14,2.80293e-05,0.000155113,0.9947057295120102,0.9875455630396232
365396.0,317,0.180928,0.268877,0.99,10000,10,11,5.93061e-12,0.00119274,0.9999975647156224,0.9654639318972179
503181.0,321,0.049815,0.615442,0.99,10000,11,13,0.00186879,2.33462e-05,0.9567704961860537,0.9951682094416252
439910.0,325,0.0748263,0.382638,0.987222,10000,10,12,9.16795e-05,0.000108047,0.9904250587469166,0.9896054341119987
312177.0,407,0.235832,0.289958,0.987951,10000,10,12,8.31555e-07,0.000264433,0.9990881036243081,0.9837386039959664
246220.0,407,0.178023,0.230681,0.99,10000,10,11,1.06044e-12,0.00158217,0.9999989702233252,0.9602234993997713
365396.0,313,0.214504,0.268877,0.99,10000,10,11,3.56307e-12,0.00119379,0.9999981123904005,0.9654487337424517
395261.0,308,0.151984,0.311521,0.99,10000,10,12,1.3117e-09,0.000557712,0.9999637826008664,0.9763840731708451
442261.0,309,0.0748263,0.382638,0.987222,10000,10,12,4.61542e-05,0.000133318,0.9932063117528106,0.9884536585881067
465706.0,424,0.049815,0.482815,0.99,10000,11,15,0.00174584,2.42532e-05,0.9582167497674008,0.9950752461990471
360821.0,428,0.213079,0.16477,0.99,10000,10,13,3.17217e-14,0.00242605,0.9999998218941326,0.9507450510100761
312177.0,407,0.235832,0.289958,0.987951,10000,10,12,8.31555e-07,0.000264433,0.9990881036243081,0.9837386039959664
312177.0,407,0.235832,0.289958,0.987951,10000,10,12,8.31555e-07,0.000264433,0.9990881036243081,0.9837386039959664
379743.0,281,0.208054,0.365996,0.99,17212,10,14,2.60115e-06,0.000240219,0.9983871918899013,0.9845010000322602
402680.0,434,0.296497,0.142522,0.99,10000,10,13,1.1378e-14,0.00293955,0.9999998933322917,0.9457823829369087
246220.0,493,0.178023,0.230681,0.99,10000,10,11,3.92038e-11,0.000748525,0.999993738706204,0.9726408150706203
208765.0,266,0.299575,0.245037,0.989999,10000,10,11,2.38073e-15,0.00484647,0.9999999512072751,0.9303834071503064
200000.0,493,0.225013,0.29692,0.99,10000,10,11,5.51702e-08,0.000295287,0.9997651166246837,0.9828160831007596
348604.0,407,0.178023,0.208632,0.99,10000,10,11,1.24076e-12,0.001347,0.9999988861059297,0.9632985013929949
465706.0,238,0.049815,0.67234,0.99,10000,10,16,0.000876688,4.13633e-05,0.9703910824243777,0.9935685693659964
503181.0,350,0.049815,0.615442,0.99,10000,10,13,0.00266579,1.70628e-05,0.9483687110368141,0.9958692857760431
357340.0,308,0.242872,0.311521,0.99,10000,10,12,2.34506e-10,0.000590829,0.9999846864112631,0.9756930256922011
365396.0,317,0.178425,0.311422,0.99,10000,10,11,6.49821e-10,0.000571563,0.9999745084131526,0.9760926162033567
428502.0,407,0.0873356,0.272133,0.987951,10000,10,13,4.25551e-06,0.000191058,0.9979371112487582,0.9861776268318353
455824.0,414,0.213079,0.16477,0.99,10000,10,13,1.85866e-13,0.00180177,0.9999995688782075,0.9575527386042397
434000.0,335,0.0906369,0.413572,0.99,10000,10,11,0.000265483,6.02178e-05,0.9837063509305005,0.9922399871134128
465706.0,424,0.049815,0.482815,0.99,10000,11,15,0.00174584,2.42532e-05,0.9582167497674008,0.9950752461990471
503181.0,403,0.0368813,0.615442,0.99,10000,11,13,0.00298876,1.29296e-05,0.9453304472306568,0.996404224701125
465706.0,417,0.049815,0.482815,0.99,10000,11,14,0.00166647,2.55908e-05,0.9591775796895873,0.9949412649802545
246220.0,407,0.178023,0.230681,0.99,10000,10,12,1.09601e-12,0.00156647,0.9999989530950377,0.9604213441360119
260024.0,375,0.263008,0.142522,0.99,10000,10,12,3.28687e-16,0.00702847,0.9999999818702731,0.9161640291998715
428502.0,407,0.0873356,0.272133,0.987951,10000,10,13,4.25551e-06,0.000191058,0.9979371112487582,0.9861776268318353
348604.0,407,0.178023,0.208632,0.99,10000,10,11,1.24076e-12,0.001347,0.9999988861059297,0.9632985013929949
225131.0,407,0.268351,0.2588,0.99,10000,11,16,2.38497e-12,0.00123947,0.9999984556651917,0.9647938925752931
402680.0,468,0.296497,0.129725,0.99,10000,10,13,8.04549e-15,0.00294453,0.9999999103033446,0.9457364763399942
465706.0,238,0.049815,0.67234,0.99,10000,10,16,0.000876688,4.13633e-05,0.9703910824243777,0.9935685693659964
315913.0,414,0.235832,0.231974,0.987926,10000,10,10,6.08443e-12,0.000923027,0.9999975333362613,0.9696186405834104
442261.0,309,0.0748263,0.382638,0.987246,10000,10,12,4.61557e-05,0.000133257,0.9932062013571199,0.9884563004197094
465706.0,238,0.049815,0.67234,0.99,10000,10,16,0.000876688,4.13633e-05,0.9703910824243777,0.9935685693659964
434000.0,335,0.0906369,0.457694,0.99,10000,10,11,0.000630974,5.07354e-05,0.9748808041529988,0.9928771213684354
321616.0,386,0.360484,0.142522,0.99,10000,10,13,1.17013e-15,0.00531656,0.999999965792837,0.9270852552634242
452166.0,335,0.0906369,0.376462,0.99,10000,10,11,0.00011954,7.40277e-05,0.9890665650411227,0.9913960648538009
465706.0,417,0.049815,0.482815,0.99,10000,11,14,0.00166647,2.55908e-05,0.9591775796895873,0.9949412649802545
543049.0,456,0.0311186,0.653636,0.99,10000,10,11,0.00459012,7.33548e-06,0.9322495756470854,0.9972915908728555
370663.0,468,0.296497,0.129725,0.99,10000,10,13,4.12219e-15,0.00350436,0.9999999357957167,0.9408023649121015
402680.0,468,0.296497,0.145271,0.99,10000,10,13,3.43157e-14,0.00211799,0.9999998147550271,0.9539783746484329
340902.0,425,0.263008,0.142522,0.99,10000,10,10,2.66834e-15,0.00416973,0.9999999483440226,0.9354265534449338
285315.0,320,0.235832,0.255184,0.99,10000,10,10,1.27017e-13,0.00203619,0.9999996436055556,0.9548758379579189
246327.0,294,0.299575,0.245037,0.99,10000,10,11,7.58408e-15,0.0033809,0.9999999129133764,0.9418544928648825
365396.0,374,0.214504,0.268877,0.989999,11204,10,10,1.41052e-09,0.000443293,0.9999624431098199,0.9789454755456221
465706.0,424,0.049815,0.482815,0.99,10000,10,15,0.00196497,1.80019e-05,0.9556720178668147,0.9957571354016419
439910.0,414,0.0748263,0.347399,0.987222,10000,10,12,0.000343652,5.72755e-05,0.9814621468341126,0.992431942124957
503181.0,350,0.049815,0.459109,0.99,10000,10,13,0.00103454,2.67094e-05,0.9678357341137716,0.9948318862241626
465706.0,238,0.049815,0.67234,0.99,10000,10,16,0.000876688,4.13633e-05,0.9703910824243777,0.9935685693659964
455824.0,414,0.213079,0.16477,0.99,10000,10,13,1.85866e-13,0.00180177,0.9999995688782075,0.9575527386042397
465706.0,353,0.049815,0.465489,0.99,10000,10,14,0.000928036,3.397e-05,0.9695363167033269,0.9941716211516409
453363.0,350,0.049815,0.704179,0.99,10000,10,10,0.00294092,1.54643e-05,0.9457697501388754,0.9960675325811903
418054.0,339,0.183944,0.289958,0.987951,10000,10,15,1.23132e-08,0.000339236,0.9998890351406976,0.9815816395952299
357340.0,308,0.242872,0.311521,0.99,10000,10,12,2.34506e-10,0.000590829,0.9999846864112631,0.9756930256922011
349137.0,428,0.205603,0.16477,0.99,10000,10,12,2.47562e-14,0.0025783,0.9999998426589691,0.9492230367193941
352107.0,460,0.296497,0.129725,0.99,10000,10,13,2.70811e-15,0.00392729,0.9999999479604957,0.9373319060446227
439910.0,325,0.0748263,0.32182,0.988283,10000,10,12,2.17768e-06,0.000259318,0.9985243035542497,0.9838966463120256
360821.0,428,0.185675,0.219551,0.99,10116,10,13,3.04909e-11,0.000753242,0.9999944781434281,0.9725547454010716
452412.0,460,0.049815,0.653636,0.99,10000,10,11,0.00414378,1.3294e-05,0.9356278010318119,0.9963539061997804
208765.0,262,0.194993,0.200048,0.989993,10000,10,10,4.28489e-16,0.00875724,0.9999999793000242,0.9064198739047654
310122.0,425,0.306374,0.142522,0.99,10000,13,10,1.20595e-15,0.00604134,0.9999999652732092,0.9222739425932333
405614.0,428,0.049815,0.67234,0.99,10000,10,12,0.00334633,1.36849e-05,0.9421525281451298,0.9963006892533879
452412.0,409,0.049815,0.612686,0.99,10000,11,11,0.00272831,1.76912e-05,0.9477667730271239,0.9957939091783462
288797.0,275,0.272894,0.318845,0.99,10000,10,12,1.26947e-12,0.0014413,0.9999988732924071,0.9620355429381638
463747.0,374,0.049815,0.653636,0.99,10000,10,13,0.00302086,1.54744e-05,0.9450376492496909,0.9960662486097873
360821.0,450,0.213079,0.141918,0.99,10000,10,13,8.21144e-15,0.00337097,0.9999999093830038,0.9419399448846283
503181.0,350,0.049815,0.615442,0.99,10000,11,13,0.00235315,2.01453e-05,0.9514907225368178,0.9955116484094938
321616.0,412,0.296497,0.142522,0.963953,10000,10,13,1.62563e-15,0.00566707,0.9999999596808978,0.9247200557917317
503181.0,350,0.049815,0.443002,0.99,10000,11,13,0.000866389,5.72466e-05,0.9705655134238764,0.9924338517064493
442261.0,309,0.0608795,0.476678,0.987222,10000,10,12,0.000458034,6.30815e-05,0.9785982710978762,0.9920576137087145
200000.0,266,0.299575,0.480894,0.989999,10000,10,11,2.44268e-09,0.000529062,0.9999505765237969,0.9769986522134028
424479.0,450,0.213079,0.141918,0.99,10000,10,13,2.60529e-14,0.00264592,0.9999998385908925,0.9485614930232223
286351.0,266,0.299575,0.245037,0.989999,10000,10,11,7.54396e-15,0.00385307,0.9999999131440273,0.9379268979347737
481064.0,407,0.178023,0.16477,0.989898,10000,10,13,3.9122e-13,0.00184951,0.9999993745241811,0.9569940701763118
246327.0,266,0.299575,0.245037,0.989999,11150,10,11,5.61726e-15,0.00433741,0.9999999250516177,0.9341409839126031
439910.0,302,0.153381,0.365996,0.984384,10000,10,14,2.80293e-05,0.000155113,0.9947057295120102,0.9875455630396232
439910.0,325,0.0748263,0.382638,0.987222,10000,10,12,9.16795e-05,0.000108047,0.9904250587469166,0.9896054341119987
312177.0,407,0.235832,0.289958,0.987951,10000,10,12,8.31555e-07,0.000264433,0.9990881036243081,0.9837386039959664
365396.0,313,0.214504,0.268877,0.99,10000,10,11,3.56307e-12,0.00119379,0.9999981123904005,0.9654487337424517
395261.0,308,0.151984,0.311521,0.99,10000,10,12,1.3117e-09,0.000557712,0.9999637826008664,0.9763840731708451
442261.0,309,0.0748263,0.382638,0.987222,10000,10,12,4.61542e-05,0.000133318,0.9932063117528106,0.9884536585881067
360821.0,428,0.213079,0.16477,0.99,10000,10,13,3.17217e-14,0.00242605,0.9999998218941326,0.9507450510100761
312177.0,407,0.235832,0.289958,0.987951,10000,10,12,8.31555e-07,0.000264433,0.9990881036243081,0.9837386039959664
312177.0,407,0.235832,0.289958,0.987951,10000,10,12,8.31555e-07,0.000264433,0.9990881036243081,0.9837386039959664
379743.0,281,0.208054,0.365996,0.99,17212,10,14,2.60115e-06,0.000240219,0.9983871918899013,0.9845010000322602
402680.0,434,0.296497,0.142522,0.99,10000,10,13,1.1378e-14,0.00293955,0.9999998933322917,0.9457823829369087
246220.0,493,0.178023,0.230681,0.99,10000,10,11,3.92038e-11,0.000748525,0.999993738706204,0.9726408150706203
208765.0,266,0.299575,0.245037,0.989999,10000,10,11,2.38073e-15,0.00484647,0.9999999512072751,0.9303834071503064
200000.0,493,0.225013,0.29692,0.99,10000,10,11,5.51702e-08,0.000295287,0.9997651166246837,0.9828160831007596
348604.0,407,0.178023,0.208632,0.99,10000,10,11,1.24076e-12,0.001347,0.9999988861059297,0.9632985013929949
465706.0,238,0.049815,0.67234,0.99,10000,10,16,0.000876688,4.13633e-05,0.9703910824243777,0.9935685693659964
357340.0,308,0.242872,0.311521,0.99,10000,10,12,2.34506e-10,0.000590829,0.9999846864112631,0.9756930256922011
365396.0,317,0.178425,0.311422,0.99,10000,10,11,6.49821e-10,0.000571563,0.9999745084131526,0.9760926162033567
428502.0,407,0.0873356,0.272133,0.987951,10000,10,13,4.25551e-06,0.000191058,0.9979371112487582,0.9861776268318353
455824.0,414,0.213079,0.16477,0.99,10000,10,13,1.85866e-13,0.00180177,0.9999995688782075,0.9575527386042397
434000.0,335,0.0906369,0.413572,0.99,10000,10,11,0.000265483,6.02178e-05,0.9837063509305005,0.9922399871134128
503181.0,403,0.0368813,0.615442,0.99,10000,11,13,0.00298876,1.29296e-05,0.9453304472306568,0.996404224701125
260024.0,375,0.263008,0.142522,0.99,10000,10,12,3.28687e-16,0.00702847,0.9999999818702731,0.9161640291998715
428502.0,407,0.0873356,0.272133,0.987951,10000,10,13,4.25551e-06,0.000191058,0.9979371112487582,0.9861776268318353
348604.0,407,0.178023,0.208632,0.99,10000,10,11,1.24076e-12,0.001347,0.9999988861059297,0.9632985013929949
225131.0,407,0.268351,0.2588,0.99,10000,11,16,2.38497e-12,0.00123947,0.9999984556651917,0.9647938925752931
402680.0,468,0.296497,0.129725,0.99,10000,10,13,8.04549e-15,0.00294453,0.9999999103033446,0.9457364763399942
465706.0,238,0.049815,0.67234,0.99,10000,10,16,0.000876688,4.13633e-05,0.9703910824243777,0.9935685693659964
315913.0,414,0.235832,0.231974,0.987926,10000,10,10,6.08443e-12,0.000923027,0.9999975333362613,0.9696186405834104
442261.0,309,0.0748263,0.382638,0.987246,10000,10,12,4.61557e-05,0.000133257,0.9932062013571199,0.9884563004197094
465706.0,238,0.049815,0.67234,0.99,10000,10,16,0.000876688,4.13633e-05,0.9703910824243777,0.9935685693659964
434000.0,335,0.0906369,0.457694,0.99,10000,10,11,0.000630974,5.07354e-05,0.9748808041529988,0.9928771213684354
321616.0,386,0.360484,0.142522,0.99,10000,10,13,1.17013e-15,0.00531656,0.999999965792837,0.9270852552634242
452166.0,335,0.0906369,0.376462,0.99,10000,10,11,0.00011954,7.40277e-05,0.9890665650411227,0.9913960648538009
543049.0,456,0.0311186,0.653636,0.99,10000,10,11,0.00459012,7.33548e-06,0.9322495756470854,0.9972915908728555
370663.0,468,0.296497,0.129725,0.99,10000,10,13,4.12219e-15,0.00350436,0.9999999357957167,0.9408023649121015
402680.0,468,0.296497,0.145271,0.99,10000,10,13,3.43157e-14,0.00211799,0.9999998147550271,0.9539783746484329
340902.0,425,0.263008,0.142522,0.99,10000,10,10,2.66834e-15,0.00416973,0.9999999483440226,0.9354265534449338
285315.0,320,0.235832,0.255184,0.99,10000,10,10,1.27017e-13,0.00203619,0.9999996436055556,0.9548758379579189
246327.0,294,0.299575,0.245037,0.99,10000,10,11,7.58408e-15,0.0033809,0.9999999129133764,0.9418544928648825
365396.0,374,0.214504,0.268877,0.989999,11204,10,10,1.41052e-09,0.000443293,0.9999624431098199,0.9789454755456221
465706.0,424,0.049815,0.482815,0.99,10000,10,15,0.00196497,1.80019e-05,0.9556720178668147,0.9957571354016419
439910.0,414,0.0748263,0.347399,0.987222,10000,10,12,0.000343652,5.72755e-05,0.9814621468341126,0.992431942124957
503181.0,350,0.049815,0.459109,0.99,10000,10,13,0.00103454,2.67094e-05,0.9678357341137716,0.9948318862241626
465706.0,238,0.049815,0.67234,0.99,10000,10,16,0.000876688,4.13633e-05,0.9703910824243777,0.9935685693659964
455824.0,414,0.213079,0.16477,0.99,10000,10,13,1.85866e-13,0.00180177,0.9999995688782075,0.9575527386042397
465706.0,353,0.049815,0.465489,0.99,10000,10,14,0.000928036,3.397e-05,0.9695363167033269,0.9941716211516409
418054.0,339,0.183944,0.289958,0.987951,10000,10,15,1.23132e-08,0.000339236,0.9998890351406976,0.9815816395952299
357340.0,308,0.242872,0.311521,0.99,10000,10,12,2.34506e-10,0.000590829,0.9999846864112631,0.9756930256922011
349137.0,428,0.205603,0.16477,0.99,10000,10,12,2.47562e-14,0.0025783,0.9999998426589691,0.9492230367193941
352107.0,460,0.296497,0.129725,0.99,10000,10,13,2.70811e-15,0.00392729,0.9999999479604957,0.9373319060446227
439910.0,325,0.0748263,0.32182,0.988283,10000,10,12,2.17768e-06,0.000259318,0.9985243035542497,0.9838966463120256
360821.0,428,0.185675,0.219551,0.99,10116,10,13,3.04909e-11,0.000753242,0.9999944781434281,0.9725547454010716
360821.0,432,0.213079,0.190689,0.99,10000,10,12,4.53803e-13,0.00135737,0.9999993263509815,0.963157497370564
433907.0,381,0.245159,0.206521,0.99,10000,10,12,3.78193e-12,0.000971152,0.9999980552815114,0.9688366882376086
352107.0,460,0.296497,0.129725,0.99,10000,10,13,2.70811e-15,0.00392729,0.9999999479604957,0.9373319060446227
515017.0,361,0.049815,0.459109,0.99,10000,10,13,0.00125497,2.29653e-05,0.9645744442527714,0.995207787567313
594198.0,353,0.0368813,0.571837,0.99,10000,11,13,0.00261757,1.51681e-05,0.9488378069273804,0.9961053754994865
260024.0,375,0.263008,0.156137,0.99,10000,10,12,6.57477e-16,0.00614789,0.9999999743586857,0.9215915183159373
208765.0,355,0.299575,0.245037,0.989999,10000,10,10,3.32778e-14,0.00224892,0.9999998175779619,0.9525772206634828
321616.0,381,0.360484,0.142522,0.99,15026,10,13,2.25067e-15,0.00521856,0.9999999525587732,0.9277603986721964
434000.0,321,0.0906369,0.453111,0.99,10000,10,13,0.000426705,5.49673e-05,0.9793431609388077,0.9925860064742408
471260.0,321,0.049815,0.615442,0.99,10000,10,13,0.00182067,1.91517e-05,0.9573306901860366,0.9956237344687507
208765.0,262,0.194993,0.200048,0.989993,10000,10,10,4.28489e-16,0.00875724,0.9999999793000242,0.9064198739047654
452412.0,460,0.049815,0.653636,0.99,10000,10,11,0.00414378,1.3294e-05,0.9356278010318119,0.9963539061997804
321616.0,340,0.360484,0.142522,0.99,10000,10,13,5.84314e-16,0.0074991,0.9999999758274122,0.9134026559298728
405614.0,428,0.049815,0.67234,0.99,10000,10,12,0.00334633,1.36849e-05,0.9421525281451298,0.9963006892533879
503181.0,350,0.049815,0.443002,0.99,10000,11,13,0.000866389,5.72466e-05,0.9705655134238764,0.9924338517064493
497627.0,377,0.049815,0.482815,0.99,10000,11,15,0.00142709,2.94761e-05,0.9622231552402798,0.9945708103735456
340902.0,425,0.263008,0.142522,0.99,10000,10,13,2.85424e-15,0.00402434,0.9999999465749123,0.9365623140396815
503181.0,350,0.049815,0.615442,0.99,10000,11,13,0.00235315,2.01453e-05,0.9514907225368178,0.9955116484094938
310122.0,425,0.306374,0.142522,0.99,10000,13,10,1.20595e-15,0.00604134,0.9999999652732092,0.9222739425932333
360821.0,323,0.249446,0.16477,0.99,10000,10,13,2.55465e-15,0.0055625,0.9999999494564544,0.9254178305491185
453363.0,350,0.049815,0.704179,0.99,10000,10,10,0.00294092,1.54643e-05,0.9457697501388754,0.9960675325811903
503181.0,321,0.049815,0.615442,0.99,10000,11,13,0.00186879,2.33462e-05,0.9567704961860537,0.9951682094416252
360821.0,450,0.213079,0.141918,0.99,10000,10,13,8.21144e-15,0.00337097,0.9999999093830038,0.9419399448846283
442261.0,309,0.0608795,0.476678,0.987222,10000,10,12,0.000458034,6.30815e-05,0.9785982710978762,0.9920576137087145
442261.0,337,0.0748263,0.37927,0.987246,10000,10,12,0.000130367,9.36387e-05,0.9885821630770097,0.9903232908486408
481064.0,407,0.178023,0.16477,0.989898,10000,10,13,3.9122e-13,0.00184951,0.9999993745241811,0.9569940701763118
465706.0,238,0.049815,0.614692,0.99,10000,10,16,0.000603928,6.17582e-05,0.9754250534079929,0.9921413614410637
439910.0,302,0.153381,0.365996,0.984384,10000,10,14,2.80293e-05,0.000155113,0.9947057295120102,0.9875455630396232
439910.0,325,0.0748263,0.382638,0.987222,10000,10,12,9.16795e-05,0.000108047,0.9904250587469166,0.9896054341119987
312177.0,407,0.235832,0.289958,0.987951,10000,10,12,8.31555e-07,0.000264433,0.9990881036243081,0.9837386039959664
360821.0,428,0.213079,0.16477,0.99,10000,10,13,3.17217e-14,0.00242605,0.9999998218941326,0.9507450510100761
312177.0,407,0.235832,0.289958,0.987951,10000,10,12,8.31555e-07,0.000264433,0.9990881036243081,0.9837386039959664
312177.0,407,0.235832,0.289958,0.987951,10000,10,12,8.31555e-07,0.000264433,0.9990881036243081,0.9837386039959664
379743.0,281,0.208054,0.365996,0.99,17212,10,14,2.60115e-06,0.000240219,0.9983871918899013,0.9845010000322602
246220.0,493,0.178023,0.230681,0.99,10000,10,11,3.92038e-11,0.000748525,0.999993738706204,0.9726408150706203
200000.0,493,0.225013,0.29692,0.99,10000,10,11,5.51702e-08,0.000295287,0.9997651166246837,0.9828160831007596
465706.0,238,0.049815,0.67234,0.99,10000,10,16,0.000876688,4.13633e-05,0.9703910824243777,0.9935685693659964
357340.0,308,0.242872,0.311521,0.99,10000,10,12,2.34506e-10,0.000590829,0.9999846864112631,0.9756930256922011
428502.0,407,0.0873356,0.272133,0.987951,10000,10,13,4.25551e-06,0.000191058,0.9979371112487582,0.9861776268318353
455824.0,414,0.213079,0.16477,0.99,10000,10,13,1.85866e-13,0.00180177,0.9999995688782075,0.9575527386042397
434000.0,335,0.0906369,0.413572,0.99,10000,10,11,0.000265483,6.02178e-05,0.9837063509305005,0.9922399871134128
503181.0,403,0.0368813,0.615442,0.99,10000,11,13,0.00298876,1.29296e-05,0.9453304472306568,0.996404224701125
260024.0,375,0.263008,0.142522,0.99,10000,10,12,3.28687e-16,0.00702847,0.9999999818702731,0.9161640291998715
428502.0,407,0.0873356,0.272133,0.987951,10000,10,13,4.25551e-06,0.000191058,0.9979371112487582,0.9861776268318353
225131.0,407,0.268351,0.2588,0.99,10000,11,16,2.38497e-12,0.00123947,0.9999984556651917,0.9647938925752931
465706.0,238,0.049815,0.67234,0.99,10000,10,16,0.000876688,4.13633e-05,0.9703910824243777,0.9935685693659964
315913.0,414,0.235832,0.231974,0.987926,10000,10,10,6.08443e-12,0.000923027,0.9999975333362613,0.9696186405834104
465706.0,238,0.049815,0.67234,0.99,10000,10,16,0.000876688,4.13633e-05,0.9703910824243777,0.9935685693659964
434000.0,335,0.0906369,0.457694,0.99,10000,10,11,0.000630974,5.07354e-05,0.9748808041529988,0.9928771213684354
452166.0,335,0.0906369,0.376462,0.99,10000,10,11,0.00011954,7.40277e-05,0.9890665650411227,0.9913960648538009
543049.0,456,0.0311186,0.653636,0.99,10000,10,11,0.00459012,7.33548e-06,0.9322495756470854,0.9972915908728555
402680.0,468,0.296497,0.145271,0.99,10000,10,13,3.43157e-14,0.00211799,0.9999998147550271,0.9539783746484329
285315.0,320,0.235832,0.255184,0.99,10000,10,10,1.27017e-13,0.00203619,0.9999996436055556,0.9548758379579189
365396.0,374,0.214504,0.268877,0.989999,11204,10,10,1.41052e-09,0.000443293,0.9999624431098199,0.9789454755456221
465706.0,424,0.049815,0.482815,0.99,10000,10,15,0.00196497,1.80019e-05,0.9556720178668147,0.9957571354016419
439910.0,414,0.0748263,0.347399,0.987222,10000,10,12,0.000343652,5.72755e-05,0.9814621468341126,0.992431942124957
503181.0,350,0.049815,0.459109,0.99,10000,10,13,0.00103454,2.67094e-05,0.9678357341137716,0.9948318862241626
465706.0,238,0.049815,0.67234,0.99,10000,10,16,0.000876688,4.13633e-05,0.9703910824243777,0.9935685693659964
455824.0,414,0.213079,0.16477,0.99,10000,10,13,1.85866e-13,0.00180177,0.9999995688782075,0.9575527386042397
465706.0,353,0.049815,0.465489,0.99,10000,10,14,0.000928036,3.397e-05,0.9695363167033269,0.9941716211516409
418054.0,339,0.183944,0.289958,0.987951,10000,10,15,1.23132e-08,0.000339236,0.9998890351406976,0.9815816395952299
357340.0,308,0.242872,0.311521,0.99,10000,10,12,2.34506e-10,0.000590829,0.9999846864112631,0.9756930256922011
349137.0,428,0.205603,0.16477,0.99,10000,10,12,2.47562e-14,0.0025783,0.9999998426589691,0.9492230367193941
352107.0,460,0.296497,0.129725,0.99,10000,10,13,2.70811e-15,0.00392729,0.9999999479604957,0.9373319060446227
360821.0,428,0.185675,0.219551,0.99,10116,10,13,3.04909e-11,0.000753242,0.9999944781434281,0.9725547454010716
360821.0,432,0.213079,0.190689,0.99,10000,10,12,4.53803e-13,0.00135737,0.9999993263509815,0.963157497370564
433907.0,381,0.245159,0.206521,0.99,10000,10,12,3.78193e-12,0.000971152,0.9999980552815114,0.9688366882376086
352107.0,460,0.296497,0.129725,0.99,10000,10,13,2.70811e-15,0.00392729,0.9999999479604957,0.9373319060446227
515017.0,361,0.049815,0.459109,0.99,10000,10,13,0.00125497,2.29653e-05,0.9645744442527714,0.995207787567313
594198.0,353,0.0368813,0.571837,0.99,10000,11,13,0.00261757,1.51681e-05,0.9488378069273804,0.9961053754994865
208765.0,355,0.299575,0.245037,0.989999,10000,10,10,3.32778e-14,0.00224892,0.9999998175779619,0.9525772206634828
434000.0,321,0.0906369,0.453111,0.99,10000,10,13,0.000426705,5.49673e-05,0.9793431609388077,0.9925860064742408
346655.0,432,0.213079,0.190689,0.99,10000,10,12,2.93879e-13,0.00150097,0.9999994578939219,0.9612576459156132
413901.0,456,0.0311186,0.653636,0.99,10000,10,11,0.00332002,8.33798e-06,0.942380385284176,0.9971124439399381
471260.0,321,0.049815,0.661814,0.99,10000,10,17,0.00225463,1.75145e-05,0.9525170556936493,0.9958149671446929
225131.0,407,0.330877,0.2588,0.99,10000,10,12,2.4691e-12,0.000988277,0.9999984286629897,0.9685631267458101
357340.0,308,0.242872,0.311521,0.99,10000,10,11,2.16375e-10,0.000598182,0.9999852903093166,0.9755422404950903
365396.0,374,0.214504,0.259391,0.99,11204,10,12,3.62901e-10,0.000550406,0.9999809500393702,0.9765392668486256
312177.0,407,0.238696,0.289958,0.988712,10000,10,12,1.39311e-06,0.000256725,0.998819699190884,0.9839773597681281
352216.0,460,0.294982,0.129725,0.99,10000,10,12,2.6619e-15,0.00400063,0.9999999484063957,0.9367494664054128
260024.0,375,0.264523,0.156137,0.99,10000,10,10,5.90049e-16,0.00582777,0.9999999757090757,0.9236601676711299
471260.0,321,0.049815,0.477618,0.99,10000,10,15,0.000734604,4.5304e-05,0.9728964209005526,0.9932691753848433
477796.0,403,0.0368813,0.603022,0.99,10000,11,13,0.00266672,1.4835e-05,0.9483597056553702,0.9961483769654859
465706.0,419,0.049815,0.468876,0.99,10000,10,14,0.00172851,1.90325e-05,0.9584246467242911,0.9956373746436349
260024.0,397,0.263008,0.156137,0.99,10000,10,12,8.53803e-16,0.00504434,0.9999999707800924,0.9289764827680296
352107.0,460,0.296497,0.129725,0.99,10000,10,13,2.70811e-15,0.00392729,0.9999999479604957,0.9373319060446227
285893.0,425,0.256692,0.152709,0.99,10000,10,10,1.76596e-15,0.00409664,0.9999999579766732,0.9359950001952972
352375.0,482,0.296497,0.129725,0.99,10000,10,13,3.66005e-15,0.0034161,0.9999999395016529,0.9415525877390624
465706.0,368,0.049815,0.413534,0.99,10000,10,13,0.000679304,4.88505e-05,0.9739365389865429,0.9930106867290126
370663.0,500,0.296497,0.129725,0.99,10000,10,13,6.78121e-15,0.0029033,0.9999999176518974,0.9461177209093751
439910.0,302,0.153381,0.363871,0.99,10000,10,14,2.85697e-05,0.000135169,0.9946549368572486,0.9883737796339481
260024.0,375,0.263008,0.142522,0.99,10000,10,12,3.28687e-16,0.00702847,0.9999999818702731,0.9161640291998715
503181.0,350,0.049815,0.459109,0.99,10000,10,13,0.00103454,2.67094e-05,0.9678357341137716,0.9948318862241626
465706.0,238,0.049815,0.67234,0.99,10000,10,16,0.000876688,4.13633e-05,0.9703910824243777,0.9935685693659964
200000.0,458,0.299575,0.245037,0.989999,10000,10,10,2.47148e-12,0.000971904,0.9999984279058552,0.9688246251024948
452166.0,335,0.0906369,0.348173,0.99,10000,10,11,3.3264e-05,0.000108693,0.994232504876465,0.9895744064917147
473268.0,428,0.213079,0.204992,0.99,10000,10,13,6.71403e-09,0.00035005,0.9999180608152347,0.9812903768076425
467994.0,424,0.049815,0.482815,0.99,10000,10,15,0.00198816,1.79542e-05,0.9554112121716681,0.9957627603324806
457232.0,437,0.240862,0.16477,0.99,10000,10,13,5.12242e-13,0.00131873,0.9999992842891645,0.9636856777565656
452412.0,460,0.049815,0.653636,0.99,10000,10,11,0.00414378,1.3294e-05,0.9356278010318119,0.9963539061997804
208765.0,262,0.194993,0.200048,0.989993,10000,10,10,4.28489e-16,0.00875724,0.9999999793000242,0.9064198739047654
471260.0,321,0.049815,0.615442,0.99,10000,10,13,0.00182067,1.91517e-05,0.9573306901860366,0.9956237344687507
453363.0,350,0.049815,0.704179,0.99,10000,10,10,0.00294092,1.54643e-05,0.9457697501388754,0.9960675325811903
321616.0,340,0.360484,0.142522,0.99,10000,10,13,5.84314e-16,0.0074991,0.9999999758274122,0.9134026559298728
260024.0,375,0.263008,0.156137,0.99,10000,10,12,6.57477e-16,0.00614789,0.9999999743586857,0.9215915183159373
405614.0,428,0.049815,0.67234,0.99,10000,10,12,0.00334633,1.36849e-05,0.9421525281451298,0.9963006892533879
497627.0,377,0.049815,0.482815,0.99,10000,11,15,0.00142709,2.94761e-05,0.9622231552402798,0.9945708103735456
439910.0,302,0.153381,0.365996,0.984384,10000,10,14,2.80293e-05,0.000155113,0.9947057295120102,0.9875455630396232
360821.0,428,0.213079,0.16477,0.99,10000,10,13,3.17217e-14,0.00242605,0.9999998218941326,0.9507450510100761
465706.0,238,0.049815,0.67234,0.99,10000,10,16,0.000876688,4.13633e-05,0.9703910824243777,0.9935685693659964
357340.0,308,0.242872,0.311521,0.99,10000,10,12,2.34506e-10,0.000590829,0.9999846864112631,0.9756930256922011
428502.0,407,0.0873356,0.272133,0.987951,10000,10,13,4.25551e-06,0.000191058,0.9979371112487582,0.9861776268318353
434000.0,335,0.0906369,0.413572,0.99,10000,10,11,0.000265483,6.02178e-05,0.9837063509305005,0.9922399871134128
428502.0,407,0.0873356,0.272133,0.987951,10000,10,13,4.25551e-06,0.000191058,0.9979371112487582,0.9861776268318353
225131.0,407,0.268351,0.2588,0.99,10000,11,16,2.38497e-12,0.00123947,0.9999984556651917,0.9647938925752931
465706.0,238,0.049815,0.67234,0.99,10000,10,16,0.000876688,4.13633e-05,0.9703910824243777,0.9935685693659964
315913.0,414,0.235832,0.231974,0.987926,10000,10,10,6.08443e-12,0.000923027,0.9999975333362613,0.9696186405834104
465706.0,238,0.049815,0.67234,0.99,10000,10,16,0.000876688,4.13633e-05,0.9703910824243777,0.9935685693659964
434000.0,335,0.0906369,0.457694,0.99,10000,10,11,0.000630974,5.07354e-05,0.9748808041529988,0.9928771213684354
543049.0,456,0.0311186,0.653636,0.99,10000,10,11,0.00459012,7.33548e-06,0.9322495756470854,0.9972915908728555
402680.0,468,0.296497,0.145271,0.99,10000,10,13,3.43157e-14,0.00211799,0.9999998147550271,0.9539783746484329
285315.0,320,0.235832,0.255184,0.99,10000,10,10,1.27017e-13,0.00203619,0.9999996436055556,0.9548758379579189
365396.0,374,0.214504,0.268877,0.989999,11204,10,10,1.41052e-09,0.000443293,0.9999624431098199,0.9789454755456221
439910.0,414,0.0748263,0.347399,0.987222,10000,10,12,0.000343652,5.72755e-05,0.9814621468341126,0.992431942124957
503181.0,350,0.049815,0.459109,0.99,10000,10,13,0.00103454,2.67094e-05,0.9678357341137716,0.9948318862241626
465706.0,238,0.049815,0.67234,0.99,10000,10,16,0.000876688,4.13633e-05,0.9703910824243777,0.9935685693659964
465706.0,353,0.049815,0.465489,0.99,10000,10,14,0.000928036,3.397e-05,0.9695363167033269,0.9941716211516409
418054.0,339,0.183944,0.289958,0.987951,10000,10,15,1.23132e-08,0.000339236,0.9998890351406976,0.9815816395952299
357340.0,308,0.242872,0.311521,0.99,10000,10,12,2.34506e-10,0.000590829,0.9999846864112631,0.9756930256922011
349137.0,428,0.205603,0.16477,0.99,10000,10,12,2.47562e-14,0.0025783,0.9999998426589691,0.9492230367193941
352107.0,460,0.296497,0.129725,0.99,10000,10,13,2.70811e-15,0.00392729,0.9999999479604957,0.9373319060446227
360821.0,428,0.185675,0.219551,0.99,10116,10,13,3.04909e-11,0.000753242,0.9999944781434281,0.9725547454010716
433907.0,381,0.245159,0.206521,0.99,10000,10,12,3.78193e-12,0.000971152,0.9999980552815114,0.9688366882376086
352107.0,460,0.296497,0.129725,0.99,10000,10,13,2.70811e-15,0.00392729,0.9999999479604957,0.9373319060446227
515017.0,361,0.049815,0.459109,0.99,10000,10,13,0.00125497,2.29653e-05,0.9645744442527714,0.995207787567313
594198.0,353,0.0368813,0.571837,0.99,10000,11,13,0.00261757,1.51681e-05,0.9488378069273804,0.9961053754994865
208765.0,355,0.299575,0.245037,0.989999,10000,10,10,3.32778e-14,0.00224892,0.9999998175779619,0.9525772206634828
434000.0,321,0.0906369,0.453111,0.99,10000,10,13,0.000426705,5.49673e-05,0.9793431609388077,0.9925860064742408
413901.0,456,0.0311186,0.653636,0.99,10000,10,11,0.00332002,8.33798e-06,0.942380385284176,0.9971124439399381
225131.0,407,0.330877,0.2588,0.99,10000,10,12,2.4691e-12,0.000988277,0.9999984286629897,0.9685631267458101
357340.0,308,0.242872,0.311521,0.99,10000,10,11,2.16375e-10,0.000598182,0.9999852903093166,0.9755422404950903
365396.0,374,0.214504,0.259391,0.99,11204,10,12,3.62901e-10,0.000550406,0.9999809500393702,0.9765392668486256
352216.0,460,0.294982,0.129725,0.99,10000,10,12,2.6619e-15,0.00400063,0.9999999484063957,0.9367494664054128
260024.0,375,0.264523,0.156137,0.99,10000,10,10,5.90049e-16,0.00582777,0.9999999757090757,0.9236601676711299
471260.0,321,0.049815,0.477618,0.99,10000,10,15,0.000734604,4.5304e-05,0.9728964209005526,0.9932691753848433
477796.0,403,0.0368813,0.603022,0.99,10000,11,13,0.00266672,1.4835e-05,0.9483597056553702,0.9961483769654859
465706.0,419,0.049815,0.468876,0.99,10000,10,14,0.00172851,1.90325e-05,0.9584246467242911,0.9956373746436349
260024.0,397,0.263008,0.156137,0.99,10000,10,12,8.53803e-16,0.00504434,0.9999999707800924,0.9289764827680296
352107.0,460,0.296497,0.129725,0.99,10000,10,13,2.70811e-15,0.00392729,0.9999999479604957,0.9373319060446227
285893.0,425,0.256692,0.152709,0.99,10000,10,10,1.76596e-15,0.00409664,0.9999999579766732,0.9359950001952972
465706.0,368,0.049815,0.413534,0.99,10000,10,13,0.000679304,4.88505e-05,0.9739365389865429,0.9930106867290126
439910.0,302,0.153381,0.363871,0.99,10000,10,14,2.85697e-05,0.000135169,0.9946549368572486,0.9883737796339481
503181.0,350,0.049815,0.459109,0.99,10000,10,13,0.00103454,2.67094e-05,0.9678357341137716,0.9948318862241626
465706.0,238,0.049815,0.67234,0.99,10000,10,16,0.000876688,4.13633e-05,0.9703910824243777,0.9935685693659964
200000.0,458,0.299575,0.245037,0.989999,10000,10,10,2.47148e-12,0.000971904,0.9999984279058552,0.9688246251024948
452166.0,335,0.0906369,0.348173,0.99,10000,10,11,3.3264e-05,0.000108693,0.994232504876465,0.9895744064917147
473268.0,428,0.213079,0.204992,0.99,10000,10,13,6.71403e-09,0.00035005,0.9999180608152347,0.9812903768076425
275311.0,500,0.296497,0.145271,0.99,10000,10,13,3.17087e-15,0.00298385,0.9999999436895214,0.9453753718548126
285893.0,425,0.259181,0.138603,0.99,10000,10,11,7.36228e-16,0.00563644,0.9999999728664783,0.924923772071314
418825.0,500,0.0370463,0.527059,0.99,10000,10,11,0.00274667,1.09199e-05,0.9475913175132211,0.9966954728023513
465706.0,387,0.0438872,0.609392,0.99,10000,10,16,0.00271284,1.35937e-05,0.9479150693578268,0.9963130364797032
285315.0,320,0.235832,0.22992,0.99,10000,10,10,2.23652e-14,0.00285646,0.9999998504500084,0.9465541395428981
360821.0,428,0.185675,0.25564,0.99,10116,10,10,1.90182e-08,0.000300067,0.9998620935099424,0.9826775579088859
434000.0,335,0.0906369,0.3766,0.99,10000,10,11,8.49098e-05,8.66507e-05,0.990785348622981,0.9906913642245493
497131.0,335,0.0906369,0.348173,0.99,10000,10,11,9.611e-05,7.32473e-05,0.990196429221962,0.991441536352826
370663.0,500,0.296497,0.129725,0.99,10000,10,12,6.67286e-15,0.00286621,0.9999999183124244,0.9464630034462149
260024.0,375,0.290361,0.142522,0.99,10000,10,12,2.83464e-16,0.00698149,0.9999999831636108,0.9164446889778992
346655.0,432,0.311701,0.190689,0.99,10000,10,12,3.91793e-13,0.00128439,0.9999993740662975,0.9641616127595005
439910.0,302,0.153381,0.340973,0.984384,10000,10,14,4.16573e-07,0.000228205,0.9993545753335981,0.9848935444263057
225131.0,407,0.270293,0.283822,0.99,10000,10,11,3.65502e-11,0.000717595,0.9999939543238592,0.9732120362849283
460063.0,319,0.14702,0.302002,0.99,10000,10,12,4.10765e-08,0.000289846,0.9997973266174358,0.9829751358302041
260024.0,375,0.287762,0.141469,0.99,10000,10,12,2.70376e-16,0.00710965,0.9999999835568859,0.9156812594970727
655523.0,456,0.0311186,0.344798,0.978288,10000,10,11,0.00184074,1.72932e-05,0.9570961540185499,0.9958414906516878
540603.0,473,0.0311186,0.649603,0.99,10000,10,11,0.00473319,7.17708e-06,0.9312018168844555,0.9973209927211745
402680.0,468,0.296497,0.145271,0.99,10000,10,13,3.43157e-14,0.00211799,0.9999998147550271,0.9539783746484329
465706.0,238,0.049815,0.67234,0.99,10000,10,16,0.000876688,4.13633e-05,0.9703910824243777,0.9935685693659964
424479.0,438,0.049815,0.474712,0.99,10000,10,18,0.00166137,1.93884e-05,0.9592400932287621,0.995596773909961
543049.0,444,0.0311186,0.653636,0.99,10000,10,11,0.00444295,7.47498e-06,0.9333445426090257,0.9972659590346887
260024.0,375,0.264523,0.156137,0.99,10000,10,10,5.90049e-16,0.00582777,0.9999999757090757,0.9236601676711299
346655.0,432,0.233227,0.190689,0.99,10000,10,10,2.4474e-13,0.00147271,0.9999995052879626,0.9616240961018506
315913.0,414,0.215683,0.231974,0.99,10000,10,12,6.48006e-12,0.000915578,0.9999974544038026,0.9697414805385326
352771.0,381,0.245159,0.203104,0.99,10000,10,12,1.42292e-13,0.00171779,0.9999996227838815,0.9585537697733557
245228.0,476,0.267902,0.123864,0.99,10000,10,12,3.13583e-16,0.00587977,0.9999999822917252,0.9233203416804692
200000.0,390,0.280321,0.2588,0.99,10000,10,12,3.15143e-13,0.00145359,0.9999994386240119,0.9618740246026413
235740.0,320,0.324641,0.267494,0.99,10000,10,10,7.08613e-14,0.00204808,0.9999997338021412,0.954744282129216
543049.0,456,0.0311186,0.653636,0.98681,10000,10,11,0.00457025,7.87268e-06,0.9323963758367941,0.9971941703544228
260024.0,375,0.263008,0.142522,0.99,10000,10,12,3.28687e-16,0.00702847,0.9999999818702731,0.9161640291998715
523775.0,490,0.0311186,0.653636,0.99,10000,10,11,0.00480099,6.94574e-06,0.9307108233560248,0.9973645228136067
260024.0,375,0.287762,0.141469,0.99,10000,10,12,2.70376e-16,0.00710965,0.9999999835568859,0.9156812594970727
413901.0,456,0.0311186,0.653636,0.99,10000,10,11,0.00332002,8.33798e-06,0.942380385284176,0.9971124439399381
543049.0,444,0.0311186,0.653636,0.99,10000,10,11,0.00444295,7.47498e-06,0.9333445426090257,0.9972659590346887
655523.0,456,0.0311186,0.37495,0.978288,10000,10,11,0.00229218,1.45269e-05,0.9521232833205951,0.9961885829406899
260024.0,375,0.290361,0.142522,0.99,10000,10,12,2.83464e-16,0.00698149,0.9999999831636108,0.9164446889778992
245228.0,476,0.267902,0.123864,0.99,10000,10,12,3.13583e-16,0.00587977,0.9999999822917252,0.9233203416804692
315913.0,414,0.300574,0.153268,0.987926,10000,10,10,2.48506e-15,0.00385521,0.9999999501496238,0.9379096625874846
275311.0,500,0.296497,0.145271,0.99,10000,10,13,3.17087e-15,0.00298385,0.9999999436895214,0.9453753718548126
285893.0,425,0.277493,0.152709,0.99,10000,10,10,1.71664e-15,0.00414003,0.9999999585676455,0.9356569351056386
515017.0,361,0.049815,0.459109,0.99,10000,10,13,0.00125497,2.29653e-05,0.9645744442527714,0.995207787567313
260024.0,397,0.263008,0.156137,0.99,10000,10,12,8.53803e-16,0.00504434,0.9999999707800924,0.9289764827680296
418825.0,500,0.0370463,0.527059,0.99,10000,10,11,0.00274667,1.09199e-05,0.9475913175132211,0.9966954728023513
655523.0,456,0.0311186,0.344798,0.978288,10000,10,11,0.00184074,1.72932e-05,0.9570961540185499,0.9958414906516878
285893.0,425,0.259181,0.138603,0.99,10000,10,11,7.36228e-16,0.00563644,0.9999999728664783,0.924923772071314
424479.0,438,0.049815,0.474712,0.99,10000,10,18,0.00166137,1.93884e-05,0.9592400932287621,0.995596773909961
465706.0,387,0.0438872,0.609392,0.99,10000,10,16,0.00271284,1.35937e-05,0.9479150693578268,0.9963130364797032
260024.0,397,0.263008,0.156137,0.99,10000,10,10,7.95535e-16,0.00504909,0.99999997179477,0.9289430510083637
352771.0,381,0.245159,0.203104,0.99,10000,10,12,1.42292e-13,0.00171779,0.9999996227838815,0.9585537697733557
434000.0,321,0.0906369,0.453111,0.99,10000,10,13,0.000426705,5.49673e-05,0.9793431609388077,0.9925860064742408
349137.0,428,0.205603,0.16477,0.99,10000,10,12,2.47562e-14,0.0025783,0.9999998426589691,0.9492230367193941
434000.0,335,0.0906369,0.457694,0.99,10000,10,11,0.000630974,5.07354e-05,0.9748808041529988,0.9928771213684354
434000.0,335,0.0906369,0.413572,0.99,10000,10,11,0.000265483,6.02178e-05,0.9837063509305005,0.9922399871134128
465706.0,353,0.049815,0.465489,0.99,10000,10,14,0.000928036,3.397e-05,0.9695363167033269,0.9941716211516409
465706.0,386,0.049815,0.409871,0.99,10000,10,14,0.00079696,4.02352e-05,0.9717695200182498,0.9936568777404183
503181.0,350,0.049815,0.459109,0.99,10000,10,13,0.00103454,2.67094e-05,0.9678357341137716,0.9948318862241626
285315.0,320,0.235832,0.255184,0.99,10000,10,10,1.27017e-13,0.00203619,0.9999996436055556,0.9548758379579189
360821.0,428,0.213079,0.16477,0.99,10000,10,13,3.17217e-14,0.00242605,0.9999998218941326,0.9507450510100761
208765.0,355,0.299575,0.245037,0.989999,10000,10,10,3.32778e-14,0.00224892,0.9999998175779619,0.9525772206634828
225131.0,407,0.268351,0.2588,0.99,10000,11,16,2.38497e-12,0.00123947,0.9999984556651917,0.9647938925752931
497131.0,335,0.0906369,0.348173,0.99,10000,10,11,9.611e-05,7.32473e-05,0.990196429221962,0.991441536352826
200000.0,500,0.274599,0.245037,0.99,10000,10,10,2.48852e-11,0.000682868,0.9999950114932094,0.9738682568511016
285315.0,320,0.235832,0.22992,0.99,10000,10,10,2.23652e-14,0.00285646,0.9999998504500084,0.9465541395428981
225131.0,407,0.330877,0.2588,0.99,10000,10,12,2.4691e-12,0.000988277,0.9999984286629897,0.9685631267458101
465706.0,419,0.049815,0.468876,0.99,10000,10,14,0.00172851,1.90325e-05,0.9584246467242911,0.9956373746436349
346655.0,432,0.233227,0.190689,0.99,10000,10,10,2.4474e-13,0.00147271,0.9999995052879626,0.9616240961018506
540603.0,473,0.0311186,0.649603,0.99,10000,10,11,0.00473319,7.17708e-06,0.9312018168844555,0.9973209927211745
439910.0,414,0.0836216,0.344838,0.9882,10000,10,11,0.000336318,5.53941e-05,0.9816610251104376,0.9925572787234775
352107.0,457,0.296497,0.129725,0.99,10000,10,13,2.32724e-15,0.00406601,0.9999999517585241,0.9362347273196452
260024.0,375,0.290361,0.273643,0.99,10000,10,11,7.23056e-12,0.00090612,0.9999973110299369,0.9698981728129338
543049.0,456,0.0311186,0.653636,0.99,10000,10,11,0.00459012,7.33548e-06,0.9322495756470854,0.9972915908728555
346655.0,432,0.311701,0.190689,0.99,10000,10,12,3.91793e-13,0.00128439,0.9999993740662975,0.9641616127595005
540603.0,464,0.0311186,0.649603,0.99,10000,10,11,0.00462873,7.27301e-06,0.9319652294778619,0.9973031481316171
365396.0,374,0.214504,0.268877,0.989999,11204,10,10,1.41052e-09,0.000443293,0.9999624431098199,0.9789454755456221
260024.0,375,0.264523,0.156137,0.99,10000,10,10,5.90049e-16,0.00582777,0.9999999757090757,0.9236601676711299
200000.0,390,0.280321,0.2588,0.99,10000,10,12,3.15143e-13,0.00145359,0.9999994386240119,0.9618740246026413
540603.0,357,0.0446161,0.38896,0.99,10000,10,11,0.000703244,4.23694e-05,0.9734812519149187,0.9934908218644748
503181.0,350,0.049815,0.459109,0.99,10000,10,13,0.00103454,2.67094e-05,0.9678357341137716,0.9948318862241626
365396.0,374,0.214504,0.259391,0.99,11204,10,12,3.62901e-10,0.000550406,0.9999809500393702,0.9765392668486256
452166.0,335,0.0906369,0.348173,0.99,10000,10,11,3.3264e-05,0.000108693,0.994232504876465,0.9895744064917147
402680.0,468,0.296497,0.145271,0.99,10000,10,13,3.43157e-14,0.00211799,0.9999998147550271,0.9539783746484329
370663.0,500,0.296497,0.129725,0.99,10000,10,12,6.67286e-15,0.00286621,0.9999999183124244,0.9464630034462149
465706.0,368,0.049815,0.413534,0.99,10000,10,13,0.000679304,4.88505e-05,0.9739365389865429,0.9930106867290126
473268.0,428,0.213079,0.204992,0.99,10000,10,13,6.71403e-09,0.00035005,0.9999180608152347,0.9812903768076425
434000.0,335,0.0906369,0.3766,0.99,10000,10,11,8.49098e-05,8.66507e-05,0.990785348622981,0.9906913642245493
439910.0,302,0.153381,0.365996,0.984384,10000,10,14,2.80293e-05,0.000155113,0.9947057295120102,0.9875455630396232
225131.0,420,0.270293,0.283822,0.99,10000,10,11,1.05528e-10,0.000615413,0.9999897273177797,0.975192480978542
235740.0,320,0.324641,0.267494,0.99,10000,10,10,7.08613e-14,0.00204808,0.9999997338021412,0.954744282129216
285893.0,425,0.256692,0.152709,0.99,10000,10,10,1.76596e-15,0.00409664,0.9999999579766732,0.9359950001952972
428502.0,407,0.0873356,0.272133,0.989869,10000,10,13,4.27161e-06,0.000184414,0.997933212637933,0.9864200883655305
402680.0,468,0.296497,0.145271,0.99,10000,10,13,3.43157e-14,0.00211799,0.9999998147550271,0.9539783746484329
365396.0,401,0.214504,0.268877,0.989999,11204,10,10,2.6311e-07,0.000252723,0.9994870575080966,0.9841027360844704
543049.0,456,0.0311186,0.653636,0.99,10000,10,11,0.00459012,7.33548e-06,0.9322495756470854,0.9972915908728555
439910.0,302,0.153381,0.363871,0.99,10000,10,14,2.85697e-05,0.000135169,0.9946549368572486,0.9883737796339481
260024.0,375,0.264523,0.156137,0.99,10000,10,10,5.90049e-16,0.00582777,0.9999999757090757,0.9236601676711299
439910.0,302,0.153381,0.340973,0.984384,10000,10,14,4.16573e-07,0.000228205,0.9993545753335981,0.9848935444263057
418054.0,339,0.183944,0.289958,0.987951,10000,10,15,1.23132e-08,0.000339236,0.9998890351406976,0.9815816395952299
360821.0,428,0.185675,0.25564,0.99,10116,10,10,1.90182e-08,0.000300067,0.9998620935099424,0.9826775579088859
285893.0,425,0.256692,0.231414,0.99,10000,10,10,3.22957e-12,0.000951276,0.9999982028995577,0.9691572374778133
460063.0,319,0.14702,0.302002,0.99,10000,10,12,4.10765e-08,0.000289846,0.9997973266174358,0.9829751358302041
452166.0,303,0.0906369,0.348173,0.99,10000,10,11,2.59911e-06,0.000205083,0.9983878244512461,0.9856792807443201
357340.0,308,0.242872,0.311521,0.99,10000,10,12,2.34506e-10,0.000590829,0.9999846864112631,0.9756930256922011
434000.0,335,0.0906369,0.3766,0.99,10000,10,11,8.49098e-05,8.66507e-05,0.990785348622981,0.9906913642245493
200000.0,458,0.299575,0.245037,0.989999,10000,10,10,2.47148e-12,0.000971904,0.9999984279058552,0.9688246251024948
315913.0,414,0.235832,0.231974,0.987926,10000,10,10,6.08443e-12,0.000923027,0.9999975333362613,0.9696186405834104
357340.0,308,0.242872,0.311521,0.99,10000,10,11,2.16375e-10,0.000598182,0.9999852903093166,0.9755422404950903
315913.0,414,0.215683,0.231974,0.99,10000,10,12,6.48006e-12,0.000915578,0.9999974544038026,0.9697414805385326
428502.0,407,0.0873356,0.272133,0.987951,10000,10,13,4.25551e-06,0.000191058,0.9979371112487582,0.9861776268318353
428502.0,407,0.0873356,0.272133,0.987951,10000,10,13,4.25551e-06,0.000191058,0.9979371112487582,0.9861776268318353
357340.0,308,0.242872,0.311521,0.99,10000,10,12,2.34506e-10,0.000590829,0.9999846864112631,0.9756930256922011
200000.0,375,0.264523,0.143831,0.99,10000,10,10,7.76189e-17,0.00815714,0.9999999911898411,0.9096831134283294
523775.0,490,0.0311186,0.653636,0.99,10000,10,11,0.00480099,6.94574e-06,0.9307108233560248,0.9973645228136067
413901.0,456,0.0311186,0.653636,0.99,10000,10,11,0.00332002,8.33798e-06,0.942380385284176,0.9971124439399381
543049.0,444,0.0311186,0.653636,0.99,10000,10,11,0.00444295,7.47498e-06,0.9333445426090257,0.9972659590346887
655523.0,456,0.0311186,0.37495,0.978288,10000,10,11,0.00229218,1.45269e-05,0.9521232833205951,0.9961885829406899
245228.0,476,0.267902,0.123864,0.99,10000,10,12,3.13583e-16,0.00587977,0.9999999822917252,0.9233203416804692
260024.0,375,0.290361,0.142522,0.99,10000,10,12,2.83464e-16,0.00698149,0.9999999831636108,0.9164446889778992
260024.0,375,0.287762,0.141469,0.99,10000,10,12,2.70376e-16,0.00710965,0.9999999835568859,0.9156812594970727
315913.0,414,0.300574,0.153268,0.987926,10000,10,10,2.48506e-15,0.00385521,0.9999999501496238,0.9379096625874846
515017.0,361,0.049815,0.459109,0.99,10000,10,13,0.00125497,2.29653e-05,0.9645744442527714,0.995207787567313
275311.0,500,0.296497,0.145271,0.99,10000,10,13,3.17087e-15,0.00298385,0.9999999436895214,0.9453753718548126
543049.0,427,0.0311186,0.543065,0.99,10000,10,11,0.00315071,9.01967e-06,0.9438688143720445,0.9969967234559568
655523.0,456,0.0311186,0.344798,0.978288,10000,10,11,0.00184074,1.72932e-05,0.9570961540185499,0.9958414906516878
424479.0,438,0.049815,0.474712,0.99,10000,10,18,0.00166137,1.93884e-05,0.9592400932287621,0.995596773909961
465706.0,387,0.0438872,0.609392,0.99,10000,10,16,0.00271284,1.35937e-05,0.9479150693578268,0.9963130364797032
260024.0,399,0.263008,0.156137,0.99,10000,10,12,8.70252e-16,0.00487924,0.9999999704999661,0.9301484431096916
260024.0,416,0.263008,0.157989,0.99,10000,10,12,1.4883e-15,0.00427027,0.9999999614215086,0.934652697071723
418825.0,500,0.0370463,0.527059,0.99,10000,10,12,0.00275094,1.09017e-05,0.9475505958089131,0.9966982277486174
200000.0,432,0.233227,0.150508,0.99,10000,10,10,7.04454e-16,0.00526189,0.9999999734584477,0.9274611138767627
253593.0,476,0.267902,0.123864,0.99,10000,10,12,3.57476e-16,0.00571303,0.9999999810929643,0.9244154116237973
352771.0,381,0.245159,0.203104,0.99,10000,10,12,1.42292e-13,0.00171779,0.9999996227838815,0.9585537697733557
434000.0,321,0.0906369,0.453111,0.99,10000,10,13,0.000426705,5.49673e-05,0.9793431609388077,0.9925860064742408
370663.0,500,0.296497,0.129725,0.99,10000,10,12,6.67286e-15,0.00286621,0.9999999183124244,0.9464630034462149
272925.0,355,0.299575,0.217216,0.989999,10000,10,11,1.74448e-14,0.00251137,0.9999998679212356,0.9498864289837573
434000.0,335,0.0906369,0.457694,0.99,10000,10,11,0.000630974,5.07354e-05,0.9748808041529988,0.9928771213684354
434000.0,335,0.0906369,0.413572,0.99,10000,10,11,0.000265483,6.02178e-05,0.9837063509305005,0.9922399871134128
465706.0,353,0.049815,0.465489,0.99,10000,10,14,0.000928036,3.397e-05,0.9695363167033269,0.9941716211516409
465706.0,386,0.049815,0.409871,0.99,10000,10,14,0.00079696,4.02352e-05,0.9717695200182498,0.9936568777404183
503181.0,350,0.049815,0.459109,0.99,10000,10,13,0.00103454,2.67094e-05,0.9678357341137716,0.9948318862241626
497131.0,335,0.0906369,0.348173,0.99,10000,10,11,9.611e-05,7.32473e-05,0.990196429221962,0.991441536352826
285315.0,320,0.235832,0.255184,0.99,10000,10,10,1.27017e-13,0.00203619,0.9999996436055556,0.9548758379579189
208765.0,355,0.299575,0.245037,0.989999,10000,10,10,3.32778e-14,0.00224892,0.9999998175779619,0.9525772206634828
465706.0,419,0.049815,0.468876,0.99,10000,10,14,0.00172851,1.90325e-05,0.9584246467242911,0.9956373746436349
225131.0,407,0.268351,0.2588,0.99,10000,11,16,2.38497e-12,0.00123947,0.9999984556651917,0.9647938925752931
439910.0,414,0.0836216,0.344838,0.9882,10000,10,11,0.000336318,5.53941e-05,0.9816610251104376,0.9925572787234775
225131.0,407,0.330877,0.2588,0.99,10000,10,12,2.4691e-12,0.000988277,0.9999984286629897,0.9685631267458101
346655.0,432,0.233227,0.190689,0.99,10000,10,10,2.4474e-13,0.00147271,0.9999995052879626,0.9616240961018506
360821.0,428,0.213079,0.16477,0.99,10000,10,13,3.17217e-14,0.00242605,0.9999998218941326,0.9507450510100761
543049.0,456,0.0311186,0.653636,0.99,10000,10,11,0.00459012,7.33548e-06,0.9322495756470854,0.9972915908728555
540603.0,464,0.0311186,0.649603,0.99,10000,10,11,0.00462873,7.27301e-06,0.9319652294778619,0.9973031481316171
352107.0,457,0.296497,0.129725,0.99,10000,10,13,2.32724e-15,0.00406601,0.9999999517585241,0.9362347273196452
346655.0,432,0.311701,0.190689,0.99,10000,10,12,3.91793e-13,0.00128439,0.9999993740662975,0.9641616127595005
260024.0,397,0.297645,0.154349,0.99,10000,10,10,7.22574e-16,0.00506209,0.9999999731192634,0.9288516338908616
540603.0,473,0.0311186,0.649603,0.99,10000,10,11,0.00473319,7.17708e-06,0.9312018168844555,0.9973209927211745
540603.0,357,0.0446161,0.38896,0.99,10000,10,11,0.000703244,4.23694e-05,0.9734812519149187,0.9934908218644748
225131.0,440,0.241266,0.2588,0.99,10000,10,15,1.57978e-11,0.000786806,0.9999960253553618,0.9719499376114776
365396.0,374,0.214504,0.268877,0.989999,11204,10,10,1.41052e-09,0.000443293,0.9999624431098199,0.9789454755456221
200000.0,390,0.280321,0.2588,0.99,10000,10,12,3.15143e-13,0.00145359,0.9999994386240119,0.9618740246026413
503181.0,350,0.049815,0.459109,0.99,10000,10,13,0.00103454,2.67094e-05,0.9678357341137716,0.9948318862241626
473268.0,412,0.193773,0.204992,0.99,10000,10,13,1.74772e-10,0.000547662,0.9999867798638433,0.9765978206143103
260024.0,397,0.263008,0.156137,0.99,10000,10,11,8.22457e-16,0.00498947,0.9999999713214889,0.9293638194690568
452166.0,335,0.0906369,0.348173,0.99,10000,10,11,3.3264e-05,0.000108693,0.994232504876465,0.9895744064917147
465706.0,368,0.049815,0.413534,0.99,10000,10,13,0.000679304,4.88505e-05,0.9739365389865429,0.9930106867290126
402680.0,468,0.296497,0.145271,0.99,10000,10,13,3.43157e-14,0.00211799,0.9999998147550271,0.9539783746484329
285893.0,425,0.259181,0.150908,0.99,10000,10,11,1.63415e-15,0.00416594,0.9999999595753788,0.9354559065444406
260024.0,375,0.290361,0.273643,0.99,10000,10,11,7.23056e-12,0.00090612,0.9999973110299369,0.9698981728129338
225131.0,420,0.270293,0.283822,0.99,10000,10,11,1.05528e-10,0.000615413,0.9999897273177797,0.975192480978542
540603.0,473,0.0311186,0.651127,0.99,10000,10,13,0.00475154,7.16018e-06,0.9310685848106975,0.9973241487335803
200000.0,500,0.274599,0.245037,0.99,10000,10,10,2.47689e-11,0.000704919,0.9999950231636555,0.9734496892673551
434000.0,335,0.0906369,0.3766,0.99,10000,10,11,8.49098e-05,8.66507e-05,0.990785348622981,0.9906913642245493
473268.0,428,0.213079,0.204992,0.99,10000,10,13,6.71403e-09,0.00035005,0.9999180608152347,0.9812903768076425
439910.0,301,0.153381,0.365996,0.987025,10000,10,13,2.65558e-05,0.000146129,0.9948467680044462,0.9879116171470291
428502.0,407,0.0873356,0.272133,0.989869,10000,10,13,4.27161e-06,0.000184414,0.997933212637933,0.9864200883655305
235740.0,320,0.324641,0.267494,0.99,10000,10,10,7.08613e-14,0.00204808,0.9999997338021412,0.954744282129216
285893.0,425,0.256692,0.152709,0.99,10000,10,10,1.76596e-15,0.00409664,0.9999999579766732,0.9359950001952972
260024.0,397,0.263008,0.156137,0.99,10000,10,10,7.95535e-16,0.00504909,0.99999997179477,0.9289430510083637
402680.0,468,0.296497,0.145271,0.99,10000,10,13,3.43157e-14,0.00211799,0.9999998147550271,0.9539783746484329
285893.0,425,0.277493,0.152709,0.99,10000,10,10,1.71664e-15,0.00414003,0.9999999585676455,0.9356569351056386
225131.0,420,0.286135,0.277262,0.99,10000,10,12,5.6856e-11,0.000665242,0.9999924597082285,0.9742077143316068
418825.0,500,0.0370463,0.527059,0.99,10000,10,11,0.00274667,1.09199e-05,0.9475913175132211,0.9966954728023513
543049.0,456,0.0311186,0.653636,0.99,10000,10,11,0.00459012,7.33548e-06,0.9322495756470854,0.9972915908728555
365396.0,401,0.214504,0.268877,0.989999,11204,10,10,2.6311e-07,0.000252723,0.9994870575080966,0.9841027360844704
439910.0,302,0.153381,0.340973,0.984384,10000,10,14,4.16573e-07,0.000228205,0.9993545753335981,0.9848935444263057
360821.0,428,0.185675,0.25564,0.99,10116,10,10,1.90182e-08,0.000300067,0.9998620935099424,0.9826775579088859
285893.0,425,0.256692,0.231414,0.99,10000,10,10,3.22957e-12,0.000951276,0.9999982028995577,0.9691572374778133
439910.0,302,0.153381,0.363871,0.99,10000,10,14,2.85697e-05,0.000135169,0.9946549368572486,0.9883737796339481
418054.0,339,0.183944,0.289958,0.987951,10000,10,15,1.23132e-08,0.000339236,0.9998890351406976,0.9815816395952299
460063.0,319,0.14702,0.302002,0.99,10000,10,12,4.10765e-08,0.000289846,0.9997973266174358,0.9829751358302041
452166.0,303,0.0906369,0.348173,0.99,10000,10,11,2.59911e-06,0.000205083,0.9983878244512461,0.9856792807443201
434000.0,335,0.0906369,0.3766,0.99,10000,10,11,8.49098e-05,8.66507e-05,0.990785348622981,0.9906913642245493
253593.0,470,0.267902,0.1,0.99,10000,10,12,7.13769e-17,0.00966932,0.999999991551515,0.9016672994370641
523775.0,490,0.0311186,0.653636,0.99,10000,10,11,0.00480099,6.94574e-06,0.9307108233560248,0.9973645228136067
200000.0,375,0.264523,0.143831,0.99,10000,10,10,7.76189e-17,0.00815714,0.9999999911898411,0.9096831134283294
543049.0,444,0.0311186,0.653636,0.99,10000,10,11,0.00444295,7.47498e-06,0.9333445426090257,0.9972659590346887
413901.0,456,0.0311186,0.653636,0.99,10000,10,11,0.00332002,8.33798e-06,0.942380385284176,0.9971124439399381
655523.0,456,0.0311186,0.37495,0.978288,10000,10,11,0.00229218,1.45269e-05,0.9521232833205951,0.9961885829406899
260024.0,375,0.287762,0.141469,0.99,10000,10,12,2.70376e-16,0.00710965,0.9999999835568859,0.9156812594970727
243867.0,467,0.267902,0.123864,0.99,10000,10,13,2.91267e-16,0.00613341,0.9999999829334538,0.9216839096992195
655523.0,456,0.0311186,0.344798,0.978288,10000,10,11,0.00184074,1.72932e-05,0.9570961540185499,0.9958414906516878
260024.0,375,0.290361,0.142522,0.99,10000,10,12,2.83464e-16,0.00698149,0.9999999831636108,0.9164446889778992
418825.0,474,0.0311412,0.527059,0.99,10000,10,12,0.00252323,1.44356e-05,0.9497682371402317,0.9962005789914777
265956.0,448,0.297645,0.154349,0.99,10000,10,10,1.70163e-15,0.00364257,0.9999999587491818,0.9396462925745237
529530.0,361,0.049815,0.459109,0.99,10000,10,18,0.00138044,2.19804e-05,0.9628457270290482,0.9953116740727633
540603.0,388,0.0311186,0.584058,0.99,10000,10,11,0.00299775,9.37977e-06,0.945248287698009,0.9969373589828385
253593.0,476,0.267902,0.123864,0.99,10000,10,12,3.57476e-16,0.00571303,0.9999999810929643,0.9244154116237973
424479.0,438,0.049815,0.474712,0.99,10000,10,18,0.00166137,1.93884e-05,0.9592400932287621,0.995596773909961
515017.0,361,0.049815,0.459109,0.99,10000,10,13,0.00125497,2.29653e-05,0.9645744442527714,0.995207787567313
200000.0,498,0.263008,0.156137,0.99,10000,10,10,1.86274e-15,0.00333225,0.9999999568405282,0.9422743557853184
260024.0,430,0.290361,0.142522,0.99,10000,10,11,6.20084e-16,0.00508775,0.9999999750985141,0.9286715344340003
543049.0,427,0.0311186,0.543065,0.99,10000,10,11,0.00315071,9.01967e-06,0.9438688143720445,0.9969967234559568
285893.0,425,0.259181,0.150908,0.99,10000,10,11,1.63415e-15,0.00416594,0.9999999595753788,0.9354559065444406
434000.0,321,0.0906369,0.453111,0.99,10000,10,13,0.000426705,5.49673e-05,0.9793431609388077,0.9925860064742408
352771.0,381,0.245159,0.203104,0.99,10000,10,12,1.42292e-13,0.00171779,0.9999996227838815,0.9585537697733557
434000.0,335,0.0906369,0.457694,0.99,10000,10,11,0.000630974,5.07354e-05,0.9748808041529988,0.9928771213684354
418825.0,500,0.0370463,0.527059,0.99,10000,10,12,0.00275094,1.09017e-05,0.9475505958089131,0.9966982277486174
465706.0,353,0.049815,0.465489,0.99,10000,10,14,0.000928036,3.397e-05,0.9695363167033269,0.9941716211516409
260024.0,399,0.348089,0.156137,0.99,10000,10,16,9.14818e-16,0.00455396,0.9999999697540416,0.9325169650949219
275311.0,500,0.296497,0.145271,0.99,10000,10,13,3.17087e-15,0.00298385,0.9999999436895214,0.9453753718548126
465706.0,386,0.049815,0.409871,0.99,10000,10,14,0.00079696,4.02352e-05,0.9717695200182498,0.9936568777404183
503181.0,350,0.049815,0.459109,0.99,10000,10,13,0.00103454,2.67094e-05,0.9678357341137716,0.9948318862241626
260024.0,399,0.263008,0.156137,0.99,10000,10,12,8.70252e-16,0.00487924,0.9999999704999661,0.9301484431096916
245228.0,476,0.267902,0.123864,0.99,10000,10,12,3.13583e-16,0.00587977,0.9999999822917252,0.9233203416804692
434000.0,335,0.0906369,0.413572,0.99,10000,10,11,0.000265483,6.02178e-05,0.9837063509305005,0.9922399871134128
465706.0,387,0.0438872,0.609392,0.99,10000,10,16,0.00271284,1.35937e-05,0.9479150693578268,0.9963130364797032
245228.0,412,0.38354,0.187557,0.99,10000,10,11,7.34491e-15,0.00277493,0.9999999142975496,0.9473223956505233
439910.0,478,0.0993128,0.271054,0.9882,10000,10,12,0.000143259,7.20049e-05,0.9880309148219256,0.9915144298954048
272925.0,355,0.299575,0.217216,0.989999,10000,10,11,1.74448e-14,0.00251137,0.9999998679212356,0.9498864289837573
384884.0,479,0.0311186,0.653636,0.99,10000,10,13,0.00331954,8.69961e-06,0.9423845506829982,0.9970504898711819
285315.0,320,0.235832,0.255184,0.99,10000,10,10,1.27017e-13,0.00203619,0.9999996436055556,0.9548758379579189
439910.0,414,0.0836216,0.344838,0.9882,10000,10,11,0.000336318,5.53941e-05,0.9816610251104376,0.9925572787234775
208765.0,355,0.299575,0.245037,0.989999,10000,10,10,3.32778e-14,0.00224892,0.9999998175779619,0.9525772206634828
543049.0,456,0.0311186,0.653636,0.99,10000,10,11,0.00459012,7.33548e-06,0.9322495756470854,0.9972915908728555
352771.0,381,0.245159,0.220847,0.99,10000,10,12,9.54752e-13,0.001218,0.9999990228858818,0.9651001432667697
540603.0,464,0.0311186,0.649603,0.99,10000,10,11,0.00462873,7.27301e-06,0.9319652294778619,0.9973031481316171
260024.0,417,0.263008,0.156137,0.99,10000,10,10,1.28762e-15,0.00440463,0.9999999641165777,0.9336326134309931
225131.0,407,0.330877,0.2588,0.99,10000,10,12,2.4691e-12,0.000988277,0.9999984286629897,0.9685631267458101
346655.0,432,0.233227,0.190689,0.99,10000,10,10,2.4474e-13,0.00147271,0.9999995052879626,0.9616240961018506
360821.0,428,0.213079,0.16477,0.99,10000,10,13,3.17217e-14,0.00242605,0.9999998218941326,0.9507450510100761
540603.0,473,0.0311186,0.649603,0.99,10000,10,11,0.00473319,7.17708e-06,0.9312018168844555,0.9973209927211745
540603.0,357,0.0446161,0.38896,0.99,10000,10,11,0.000703244,4.23694e-05,0.9734812519149187,0.9934908218644748
260024.0,416,0.263008,0.157989,0.99,10000,10,12,1.4883e-15,0.00427027,0.9999999614215086,0.934652697071723
346655.0,432,0.311701,0.190689,0.99,10000,10,12,3.91793e-13,0.00128439,0.9999993740662975,0.9641616127595005
725685.0,411,0.0311186,0.344798,0.978288,10000,10,11,0.00175985,1.82014e-05,0.9580494338536415,0.9957336901190842
503181.0,350,0.049815,0.459109,0.99,10000,10,13,0.00103454,2.67094e-05,0.9678357341137716,0.9948318862241626
370663.0,500,0.296497,0.129725,0.99,10000,10,12,6.67286e-15,0.00286621,0.9999999183124244,0.9464630034462149
465706.0,419,0.049815,0.468876,0.99,10000,10,14,0.00172851,1.90325e-05,0.9584246467242911,0.9956373746436349
200000.0,390,0.280321,0.2588,0.99,10000,10,12,3.15143e-13,0.00145359,0.9999994386240119,0.9618740246026413
365396.0,374,0.214504,0.268877,0.989999,11204,10,10,1.41052e-09,0.000443293,0.9999624431098199,0.9789454755456221
473268.0,412,0.193773,0.204992,0.99,10000,10,13,1.74772e-10,0.000547662,0.9999867798638433,0.9765978206143103
260024.0,397,0.263008,0.156137,0.99,10000,10,11,8.22457e-16,0.00498947,0.9999999713214889,0.9293638194690568
260024.0,375,0.290361,0.273643,0.99,10000,10,11,7.23056e-12,0.00090612,0.9999973110299369,0.9698981728129338
452166.0,335,0.0906369,0.348173,0.99,10000,10,11,3.3264e-05,0.000108693,0.994232504876465,0.9895744064917147
465706.0,368,0.049815,0.413534,0.99,10000,10,13,0.000679304,4.88505e-05,0.9739365389865429,0.9930106867290126
540603.0,473,0.0311186,0.651127,0.99,10000,10,13,0.00475154,7.16018e-06,0.9310685848106975,0.9973241487335803
497131.0,335,0.0906369,0.348173,0.99,10000,10,11,9.611e-05,7.32473e-05,0.990196429221962,0.991441536352826
402680.0,468,0.296497,0.145271,0.99,10000,10,13,3.43157e-14,0.00211799,0.9999998147550271,0.9539783746484329
200000.0,500,0.274599,0.245037,0.99,10000,10,10,2.47689e-11,0.000704919,0.9999950231636555,0.9734496892673551
225131.0,440,0.241266,0.2588,0.99,10000,10,15,1.57978e-11,0.000786806,0.9999960253553618,0.9719499376114776
225131.0,420,0.270293,0.283822,0.99,10000,10,11,1.05528e-10,0.000615413,0.9999897273177797,0.975192480978542
434000.0,335,0.0906369,0.3766,0.99,10000,10,11,8.49098e-05,8.66507e-05,0.990785348622981,0.9906913642245493
408201.0,437,0.100745,0.2588,0.99,10000,10,16,2.67981e-06,0.000182531,0.9983629874771401,0.9864895966011373
439910.0,301,0.153381,0.365996,0.987025,10000,10,13,2.65558e-05,0.000146129,0.9948467680044462,0.9879116171470291
251897.0,500,0.274599,0.245037,0.99,10000,10,13,4.08153e-09,0.000374545,0.9999361131468923,0.9806468348841849
225131.0,420,0.286135,0.277262,0.99,10000,10,12,5.6856e-11,0.000665242,0.9999924597082285,0.9742077143316068
285893.0,425,0.256692,0.231414,0.99,10000,10,10,3.22957e-12,0.000951276,0.9999982028995577,0.9691572374778133
200000.0,420,0.270293,0.283822,0.99,10000,10,11,1.94158e-11,0.000785845,0.9999955936636533,0.9719670729319966
235740.0,320,0.324641,0.267494,0.99,10000,10,10,7.08613e-14,0.00204808,0.9999997338021412,0.954744282129216
418825.0,500,0.0370463,0.527059,0.99,10000,10,11,0.00274667,1.09199e-05,0.9475913175132211,0.9966954728023513
543049.0,456,0.0311186,0.653636,0.99,10000,10,11,0.00459012,7.33548e-06,0.9322495756470854,0.9972915908728555
260024.0,397,0.263008,0.156137,0.99,10000,10,10,7.95535e-16,0.00504909,0.99999997179477,0.9289430510083637
253593.0,470,0.267902,0.1,0.99,10000,10,12,7.13769e-17,0.00966932,0.999999991551515,0.9016672994370641
523775.0,490,0.0311186,0.684932,0.99,10000,10,11,0.00504884,6.7339e-06,0.9289448101825067,0.9974050240848902
253593.0,470,0.267902,0.1,0.99,10000,10,12,7.13769e-17,0.00966932,0.999999991551515,0.9016672994370641
543049.0,444,0.0311186,0.653636,0.99,10000,10,11,0.00444295,7.47498e-06,0.9333445426090257,0.9972659590346887
413901.0,456,0.0311186,0.653636,0.99,10000,10,11,0.00332002,8.33798e-06,0.942380385284176,0.9971124439399381
200000.0,375,0.264523,0.143831,0.99,10000,10,10,7.76189e-17,0.00815714,0.9999999911898411,0.9096831134283294
245017.0,467,0.354081,0.123864,0.99,10000,10,17,2.78981e-16,0.00575794,0.9999999832972757,0.9241189088112196
260024.0,375,0.287762,0.141469,0.99,10000,10,12,2.70376e-16,0.00710965,0.9999999835568859,0.9156812594970727
260024.0,399,0.348089,0.156137,0.99,10000,10,16,9.14818e-16,0.00455396,0.9999999697540416,0.9325169650949219
655523.0,456,0.0311186,0.37495,0.978288,10000,10,11,0.00229218,1.45269e-05,0.9521232833205951,0.9961885829406899
225131.0,366,0.241266,0.151417,0.99,10000,10,10,2.64336e-16,0.00725056,0.9999999837415868,0.9148497798006371
223925.0,451,0.348089,0.156137,0.99,10000,10,16,1.09413e-15,0.00370025,0.999999966922364,0.9391703197443879
200000.0,375,0.263494,0.143831,0.99,10000,10,12,8.35575e-17,0.00803531,0.9999999908590208,0.9103601093262603
540603.0,388,0.0311186,0.584058,0.99,10000,10,11,0.00299775,9.37977e-06,0.945248287698009,0.9969373589828385
543049.0,326,0.0311186,0.561269,0.99,10000,10,11,0.00191611,1.69531e-05,0.9562266062544837,0.9958825857628847
418825.0,474,0.0311412,0.527059,0.99,10000,10,12,0.00252323,1.44356e-05,0.9497682371402317,0.9962005789914777
424479.0,438,0.049815,0.474712,0.99,10000,10,18,0.00166137,1.93884e-05,0.9592400932287621,0.995596773909961
200000.0,498,0.264037,0.156137,0.99,10000,10,10,1.84602e-15,0.00330726,0.9999999570346652,0.9424912180619343
275311.0,500,0.296497,0.145271,0.99,10000,10,13,3.17087e-15,0.00298385,0.9999999436895214,0.9453753718548126
271778.0,476,0.267902,0.123864,0.99,10000,10,12,4.65459e-16,0.0054489,0.9999999784255011,0.9261833352148717
543049.0,427,0.0311186,0.543065,0.99,10000,10,11,0.00315071,9.01967e-06,0.9438688143720445,0.9969967234559568
537295.0,474,0.0311412,0.455582,0.99,10000,10,12,0.0026919,9.97425e-06,0.9481164766038389,0.9968417963966837
523775.0,490,0.0311186,0.653636,0.99,10000,10,11,0.00480099,6.94574e-06,0.9307108233560248,0.9973645228136067
434000.0,321,0.0906369,0.453111,0.99,10000,10,13,0.000426705,5.49673e-05,0.9793431609388077,0.9925860064742408
529530.0,361,0.049815,0.459109,0.99,10000,10,23,0.00138312,2.19578e-05,0.9628096786784518,0.9953140849346153
260024.0,430,0.290361,0.142522,0.99,10000,10,11,6.20084e-16,0.00508775,0.9999999750985141,0.9286715344340003
434000.0,335,0.0906369,0.457694,0.99,10000,10,11,0.000630974,5.07354e-05,0.9748808041529988,0.9928771213684354
231664.0,500,0.348089,0.156137,0.99,10000,10,14,3.42266e-15,0.00266686,0.9999999414964958,0.9483583501425448
465706.0,353,0.049815,0.465489,0.99,10000,10,14,0.000928036,3.397e-05,0.9695363167033269,0.9941716211516409
465706.0,386,0.049815,0.409871,0.99,10000,10,14,0.00079696,4.02352e-05,0.9717695200182498,0.9936568777404183
272925.0,355,0.299575,0.217216,0.989999,10000,10,11,1.74448e-14,0.00251137,0.9999998679212356,0.9498864289837573
515017.0,355,0.049815,0.459109,0.99,10000,10,13,0.00117466,2.39324e-05,0.9657266867665234,0.9951079247757214
346655.0,432,0.233227,0.190689,0.99,10000,10,10,2.4474e-13,0.00147271,0.9999995052879626,0.9616240961018506
339696.0,420,0.259181,0.182738,0.99,10000,10,11,5.18234e-14,0.00189732,0.9999997723524654,0.9564417631210812
515017.0,361,0.049815,0.459109,0.99,10000,10,13,0.00125497,2.29653e-05,0.9645744442527714,0.995207787567313
389828.0,468,0.296497,0.145271,0.989999,10000,10,11,2.3293e-14,0.00223901,0.9999998473795557,0.9526818216749631
265956.0,448,0.297645,0.154349,0.99,10000,10,10,1.70163e-15,0.00364257,0.9999999587491818,0.9396462925745237
434000.0,335,0.0906369,0.413572,0.99,10000,10,11,0.000265483,6.02178e-05,0.9837063509305005,0.9922399871134128
260024.0,399,0.263008,0.156137,0.99,10000,10,12,8.70252e-16,0.00487924,0.9999999704999661,0.9301484431096916
402680.0,468,0.296497,0.145271,0.99,10000,10,13,3.43157e-14,0.00211799,0.9999998147550271,0.9539783746484329
439910.0,478,0.0993128,0.271054,0.9882,10000,10,12,0.000143259,7.20049e-05,0.9880309148219256,0.9915144298954048
505492.0,388,0.0311186,0.584058,0.99,10000,10,10,0.00268036,1.03475e-05,0.9482278066912363,0.9967832469787067
384884.0,479,0.0311186,0.653636,0.99,10000,10,13,0.00331954,8.69961e-06,0.9423845506829982,0.9970504898711819
439910.0,414,0.0836216,0.344838,0.9882,10000,10,11,0.000336318,5.53941e-05,0.9816610251104376,0.9925572787234775
253593.0,476,0.267902,0.123864,0.99,10000,10,12,3.57476e-16,0.00571303,0.9999999810929643,0.9244154116237973
655523.0,456,0.0311186,0.344798,0.978288,10000,10,11,0.00184074,1.72932e-05,0.9570961540185499,0.9958414906516878
543049.0,456,0.0311186,0.653636,0.99,10000,10,11,0.00459012,7.33548e-06,0.9322495756470854,0.9972915908728555
408201.0,437,0.100745,0.2588,0.99,10000,10,16,2.67981e-06,0.000182531,0.9983629874771401,0.9864895966011373
503181.0,350,0.049815,0.459109,0.99,10000,10,13,0.00103454,2.67094e-05,0.9678357341137716,0.9948318862241626
346655.0,500,0.311701,0.165885,0.99,10000,10,12,2.8495e-13,0.00125572,0.9999994661929188,0.9645638602553833
529530.0,361,0.049815,0.459109,0.99,10000,10,18,0.00138044,2.19804e-05,0.9628457270290482,0.9953116740727633
200000.0,375,0.264523,0.259247,0.99,10000,10,10,2.20261e-13,0.00167889,0.9999995306802796,0.9590257397870321
540603.0,357,0.0446161,0.38896,0.99,10000,10,11,0.000703244,4.23694e-05,0.9734812519149187,0.9934908218644748
570523.0,425,0.259181,0.150908,0.99,10000,10,11,1.32371e-12,0.00117799,0.9999988494740333,0.9656781410759848
225131.0,407,0.330877,0.2588,0.99,10000,10,12,2.4691e-12,0.000988277,0.9999984286629897,0.9685631267458101
540603.0,473,0.0311186,0.649603,0.99,10000,10,11,0.00473319,7.17708e-06,0.9312018168844555,0.9973209927211745
352771.0,381,0.245159,0.203104,0.99,10000,10,12,1.42292e-13,0.00171779,0.9999996227838815,0.9585537697733557
725685.0,411,0.0311186,0.344798,0.978288,10000,10,11,0.00175985,1.82014e-05,0.9580494338536415,0.9957336901190842
253593.0,500,0.267902,0.123864,0.99,12002,10,12,7.21408e-16,0.00493249,0.9999999731409606,0.9297683119952254
503181.0,350,0.049815,0.459109,0.99,10000,10,13,0.00103454,2.67094e-05,0.9678357341137716,0.9948318862241626
251897.0,500,0.274599,0.245037,0.99,10000,10,13,4.08153e-09,0.000374545,0.9999361131468923,0.9806468348841849
540603.0,464,0.0311186,0.649603,0.99,10000,10,13,0.00463455,7.2676e-06,0.9319224706676278,0.9973041513395593
465706.0,419,0.049815,0.468876,0.99,10000,10,14,0.00172851,1.90325e-05,0.9584246467242911,0.9956373746436349
473268.0,412,0.193773,0.204992,0.99,10000,10,13,1.74772e-10,0.000547662,0.9999867798638433,0.9765978206143103
365396.0,374,0.214504,0.268877,0.989999,11204,10,10,1.41052e-09,0.000443293,0.9999624431098199,0.9789454755456221
260024.0,375,0.290361,0.273643,0.99,10000,10,11,7.23056e-12,0.00090612,0.9999973110299369,0.9698981728129338
465706.0,368,0.049815,0.413534,0.99,10000,10,13,0.000679304,4.88505e-05,0.9739365389865429,0.9930106867290126
260024.0,375,0.287762,0.141469,0.99,10000,10,12,2.70376e-16,0.00710965,0.9999999835568859,0.9156812594970727
439910.0,301,0.153381,0.365996,0.987025,10000,10,13,2.65558e-05,0.000146129,0.9948467680044462,0.9879116171470291
434000.0,335,0.0906369,0.3766,0.99,10000,10,11,8.49098e-05,8.66507e-05,0.990785348622981,0.9906913642245493
540603.0,473,0.0311186,0.651127,0.99,10000,10,13,0.00475154,7.16018e-06,0.9310685848106975,0.9973241487335803
497131.0,335,0.0906369,0.348173,0.99,10000,10,11,9.611e-05,7.32473e-05,0.990196429221962,0.991441536352826
439910.0,445,0.0993128,0.271054,0.9882,10000,10,11,3.95143e-05,9.53348e-05,0.993713959911041,0.9902360458829427
200000.0,500,0.274599,0.245037,0.99,10000,10,10,2.47689e-11,0.000704919,0.9999950231636555,0.9734496892673551
225131.0,440,0.241266,0.2588,0.99,10000,10,15,1.57978e-11,0.000786806,0.9999960253553618,0.9719499376114776
225131.0,420,0.270293,0.283822,0.99,10000,10,11,1.05528e-10,0.000615413,0.9999897273177797,0.975192480978542
225131.0,420,0.286135,0.277262,0.99,10000,10,12,5.6856e-11,0.000665242,0.9999924597082285,0.9742077143316068
540603.0,464,0.0311186,0.649603,0.99,10000,10,11,0.00462873,7.27301e-06,0.9319652294778619,0.9973031481316171
285893.0,425,0.256692,0.231414,0.99,10000,10,10,3.22957e-12,0.000951276,0.9999982028995577,0.9691572374778133
200000.0,420,0.270293,0.283822,0.99,10000,10,11,1.94158e-11,0.000785845,0.9999955936636533,0.9719670729319966
523775.0,490,0.0311186,0.684932,0.99,10000,10,12,0.00505175,6.73022e-06,0.9289243360917395,0.997405733244248
253593.0,470,0.267902,0.1,0.99,10000,10,12,7.13769e-17,0.00966932,0.999999991551515,0.9016672994370641
253593.0,470,0.267902,0.1,0.99,10000,10,12,7.13769e-17,0.00966932,0.999999991551515,0.9016672994370641
523775.0,411,0.0311186,0.684932,0.99,10000,10,14,0.00409729,7.63449e-06,0.9359899226683798,0.997236941911577
200000.0,476,0.335472,0.123864,0.99,10000,10,12,1.23523e-16,0.00636467,0.9999999888859098,0.9202211180825401
200000.0,375,0.263494,0.143831,0.99,10000,10,12,8.35575e-17,0.00803531,0.9999999908590208,0.9103601093262603
413901.0,456,0.0311186,0.653636,0.99,10000,10,11,0.00332002,8.33798e-06,0.942380385284176,0.9971124439399381
200000.0,375,0.264523,0.143831,0.99,10000,10,10,7.76189e-17,0.00815714,0.9999999911898411,0.9096831134283294
271778.0,476,0.267902,0.123864,0.99,10000,10,12,4.65459e-16,0.0054489,0.9999999784255011,0.9261833352148717
200000.0,467,0.354081,0.146922,0.99,10000,10,17,4.83762e-16,0.00427755,0.9999999780054097,0.934597018416589
655523.0,456,0.0311186,0.37495,0.978288,10000,10,11,0.00229218,1.45269e-05,0.9521232833205951,0.9961885829406899
543049.0,444,0.0311186,0.653636,0.99,10000,10,11,0.00444295,7.47498e-06,0.9333445426090257,0.9972659590346887
540603.0,398,0.0446161,0.435373,0.99,10000,10,11,0.00163181,1.83446e-05,0.9596043319154145,0.9957169403459676
272925.0,355,0.299575,0.217216,0.989999,10000,10,11,1.74448e-14,0.00251137,0.9999998679212356,0.9498864289837573
543049.0,333,0.0311186,0.561269,0.99,10000,10,11,0.00200982,1.53638e-05,0.9551689839508405,0.9960803316466823
418825.0,474,0.0311412,0.527059,0.99,10000,10,12,0.00252323,1.44356e-05,0.9497682371402317,0.9962005789914777
200000.0,498,0.264037,0.156137,0.99,10000,10,10,1.84602e-15,0.00330726,0.9999999570346652,0.9424912180619343
275311.0,500,0.296497,0.145271,0.99,10000,10,13,3.17087e-15,0.00298385,0.9999999436895214,0.9453753718548126
223925.0,451,0.348089,0.156137,0.99,10000,10,16,1.09413e-15,0.00370025,0.999999966922364,0.9391703197443879
310199.0,500,0.311701,0.156236,0.99,10000,10,12,2.15792e-14,0.00194299,0.9999998531013955,0.955920639750559
245017.0,467,0.354081,0.123864,0.99,10000,10,13,2.69809e-16,0.00595864,0.9999999835741362,0.9228077724119844
540603.0,388,0.0311186,0.58136,0.99,10000,10,16,0.00298538,9.40238e-06,0.945361368977618,0.9969336699460104
537295.0,474,0.0311412,0.455582,0.99,10000,10,12,0.0026919,9.97425e-06,0.9481164766038389,0.9968417963966837
245017.0,467,0.354081,0.146515,0.99,10000,11,13,9.7984e-16,0.0042752,0.9999999686976039,0.9346149864265518
523775.0,490,0.0311186,0.653636,0.99,10000,10,11,0.00480099,6.94574e-06,0.9307108233560248,0.9973645228136067
434000.0,321,0.0906369,0.453111,0.99,10000,10,13,0.000426705,5.49673e-05,0.9793431609388077,0.9925860064742408
434000.0,335,0.0906369,0.457694,0.99,10000,10,11,0.000630974,5.07354e-05,0.9748808041529988,0.9928771213684354
529530.0,361,0.049815,0.459109,0.99,10000,10,23,0.00138312,2.19578e-05,0.9628096786784518,0.9953140849346153
523775.0,490,0.0311186,0.684932,0.99,10000,10,11,0.00504884,6.7339e-06,0.9289448101825067,0.9974050240848902
231664.0,500,0.348089,0.156137,0.99,10000,10,14,3.42266e-15,0.00266686,0.9999999414964958,0.9483583501425448
465706.0,353,0.049815,0.465489,0.99,10000,10,14,0.000928036,3.397e-05,0.9695363167033269,0.9941716211516409
543049.0,427,0.0311186,0.543065,0.99,10000,10,11,0.00315071,9.01967e-06,0.9438688143720445,0.9969967234559568
465706.0,386,0.049815,0.409871,0.99,10000,10,14,0.00079696,4.02352e-05,0.9717695200182498,0.9936568777404183
515017.0,355,0.049815,0.459109,0.99,10000,10,13,0.00117466,2.39324e-05,0.9657266867665234,0.9951079247757214
725685.0,411,0.0311186,0.344798,0.978288,10000,10,11,0.00175985,1.82014e-05,0.9580494338536415,0.9957336901190842
515017.0,361,0.049815,0.459109,0.99,10000,10,13,0.00125497,2.29653e-05,0.9645744442527714,0.995207787567313
265956.0,448,0.297645,0.154349,0.99,10000,10,10,1.70163e-15,0.00364257,0.9999999587491818,0.9396462925745237
402680.0,500,0.296497,0.145271,0.99,10000,10,13,1.01997e-13,0.00158315,0.9999996806303083,0.9602111824754743
543049.0,456,0.0311186,0.653636,0.99,10000,10,11,0.00459012,7.33548e-06,0.9322495756470854,0.9972915908728555
439910.0,478,0.0993128,0.271054,0.9882,10000,10,12,0.000143259,7.20049e-05,0.9880309148219256,0.9915144298954048
543049.0,326,0.0311186,0.561269,0.99,10000,10,11,0.00191611,1.69531e-05,0.9562266062544837,0.9958825857628847
418825.0,474,0.0311412,0.611931,0.99,10000,10,15,0.0032319,8.56416e-06,0.9431501978895265,0.9970735413893239
434000.0,335,0.0906369,0.413572,0.99,10000,10,11,0.000265483,6.02178e-05,0.9837063509305005,0.9922399871134128
339696.0,420,0.275919,0.182738,0.99,10000,10,11,5.40478e-14,0.00185476,0.9999997675181728,0.9569330753361701
413901.0,456,0.0311186,0.568764,0.99,10000,10,13,0.00266042,1.29706e-05,0.9484207406024476,0.9963985280786878
655523.0,456,0.0311186,0.344798,0.978288,10000,10,11,0.00184074,1.72932e-05,0.9570961540185499,0.9958414906516878
540603.0,388,0.0311186,0.584058,0.99,10000,10,11,0.00299775,9.37977e-06,0.945248287698009,0.9969373589828385
408201.0,437,0.100745,0.2588,0.99,10000,10,16,2.67981e-06,0.000182531,0.9983629874771401,0.9864895966011373
503181.0,350,0.049815,0.459109,0.99,10000,10,13,0.00103454,2.67094e-05,0.9678357341137716,0.9948318862241626
570523.0,425,0.259181,0.150908,0.99,10000,10,11,1.32371e-12,0.00117799,0.9999988494740333,0.9656781410759848
251897.0,500,0.274599,0.245037,0.99,10000,10,13,4.08153e-09,0.000374545,0.9999361131468923,0.9806468348841849
253593.0,476,0.267902,0.123864,0.99,10000,10,12,3.57476e-16,0.00571303,0.9999999810929643,0.9244154116237973
529530.0,361,0.049815,0.459109,0.99,10000,10,18,0.00138044,2.19804e-05,0.9628457270290482,0.9953116740727633
439910.0,414,0.0836216,0.344838,0.9882,10000,10,11,0.000336318,5.53941e-05,0.9816610251104376,0.9925572787234775
540603.0,357,0.0446161,0.38896,0.99,10000,10,11,0.000703244,4.23694e-05,0.9734812519149187,0.9934908218644748
225131.0,407,0.330877,0.2588,0.99,10000,10,12,2.4691e-12,0.000988277,0.9999984286629897,0.9685631267458101
540603.0,473,0.0311186,0.649603,0.99,10000,10,11,0.00473319,7.17708e-06,0.9312018168844555,0.9973209927211745
225131.0,420,0.270293,0.234445,0.99,10000,10,11,2.73922e-13,0.0013923,0.9999994766244178,0.9626864635822333
346655.0,500,0.311701,0.165885,0.99,10000,10,12,2.8495e-13,0.00125572,0.9999994661929188,0.9645638602553833
503181.0,350,0.049815,0.459109,0.99,10000,10,13,0.00103454,2.67094e-05,0.9678357341137716,0.9948318862241626
245017.0,467,0.354081,0.123864,0.99,10000,10,17,2.78981e-16,0.00575794,0.9999999832972757,0.9241189088112196
540603.0,464,0.0311186,0.649603,0.99,10000,10,13,0.00463455,7.2676e-06,0.9319224706676278,0.9973041513395593
365396.0,374,0.214504,0.268877,0.989999,11204,10,10,1.41052e-09,0.000443293,0.9999624431098199,0.9789454755456221
473268.0,412,0.193773,0.204992,0.99,10000,10,13,1.74772e-10,0.000547662,0.9999867798638433,0.9765978206143103
439910.0,445,0.0993128,0.271054,0.9882,10000,10,11,3.95143e-05,9.53348e-05,0.993713959911041,0.9902360458829427
260024.0,375,0.290361,0.273643,0.99,10000,10,11,7.23056e-12,0.00090612,0.9999973110299369,0.9698981728129338
439910.0,301,0.153381,0.365996,0.987025,10000,10,13,2.65558e-05,0.000146129,0.9948467680044462,0.9879116171470291
465706.0,368,0.049815,0.413534,0.99,10000,10,13,0.000679304,4.88505e-05,0.9739365389865429,0.9930106867290126
412244.0,321,0.0906369,0.452118,0.99,10000,10,13,0.000305618,5.92831e-05,0.9825180664684938,0.9923004480649845
434000.0,335,0.0906369,0.3766,0.99,10000,10,11,8.49098e-05,8.66507e-05,0.990785348622981,0.9906913642245493
540603.0,473,0.0311186,0.651127,0.99,10000,10,13,0.00475154,7.16018e-06,0.9310685848106975,0.9973241487335803
497131.0,335,0.0906369,0.348173,0.99,10000,10,11,9.611e-05,7.32473e-05,0.990196429221962,0.991441536352826
200000.0,500,0.274599,0.245037,0.99,10000,10,10,2.47689e-11,0.000704919,0.9999950231636555,0.9734496892673551
225131.0,440,0.241266,0.2588,0.99,10000,10,15,1.57978e-11,0.000786806,0.9999960253553618,0.9719499376114776
225131.0,420,0.270293,0.283822,0.99,10000,10,11,1.05528e-10,0.000615413,0.9999897273177797,0.975192480978542
346655.0,432,0.233227,0.190689,0.99,10000,10,10,2.4474e-13,0.00147271,0.9999995052879626,0.9616240961018506
225131.0,420,0.286135,0.277262,0.99,10000,10,12,5.6856e-11,0.000665242,0.9999924597082285,0.9742077143316068
339696.0,420,0.259181,0.182738,0.99,10000,10,11,5.18234e-14,0.00189732,0.9999997723524654,0.9564417631210812
540603.0,464,0.0311186,0.649603,0.99,10000,10,11,0.00462873,7.27301e-06,0.9319652294778619,0.9973031481316171
285893.0,425,0.256692,0.231414,0.99,10000,10,10,3.22957e-12,0.000951276,0.9999982028995577,0.9691572374778133
253593.0,470,0.267902,0.1,0.99,10000,10,11,7.03652e-17,0.00994356,0.9999999916116032,0.9002825993118553
523775.0,490,0.0311186,0.684932,0.99,10000,10,12,0.00505175,6.73022e-06,0.9289243360917395,0.997405733244248
523775.0,411,0.0311186,0.684932,0.99,10000,10,14,0.00409729,7.63449e-06,0.9359899226683798,0.997236941911577
200000.0,375,0.263494,0.143831,0.99,10000,10,12,8.35575e-17,0.00803531,0.9999999908590208,0.9103601093262603
200000.0,476,0.335472,0.123864,0.99,10000,10,12,1.23523e-16,0.00636467,0.9999999888859098,0.9202211180825401
200000.0,375,0.264523,0.143831,0.99,10000,10,10,7.76189e-17,0.00815714,0.9999999911898411,0.9096831134283294
413901.0,456,0.0311186,0.653636,0.99,10000,10,11,0.00332002,8.33798e-06,0.942380385284176,0.9971124439399381
253593.0,470,0.267902,0.1,0.99,10000,10,12,7.13769e-17,0.00966932,0.999999991551515,0.9016672994370641
271778.0,476,0.267902,0.123864,0.99,10000,10,12,4.65459e-16,0.0054489,0.9999999784255011,0.9261833352148717
200000.0,467,0.354081,0.146922,0.99,10000,10,17,4.83762e-16,0.00427755,0.9999999780054097,0.934597018416589
537295.0,474,0.0311412,0.455582,0.99,10000,10,12,0.0026919,9.97425e-06,0.9481164766038389,0.9968417963966837
523775.0,491,0.0311186,0.598616,0.99,10000,10,17,0.00434152,7.35032e-06,0.934109788283843,0.9972888526414081
543049.0,333,0.0311186,0.561269,0.99,10000,10,11,0.00200982,1.53638e-05,0.9551689839508405,0.9960803316466823
272925.0,355,0.299575,0.217216,0.989999,10000,10,11,1.74448e-14,0.00251137,0.9999998679212356,0.9498864289837573
655523.0,456,0.0311186,0.37495,0.978288,10000,10,11,0.00229218,1.45269e-05,0.9521232833205951,0.9961885829406899
540603.0,354,0.0311186,0.58136,0.99,10000,10,16,0.00248033,1.12099e-05,0.950197088438526,0.9966518811251689
223925.0,451,0.348089,0.156137,0.99,10000,10,16,1.09413e-15,0.00370025,0.999999966922364,0.9391703197443879
310199.0,500,0.311701,0.156236,0.99,10000,10,12,2.15792e-14,0.00194299,0.9999998531013955,0.955920639750559
540603.0,388,0.0311186,0.58136,0.99,10000,10,16,0.00298538,9.40238e-06,0.945361368977618,0.9969336699460104
523775.0,490,0.0311186,0.653636,0.99,10000,10,11,0.00480099,6.94574e-06,0.9307108233560248,0.9973645228136067
434000.0,321,0.0906369,0.453111,0.99,10000,10,13,0.000426705,5.49673e-05,0.9793431609388077,0.9925860064742408
245017.0,467,0.354081,0.146515,0.99,10000,11,13,9.7984e-16,0.0042752,0.9999999686976039,0.9346149864265518
543049.0,456,0.0311186,0.653636,0.99,10000,10,11,0.00459012,7.33548e-06,0.9322495756470854,0.9972915908728555
434000.0,335,0.0906369,0.457694,0.99,10000,10,11,0.000630974,5.07354e-05,0.9748808041529988,0.9928771213684354
523775.0,490,0.0311186,0.684932,0.99,10000,10,11,0.00504884,6.7339e-06,0.9289448101825067,0.9974050240848902
540603.0,398,0.0446161,0.435373,0.99,10000,10,10,0.00162435,1.83879e-05,0.9596967743226426,0.9957118885275683
529530.0,361,0.049815,0.459109,0.99,10000,10,23,0.00138312,2.19578e-05,0.9628096786784518,0.9953140849346153
231664.0,500,0.348089,0.156137,0.99,10000,10,14,3.42266e-15,0.00266686,0.9999999414964958,0.9483583501425448
543049.0,427,0.0311186,0.543065,0.99,10000,10,11,0.00315071,9.01967e-06,0.9438688143720445,0.9969967234559568
275311.0,500,0.296497,0.145271,0.99,10000,10,13,3.17087e-15,0.00298385,0.9999999436895214,0.9453753718548126
465706.0,386,0.049815,0.409871,0.99,10000,10,14,0.00079696,4.02352e-05,0.9717695200182498,0.9936568777404183
515017.0,355,0.049815,0.459109,0.99,10000,10,13,0.00117466,2.39324e-05,0.9657266867665234,0.9951079247757214
725685.0,411,0.0311186,0.344798,0.978288,10000,10,11,0.00175985,1.82014e-05,0.9580494338536415,0.9957336901190842
515017.0,361,0.049815,0.459109,0.99,10000,10,13,0.00125497,2.29653e-05,0.9645744442527714,0.995207787567313
226964.0,476,0.267902,0.123864,0.99,10000,10,12,2.4546e-16,0.0060981,0.9999999843328369,0.9219096676918327
265956.0,448,0.297645,0.154349,0.99,10000,10,10,1.70163e-15,0.00364257,0.9999999587491818,0.9396462925745237
200000.0,498,0.264037,0.156137,0.99,10000,10,10,1.84602e-15,0.00330726,0.9999999570346652,0.9424912180619343
402680.0,500,0.296497,0.145271,0.99,10000,10,13,1.01997e-13,0.00158315,0.9999996806303083,0.9602111824754743
465706.0,353,0.049815,0.465489,0.99,10000,10,14,0.000928036,3.397e-05,0.9695363167033269,0.9941716211516409
595772.0,343,0.0311186,0.540552,0.99,10000,10,14,0.00235442,1.16867e-05,0.9514776340230611,0.9965814184227958
439910.0,478,0.0993128,0.271054,0.9882,10000,10,12,0.000143259,7.20049e-05,0.9880309148219256,0.9915144298954048
245017.0,467,0.354081,0.123864,0.99,10000,10,13,2.69809e-16,0.00595864,0.9999999835741362,0.9228077724119844
543049.0,326,0.0311186,0.561269,0.99,10000,10,11,0.00191611,1.69531e-05,0.9562266062544837,0.9958825857628847
418825.0,474,0.0311412,0.611931,0.99,10000,10,15,0.0032319,8.56416e-06,0.9431501978895265,0.9970735413893239
434000.0,335,0.0906369,0.413572,0.99,10000,10,11,0.000265483,6.02178e-05,0.9837063509305005,0.9922399871134128
540603.0,388,0.0311186,0.584058,0.99,10000,10,11,0.00299775,9.37977e-06,0.945248287698009,0.9969373589828385
339696.0,420,0.275919,0.182738,0.99,10000,10,11,5.40478e-14,0.00185476,0.9999997675181728,0.9569330753361701
253593.0,476,0.267902,0.123864,0.99,10000,10,12,3.57476e-16,0.00571303,0.9999999810929643,0.9244154116237973
503181.0,350,0.049815,0.459109,0.99,10000,10,13,0.00103454,2.67094e-05,0.9678357341137716,0.9948318862241626
263611.0,500,0.262562,0.145271,0.99,10000,10,13,2.67579e-15,0.00312772,0.9999999482719611,0.9440739774344715
253593.0,475,0.267902,0.1,0.99,10000,10,10,7.12346e-17,0.00980071,0.9999999915599408,0.9010014646572991
540603.0,398,0.0446161,0.435373,0.99,10000,10,11,0.00163181,1.83446e-05,0.9596043319154145,0.9957169403459676
200000.0,476,0.335472,0.123864,0.99,10000,10,12,1.23523e-16,0.00636467,0.9999999888859098,0.9202211180825401
251897.0,500,0.274599,0.245037,0.99,10000,10,13,4.08153e-09,0.000374545,0.9999361131468923,0.9806468348841849
529530.0,361,0.049815,0.459109,0.99,10000,10,18,0.00138044,2.19804e-05,0.9628457270290482,0.9953116740727633
245017.0,467,0.354081,0.123864,0.99,10000,10,17,2.78981e-16,0.00575794,0.9999999832972757,0.9241189088112196
408201.0,437,0.100745,0.2588,0.99,10000,10,16,2.67981e-06,0.000182531,0.9983629874771401,0.9864895966011373
439910.0,414,0.0836216,0.344838,0.9882,10000,10,11,0.000336318,5.53941e-05,0.9816610251104376,0.9925572787234775
540603.0,357,0.0446161,0.38896,0.99,10000,10,11,0.000703244,4.23694e-05,0.9734812519149187,0.9934908218644748
540603.0,473,0.0311186,0.649603,0.99,10000,10,11,0.00473319,7.17708e-06,0.9312018168844555,0.9973209927211745
225131.0,420,0.270293,0.234445,0.99,10000,10,11,2.73922e-13,0.0013923,0.9999994766244178,0.9626864635822333
540603.0,346,0.0446161,0.435373,0.99,10000,10,11,0.000980761,2.81812e-05,0.968682896047048,0.9946914031985844
346655.0,500,0.311701,0.165885,0.99,10000,10,12,2.8495e-13,0.00125572,0.9999994661929188,0.9645638602553833
540603.0,464,0.0311186,0.649603,0.99,10000,10,13,0.00463455,7.2676e-06,0.9319224706676278,0.9973041513395593
225131.0,440,0.241266,0.2588,0.99,10000,10,15,1.57978e-11,0.000786806,0.9999960253553618,0.9719499376114776
346655.0,432,0.233227,0.190689,0.99,10000,10,10,2.4474e-13,0.00147271,0.9999995052879626,0.9616240961018506
563088.0,442,0.285284,0.145271,0.99,10000,10,13,1.60316e-12,0.00109499,0.9999987338404523,0.9669093668842677
271028.0,491,0.296497,0.145271,0.99,10000,10,13,2.55286e-15,0.00326005,0.999999949474165,0.9429031524512955
413901.0,456,0.0311186,0.653636,0.99,10000,10,11,0.00332002,8.33798e-06,0.942380385284176,0.9971124439399381
365396.0,374,0.214504,0.268877,0.989999,11204,10,10,1.41052e-09,0.000443293,0.9999624431098199,0.9789454755456221
473268.0,412,0.193773,0.204992,0.99,10000,10,13,1.74772e-10,0.000547662,0.9999867798638433,0.9765978206143103
260024.0,375,0.290361,0.273643,0.99,10000,10,11,7.23056e-12,0.00090612,0.9999973110299369,0.9698981728129338
570523.0,425,0.259181,0.150908,0.99,10000,10,11,1.32371e-12,0.00117799,0.9999988494740333,0.9656781410759848
655523.0,456,0.0311186,0.344798,0.978288,10000,10,11,0.00184074,1.72932e-05,0.9570961540185499,0.9958414906516878
465706.0,368,0.049815,0.413534,0.99,10000,10,13,0.000679304,4.88505e-05,0.9739365389865429,0.9930106867290126
655523.0,456,0.0311186,0.344798,0.978288,10000,10,11,0.00184074,1.72932e-05,0.9570961540185499,0.9958414906516878
412244.0,321,0.0906369,0.452118,0.99,10000,10,13,0.000305618,5.92831e-05,0.9825180664684938,0.9923004480649845
225131.0,407,0.330877,0.2588,0.99,10000,10,12,2.4691e-12,0.000988277,0.9999984286629897,0.9685631267458101
540603.0,473,0.0311186,0.651127,0.99,10000,10,13,0.00475154,7.16018e-06,0.9310685848106975,0.9973241487335803
434000.0,335,0.0906369,0.3766,0.99,10000,10,11,8.49098e-05,8.66507e-05,0.990785348622981,0.9906913642245493
523775.0,492,0.0311186,0.684932,0.99,10000,10,12,0.00507291,6.71174e-06,0.9287756361909775,0.9974092973925979
200000.0,389,0.25296,0.127871,0.99,10000,10,18,3.49563e-17,0.00944537,0.9999999940876146,0.9028127065918594
523775.0,411,0.0311186,0.684932,0.99,10000,10,14,0.00409729,7.63449e-06,0.9359899226683798,0.997236941911577
200000.0,375,0.263494,0.143831,0.99,10000,10,12,8.35575e-17,0.00803531,0.9999999908590208,0.9103601093262603
200000.0,476,0.32395,0.123864,0.99,10000,10,12,1.13207e-16,0.00641012,0.9999999893601221,0.9199367749837667
413901.0,456,0.0311186,0.653636,0.99,10000,10,11,0.00332002,8.33798e-06,0.942380385284176,0.9971124439399381
271778.0,476,0.267902,0.123864,0.99,10000,10,12,4.65459e-16,0.0054489,0.9999999784255011,0.9261833352148717
200000.0,467,0.354081,0.146922,0.99,10000,10,17,4.83762e-16,0.00427755,0.9999999780054097,0.934597018416589
253593.0,479,0.29745,0.1,0.99,10000,10,12,7.1138e-17,0.00926791,0.9999999915656654,0.9037300150618065
200000.0,375,0.264523,0.143831,0.99,10000,10,10,7.76189e-17,0.00815714,0.9999999911898411,0.9096831134283294
537295.0,474,0.0311412,0.455582,0.99,10000,10,12,0.0026919,9.97425e-06,0.9481164766038389,0.9968417963966837
523775.0,491,0.0311186,0.598616,0.99,10000,10,17,0.00434152,7.35032e-06,0.934109788283843,0.9972888526414081
251897.0,493,0.274599,0.170522,0.99,10000,10,13,1.58047e-14,0.00203149,0.9999998742832549,0.9549279465744016
543049.0,333,0.0311186,0.561269,0.99,10000,10,11,0.00200982,1.53638e-05,0.9551689839508405,0.9960803316466823
231664.0,500,0.348089,0.156137,0.99,10000,10,14,3.42266e-15,0.00266686,0.9999999414964958,0.9483583501425448
655523.0,456,0.0311186,0.37495,0.978288,10000,10,11,0.00229218,1.45269e-05,0.9521232833205951,0.9961885829406899
540603.0,354,0.0311186,0.58136,0.99,10000,10,16,0.00248033,1.12099e-05,0.950197088438526,0.9966518811251689
200000.0,500,0.360376,0.146515,0.99,10000,11,13,8.15489e-16,0.00410835,0.9999999714432319,0.9359035882439586
540603.0,388,0.0311186,0.58136,0.99,10000,10,16,0.00298538,9.40238e-06,0.945361368977618,0.9969336699460104
523775.0,490,0.0311186,0.653636,0.99,10000,10,11,0.00480099,6.94574e-06,0.9307108233560248,0.9973645228136067
434000.0,321,0.0906369,0.453111,0.99,10000,10,13,0.000426705,5.49673e-05,0.9793431609388077,0.9925860064742408
543049.0,456,0.0311186,0.653636,0.99,10000,10,11,0.00459012,7.33548e-06,0.9322495756470854,0.9972915908728555
263611.0,500,0.262562,0.145271,0.99,10000,10,13,2.67579e-15,0.00312772,0.9999999482719611,0.9440739774344715
434000.0,335,0.0906369,0.457694,0.99,10000,10,11,0.000630974,5.07354e-05,0.9748808041529988,0.9928771213684354
523775.0,490,0.0311186,0.684932,0.99,10000,10,11,0.00504884,6.7339e-06,0.9289448101825067,0.9974050240848902
540603.0,398,0.0446161,0.435373,0.99,10000,10,10,0.00162435,1.83879e-05,0.9596967743226426,0.9957118885275683
223925.0,451,0.348089,0.156137,0.99,10000,10,16,1.09413e-15,0.00370025,0.999999966922364,0.9391703197443879
231664.0,500,0.31241,0.156137,0.99,10000,10,14,2.90309e-15,0.00273297,0.9999999461196697,0.9477221844373734
529530.0,361,0.049815,0.459109,0.99,10000,10,23,0.00138312,2.19578e-05,0.9628096786784518,0.9953140849346153
408201.0,437,0.100745,0.2588,0.99,10000,10,16,2.67981e-06,0.000182531,0.9983629874771401,0.9864895966011373
543049.0,427,0.0311186,0.543065,0.99,10000,10,11,0.00315071,9.01967e-06,0.9438688143720445,0.9969967234559568
465706.0,386,0.049815,0.409871,0.99,10000,10,14,0.00079696,4.02352e-05,0.9717695200182498,0.9936568777404183
200000.0,498,0.264037,0.156137,0.99,10000,10,10,1.84602e-15,0.00330726,0.9999999570346652,0.9424912180619343
515017.0,355,0.049815,0.459109,0.99,10000,10,13,0.00117466,2.39324e-05,0.9657266867665234,0.9951079247757214
226964.0,476,0.267902,0.123864,0.99,10000,10,12,2.4546e-16,0.0060981,0.9999999843328369,0.9219096676918327
265956.0,448,0.297645,0.154349,0.99,10000,10,10,1.70163e-15,0.00364257,0.9999999587491818,0.9396462925745237
725685.0,411,0.0311186,0.344798,0.978288,10000,10,11,0.00175985,1.82014e-05,0.9580494338536415,0.9957336901190842
515017.0,361,0.049815,0.459109,0.99,10000,10,13,0.00125497,2.29653e-05,0.9645744442527714,0.995207787567313
402680.0,500,0.296497,0.145271,0.99,10000,10,13,1.01997e-13,0.00158315,0.9999996806303083,0.9602111824754743
434000.0,335,0.0906369,0.3766,0.99,10000,10,11,8.49098e-05,8.66507e-05,0.990785348622981,0.9906913642245493
503181.0,350,0.049815,0.459109,0.99,10000,10,13,0.00103454,2.67094e-05,0.9678357341137716,0.9948318862241626
439910.0,478,0.0993128,0.271054,0.9882,10000,10,12,0.000143259,7.20049e-05,0.9880309148219256,0.9915144298954048
339696.0,420,0.275919,0.182738,0.99,10000,10,11,5.40478e-14,0.00185476,0.9999997675181728,0.9569330753361701
595772.0,343,0.0311186,0.540552,0.99,10000,10,14,0.00235442,1.16867e-05,0.9514776340230611,0.9965814184227958
245017.0,467,0.354081,0.123864,0.99,10000,10,13,2.69809e-16,0.00595864,0.9999999835741362,0.9228077724119844
543049.0,326,0.0311186,0.561269,0.99,10000,10,11,0.00191611,1.69531e-05,0.9562266062544837,0.9958825857628847
418825.0,474,0.0311412,0.611931,0.99,10000,10,15,0.0032319,8.56416e-06,0.9431501978895265,0.9970735413893239
434000.0,335,0.0906369,0.413572,0.99,10000,10,11,0.000265483,6.02178e-05,0.9837063509305005,0.9922399871134128
253593.0,476,0.267902,0.123864,0.99,10000,10,12,3.57476e-16,0.00571303,0.9999999810929643,0.9244154116237973
540603.0,388,0.0311186,0.584058,0.99,10000,10,11,0.00299775,9.37977e-06,0.945248287698009,0.9969373589828385
465706.0,353,0.049815,0.465489,0.99,10000,10,14,0.000928036,3.397e-05,0.9695363167033269,0.9941716211516409
473268.0,412,0.193773,0.204992,0.99,10000,10,13,1.74772e-10,0.000547662,0.9999867798638433,0.9765978206143103
200000.0,476,0.335472,0.123864,0.99,10000,10,12,1.23523e-16,0.00636467,0.9999999888859098,0.9202211180825401
540603.0,464,0.0311186,0.649603,0.99,10000,10,13,0.00463455,7.2676e-06,0.9319224706676278,0.9973041513395593
251897.0,500,0.274599,0.245037,0.99,10000,10,13,4.08153e-09,0.000374545,0.9999361131468923,0.9806468348841849
540603.0,398,0.0446161,0.435373,0.99,10000,10,11,0.00163181,1.83446e-05,0.9596043319154145,0.9957169403459676
245017.0,467,0.354081,0.123864,0.99,10000,10,17,2.78981e-16,0.00575794,0.9999999832972757,0.9241189088112196
529530.0,361,0.049815,0.459109,0.99,10000,10,18,0.00138044,2.19804e-05,0.9628457270290482,0.9953116740727633
521858.0,462,0.262562,0.158578,0.99,10000,10,13,2.44052e-11,0.00072749,0.9999950598380594,0.9730279774581141
439910.0,414,0.0836216,0.344838,0.9882,10000,10,11,0.000336318,5.53941e-05,0.9816610251104376,0.9925572787234775
540603.0,357,0.0446161,0.38896,0.99,10000,10,11,0.000703244,4.23694e-05,0.9734812519149187,0.9934908218644748
540603.0,473,0.0311186,0.649603,0.99,10000,10,11,0.00473319,7.17708e-06,0.9312018168844555,0.9973209927211745
225131.0,420,0.270293,0.234445,0.99,10000,10,11,2.73922e-13,0.0013923,0.9999994766244178,0.9626864635822333
346655.0,500,0.311701,0.165885,0.99,10000,10,12,2.8495e-13,0.00125572,0.9999994661929188,0.9645638602553833
260024.0,375,0.290361,0.273643,0.99,10000,10,11,7.23056e-12,0.00090612,0.9999973110299369,0.9698981728129338
346655.0,432,0.233227,0.190689,0.99,10000,10,10,2.4474e-13,0.00147271,0.9999995052879626,0.9616240961018506
563088.0,442,0.285284,0.145271,0.99,10000,10,13,1.60316e-12,0.00109499,0.9999987338404523,0.9669093668842677
225131.0,407,0.330877,0.2588,0.99,10000,10,12,2.4691e-12,0.000988277,0.9999984286629897,0.9685631267458101
254707.0,476,0.318314,0.151301,0.99,10000,10,12,1.98438e-15,0.00322319,0.9999999554536196,0.9432268549400334
225131.0,440,0.241266,0.2588,0.99,10000,10,15,1.57978e-11,0.000786806,0.9999960253553618,0.9719499376114776
365396.0,374,0.214504,0.268877,0.989999,11204,10,10,1.41052e-09,0.000443293,0.9999624431098199,0.9789454755456221
540603.0,346,0.0446161,0.435373,0.99,10000,10,11,0.000980761,2.81812e-05,0.968682896047048,0.9946914031985844
413901.0,456,0.0311186,0.653636,0.99,10000,10,11,0.00332002,8.33798e-06,0.942380385284176,0.9971124439399381
570523.0,425,0.259181,0.150908,0.99,10000,10,11,1.32371e-12,0.00117799,0.9999988494740333,0.9656781410759848
655523.0,456,0.0311186,0.344798,0.978288,10000,10,11,0.00184074,1.72932e-05,0.9570961540185499,0.9958414906516878
465706.0,368,0.049815,0.413534,0.99,10000,10,13,0.000679304,4.88505e-05,0.9739365389865429,0.9930106867290126
655523.0,456,0.0311186,0.344798,0.978288,10000,10,11,0.00184074,1.72932e-05,0.9570961540185499,0.9958414906516878
412244.0,321,0.0906369,0.452118,0.99,10000,10,13,0.000305618,5.92831e-05,0.9825180664684938,0.9923004480649845
540603.0,473,0.0311186,0.651127,0.99,10000,10,13,0.00475154,7.16018e-06,0.9310685848106975,0.9973241487335803
503181.0,350,0.049815,0.449036,0.99,10000,10,13,0.000945218,2.90846e-05,0.9692556021363241,0.994606986000389
200000.0,389,0.25296,0.127871,0.99,10000,10,18,3.49563e-17,0.00944537,0.9999999940876146,0.9028127065918594
523775.0,492,0.0311186,0.684932,0.99,10000,10,12,0.00507291,6.71174e-06,0.9287756361909775,0.9974092973925979
200000.0,375,0.279198,0.143831,0.99,10000,10,12,8.47721e-17,0.00796763,0.9999999907928234,0.9107384181184313
200000.0,476,0.32395,0.123864,0.99,10000,10,12,1.13207e-16,0.00641012,0.9999999893601221,0.9199367749837667
271778.0,476,0.267902,0.123864,0.99,10000,10,12,4.65459e-16,0.0054489,0.9999999784255011,0.9261833352148717
200000.0,467,0.354081,0.146922,0.99,10000,10,17,4.83762e-16,0.00427755,0.9999999780054097,0.934597018416589
523775.0,411,0.0311186,0.684932,0.99,10000,10,14,0.00409729,7.63449e-06,0.9359899226683798,0.997236941911577
253593.0,479,0.29745,0.1,0.99,10000,10,12,7.1138e-17,0.00926791,0.9999999915656654,0.9037300150618065
200000.0,375,0.264523,0.143831,0.99,10000,10,10,7.76189e-17,0.00815714,0.9999999911898411,0.9096831134283294
358506.0,500,0.0311186,0.698534,0.99,10000,10,11,0.00362249,7.83953e-06,0.9398128751309718,0.9972000839298293
537295.0,474,0.0311412,0.455582,0.99,10000,10,12,0.0026919,9.97425e-06,0.9481164766038389,0.9968417963966837
523775.0,491,0.0311186,0.598616,0.99,10000,10,17,0.00434152,7.35032e-06,0.934109788283843,0.9972888526414081
251897.0,493,0.274599,0.170522,0.99,10000,10,13,1.58047e-14,0.00203149,0.9999998742832549,0.9549279465744016
655523.0,456,0.0311186,0.37495,0.978288,10000,10,11,0.00229218,1.45269e-05,0.9521232833205951,0.9961885829406899
231664.0,500,0.458784,0.156137,0.99,10000,10,14,7.24788e-15,0.00249468,0.9999999148655182,0.9500532283325539
540603.0,354,0.0311186,0.58136,0.99,10000,10,16,0.00248033,1.12099e-05,0.950197088438526,0.9966518811251689
402680.0,500,0.296497,0.145271,0.99,10000,10,13,1.01997e-13,0.00158315,0.9999996806303083,0.9602111824754743
540603.0,388,0.0311186,0.58136,0.99,10000,10,16,0.00298538,9.40238e-06,0.945361368977618,0.9969336699460104
418825.0,494,0.0311412,0.611931,0.99,10000,10,17,0.0034491,7.85541e-06,0.941270961186139,0.9971972495651592
434000.0,321,0.0906369,0.453111,0.99,10000,10,13,0.000426705,5.49673e-05,0.9793431609388077,0.9925860064742408
543049.0,456,0.0311186,0.653636,0.99,10000,10,11,0.00459012,7.33548e-06,0.9322495756470854,0.9972915908728555
543049.0,333,0.0311186,0.561269,0.99,10000,10,12,0.00201414,1.53023e-05,0.9551208288846597,0.996088184564681
263611.0,500,0.262562,0.145271,0.99,10000,10,13,2.67579e-15,0.00312772,0.9999999482719611,0.9440739774344715
434000.0,335,0.0906369,0.457694,0.99,10000,10,11,0.000630974,5.07354e-05,0.9748808041529988,0.9928771213684354
540603.0,398,0.0446161,0.435373,0.99,10000,10,10,0.00162435,1.83879e-05,0.9596967743226426,0.9957118885275683
223925.0,451,0.348089,0.156137,0.99,10000,10,16,1.09413e-15,0.00370025,0.999999966922364,0.9391703197443879
523775.0,421,0.0311186,0.78328,0.99,10000,10,11,0.00495801,6.83746e-06,0.9295868620213529,0.9973851462756016
231664.0,500,0.31241,0.156137,0.99,10000,10,14,2.90309e-15,0.00273297,0.9999999461196697,0.9477221844373734
529530.0,361,0.049815,0.459109,0.99,10000,10,23,0.00138312,2.19578e-05,0.9628096786784518,0.9953140849346153
339696.0,420,0.275919,0.182738,0.99,10000,10,11,5.40478e-14,0.00185476,0.9999997675181728,0.9569330753361701
408201.0,437,0.134631,0.2588,0.99,10000,10,15,1.92147e-06,0.000148933,0.9986138290148758,0.9877961891197872
543049.0,427,0.0311186,0.543065,0.99,10000,10,11,0.00315071,9.01967e-06,0.9438688143720445,0.9969967234559568
200000.0,500,0.360376,0.146515,0.99,10000,11,13,8.15489e-16,0.00410835,0.9999999714432319,0.9359035882439586
226964.0,476,0.267902,0.123864,0.99,10000,10,12,2.4546e-16,0.0060981,0.9999999843328369,0.9219096676918327
339707.0,500,0.311701,0.165885,0.99,10000,10,12,2.23992e-13,0.00125454,0.9999995267220689,0.9645805138377193
725685.0,411,0.0311186,0.344798,0.978288,10000,10,11,0.00175985,1.82014e-05,0.9580494338536415,0.9957336901190842
515017.0,361,0.049815,0.459109,0.99,10000,10,13,0.00125497,2.29653e-05,0.9645744442527714,0.995207787567313
523775.0,490,0.0311186,0.653636,0.99,10000,10,11,0.00480099,6.94574e-06,0.9307108233560248,0.9973645228136067
595772.0,343,0.0311186,0.540552,0.99,10000,10,14,0.00235442,1.16867e-05,0.9514776340230611,0.9965814184227958
515017.0,355,0.049815,0.459109,0.99,10000,10,13,0.00117466,2.39324e-05,0.9657266867665234,0.9951079247757214
245017.0,467,0.354081,0.123864,0.99,10000,10,13,2.69809e-16,0.00595864,0.9999999835741362,0.9228077724119844
434000.0,335,0.0906369,0.3766,0.99,10000,10,11,8.49098e-05,8.66507e-05,0.990785348622981,0.9906913642245493
225667.0,500,0.262562,0.147589,0.99,10000,10,13,1.82225e-15,0.0033808,0.9999999573121797,0.9418553527829088
465706.0,386,0.049815,0.409871,0.99,10000,10,14,0.00079696,4.02352e-05,0.9717695200182498,0.9936568777404183
265956.0,448,0.297645,0.154349,0.99,10000,10,10,1.70163e-15,0.00364257,0.9999999587491818,0.9396462925745237
543049.0,326,0.0311186,0.561269,0.99,10000,10,11,0.00191611,1.69531e-05,0.9562266062544837,0.9958825857628847
418825.0,474,0.0311412,0.611931,0.99,10000,10,15,0.0032319,8.56416e-06,0.9431501978895265,0.9970735413893239
200000.0,476,0.335472,0.123864,0.99,10000,10,12,1.23523e-16,0.00636467,0.9999999888859098,0.9202211180825401
434000.0,335,0.0906369,0.413572,0.99,10000,10,11,0.000265483,6.02178e-05,0.9837063509305005,0.9922399871134128
253593.0,476,0.267902,0.123864,0.99,10000,10,12,3.57476e-16,0.00571303,0.9999999810929643,0.9244154116237973
251897.0,500,0.274599,0.245037,0.99,10000,10,13,4.08153e-09,0.000374545,0.9999361131468923,0.9806468348841849
543049.0,402,0.0311186,0.561269,0.99,10000,10,12,0.00299853,9.35918e-06,0.9452411650963974,0.9969407223074719
540603.0,464,0.0311186,0.649603,0.99,10000,10,13,0.00463455,7.2676e-06,0.9319224706676278,0.9973041513395593
543049.0,355,0.0433289,0.432722,0.99,10000,10,11,0.0010729,2.58269e-05,0.9672448477335245,0.9949179826840122
540603.0,398,0.0446161,0.435373,0.99,10000,10,11,0.00163181,1.83446e-05,0.9596043319154145,0.9957169403459676
445566.0,361,0.049815,0.459109,0.99,10000,10,23,0.000877494,3.98895e-05,0.9703774747869126,0.9936841865132036
245017.0,467,0.354081,0.123864,0.99,10000,10,17,2.78981e-16,0.00575794,0.9999999832972757,0.9241189088112196
413901.0,456,0.0311186,0.653636,0.99,10000,10,11,0.00332002,8.33798e-06,0.942380385284176,0.9971124439399381
529530.0,361,0.049815,0.459109,0.99,10000,10,18,0.00138044,2.19804e-05,0.9628457270290482,0.9953116740727633
439910.0,478,0.0993128,0.271054,0.988957,10000,10,12,0.00014472,7.0744e-05,0.987970037406542,0.9915890547499107
231664.0,500,0.348089,0.156137,0.99,10000,10,14,3.42266e-15,0.00266686,0.9999999414964958,0.9483583501425448
439910.0,414,0.0836216,0.344838,0.9882,10000,10,11,0.000336318,5.53941e-05,0.9816610251104376,0.9925572787234775
540603.0,357,0.0446161,0.38896,0.99,10000,10,11,0.000703244,4.23694e-05,0.9734812519149187,0.9934908218644748
540603.0,473,0.0311186,0.649603,0.99,10000,10,11,0.00473319,7.17708e-06,0.9312018168844555,0.9973209927211745
523775.0,490,0.0311186,0.684932,0.99,10000,10,11,0.00504884,6.7339e-06,0.9289448101825067,0.9974050240848902
563088.0,442,0.285284,0.145271,0.99,10000,10,13,1.60316e-12,0.00109499,0.9999987338404523,0.9669093668842677
200000.0,375,0.263494,0.143831,0.99,10000,10,12,8.35575e-17,0.00803531,0.9999999908590208,0.9103601093262603
225131.0,407,0.330877,0.2588,0.99,10000,10,12,2.4691e-12,0.000988277,0.9999984286629897,0.9685631267458101
521858.0,462,0.262562,0.158578,0.99,10000,10,13,2.44052e-11,0.00072749,0.9999950598380594,0.9730279774581141
543049.0,333,0.0311186,0.561269,0.99,10000,10,11,0.00200982,1.53638e-05,0.9551689839508405,0.9960803316466823
226964.0,474,0.267902,0.252025,0.99,10000,10,12,8.97058e-11,0.000602106,0.9999905286854133,0.9754621516835725
254707.0,476,0.318314,0.151301,0.99,10000,10,12,1.98438e-15,0.00322319,0.9999999554536196,0.9432268549400334
225131.0,440,0.241266,0.2588,0.99,10000,10,15,1.57978e-11,0.000786806,0.9999960253553618,0.9719499376114776
503181.0,350,0.049815,0.459109,0.99,10000,10,13,0.00103454,2.67094e-05,0.9678357341137716,0.9948318862241626
365396.0,374,0.214504,0.268877,0.989999,11204,10,10,1.41052e-09,0.000443293,0.9999624431098199,0.9789454755456221
200000.0,500,0.360376,0.146515,0.99,10000,11,13,8.15489e-16,0.00410835,0.9999999714432319,0.9359035882439586
540603.0,346,0.0446161,0.435373,0.99,10000,10,11,0.000980761,2.81812e-05,0.968682896047048,0.9946914031985844
413901.0,456,0.0311186,0.653636,0.99,10000,10,11,0.00332002,8.33798e-06,0.942380385284176,0.9971124439399381
570523.0,425,0.259181,0.150908,0.99,10000,10,11,1.32371e-12,0.00117799,0.9999988494740333,0.9656781410759848
473268.0,412,0.193773,0.204992,0.99,10000,10,13,1.74772e-10,0.000547662,0.9999867798638433,0.9765978206143103
523775.0,492,0.0311186,0.684932,0.99,10000,10,12,0.00507291,6.71174e-06,0.9287756361909775,0.9974092973925979
200000.0,389,0.25296,0.127871,0.99,10000,10,18,3.49563e-17,0.00944537,0.9999999940876146,0.9028127065918594
200000.0,375,0.279198,0.143831,0.99,10000,10,12,8.47721e-17,0.00796763,0.9999999907928234,0.9107384181184313
200000.0,476,0.32395,0.123864,0.99,10000,10,12,1.13207e-16,0.00641012,0.9999999893601221,0.9199367749837667
200000.0,467,0.354081,0.146922,0.99,10000,10,17,4.83762e-16,0.00427755,0.9999999780054097,0.934597018416589
523775.0,411,0.0311186,0.684932,0.99,10000,10,14,0.00409729,7.63449e-06,0.9359899226683798,0.997236941911577
208023.0,389,0.25296,0.127871,0.99,10000,10,17,5.15797e-17,0.00924861,0.9999999928180991,0.9038303062290411
200000.0,375,0.264523,0.143831,0.99,10000,10,10,7.76189e-17,0.00815714,0.9999999911898411,0.9096831134283294
358506.0,500,0.0311186,0.698534,0.99,10000,10,11,0.00362249,7.83953e-06,0.9398128751309718,0.9972000839298293
271778.0,476,0.267902,0.123864,0.99,10000,10,12,4.65459e-16,0.0054489,0.9999999784255011,0.9261833352148717
673874.0,386,0.0311186,0.374902,0.989474,10000,10,10,0.00158146,1.65779e-05,0.9602324252688198,0.9959284032616184
523775.0,491,0.0311186,0.598616,0.99,10000,10,17,0.00434152,7.35032e-06,0.934109788283843,0.9972888526414081
540603.0,388,0.0311186,0.479744,0.99,10000,10,16,0.00197838,1.53106e-05,0.9555210161986585,0.9960871238200014
251897.0,493,0.274599,0.170522,0.99,10000,10,13,1.58047e-14,0.00203149,0.9999998742832549,0.9549279465744016
655523.0,456,0.0311186,0.37495,0.978288,10000,10,11,0.00229218,1.45269e-05,0.9521232833205951,0.9961885829406899
291749.0,500,0.360376,0.146515,0.99,10000,10,13,7.03339e-15,0.00244131,0.9999999161346913,0.9505903855509882
540603.0,354,0.0311186,0.58136,0.99,10000,10,16,0.00248033,1.12099e-05,0.950197088438526,0.9966518811251689
543049.0,333,0.0311186,0.561269,0.99,10000,10,12,0.00201414,1.53023e-05,0.9551208288846597,0.996088184564681
537295.0,474,0.0311412,0.455582,0.99,10000,10,12,0.0026919,9.97425e-06,0.9481164766038389,0.9968417963966837
418825.0,494,0.0311412,0.611931,0.99,10000,10,17,0.0034491,7.85541e-06,0.941270961186139,0.9971972495651592
540603.0,375,0.0311186,0.58136,0.99,10000,10,16,0.0027931,9.92702e-06,0.9471502128670323,0.9968492826213702
543049.0,456,0.0311186,0.653636,0.99,10000,10,11,0.00459012,7.33548e-06,0.9322495756470854,0.9972915908728555
434000.0,335,0.0906369,0.457694,0.99,10000,10,11,0.000630974,5.07354e-05,0.9748808041529988,0.9928771213684354
280588.0,500,0.311701,0.165885,0.99,10000,10,12,2.66175e-14,0.0017949,0.9999998368512948,0.9576337398393486
408201.0,437,0.134631,0.2588,0.99,10000,10,15,1.92147e-06,0.000148933,0.9986138290148758,0.9877961891197872
543049.0,427,0.0311186,0.543065,0.99,10000,10,11,0.00315071,9.01967e-06,0.9438688143720445,0.9969967234559568
263611.0,500,0.262562,0.145271,0.99,10000,10,13,2.67579e-15,0.00312772,0.9999999482719611,0.9440739774344715
225667.0,500,0.262562,0.147589,0.99,10000,10,13,1.82225e-15,0.0033808,0.9999999573121797,0.9418553527829088
523775.0,490,0.0311186,0.653636,0.99,10000,10,11,0.00480099,6.94574e-06,0.9307108233560248,0.9973645228136067
223925.0,451,0.348089,0.156137,0.99,10000,10,16,1.09413e-15,0.00370025,0.999999966922364,0.9391703197443879
200000.0,500,0.360376,0.146515,0.99,10000,11,13,8.15489e-16,0.00410835,0.9999999714432319,0.9359035882439586
226964.0,476,0.267902,0.123864,0.99,10000,10,12,2.4546e-16,0.0060981,0.9999999843328369,0.9219096676918327
231664.0,500,0.31241,0.156137,0.99,10000,10,13,2.83965e-15,0.00277732,0.9999999467116335,0.9472997153707876
515017.0,361,0.049815,0.459109,0.99,10000,10,13,0.00125497,2.29653e-05,0.9645744442527714,0.995207787567313
434000.0,321,0.0906369,0.453111,0.99,10000,10,14,0.000429715,5.48859e-05,0.9792704317459335,0.9925914981271515
540603.0,388,0.0311186,0.58136,0.99,10000,10,16,0.00298538,9.40238e-06,0.945361368977618,0.9969336699460104
529530.0,361,0.049815,0.459109,0.99,10000,10,23,0.00138312,2.19578e-05,0.9628096786784518,0.9953140849346153
434000.0,335,0.0906369,0.413572,0.99,10000,10,11,0.000265483,6.02178e-05,0.9837063509305005,0.9922399871134128
445566.0,361,0.049815,0.459109,0.99,10000,10,23,0.000877494,3.98895e-05,0.9703774747869126,0.9936841865132036
595772.0,343,0.0311186,0.540552,0.99,10000,10,14,0.00235442,1.16867e-05,0.9514776340230611,0.9965814184227958
515017.0,355,0.049815,0.459109,0.99,10000,10,13,0.00117466,2.39324e-05,0.9657266867665234,0.9951079247757214
245017.0,467,0.354081,0.123864,0.99,10000,10,13,2.69809e-16,0.00595864,0.9999999835741362,0.9228077724119844
339707.0,500,0.311701,0.165885,0.99,10000,10,12,2.23992e-13,0.00125454,0.9999995267220689,0.9645805138377193
402680.0,500,0.296497,0.145271,0.99,10000,10,13,1.01997e-13,0.00158315,0.9999996806303083,0.9602111824754743
465706.0,386,0.049815,0.409871,0.99,10000,10,14,0.00079696,4.02352e-05,0.9717695200182498,0.9936568777404183
540603.0,357,0.0446161,0.38896,0.99,10000,10,11,0.000703244,4.23694e-05,0.9734812519149187,0.9934908218644748
434000.0,335,0.0906369,0.3766,0.99,10000,10,11,8.49098e-05,8.66507e-05,0.990785348622981,0.9906913642245493
265956.0,448,0.297645,0.154349,0.99,10000,10,10,1.70163e-15,0.00364257,0.9999999587491818,0.9396462925745237
418825.0,474,0.0311412,0.611931,0.99,10000,10,15,0.0032319,8.56416e-06,0.9431501978895265,0.9970735413893239
200000.0,476,0.335472,0.123864,0.99,10000,10,12,1.23523e-16,0.00636467,0.9999999888859098,0.9202211180825401
540603.0,473,0.0311186,0.649603,0.99,10000,10,11,0.00473319,7.17708e-06,0.9312018168844555,0.9973209927211745
225131.0,407,0.330877,0.2588,0.99,10000,10,12,2.4691e-12,0.000988277,0.9999984286629897,0.9685631267458101
543049.0,402,0.0311186,0.561269,0.99,10000,10,12,0.00299853,9.35918e-06,0.9452411650963974,0.9969407223074719
540603.0,346,0.0446161,0.435373,0.99,10000,10,11,0.000980761,2.81812e-05,0.968682896047048,0.9946914031985844
523775.0,421,0.0311186,0.78328,0.99,10000,10,11,0.00495801,6.83746e-06,0.9295868620213529,0.9973851462756016
439910.0,414,0.0836216,0.344838,0.9882,10000,10,11,0.000336318,5.53941e-05,0.9816610251104376,0.9925572787234775
251897.0,500,0.274599,0.245037,0.99,10000,10,13,4.08153e-09,0.000374545,0.9999361131468923,0.9806468348841849
231664.0,500,0.348089,0.156137,0.99,10000,10,14,3.42266e-15,0.00266686,0.9999999414964958,0.9483583501425448
253593.0,476,0.267902,0.123864,0.99,10000,10,12,3.57476e-16,0.00571303,0.9999999810929643,0.9244154116237973
540603.0,464,0.0311186,0.649603,0.99,10000,10,13,0.00463455,7.2676e-06,0.9319224706676278,0.9973041513395593
271778.0,476,0.267902,0.123864,0.99,10000,10,12,4.65459e-16,0.0054489,0.9999999784255011,0.9261833352148717
543049.0,355,0.0433289,0.432722,0.99,10000,10,11,0.0010729,2.58269e-05,0.9672448477335245,0.9949179826840122
225131.0,440,0.241266,0.2588,0.99,10000,10,15,1.57978e-11,0.000786806,0.9999960253553618,0.9719499376114776
439910.0,478,0.0993128,0.271054,0.988957,10000,10,12,0.00014472,7.0744e-05,0.987970037406542,0.9915890547499107
413901.0,456,0.0311186,0.653636,0.99,10000,10,11,0.00332002,8.33798e-06,0.942380385284176,0.9971124439399381
529530.0,361,0.049815,0.459109,0.99,10000,10,18,0.00138044,2.19804e-05,0.9628457270290482,0.9953116740727633
245017.0,467,0.354081,0.123864,0.99,10000,10,17,2.78981e-16,0.00575794,0.9999999832972757,0.9241189088112196
402680.0,500,0.296497,0.145271,0.99,10000,10,13,1.01997e-13,0.00158315,0.9999996806303083,0.9602111824754743
523775.0,490,0.0311186,0.684932,0.99,10000,10,11,0.00504884,6.7339e-06,0.9289448101825067,0.9974050240848902
563088.0,442,0.285284,0.145271,0.99,10000,10,13,1.60316e-12,0.00109499,0.9999987338404523,0.9669093668842677
200000.0,375,0.263494,0.143831,0.99,10000,10,12,8.35575e-17,0.00803531,0.9999999908590208,0.9103601093262603
254707.0,476,0.318314,0.151301,0.99,10000,10,12,1.98438e-15,0.00322319,0.9999999554536196,0.9432268549400334
434000.0,321,0.0906369,0.453111,0.99,10000,10,13,0.000426705,5.49673e-05,0.9793431609388077,0.9925860064742408
503181.0,350,0.049815,0.459109,0.99,10000,10,13,0.00103454,2.67094e-05,0.9678357341137716,0.9948318862241626
365396.0,374,0.214504,0.268877,0.989999,11204,10,10,1.41052e-09,0.000443293,0.9999624431098199,0.9789454755456221
200000.0,500,0.360376,0.146515,0.99,10000,11,13,8.15489e-16,0.00410835,0.9999999714432319,0.9359035882439586
523775.0,421,0.0311186,0.78328,0.99,10000,10,14,0.00496501,6.83038e-06,0.929537172920752,0.9973865004304573
413901.0,456,0.0311186,0.653636,0.99,10000,10,11,0.00332002,8.33798e-06,0.942380385284176,0.9971124439399381
570523.0,425,0.259181,0.150908,0.99,10000,10,11,1.32371e-12,0.00117799,0.9999988494740333,0.9656781410759848
473268.0,412,0.193773,0.204992,0.99,10000,10,13,1.74772e-10,0.000547662,0.9999867798638433,0.9765978206143103
200000.0,389,0.25296,0.127871,0.99,10000,10,18,3.49563e-17,0.00944537,0.9999999940876146,0.9028127065918594
523775.0,492,0.0311186,0.684932,0.99,10000,10,12,0.00507291,6.71174e-06,0.9287756361909775,0.9974092973925979
200000.0,375,0.279198,0.143831,0.99,10000,10,12,8.47721e-17,0.00796763,0.9999999907928234,0.9107384181184313
200000.0,476,0.32395,0.123864,0.99,10000,10,12,1.13207e-16,0.00641012,0.9999999893601221,0.9199367749837667
200000.0,453,0.279198,0.143831,0.99,10000,10,12,4.1192e-16,0.0050824,0.9999999797041876,0.9287090468572624
208023.0,389,0.25296,0.127871,0.99,10000,10,17,5.15797e-17,0.00924861,0.9999999928180991,0.9038303062290411
200000.0,375,0.264523,0.143831,0.99,10000,10,10,7.76189e-17,0.00815714,0.9999999911898411,0.9096831134283294
423947.0,494,0.0311412,0.611931,0.99,10000,10,18,0.00349936,7.72693e-06,0.9408446114035247,0.9972202644010626
493412.0,490,0.0311186,0.653636,0.99,10000,10,11,0.00451036,6.90722e-06,0.932840786186853,0.9973718409484964
673874.0,386,0.0311186,0.374902,0.989474,10000,10,10,0.00158146,1.65779e-05,0.9602324252688198,0.9959284032616184
523775.0,411,0.0311186,0.684932,0.99,10000,10,14,0.00409729,7.63449e-06,0.9359899226683798,0.997236941911577
512517.0,490,0.0311186,0.684635,0.99,10000,10,11,0.00494294,6.71684e-06,0.9296939547407195,0.9974083132905384
540603.0,388,0.0311186,0.479744,0.99,10000,10,16,0.00197838,1.53106e-05,0.9555210161986585,0.9960871238200014
200000.0,467,0.354081,0.146922,0.99,10000,10,17,4.83762e-16,0.00427755,0.9999999780054097,0.934597018416589
523775.0,491,0.0311186,0.598616,0.99,10000,10,17,0.00434152,7.35032e-06,0.934109788283843,0.9972888526414081
253593.0,476,0.267902,0.123864,0.99,10000,10,12,3.57476e-16,0.00571303,0.9999999810929643,0.9244154116237973
251897.0,493,0.274599,0.170522,0.99,10000,10,13,1.58047e-14,0.00203149,0.9999998742832549,0.9549279465744016
513130.0,354,0.0311186,0.58136,0.99,10000,10,16,0.00227603,1.31355e-05,0.9522922438171737,0.9963757069654897
543049.0,333,0.0311186,0.561269,0.99,10000,10,12,0.00201414,1.53023e-05,0.9551208288846597,0.996088184564681
540603.0,375,0.0311186,0.58136,0.99,10000,10,16,0.0027931,9.92702e-06,0.9471502128670323,0.9968492826213702
540603.0,354,0.0311186,0.58136,0.99,10000,10,16,0.00248033,1.12099e-05,0.950197088438526,0.9966518811251689
291749.0,500,0.360376,0.146515,0.99,10000,10,13,7.03339e-15,0.00244131,0.9999999161346913,0.9505903855509882
434000.0,335,0.0906369,0.457694,0.99,10000,10,11,0.000630974,5.07354e-05,0.9748808041529988,0.9928771213684354
223925.0,451,0.348089,0.156137,0.99,10000,10,16,1.09413e-15,0.00370025,0.999999966922364,0.9391703197443879
523775.0,411,0.0311186,0.684932,0.99,10000,10,14,0.00409729,7.63449e-06,0.9359899226683798,0.997236941911577
200000.0,476,0.335472,0.168369,0.99,10000,10,10,2.2306e-15,0.00311471,0.9999999527707718,0.9441904130099497
225131.0,440,0.241266,0.2588,0.99,10000,10,15,1.57978e-11,0.000786806,0.9999960253553618,0.9719499376114776
543049.0,427,0.0311186,0.543065,0.99,10000,10,11,0.00315071,9.01967e-06,0.9438688143720445,0.9969967234559568
225667.0,500,0.262562,0.147589,0.99,10000,10,13,1.82225e-15,0.0033808,0.9999999573121797,0.9418553527829088
200000.0,500,0.360376,0.146515,0.99,10000,11,13,8.15489e-16,0.00410835,0.9999999714432319,0.9359035882439586
226964.0,476,0.267902,0.123864,0.99,10000,10,12,2.4546e-16,0.0060981,0.9999999843328369,0.9219096676918327
631024.0,343,0.0311186,0.540552,0.99,10000,10,14,0.00264612,1.09243e-05,0.9485595489910906,0.9966948071160672
515017.0,361,0.049815,0.459109,0.99,10000,10,13,0.00125497,2.29653e-05,0.9645744442527714,0.995207787567313
434000.0,321,0.0906369,0.453111,0.99,10000,10,14,0.000429715,5.48859e-05,0.9792704317459335,0.9925914981271515
540603.0,388,0.0311186,0.58136,0.99,10000,10,16,0.00298538,9.40238e-06,0.945361368977618,0.9969336699460104
595772.0,343,0.0311186,0.540552,0.99,10000,10,14,0.00235442,1.16867e-05,0.9514776340230611,0.9965814184227958
529530.0,361,0.049815,0.459109,0.99,10000,10,23,0.00138312,2.19578e-05,0.9628096786784518,0.9953140849346153
339707.0,500,0.311701,0.165885,0.99,10000,10,12,2.23992e-13,0.00125454,0.9999995267220689,0.9645805138377193
434000.0,335,0.0906369,0.413572,0.99,10000,10,11,0.000265483,6.02178e-05,0.9837063509305005,0.9922399871134128
408201.0,437,0.134631,0.2588,0.99,10000,10,15,1.92147e-06,0.000148933,0.9986138290148758,0.9877961891197872
439910.0,478,0.0993128,0.271054,0.988957,10000,10,12,0.00014472,7.0744e-05,0.987970037406542,0.9915890547499107
473268.0,412,0.193773,0.204992,0.99,10000,10,13,1.74772e-10,0.000547662,0.9999867798638433,0.9765978206143103
515017.0,355,0.049815,0.459109,0.99,10000,10,13,0.00117466,2.39324e-05,0.9657266867665234,0.9951079247757214
245017.0,467,0.354081,0.123864,0.99,10000,10,13,2.69809e-16,0.00595864,0.9999999835741362,0.9228077724119844
231664.0,500,0.31241,0.156137,0.99,10000,10,13,2.83965e-15,0.00277732,0.9999999467116335,0.9472997153707876
402680.0,500,0.296497,0.145271,0.99,10000,10,15,1.06934e-13,0.00155336,0.9999996729923548,0.9605873116877318
280588.0,500,0.311701,0.165885,0.99,10000,10,12,2.66175e-14,0.0017949,0.9999998368512948,0.9576337398393486
465706.0,386,0.049815,0.409871,0.99,10000,10,14,0.00079696,4.02352e-05,0.9717695200182498,0.9936568777404183
265956.0,448,0.297645,0.154349,0.99,10000,10,10,1.70163e-15,0.00364257,0.9999999587491818,0.9396462925745237
540603.0,357,0.0446161,0.38896,0.99,10000,10,11,0.000703244,4.23694e-05,0.9734812519149187,0.9934908218644748
418825.0,474,0.0311412,0.611931,0.99,10000,10,15,0.0032319,8.56416e-06,0.9431501978895265,0.9970735413893239
200000.0,476,0.335472,0.123864,0.99,10000,10,12,1.23523e-16,0.00636467,0.9999999888859098,0.9202211180825401
225131.0,407,0.330877,0.2588,0.99,10000,10,12,2.4691e-12,0.000988277,0.9999984286629897,0.9685631267458101
543049.0,402,0.0311186,0.561269,0.99,10000,10,12,0.00299853,9.35918e-06,0.9452411650963974,0.9969407223074719
439910.0,414,0.0836216,0.344838,0.9882,10000,10,11,0.000336318,5.53941e-05,0.9816610251104376,0.9925572787234775
537295.0,474,0.0311412,0.455582,0.99,10000,10,12,0.0026919,9.97425e-06,0.9481164766038389,0.9968417963966837
445566.0,361,0.049815,0.459109,0.99,10000,10,23,0.000877494,3.98895e-05,0.9703774747869126,0.9936841865132036
254707.0,476,0.318314,0.151301,0.99,10000,10,12,1.98438e-15,0.00322319,0.9999999554536196,0.9432268549400334
543049.0,355,0.0433289,0.432722,0.99,10000,10,11,0.0010729,2.58269e-05,0.9672448477335245,0.9949179826840122
245017.0,467,0.354081,0.123864,0.99,10000,10,17,2.78981e-16,0.00575794,0.9999999832972757,0.9241189088112196
413901.0,456,0.0311186,0.653636,0.99,10000,10,11,0.00332002,8.33798e-06,0.942380385284176,0.9971124439399381
418825.0,494,0.0311412,0.611931,0.99,10000,10,17,0.0034491,7.85541e-06,0.941270961186139,0.9971972495651592
529530.0,361,0.049815,0.459109,0.99,10000,10,18,0.00138044,2.19804e-05,0.9628457270290482,0.9953116740727633
231664.0,500,0.436192,0.156137,0.99,10000,10,14,5.71019e-15,0.00256464,0.9999999244342008,0.949357725169578
231664.0,500,0.348089,0.156137,0.99,10000,10,14,3.42266e-15,0.00266686,0.9999999414964958,0.9483583501425448
271778.0,476,0.267902,0.182506,0.99,10000,10,11,4.53005e-14,0.00170319,0.9999997871608589,0.9587302774421732
543893.0,342,0.0433289,0.432722,0.99,10000,10,11,0.00093894,3.08694e-05,0.9693578721365503,0.9944439762419515
434000.0,321,0.103357,0.316419,0.99,10000,10,14,2.16992e-07,0.000299737,0.9995341759989008,0.9826870857450284
563088.0,442,0.285284,0.145271,0.99,10000,10,13,1.60316e-12,0.00109499,0.9999987338404523,0.9669093668842677
200000.0,375,0.263494,0.143831,0.99,10000,10,12,8.35575e-17,0.00803531,0.9999999908590208,0.9103601093262603
540603.0,346,0.0446161,0.435373,0.99,10000,10,11,0.000980761,2.81812e-05,0.968682896047048,0.9946914031985844
503181.0,350,0.049815,0.459109,0.99,10000,10,13,0.00103454,2.67094e-05,0.9678357341137716,0.9948318862241626
434000.0,335,0.0906369,0.3766,0.99,10000,10,11,8.49098e-05,8.66507e-05,0.990785348622981,0.9906913642245493
365396.0,374,0.214504,0.268877,0.989999,11204,10,10,1.41052e-09,0.000443293,0.9999624431098199,0.9789454755456221
434000.0,335,0.0906369,0.3766,0.99,10000,10,11,8.49098e-05,8.66507e-05,0.990785348622981,0.9906913642245493
200000.0,500,0.360376,0.146515,0.99,10000,11,13,8.15489e-16,0.00410835,0.9999999714432319,0.9359035882439586
200000.0,467,0.354081,0.146922,0.99,10000,10,17,4.83762e-16,0.00427755,0.9999999780054097,0.934597018416589
434000.0,321,0.0906369,0.453111,0.99,10000,10,11,0.000417741,5.52204e-05,0.9795612867332604,0.9925689570045653
413901.0,456,0.0311186,0.653636,0.99,10000,10,11,0.00332002,8.33798e-06,0.942380385284176,0.9971124439399381
570523.0,425,0.259181,0.150908,0.99,10000,10,11,1.32371e-12,0.00117799,0.9999988494740333,0.9656781410759848
523775.0,500,0.0311186,0.684932,0.99,10000,10,12,0.00515647,6.63829e-06,0.928191435051242,0.9974235120803698
200000.0,389,0.25296,0.127871,0.99,10000,10,18,3.49563e-17,0.00944537,0.9999999940876146,0.9028127065918594
200000.0,476,0.32395,0.123864,0.99,10000,10,11,1.11009e-16,0.00652236,0.9999999894639191,0.9192388707359784
200000.0,375,0.279198,0.143831,0.99,10000,10,14,8.81442e-17,0.00784309,0.9999999906114857,0.9114387782378766
208023.0,389,0.25296,0.127871,0.99,10000,10,17,5.15797e-17,0.00924861,0.9999999928180991,0.9038303062290411
512517.0,490,0.0311186,0.684635,0.99,10000,10,11,0.00494294,6.71684e-06,0.9296939547407195,0.9974083132905384
423947.0,494,0.0311412,0.611931,0.99,10000,10,18,0.00349936,7.72693e-06,0.9408446114035247,0.9972202644010626
200000.0,453,0.279198,0.143831,0.99,10000,10,12,4.1192e-16,0.0050824,0.9999999797041876,0.9287090468572624
477178.0,490,0.0311412,0.656001,0.99,10000,10,18,0.00438129,6.87866e-06,0.9338086863704912,0.9973772800378233
523775.0,411,0.0311186,0.684932,0.99,10000,10,14,0.00409729,7.63449e-06,0.9359899226683798,0.997236941911577
673874.0,386,0.0311186,0.374902,0.989474,10000,10,10,0.00158146,1.65779e-05,0.9602324252688198,0.9959284032616184
200000.0,375,0.264523,0.143831,0.99,10000,10,10,7.76189e-17,0.00815714,0.9999999911898411,0.9096831134283294
200000.0,467,0.354081,0.146922,0.99,10000,10,17,4.83762e-16,0.00427755,0.9999999780054097,0.934597018416589
571636.0,354,0.0311186,0.499817,0.988379,10000,10,16,0.00193814,1.55001e-05,0.955975688534629,0.9960629833630019
253593.0,481,0.302059,0.123864,0.99,10000,10,16,3.3678e-16,0.00538861,0.9999999816484333,0.9265928477599084
240361.0,500,0.337356,0.168841,0.99,10000,10,14,1.3847e-14,0.00197019,0.9999998823267235,0.9556131776311932
513130.0,354,0.0311186,0.58136,0.99,10000,10,16,0.00227603,1.31355e-05,0.9522922438171737,0.9963757069654897
643568.0,367,0.0338871,0.38896,0.99,10000,10,11,0.00134303,1.98446e-05,0.9633526262878225,0.9955452721744197
291749.0,500,0.360376,0.146515,0.99,10000,10,13,7.03339e-15,0.00244131,0.9999999161346913,0.9505903855509882
543049.0,333,0.0311186,0.561269,0.99,10000,10,12,0.00201414,1.53023e-05,0.9551208288846597,0.996088184564681
540603.0,375,0.0311186,0.58136,0.99,10000,10,16,0.0027931,9.92702e-06,0.9471502128670323,0.9968492826213702
434000.0,335,0.0906369,0.457694,0.99,10000,10,11,0.000630974,5.07354e-05,0.9748808041529988,0.9928771213684354
418825.0,474,0.0311412,0.611931,0.99,10000,10,15,0.0032319,8.56416e-06,0.9431501978895265,0.9970735413893239
231664.0,500,0.31241,0.156137,0.99,10000,10,13,2.83965e-15,0.00277732,0.9999999467116335,0.9472997153707876
523775.0,486,0.0311186,0.598616,0.99,10000,10,11,0.00427233,7.41849e-06,0.934636937036274,0.9972763094889471
200000.0,476,0.335472,0.168369,0.99,10000,10,10,2.2306e-15,0.00311471,0.9999999527707718,0.9441904130099497
488475.0,500,0.0311186,0.501291,0.99,10000,10,11,0.00307469,8.78789e-06,0.9445501127142715,0.9970355624479507
540603.0,354,0.0311186,0.58136,0.99,10000,10,16,0.00248033,1.12099e-05,0.950197088438526,0.9966518811251689
223925.0,451,0.348089,0.156137,0.99,10000,10,16,1.09413e-15,0.00370025,0.999999966922364,0.9391703197443879
225667.0,500,0.262562,0.147589,0.99,10000,10,13,1.82225e-15,0.0033808,0.9999999573121797,0.9418553527829088
200000.0,500,0.360376,0.146515,0.99,10000,11,13,8.15489e-16,0.00410835,0.9999999714432319,0.9359035882439586
200000.0,425,0.279198,0.143831,0.99,10000,10,12,2.18082e-16,0.00603186,0.9999999852324003,0.922334949945294
434000.0,321,0.0906369,0.453111,0.99,10000,10,14,0.000429715,5.48859e-05,0.9792704317459335,0.9925914981271515
523775.0,492,0.0311186,0.684932,0.99,10000,10,12,0.00507291,6.71174e-06,0.9287756361909775,0.9974092973925979
402680.0,500,0.296497,0.145271,0.99,10000,10,15,1.06934e-13,0.00155336,0.9999996729923548,0.9605873116877318
631024.0,343,0.0311186,0.540552,0.99,10000,10,14,0.00264612,1.09243e-05,0.9485595489910906,0.9966948071160672
200000.0,476,0.335472,0.123864,0.99,10000,10,12,1.23523e-16,0.00636467,0.9999999888859098,0.9202211180825401
245017.0,467,0.354081,0.123864,0.99,10000,10,17,2.78981e-16,0.00575794,0.9999999832972757,0.9241189088112196
540603.0,388,0.0311186,0.58136,0.99,10000,10,16,0.00298538,9.40238e-06,0.945361368977618,0.9969336699460104
408201.0,437,0.134631,0.2588,0.99,10000,10,15,1.92147e-06,0.000148933,0.9986138290148758,0.9877961891197872
439910.0,478,0.0993128,0.271054,0.988957,10000,10,12,0.00014472,7.0744e-05,0.987970037406542,0.9915890547499107
515017.0,355,0.049815,0.459109,0.99,10000,10,13,0.00117466,2.39324e-05,0.9657266867665234,0.9951079247757214
418825.0,494,0.0311412,0.611931,0.99,10000,10,17,0.0034491,7.85541e-06,0.941270961186139,0.9971972495651592
465706.0,386,0.049815,0.409871,0.99,10000,10,14,0.00079696,4.02352e-05,0.9717695200182498,0.9936568777404183
523775.0,411,0.0311186,0.684932,0.99,10000,10,14,0.00409729,7.63449e-06,0.9359899226683798,0.997236941911577
242700.0,486,0.31241,0.196483,0.99,10000,10,13,1.79264e-13,0.00131442,0.9999995766042041,0.9637450693008524
265956.0,448,0.297645,0.154349,0.99,10000,10,10,1.70163e-15,0.00364257,0.9999999587491818,0.9396462925745237
439910.0,414,0.0836216,0.344838,0.9882,10000,10,11,0.000336318,5.53941e-05,0.9816610251104376,0.9925572787234775
473268.0,412,0.193773,0.204992,0.99,10000,10,13,1.74772e-10,0.000547662,0.9999867798638433,0.9765978206143103
537295.0,474,0.0311412,0.455582,0.99,10000,10,12,0.0026919,9.97425e-06,0.9481164766038389,0.9968417963966837
445566.0,361,0.049815,0.459109,0.99,10000,10,23,0.000877494,3.98895e-05,0.9703774747869126,0.9936841865132036
280588.0,500,0.311701,0.165885,0.99,10000,10,12,2.66175e-14,0.0017949,0.9999998368512948,0.9576337398393486
254707.0,476,0.318314,0.151301,0.99,10000,10,12,1.98438e-15,0.00322319,0.9999999554536196,0.9432268549400334
543049.0,355,0.0433289,0.432722,0.99,10000,10,11,0.0010729,2.58269e-05,0.9672448477335245,0.9949179826840122
595772.0,343,0.0311186,0.540552,0.99,10000,10,14,0.00235442,1.16867e-05,0.9514776340230611,0.9965814184227958
271778.0,476,0.267902,0.182506,0.99,10000,10,11,4.53005e-14,0.00170319,0.9999997871608589,0.9587302774421732
224512.0,440,0.299869,0.2588,0.99,10000,10,15,2.22054e-11,0.000721252,0.999995287739396,0.973143864760543
413901.0,456,0.0311186,0.653636,0.99,10000,10,11,0.00332002,8.33798e-06,0.942380385284176,0.9971124439399381
515635.0,417,0.0311186,0.50787,0.99,10000,10,11,0.00241029,1.1604e-05,0.9509052956012566,0.9965935355572089
434000.0,335,0.0906369,0.413572,0.99,10000,10,11,0.000265483,6.02178e-05,0.9837063509305005,0.9922399871134128
231664.0,500,0.436192,0.156137,0.99,10000,10,14,5.71019e-15,0.00256464,0.9999999244342008,0.949357725169578
365396.0,374,0.214504,0.268877,0.989999,11204,10,10,1.41052e-09,0.000443293,0.9999624431098199,0.9789454755456221
231664.0,500,0.348089,0.156137,0.99,10000,10,14,3.42266e-15,0.00266686,0.9999999414964958,0.9483583501425448
225131.0,440,0.241266,0.2588,0.99,10000,10,15,1.57978e-11,0.000786806,0.9999960253553618,0.9719499376114776
200000.0,476,0.314479,0.237059,0.99,10000,10,13,2.81939e-12,0.000924276,0.9999983208960723,0.9695980921651288
543893.0,342,0.0433289,0.432722,0.99,10000,10,11,0.00093894,3.08694e-05,0.9693578721365503,0.9944439762419515
242821.0,476,0.32395,0.123864,0.99,10000,10,10,2.73281e-16,0.00587894,0.999999983468787,0.9233257539978383
523775.0,491,0.0311186,0.598616,0.99,10000,10,17,0.00434152,7.35032e-06,0.934109788283843,0.9972888526414081
563088.0,442,0.285284,0.145271,0.99,10000,10,13,1.60316e-12,0.00109499,0.9999987338404523,0.9669093668842677
200000.0,375,0.263494,0.143831,0.99,10000,10,12,8.35575e-17,0.00803531,0.9999999908590208,0.9103601093262603
434000.0,321,0.103357,0.316419,0.99,10000,10,14,2.16992e-07,0.000299737,0.9995341759989008,0.9826870857450284
540603.0,357,0.0446161,0.38896,0.99,10000,10,11,0.000703244,4.23694e-05,0.9734812519149187,0.9934908218644748
540603.0,346,0.0446161,0.435373,0.99,10000,10,11,0.000980761,2.81812e-05,0.968682896047048,0.9946914031985844
434000.0,335,0.0906369,0.3766,0.99,10000,10,11,8.49098e-05,8.66507e-05,0.990785348622981,0.9906913642245493
434000.0,321,0.0906369,0.453111,0.99,10000,10,11,0.000417741,5.52204e-05,0.9795612867332604,0.9925689570045653
503181.0,350,0.049815,0.459109,0.99,10000,10,13,0.00103454,2.67094e-05,0.9678357341137716,0.9948318862241626
225131.0,407,0.330877,0.2588,0.99,10000,10,12,2.4691e-12,0.000988277,0.9999984286629897,0.9685631267458101
215983.0,467,0.291595,0.146922,0.99,10000,10,17,7.60941e-16,0.0041614,0.999999972414841,0.9354910858872977
434000.0,335,0.0906369,0.3766,0.99,10000,10,11,8.49098e-05,8.66507e-05,0.990785348622981,0.9906913642245493
537295.0,500,0.0311412,0.455582,0.99,10000,10,12,0.00299443,9.17534e-06,0.945278614783615,0.9969709176307007
200000.0,389,0.25296,0.127871,0.99,10000,10,18,3.49563e-17,0.00944537,0.9999999940876146,0.9028127065918594
523775.0,500,0.0311186,0.684932,0.99,10000,10,12,0.00515647,6.63829e-06,0.928191435051242,0.9974235120803698
200000.0,467,0.354081,0.116986,0.99,10000,10,19,7.54868e-17,0.00731477,0.999999991311686,0.9144735713361068
208023.0,389,0.25296,0.127871,0.99,10000,10,17,5.15797e-17,0.00924861,0.9999999928180991,0.9038303062290411
512517.0,490,0.0311186,0.684635,0.99,10000,10,11,0.00494294,6.71684e-06,0.9296939547407195,0.9974083132905384
457195.0,500,0.0311412,0.656001,0.99,10000,10,18,0.0042896,6.78541e-06,0.9345049620200125,0.9973951180449011
423947.0,494,0.0311412,0.611931,0.99,10000,10,18,0.00349936,7.72693e-06,0.9408446114035247,0.9972202644010626
523775.0,411,0.0311186,0.684932,0.99,10000,10,14,0.00409729,7.63449e-06,0.9359899226683798,0.997236941911577
673874.0,386,0.0311186,0.374902,0.989474,10000,10,10,0.00158146,1.65779e-05,0.9602324252688198,0.9959284032616184
200000.0,467,0.354081,0.146922,0.99,10000,10,17,4.83762e-16,0.00427755,0.9999999780054097,0.934597018416589
200000.0,476,0.32395,0.123864,0.99,10000,10,11,1.11009e-16,0.00652236,0.9999999894639191,0.9192388707359784
200000.0,500,0.3288,0.146515,0.99,10000,10,13,7.60059e-16,0.00367535,0.9999999724308324,0.9393753350524723
571636.0,354,0.0311186,0.499817,0.988379,10000,10,16,0.00193814,1.55001e-05,0.955975688534629,0.9960629833630019
643568.0,367,0.0338871,0.38896,0.99,10000,10,11,0.00134303,1.98446e-05,0.9633526262878225,0.9955452721744197
240361.0,485,0.337356,0.130612,0.99,10000,10,15,4.68432e-16,0.00469025,0.9999999783567101,0.9315146000960789
240361.0,500,0.337356,0.168841,0.99,10000,10,14,1.3847e-14,0.00197019,0.9999998823267235,0.9556131776311932
291749.0,500,0.360376,0.146515,0.99,10000,10,13,7.03339e-15,0.00244131,0.9999999161346913,0.9505903855509882
253593.0,481,0.302059,0.123864,0.99,10000,10,16,3.3678e-16,0.00538861,0.9999999816484333,0.9265928477599084
540603.0,375,0.0311186,0.58136,0.99,10000,10,16,0.0027931,9.92702e-06,0.9471502128670323,0.9968492826213702
434000.0,335,0.0906369,0.457694,0.99,10000,10,11,0.000630974,5.07354e-05,0.9748808041529988,0.9928771213684354
200000.0,476,0.335472,0.123864,0.99,10000,10,12,1.23523e-16,0.00636467,0.9999999888859098,0.9202211180825401
245017.0,467,0.354081,0.123864,0.99,10000,10,17,2.78981e-16,0.00575794,0.9999999832972757,0.9241189088112196
200000.0,425,0.279198,0.143831,0.99,10000,10,12,2.18082e-16,0.00603186,0.9999999852324003,0.922334949945294
571636.0,369,0.0311186,0.499817,0.988379,10000,10,16,0.00213721,1.33589e-05,0.9537700313649252,0.9963450170999032
200000.0,476,0.335472,0.159669,0.99,10000,10,12,1.27931e-15,0.00336998,0.9999999642325567,0.9419484711656962
418825.0,474,0.0311412,0.611931,0.99,10000,10,15,0.0032319,8.56416e-06,0.9431501978895265,0.9970735413893239
231664.0,500,0.31241,0.156137,0.99,10000,10,13,2.83965e-15,0.00277732,0.9999999467116335,0.9472997153707876
488475.0,500,0.0311186,0.501291,0.99,10000,10,11,0.00307469,8.78789e-06,0.9445501127142715,0.9970355624479507
413901.0,456,0.0311186,0.653636,0.99,10000,10,11,0.00332002,8.33798e-06,0.942380385284176,0.9971124439399381
242700.0,486,0.31241,0.196483,0.99,10000,10,13,1.79264e-13,0.00131442,0.9999995766042041,0.9637450693008524
200000.0,453,0.279198,0.143831,0.99,10000,10,13,4.19324e-16,0.00501318,0.9999999795225978,0.9291961865433789
523775.0,492,0.0311186,0.684932,0.99,10000,10,12,0.00507291,6.71174e-06,0.9287756361909775,0.9974092973925979
631024.0,343,0.0311186,0.540552,0.99,10000,10,14,0.00264612,1.09243e-05,0.9485595489910906,0.9966948071160672
200000.0,476,0.335472,0.168369,0.99,10000,10,10,2.2306e-15,0.00311471,0.9999999527707718,0.9441904130099497
540603.0,388,0.0311186,0.58136,0.99,10000,10,16,0.00298538,9.40238e-06,0.945361368977618,0.9969336699460104
434000.0,321,0.0906369,0.453111,0.99,10000,10,14,0.000429715,5.48859e-05,0.9792704317459335,0.9925914981271515
408201.0,437,0.134631,0.2588,0.99,10000,10,15,1.92147e-06,0.000148933,0.9986138290148758,0.9877961891197872
434000.0,335,0.0906369,0.413572,0.99,10000,10,11,0.000265483,6.02178e-05,0.9837063509305005,0.9922399871134128
513130.0,354,0.0311186,0.58136,0.99,10000,10,16,0.00227603,1.31355e-05,0.9522922438171737,0.9963757069654897
439910.0,478,0.0993128,0.271054,0.988957,10000,10,12,0.00014472,7.0744e-05,0.987970037406542,0.9915890547499107
477178.0,490,0.0311412,0.637365,0.99,10000,10,15,0.0042175,7.1224e-06,0.9350577179335373,0.9973312175060526
418825.0,494,0.0311412,0.611931,0.99,10000,10,17,0.0034491,7.85541e-06,0.941270961186139,0.9971972495651592
563088.0,442,0.285284,0.145271,0.99,10000,10,13,1.60316e-12,0.00109499,0.9999987338404523,0.9669093668842677
465706.0,386,0.049815,0.409871,0.99,10000,10,14,0.00079696,4.02352e-05,0.9717695200182498,0.9936568777404183
540603.0,357,0.0446161,0.38896,0.99,10000,10,11,0.000703244,4.23694e-05,0.9734812519149187,0.9934908218644748
515017.0,355,0.049815,0.459109,0.99,10000,10,13,0.00117466,2.39324e-05,0.9657266867665234,0.9951079247757214
200000.0,453,0.279198,0.143831,0.99,10000,10,10,3.89145e-16,0.0051827,0.9999999802732416,0.9280090283438264
540603.0,354,0.0311186,0.58136,0.99,10000,10,16,0.00248033,1.12099e-05,0.950197088438526,0.9966518811251689
439910.0,414,0.0836216,0.344838,0.9882,10000,10,11,0.000336318,5.53941e-05,0.9816610251104376,0.9925572787234775
473268.0,412,0.193773,0.204992,0.99,10000,10,13,1.74772e-10,0.000547662,0.9999867798638433,0.9765978206143103
537295.0,474,0.0311412,0.455582,0.99,10000,10,12,0.0026919,9.97425e-06,0.9481164766038389,0.9968417963966837
445566.0,361,0.049815,0.459109,0.99,10000,10,23,0.000877494,3.98895e-05,0.9703774747869126,0.9936841865132036
280588.0,500,0.311701,0.165885,0.99,10000,10,12,2.66175e-14,0.0017949,0.9999998368512948,0.9576337398393486
434000.0,321,0.103357,0.316419,0.99,10000,10,14,2.16992e-07,0.000299737,0.9995341759989008,0.9826870857450284
543049.0,355,0.0433289,0.432722,0.99,10000,10,11,0.0010729,2.58269e-05,0.9672448477335245,0.9949179826840122
543049.0,333,0.0311186,0.561269,0.99,10000,10,12,0.00201414,1.53023e-05,0.9551208288846597,0.996088184564681
224512.0,440,0.299869,0.2588,0.99,10000,10,15,2.22054e-11,0.000721252,0.999995287739396,0.973143864760543
402680.0,500,0.313749,0.145271,0.99,10000,10,14,1.09116e-13,0.00149184,0.9999996696728894,0.9613756553453654
515635.0,417,0.0311186,0.50787,0.99,10000,10,11,0.00241029,1.1604e-05,0.9509052956012566,0.9965935355572089
231664.0,500,0.436192,0.156137,0.99,10000,10,14,5.71019e-15,0.00256464,0.9999999244342008,0.949357725169578
523775.0,411,0.0311186,0.684932,0.99,10000,10,14,0.00409729,7.63449e-06,0.9359899226683798,0.997236941911577
231664.0,500,0.348089,0.156137,0.99,10000,10,14,3.42266e-15,0.00266686,0.9999999414964958,0.9483583501425448
225131.0,440,0.241266,0.2588,0.99,10000,10,15,1.57978e-11,0.000786806,0.9999960253553618,0.9719499376114776
200000.0,476,0.314479,0.237059,0.99,10000,10,13,2.81939e-12,0.000924276,0.9999983208960723,0.9695980921651288
543893.0,342,0.0433289,0.432722,0.99,10000,10,11,0.00093894,3.08694e-05,0.9693578721365503,0.9944439762419515
515017.0,355,0.049815,0.459109,0.99,10000,10,13,0.00117466,2.39324e-05,0.9657266867665234,0.9951079247757214
402680.0,500,0.296497,0.145271,0.99,10000,10,15,1.06934e-13,0.00155336,0.9999996729923548,0.9605873116877318
540603.0,346,0.0446161,0.435373,0.99,10000,10,11,0.000980761,2.81812e-05,0.968682896047048,0.9946914031985844
434000.0,335,0.0906369,0.3766,0.99,10000,10,11,8.49098e-05,8.66507e-05,0.990785348622981,0.9906913642245493
434000.0,321,0.0906369,0.453111,0.99,10000,10,11,0.000417741,5.52204e-05,0.9795612867332604,0.9925689570045653
503181.0,350,0.049815,0.459109,0.99,10000,10,13,0.00103454,2.67094e-05,0.9678357341137716,0.9948318862241626
225131.0,407,0.330877,0.2588,0.99,10000,10,12,2.4691e-12,0.000988277,0.9999984286629897,0.9685631267458101
200000.0,453,0.279198,0.143831,0.99,10000,10,12,4.1192e-16,0.0050824,0.9999999797041876,0.9287090468572624
434000.0,335,0.0906369,0.3766,0.99,10000,10,11,8.49098e-05,8.66507e-05,0.990785348622981,0.9906913642245493
537295.0,500,0.0311412,0.455582,0.99,10000,10,12,0.00299443,9.17534e-06,0.945278614783615,0.9969709176307007
242821.0,476,0.32395,0.123864,0.99,10000,10,10,2.73281e-16,0.00587894,0.999999983468787,0.9233257539978383
215001.0,474,0.385601,0.194465,0.99,10000,10,12,5.13924e-14,0.00167237,0.9999997733010807,0.9591053793268601
254707.0,476,0.318314,0.151301,0.99,10000,10,12,1.98438e-15,0.00322319,0.9999999554536196,0.9432268549400334
631024.0,343,0.0321126,0.511319,0.99,10000,10,14,0.00233487,1.21098e-05,0.9516795074528415,0.9965200862079644
240361.0,500,0.337356,0.240729,0.99,10000,10,11,5.35591e-08,0.00041083,0.9997685716093475,0.9797310582417335
200000.0,389,0.25296,0.127871,0.99,10000,10,17,3.47794e-17,0.00946817,0.9999999941025938,0.9026954780084707
523775.0,500,0.0311186,0.684932,0.99,10000,10,12,0.00515647,6.63829e-06,0.928191435051242,0.9974235120803698
200000.0,467,0.354081,0.116986,0.99,10000,10,19,7.54868e-17,0.00731477,0.999999991311686,0.9144735713361068
512517.0,490,0.0311186,0.684635,0.99,10000,10,11,0.00494294,6.71684e-06,0.9296939547407195,0.9974083132905384
457195.0,500,0.0311412,0.656001,0.99,10000,10,18,0.0042896,6.78541e-06,0.9345049620200125,0.9973951180449011
423947.0,494,0.0311412,0.611931,0.99,10000,10,18,0.00349936,7.72693e-06,0.9408446114035247,0.9972202644010626
208023.0,413,0.25296,0.127871,0.99,10000,10,15,6.90155e-17,0.00817222,0.9999999916924432,0.9095996681422021
523775.0,411,0.0311186,0.684932,0.99,10000,10,14,0.00409729,7.63449e-06,0.9359899226683798,0.997236941911577
200000.0,424,0.335472,0.123864,0.99,10000,10,10,5.2495e-17,0.0084941,0.9999999927546567,0.9078365582239899
208023.0,389,0.25296,0.127871,0.99,10000,10,17,5.15797e-17,0.00924861,0.9999999928180991,0.9038303062290411
200000.0,476,0.32395,0.123864,0.99,10000,10,11,1.11009e-16,0.00652236,0.9999999894639191,0.9192388707359784
200000.0,500,0.3288,0.146515,0.99,10000,10,13,7.60059e-16,0.00367535,0.9999999724308324,0.9393753350524723
673874.0,386,0.0311186,0.374902,0.989474,10000,10,10,0.00158146,1.65779e-05,0.9602324252688198,0.9959284032616184
200000.0,467,0.354081,0.146922,0.99,10000,10,17,4.83762e-16,0.00427755,0.9999999780054097,0.934597018416589
631024.0,343,0.0311186,0.458268,0.99,10000,10,14,0.00174724,1.57217e-05,0.9582,0.9960349401013352
240361.0,485,0.337356,0.130612,0.99,10000,10,15,4.68432e-16,0.00469025,0.9999999783567101,0.9315146000960789
643568.0,367,0.0338871,0.38896,0.99,10000,10,11,0.00134303,1.98446e-05,0.9633526262878225,0.9955452721744197
537295.0,474,0.0311412,0.455582,0.99,10000,10,12,0.0026919,9.97425e-06,0.9481164766038389,0.9968417963966837
434000.0,335,0.0906369,0.457694,0.99,10000,10,11,0.000630974,5.07354e-05,0.9748808041529988,0.9928771213684354
200000.0,476,0.335472,0.123864,0.99,10000,10,12,1.23523e-16,0.00636467,0.9999999888859098,0.9202211180825401
571636.0,354,0.0311186,0.499817,0.988379,10000,10,16,0.00193814,1.55001e-05,0.955975688534629,0.9960629833630019
200000.0,425,0.279198,0.143831,0.99,10000,10,12,2.18082e-16,0.00603186,0.9999999852324003,0.922334949945294
280588.0,472,0.311701,0.165885,0.99,10000,10,12,1.08216e-14,0.00223624,0.9999998959730804,0.9527111006683386
200000.0,476,0.335472,0.159669,0.99,10000,10,12,1.27931e-15,0.00336998,0.9999999642325567,0.9419484711656962
240361.0,500,0.337356,0.168841,0.99,10000,10,14,1.3847e-14,0.00197019,0.9999998823267235,0.9556131776311932
231664.0,500,0.31241,0.156137,0.99,10000,10,13,2.83965e-15,0.00277732,0.9999999467116335,0.9472997153707876
245017.0,467,0.354081,0.123864,0.99,10000,10,17,2.78981e-16,0.00575794,0.9999999832972757,0.9241189088112196
201207.0,481,0.337433,0.140941,0.99,10000,10,16,4.72346e-16,0.0044077,0.9999999782664775,0.9336094886297748
413901.0,456,0.0311186,0.653636,0.99,10000,10,11,0.00332002,8.33798e-06,0.942380385284176,0.9971124439399381
242700.0,486,0.31241,0.196483,0.99,10000,10,13,1.79264e-13,0.00131442,0.9999995766042041,0.9637450693008524
434000.0,321,0.0906369,0.453111,0.99,10000,10,14,0.000429715,5.48859e-05,0.9792704317459335,0.9925914981271515
200000.0,453,0.279198,0.143831,0.99,10000,10,13,4.19324e-16,0.00501318,0.9999999795225978,0.9291961865433789
523775.0,492,0.0311186,0.684932,0.99,10000,10,12,0.00507291,6.71174e-06,0.9287756361909775,0.9974092973925979
512517.0,471,0.0311186,0.46134,0.99,10000,10,11,0.00251241,1.07958e-05,0.9498760536270338,0.9967143037267574
418825.0,474,0.0311412,0.611931,0.99,10000,10,15,0.0032319,8.56416e-06,0.9431501978895265,0.9970735413893239
253593.0,481,0.302059,0.123864,0.99,10000,10,13,3.25942e-16,0.00546256,0.9999999819461362,0.9260908665995873
543049.0,333,0.0311186,0.561269,0.99,10000,10,12,0.00201414,1.53023e-05,0.9551208288846597,0.996088184564681
571636.0,369,0.0311186,0.499817,0.988379,10000,10,16,0.00213721,1.33589e-05,0.9537700313649252,0.9963450170999032
434000.0,335,0.0906369,0.413572,0.99,10000,10,11,0.000265483,6.02178e-05,0.9837063509305005,0.9922399871134128
540603.0,353,0.0344468,0.552972,0.99,10000,10,16,0.00221294,1.28989e-05,0.9529581037797157,0.9964084961367138
631024.0,343,0.0321126,0.511319,0.99,10000,10,14,0.00233487,1.21098e-05,0.9516795074528415,0.9965200862079644
540603.0,375,0.0311186,0.58136,0.99,10000,10,16,0.0027931,9.92702e-06,0.9471502128670323,0.9968492826213702
439910.0,478,0.0993128,0.271054,0.988957,10000,10,12,0.00014472,7.0744e-05,0.987970037406542,0.9915890547499107
477178.0,490,0.0311412,0.637365,0.99,10000,10,15,0.0042175,7.1224e-06,0.9350577179335373,0.9973312175060526
523775.0,332,0.0311186,0.684932,0.99,10000,10,19,0.00288849,9.77407e-06,0.9462553258452524,0.9968736490919924
200000.0,476,0.335472,0.168369,0.99,10000,10,10,2.2306e-15,0.00311471,0.9999999527707718,0.9441904130099497
418825.0,494,0.0311412,0.611931,0.99,10000,10,17,0.0034491,7.85541e-06,0.941270961186139,0.9971972495651592
291749.0,500,0.360376,0.146515,0.99,10000,10,13,7.03339e-15,0.00244131,0.9999999161346913,0.9505903855509882
563088.0,442,0.285284,0.145271,0.99,10000,10,13,1.60316e-12,0.00109499,0.9999987338404523,0.9669093668842677
465706.0,386,0.049815,0.409871,0.99,10000,10,14,0.00079696,4.02352e-05,0.9717695200182498,0.9936568777404183
540603.0,357,0.0446161,0.38896,0.99,10000,10,11,0.000703244,4.23694e-05,0.9734812519149187,0.9934908218644748
503181.0,372,0.0464868,0.459109,0.99,10119,10,13,0.00130206,2.23037e-05,0.9639159314932476,0.9952773206757181
473268.0,412,0.193773,0.204992,0.99,10000,10,13,1.74772e-10,0.000547662,0.9999867798638433,0.9765978206143103
200000.0,453,0.279198,0.143831,0.99,10000,10,10,3.89145e-16,0.0051827,0.9999999802732416,0.9280090283438264
408201.0,437,0.134631,0.2588,0.99,10000,10,15,1.92147e-06,0.000148933,0.9986138290148758,0.9877961891197872
280588.0,500,0.311701,0.165885,0.99,10000,10,12,2.66175e-14,0.0017949,0.9999998368512948,0.9576337398393486
461381.0,450,0.0311412,0.585381,0.99,10000,10,17,0.00311371,8.76605e-06,0.944199372763382,0.9970392484062319
439910.0,414,0.0836216,0.344838,0.9882,10000,10,11,0.000336318,5.53941e-05,0.9816610251104376,0.9925572787234775
253593.0,481,0.302059,0.123864,0.99,10000,10,16,3.3678e-16,0.00538861,0.9999999816484333,0.9265928477599084
242821.0,476,0.32395,0.123864,0.99,10000,10,10,2.73281e-16,0.00587894,0.999999983468787,0.9233257539978383
445566.0,361,0.049815,0.459109,0.99,10000,10,23,0.000877494,3.98895e-05,0.9703774747869126,0.9936841865132036
515635.0,417,0.0311186,0.50787,0.99,10000,10,11,0.00241029,1.1604e-05,0.9509052956012566,0.9965935355572089
434000.0,321,0.103357,0.316419,0.99,10000,10,14,2.16992e-07,0.000299737,0.9995341759989008,0.9826870857450284
543049.0,355,0.0433289,0.432722,0.99,10000,10,11,0.0010729,2.58269e-05,0.9672448477335245,0.9949179826840122
254707.0,476,0.318314,0.151301,0.99,10000,10,12,1.98438e-15,0.00322319,0.9999999554536196,0.9432268549400334
240361.0,500,0.337356,0.240729,0.99,10000,10,11,5.35591e-08,0.00041083,0.9997685716093475,0.9797310582417335
224512.0,440,0.299869,0.2588,0.99,10000,10,15,2.22054e-11,0.000721252,0.999995287739396,0.973143864760543
515017.0,355,0.049815,0.459109,0.99,10000,10,13,0.00117466,2.39324e-05,0.9657266867665234,0.9951079247757214
231664.0,500,0.436192,0.156137,0.99,10000,10,14,5.71019e-15,0.00256464,0.9999999244342008,0.949357725169578
523775.0,411,0.0311186,0.684932,0.99,10000,10,14,0.00409729,7.63449e-06,0.9359899226683798,0.997236941911577
200000.0,389,0.25296,0.127871,0.99,10000,10,18,3.49563e-17,0.00944537,0.9999999940876146,0.9028127065918594
488475.0,500,0.0311186,0.501291,0.99,10000,10,11,0.00307469,8.78789e-06,0.9445501127142715,0.9970355624479507
403308.0,404,0.103357,0.316419,0.99,10000,10,14,5.21429e-05,9.42883e-05,0.9927789959146944,0.9902897837305238
225131.0,440,0.241266,0.2588,0.99,10000,10,15,1.57978e-11,0.000786806,0.9999960253553618,0.9719499376114776
200000.0,476,0.314479,0.237059,0.99,10000,10,13,2.81939e-12,0.000924276,0.9999983208960723,0.9695980921651288
543893.0,342,0.0433289,0.432722,0.99,10000,10,11,0.00093894,3.08694e-05,0.9693578721365503,0.9944439762419515
540603.0,388,0.0311186,0.58136,0.99,10000,10,16,0.00298538,9.40238e-06,0.945361368977618,0.9969336699460104
515017.0,355,0.049815,0.459109,0.99,10000,10,13,0.00117466,2.39324e-05,0.9657266867665234,0.9951079247757214
540603.0,354,0.0311186,0.58136,0.99,10000,10,16,0.00248033,1.12099e-05,0.950197088438526,0.9966518811251689
402680.0,500,0.313749,0.145271,0.99,10000,10,14,1.09116e-13,0.00149184,0.9999996696728894,0.9613756553453654
523775.0,500,0.0311186,0.684932,0.99,10000,10,12,0.00515647,6.63829e-06,0.928191435051242,0.9974235120803698
200000.0,389,0.25296,0.127871,0.99,10000,10,17,3.47794e-17,0.00946817,0.9999999941025938,0.9026954780084707
200000.0,467,0.354081,0.116986,0.99,10000,10,19,7.54868e-17,0.00731477,0.999999991311686,0.9144735713361068
437367.0,500,0.0311412,0.611931,0.99,10000,10,15,0.00369625,7.37427e-06,0.9392032073214385,0.9972844392844202
476202.0,500,0.0311412,0.656001,0.99,10000,10,18,0.00448217,6.77385e-06,0.9330509895517491,0.9973973379013018
208023.0,413,0.25296,0.127871,0.99,10000,10,15,6.90155e-17,0.00817222,0.9999999916924432,0.9095996681422021
477178.0,490,0.0311412,0.637365,0.99,10000,10,15,0.0042175,7.1224e-06,0.9350577179335373,0.9973312175060526
512517.0,490,0.0311186,0.684635,0.99,10000,10,11,0.00494294,6.71684e-06,0.9296939547407195,0.9974083132905384
200000.0,424,0.335472,0.123864,0.99,10000,10,10,5.2495e-17,0.0084941,0.9999999927546567,0.9078365582239899
208023.0,389,0.25296,0.127871,0.99,10000,10,17,5.15797e-17,0.00924861,0.9999999928180991,0.9038303062290411
200000.0,476,0.32395,0.123864,0.99,10000,10,11,1.11009e-16,0.00652236,0.9999999894639191,0.9192388707359784
200000.0,500,0.3288,0.146515,0.99,10000,10,13,7.60059e-16,0.00367535,0.9999999724308324,0.9393753350524723
200000.0,467,0.354081,0.146922,0.99,10000,10,17,4.83762e-16,0.00427755,0.9999999780054097,0.934597018416589
245017.0,494,0.354081,0.123864,0.99,10000,10,14,3.44129e-16,0.00493405,0.9999999814492857,0.9297572067753567
253593.0,481,0.302059,0.123864,0.99,10000,10,16,3.3678e-16,0.00538861,0.9999999816484333,0.9265928477599084
643568.0,367,0.0338871,0.38896,0.99,10000,10,11,0.00134303,1.98446e-05,0.9633526262878225,0.9955452721744197
537295.0,474,0.0311412,0.455582,0.99,10000,10,12,0.0026919,9.97425e-06,0.9481164766038389,0.9968417963966837
200000.0,476,0.335472,0.123864,0.99,10000,10,12,1.23523e-16,0.00636467,0.9999999888859098,0.9202211180825401
571636.0,354,0.0311186,0.499817,0.988379,10000,10,16,0.00193814,1.55001e-05,0.955975688534629,0.9960629833630019
457195.0,500,0.0311412,0.656001,0.99,10000,10,18,0.0042896,6.78541e-06,0.9345049620200125,0.9973951180449011
200000.0,425,0.279198,0.143831,0.99,10000,10,12,2.18082e-16,0.00603186,0.9999999852324003,0.922334949945294
540603.0,388,0.0311186,0.58136,0.99,10000,10,16,0.00298538,9.40238e-06,0.945361368977618,0.9969336699460104
402680.0,500,0.313749,0.145271,0.99,10000,10,14,1.09116e-13,0.00149184,0.9999996696728894,0.9613756553453654
280588.0,500,0.311701,0.165885,0.99,10000,10,12,2.66175e-14,0.0017949,0.9999998368512948,0.9576337398393486
280588.0,472,0.30627,0.165885,0.99,10000,10,12,1.05605e-14,0.00222622,0.9999998972357066,0.9528171641377926
423947.0,494,0.0311412,0.611931,0.99,10000,10,18,0.00349936,7.72693e-06,0.9408446114035247,0.9972202644010626
673874.0,386,0.0311186,0.374902,0.989474,10000,10,10,0.00158146,1.65779e-05,0.9602324252688198,0.9959284032616184
200000.0,476,0.335472,0.168369,0.99,10000,10,10,2.2306e-15,0.00311471,0.9999999527707718,0.9441904130099497
240361.0,500,0.337356,0.168841,0.99,10000,10,14,1.3847e-14,0.00197019,0.9999998823267235,0.9556131776311932
200000.0,476,0.335472,0.159669,0.99,10000,10,12,1.27931e-15,0.00336998,0.9999999642325567,0.9419484711656962
439910.0,478,0.0993128,0.271054,0.988957,10000,10,12,0.00014472,7.0744e-05,0.987970037406542,0.9915890547499107
201207.0,481,0.337433,0.140941,0.99,10000,10,16,4.72346e-16,0.0044077,0.9999999782664775,0.9336094886297748
413901.0,456,0.0311186,0.653636,0.99,10000,10,11,0.00332002,8.33798e-06,0.942380385284176,0.9971124439399381
543049.0,355,0.0433289,0.432722,0.99,10000,10,11,0.0010729,2.58269e-05,0.9672448477335245,0.9949179826840122
523775.0,492,0.0311186,0.684932,0.99,10000,10,12,0.00507291,6.71174e-06,0.9287756361909775,0.9974092973925979
563088.0,442,0.285284,0.145271,0.99,10000,10,13,1.60316e-12,0.00109499,0.9999987338404523,0.9669093668842677
512517.0,471,0.0311186,0.46134,0.99,10000,10,11,0.00251241,1.07958e-05,0.9498760536270338,0.9967143037267574
434000.0,335,0.0906369,0.457694,0.99,10000,10,11,0.000630974,5.07354e-05,0.9748808041529988,0.9928771213684354
631024.0,343,0.0311186,0.458268,0.99,10000,10,14,0.00174724,1.57217e-05,0.9582,0.9960349401013352
418825.0,474,0.0311412,0.611931,0.99,10000,10,15,0.0032319,8.56416e-06,0.9431501978895265,0.9970735413893239
434000.0,321,0.0906369,0.453111,0.99,10000,10,14,0.000429715,5.48859e-05,0.9792704317459335,0.9925914981271515
571636.0,369,0.0311186,0.499817,0.988379,10000,10,16,0.00213721,1.33589e-05,0.9537700313649252,0.9963450170999032
434000.0,335,0.0906369,0.413572,0.99,10000,10,11,0.000265483,6.02178e-05,0.9837063509305005,0.9922399871134128
540603.0,353,0.0344468,0.552972,0.99,10000,10,16,0.00221294,1.28989e-05,0.9529581037797157,0.9964084961367138
253593.0,481,0.302059,0.123864,0.99,10000,10,13,3.25942e-16,0.00546256,0.9999999819461362,0.9260908665995873
512517.0,498,0.0311186,0.46134,0.99,10000,10,11,0.00281088,9.53614e-06,0.9469822671175011,0.9969119358814947
240361.0,485,0.337356,0.130612,0.99,10000,10,15,4.68432e-16,0.00469025,0.9999999783567101,0.9315146000960789
403308.0,404,0.103357,0.316419,0.99,10000,10,14,5.21429e-05,9.42883e-05,0.9927789959146944,0.9902897837305238
291749.0,500,0.360376,0.146515,0.99,10000,10,13,7.03339e-15,0.00244131,0.9999999161346913,0.9505903855509882
231664.0,500,0.31241,0.156137,0.988614,10000,10,13,2.82211e-15,0.00278601,0.9999999468764648,0.9472173323902628
631024.0,343,0.0321126,0.511319,0.99,10000,10,14,0.00233487,1.21098e-05,0.9516795074528415,0.9965200862079644
465706.0,386,0.049815,0.409871,0.99,10000,10,14,0.00079696,4.02352e-05,0.9717695200182498,0.9936568777404183
503181.0,372,0.0464868,0.459109,0.99,10119,10,13,0.00130206,2.23037e-05,0.9639159314932476,0.9952773206757181
200000.0,476,0.314479,0.237059,0.99,10000,10,13,2.81939e-12,0.000924276,0.9999983208960723,0.9695980921651288
439910.0,414,0.0836216,0.344838,0.9882,10000,10,11,0.000336318,5.53941e-05,0.9816610251104376,0.9925572787234775
631024.0,343,0.0311186,0.458268,0.99,10000,10,10,0.0017293,1.59484e-05,0.9584151469883564,0.9960064552087149
540603.0,357,0.0446161,0.38896,0.99,10000,10,11,0.000703244,4.23694e-05,0.9734812519149187,0.9934908218644748
408201.0,437,0.134631,0.2588,0.99,10000,10,15,1.92147e-06,0.000148933,0.9986138290148758,0.9877961891197872
245017.0,467,0.354081,0.123864,0.99,10000,10,18,2.80526e-16,0.00574457,0.9999999832510896,0.9242070583761258
473268.0,412,0.193773,0.204992,0.99,10000,10,13,1.74772e-10,0.000547662,0.9999867798638433,0.9765978206143103
461381.0,450,0.0311412,0.585381,0.99,10000,10,17,0.00311371,8.76605e-06,0.944199372763382,0.9970392484062319
673874.0,386,0.0311186,0.374902,0.989474,10000,10,10,0.00158146,1.65779e-05,0.9602324252688198,0.9959284032616184
242821.0,476,0.32395,0.123864,0.99,10000,10,10,2.73281e-16,0.00587894,0.999999983468787,0.9233257539978383
445566.0,361,0.049815,0.459109,0.99,10000,10,23,0.000877494,3.98895e-05,0.9703774747869126,0.9936841865132036
620564.0,343,0.0311186,0.525004,0.99,10000,10,14,0.00239048,1.15974e-05,0.9511074647824436,0.9965945044413478
543049.0,355,0.0433289,0.420125,0.99,10000,10,11,0.000960518,2.96576e-05,0.9690077751686007,0.9945541208239624
240361.0,485,0.325728,0.130612,0.99,10000,10,15,4.43087e-16,0.00475192,0.9999999789503682,0.931065828502839
224512.0,440,0.299869,0.2588,0.99,10000,10,15,2.22054e-11,0.000721252,0.999995287739396,0.973143864760543
418825.0,494,0.0311412,0.611931,0.99,10000,10,17,0.0034491,7.85541e-06,0.941270961186139,0.9971972495651592
488475.0,500,0.0311186,0.501291,0.99,10000,10,11,0.00307469,8.78789e-06,0.9445501127142715,0.9970355624479507
515017.0,355,0.049815,0.459109,0.99,10000,10,13,0.00117466,2.39324e-05,0.9657266867665234,0.9951079247757214
543049.0,333,0.0311186,0.561269,0.99,10000,10,12,0.00201414,1.53023e-05,0.9551208288846597,0.996088184564681
540603.0,354,0.0311186,0.58136,0.99,10000,10,16,0.00248033,1.12099e-05,0.950197088438526,0.9966518811251689
200000.0,389,0.25296,0.127871,0.99,10000,10,18,3.49563e-17,0.00944537,0.9999999940876146,0.9028127065918594
242700.0,486,0.31241,0.196483,0.99,10000,10,13,1.79264e-13,0.00131442,0.9999995766042041,0.9637450693008524
540603.0,375,0.0311186,0.58136,0.99,10000,10,16,0.0027931,9.92702e-06,0.9471502128670323,0.9968492826213702
208023.0,468,0.390373,0.172482,0.99,10000,10,15,4.93378e-15,0.00260782,0.9999999297591287,0.9489331810272071
225131.0,440,0.241266,0.2588,0.99,10000,10,15,1.57978e-11,0.000786806,0.9999960253553618,0.9719499376114776
515017.0,355,0.049815,0.459109,0.99,10000,10,13,0.00117466,2.39324e-05,0.9657266867665234,0.9951079247757214
231664.0,500,0.31241,0.156137,0.99,10000,10,13,2.83965e-15,0.00277732,0.9999999467116335,0.9472997153707876
200000.0,389,0.25296,0.127871,0.99,10000,10,17,3.47794e-17,0.00946817,0.9999999941025938,0.9026954780084707
512517.0,500,0.0255596,0.732442,0.99,10000,10,10,0.00526059,4.91265e-06,0.9274700751413598,0.9977835501359156
200000.0,389,0.25296,0.127871,0.99,10000,10,17,3.47794e-17,0.00946817,0.9999999941025938,0.9026954780084707
477178.0,490,0.0311412,0.692144,0.99,10000,10,15,0.00467119,6.62151e-06,0.931653895502377,0.9974267705115945
437367.0,500,0.0311412,0.611931,0.99,10000,10,15,0.00369625,7.37427e-06,0.9392032073214385,0.9972844392844202
200000.0,467,0.354081,0.116986,0.99,10000,10,19,7.54868e-17,0.00731477,0.999999991311686,0.9144735713361068
477178.0,490,0.0311412,0.637365,0.99,10000,10,15,0.0042175,7.1224e-06,0.9350577179335373,0.9973312175060526
200000.0,389,0.342486,0.127871,0.99,10000,10,18,4.25774e-17,0.00910018,0.999999993474864,0.9046051364066178
200000.0,424,0.335472,0.123864,0.99,10000,10,10,5.2495e-17,0.0084941,0.9999999927546567,0.9078365582239899
208023.0,413,0.25296,0.127871,0.99,10000,10,15,6.90155e-17,0.00817222,0.9999999916924432,0.9095996681422021
200000.0,476,0.32395,0.123864,0.99,10000,10,11,1.11009e-16,0.00652236,0.9999999894639191,0.9192388707359784
200000.0,472,0.354081,0.116986,0.99,10000,10,19,7.93269e-17,0.0071689,0.999999991093435,0.9153306430873601
200000.0,467,0.354081,0.146922,0.99,10000,10,17,4.83762e-16,0.00427755,0.9999999780054097,0.934597018416589
476202.0,500,0.0311412,0.656001,0.99,10000,10,18,0.00448217,6.77385e-06,0.9330509895517491,0.9973973379013018
245017.0,494,0.354081,0.123864,0.99,10000,10,14,3.44129e-16,0.00493405,0.9999999814492857,0.9297572067753567
200000.0,500,0.3288,0.146515,0.99,10000,10,13,7.60059e-16,0.00367535,0.9999999724308324,0.9393753350524723
434000.0,321,0.0906369,0.453111,0.99,10000,10,14,0.000429715,5.48859e-05,0.9792704317459335,0.9925914981271515
200000.0,476,0.335472,0.159669,0.99,10000,10,12,1.27931e-15,0.00336998,0.9999999642325567,0.9419484711656962
537295.0,474,0.0311412,0.455582,0.99,10000,10,12,0.0026919,9.97425e-06,0.9481164766038389,0.9968417963966837
434000.0,335,0.0906369,0.457694,0.99,10000,10,11,0.000630974,5.07354e-05,0.9748808041529988,0.9928771213684354
571636.0,369,0.0311186,0.499817,0.988379,10000,10,16,0.00213721,1.33589e-05,0.9537700313649252,0.9963450170999032
402680.0,500,0.313749,0.145271,0.99,10000,10,14,1.09116e-13,0.00149184,0.9999996696728894,0.9613756553453654
540603.0,388,0.0311186,0.58136,0.99,10000,10,16,0.00298538,9.40238e-06,0.945361368977618,0.9969336699460104
253593.0,481,0.302059,0.123864,0.99,10000,10,16,3.3678e-16,0.00538861,0.9999999816484333,0.9265928477599084
423947.0,494,0.0311412,0.611931,0.99,10000,10,18,0.00349936,7.72693e-06,0.9408446114035247,0.9972202644010626
643568.0,367,0.0338871,0.38896,0.99,10000,10,11,0.00134303,1.98446e-05,0.9633526262878225,0.9955452721744197
673874.0,386,0.0311186,0.374902,0.989474,10000,10,10,0.00158146,1.65779e-05,0.9602324252688198,0.9959284032616184
457195.0,500,0.0311412,0.656001,0.99,10000,10,18,0.0042896,6.78541e-06,0.9345049620200125,0.9973951180449011
245017.0,467,0.354081,0.123864,0.99,10000,10,18,2.80526e-16,0.00574457,0.9999999832510896,0.9242070583761258
201207.0,481,0.337433,0.140941,0.99,10000,10,16,4.72346e-16,0.0044077,0.9999999782664775,0.9336094886297748
413901.0,456,0.0311186,0.653636,0.99,10000,10,11,0.00332002,8.33798e-06,0.942380385284176,0.9971124439399381
512517.0,471,0.0311186,0.46134,0.99,10000,10,11,0.00251241,1.07958e-05,0.9498760536270338,0.9967143037267574
631024.0,343,0.0311186,0.458268,0.99,10000,10,14,0.00174724,1.57217e-05,0.9582,0.9960349401013352
418825.0,474,0.0311412,0.611931,0.99,10000,10,15,0.0032319,8.56416e-06,0.9431501978895265,0.9970735413893239
200000.0,389,0.25296,0.127871,0.99,10000,10,18,3.49563e-17,0.00944537,0.9999999940876146,0.9028127065918594
200000.0,425,0.279198,0.143831,0.99,10000,10,12,2.18082e-16,0.00603186,0.9999999852324003,0.922334949945294
571636.0,354,0.0311186,0.499817,0.99,10000,10,16,0.00194188,1.49018e-05,0.9559332324761618,0.9961397150364254
434000.0,335,0.0906369,0.413572,0.99,10000,10,11,0.000265483,6.02178e-05,0.9837063509305005,0.9922399871134128
200000.0,476,0.335472,0.168369,0.99,10000,10,10,2.2306e-15,0.00311471,0.9999999527707718,0.9441904130099497
563088.0,442,0.285284,0.145271,0.99,10000,10,13,1.60316e-12,0.00109499,0.9999987338404523,0.9669093668842677
540603.0,353,0.0344468,0.552972,0.99,10000,10,16,0.00221294,1.28989e-05,0.9529581037797157,0.9964084961367138
253593.0,481,0.302059,0.123864,0.99,10000,10,13,3.25942e-16,0.00546256,0.9999999819461362,0.9260908665995873
287188.0,404,0.103357,0.316419,0.99,10000,10,14,4.67065e-07,0.000300355,0.9993165784609774,0.982669246986931
512517.0,498,0.0311186,0.46134,0.99,10000,10,11,0.00281088,9.53614e-06,0.9469822671175011,0.9969119358814947
240361.0,485,0.337356,0.130612,0.99,10000,10,15,4.68432e-16,0.00469025,0.9999999783567101,0.9315146000960789
571636.0,354,0.0311186,0.499817,0.988379,10000,10,16,0.00193814,1.55001e-05,0.955975688534629,0.9960629833630019
291749.0,500,0.360376,0.146515,0.99,10000,10,13,7.03339e-15,0.00244131,0.9999999161346913,0.9505903855509882
231664.0,500,0.31241,0.156137,0.988614,10000,10,13,2.82211e-15,0.00278601,0.9999999468764648,0.9472173323902628
208023.0,468,0.390373,0.172482,0.99,10000,10,15,4.93378e-15,0.00260782,0.9999999297591287,0.9489331810272071
200000.0,500,0.354081,0.116986,0.99,10000,10,19,1.31782e-16,0.00624214,0.9999999885203659,0.9209927851395836
418825.0,494,0.0311412,0.611931,0.99,10000,10,17,0.0034491,7.85541e-06,0.941270961186139,0.9971972495651592
208023.0,413,0.25296,0.127871,0.99,10000,10,15,6.90155e-17,0.00817222,0.9999999916924432,0.9095996681422021
631024.0,343,0.0321126,0.511319,0.99,10000,10,14,0.00233487,1.21098e-05,0.9516795074528415,0.9965200862079644
403308.0,404,0.103357,0.316419,0.99,10000,10,14,5.21429e-05,9.42883e-05,0.9927789959146944,0.9902897837305238
465706.0,386,0.049815,0.409871,0.99,10000,10,14,0.00079696,4.02352e-05,0.9717695200182498,0.9936568777404183
540603.0,357,0.0446161,0.38896,0.99,10000,10,11,0.000703244,4.23694e-05,0.9734812519149187,0.9934908218644748
200000.0,476,0.314479,0.237059,0.99,10000,10,13,2.81939e-12,0.000924276,0.9999983208960723,0.9695980921651288
503181.0,372,0.0464868,0.459109,0.99,10119,10,13,0.00130206,2.23037e-05,0.9639159314932476,0.9952773206757181
200000.0,500,0.3288,0.146515,0.99,10000,10,13,7.60059e-16,0.00367535,0.9999999724308324,0.9393753350524723
445566.0,361,0.049815,0.459109,0.99,10000,10,23,0.000877494,3.98895e-05,0.9703774747869126,0.9936841865132036
280588.0,500,0.311701,0.165885,0.99,10000,10,12,2.66175e-14,0.0017949,0.9999998368512948,0.9576337398393486
439910.0,414,0.0836216,0.344838,0.9882,10000,10,11,0.000336318,5.53941e-05,0.9816610251104376,0.9925572787234775
631024.0,343,0.0311186,0.458268,0.99,10000,10,10,0.0017293,1.59484e-05,0.9584151469883564,0.9960064552087149
242821.0,476,0.32395,0.123864,0.99,10000,10,10,2.73281e-16,0.00587894,0.999999983468787,0.9233257539978383
673874.0,386,0.0311186,0.374902,0.989474,10000,10,10,0.00158146,1.65779e-05,0.9602324252688198,0.9959284032616184
620564.0,343,0.0311186,0.525004,0.99,10000,10,14,0.00239048,1.15974e-05,0.9511074647824436,0.9965945044413478
240361.0,500,0.347561,0.168841,0.99,10000,10,13,1.22801e-14,0.00204157,0.9999998891843874,0.9548162639880233
200000.0,467,0.335472,0.168369,0.99,10000,10,10,1.85959e-15,0.00314403,0.9999999568770362,0.9439283494089927
356167.0,478,0.0760098,0.222344,0.99,10000,10,10,1.13436e-07,0.000495652,0.9996631973871836,0.9777367567501948
240361.0,500,0.337356,0.168841,0.99,10000,10,14,1.3847e-14,0.00197019,0.9999998823267235,0.9556131776311932
240361.0,485,0.325728,0.130612,0.99,10000,10,15,4.43087e-16,0.00475192,0.9999999789503682,0.931065828502839
439910.0,478,0.0993128,0.271054,0.988957,10000,10,12,0.00014472,7.0744e-05,0.987970037406542,0.9915890547499107
408201.0,437,0.134631,0.2588,0.99,10000,10,15,1.92147e-06,0.000148933,0.9986138290148758,0.9877961891197872
224512.0,440,0.299869,0.2588,0.99,10000,10,15,2.22054e-11,0.000721252,0.999995287739396,0.973143864760543
515017.0,355,0.049815,0.459109,0.99,10000,10,13,0.00117466,2.39324e-05,0.9657266867665234,0.9951079247757214
488475.0,500,0.0311186,0.501291,0.99,10000,10,11,0.00307469,8.78789e-06,0.9445501127142715,0.9970355624479507
473268.0,412,0.193773,0.204992,0.99,10000,10,13,1.74772e-10,0.000547662,0.9999867798638433,0.9765978206143103
540603.0,354,0.0311186,0.58136,0.99,10000,10,16,0.00248033,1.12099e-05,0.950197088438526,0.9966518811251689
421344.0,500,0.325935,0.145271,0.99,10000,10,14,2.32088e-13,0.00128144,0.9999995182448754,0.9642027934050714
461381.0,450,0.0311412,0.585381,0.99,10000,10,17,0.00311371,8.76605e-06,0.944199372763382,0.9970392484062319
200000.0,389,0.25296,0.127871,0.99,10000,10,17,3.47794e-17,0.00946817,0.9999999941025938,0.9026954780084707
512517.0,500,0.0255596,0.732442,0.99,10000,10,10,0.00526059,4.91265e-06,0.9274700751413598,0.9977835501359156
200000.0,389,0.25296,0.127871,0.99,10000,10,17,3.47794e-17,0.00946817,0.9999999941025938,0.9026954780084707
462379.0,500,0.0255596,0.732442,0.99,10000,10,10,0.00479743,5.04724e-06,0.9307365175579512,0.9977533936704442
200000.0,500,0.354081,0.116986,0.99,10000,10,19,1.31782e-16,0.00624214,0.9999999885203659,0.9209927851395836
437367.0,500,0.0311412,0.611931,0.99,10000,10,15,0.00369625,7.37427e-06,0.9392032073214385,0.9972844392844202
477178.0,490,0.0311412,0.637365,0.99,10000,10,15,0.0042175,7.1224e-06,0.9350577179335373,0.9973312175060526
200000.0,485,0.337356,0.130612,0.99,10000,10,17,2.14453e-16,0.0052559,0.9999999853557862,0.9275024138332868
200000.0,389,0.342486,0.127871,0.99,10000,10,18,4.25774e-17,0.00910018,0.999999993474864,0.9046051364066178
200000.0,476,0.32395,0.123864,0.99,10000,10,11,1.11009e-16,0.00652236,0.9999999894639191,0.9192388707359784
512517.0,420,0.0255596,0.732442,0.99,10000,10,16,0.0043698,5.67612e-06,0.9338955372157068,0.997617539087414
208023.0,413,0.27029,0.127871,0.99,10000,10,15,6.9368e-17,0.00811353,0.9999999916712546,0.9099248646961882
200000.0,467,0.354081,0.116986,0.99,10000,10,19,7.54868e-17,0.00731477,0.999999991311686,0.9144735713361068
200000.0,472,0.354081,0.116986,0.99,10000,10,19,7.93269e-17,0.0071689,0.999999991093435,0.9153306430873601
200000.0,467,0.354081,0.146922,0.99,10000,10,17,4.83762e-16,0.00427755,0.9999999780054097,0.934597018416589
630274.0,323,0.0311186,0.525004,0.99,10000,10,14,0.00213551,1.2828e-05,0.9537884213643377,0.9964183802546892
200000.0,424,0.335472,0.123864,0.99,10000,10,10,5.2495e-17,0.0084941,0.9999999927546567,0.9078365582239899
200000.0,500,0.3288,0.146515,0.99,10000,10,13,7.60059e-16,0.00367535,0.9999999724308324,0.9393753350524723
540603.0,357,0.0446161,0.38896,0.99,10000,10,11,0.000703244,4.23694e-05,0.9734812519149187,0.9934908218644748
291749.0,500,0.360376,0.146515,0.99,10000,10,13,7.03339e-15,0.00244131,0.9999999161346913,0.9505903855509882
515017.0,355,0.049815,0.459109,0.99,10000,10,13,0.00117466,2.39324e-05,0.9657266867665234,0.9951079247757214
643568.0,401,0.0338871,0.325814,0.99,10000,10,12,0.000993686,3.07575e-05,0.9684772145900779,0.9944540555357991
402680.0,500,0.313749,0.145271,0.99,10000,10,14,1.09116e-13,0.00149184,0.9999996696728894,0.9613756553453654
637095.0,367,0.0454743,0.31484,0.99,10000,10,11,0.000474318,4.3747e-05,0.9782211570555275,0.9933858485049101
245017.0,494,0.354081,0.123864,0.99,10000,10,14,3.44129e-16,0.00493405,0.9999999814492857,0.9297572067753567
280588.0,500,0.311701,0.165885,0.99,10000,10,12,2.66175e-14,0.0017949,0.9999998368512948,0.9576337398393486
540603.0,388,0.0311186,0.58136,0.99,10000,10,16,0.00298538,9.40238e-06,0.945361368977618,0.9969336699460104
240361.0,500,0.347561,0.168841,0.99,10000,10,13,1.22801e-14,0.00204157,0.9999998891843874,0.9548162639880233
631024.0,343,0.0321126,0.511319,0.99,10000,10,14,0.00233487,1.21098e-05,0.9516795074528415,0.9965200862079644
512517.0,498,0.0311186,0.46134,0.99,10000,10,11,0.00281088,9.53614e-06,0.9469822671175011,0.9969119358814947
631024.0,343,0.0344128,0.439953,0.99,10000,10,10,0.00152198,1.75647e-05,0.9609874379205877,0.9958089738726655
201207.0,481,0.337433,0.140941,0.99,10000,10,16,4.72346e-16,0.0044077,0.9999999782664775,0.9336094886297748
439910.0,478,0.0993128,0.271054,0.988957,10000,10,12,0.00014472,7.0744e-05,0.987970037406542,0.9915890547499107
643568.0,367,0.0338871,0.38896,0.99,10000,10,11,0.00134303,1.98446e-05,0.9633526262878225,0.9955452721744197
537295.0,474,0.0311412,0.455582,0.99,10000,10,12,0.0026919,9.97425e-06,0.9481164766038389,0.9968417963966837
413901.0,456,0.0311186,0.653636,0.99,10000,10,11,0.00332002,8.33798e-06,0.942380385284176,0.9971124439399381
231664.0,500,0.31241,0.156137,0.988614,10000,10,13,2.82211e-15,0.00278601,0.9999999468764648,0.9472173323902628
631024.0,343,0.0311186,0.458268,0.99,10000,10,14,0.00174724,1.57217e-05,0.9582,0.9960349401013352
200000.0,476,0.314479,0.237059,0.99,10000,10,13,2.81939e-12,0.000924276,0.9999983208960723,0.9695980921651288
200000.0,389,0.25296,0.127871,0.99,10000,10,18,3.49563e-17,0.00944537,0.9999999940876146,0.9028127065918594
445566.0,361,0.049815,0.459109,0.99,10000,10,23,0.000877494,3.98895e-05,0.9703774747869126,0.9936841865132036
421344.0,500,0.325935,0.145271,0.99,10000,10,14,2.32088e-13,0.00128144,0.9999995182448754,0.9642027934050714
437367.0,479,0.0311412,0.627235,0.99,10000,10,15,0.00359696,7.56888e-06,0.9400253386837408,0.9972488402445514
571636.0,354,0.0311186,0.499817,0.99,10000,10,16,0.00194188,1.49018e-05,0.9559332324761618,0.9961397150364254
571636.0,354,0.0311186,0.499817,0.988379,10000,10,16,0.00193814,1.55001e-05,0.955975688534629,0.9960629833630019
240361.0,485,0.337356,0.130612,0.99,10000,10,15,4.68432e-16,0.00469025,0.9999999783567101,0.9315146000960789
200000.0,476,0.335472,0.168369,0.99,10000,10,10,2.2306e-15,0.00311471,0.9999999527707718,0.9441904130099497
434000.0,335,0.0906369,0.413572,0.99,10000,10,11,0.000265483,6.02178e-05,0.9837063509305005,0.9922399871134128
512517.0,471,0.0311186,0.46134,0.99,10000,10,14,0.00252278,1.07372e-05,0.9497727165775413,0.9967232333009505
418825.0,494,0.0311412,0.611931,0.99,10000,10,17,0.0034491,7.85541e-06,0.941270961186139,0.9971972495651592
208023.0,413,0.25296,0.127871,0.99,10000,10,11,6.33141e-17,0.0084611,0.9999999920429842,0.9080157622198237
200000.0,485,0.325728,0.130612,0.99,10000,10,16,2.54896e-16,0.00524988,0.9999999840345373,0.9275439443524559
465706.0,386,0.049815,0.409871,0.99,10000,10,14,0.00079696,4.02352e-05,0.9717695200182498,0.9936568777404183
224512.0,440,0.299869,0.2588,0.99,10000,10,15,2.22054e-11,0.000721252,0.999995287739396,0.973143864760543
503181.0,372,0.0464868,0.459109,0.99,10119,10,13,0.00130206,2.23037e-05,0.9639159314932476,0.9952773206757181
631024.0,343,0.0311186,0.458268,0.99,10000,10,10,0.0017293,1.59484e-05,0.9584151469883564,0.9960064552087149
208023.0,468,0.390373,0.172482,0.99,10000,10,15,4.93378e-15,0.00260782,0.9999999297591287,0.9489331810272071
208023.0,413,0.25296,0.127871,0.99,10000,10,15,6.90155e-17,0.00817222,0.9999999916924432,0.9095996681422021
461381.0,450,0.0311412,0.585381,0.99,10000,10,17,0.00311371,8.76605e-06,0.944199372763382,0.9970392484062319
457195.0,500,0.0311412,0.656001,0.99,10000,10,18,0.0042896,6.78541e-06,0.9345049620200125,0.9973951180449011
200000.0,500,0.3288,0.146515,0.99,10000,10,14,7.68345e-16,0.00362424,0.9999999722809633,0.9397983388933495
673874.0,386,0.0311186,0.374902,0.989474,10000,10,10,0.00158146,1.65779e-05,0.9602324252688198,0.9959284032616184
423947.0,494,0.0311412,0.611931,0.99,10000,10,18,0.00349936,7.72693e-06,0.9408446114035247,0.9972202644010626
473268.0,412,0.193773,0.204992,0.99,10000,10,13,1.74772e-10,0.000547662,0.9999867798638433,0.9765978206143103
620564.0,343,0.0311186,0.525004,0.99,10000,10,14,0.00239048,1.15974e-05,0.9511074647824436,0.9965945044413478
434000.0,321,0.0906369,0.453111,0.99,10000,10,14,0.000429715,5.48859e-05,0.9792704317459335,0.9925914981271515
200000.0,476,0.335472,0.159669,0.99,10000,10,11,1.24606e-15,0.00340552,0.999999964700425,0.9416431666383447
200000.0,476,0.235737,0.297769,0.99,10000,10,12,1.61947e-08,0.000346622,0.9998727416014559,0.9813822128060288
240361.0,500,0.337356,0.168841,0.99,10000,10,14,1.3847e-14,0.00197019,0.9999998823267235,0.9556131776311932
240361.0,485,0.325728,0.130612,0.99,10000,10,15,4.43087e-16,0.00475192,0.9999999789503682,0.931065828502839
488475.0,500,0.0311186,0.501291,0.99,10000,10,11,0.00307469,8.78789e-06,0.9445501127142715,0.9970355624479507
200000.0,482,0.335472,0.159669,0.988075,10000,10,13,1.4447e-15,0.00331147,0.9999999619907906,0.9424546265977881
540603.0,354,0.0311186,0.58136,0.99,10000,10,16,0.00248033,1.12099e-05,0.950197088438526,0.9966518811251689
512517.0,471,0.0311186,0.481804,0.99,10000,10,11,0.00274472,9.80645e-06,0.9476099246039863,0.9968684748124915
418825.0,474,0.0311412,0.611931,0.99,10000,10,14,0.00323024,8.57104e-06,0.9431647996396599,0.9970723661431115
439910.0,414,0.0836216,0.344838,0.9882,10000,10,11,0.000336318,5.53941e-05,0.9816610251104376,0.9925572787234775
439910.0,478,0.0993128,0.25681,0.988957,10000,10,12,5.67751e-05,8.54334e-05,0.9924650746519955,0.9907569810126777
200000.0,442,0.335472,0.24132,0.99,10000,10,11,8.45547e-13,0.00113193,0.9999990804637038,0.9663558326005829
200000.0,467,0.335472,0.168369,0.99,10000,10,10,1.85959e-15,0.00314403,0.9999999568770362,0.9439283494089927
207109.0,468,0.390373,0.172482,0.99,10000,10,12,4.55015e-15,0.0027382,0.9999999325452004,0.9476721871276852
200000.0,500,0.35354,0.1,0.99,10000,10,19,2.9297e-17,0.00901332,0.9999999945873297,0.9050614935866379
512517.0,500,0.0255596,0.732442,0.99,10000,10,10,0.00526059,4.91265e-06,0.9274700751413598,0.9977835501359156
437367.0,500,0.0311412,0.611931,0.99,10000,10,15,0.00369625,7.37427e-06,0.9392032073214385,0.9972844392844202
477178.0,490,0.0311412,0.637365,0.99,10000,10,15,0.0042175,7.1224e-06,0.9350577179335373,0.9973312175060526
201473.0,500,0.354081,0.116986,0.99,10000,10,19,1.35485e-16,0.00622,0.9999999883601975,0.9211330233874786
200000.0,485,0.337356,0.130612,0.99,10000,10,17,2.14453e-16,0.0052559,0.9999999853557862,0.9275024138332868
200000.0,467,0.354081,0.116986,0.99,10000,10,19,7.54868e-17,0.00731477,0.999999991311686,0.9144735713361068
200000.0,476,0.32395,0.123864,0.99,10000,10,11,1.11009e-16,0.00652236,0.9999999894639191,0.9192388707359784
512517.0,420,0.0255596,0.732442,0.99,10000,10,16,0.0043698,5.67612e-06,0.9338955372157068,0.997617539087414
208023.0,413,0.27029,0.127871,0.99,10000,10,15,6.9368e-17,0.00811353,0.9999999916712546,0.9099248646961882
462379.0,500,0.0255596,0.732442,0.99,10000,10,10,0.00479743,5.04724e-06,0.9307365175579512,0.9977533936704442
200000.0,472,0.354081,0.116986,0.99,10000,10,19,7.93269e-17,0.0071689,0.999999991093435,0.9153306430873601
462379.0,500,0.0255596,0.732442,0.99,10000,10,10,0.00479743,5.04724e-06,0.9307365175579512,0.9977533936704442
630274.0,323,0.0311186,0.525004,0.99,10000,10,14,0.00213551,1.2828e-05,0.9537884213643377,0.9964183802546892
200000.0,500,0.3288,0.146515,0.99,10000,10,13,7.60059e-16,0.00367535,0.9999999724308324,0.9393753350524723
200000.0,467,0.354081,0.146922,0.99,10000,10,17,4.83762e-16,0.00427755,0.9999999780054097,0.934597018416589
291749.0,500,0.360376,0.146515,0.99,10000,10,13,7.03339e-15,0.00244131,0.9999999161346913,0.9505903855509882
540603.0,357,0.0446161,0.38896,0.99,10000,10,11,0.000703244,4.23694e-05,0.9734812519149187,0.9934908218644748
200000.0,424,0.335472,0.123864,0.99,10000,10,10,5.2495e-17,0.0084941,0.9999999927546567,0.9078365582239899
515017.0,355,0.049815,0.459109,0.99,10000,10,13,0.00117466,2.39324e-05,0.9657266867665234,0.9951079247757214
643568.0,401,0.0338871,0.325814,0.99,10000,10,12,0.000993686,3.07575e-05,0.9684772145900779,0.9944540555357991
245017.0,494,0.354081,0.123864,0.99,10000,10,14,3.44129e-16,0.00493405,0.9999999814492857,0.9297572067753567
637095.0,367,0.0454743,0.31484,0.99,10000,10,11,0.000474318,4.3747e-05,0.9782211570555275,0.9933858485049101
240361.0,500,0.347561,0.168841,0.99,10000,10,13,1.22801e-14,0.00204157,0.9999998891843874,0.9548162639880233
540603.0,388,0.0311186,0.58136,0.99,10000,10,16,0.00298538,9.40238e-06,0.945361368977618,0.9969336699460104
631024.0,343,0.0321126,0.511319,0.99,10000,10,14,0.00233487,1.21098e-05,0.9516795074528415,0.9965200862079644
439910.0,478,0.0993128,0.25681,0.988957,10000,10,12,5.67751e-05,8.54334e-05,0.9924650746519955,0.9907569810126777
512517.0,498,0.0311186,0.46134,0.99,10000,10,11,0.00281088,9.53614e-06,0.9469822671175011,0.9969119358814947
201207.0,481,0.337433,0.140941,0.99,10000,10,16,4.72346e-16,0.0044077,0.9999999782664775,0.9336094886297748
280588.0,500,0.311701,0.165885,0.99,10000,10,12,2.66175e-14,0.0017949,0.9999998368512948,0.9576337398393486
439910.0,478,0.0993128,0.271054,0.988957,10000,10,12,0.00014472,7.0744e-05,0.987970037406542,0.9915890547499107
537295.0,474,0.0311412,0.455582,0.99,10000,10,12,0.0026919,9.97425e-06,0.9481164766038389,0.9968417963966837
413901.0,456,0.0311186,0.653636,0.99,10000,10,11,0.00332002,8.33798e-06,0.942380385284176,0.9971124439399381
512517.0,471,0.0311186,0.46134,0.99,10000,10,14,0.00252278,1.07372e-05,0.9497727165775413,0.9967232333009505
220280.0,476,0.235737,0.297769,0.99,10000,10,12,1.2993e-07,0.00026095,0.9996395419580589,0.9838460531138672
631024.0,343,0.0311186,0.458268,0.99,10000,10,14,0.00174724,1.57217e-05,0.9582,0.9960349401013352
200000.0,476,0.335472,0.168369,0.99,10000,10,10,2.2306e-15,0.00311471,0.9999999527707718,0.9441904130099497
673874.0,386,0.0311186,0.374902,0.989474,10000,10,10,0.00158146,1.65779e-05,0.9602324252688198,0.9959284032616184
418825.0,474,0.0311412,0.611931,0.99,10000,10,14,0.00323024,8.57104e-06,0.9431647996396599,0.9970723661431115
208023.0,413,0.25296,0.127871,0.99,10000,10,15,6.90155e-17,0.00817222,0.9999999916924432,0.9095996681422021
445566.0,361,0.049815,0.459109,0.99,10000,10,23,0.000877494,3.98895e-05,0.9703774747869126,0.9936841865132036
240361.0,485,0.337356,0.130612,0.99,10000,10,15,4.68432e-16,0.00469025,0.9999999783567101,0.9315146000960789
434000.0,335,0.0906369,0.413572,0.99,10000,10,11,0.000265483,6.02178e-05,0.9837063509305005,0.9922399871134128
571636.0,354,0.0311186,0.499817,0.99,10000,10,16,0.00194188,1.49018e-05,0.9559332324761618,0.9961397150364254
437367.0,479,0.0311412,0.627235,0.99,10000,10,15,0.00359696,7.56888e-06,0.9400253386837408,0.9972488402445514
200000.0,476,0.314479,0.237059,0.99,10000,10,13,2.81939e-12,0.000924276,0.9999983208960723,0.9695980921651288
571636.0,354,0.0311186,0.499817,0.988379,10000,10,16,0.00193814,1.55001e-05,0.955975688534629,0.9960629833630019
631024.0,343,0.0344128,0.439953,0.99,10000,10,10,0.00152198,1.75647e-05,0.9609874379205877,0.9958089738726655
231664.0,500,0.31241,0.156137,0.988614,10000,10,13,2.82211e-15,0.00278601,0.9999999468764648,0.9472173323902628
208023.0,413,0.25296,0.127871,0.99,10000,10,11,6.33141e-17,0.0084611,0.9999999920429842,0.9080157622198237
200000.0,485,0.325728,0.130612,0.99,10000,10,16,2.54896e-16,0.00524988,0.9999999840345373,0.9275439443524559
200000.0,476,0.335472,0.159669,0.99,10000,10,11,1.24606e-15,0.00340552,0.999999964700425,0.9416431666383447
723456.0,401,0.0338871,0.325814,0.99,10000,10,12,0.00138817,1.75654e-05,0.9627418465299205,0.9958088903617299
418825.0,494,0.0311412,0.611931,0.99,10000,10,17,0.0034491,7.85541e-06,0.941270961186139,0.9971972495651592
465706.0,386,0.049815,0.409871,0.99,10000,10,14,0.00079696,4.02352e-05,0.9717695200182498,0.9936568777404183
208023.0,468,0.390373,0.172482,0.99,10000,10,15,4.93378e-15,0.00260782,0.9999999297591287,0.9489331810272071
224512.0,440,0.299869,0.2588,0.99,10000,10,15,2.22054e-11,0.000721252,0.999995287739396,0.973143864760543
503181.0,372,0.0464868,0.459109,0.99,10119,10,13,0.00130206,2.23037e-05,0.9639159314932476,0.9952773206757181
439910.0,414,0.0836216,0.344838,0.9882,10000,10,11,0.000336318,5.53941e-05,0.9816610251104376,0.9925572787234775
631024.0,343,0.0311186,0.458268,0.99,10000,10,10,0.0017293,1.59484e-05,0.9584151469883564,0.9960064552087149
200000.0,500,0.354081,0.116986,0.99,10000,10,19,1.31782e-16,0.00624214,0.9999999885203659,0.9209927851395836
421344.0,500,0.325935,0.145271,0.99,10000,10,14,2.32088e-13,0.00128144,0.9999995182448754,0.9642027934050714
200000.0,500,0.3288,0.146515,0.99,10000,10,14,7.68345e-16,0.00362424,0.9999999722809633,0.9397983388933495
461381.0,450,0.0311412,0.585381,0.99,10000,10,17,0.00311371,8.76605e-06,0.944199372763382,0.9970392484062319
402680.0,500,0.313749,0.145271,0.99,10000,10,14,1.09116e-13,0.00149184,0.9999996696728894,0.9613756553453654
457195.0,500,0.0311412,0.656001,0.99,10000,10,18,0.0042896,6.78541e-06,0.9345049620200125,0.9973951180449011
200000.0,482,0.335472,0.159669,0.988075,10000,10,13,1.4447e-15,0.00331147,0.9999999619907906,0.9424546265977881
423947.0,494,0.0311412,0.611931,0.99,10000,10,18,0.00349936,7.72693e-06,0.9408446114035247,0.9972202644010626
620564.0,343,0.0311186,0.525004,0.99,10000,10,14,0.00239048,1.15974e-05,0.9511074647824436,0.9965945044413478
200000.0,467,0.354081,0.207002,0.99,10000,10,13,7.07336e-14,0.00158601,0.9999997340421086,0.9601752589462279
434000.0,321,0.0906369,0.453111,0.99,10000,10,14,0.000429715,5.48859e-05,0.9792704317459335,0.9925914981271515
240361.0,500,0.337356,0.168841,0.99,10000,10,14,1.3847e-14,0.00197019,0.9999998823267235,0.9556131776311932
473268.0,412,0.193773,0.204992,0.99,10000,10,13,1.74772e-10,0.000547662,0.9999867798638433,0.9765978206143103
240361.0,485,0.325728,0.130612,0.99,10000,10,15,4.43087e-16,0.00475192,0.9999999789503682,0.931065828502839
540603.0,354,0.0311186,0.58136,0.99,10000,10,16,0.00248033,1.12099e-05,0.950197088438526,0.9966518811251689
488475.0,500,0.0311186,0.501291,0.99,10000,10,11,0.00307469,8.78789e-06,0.9445501127142715,0.9970355624479507
240361.0,485,0.252865,0.212264,0.99,10000,10,15,1.02885e-12,0.00105835,0.9999989856775661,0.9674677083500102
512517.0,471,0.0311186,0.481804,0.99,10000,10,11,0.00274472,9.80645e-06,0.9476099246039863,0.9968684748124915
200000.0,476,0.170544,0.297769,0.99,10000,10,16,1.5993e-08,0.000382322,0.9998735365665499,0.9804469439728721
200000.0,467,0.335472,0.168369,0.99,10000,10,10,1.85959e-15,0.00314403,0.9999999568770362,0.9439283494089927
512517.0,500,0.0255596,0.732442,0.99,10000,10,10,0.00526059,4.91265e-06,0.9274700751413598,0.9977835501359156
200000.0,500,0.35354,0.1,0.99,10000,10,19,2.9297e-17,0.00901332,0.9999999945873297,0.9050614935866379
200000.0,424,0.335472,0.123864,0.99,10000,10,10,5.2495e-17,0.0084941,0.9999999927546567,0.9078365582239899
200000.0,467,0.277745,0.116986,0.99,10000,10,19,6.14155e-17,0.00759007,0.9999999921631958,0.9128789922005031
437367.0,500,0.0311412,0.611931,0.99,10000,10,15,0.00369625,7.37427e-06,0.9392032073214385,0.9972844392844202
477178.0,490,0.0311412,0.637365,0.99,10000,10,15,0.0042175,7.1224e-06,0.9350577179335373,0.9973312175060526
201473.0,500,0.354081,0.116986,0.99,10000,10,19,1.35485e-16,0.00622,0.9999999883601975,0.9211330233874786
200000.0,485,0.337356,0.130612,0.99,10000,10,17,2.14453e-16,0.0052559,0.9999999853557862,0.9275024138332868
462379.0,500,0.0255596,0.732442,0.99,10000,10,12,0.00480538,4.94029e-06,0.9306791517651436,0.9977773236852839
512517.0,420,0.0255596,0.732442,0.99,10000,10,16,0.0043698,5.67612e-06,0.9338955372157068,0.997617539087414
512517.0,470,0.0255596,0.70459,0.99,10000,10,10,0.00474589,5.30469e-06,0.9311095797661242,0.9976968087356887
200000.0,476,0.32395,0.123864,0.99,10000,10,11,1.11009e-16,0.00652236,0.9999999894639191,0.9192388707359784
630274.0,323,0.0311186,0.525004,0.99,10000,10,14,0.00213551,1.2828e-05,0.9537884213643377,0.9964183802546892
200000.0,500,0.3288,0.146515,0.99,10000,10,13,7.60059e-16,0.00367535,0.9999999724308324,0.9393753350524723
200000.0,482,0.309969,0.116986,0.99,10000,10,19,8.13833e-17,0.00695811,0.9999999909787307,0.9165847136311336
200000.0,467,0.354081,0.146922,0.99,10000,10,17,4.83762e-16,0.00427755,0.9999999780054097,0.934597018416589
515017.0,355,0.049815,0.459109,0.99,10000,10,13,0.00117466,2.39324e-05,0.9657266867665234,0.9951079247757214
643568.0,401,0.0338871,0.325814,0.99,10000,10,12,0.000993686,3.07575e-05,0.9684772145900779,0.9944540555357991
291749.0,500,0.360376,0.146515,0.99,10000,10,13,7.03339e-15,0.00244131,0.9999999161346913,0.9505903855509882
245017.0,494,0.354081,0.123864,0.99,10000,10,14,3.44129e-16,0.00493405,0.9999999814492857,0.9297572067753567
540603.0,357,0.0446161,0.38896,0.99,10000,10,11,0.000703244,4.23694e-05,0.9734812519149187,0.9934908218644748
637095.0,367,0.0454743,0.31484,0.99,10000,10,11,0.000474318,4.3747e-05,0.9782211570555275,0.9933858485049101
240361.0,500,0.347561,0.168841,0.99,10000,10,13,1.22801e-14,0.00204157,0.9999998891843874,0.9548162639880233
540603.0,388,0.0311186,0.58136,0.99,10000,10,16,0.00298538,9.40238e-06,0.945361368977618,0.9969336699460104
631024.0,343,0.0321126,0.511319,0.99,10000,10,14,0.00233487,1.21098e-05,0.9516795074528415,0.9965200862079644
200000.0,467,0.354081,0.116986,0.99,10000,10,19,7.54868e-17,0.00731477,0.999999991311686,0.9144735713361068
512517.0,498,0.0311186,0.46134,0.99,10000,10,11,0.00281088,9.53614e-06,0.9469822671175011,0.9969119358814947
201207.0,481,0.337433,0.140941,0.99,10000,10,16,4.72346e-16,0.0044077,0.9999999782664775,0.9336094886297748
439910.0,414,0.0836216,0.344838,0.9882,10000,10,11,0.000336318,5.53941e-05,0.9816610251104376,0.9925572787234775
280588.0,500,0.311701,0.165885,0.99,10000,10,12,2.66175e-14,0.0017949,0.9999998368512948,0.9576337398393486
723456.0,401,0.0338871,0.325814,0.99,10000,10,12,0.00138817,1.75654e-05,0.9627418465299205,0.9958088903617299
537295.0,474,0.0311412,0.455582,0.99,10000,10,12,0.0026919,9.97425e-06,0.9481164766038389,0.9968417963966837
224512.0,440,0.299869,0.2588,0.99,10000,10,15,2.22054e-11,0.000721252,0.999995287739396,0.973143864760543
413901.0,456,0.0311186,0.653636,0.99,10000,10,11,0.00332002,8.33798e-06,0.942380385284176,0.9971124439399381
503181.0,372,0.0464868,0.459109,0.99,10119,10,13,0.00130206,2.23037e-05,0.9639159314932476,0.9952773206757181
512517.0,471,0.0311186,0.46134,0.99,10000,10,14,0.00252278,1.07372e-05,0.9497727165775413,0.9967232333009505
631024.0,343,0.0311186,0.458268,0.99,10000,10,14,0.00174724,1.57217e-05,0.9582,0.9960349401013352
200000.0,472,0.354081,0.116986,0.99,10000,10,19,7.93269e-17,0.0071689,0.999999991093435,0.9153306430873601
673874.0,386,0.0311186,0.374902,0.989474,10000,10,10,0.00158146,1.65779e-05,0.9602324252688198,0.9959284032616184
418825.0,474,0.0311412,0.611931,0.99,10000,10,14,0.00323024,8.57104e-06,0.9431647996396599,0.9970723661431115
445566.0,361,0.049815,0.459109,0.99,10000,10,23,0.000877494,3.98895e-05,0.9703774747869126,0.9936841865132036
240361.0,485,0.337356,0.130612,0.99,10000,10,15,4.68432e-16,0.00469025,0.9999999783567101,0.9315146000960789
220280.0,476,0.235737,0.297769,0.99,10000,10,12,1.2993e-07,0.00026095,0.9996395419580589,0.9838460531138672
571636.0,354,0.0311186,0.499817,0.99,10000,10,16,0.00194188,1.49018e-05,0.9559332324761618,0.9961397150364254
473268.0,412,0.193773,0.204992,0.99,10000,10,13,1.74772e-10,0.000547662,0.9999867798638433,0.9765978206143103
477178.0,490,0.0824798,0.260956,0.99,10000,10,15,0.000204063,5.69452e-05,0.9857149378720287,0.992453795656093
437367.0,479,0.0311412,0.627235,0.99,10000,10,15,0.00359696,7.56888e-06,0.9400253386837408,0.9972488402445514
200000.0,476,0.314479,0.237059,0.99,10000,10,13,2.81939e-12,0.000924276,0.9999983208960723,0.9695980921651288
571636.0,354,0.0311186,0.499817,0.988379,10000,10,16,0.00193814,1.55001e-05,0.955975688534629,0.9960629833630019
631024.0,343,0.0344128,0.439953,0.99,10000,10,10,0.00152198,1.75647e-05,0.9609874379205877,0.9958089738726655
200000.0,478,0.338028,0.168369,0.99,10000,10,10,2.29774e-15,0.00292569,0.9999999520652527,0.9459103521919398
240361.0,485,0.252865,0.212264,0.99,10000,10,15,1.02885e-12,0.00105835,0.9999989856775661,0.9674677083500102
200000.0,485,0.325728,0.130612,0.99,10000,10,16,2.54896e-16,0.00524988,0.9999999840345373,0.9275439443524559
231664.0,500,0.31241,0.156137,0.988614,10000,10,13,2.82211e-15,0.00278601,0.9999999468764648,0.9472173323902628
200000.0,476,0.335472,0.159669,0.99,10000,10,11,1.24606e-15,0.00340552,0.999999964700425,0.9416431666383447
418825.0,494,0.0311412,0.611931,0.99,10000,10,17,0.0034491,7.85541e-06,0.941270961186139,0.9971972495651592
402680.0,500,0.313749,0.145271,0.99,10000,10,14,1.09116e-13,0.00149184,0.9999996696728894,0.9613756553453654
200000.0,467,0.354081,0.207002,0.99,10000,10,13,7.07336e-14,0.00158601,0.9999997340421086,0.9601752589462279
200000.0,500,0.354081,0.116986,0.99,10000,10,19,1.31782e-16,0.00624214,0.9999999885203659,0.9209927851395836
200000.0,476,0.170544,0.297769,0.99,10000,10,16,1.5993e-08,0.000382322,0.9998735365665499,0.9804469439728721
631024.0,343,0.0311186,0.458268,0.99,10000,10,10,0.0017293,1.59484e-05,0.9584151469883564,0.9960064552087149
305878.0,378,0.110208,0.38896,0.99,10000,10,11,4.79053e-05,0.000122674,0.9930786345277828,0.9889241704599611
461381.0,450,0.0311412,0.585381,0.99,10000,10,17,0.00311371,8.76605e-06,0.944199372763382,0.9970392484062319
457195.0,500,0.0311412,0.656001,0.99,10000,10,18,0.0042896,6.78541e-06,0.9345049620200125,0.9973951180449011
200000.0,482,0.335472,0.159669,0.988075,10000,10,13,1.4447e-15,0.00331147,0.9999999619907906,0.9424546265977881
423947.0,494,0.0311412,0.611931,0.99,10000,10,18,0.00349936,7.72693e-06,0.9408446114035247,0.9972202644010626
620564.0,343,0.0311186,0.525004,0.99,10000,10,14,0.00239048,1.15974e-05,0.9511074647824436,0.9965945044413478
434000.0,321,0.0906369,0.453111,0.99,10000,10,14,0.000429715,5.48859e-05,0.9792704317459335,0.9925914981271515
240361.0,500,0.337356,0.168841,0.99,10000,10,14,1.3847e-14,0.00197019,0.9999998823267235,0.9556131776311932
240361.0,485,0.325728,0.130612,0.99,10000,10,15,4.43087e-16,0.00475192,0.9999999789503682,0.931065828502839
421344.0,500,0.325935,0.145271,0.99,10000,10,14,2.32088e-13,0.00128144,0.9999995182448754,0.9642027934050714
208023.0,468,0.390373,0.172482,0.99,10000,10,15,4.93378e-15,0.00260782,0.9999999297591287,0.9489331810272071
540603.0,354,0.0311186,0.58136,0.99,10000,10,16,0.00248033,1.12099e-05,0.950197088438526,0.9966518811251689
512517.0,500,0.246969,0.137569,0.99,10000,10,10,6.2021e-13,0.00124841,0.9999992124658738,0.9646671540914123
488475.0,500,0.0311186,0.501291,0.99,10000,10,11,0.00307469,8.78789e-06,0.9445501127142715,0.9970355624479507
200000.0,500,0.3288,0.146515,0.99,10000,10,14,7.68345e-16,0.00362424,0.9999999722809633,0.9397983388933495
200000.0,476,0.335472,0.168369,0.99,10000,10,10,2.2306e-15,0.00311471,0.9999999527707718,0.9441904130099497
465706.0,386,0.049815,0.409871,0.99,10000,10,14,0.00079696,4.02352e-05,0.9717695200182498,0.9936568777404183
512517.0,471,0.0311186,0.481804,0.99,10000,10,11,0.00274472,9.80645e-06,0.9476099246039863,0.9968684748124915
200000.0,467,0.335472,0.168369,0.99,10000,10,10,1.85959e-15,0.00314403,0.9999999568770362,0.9439283494089927
200000.0,482,0.309969,0.1,0.99,10000,10,19,1.67189e-17,0.00996929,0.9999999959111249,0.9001536680693777
512517.0,500,0.01,0.732442,0.99,10000,10,10,0.00528142,4.62133e-06,0.9273266211051117,0.9978502721102428
200000.0,467,0.277745,0.116986,0.99,10000,10,19,6.14155e-17,0.00759007,0.9999999921631958,0.9128789922005031
200000.0,424,0.335472,0.123864,0.99,10000,10,10,5.2495e-17,0.0084941,0.9999999927546567,0.9078365582239899
462379.0,416,0.0255596,0.8,0.989991,10000,10,12,0.00431122,5.4983e-06,0.9343401187938937,0.9976551545893172
200000.0,500,0.35354,0.1,0.99,10000,10,19,2.9297e-17,0.00901332,0.9999999945873297,0.9050614935866379
535150.0,382,0.0255596,0.732442,0.99,10000,10,15,0.00406497,6.16931e-06,0.9362428827502371,0.9975161904259787
200000.0,485,0.337356,0.130612,0.99,10000,10,17,2.14453e-16,0.0052559,0.9999999853557862,0.9275024138332868
201473.0,500,0.354081,0.116986,0.99,10000,10,19,1.35485e-16,0.00622,0.9999999883601975,0.9211330233874786
462379.0,500,0.0255596,0.732442,0.99,10000,10,12,0.00480538,4.94029e-06,0.9306791517651436,0.9977773236852839
200000.0,500,0.3288,0.100574,0.99,10000,10,13,2.30499e-17,0.00964242,0.9999999951989689,0.9018041752415104
512517.0,470,0.0255596,0.70459,0.99,10000,10,10,0.00474589,5.30469e-06,0.9311095797661242,0.9976968087356887
512517.0,500,0.0255596,0.732442,0.99,10000,10,10,0.00526059,4.91265e-06,0.9274700751413598,0.9977835501359156
630274.0,323,0.0311186,0.525004,0.99,10000,10,14,0.00213551,1.2828e-05,0.9537884213643377,0.9964183802546892
200000.0,467,0.354081,0.146922,0.99,10000,10,17,4.83762e-16,0.00427755,0.9999999780054097,0.934597018416589
423763.0,490,0.0311412,0.644847,0.99,10000,10,12,0.00372923,7.27808e-06,0.9389325782433874,0.997302208310488
200000.0,476,0.32395,0.123864,0.99,10000,10,11,1.11009e-16,0.00652236,0.9999999894639191,0.9192388707359784
200000.0,500,0.3288,0.146515,0.99,10000,10,13,7.60059e-16,0.00367535,0.9999999724308324,0.9393753350524723
200000.0,500,0.35354,0.111553,0.99,10000,10,19,7.50611e-17,0.00702141,0.9999999913362191,0.9162061458100894
540603.0,357,0.0446161,0.38896,0.99,10000,10,11,0.000703244,4.23694e-05,0.9734812519149187,0.9934908218644748
477178.0,490,0.0824798,0.260956,0.99,10000,10,15,0.000204063,5.69452e-05,0.9857149378720287,0.992453795656093
305878.0,378,0.110208,0.38896,0.99,10000,10,11,4.79053e-05,0.000122674,0.9930786345277828,0.9889241704599611
643568.0,401,0.0338871,0.325814,0.99,10000,10,12,0.000993686,3.07575e-05,0.9684772145900779,0.9944540555357991
637095.0,367,0.0454743,0.31484,0.99,10000,10,11,0.000474318,4.3747e-05,0.9782211570555275,0.9933858485049101
200000.0,482,0.309969,0.116986,0.99,10000,10,19,8.13833e-17,0.00695811,0.9999999909787307,0.9165847136311336
540603.0,388,0.0311186,0.58136,0.99,10000,10,16,0.00298538,9.40238e-06,0.945361368977618,0.9969336699460104
515017.0,355,0.049815,0.459109,0.99,10000,10,13,0.00117466,2.39324e-05,0.9657266867665234,0.9951079247757214
631024.0,343,0.0321126,0.511319,0.99,10000,10,14,0.00233487,1.21098e-05,0.9516795074528415,0.9965200862079644
512517.0,498,0.0311186,0.46134,0.99,10000,10,11,0.00281088,9.53614e-06,0.9469822671175011,0.9969119358814947
723456.0,401,0.0338871,0.325814,0.99,10000,10,12,0.00138817,1.75654e-05,0.9627418465299205,0.9958088903617299
439910.0,414,0.0836216,0.344838,0.9882,10000,10,11,0.000336318,5.53941e-05,0.9816610251104376,0.9925572787234775
537295.0,474,0.0311412,0.455582,0.99,10000,10,12,0.0026919,9.97425e-06,0.9481164766038389,0.9968417963966837
413901.0,456,0.0311186,0.653636,0.99,10000,10,11,0.00332002,8.33798e-06,0.942380385284176,0.9971124439399381
201207.0,481,0.337433,0.140941,0.99,10000,10,16,4.72346e-16,0.0044077,0.9999999782664775,0.9336094886297748
512517.0,471,0.0311186,0.46134,0.99,10000,10,14,0.00252278,1.07372e-05,0.9497727165775413,0.9967232333009505
200000.0,478,0.338028,0.183183,0.99,10000,10,10,8.96231e-15,0.00228396,0.9999999053305223,0.9522092059074135
631024.0,343,0.0311186,0.458268,0.99,10000,10,14,0.00174724,1.57217e-05,0.9582,0.9960349401013352
673874.0,386,0.0311186,0.374902,0.989474,10000,10,10,0.00158146,1.65779e-05,0.9602324252688198,0.9959284032616184
418825.0,474,0.0311412,0.611931,0.99,10000,10,14,0.00323024,8.57104e-06,0.9431647996396599,0.9970723661431115
571636.0,354,0.0311186,0.499817,0.99,10000,10,16,0.00194188,1.49018e-05,0.9559332324761618,0.9961397150364254
437367.0,479,0.0311412,0.627235,0.99,10000,10,15,0.00359696,7.56888e-06,0.9400253386837408,0.9972488402445514
571636.0,354,0.0311186,0.499817,0.988379,10000,10,16,0.00193814,1.55001e-05,0.955975688534629,0.9960629833630019
631024.0,343,0.0344128,0.439953,0.99,10000,10,10,0.00152198,1.75647e-05,0.9609874379205877,0.9958089738726655
220280.0,476,0.235737,0.297769,0.99,10000,10,12,1.2993e-07,0.00026095,0.9996395419580589,0.9838460531138672
208023.0,468,0.390373,0.172482,0.99,10000,10,15,4.93378e-15,0.00260782,0.9999999297591287,0.9489331810272071
240361.0,485,0.337356,0.130612,0.99,10000,10,15,4.68432e-16,0.00469025,0.9999999783567101,0.9315146000960789
418825.0,494,0.0311412,0.611931,0.99,10000,10,17,0.0034491,7.85541e-06,0.941270961186139,0.9971972495651592
473268.0,412,0.193773,0.204992,0.99,10000,10,13,1.74772e-10,0.000547662,0.9999867798638433,0.9765978206143103
245017.0,494,0.354081,0.123864,0.99,10000,10,14,3.44129e-16,0.00493405,0.9999999814492857,0.9297572067753567
465706.0,386,0.049815,0.409871,0.99,10000,10,14,0.00079696,4.02352e-05,0.9717695200182498,0.9936568777404183
291749.0,500,0.360376,0.146515,0.99,10000,10,13,7.03339e-15,0.00244131,0.9999999161346913,0.9505903855509882
280588.0,500,0.311701,0.165885,0.99,10000,10,12,2.66175e-14,0.0017949,0.9999998368512948,0.9576337398393486
200000.0,487,0.337356,0.130612,0.99,10000,10,17,2.18958e-16,0.00520565,0.9999999852027706,0.9278498094250611
231664.0,500,0.31241,0.156137,0.988614,10000,10,13,2.82211e-15,0.00278601,0.9999999468764648,0.9472173323902628
200000.0,478,0.338028,0.168369,0.99,10000,10,10,2.29774e-15,0.00292569,0.9999999520652527,0.9459103521919398
240361.0,500,0.347561,0.168841,0.99,10000,10,13,1.22801e-14,0.00204157,0.9999998891843874,0.9548162639880233
631024.0,343,0.0311186,0.458268,0.99,10000,10,10,0.0017293,1.59484e-05,0.9584151469883564,0.9960064552087149
200000.0,476,0.335472,0.159669,0.99,10000,10,11,1.24606e-15,0.00340552,0.999999964700425,0.9416431666383447
224512.0,440,0.299869,0.2588,0.99,10000,10,15,2.22054e-11,0.000721252,0.999995287739396,0.973143864760543
461381.0,450,0.0311412,0.585381,0.99,10000,10,17,0.00311371,8.76605e-06,0.944199372763382,0.9970392484062319
200000.0,476,0.170544,0.297769,0.99,10000,10,16,1.5993e-08,0.000382322,0.9998735365665499,0.9804469439728721
200000.0,500,0.354081,0.116797,0.99,10000,10,17,1.287e-16,0.00629019,0.9999999886553977,0.9206892819349112
423947.0,494,0.0311412,0.611931,0.99,10000,10,18,0.00349936,7.72693e-06,0.9408446114035247,0.9972202644010626
200000.0,467,0.354081,0.207002,0.99,10000,10,13,7.07336e-14,0.00158601,0.9999997340421086,0.9601752589462279
620564.0,343,0.0311186,0.525004,0.99,10000,10,14,0.00239048,1.15974e-05,0.9511074647824436,0.9965945044413478
723456.0,427,0.0338871,0.301065,0.99,10000,10,10,0.00129229,1.83563e-05,0.9640515647072088,0.9957155747176547
434000.0,321,0.0906369,0.453111,0.99,10000,10,14,0.000429715,5.48859e-05,0.9792704317459335,0.9925914981271515
200000.0,500,0.3288,0.146515,0.99,10000,10,14,7.68345e-16,0.00362424,0.9999999722809633,0.9397983388933495
200000.0,482,0.335472,0.159669,0.988075,10000,10,13,1.4447e-15,0.00331147,0.9999999619907906,0.9424546265977881
540603.0,354,0.0311186,0.58136,0.99,10000,10,16,0.00248033,1.12099e-05,0.950197088438526,0.9966518811251689
437367.0,500,0.0311412,0.611931,0.99,10000,10,15,0.00369625,7.37427e-06,0.9392032073214385,0.9972844392844202
421344.0,500,0.325935,0.145271,0.99,10000,10,14,2.32088e-13,0.00128144,0.9999995182448754,0.9642027934050714
488475.0,500,0.0311186,0.501291,0.99,10000,10,11,0.00307469,8.78789e-06,0.9445501127142715,0.9970355624479507
402680.0,500,0.313749,0.145271,0.99,10000,10,14,1.09116e-13,0.00149184,0.9999996696728894,0.9613756553453654
631024.0,322,0.0344128,0.439953,0.99,10000,10,10,0.00124537,2.31185e-05,0.9647101997738723,0.9951918298698985
512517.0,471,0.0311186,0.481804,0.99,10000,10,11,0.00274472,9.80645e-06,0.9476099246039863,0.9968684748124915
445566.0,361,0.049815,0.459109,0.99,10000,10,23,0.000877494,3.98895e-05,0.9703774747869126,0.9936841865132036
200000.0,476,0.355259,0.164411,0.99,10000,10,11,1.90121e-15,0.00310142,0.9999999563971331,0.9443096058552285
512517.0,500,0.246969,0.137569,0.99,10000,10,10,6.2021e-13,0.00124841,0.9999992124658738,0.9646671540914123
200000.0,467,0.335472,0.168369,0.99,10000,10,10,1.85959e-15,0.00314403,0.9999999568770362,0.9439283494089927
200000.0,482,0.309969,0.1,0.99,10000,10,19,1.67189e-17,0.00996929,0.9999999959111249,0.9001536680693777
512517.0,500,0.01,0.732442,0.99,10000,10,12,0.00528514,4.60358e-06,0.9273010316441835,0.9978544045115633
200000.0,482,0.309969,0.1,0.99,10000,10,19,1.67189e-17,0.00996929,0.9999999959111249,0.9001536680693777
200000.0,467,0.277745,0.116986,0.99,10000,10,19,6.14155e-17,0.00759007,0.9999999921631958,0.9128789922005031
200000.0,424,0.335472,0.123864,0.99,10000,10,10,5.2495e-17,0.0084941,0.9999999927546567,0.9078365582239899
462379.0,416,0.0255596,0.8,0.989991,10000,10,12,0.00431122,5.4983e-06,0.9343401187938937,0.9976551545893172
200000.0,500,0.35354,0.1,0.99,10000,10,19,2.9297e-17,0.00901332,0.9999999945873297,0.9050614935866379
200000.0,485,0.337356,0.130612,0.99,10000,10,17,2.14453e-16,0.0052559,0.9999999853557862,0.9275024138332868
201473.0,500,0.354081,0.116986,0.99,10000,10,19,1.35485e-16,0.00622,0.9999999883601975,0.9211330233874786
462379.0,500,0.0255596,0.732442,0.99,10000,10,12,0.00480538,4.94029e-06,0.9306791517651436,0.9977773236852839
200000.0,500,0.3288,0.100574,0.99,10000,10,13,2.30499e-17,0.00964242,0.9999999951989689,0.9018041752415104
512517.0,470,0.0255596,0.70459,0.99,10000,10,10,0.00474589,5.30469e-06,0.9311095797661242,0.9976968087356887
512517.0,500,0.0255596,0.732442,0.99,10000,10,10,0.00526059,4.91265e-06,0.9274700751413598,0.9977835501359156
637095.0,382,0.0454743,0.31484,0.99,10000,10,15,0.000603124,3.42926e-05,0.9754414169789868,0.9941440116120334
245017.0,494,0.354081,0.123864,0.99,10000,10,14,3.44129e-16,0.00493405,0.9999999814492857,0.9297572067753567
459380.0,355,0.0668574,0.459109,0.99,10000,10,13,0.000891495,3.32877e-05,0.9701420864761116,0.9942304506241821
630274.0,323,0.0311186,0.525004,0.99,10000,10,14,0.00213551,1.2828e-05,0.9537884213643377,0.9964183802546892
200000.0,500,0.35354,0.111553,0.99,10000,10,19,7.50611e-17,0.00702141,0.9999999913362191,0.9162061458100894
535150.0,382,0.0255596,0.732442,0.99,10000,10,15,0.00406497,6.16931e-06,0.9362428827502371,0.9975161904259787
200000.0,500,0.3288,0.146515,0.99,10000,11,14,7.08566e-16,0.00411697,0.9999999733810969,0.9358363810247583
535150.0,382,0.0255596,0.69809,0.99,10000,10,15,0.0038014,6.52564e-06,0.9383445055165397,0.9974454667745359
470832.0,382,0.0255596,0.7384,0.989989,10000,10,16,0.00353773,7.15573e-06,0.9405211802403578,0.9973249803739038
643568.0,401,0.0338871,0.325814,0.99,10000,10,12,0.000993686,3.07575e-05,0.9684772145900779,0.9944540555357991
200000.0,476,0.32395,0.123864,0.99,10000,10,11,1.11009e-16,0.00652236,0.9999999894639191,0.9192388707359784
350960.0,488,0.360376,0.169441,0.99,10000,10,13,7.90137e-13,0.00102797,0.999999111103493,0.9679380287567966
201207.0,481,0.33504,0.140941,0.99,10000,10,16,4.6583e-16,0.00441305,0.9999999784169048,0.9335692089464531
540603.0,388,0.0311186,0.58136,0.99,10000,10,16,0.00298538,9.40238e-06,0.945361368977618,0.9969336699460104
200000.0,500,0.3288,0.146515,0.99,10000,10,13,7.60059e-16,0.00367535,0.9999999724308324,0.9393753350524723
240361.0,500,0.347561,0.168841,0.99,10000,10,13,1.22801e-14,0.00204157,0.9999998891843874,0.9548162639880233
477178.0,490,0.0824798,0.260956,0.99,10000,10,15,0.000204063,5.69452e-05,0.9857149378720287,0.992453795656093
515017.0,355,0.049815,0.459109,0.99,10000,10,13,0.00117466,2.39324e-05,0.9657266867665234,0.9951079247757214
224512.0,440,0.299869,0.2588,0.99,10000,10,15,2.22054e-11,0.000721252,0.999995287739396,0.973143864760543
280588.0,500,0.311701,0.165885,0.99,10000,10,12,2.66175e-14,0.0017949,0.9999998368512948,0.9576337398393486
512517.0,498,0.0311186,0.46134,0.99,10000,10,11,0.00281088,9.53614e-06,0.9469822671175011,0.9969119358814947
231664.0,500,0.31241,0.156137,0.988614,10000,10,13,2.82211e-15,0.00278601,0.9999999468764648,0.9472173323902628
200000.0,500,0.3288,0.113975,0.99,10000,10,13,8.48757e-17,0.00681869,0.9999999907871991,0.9174246404791356
723456.0,401,0.0338871,0.325814,0.99,10000,10,12,0.00138817,1.75654e-05,0.9627418465299205,0.9958088903617299
537295.0,474,0.0311412,0.455582,0.99,10000,10,12,0.0026919,9.97425e-06,0.9481164766038389,0.9968417963966837
413901.0,456,0.0311186,0.653636,0.99,10000,10,11,0.00332002,8.33798e-06,0.942380385284176,0.9971124439399381
512517.0,471,0.0311186,0.46134,0.99,10000,10,14,0.00252278,1.07372e-05,0.9497727165775413,0.9967232333009505
439910.0,414,0.0836216,0.344838,0.9882,10000,10,11,0.000336318,5.53941e-05,0.9816610251104376,0.9925572787234775
200000.0,478,0.338028,0.183183,0.99,10000,10,10,8.96231e-15,0.00228396,0.9999999053305223,0.9522092059074135
535150.0,377,0.0255596,0.732442,0.99,10000,10,12,0.00398688,6.27452e-06,0.9368582546962788,0.9974951008004312
631024.0,343,0.0311186,0.458268,0.99,10000,10,14,0.00174724,1.57217e-05,0.9582,0.9960349401013352
673874.0,386,0.0311186,0.374902,0.989474,10000,10,10,0.00158146,1.65779e-05,0.9602324252688198,0.9959284032616184
418825.0,474,0.0311412,0.611931,0.99,10000,10,14,0.00323024,8.57104e-06,0.9431647996396599,0.9970723661431115
492022.0,474,0.0311412,0.455582,0.99,10000,10,11,0.00232864,1.25404e-05,0.951744015915122,0.9964587572802758
637095.0,367,0.0454743,0.31484,0.99,10000,10,11,0.000474318,4.3747e-05,0.9782211570555275,0.9933858485049101
571636.0,354,0.0311186,0.499817,0.99,10000,10,16,0.00194188,1.49018e-05,0.9559332324761618,0.9961397150364254
571636.0,354,0.0311186,0.499817,0.988379,10000,10,16,0.00193814,1.55001e-05,0.955975688534629,0.9960629833630019
631024.0,343,0.0344128,0.439953,0.99,10000,10,10,0.00152198,1.75647e-05,0.9609874379205877,0.9958089738726655
512517.0,398,0.0255596,0.70459,0.99,10000,10,10,0.003855,6.33704e-06,0.9379113536948984,0.9974826521893072
220280.0,476,0.235737,0.297769,0.99,10000,10,12,1.2993e-07,0.00026095,0.9996395419580589,0.9838460531138672
468530.0,403,0.0824798,0.28432,0.99,10000,10,15,3.84338e-05,0.000105024,0.993800500020163,0.9897518782208641
231664.0,498,0.31241,0.163446,0.988614,10000,10,13,4.9175e-15,0.00247573,0.9999999298751114,0.9502432919095325
473268.0,412,0.193773,0.204992,0.99,10000,10,13,1.74772e-10,0.000547662,0.9999867798638433,0.9765978206143103
418825.0,494,0.0311412,0.611931,0.99,10000,10,17,0.0034491,7.85541e-06,0.941270961186139,0.9971972495651592
200000.0,487,0.337356,0.130612,0.99,10000,10,17,2.18958e-16,0.00520565,0.9999999852027706,0.9278498094250611
200000.0,478,0.338028,0.168369,0.99,10000,10,10,2.29774e-15,0.00292569,0.9999999520652527,0.9459103521919398
631024.0,343,0.0311186,0.458268,0.99,10000,10,10,0.0017293,1.59484e-05,0.9584151469883564,0.9960064552087149
402680.0,500,0.313749,0.145271,0.99,10000,10,14,1.09116e-13,0.00149184,0.9999996696728894,0.9613756553453654
200000.0,467,0.354081,0.207002,0.99,10000,10,13,7.07336e-14,0.00158601,0.9999997340421086,0.9601752589462279
461381.0,450,0.0311412,0.585381,0.99,10000,10,17,0.00311371,8.76605e-06,0.944199372763382,0.9970392484062319
200000.0,467,0.354081,0.146922,0.99,10000,10,17,4.83762e-16,0.00427755,0.9999999780054097,0.934597018416589
200000.0,500,0.354081,0.116797,0.99,10000,10,17,1.287e-16,0.00629019,0.9999999886553977,0.9206892819349112
200000.0,476,0.170544,0.297769,0.99,10000,10,16,1.5993e-08,0.000382322,0.9998735365665499,0.9804469439728721
620564.0,343,0.0311186,0.525004,0.99,10000,10,14,0.00239048,1.15974e-05,0.9511074647824436,0.9965945044413478
723456.0,427,0.0338871,0.301065,0.99,10000,10,10,0.00129229,1.83563e-05,0.9640515647072088,0.9957155747176547
439910.0,414,0.0836216,0.353217,0.9882,10000,10,11,0.00041372,5.20977e-05,0.979659891839029,0.9927821263518956
200000.0,482,0.335472,0.159669,0.988075,10000,10,13,1.4447e-15,0.00331147,0.9999999619907906,0.9424546265977881
512517.0,500,0.246969,0.137569,0.99,10000,10,10,6.2021e-13,0.00124841,0.9999992124658738,0.9646671540914123
540603.0,354,0.0311186,0.58136,0.99,10000,10,16,0.00248033,1.12099e-05,0.950197088438526,0.9966518811251689
421344.0,500,0.325935,0.145271,0.99,10000,10,14,2.32088e-13,0.00128144,0.9999995182448754,0.9642027934050714
488475.0,500,0.0311186,0.501291,0.99,10000,10,11,0.00307469,8.78789e-06,0.9445501127142715,0.9970355624479507
305878.0,397,0.110208,0.38896,0.99,10000,10,12,0.000103168,0.000102032,0.9898428350412135,0.9898989109498035
631024.0,322,0.0344128,0.439953,0.99,10000,10,10,0.00124537,2.31185e-05,0.9647101997738723,0.9951918298698985
512517.0,471,0.0311186,0.481804,0.99,10000,10,11,0.00274472,9.80645e-06,0.9476099246039863,0.9968684748124915
200000.0,485,0.337356,0.153672,0.99,10000,10,18,1.08778e-15,0.00346175,0.99999996701849,0.9411633617547706
200000.0,476,0.355259,0.164411,0.99,10000,10,11,1.90121e-15,0.00310142,0.9999999563971331,0.9443096058552285
200000.0,500,0.3288,0.146515,0.99,10000,10,14,7.68345e-16,0.00362424,0.9999999722809633,0.9397983388933495
200000.0,482,0.309969,0.1,0.99,10000,10,19,1.67189e-17,0.00996929,0.9999999959111249,0.9001536680693777
512517.0,500,0.01,0.732442,0.99,10000,10,12,0.00528514,4.60358e-06,0.9273010316441835,0.9978544045115633
200000.0,482,0.309969,0.1,0.99,10000,10,19,1.67189e-17,0.00996929,0.9999999959111249,0.9001536680693777
200000.0,424,0.335472,0.123864,0.99,10000,10,10,5.2495e-17,0.0084941,0.9999999927546567,0.9078365582239899
462379.0,500,0.0255596,0.732442,0.99,10000,10,12,0.00480538,4.94029e-06,0.9306791517651436,0.9977773236852839
201473.0,500,0.354081,0.116986,0.99,10000,10,19,1.35485e-16,0.00622,0.9999999883601975,0.9211330233874786
200000.0,485,0.337356,0.130612,0.99,10000,10,17,2.14453e-16,0.0052559,0.9999999853557862,0.9275024138332868
200000.0,500,0.260097,0.11057,0.99,10000,10,13,5.2955e-17,0.00765237,0.9999999927229813,0.9125221742382676
512517.0,500,0.0255596,0.732442,0.99,10000,10,10,0.00526059,4.91265e-06,0.9274700751413598,0.9977835501359156
637095.0,382,0.0454743,0.31484,0.99,10000,10,15,0.000603124,3.42926e-05,0.9754414169789868,0.9941440116120334
462379.0,475,0.0255596,0.732442,0.99,10000,10,17,0.00454728,5.18213e-06,0.9325664771793731,0.9977235707786096
245017.0,494,0.354081,0.123864,0.99,10000,10,14,3.44129e-16,0.00493405,0.9999999814492857,0.9297572067753567
200000.0,500,0.308561,0.113975,0.99,10000,10,12,7.41323e-17,0.0070156,0.9999999913899884,0.916240821398488
200000.0,489,0.316891,0.1,0.99,10000,10,19,1.90101e-17,0.00964102,0.9999999956399427,0.9018113041129479
459380.0,355,0.0668574,0.459109,0.99,10000,10,13,0.000891495,3.32877e-05,0.9701420864761116,0.9942304506241821
200000.0,500,0.35354,0.1,0.99,10000,10,19,2.9297e-17,0.00901332,0.9999999945873297,0.9050614935866379
470832.0,382,0.0255596,0.7384,0.989989,10000,10,16,0.00353773,7.15573e-06,0.9405211802403578,0.9973249803739038
201207.0,481,0.33504,0.140941,0.99,10000,10,16,4.6583e-16,0.00441305,0.9999999784169048,0.9335692089464531
200000.0,467,0.277745,0.116986,0.99,10000,10,19,6.14155e-17,0.00759007,0.9999999921631958,0.9128789922005031
200000.0,500,0.318154,0.1,0.99,10000,10,19,2.13477e-17,0.00919483,0.9999999953796429,0.9041103238090773
535150.0,382,0.0255596,0.732442,0.99,10000,10,15,0.00406497,6.16931e-06,0.9362428827502371,0.9975161904259787
630274.0,323,0.0311186,0.525004,0.99,10000,10,14,0.00213551,1.2828e-05,0.9537884213643377,0.9964183802546892
462379.0,416,0.0255596,0.8,0.989991,10000,10,12,0.00431122,5.4983e-06,0.9343401187938937,0.9976551545893172
215723.0,487,0.36255,0.140941,0.99,10000,10,16,5.69987e-16,0.00406241,0.9999999761255994,0.936262962102087
535150.0,382,0.0255596,0.69809,0.99,10000,10,15,0.0038014,6.52564e-06,0.9383445055165397,0.9974454667745359
643568.0,401,0.0338871,0.325814,0.99,10000,10,12,0.000993686,3.07575e-05,0.9684772145900779,0.9944540555357991
200000.0,500,0.3288,0.113975,0.99,10000,10,13,8.48757e-17,0.00681869,0.9999999907871991,0.9174246404791356
240361.0,500,0.347561,0.168841,0.99,10000,10,13,1.22801e-14,0.00204157,0.9999998891843874,0.9548162639880233
477178.0,490,0.0824798,0.260956,0.99,10000,10,15,0.000204063,5.69452e-05,0.9857149378720287,0.992453795656093
515017.0,355,0.049815,0.459109,0.99,10000,10,13,0.00117466,2.39324e-05,0.9657266867665234,0.9951079247757214
592498.0,349,0.0311186,0.525004,0.99,10000,10,14,0.00226322,1.20828e-05,0.952426688153966,0.9965239677792057
540603.0,388,0.0311186,0.58136,0.99,10000,10,16,0.00298538,9.40238e-06,0.945361368977618,0.9969336699460104
280588.0,500,0.311701,0.165885,0.99,10000,10,12,2.66175e-14,0.0017949,0.9999998368512948,0.9576337398393486
512517.0,498,0.0311186,0.46134,0.99,10000,10,11,0.00281088,9.53614e-06,0.9469822671175011,0.9969119358814947
200000.0,476,0.32395,0.123864,0.99,10000,10,11,1.11009e-16,0.00652236,0.9999999894639191,0.9192388707359784
462379.0,461,0.0255596,0.732442,0.99,10000,10,12,0.00438404,5.36794e-06,0.933787916510655,0.9976831184751913
200000.0,500,0.3288,0.146515,0.99,10000,10,13,7.60059e-16,0.00367535,0.9999999724308324,0.9393753350524723
200000.0,478,0.338028,0.183183,0.99,10000,10,10,8.96231e-15,0.00228396,0.9999999053305223,0.9522092059074135
723456.0,401,0.0338871,0.325814,0.99,10000,10,12,0.00138817,1.75654e-05,0.9627418465299205,0.9958088903617299
537295.0,474,0.0311412,0.455582,0.99,10000,10,12,0.0026919,9.97425e-06,0.9481164766038389,0.9968417963966837
620564.0,343,0.0311186,0.525004,0.99,10000,10,14,0.00239048,1.15974e-05,0.9511074647824436,0.9965945044413478
512517.0,471,0.0311186,0.46134,0.99,10000,10,14,0.00252278,1.07372e-05,0.9497727165775413,0.9967232333009505
439910.0,414,0.0836216,0.344838,0.9882,10000,10,11,0.000336318,5.53941e-05,0.9816610251104376,0.9925572787234775
421344.0,500,0.325935,0.145271,0.99,10000,10,14,2.32088e-13,0.00128144,0.9999995182448754,0.9642027934050714
535150.0,377,0.0255596,0.732442,0.99,10000,10,12,0.00398688,6.27452e-06,0.9368582546962788,0.9974951008004312
673874.0,386,0.0311186,0.374902,0.989474,10000,10,10,0.00158146,1.65779e-05,0.9602324252688198,0.9959284032616184
418825.0,474,0.0311412,0.611931,0.99,10000,10,14,0.00323024,8.57104e-06,0.9431647996396599,0.9970723661431115
200000.0,476,0.355259,0.164411,0.99,10000,10,11,1.90121e-15,0.00310142,0.9999999563971331,0.9443096058552285
571636.0,354,0.0311186,0.499817,0.99,10000,10,16,0.00194188,1.49018e-05,0.9559332324761618,0.9961397150364254
631024.0,343,0.0311186,0.458268,0.99,10000,10,14,0.00174724,1.57217e-05,0.9582,0.9960349401013352
231664.0,498,0.31241,0.163446,0.988614,10000,10,13,4.9175e-15,0.00247573,0.9999999298751114,0.9502432919095325
571636.0,354,0.0311186,0.499817,0.988379,10000,10,16,0.00193814,1.55001e-05,0.955975688534629,0.9960629833630019
631024.0,343,0.0344128,0.439953,0.99,10000,10,10,0.00152198,1.75647e-05,0.9609874379205877,0.9958089738726655
305878.0,397,0.110208,0.38896,0.99,10000,10,12,0.000103168,0.000102032,0.9898428350412135,0.9898989109498035
200000.0,482,0.335472,0.159669,0.988075,10000,10,13,1.4447e-15,0.00331147,0.9999999619907906,0.9424546265977881
418825.0,494,0.0311412,0.611931,0.99,10000,10,17,0.0034491,7.85541e-06,0.941270961186139,0.9971972495651592
468530.0,403,0.0824798,0.28432,0.99,10000,10,15,3.84338e-05,0.000105024,0.993800500020163,0.9897518782208641
200000.0,467,0.354081,0.146922,0.99,10000,10,17,4.83762e-16,0.00427755,0.9999999780054097,0.934597018416589
512517.0,398,0.0255596,0.70459,0.99,10000,10,10,0.003855,6.33704e-06,0.9379113536948984,0.9974826521893072
220280.0,476,0.235737,0.297769,0.99,10000,10,12,1.2993e-07,0.00026095,0.9996395419580589,0.9838460531138672
473268.0,412,0.193773,0.204992,0.99,10000,10,13,1.74772e-10,0.000547662,0.9999867798638433,0.9765978206143103
200000.0,482,0.309969,0.1,0.99,10000,10,20,1.71604e-17,0.00994388,0.9999999958574887,0.900280994790361
200000.0,487,0.337356,0.130612,0.99,10000,10,17,2.18958e-16,0.00520565,0.9999999852027706,0.9278498094250611
200000.0,478,0.338028,0.168369,0.99,10000,10,10,2.29774e-15,0.00292569,0.9999999520652527,0.9459103521919398
200000.0,485,0.337356,0.153672,0.99,10000,10,18,1.08778e-15,0.00346175,0.99999996701849,0.9411633617547706
402680.0,500,0.313749,0.145271,0.99,10000,10,14,1.09116e-13,0.00149184,0.9999996696728894,0.9613756553453654
200000.0,467,0.354081,0.207002,0.99,10000,10,13,7.07336e-14,0.00158601,0.9999997340421086,0.9601752589462279
631024.0,343,0.0311186,0.458268,0.99,10000,10,10,0.0017293,1.59484e-05,0.9584151469883564,0.9960064552087149
461381.0,450,0.0311412,0.585381,0.99,10000,10,17,0.00311371,8.76605e-06,0.944199372763382,0.9970392484062319
200000.0,476,0.170544,0.297769,0.99,10000,10,16,1.5993e-08,0.000382322,0.9998735365665499,0.9804469439728721
637095.0,367,0.0454743,0.31484,0.99,10000,10,11,0.000474318,4.3747e-05,0.9782211570555275,0.9933858485049101
224512.0,411,0.316882,0.2588,0.989617,10000,10,14,3.49851e-12,0.000963132,0.9999981295695682,0.968965631954235
723456.0,427,0.0338871,0.301065,0.99,10000,10,10,0.00129229,1.83563e-05,0.9640515647072088,0.9957155747176547
200000.0,500,0.311701,0.165885,0.99,10000,10,12,3.59501e-15,0.00265389,0.9999999400415978,0.9484840801305072
226876.0,494,0.354081,0.204884,0.99,10000,10,17,5.87213e-13,0.00109303,0.9999992337017551,0.9669389957805272
540603.0,354,0.0311186,0.58136,0.99,10000,10,16,0.00248033,1.12099e-05,0.950197088438526,0.9966518811251689
452468.0,398,0.0255596,0.70459,0.99,10000,10,10,0.0033487,8.20945e-06,0.9421320468652986,0.9971347862208904
439910.0,414,0.0836216,0.353217,0.9882,10000,10,11,0.00041372,5.20977e-05,0.979659891839029,0.9927821263518956
480953.0,500,0.229633,0.156137,0.989026,10000,10,13,8.52028e-12,0.000750579,0.9999970810481333,0.9726033031188065
200636.0,500,0.347561,0.116527,0.99,10000,10,12,1.13119e-16,0.00637162,0.9999999893642584,0.9201775720740092
512517.0,500,0.0100661,0.732442,0.99,10000,10,12,0.00528094,4.56013e-06,0.9273299236273966,0.9978645539107718
200000.0,482,0.309969,0.1,0.99,10000,10,19,1.67189e-17,0.00996929,0.9999999959111249,0.9001536680693777
200000.0,482,0.309969,0.1,0.99,10000,10,19,1.67189e-17,0.00996929,0.9999999959111249,0.9001536680693777
200000.0,424,0.335472,0.123864,0.99,10000,10,10,5.2495e-17,0.0084941,0.9999999927546567,0.9078365582239899
462379.0,500,0.0255596,0.732442,0.99,10000,10,12,0.00480538,4.94029e-06,0.9306791517651436,0.9977773236852839
200000.0,489,0.316891,0.127197,0.99,10000,10,19,2.13838e-16,0.00547619,0.9999999853767992,0.9259987162273519
200000.0,500,0.260097,0.11057,0.99,10000,10,13,5.2955e-17,0.00765237,0.9999999927229813,0.9125221742382676
512517.0,500,0.0255596,0.732442,0.99,10000,10,10,0.00526059,4.91265e-06,0.9274700751413598,0.9977835501359156
462379.0,475,0.0255596,0.732442,0.99,10000,10,17,0.00454728,5.18213e-06,0.9325664771793731,0.9977235707786096
201473.0,500,0.354081,0.116986,0.99,10000,10,19,1.35485e-16,0.00622,0.9999999883601975,0.9211330233874786
637095.0,382,0.0454743,0.31484,0.99,10000,10,15,0.000603124,3.42926e-05,0.9754414169789868,0.9941440116120334
459380.0,355,0.0618277,0.459109,0.99,10000,10,13,0.000855598,3.22087e-05,0.9707493931686879,0.9943247290813566
200000.0,500,0.35354,0.1,0.99,10000,10,19,2.9297e-17,0.00901332,0.9999999945873297,0.9050614935866379
200000.0,489,0.316891,0.1,0.99,10000,10,19,1.90101e-17,0.00964102,0.9999999956399427,0.9018113041129479
201207.0,481,0.33504,0.140941,0.99,10000,10,16,4.6583e-16,0.00441305,0.9999999784169048,0.9335692089464531
200000.0,467,0.277745,0.116986,0.99,10000,10,19,6.14155e-17,0.00759007,0.9999999921631958,0.9128789922005031
535150.0,382,0.0255596,0.732442,0.99,10000,10,15,0.00406497,6.16931e-06,0.9362428827502371,0.9975161904259787
630274.0,323,0.0311186,0.525004,0.99,10000,10,14,0.00213551,1.2828e-05,0.9537884213643377,0.9964183802546892
200000.0,500,0.308561,0.113975,0.99,10000,10,12,7.41323e-17,0.0070156,0.9999999913899884,0.916240821398488
540603.0,388,0.0311186,0.58136,0.99,10000,10,16,0.00298538,9.40238e-06,0.945361368977618,0.9969336699460104
512517.0,498,0.0311186,0.46134,0.99,10000,10,11,0.00281088,9.53614e-06,0.9469822671175011,0.9969119358814947
537295.0,474,0.0311412,0.455582,0.99,10000,10,12,0.0026919,9.97425e-06,0.9481164766038389,0.9968417963966837
245017.0,494,0.354081,0.123864,0.99,10000,10,14,3.44129e-16,0.00493405,0.9999999814492857,0.9297572067753567
500891.0,382,0.0255596,0.730473,0.989989,10000,10,18,0.00374241,6.53869e-06,0.9388247599105651,0.9974429137675862
200000.0,500,0.3288,0.113975,0.99,10000,10,13,8.48757e-17,0.00681869,0.9999999907871991,0.9174246404791356
477178.0,490,0.0824798,0.260956,0.99,10000,10,15,0.000204063,5.69452e-05,0.9857149378720287,0.992453795656093
215723.0,487,0.36255,0.140941,0.99,10000,10,16,5.69987e-16,0.00406241,0.9999999761255994,0.936262962102087
470832.0,382,0.0255596,0.7384,0.989989,10000,10,16,0.00353773,7.15573e-06,0.9405211802403578,0.9973249803739038
462379.0,416,0.0255596,0.8,0.989991,10000,10,12,0.00431122,5.4983e-06,0.9343401187938937,0.9976551545893172
461381.0,450,0.0311412,0.585381,0.99,10000,10,17,0.00311371,8.76605e-06,0.944199372763382,0.9970392484062319
280588.0,500,0.311701,0.165885,0.99,10000,10,12,2.66175e-14,0.0017949,0.9999998368512948,0.9576337398393486
200000.0,500,0.3288,0.146515,0.99,10000,10,13,7.60059e-16,0.00367535,0.9999999724308324,0.9393753350524723
200000.0,476,0.32395,0.123864,0.99,10000,10,11,1.11009e-16,0.00652236,0.9999999894639191,0.9192388707359784
200000.0,500,0.318154,0.1,0.99,10000,10,15,2.03737e-17,0.00926527,0.9999999954862765,0.9037437274771145
462379.0,461,0.0255596,0.732442,0.99,10000,10,12,0.00438404,5.36794e-06,0.933787916510655,0.9976831184751913
723456.0,401,0.0338871,0.325814,0.99,10000,10,12,0.00138817,1.75654e-05,0.9627418465299205,0.9958088903617299
723456.0,427,0.0338871,0.301065,0.99,10000,10,10,0.00129229,1.83563e-05,0.9640515647072088,0.9957155747176547
620564.0,343,0.0311186,0.525004,0.99,10000,10,14,0.00239048,1.15974e-05,0.9511074647824436,0.9965945044413478
512517.0,471,0.0311186,0.46134,0.99,10000,10,14,0.00252278,1.07372e-05,0.9497727165775413,0.9967232333009505
439910.0,414,0.0836216,0.344838,0.9882,10000,10,11,0.000336318,5.53941e-05,0.9816610251104376,0.9925572787234775
535150.0,377,0.0255596,0.732442,0.99,10000,10,12,0.00398688,6.27452e-06,0.9368582546962788,0.9974951008004312
631024.0,343,0.0311186,0.458268,0.99,10000,10,14,0.00174724,1.57217e-05,0.9582,0.9960349401013352
673874.0,386,0.0311186,0.374902,0.989474,10000,10,10,0.00158146,1.65779e-05,0.9602324252688198,0.9959284032616184
643568.0,401,0.0338871,0.325814,0.99,10000,10,12,0.000993686,3.07575e-05,0.9684772145900779,0.9944540555357991
637095.0,367,0.0454743,0.31484,0.99,10000,10,11,0.000474318,4.3747e-05,0.9782211570555275,0.9933858485049101
571636.0,354,0.0311186,0.499817,0.99,10000,10,16,0.00194188,1.49018e-05,0.9559332324761618,0.9961397150364254
473268.0,412,0.193773,0.204992,0.99,10000,10,13,1.74772e-10,0.000547662,0.9999867798638433,0.9765978206143103
571636.0,354,0.0311186,0.499817,0.988379,10000,10,16,0.00193814,1.55001e-05,0.955975688534629,0.9960629833630019
631024.0,343,0.0344128,0.439953,0.99,10000,10,10,0.00152198,1.75647e-05,0.9609874379205877,0.9958089738726655
200000.0,478,0.338028,0.183183,0.99,10000,10,10,8.96231e-15,0.00228396,0.9999999053305223,0.9522092059074135
305878.0,397,0.110208,0.38896,0.99,10000,10,12,0.000103168,0.000102032,0.9898428350412135,0.9898989109498035
468530.0,403,0.0824798,0.28432,0.99,10000,10,15,3.84338e-05,0.000105024,0.993800500020163,0.9897518782208641
512517.0,398,0.0255596,0.70459,0.99,10000,10,10,0.003855,6.33704e-06,0.9379113536948984,0.9974826521893072
220280.0,476,0.235737,0.297769,0.99,10000,10,12,1.2993e-07,0.00026095,0.9996395419580589,0.9838460531138672
515017.0,355,0.049815,0.459109,0.99,10000,10,13,0.00117466,2.39324e-05,0.9657266867665234,0.9951079247757214
231664.0,498,0.31241,0.163446,0.988614,10000,10,13,4.9175e-15,0.00247573,0.9999999298751114,0.9502432919095325
452468.0,398,0.0255596,0.70459,0.99,10000,10,10,0.0033487,8.20945e-06,0.9421320468652986,0.9971347862208904
200000.0,482,0.309969,0.1,0.99,10000,10,20,1.71604e-17,0.00994388,0.9999999958574887,0.900280994790361
200000.0,487,0.337356,0.130612,0.99,10000,10,17,2.18958e-16,0.00520565,0.9999999852027706,0.9278498094250611
226876.0,494,0.354081,0.204884,0.99,10000,10,17,5.87213e-13,0.00109303,0.9999992337017551,0.9669389957805272
240361.0,500,0.347561,0.168841,0.99,10000,10,13,1.22801e-14,0.00204157,0.9999998891843874,0.9548162639880233
631024.0,343,0.0311186,0.458268,0.99,10000,10,10,0.0017293,1.59484e-05,0.9584151469883564,0.9960064552087149
421344.0,500,0.325935,0.145271,0.99,10000,10,14,2.32088e-13,0.00128144,0.9999995182448754,0.9642027934050714
200000.0,467,0.354081,0.207002,0.99,10000,10,13,7.07336e-14,0.00158601,0.9999997340421086,0.9601752589462279
200636.0,500,0.347561,0.116527,0.99,10000,10,12,1.13119e-16,0.00637162,0.9999999893642584,0.9201775720740092
224512.0,411,0.316882,0.2588,0.989617,10000,10,14,3.49851e-12,0.000963132,0.9999981295695682,0.968965631954235
200000.0,485,0.337356,0.153672,0.99,10000,10,18,1.08778e-15,0.00346175,0.99999996701849,0.9411633617547706
200000.0,482,0.335472,0.159669,0.988075,10000,10,13,1.4447e-15,0.00331147,0.9999999619907906,0.9424546265977881
200000.0,476,0.170544,0.297769,0.99,10000,10,16,1.5993e-08,0.000382322,0.9998735365665499,0.9804469439728721
611202.0,354,0.0261689,0.621859,0.99,10000,10,16,0.00340717,7.73637e-06,0.941629031188441,0.9972185669161384
439910.0,414,0.0836216,0.353217,0.9882,10000,10,11,0.00041372,5.20977e-05,0.979659891839029,0.9927821263518956
231664.0,474,0.31241,0.163446,0.988614,10000,10,16,3.15793e-15,0.00284882,0.9999999438045375,0.9466256615966062
245017.0,494,0.354081,0.123864,0.99,10000,10,14,3.44129e-16,0.00493405,0.9999999814492857,0.9297572067753567
200000.0,485,0.337356,0.130612,0.99,10000,10,17,2.14453e-16,0.0052559,0.9999999853557862,0.9275024138332868
200000.0,467,0.354081,0.146922,0.99,10000,10,17,4.83762e-16,0.00427755,0.9999999780054097,0.934597018416589
642452.0,401,0.0338871,0.325814,0.99,10000,10,10,0.000979421,3.15841e-05,0.9687042974196136,0.9943800266904549
200000.0,478,0.338028,0.168369,0.99,10000,10,10,2.29774e-15,0.00292569,0.9999999520652527,0.9459103521919398
540603.0,354,0.0311186,0.58136,0.99,10000,10,16,0.00248033,1.12099e-05,0.950197088438526,0.9966518811251689
592498.0,349,0.0311186,0.525004,0.99,10000,10,14,0.00226322,1.20828e-05,0.952426688153966,0.9965239677792057
462379.0,386,0.0296013,0.732442,0.99,10000,10,13,0.00349318,7.68396e-06,0.9408968697952469,0.9972280043290077
200000.0,482,0.309969,0.1,0.99,10000,10,19,1.67189e-17,0.00996929,0.9999999959111249,0.9001536680693777
200000.0,482,0.309969,0.1,0.99,10000,10,19,1.67189e-17,0.00996929,0.9999999959111249,0.9001536680693777
512517.0,500,0.0100661,0.732442,0.99,10000,10,12,0.00528094,4.56013e-06,0.9273299236273966,0.9978645539107718
200000.0,424,0.335472,0.123864,0.99,10000,10,10,5.2495e-17,0.0084941,0.9999999927546567,0.9078365582239899
200000.0,500,0.260097,0.11057,0.99,10000,10,13,5.2955e-17,0.00765237,0.9999999927229813,0.9125221742382676
200000.0,489,0.316891,0.127197,0.99,10000,10,19,2.13838e-16,0.00547619,0.9999999853767992,0.9259987162273519
495539.0,500,0.0255596,0.732077,0.99,10000,10,12,0.00511209,4.90345e-06,0.9285011188898735,0.997785626499436
200000.0,500,0.308561,0.113975,0.99,10000,10,12,7.41323e-17,0.0070156,0.9999999913899884,0.916240821398488
201473.0,500,0.391188,0.116986,0.99,10000,10,19,1.49818e-16,0.00614166,0.9999999877599837,0.9216312562305609
459380.0,355,0.0618277,0.459109,0.99,10000,10,13,0.000855598,3.22087e-05,0.9707493931686879,0.9943247290813566
461381.0,450,0.0311412,0.585381,0.99,10000,10,17,0.00311371,8.76605e-06,0.944199372763382,0.9970392484062319
200000.0,489,0.316891,0.1,0.99,10000,10,19,1.90101e-17,0.00964102,0.9999999956399427,0.9018113041129479
201207.0,481,0.33504,0.140941,0.99,10000,10,16,4.6583e-16,0.00441305,0.9999999784169048,0.9335692089464531
200000.0,467,0.277745,0.116986,0.99,10000,10,19,6.14155e-17,0.00759007,0.9999999921631958,0.9128789922005031
535150.0,382,0.0255596,0.732442,0.99,10000,10,15,0.00406497,6.16931e-06,0.9362428827502371,0.9975161904259787
630274.0,323,0.0311186,0.525004,0.99,10000,10,14,0.00213551,1.2828e-05,0.9537884213643377,0.9964183802546892
462379.0,416,0.0255596,0.8,0.989991,10000,10,12,0.00431122,5.4983e-06,0.9343401187938937,0.9976551545893172
200000.0,500,0.3288,0.146515,0.99,10000,10,13,7.60059e-16,0.00367535,0.9999999724308324,0.9393753350524723
473268.0,412,0.193773,0.204992,0.99,10000,10,13,1.74772e-10,0.000547662,0.9999867798638433,0.9765978206143103
462379.0,500,0.0255596,0.732442,0.99,10000,10,17,0.004812,4.92891e-06,0.9306314192159015,0.9977798851381066
515017.0,355,0.049815,0.459109,0.99,10000,10,13,0.00117466,2.39324e-05,0.9657266867665234,0.9951079247757214
540603.0,388,0.0311186,0.58136,0.99,10000,10,16,0.00298538,9.40238e-06,0.945361368977618,0.9969336699460104
512517.0,498,0.0311186,0.46134,0.99,10000,10,11,0.00281088,9.53614e-06,0.9469822671175011,0.9969119358814947
224512.0,411,0.316882,0.2588,0.989617,10000,10,14,3.49851e-12,0.000963132,0.9999981295695682,0.968965631954235
200000.0,482,0.335472,0.159669,0.988075,10000,10,13,1.4447e-15,0.00331147,0.9999999619907906,0.9424546265977881
245017.0,494,0.354081,0.123864,0.99,10000,10,14,3.44129e-16,0.00493405,0.9999999814492857,0.9297572067753567
200000.0,500,0.360724,0.1,0.99,10000,10,19,3.14662e-17,0.0089767,0.9999999943905259,0.9052545515605103
452468.0,398,0.0255596,0.70459,0.99,10000,10,10,0.0033487,8.20945e-06,0.9421320468652986,0.9971347862208904
240361.0,500,0.347561,0.168841,0.99,10000,10,13,1.22801e-14,0.00204157,0.9999998891843874,0.9548162639880233
462379.0,498,0.0255596,0.732442,0.99,10000,10,12,0.00478275,5.06268e-06,0.9308425708979867,0.9977499600003555
477178.0,490,0.0824798,0.260956,0.99,10000,10,15,0.000204063,5.69452e-05,0.9857149378720287,0.992453795656093
637095.0,382,0.0454743,0.31484,0.99,10000,10,15,0.000603124,3.42926e-05,0.9754414169789868,0.9941440116120334
470832.0,382,0.0255596,0.7384,0.989989,10000,10,16,0.00353773,7.15573e-06,0.9405211802403578,0.9973249803739038
200000.0,478,0.338028,0.168369,0.99,10000,10,10,2.29774e-15,0.00292569,0.9999999520652527,0.9459103521919398
512517.0,398,0.0255596,0.70459,0.99,10000,10,10,0.003855,6.33704e-06,0.9379113536948984,0.9974826521893072
231664.0,474,0.31241,0.163446,0.988614,10000,10,16,3.15793e-15,0.00284882,0.9999999438045375,0.9466256615966062
462379.0,461,0.0255596,0.732442,0.99,10000,10,12,0.00438404,5.36794e-06,0.933787916510655,0.9976831184751913
462379.0,475,0.0255596,0.732442,0.99,10000,10,17,0.00454728,5.18213e-06,0.9325664771793731,0.9977235707786096
200000.0,478,0.338028,0.183183,0.99,10000,10,10,8.96231e-15,0.00228396,0.9999999053305223,0.9522092059074135
723456.0,401,0.0338871,0.325814,0.99,10000,10,12,0.00138817,1.75654e-05,0.9627418465299205,0.9958088903617299
512517.0,471,0.0311186,0.46134,0.99,10000,10,14,0.00252278,1.07372e-05,0.9497727165775413,0.9967232333009505
439910.0,414,0.0836216,0.344838,0.9882,10000,10,11,0.000336318,5.53941e-05,0.9816610251104376,0.9925572787234775
535150.0,377,0.0255596,0.732442,0.99,10000,10,12,0.00398688,6.27452e-06,0.9368582546962788,0.9974951008004312
631024.0,343,0.0311186,0.458268,0.99,10000,10,14,0.00174724,1.57217e-05,0.9582,0.9960349401013352
673874.0,386,0.0311186,0.374902,0.989474,10000,10,10,0.00158146,1.65779e-05,0.9602324252688198,0.9959284032616184
231664.0,498,0.31241,0.163446,0.988614,10000,10,13,4.9175e-15,0.00247573,0.9999999298751114,0.9502432919095325
215723.0,487,0.36255,0.140941,0.99,10000,10,16,5.69987e-16,0.00406241,0.9999999761255994,0.936262962102087
500891.0,382,0.0255596,0.730473,0.989989,10000,10,15,0.00373965,6.54424e-06,0.9388473222172569,0.997441828778209
200000.0,500,0.3288,0.113975,0.99,10000,10,13,8.48757e-17,0.00681869,0.9999999907871991,0.9174246404791356
643568.0,401,0.0338871,0.325814,0.99,10000,10,12,0.000993686,3.07575e-05,0.9684772145900779,0.9944540555357991
200000.0,500,0.318154,0.1,0.99,10000,10,15,2.03737e-17,0.00926527,0.9999999954862765,0.9037437274771145
637095.0,367,0.0454743,0.31484,0.99,10000,10,11,0.000474318,4.3747e-05,0.9782211570555275,0.9933858485049101
571636.0,354,0.0311186,0.499817,0.99,10000,10,16,0.00194188,1.49018e-05,0.9559332324761618,0.9961397150364254
571636.0,354,0.0311186,0.499817,0.988379,10000,10,16,0.00193814,1.55001e-05,0.955975688534629,0.9960629833630019
631024.0,343,0.0344128,0.439953,0.99,10000,10,10,0.00152198,1.75647e-05,0.9609874379205877,0.9958089738726655
200000.0,485,0.337356,0.153672,0.99,10000,10,18,1.08778e-15,0.00346175,0.99999996701849,0.9411633617547706
305878.0,397,0.110208,0.38896,0.99,10000,10,12,0.000103168,0.000102032,0.9898428350412135,0.9898989109498035
200000.0,467,0.354081,0.146922,0.99,10000,10,17,4.83762e-16,0.00427755,0.9999999780054097,0.934597018416589
421344.0,500,0.325935,0.145271,0.99,10000,10,14,2.32088e-13,0.00128144,0.9999995182448754,0.9642027934050714
280588.0,500,0.311701,0.165885,0.99,10000,10,12,2.66175e-14,0.0017949,0.9999998368512948,0.9576337398393486
592498.0,349,0.0311186,0.525004,0.99,10000,10,14,0.00226322,1.20828e-05,0.952426688153966,0.9965239677792057
200000.0,482,0.309969,0.1,0.99,10000,10,20,1.71604e-17,0.00994388,0.9999999958574887,0.900280994790361
200000.0,487,0.337356,0.130612,0.99,10000,10,17,2.18958e-16,0.00520565,0.9999999852027706,0.9278498094250611
220280.0,476,0.235737,0.297769,0.99,10000,10,12,1.2993e-07,0.00026095,0.9996395419580589,0.9838460531138672
537295.0,474,0.0311412,0.455582,0.99,10000,10,12,0.0026919,9.97425e-06,0.9481164766038389,0.9968417963966837
226876.0,494,0.354081,0.204884,0.99,10000,10,17,5.87213e-13,0.00109303,0.9999992337017551,0.9669389957805272
620564.0,343,0.0311186,0.525004,0.99,10000,10,14,0.00239048,1.15974e-05,0.9511074647824436,0.9965945044413478
631024.0,343,0.0311186,0.458268,0.99,10000,10,10,0.0017293,1.59484e-05,0.9584151469883564,0.9960064552087149
462379.0,475,0.0255596,0.732442,0.99,10000,10,17,0.00454728,5.18213e-06,0.9325664771793731,0.9977235707786096
267385.0,500,0.308561,0.178987,0.99,10000,10,12,7.84241e-14,0.00143442,0.9999997199569676,0.9621262623972758
200636.0,500,0.347561,0.116527,0.99,10000,10,12,1.13119e-16,0.00637162,0.9999999893642584,0.9201775720740092
200636.0,500,0.347561,0.116527,0.99,10000,10,10,1.08675e-16,0.00663072,0.9999999895752698,0.9185707669199814
462379.0,386,0.0296013,0.732442,0.99,10000,10,13,0.00349318,7.68396e-06,0.9408968697952469,0.9972280043290077
200000.0,500,0.35354,0.1,0.99,10000,10,19,2.9297e-17,0.00901332,0.9999999945873297,0.9050614935866379
470832.0,396,0.0255596,0.690804,0.99,10000,10,16,0.00338283,7.70568e-06,0.9418378989375383,0.9972240893386134
439910.0,414,0.0836216,0.353217,0.9882,10000,10,11,0.00041372,5.20977e-05,0.979659891839029,0.9927821263518956
245017.0,494,0.354081,0.123864,0.99,10000,10,14,3.44129e-16,0.00493405,0.9999999814492857,0.9297572067753567
200000.0,485,0.337356,0.130612,0.99,10000,10,17,2.14453e-16,0.0052559,0.9999999853557862,0.9275024138332868
200000.0,467,0.354081,0.207002,0.99,10000,10,13,7.07336e-14,0.00158601,0.9999997340421086,0.9601752589462279
642452.0,401,0.0338871,0.325814,0.99,10000,10,10,0.000979421,3.15841e-05,0.9687042974196136,0.9943800266904549
200000.0,484,0.277745,0.1,0.99,12860,10,15,1.53082e-17,0.00977725,0.9999999960874305,0.9011200222491934
512517.0,500,0.0100661,0.732442,0.99,10000,10,12,0.00528094,4.56013e-06,0.9273299236273966,0.9978645539107718
201473.0,500,0.315916,0.102465,0.99,10000,10,20,3.25055e-17,0.00862099,0.9999999942986405,0.9071507135191659
200000.0,489,0.316891,0.10985,0.99,10000,10,14,4.32568e-17,0.0079156,0.9999999934230098,0.911030342250855
201473.0,500,0.391188,0.116986,0.99,10000,10,19,1.49818e-16,0.00614166,0.9999999877599837,0.9216312562305609
200000.0,489,0.316891,0.127197,0.99,10000,10,19,2.13838e-16,0.00547619,0.9999999853767992,0.9259987162273519
495539.0,500,0.0255596,0.732077,0.99,10000,10,12,0.00511209,4.90345e-06,0.9285011188898735,0.997785626499436
200000.0,500,0.308561,0.113975,0.99,10000,10,12,7.41323e-17,0.0070156,0.9999999913899884,0.916240821398488
515017.0,355,0.049815,0.459109,0.99,10000,10,13,0.00117466,2.39324e-05,0.9657266867665234,0.9951079247757214
637095.0,382,0.0454743,0.31484,0.99,10000,10,15,0.000603124,3.42926e-05,0.9754414169789868,0.9941440116120334
473268.0,412,0.193773,0.204992,0.99,10000,10,13,1.74772e-10,0.000547662,0.9999867798638433,0.9765978206143103
459380.0,355,0.0618277,0.459109,0.99,10000,10,13,0.000855598,3.22087e-05,0.9707493931686879,0.9943247290813566
200000.0,500,0.3288,0.136665,0.99,10000,10,18,4.40578e-16,0.00434728,0.99999997901005,0.934066093699827
723456.0,401,0.0338871,0.325814,0.99,10000,10,12,0.00138817,1.75654e-05,0.9627418465299205,0.9958088903617299
200000.0,500,0.3288,0.146515,0.99,10000,10,13,7.60059e-16,0.00367535,0.9999999724308324,0.9393753350524723
200000.0,467,0.277745,0.116986,0.99,10000,10,19,6.14155e-17,0.00759007,0.9999999921631958,0.9128789922005031
220280.0,476,0.235737,0.297769,0.99,10000,10,12,1.2993e-07,0.00026095,0.9996395419580589,0.9838460531138672
200000.0,500,0.318154,0.1,0.99,10000,10,15,2.03737e-17,0.00926527,0.9999999954862765,0.9037437274771145
462379.0,500,0.0255596,0.732442,0.99,10000,10,17,0.004812,4.92891e-06,0.9306314192159015,0.9977798851381066
215723.0,487,0.36255,0.140941,0.99,10000,10,16,5.69987e-16,0.00406241,0.9999999761255994,0.936262962102087
630274.0,323,0.0311186,0.525004,0.99,10000,10,14,0.00213551,1.2828e-05,0.9537884213643377,0.9964183802546892
245017.0,494,0.354081,0.123864,0.99,10000,10,14,3.44129e-16,0.00493405,0.9999999814492857,0.9297572067753567
305878.0,397,0.110208,0.38896,0.99,10000,10,12,0.000103168,0.000102032,0.9898428350412135,0.9898989109498035
224512.0,411,0.316882,0.2588,0.989617,10000,10,14,3.49851e-12,0.000963132,0.9999981295695682,0.968965631954235
512517.0,498,0.0311186,0.46134,0.99,10000,10,11,0.00281088,9.53614e-06,0.9469822671175011,0.9969119358814947
537295.0,474,0.0311412,0.455582,0.99,10000,10,12,0.0026919,9.97425e-06,0.9481164766038389,0.9968417963966837
200000.0,489,0.316891,0.1,0.99,10000,10,19,1.90101e-17,0.00964102,0.9999999956399427,0.9018113041129479
452468.0,398,0.0255596,0.70459,0.99,10000,10,10,0.0033487,8.20945e-06,0.9421320468652986,0.9971347862208904
200000.0,482,0.335472,0.159669,0.988075,10000,10,13,1.4447e-15,0.00331147,0.9999999619907906,0.9424546265977881
462379.0,498,0.0255596,0.732442,0.99,10000,10,12,0.00478275,5.06268e-06,0.9308425708979867,0.9977499600003555
200636.0,500,0.347561,0.116527,0.99,10000,10,12,1.13119e-16,0.00637162,0.9999999893642584,0.9201775720740092
620564.0,343,0.0311186,0.525004,0.99,10000,10,14,0.00239048,1.15974e-05,0.9511074647824436,0.9965945044413478
477178.0,490,0.0824798,0.260956,0.99,10000,10,15,0.000204063,5.69452e-05,0.9857149378720287,0.992453795656093
592498.0,349,0.0311186,0.525004,0.99,10000,10,14,0.00226322,1.20828e-05,0.952426688153966,0.9965239677792057
200000.0,478,0.338028,0.168369,0.99,10000,10,10,2.29774e-15,0.00292569,0.9999999520652527,0.9459103521919398
512517.0,398,0.0255596,0.70459,0.99,10000,10,10,0.003855,6.33704e-06,0.9379113536948984,0.9974826521893072
280588.0,500,0.311701,0.165885,0.99,10000,10,12,2.66175e-14,0.0017949,0.9999998368512948,0.9576337398393486
462379.0,461,0.0255596,0.732442,0.99,10000,10,12,0.00438404,5.36794e-06,0.933787916510655,0.9976831184751913
462379.0,475,0.0255596,0.732442,0.99,10000,10,17,0.00454728,5.18213e-06,0.9325664771793731,0.9977235707786096
461381.0,450,0.0311412,0.585381,0.99,10000,10,17,0.00311371,8.76605e-06,0.944199372763382,0.9970392484062319
462379.0,439,0.0255596,0.732442,0.99,10000,10,11,0.00412489,5.72957e-06,0.935774693461222,0.9976063479785064
520370.0,382,0.0255596,0.700353,0.99,10000,10,15,0.00368675,6.67345e-06,0.9392813867088518,0.9974166978496506
439910.0,414,0.0836216,0.344838,0.9882,10000,10,11,0.000336318,5.53941e-05,0.9816610251104376,0.9925572787234775
240361.0,500,0.347561,0.168841,0.99,10000,10,13,1.22801e-14,0.00204157,0.9999998891843874,0.9548162639880233
200000.0,500,0.360724,0.1,0.99,10000,10,19,3.14662e-17,0.0089767,0.9999999943905259,0.9052545515605103
540603.0,388,0.0311186,0.58136,0.99,10000,10,16,0.00298538,9.40238e-06,0.945361368977618,0.9969336699460104
631024.0,343,0.0311186,0.458268,0.99,10000,10,14,0.00174724,1.57217e-05,0.9582,0.9960349401013352
673874.0,386,0.0311186,0.374902,0.989474,10000,10,10,0.00158146,1.65779e-05,0.9602324252688198,0.9959284032616184
535150.0,377,0.0255596,0.732442,0.99,10000,10,12,0.00398688,6.27452e-06,0.9368582546962788,0.9974951008004312
231664.0,474,0.31241,0.163446,0.988614,10000,10,19,3.25101e-15,0.00283033,0.9999999429823712,0.9467991541420627
643568.0,401,0.0338871,0.325814,0.99,10000,10,12,0.000993686,3.07575e-05,0.9684772145900779,0.9944540555357991
637095.0,367,0.0454743,0.31484,0.99,10000,10,11,0.000474318,4.3747e-05,0.9782211570555275,0.9933858485049101
571636.0,354,0.0311186,0.499817,0.99,10000,10,16,0.00194188,1.49018e-05,0.9559332324761618,0.9961397150364254
200636.0,500,0.347561,0.116527,0.99,10000,10,10,1.08675e-16,0.00663072,0.9999999895752698,0.9185707669199814
221317.0,500,0.3288,0.146515,0.989995,10000,10,13,1.04539e-15,0.00342147,0.9999999676675086,0.941506667046577
571636.0,354,0.0311186,0.499817,0.988379,10000,10,16,0.00193814,1.55001e-05,0.955975688534629,0.9960629833630019
200000.0,467,0.354081,0.207002,0.99,10000,10,13,7.07336e-14,0.00158601,0.9999997340421086,0.9601752589462279
500891.0,367,0.0255596,0.730473,0.989989,10000,10,12,0.003523,7.09016e-06,0.9406451349929932,0.9973372645644
631024.0,343,0.0344128,0.439953,0.99,10000,10,10,0.00152198,1.75647e-05,0.9609874379205877,0.9958089738726655
231664.0,498,0.31241,0.163446,0.988614,10000,10,13,4.9175e-15,0.00247573,0.9999999298751114,0.9502432919095325
462379.0,416,0.0255596,0.8,0.989996,10000,10,11,0.00430812,5.50259e-06,0.9343637295392251,0.9976542399952254
200000.0,500,0.260097,0.11057,0.99,10000,10,13,5.2955e-17,0.00765237,0.9999999927229813,0.9125221742382676
200000.0,487,0.337356,0.130612,0.99,10000,10,17,2.18958e-16,0.00520565,0.9999999852027706,0.9278498094250611
226876.0,494,0.354081,0.204884,0.99,10000,10,17,5.87213e-13,0.00109303,0.9999992337017551,0.9669389957805272
512517.0,471,0.0311186,0.46134,0.99,10000,10,14,0.00252278,1.07372e-05,0.9497727165775413,0.9967232333009505
500891.0,382,0.0255596,0.730473,0.989989,10000,10,15,0.00373965,6.54424e-06,0.9388473222172569,0.997441828778209
631024.0,343,0.0311186,0.458268,0.99,10000,10,10,0.0017293,1.59484e-05,0.9584151469883564,0.9960064552087149
462379.0,475,0.0255596,0.732442,0.99,10000,10,17,0.00454728,5.18213e-06,0.9325664771793731,0.9977235707786096
200000.0,500,0.35354,0.1,0.99,10000,10,19,2.9297e-17,0.00901332,0.9999999945873297,0.9050614935866379
200000.0,478,0.338028,0.183183,0.99,10000,10,10,8.96231e-15,0.00228396,0.9999999053305223,0.9522092059074135
200000.0,467,0.354081,0.146922,0.99,10000,10,17,4.83762e-16,0.00427755,0.9999999780054097,0.934597018416589
245017.0,494,0.354081,0.123864,0.99,10000,10,14,3.44129e-16,0.00493405,0.9999999814492857,0.9297572067753567
200000.0,485,0.337356,0.130612,0.99,10000,10,17,2.14453e-16,0.0052559,0.9999999853557862,0.9275024138332868
439910.0,414,0.0836216,0.353217,0.9882,10000,10,11,0.00041372,5.20977e-05,0.979659891839029,0.9927821263518956
267385.0,500,0.308561,0.178987,0.99,10000,10,12,7.84241e-14,0.00143442,0.9999997199569676,0.9621262623972758
642452.0,401,0.0338871,0.325814,0.99,10000,10,10,0.000979421,3.15841e-05,0.9687042974196136,0.9943800266904549
512517.0,471,0.0311186,0.46134,0.99,10000,10,14,0.00252278,1.07372e-05,0.9497727165775413,0.9967232333009505
200000.0,481,0.338028,0.183183,0.99,10000,10,12,1.04528e-14,0.00218742,0.9999998977610641,0.9532301379091193
452355.0,449,0.0311412,0.585381,0.99,10000,10,17,0.00302066,9.12409e-06,0.9450394687070803,0.9969793891346286
421344.0,500,0.325935,0.145271,0.99,10000,10,14,2.32088e-13,0.00128144,0.9999995182448754,0.9642027934050714
512517.0,500,0.0100661,0.732442,0.99,10000,10,12,0.00528094,4.56013e-06,0.9273299236273966,0.9978645539107718
200000.0,484,0.277745,0.1,0.99,12860,10,15,1.53082e-17,0.00977725,0.9999999960874305,0.9011200222491934
201473.0,500,0.315916,0.102465,0.99,10000,10,20,3.25055e-17,0.00862099,0.9999999942986405,0.9071507135191659
200000.0,489,0.316891,0.10985,0.99,10000,10,14,4.32568e-17,0.0079156,0.9999999934230098,0.911030342250855
200000.0,500,0.308561,0.113975,0.99,10000,10,12,7.41323e-17,0.0070156,0.9999999913899884,0.916240821398488
200000.0,489,0.316891,0.127197,0.99,10000,10,19,2.13838e-16,0.00547619,0.9999999853767992,0.9259987162273519
495539.0,500,0.0255596,0.732077,0.99,10000,10,12,0.00511209,4.90345e-06,0.9285011188898735,0.997785626499436
452468.0,398,0.0255596,0.70459,0.99,10000,10,10,0.0033487,8.20945e-06,0.9421320468652986,0.9971347862208904
200000.0,500,0.3288,0.136665,0.99,10000,10,18,4.40578e-16,0.00434728,0.99999997901005,0.934066093699827
201473.0,500,0.391188,0.116986,0.99,10000,10,19,1.49818e-16,0.00614166,0.9999999877599837,0.9216312562305609
631024.0,343,0.0344128,0.457153,0.99,10000,10,10,0.00171425,1.57126e-05,0.9585964977326796,0.9960360877910832
200636.0,500,0.347561,0.116527,0.99,10000,10,10,1.08675e-16,0.00663072,0.9999999895752698,0.9185707669199814
200000.0,500,0.3288,0.146515,0.99,10000,10,13,7.60059e-16,0.00367535,0.9999999724308324,0.9393753350524723
200000.0,467,0.277745,0.116986,0.99,10000,10,19,6.14155e-17,0.00759007,0.9999999921631958,0.9128789922005031
200000.0,500,0.318154,0.1,0.99,10000,10,15,2.03737e-17,0.00926527,0.9999999954862765,0.9037437274771145
500891.0,367,0.0255596,0.730473,0.989989,10000,10,12,0.003523,7.09016e-06,0.9406451349929932,0.9973372645644
459380.0,355,0.0618277,0.459109,0.99,10000,10,13,0.000855598,3.22087e-05,0.9707493931686879,0.9943247290813566
461381.0,450,0.0311412,0.585381,0.99,10000,10,17,0.00311371,8.76605e-06,0.944199372763382,0.9970392484062319
245017.0,494,0.354081,0.123864,0.99,10000,10,14,3.44129e-16,0.00493405,0.9999999814492857,0.9297572067753567
215723.0,487,0.36255,0.140941,0.99,10000,10,16,5.69987e-16,0.00406241,0.9999999761255994,0.936262962102087
462379.0,439,0.0255596,0.732442,0.99,10000,10,11,0.00412489,5.72957e-06,0.935774693461222,0.9976063479785064
462379.0,500,0.0255596,0.732442,0.99,10000,10,17,0.004812,4.92891e-06,0.9306314192159015,0.9977798851381066
515017.0,355,0.049815,0.459109,0.99,10000,10,13,0.00117466,2.39324e-05,0.9657266867665234,0.9951079247757214
512517.0,498,0.0311186,0.46134,0.99,10000,10,11,0.00281088,9.53614e-06,0.9469822671175011,0.9969119358814947
537295.0,474,0.0311412,0.455582,0.99,10000,10,12,0.0026919,9.97425e-06,0.9481164766038389,0.9968417963966837
200000.0,489,0.316891,0.1,0.99,10000,10,19,1.90101e-17,0.00964102,0.9999999956399427,0.9018113041129479
462379.0,498,0.0255596,0.732442,0.99,10000,10,12,0.00478275,5.06268e-06,0.9308425708979867,0.9977499600003555
200636.0,500,0.347561,0.116527,0.99,10000,10,12,1.13119e-16,0.00637162,0.9999999893642584,0.9201775720740092
620564.0,343,0.0311186,0.525004,0.99,10000,10,14,0.00239048,1.15974e-05,0.9511074647824436,0.9965945044413478
462379.0,416,0.0255596,0.8,0.989996,10000,10,11,0.00430812,5.50259e-06,0.9343637295392251,0.9976542399952254
477178.0,490,0.0824798,0.260956,0.99,10000,10,15,0.000204063,5.69452e-05,0.9857149378720287,0.992453795656093
592498.0,349,0.0311186,0.525004,0.99,10000,10,14,0.00226322,1.20828e-05,0.952426688153966,0.9965239677792057
637095.0,382,0.0454743,0.31862,0.99,10000,10,15,0.000642943,3.23606e-05,0.974643679288982,0.9943113622017218
462379.0,461,0.0255596,0.732442,0.99,10000,10,12,0.00438404,5.36794e-06,0.933787916510655,0.9976831184751913
220280.0,476,0.235737,0.297769,0.99,10000,10,12,1.2993e-07,0.00026095,0.9996395419580589,0.9838460531138672
723456.0,401,0.0338871,0.325814,0.99,10000,10,12,0.00138817,1.75654e-05,0.9627418465299205,0.9958088903617299
462379.0,475,0.0255596,0.732442,0.99,10000,10,17,0.00454728,5.18213e-06,0.9325664771793731,0.9977235707786096
571636.0,354,0.0311186,0.499817,0.988379,10000,10,16,0.00193814,1.55001e-05,0.955975688534629,0.9960629833630019
280588.0,500,0.311701,0.165885,0.99,10000,10,12,2.66175e-14,0.0017949,0.9999998368512948,0.9576337398393486
643568.0,433,0.0338871,0.325814,0.99,10000,10,12,0.00128726,2.01777e-05,0.9641215942383166,0.9955080405166564
520370.0,382,0.0255596,0.700353,0.99,10000,10,15,0.00368675,6.67345e-06,0.9392813867088518,0.9974166978496506
242879.0,500,0.352255,0.202471,0.99,10000,10,18,1.18196e-12,0.000961158,0.9999989128201621,0.9689974517176411
473268.0,398,0.196676,0.204992,0.99,10000,10,12,4.78407e-11,0.000692613,0.9999930833028113,0.9736824583214921
439910.0,414,0.0836216,0.344838,0.9882,10000,10,11,0.000336318,5.53941e-05,0.9816610251104376,0.9925572787234775
200000.0,500,0.360724,0.1,0.99,10000,10,19,3.14662e-17,0.0089767,0.9999999943905259,0.9052545515605103
540603.0,388,0.0311186,0.58136,0.99,10000,10,16,0.00298538,9.40238e-06,0.945361368977618,0.9969336699460104
214603.0,482,0.335472,0.159669,0.988075,10000,10,13,1.80443e-15,0.00315396,0.9999999575214171,0.9438398717950182
512517.0,398,0.0255596,0.70459,0.99,10000,10,10,0.003855,6.33704e-06,0.9379113536948984,0.9974826521893072
643568.0,401,0.0338871,0.325814,0.99,10000,10,12,0.000993686,3.07575e-05,0.9684772145900779,0.9944540555357991
637095.0,367,0.0454743,0.31484,0.99,10000,10,11,0.000474318,4.3747e-05,0.9782211570555275,0.9933858485049101
221317.0,500,0.3288,0.146515,0.989995,10000,10,13,1.04539e-15,0.00342147,0.9999999676675086,0.941506667046577
200000.0,467,0.354081,0.207002,0.99,10000,10,13,7.07336e-14,0.00158601,0.9999997340421086,0.9601752589462279
723456.0,456,0.0338871,0.325814,0.99,10000,10,12,0.00210631,1.40242e-05,0.9541054469462878,0.9962551101484823
631024.0,343,0.0344128,0.439953,0.99,10000,10,10,0.00152198,1.75647e-05,0.9609874379205877,0.9958089738726655
673874.0,386,0.0311186,0.374902,0.989474,10000,10,10,0.00158146,1.65779e-05,0.9602324252688198,0.9959284032616184
305878.0,390,0.110208,0.38896,0.99,10000,10,10,7.76294e-05,0.000110869,0.9911892452082696,0.9894705650673932
205716.0,500,0.311701,0.165885,0.99,10000,10,12,3.88149e-15,0.00256146,0.9999999376983949,0.9493891316019968
421344.0,500,0.325935,0.145271,0.99,10000,10,14,2.32088e-13,0.00128144,0.9999995182448754,0.9642027934050714
200000.0,500,0.260097,0.11057,0.99,10000,10,13,5.2955e-17,0.00765237,0.9999999927229813,0.9125221742382676
200000.0,478,0.338028,0.168369,0.99,10000,10,10,2.29774e-15,0.00292569,0.9999999520652527,0.9459103521919398
637095.0,382,0.0454743,0.31484,0.99,10000,10,15,0.000603124,3.42926e-05,0.9754414169789868,0.9941440116120334
200000.0,487,0.337356,0.130612,0.99,10000,10,17,2.18958e-16,0.00520565,0.9999999852027706,0.9278498094250611
226876.0,494,0.354081,0.204884,0.99,10000,10,17,5.87213e-13,0.00109303,0.9999992337017551,0.9669389957805272
512517.0,471,0.0311186,0.46134,0.99,10000,10,14,0.00252278,1.07372e-05,0.9497727165775413,0.9967232333009505
571636.0,354,0.0311186,0.499817,0.99,10000,10,16,0.00194188,1.49018e-05,0.9559332324761618,0.9961397150364254
267385.0,500,0.308561,0.178987,0.99,10000,10,12,7.84241e-14,0.00143442,0.9999997199569676,0.9621262623972758
462379.0,475,0.0255596,0.732442,0.99,10000,10,17,0.00454728,5.18213e-06,0.9325664771793731,0.9977235707786096
200000.0,500,0.35354,0.1,0.99,10000,10,19,2.9297e-17,0.00901332,0.9999999945873297,0.9050614935866379
200000.0,478,0.338028,0.183183,0.99,10000,10,10,8.96231e-15,0.00228396,0.9999999053305223,0.9522092059074135
305878.0,397,0.110208,0.38896,0.99,10000,10,12,0.000103168,0.000102032,0.9898428350412135,0.9898989109498035
501356.0,412,0.193773,0.204992,0.99,10000,10,13,1.10002e-09,0.000405885,0.9999668334505865,0.9798534121995808
201120.0,487,0.36255,0.140941,0.99,10000,10,16,4.65219e-16,0.00425645,0.999999978431064,0.9347585254611761
231664.0,498,0.31241,0.163446,0.988614,10000,10,13,4.9175e-15,0.00247573,0.9999999298751114,0.9502432919095325
245017.0,494,0.354081,0.123864,0.99,10000,10,14,3.44129e-16,0.00493405,0.9999999814492857,0.9297572067753567
200000.0,485,0.337356,0.130612,0.99,10000,10,17,2.14453e-16,0.0052559,0.9999999853557862,0.9275024138332868
231664.0,474,0.31241,0.163446,0.988614,10000,10,24,3.34647e-15,0.00281779,0.999999942151318,0.9469171402428241
200000.0,482,0.335472,0.159669,0.988075,10000,10,13,1.4447e-15,0.00331147,0.9999999619907906,0.9424546265977881
439910.0,414,0.0836216,0.353217,0.9882,10000,10,11,0.00041372,5.20977e-05,0.979659891839029,0.9927821263518956
535150.0,377,0.0255596,0.732442,0.99,10000,10,12,0.00398688,6.27452e-06,0.9368582546962788,0.9974951008004312
642452.0,401,0.0338871,0.325814,0.99,10000,10,10,0.000979421,3.15841e-05,0.9687042974196136,0.9943800266904549
200000.0,484,0.277745,0.1,0.99,12860,10,15,1.53082e-17,0.00977725,0.9999999960874305,0.9011200222491934
512517.0,500,0.0100661,0.732442,0.99,10000,10,12,0.00528094,4.56013e-06,0.9273299236273966,0.9978645539107718
201473.0,500,0.315916,0.102465,0.99,10000,10,20,3.25055e-17,0.00862099,0.9999999942986405,0.9071507135191659
200000.0,500,0.308561,0.113975,0.99,10000,10,12,7.41323e-17,0.0070156,0.9999999913899884,0.916240821398488
495539.0,500,0.0255596,0.732077,0.99,10000,10,12,0.00511209,4.90345e-06,0.9285011188898735,0.997785626499436
452468.0,398,0.0255596,0.70459,0.99,10000,10,10,0.0033487,8.20945e-06,0.9421320468652986,0.9971347862208904
200000.0,489,0.316891,0.10985,0.99,10000,10,14,4.32568e-17,0.0079156,0.9999999934230098,0.911030342250855
280588.0,500,0.311701,0.165885,0.99,10000,10,12,2.66175e-14,0.0017949,0.9999998368512948,0.9576337398393486
200000.0,500,0.3288,0.136665,0.99,10000,10,18,4.40578e-16,0.00434728,0.99999997901005,0.934066093699827
631024.0,343,0.0344128,0.457153,0.99,10000,10,10,0.00171425,1.57126e-05,0.9585964977326796,0.9960360877910832
200636.0,500,0.347561,0.116527,0.99,10000,10,10,1.08675e-16,0.00663072,0.9999999895752698,0.9185707669199814
200000.0,500,0.3288,0.146515,0.99,10000,10,13,7.60059e-16,0.00367535,0.9999999724308324,0.9393753350524723
200000.0,467,0.277745,0.116986,0.99,10000,10,19,6.14155e-17,0.00759007,0.9999999921631958,0.9128789922005031
201473.0,500,0.40888,0.116986,0.99,10000,10,19,1.8085e-16,0.00599706,0.9999999865519518,0.922559313019576
459380.0,355,0.0618277,0.459109,0.99,10000,10,13,0.000855598,3.22087e-05,0.9707493931686879,0.9943247290813566
462379.0,500,0.0255596,0.732442,0.99,10000,10,17,0.004812,4.92891e-06,0.9306314192159015,0.9977798851381066
723456.0,456,0.0338871,0.325814,0.99,10000,10,12,0.00210631,1.40242e-05,0.9541054469462878,0.9962551101484823
245017.0,494,0.354081,0.123864,0.99,10000,10,14,3.44129e-16,0.00493405,0.9999999814492857,0.9297572067753567
200000.0,500,0.318154,0.1,0.99,10000,10,15,2.03737e-17,0.00926527,0.9999999954862765,0.9037437274771145
215723.0,487,0.36255,0.140941,0.99,10000,10,16,5.69987e-16,0.00406241,0.9999999761255994,0.936262962102087
462379.0,439,0.0255596,0.732442,0.99,10000,10,11,0.00412489,5.72957e-06,0.935774693461222,0.9976063479785064
540603.0,388,0.0311186,0.58136,0.99,10000,10,16,0.00298538,9.40238e-06,0.945361368977618,0.9969336699460104
473268.0,398,0.196676,0.204992,0.99,10000,10,12,4.78407e-11,0.000692613,0.9999930833028113,0.9736824583214921
512517.0,498,0.0311186,0.46134,0.99,10000,10,11,0.00281088,9.53614e-06,0.9469822671175011,0.9969119358814947
537295.0,474,0.0311412,0.455582,0.99,10000,10,12,0.0026919,9.97425e-06,0.9481164766038389,0.9968417963966837
592498.0,349,0.0311186,0.525004,0.99,10000,10,14,0.00226322,1.20828e-05,0.952426688153966,0.9965239677792057
200000.0,478,0.338028,0.183183,0.99,10000,10,10,8.96231e-15,0.00228396,0.9999999053305223,0.9522092059074135
200000.0,489,0.316891,0.127197,0.99,10000,10,16,2.09087e-16,0.00550776,0.999999985540159,0.9257857156606627
200000.0,489,0.316891,0.1,0.99,10000,10,19,1.90101e-17,0.00964102,0.9999999956399427,0.9018113041129479
462379.0,383,0.0255596,0.8,0.989996,10000,10,11,0.00387852,6.26524e-06,0.9377222351075442,0.997496953855799
462379.0,498,0.0255596,0.732442,0.99,10000,10,12,0.00478275,5.06268e-06,0.9308425708979867,0.9977499600003555
515017.0,355,0.049815,0.459109,0.99,10000,10,13,0.00117466,2.39324e-05,0.9657266867665234,0.9951079247757214
512517.0,471,0.0311186,0.46134,0.99,10000,10,14,0.00252278,1.07372e-05,0.9497727165775413,0.9967232333009505
462379.0,461,0.0255596,0.732442,0.99,10000,10,12,0.00438404,5.36794e-06,0.933787916510655,0.9976831184751913
723456.0,401,0.0338871,0.325814,0.99,10000,10,12,0.00138817,1.75654e-05,0.9627418465299205,0.9958088903617299
462379.0,475,0.0255596,0.732442,0.99,10000,10,17,0.00454728,5.18213e-06,0.9325664771793731,0.9977235707786096
501930.0,479,0.0311186,0.514598,0.99,10000,10,15,0.00312114,8.74789e-06,0.9441328361199532,0.9970423167850495
501356.0,412,0.193773,0.204992,0.99,10000,10,13,1.10002e-09,0.000405885,0.9999668334505865,0.9798534121995808
500891.0,367,0.0255596,0.730473,0.989989,10000,10,12,0.003523,7.09016e-06,0.9406451349929932,0.9973372645644
571636.0,354,0.0311186,0.499817,0.988379,10000,10,16,0.00193814,1.55001e-05,0.955975688534629,0.9960629833630019
637095.0,382,0.0454743,0.31862,0.99,10000,10,15,0.000642943,3.23606e-05,0.974643679288982,0.9943113622017218
439910.0,414,0.0836216,0.344838,0.9882,10000,10,11,0.000336318,5.53941e-05,0.9816610251104376,0.9925572787234775
200000.0,500,0.360724,0.1,0.99,10000,10,19,3.14662e-17,0.0089767,0.9999999943905259,0.9052545515605103
214603.0,482,0.335472,0.159669,0.988075,10000,10,13,1.80443e-15,0.00315396,0.9999999575214171,0.9438398717950182
242879.0,500,0.352255,0.202471,0.99,10000,10,18,1.18196e-12,0.000961158,0.9999989128201621,0.9689974517176411
201473.0,500,0.391188,0.116986,0.99,10000,10,19,1.49818e-16,0.00614166,0.9999999877599837,0.9216312562305609
205716.0,500,0.311701,0.165885,0.99,10000,10,12,3.88149e-15,0.00256146,0.9999999376983949,0.9493891316019968
643568.0,401,0.0338871,0.325814,0.99,10000,10,12,0.000993686,3.07575e-05,0.9684772145900779,0.9944540555357991
637095.0,367,0.0454743,0.31484,0.99,10000,10,11,0.000474318,4.3747e-05,0.9782211570555275,0.9933858485049101
231664.0,474,0.31241,0.163446,0.988614,10000,10,24,3.34647e-15,0.00281779,0.999999942151318,0.9469171402428241
221317.0,500,0.3288,0.146515,0.989995,10000,10,13,1.04539e-15,0.00342147,0.9999999676675086,0.941506667046577
200000.0,467,0.354081,0.207002,0.99,10000,10,13,7.07336e-14,0.00158601,0.9999997340421086,0.9601752589462279
631024.0,343,0.0344128,0.439953,0.99,10000,10,10,0.00152198,1.75647e-05,0.9609874379205877,0.9958089738726655
462379.0,416,0.0255596,0.8,0.989996,10000,10,11,0.00430812,5.50259e-06,0.9343637295392251,0.9976542399952254
620564.0,343,0.0311186,0.525004,0.99,10000,10,14,0.00239048,1.15974e-05,0.9511074647824436,0.9965945044413478
462379.0,416,0.0255596,0.782335,0.989999,10000,10,11,0.0041906,5.66051e-06,0.9352651562139832,0.9976208173672456
200000.0,478,0.338028,0.168369,0.99,10000,10,10,2.29774e-15,0.00292569,0.9999999520652527,0.9459103521919398
477178.0,490,0.0824798,0.260956,0.99,10000,10,15,0.000204063,5.69452e-05,0.9857149378720287,0.992453795656093
200000.0,500,0.260097,0.11057,0.99,10000,10,13,5.2955e-17,0.00765237,0.9999999927229813,0.9125221742382676
637095.0,382,0.0454743,0.31484,0.99,10000,10,15,0.000603124,3.42926e-05,0.9754414169789868,0.9941440116120334
200000.0,487,0.337356,0.130612,0.99,10000,10,17,2.18958e-16,0.00520565,0.9999999852027706,0.9278498094250611
571636.0,354,0.0311186,0.499817,0.99,10000,10,16,0.00194188,1.49018e-05,0.9559332324761618,0.9961397150364254
500891.0,387,0.0255596,0.730473,0.989995,10000,10,16,0.00380987,6.3994e-06,0.9382758556154887,0.997470296460057
267385.0,500,0.308561,0.178987,0.99,10000,10,12,7.84241e-14,0.00143442,0.9999997199569676,0.9621262623972758
500891.0,371,0.0255596,0.730473,0.989989,10000,10,12,0.00357948,6.93001e-06,0.9401712443719578,0.9973675087844401
462379.0,475,0.0255596,0.732442,0.99,10000,10,17,0.00454728,5.18213e-06,0.9325664771793731,0.9977235707786096
220280.0,476,0.235737,0.297769,0.99,10000,10,12,1.2993e-07,0.00026095,0.9996395419580589,0.9838460531138672
359597.0,493,0.0824798,0.260956,0.99,10000,10,18,2.20311e-05,0.000151254,0.9953062701398568,0.9877014635017007
201120.0,487,0.36255,0.140941,0.99,10000,10,16,4.65219e-16,0.00425645,0.999999978431064,0.9347585254611761
317581.0,478,0.3338,0.183183,0.99,10000,10,12,5.55486e-13,0.00107029,0.9999992546906682,0.9672847130533752
245017.0,494,0.354081,0.123864,0.99,10000,10,14,3.44129e-16,0.00493405,0.9999999814492857,0.9297572067753567
200000.0,485,0.337356,0.130612,0.99,10000,10,17,2.14453e-16,0.0052559,0.9999999853557862,0.9275024138332868
200000.0,482,0.335472,0.159669,0.988075,10000,10,13,1.4447e-15,0.00331147,0.9999999619907906,0.9424546265977881
439910.0,414,0.0836216,0.353217,0.9882,10000,10,11,0.00041372,5.20977e-05,0.979659891839029,0.9927821263518956
200000.0,489,0.316891,0.10985,0.99,10000,10,14,4.32568e-17,0.0079156,0.9999999934230098,0.911030342250855
200636.0,500,0.347561,0.116527,0.99,10000,10,12,1.13119e-16,0.00637162,0.9999999893642584,0.9201775720740092
642452.0,401,0.0338871,0.325814,0.99,10000,10,10,0.000979421,3.15841e-05,0.9687042974196136,0.9943800266904549
643568.0,433,0.0338871,0.325814,0.99,10000,10,12,0.00128726,2.01777e-05,0.9641215942383166,0.9955080405166564
461381.0,450,0.0311412,0.585381,0.99,10000,10,17,0.00311371,8.76605e-06,0.944199372763382,0.9970392484062319
200000.0,489,0.316891,0.127197,0.99,10000,10,19,2.13838e-16,0.00547619,0.9999999853767992,0.9259987162273519
512517.0,500,0.0100661,0.732442,0.99,10000,10,12,0.00528094,4.56013e-06,0.9273299236273966,0.9978645539107718
200000.0,484,0.277745,0.1,0.99,12860,10,15,1.53082e-17,0.00977725,0.9999999960874305,0.9011200222491934
515017.0,355,0.049815,0.459109,0.99,10000,10,13,0.00117466,2.39324e-05,0.9657266867665234,0.9951079247757214
661411.0,382,0.0454743,0.31862,0.99,10000,10,15,0.000753812,2.79006e-05,0.9725443630560134,0.9947178981456243
495539.0,500,0.0255596,0.732077,0.99,10000,10,12,0.00511209,4.90345e-06,0.9285011188898735,0.997785626499436
201473.0,500,0.391188,0.131187,0.99,10000,10,19,3.20444e-16,0.00468839,0.9999999820990503,0.9315281809793255
631024.0,343,0.0344128,0.457153,0.99,10000,10,10,0.00171425,1.57126e-05,0.9585964977326796,0.9960360877910832
452468.0,398,0.0255596,0.70459,0.99,10000,10,10,0.0033487,8.20945e-06,0.9421320468652986,0.9971347862208904
200000.0,500,0.308561,0.113975,0.99,10000,10,12,7.41323e-17,0.0070156,0.9999999913899884,0.916240821398488
215723.0,500,0.36255,0.1,0.99,14416,10,16,3.6736e-17,0.00829048,0.999999993938977,0.908947926986806
201473.0,500,0.315916,0.102465,0.99,10000,10,20,3.25055e-17,0.00862099,0.9999999942986405,0.9071507135191659
200636.0,500,0.347561,0.116527,0.99,10000,10,10,1.08675e-16,0.00663072,0.9999999895752698,0.9185707669199814
200000.0,500,0.3288,0.146515,0.99,10000,10,13,7.60059e-16,0.00367535,0.9999999724308324,0.9393753350524723
201473.0,500,0.40888,0.116986,0.99,10000,10,19,1.8085e-16,0.00599706,0.9999999865519518,0.922559313019576
200000.0,500,0.360724,0.1,0.99,10000,10,19,3.14662e-17,0.0089767,0.9999999943905259,0.9052545515605103
462379.0,500,0.0255596,0.732442,0.99,10000,10,17,0.004812,4.92891e-06,0.9306314192159015,0.9977798851381066
631024.0,343,0.0344128,0.439953,0.99,10000,10,10,0.00152198,1.75647e-05,0.9609874379205877,0.9958089738726655
215723.0,487,0.36255,0.140941,0.99,10000,10,16,5.69987e-16,0.00406241,0.9999999761255994,0.936262962102087
200000.0,489,0.308561,0.113975,0.99,10000,10,12,6.60793e-17,0.00736424,0.9999999918710825,0.9141848498224235
200000.0,487,0.337356,0.130612,0.99,10000,10,17,2.18958e-16,0.00520565,0.9999999852027706,0.9278498094250611
462379.0,383,0.0255596,0.8,0.989996,10000,10,11,0.00387852,6.26524e-06,0.9377222351075442,0.997496953855799
540603.0,388,0.0311186,0.58136,0.99,10000,10,16,0.00298538,9.40238e-06,0.945361368977618,0.9969336699460104
512517.0,471,0.0311186,0.46134,0.99,10000,10,14,0.00252278,1.07372e-05,0.9497727165775413,0.9967232333009505
200000.0,500,0.3288,0.240085,0.99,10000,10,19,3.56664e-11,0.000668825,0.9999940278647035,0.9741383488539498
500891.0,387,0.0255596,0.730473,0.989995,10000,10,16,0.00380987,6.3994e-06,0.9382758556154887,0.997470296460057
359597.0,493,0.0824798,0.260956,0.99,10000,10,18,2.20311e-05,0.000151254,0.9953062701398568,0.9877014635017007
500891.0,371,0.0255596,0.730473,0.989989,10000,10,12,0.00357948,6.93001e-06,0.9401712443719578,0.9973675087844401
537295.0,474,0.0311412,0.455582,0.99,10000,10,12,0.0026919,9.97425e-06,0.9481164766038389,0.9968417963966837
200000.0,489,0.316891,0.127197,0.99,10000,10,16,2.09087e-16,0.00550776,0.999999985540159,0.9257857156606627
267385.0,500,0.308561,0.178987,0.99,10000,10,12,7.84241e-14,0.00143442,0.9999997199569676,0.9621262623972758
280588.0,500,0.311701,0.165885,0.99,10000,10,12,2.66175e-14,0.0017949,0.9999998368512948,0.9576337398393486
200000.0,489,0.316891,0.1,0.99,10000,10,19,1.90101e-17,0.00964102,0.9999999956399427,0.9018113041129479
328021.0,500,0.3288,0.146515,0.99,10000,10,13,1.45112e-14,0.0020916,0.9999998795375578,0.9542659863996172
200636.0,500,0.347561,0.116527,0.99,10000,10,12,1.13119e-16,0.00637162,0.9999999893642584,0.9201775720740092
620564.0,343,0.0311186,0.525004,0.99,10000,10,14,0.00239048,1.15974e-05,0.9511074647824436,0.9965945044413478
200000.0,478,0.338028,0.183183,0.99,10000,10,10,8.96231e-15,0.00228396,0.9999999053305223,0.9522092059074135
462379.0,498,0.0255596,0.732442,0.99,10000,10,12,0.00478275,5.06268e-06,0.9308425708979867,0.9977499600003555
499294.0,471,0.0255596,0.638643,0.99,10000,10,12,0.00411581,5.83592e-06,0.9358454210519623,0.9975842351107775
462379.0,461,0.0255596,0.732442,0.99,10000,10,12,0.00438404,5.36794e-06,0.933787916510655,0.9976831184751913
462379.0,498,0.0255596,0.700935,0.99,10000,10,16,0.00456274,5.15352e-06,0.9324519430331264,0.997729863440231
501930.0,479,0.0311186,0.514598,0.99,10000,10,15,0.00312114,8.74789e-06,0.9441328361199532,0.9970423167850495
200000.0,500,0.3288,0.136665,0.99,10000,10,18,4.40578e-16,0.00434728,0.99999997901005,0.934066093699827
439910.0,379,0.0836216,0.353217,0.9882,10000,10,15,0.000194485,6.79523e-05,0.986054212105442,0.9917566814934761
500891.0,367,0.0255596,0.730473,0.989989,10000,10,12,0.003523,7.09016e-06,0.9406451349929932,0.9973372645644
571636.0,354,0.0311186,0.499817,0.988379,10000,10,16,0.00193814,1.55001e-05,0.955975688534629,0.9960629833630019
643568.0,433,0.0338871,0.325814,0.99,10000,10,12,0.00128726,2.01777e-05,0.9641215942383166,0.9955080405166564
200000.0,500,0.318154,0.1,0.99,10000,10,15,2.03737e-17,0.00926527,0.9999999954862765,0.9037437274771145
439910.0,414,0.0836216,0.344838,0.9882,10000,10,11,0.000336318,5.53941e-05,0.9816610251104376,0.9925572787234775
242879.0,500,0.352255,0.202471,0.99,10000,10,18,1.18196e-12,0.000961158,0.9999989128201621,0.9689974517176411
592498.0,349,0.0311186,0.525004,0.99,10000,10,14,0.00226322,1.20828e-05,0.952426688153966,0.9965239677792057
317581.0,478,0.3338,0.183183,0.99,10000,10,12,5.55486e-13,0.00107029,0.9999992546906682,0.9672847130533752
200000.0,489,0.316891,0.10985,0.99,10000,10,14,4.32568e-17,0.0079156,0.9999999934230098,0.911030342250855
201473.0,500,0.391188,0.116986,0.99,10000,10,19,1.49818e-16,0.00614166,0.9999999877599837,0.9216312562305609
205716.0,500,0.311701,0.165885,0.99,10000,10,12,3.88149e-15,0.00256146,0.9999999376983949,0.9493891316019968
221317.0,500,0.3288,0.146515,0.989995,10000,10,13,1.04539e-15,0.00342147,0.9999999676675086,0.941506667046577
214603.0,482,0.335472,0.159669,0.988075,10000,10,13,1.80443e-15,0.00315396,0.9999999575214171,0.9438398717950182
200000.0,467,0.354081,0.207002,0.99,10000,10,13,7.07336e-14,0.00158601,0.9999997340421086,0.9601752589462279
462379.0,416,0.0255596,0.8,0.989996,10000,10,11,0.00430812,5.50259e-06,0.9343637295392251,0.9976542399952254
462379.0,416,0.0255596,0.782335,0.989999,10000,10,11,0.0041906,5.66051e-06,0.9352651562139832,0.9976208173672456
200000.0,478,0.338028,0.168369,0.99,10000,10,10,2.29774e-15,0.00292569,0.9999999520652527,0.9459103521919398
723456.0,456,0.0338871,0.325814,0.99,10000,10,12,0.00210631,1.40242e-05,0.9541054469462878,0.9962551101484823
512517.0,498,0.0311186,0.46134,0.99,10000,10,11,0.00281088,9.53614e-06,0.9469822671175011,0.9969119358814947
200000.0,500,0.260097,0.11057,0.99,10000,10,13,5.2955e-17,0.00765237,0.9999999927229813,0.9125221742382676
637095.0,382,0.0454743,0.31484,0.99,10000,10,15,0.000603124,3.42926e-05,0.9754414169789868,0.9941440116120334
571636.0,354,0.0311186,0.499817,0.99,10000,10,16,0.00194188,1.49018e-05,0.9559332324761618,0.9961397150364254
462379.0,475,0.0255596,0.732442,0.99,10000,10,17,0.00454728,5.18213e-06,0.9325664771793731,0.9977235707786096
220280.0,476,0.235737,0.297769,0.99,10000,10,12,1.2993e-07,0.00026095,0.9996395419580589,0.9838460531138672
200000.0,500,0.3288,0.1,0.99,10000,10,14,2.2039e-17,0.00924375,0.9999999953054287,0.9038555773848529
200000.0,467,0.277745,0.116986,0.99,10000,10,19,6.14155e-17,0.00759007,0.9999999921631958,0.9128789922005031
637095.0,382,0.0454743,0.31862,0.99,10000,10,15,0.000642943,3.23606e-05,0.974643679288982,0.9943113622017218
201120.0,487,0.36255,0.140941,0.99,10000,10,16,4.65219e-16,0.00425645,0.999999978431064,0.9347585254611761
477178.0,490,0.0824798,0.260956,0.99,10000,10,15,0.000204063,5.69452e-05,0.9857149378720287,0.992453795656093
231664.0,474,0.31241,0.163446,0.988614,10000,10,24,3.34647e-15,0.00281779,0.999999942151318,0.9469171402428241
637095.0,367,0.0454743,0.31484,0.99,10000,10,11,0.000474318,4.3747e-05,0.9782211570555275,0.9933858485049101
200000.0,485,0.337356,0.130612,0.99,10000,10,17,2.14453e-16,0.0052559,0.9999999853557862,0.9275024138332868
200000.0,489,0.316891,0.10985,0.99,10000,10,14,4.32568e-17,0.0079156,0.9999999934230098,0.911030342250855
501356.0,412,0.193773,0.204992,0.99,10000,10,13,1.10002e-09,0.000405885,0.9999668334505865,0.9798534121995808
581681.0,349,0.0311186,0.525004,0.99,10000,10,14,0.00218153,1.26186e-05,0.9532931482542443,0.9964477331181343
244292.0,500,0.3288,0.154699,0.99,10000,10,13,3.41927e-15,0.00265363,0.9999999415254757,0.9484866036840901
461381.0,450,0.0311412,0.585381,0.99,10000,10,17,0.00311371,8.76605e-06,0.944199372763382,0.9970392484062319
512517.0,500,0.0100661,0.732442,0.99,10000,10,12,0.00528094,4.56013e-06,0.9273299236273966,0.9978645539107718
200000.0,484,0.277745,0.1,0.99,12860,10,15,1.53082e-17,0.00977725,0.9999999960874305,0.9011200222491934
512517.0,500,0.0100661,0.732442,0.99,10000,10,12,0.00528094,4.56013e-06,0.9273299236273966,0.9978645539107718
661411.0,382,0.0454743,0.31862,0.99,10000,10,15,0.000753812,2.79006e-05,0.9725443630560134,0.9947178981456243
631024.0,343,0.0344128,0.439953,0.99,10000,10,10,0.00152198,1.75647e-05,0.9609874379205877,0.9958089738726655
502443.0,355,0.049815,0.459109,0.989386,10000,10,13,0.00108798,2.59351e-05,0.9670154581659832,0.9949073484313179
631024.0,343,0.0344128,0.457153,0.99,10000,10,10,0.00171425,1.57126e-05,0.9585964977326796,0.9960360877910832
452468.0,398,0.0255596,0.70459,0.99,10000,10,10,0.0033487,8.20945e-06,0.9421320468652986,0.9971347862208904
200000.0,489,0.316891,0.127197,0.99,10000,10,16,2.09087e-16,0.00550776,0.999999985540159,0.9257857156606627
215723.0,500,0.36255,0.1,0.99,14416,10,16,3.6736e-17,0.00829048,0.999999993938977,0.908947926986806
643568.0,433,0.0338871,0.325814,0.99,10000,10,12,0.00128726,2.01777e-05,0.9641215942383166,0.9955080405166564
200000.0,500,0.308561,0.113975,0.99,10000,10,12,7.41323e-17,0.0070156,0.9999999913899884,0.916240821398488
495539.0,500,0.0255596,0.732077,0.99,10000,10,12,0.00511209,4.90345e-06,0.9285011188898735,0.997785626499436
462379.0,500,0.0255596,0.732442,0.99,10000,10,17,0.004812,4.92891e-06,0.9306314192159015,0.9977798851381066
201473.0,500,0.315916,0.102465,0.99,10000,10,20,3.25055e-17,0.00862099,0.9999999942986405,0.9071507135191659
499294.0,471,0.0255596,0.638643,0.99,10000,10,12,0.00411581,5.83592e-06,0.9358454210519623,0.9975842351107775
200000.0,489,0.308561,0.113975,0.99,10000,10,12,6.60793e-17,0.00736424,0.9999999918710825,0.9141848498224235
200000.0,487,0.337356,0.130612,0.99,10000,10,17,2.18958e-16,0.00520565,0.9999999852027706,0.9278498094250611
462379.0,383,0.0255596,0.8,0.989996,10000,10,11,0.00387852,6.26524e-06,0.9377222351075442,0.997496953855799
512517.0,471,0.0311186,0.46134,0.99,10000,10,14,0.00252278,1.07372e-05,0.9497727165775413,0.9967232333009505
359597.0,493,0.0824798,0.260956,0.99,10000,10,18,2.20311e-05,0.000151254,0.9953062701398568,0.9877014635017007
512517.0,498,0.0311186,0.46134,0.99,10000,10,11,0.00281088,9.53614e-06,0.9469822671175011,0.9969119358814947
537295.0,474,0.0311412,0.455582,0.99,10000,10,12,0.0026919,9.97425e-06,0.9481164766038389,0.9968417963966837
221317.0,500,0.3288,0.146515,0.989995,10000,10,13,1.04539e-15,0.00342147,0.9999999676675086,0.941506667046577
201473.0,500,0.391188,0.131187,0.99,10000,10,19,3.20444e-16,0.00468839,0.9999999820990503,0.9315281809793255
637095.0,367,0.0454743,0.31484,0.99,10000,10,11,0.000474318,4.3747e-05,0.9782211570555275,0.9933858485049101
439910.0,414,0.0836216,0.344838,0.9882,10000,10,11,0.000336318,5.53941e-05,0.9816610251104376,0.9925572787234775
200000.0,500,0.3288,0.240085,0.99,10000,10,19,3.56664e-11,0.000668825,0.9999940278647035,0.9741383488539498
200000.0,489,0.316891,0.1,0.99,10000,10,19,1.90101e-17,0.00964102,0.9999999956399427,0.9018113041129479
267385.0,500,0.308561,0.178987,0.99,10000,10,12,7.84241e-14,0.00143442,0.9999997199569676,0.9621262623972758
280588.0,500,0.311701,0.165885,0.99,10000,10,12,2.66175e-14,0.0017949,0.9999998368512948,0.9576337398393486
214603.0,482,0.335472,0.159669,0.988075,10000,10,13,1.80443e-15,0.00315396,0.9999999575214171,0.9438398717950182
201473.0,500,0.40888,0.116986,0.99,10000,10,19,1.8085e-16,0.00599706,0.9999999865519518,0.922559313019576
200636.0,500,0.347561,0.116527,0.99,10000,10,12,1.13119e-16,0.00637162,0.9999999893642584,0.9201775720740092
317581.0,478,0.3338,0.183183,0.99,10000,10,12,5.55486e-13,0.00107029,0.9999992546906682,0.9672847130533752
200000.0,478,0.338028,0.183183,0.99,10000,10,10,8.96231e-15,0.00228396,0.9999999053305223,0.9522092059074135
462379.0,498,0.0255596,0.732442,0.99,10000,10,12,0.00478275,5.06268e-06,0.9308425708979867,0.9977499600003555
723456.0,456,0.0338871,0.325814,0.99,10000,10,12,0.00210631,1.40242e-05,0.9541054469462878,0.9962551101484823
462379.0,498,0.0255596,0.700935,0.99,10000,10,16,0.00456274,5.15352e-06,0.9324519430331264,0.997729863440231
501930.0,479,0.0311186,0.514598,0.99,10000,10,15,0.00312114,8.74789e-06,0.9441328361199532,0.9970423167850495
439910.0,379,0.0836216,0.353217,0.9882,10000,10,15,0.000194485,6.79523e-05,0.986054212105442,0.9917566814934761
500891.0,367,0.0255596,0.730473,0.989989,10000,10,12,0.003523,7.09016e-06,0.9406451349929932,0.9973372645644
462379.0,383,0.0255596,0.767893,0.989996,10000,10,11,0.00366797,6.80101e-06,0.9394362319534195,0.9973921253864497
571636.0,354,0.0311186,0.499817,0.988379,10000,10,16,0.00193814,1.55001e-05,0.955975688534629,0.9960629833630019
501356.0,412,0.193773,0.204992,0.99,10000,10,13,1.10002e-09,0.000405885,0.9999668334505865,0.9798534121995808
200000.0,500,0.318154,0.1,0.99,10000,10,15,2.03737e-17,0.00926527,0.9999999954862765,0.9037437274771145
500891.0,387,0.0255596,0.730473,0.989995,10000,10,16,0.00380987,6.3994e-06,0.9382758556154887,0.997470296460057
592498.0,349,0.0311186,0.525004,0.99,10000,10,14,0.00226322,1.20828e-05,0.952426688153966,0.9965239677792057
215723.0,495,0.36255,0.140941,0.99,10000,10,16,6.38677e-16,0.00389416,0.9999999747279403,0.9375967949541051
200636.0,500,0.336994,0.116527,0.99,10000,10,10,9.88902e-17,0.00671648,0.9999999900556448,0.9180458664861864
200000.0,489,0.316891,0.10985,0.99,10000,10,14,4.32568e-17,0.0079156,0.9999999934230098,0.911030342250855
201473.0,500,0.391188,0.116986,0.99,10000,10,19,1.49818e-16,0.00614166,0.9999999877599837,0.9216312562305609
515017.0,355,0.049815,0.459109,0.99,10000,10,13,0.00117466,2.39324e-05,0.9657266867665234,0.9951079247757214
200000.0,500,0.360724,0.1,0.99,10000,10,19,3.14662e-17,0.0089767,0.9999999943905259,0.9052545515605103
205716.0,500,0.311701,0.165885,0.99,10000,10,12,3.88149e-15,0.00256146,0.9999999376983949,0.9493891316019968
215723.0,487,0.36255,0.140941,0.99,10000,10,16,5.69987e-16,0.00406241,0.9999999761255994,0.936262962102087
462379.0,416,0.0255596,0.8,0.989996,10000,10,11,0.00430812,5.50259e-06,0.9343637295392251,0.9976542399952254
462379.0,416,0.0255596,0.782335,0.989999,10000,10,11,0.0041906,5.66051e-06,0.9352651562139832,0.9976208173672456
200000.0,476,0.316891,0.106389,0.99,10000,10,18,3.22081e-17,0.00887,0.9999999943247819,0.9058193225762312
201473.0,500,0.391188,0.131187,0.99,10000,10,19,3.20444e-16,0.00468839,0.9999999820990503,0.9315281809793255
200000.0,500,0.3288,0.136665,0.99,10000,10,18,4.40578e-16,0.00434728,0.99999997901005,0.934066093699827
200000.0,478,0.338028,0.168369,0.99,10000,10,10,2.29774e-15,0.00292569,0.9999999520652527,0.9459103521919398
200000.0,500,0.260097,0.11057,0.99,10000,10,13,5.2955e-17,0.00765237,0.9999999927229813,0.9125221742382676
637095.0,382,0.0454743,0.31484,0.99,10000,10,15,0.000603124,3.42926e-05,0.9754414169789868,0.9941440116120334
540603.0,388,0.0311186,0.58136,0.99,10000,10,14,0.00298183,9.41116e-06,0.9453938648135578,0.9969322386011947
498299.0,461,0.0255596,0.797098,0.99,10000,10,12,0.00515776,4.90242e-06,0.9281824533975157,0.9977858590830754
462379.0,461,0.0255596,0.732442,0.99,10000,10,12,0.00438404,5.36794e-06,0.933787916510655,0.9976831184751913
571636.0,354,0.0311186,0.499817,0.99,10000,10,16,0.00194188,1.49018e-05,0.9559332324761618,0.9961397150364254
463278.0,469,0.0255596,0.730473,0.989999,10000,10,16,0.0044748,5.26471e-06,0.9331060540855901,0.9977055044127303
328021.0,500,0.3288,0.146515,0.99,10000,10,13,1.45112e-14,0.0020916,0.9999998795375578,0.9542659863996172
220280.0,476,0.235737,0.297769,0.99,10000,10,12,1.2993e-07,0.00026095,0.9996395419580589,0.9838460531138672
424680.0,474,0.31241,0.163446,0.988614,10000,10,24,2.5651e-12,0.000918747,0.999998398407043,0.969689160354751
581681.0,349,0.0311186,0.525004,0.99,10000,10,14,0.00218153,1.26186e-05,0.9532931482542443,0.9964477331181343
200000.0,500,0.3288,0.1,0.99,10000,10,14,2.2039e-17,0.00924375,0.9999999953054287,0.9038555773848529
200000.0,467,0.277745,0.116986,0.99,10000,10,19,6.14155e-17,0.00759007,0.9999999921631958,0.9128789922005031
637095.0,382,0.0454743,0.31862,0.99,10000,10,15,0.000642943,3.23606e-05,0.974643679288982,0.9943113622017218
201120.0,487,0.36255,0.140941,0.99,10000,10,16,4.65219e-16,0.00425645,0.999999978431064,0.9347585254611761
477178.0,490,0.0824798,0.260956,0.99,10000,10,15,0.000204063,5.69452e-05,0.9857149378720287,0.992453795656093
231664.0,474,0.31241,0.163446,0.988614,10000,10,24,3.34647e-15,0.00281779,0.999999942151318,0.9469171402428241
500891.0,371,0.0255596,0.730473,0.989989,10000,10,12,0.00357948,6.93001e-06,0.9401712443719578,0.9973675087844401
512517.0,500,0.0100661,0.732442,0.99,10000,10,12,0.00528094,4.56013e-06,0.9273299236273966,0.9978645539107718
200000.0,484,0.277745,0.1,0.99,12860,10,15,1.53082e-17,0.00977725,0.9999999960874305,0.9011200222491934
512517.0,500,0.0100661,0.732442,0.99,10000,10,12,0.00528094,4.56013e-06,0.9273299236273966,0.9978645539107718
661411.0,382,0.0454743,0.31862,0.99,10000,10,15,0.000753812,2.79006e-05,0.9725443630560134,0.9947178981456243
200000.0,487,0.337356,0.130612,0.99,10000,10,11,2.01751e-16,0.00541289,0.9999999857960921,0.9264276546520366
502443.0,355,0.049815,0.459109,0.989386,10000,10,13,0.00108798,2.59351e-05,0.9670154581659832,0.9949073484313179
452468.0,398,0.0255596,0.70459,0.99,10000,10,10,0.0033487,8.20945e-06,0.9421320468652986,0.9971347862208904
201473.0,500,0.40888,0.116986,0.99,10000,10,19,1.8085e-16,0.00599706,0.9999999865519518,0.922559313019576
215723.0,500,0.36255,0.1,0.99,14416,10,16,3.6736e-17,0.00829048,0.999999993938977,0.908947926986806
267385.0,500,0.308561,0.178987,0.99,10000,10,12,7.84241e-14,0.00143442,0.9999997199569676,0.9621262623972758
631024.0,343,0.0344128,0.457153,0.99,10000,10,10,0.00171425,1.57126e-05,0.9585964977326796,0.9960360877910832
643568.0,433,0.0338871,0.325814,0.99,10000,10,12,0.00128726,2.01777e-05,0.9641215942383166,0.9955080405166564
200636.0,500,0.336994,0.116527,0.99,10000,10,10,9.88902e-17,0.00671648,0.9999999900556448,0.9180458664861864
215723.0,495,0.36255,0.140941,0.99,10000,10,16,6.38677e-16,0.00389416,0.9999999747279403,0.9375967949541051
495539.0,500,0.0255596,0.732077,0.99,10000,10,12,0.00511209,4.90345e-06,0.9285011188898735,0.997785626499436
200000.0,489,0.316891,0.10985,0.99,10000,10,14,4.32568e-17,0.0079156,0.9999999934230098,0.911030342250855
592498.0,349,0.0311186,0.525004,0.99,10000,10,14,0.00226322,1.20828e-05,0.952426688153966,0.9965239677792057
200000.0,500,0.308561,0.113975,0.99,10000,10,12,7.41323e-17,0.0070156,0.9999999913899884,0.916240821398488
462379.0,500,0.0255596,0.732442,0.99,10000,10,17,0.004812,4.92891e-06,0.9306314192159015,0.9977798851381066
200636.0,500,0.347561,0.116527,0.99,10000,10,12,1.13119e-16,0.00637162,0.9999999893642584,0.9201775720740092
540603.0,388,0.0311186,0.58136,0.99,10000,10,14,0.00298183,9.41116e-06,0.9453938648135578,0.9969322386011947
631024.0,343,0.0344128,0.439953,0.99,10000,10,10,0.00152198,1.75647e-05,0.9609874379205877,0.9958089738726655
359597.0,493,0.0824798,0.260956,0.99,10000,10,18,2.20311e-05,0.000151254,0.9953062701398568,0.9877014635017007
512517.0,498,0.0311186,0.46134,0.99,10000,10,11,0.00281088,9.53614e-06,0.9469822671175011,0.9969119358814947
200000.0,487,0.337356,0.130612,0.99,10000,10,17,2.18958e-16,0.00520565,0.9999999852027706,0.9278498094250611
512517.0,471,0.0311186,0.46134,0.99,10000,10,14,0.00252278,1.07372e-05,0.9497727165775413,0.9967232333009505
317581.0,478,0.3338,0.183183,0.99,10000,10,12,5.55486e-13,0.00107029,0.9999992546906682,0.9672847130533752
439910.0,414,0.0836216,0.344838,0.9882,10000,10,11,0.000336318,5.53941e-05,0.9816610251104376,0.9925572787234775
200000.0,489,0.316891,0.1,0.99,10000,10,19,1.90101e-17,0.00964102,0.9999999956399427,0.9018113041129479
462379.0,383,0.0255596,0.8,0.989996,10000,10,11,0.00387852,6.26524e-06,0.9377222351075442,0.997496953855799
537295.0,474,0.0311412,0.455582,0.99,10000,10,12,0.0026919,9.97425e-06,0.9481164766038389,0.9968417963966837
221317.0,500,0.3288,0.146515,0.989995,10000,10,13,1.04539e-15,0.00342147,0.9999999676675086,0.941506667046577
200000.0,500,0.3288,0.240085,0.99,10000,10,19,3.56664e-11,0.000668825,0.9999940278647035,0.9741383488539498
462379.0,498,0.0255596,0.700935,0.99,10000,10,16,0.00456274,5.15352e-06,0.9324519430331264,0.997729863440231
462379.0,498,0.0255596,0.732442,0.99,10000,10,12,0.00478275,5.06268e-06,0.9308425708979867,0.9977499600003555
205716.0,500,0.311701,0.165885,0.99,10000,10,12,3.88149e-15,0.00256146,0.9999999376983949,0.9493891316019968
723456.0,456,0.0338871,0.325814,0.99,10000,10,12,0.00210631,1.40242e-05,0.9541054469462878,0.9962551101484823
513287.0,398,0.0255596,0.733458,0.99,10000,10,10,0.00408039,6.02138e-06,0.9361220695388462,0.9975461499638324
214603.0,482,0.335472,0.159669,0.988075,10000,10,13,1.80443e-15,0.00315396,0.9999999575214171,0.9438398717950182
439910.0,379,0.0836216,0.353217,0.9882,10000,10,15,0.000194485,6.79523e-05,0.986054212105442,0.9917566814934761
637095.0,367,0.0454743,0.31484,0.99,10000,10,11,0.000474318,4.3747e-05,0.9782211570555275,0.9933858485049101
500891.0,367,0.0255596,0.730473,0.989989,10000,10,12,0.003523,7.09016e-06,0.9406451349929932,0.9973372645644
462379.0,383,0.0255596,0.767893,0.989996,10000,10,11,0.00366797,6.80101e-06,0.9394362319534195,0.9973921253864497
200000.0,478,0.338028,0.168369,0.99,10000,10,10,2.29774e-15,0.00292569,0.9999999520652527,0.9459103521919398
571636.0,354,0.0311186,0.499817,0.988379,10000,10,16,0.00193814,1.55001e-05,0.955975688534629,0.9960629833630019
501930.0,479,0.0311186,0.514598,0.99,10000,10,15,0.00312114,8.74789e-06,0.9441328361199532,0.9970423167850495
501356.0,412,0.193773,0.204992,0.99,10000,10,13,1.10002e-09,0.000405885,0.9999668334505865,0.9798534121995808
200000.0,500,0.318154,0.1,0.99,10000,10,15,2.03737e-17,0.00926527,0.9999999954862765,0.9037437274771145
500891.0,387,0.0255596,0.730473,0.989995,10000,10,16,0.00380987,6.3994e-06,0.9382758556154887,0.997470296460057
200000.0,500,0.3288,0.136665,0.99,10000,10,18,4.40578e-16,0.00434728,0.99999997901005,0.934066093699827
200000.0,478,0.338028,0.183183,0.99,10000,10,10,8.96231e-15,0.00228396,0.9999999053305223,0.9522092059074135
328021.0,500,0.3288,0.146515,0.99,10000,10,13,1.45112e-14,0.0020916,0.9999998795375578,0.9542659863996172
200000.0,500,0.391188,0.116986,0.99,10000,10,23,1.48484e-16,0.00613657,0.9999999878145989,0.9216637376434131
200000.0,500,0.360724,0.1,0.99,10000,10,19,3.14662e-17,0.0089767,0.9999999943905259,0.9052545515605103
215723.0,495,0.364847,0.159847,0.99,10000,10,15,2.94678e-15,0.00273052,0.9999999457157481,0.9477456221929683
215723.0,487,0.36255,0.140941,0.99,10000,10,16,5.69987e-16,0.00406241,0.9999999761255994,0.936262962102087
200000.0,500,0.337356,0.130612,0.99,10000,10,17,2.52671e-16,0.00488066,0.9999999841043716,0.9301382794371624
280588.0,500,0.308451,0.165885,0.99,11219,10,12,4.92737e-14,0.00177551,0.9999997780231994,0.9578631989823623
583779.0,500,0.0338871,0.325814,0.99,10000,10,12,0.00158466,1.68145e-05,0.9601922118172838,0.9958994512562341
462379.0,416,0.0255596,0.782335,0.989999,10000,10,11,0.0041906,5.66051e-06,0.9352651562139832,0.9976208173672456
200000.0,476,0.316891,0.106389,0.99,10000,10,18,3.22081e-17,0.00887,0.9999999943247819,0.9058193225762312
200000.0,489,0.311812,0.113975,0.99,10000,10,12,6.72298e-17,0.00734938,0.9999999918006219,0.9142714749922758
201473.0,500,0.388892,0.131187,0.99,10000,10,19,3.94685e-16,0.0046453,0.9999999801333194,0.9318435622996624
201473.0,500,0.315916,0.102465,0.99,10000,10,20,3.25055e-17,0.00862099,0.9999999942986405,0.9071507135191659
200000.0,500,0.260097,0.11057,0.99,10000,10,13,5.2955e-17,0.00765237,0.9999999927229813,0.9125221742382676
280588.0,500,0.311701,0.165885,0.99,10000,10,12,2.66175e-14,0.0017949,0.9999998368512948,0.9576337398393486
574527.0,436,0.0311412,0.455582,0.99,10000,10,12,0.00254711,1.05989e-05,0.9495310986844374,0.9967444048163201
571636.0,354,0.0311186,0.499817,0.99,10000,10,16,0.00194188,1.49018e-05,0.9559332324761618,0.9961397150364254
220280.0,476,0.235737,0.297769,0.99,10000,10,12,1.2993e-07,0.00026095,0.9996395419580589,0.9838460531138672
581681.0,349,0.0311186,0.525004,0.99,10000,10,14,0.00218153,1.26186e-05,0.9532931482542443,0.9964477331181343
200000.0,500,0.3288,0.1,0.99,10000,10,14,2.2039e-17,0.00924375,0.9999999953054287,0.9038555773848529
200000.0,467,0.277745,0.116986,0.99,10000,10,19,6.14155e-17,0.00759007,0.9999999921631958,0.9128789922005031
637095.0,382,0.0454743,0.31862,0.99,10000,10,15,0.000642943,3.23606e-05,0.974643679288982,0.9943113622017218
201120.0,487,0.36255,0.140941,0.99,10000,10,16,4.65219e-16,0.00425645,0.999999978431064,0.9347585254611761
477178.0,490,0.0824798,0.260956,0.99,10000,10,15,0.000204063,5.69452e-05,0.9857149378720287,0.992453795656093
463278.0,469,0.0255596,0.730473,0.989999,10000,10,16,0.0044748,5.26471e-06,0.9331060540855901,0.9977055044127303
462379.0,461,0.0255596,0.732442,0.99,10000,10,12,0.00438404,5.36794e-06,0.933787916510655,0.9976831184751913
500891.0,371,0.0255596,0.730473,0.989989,10000,10,12,0.00357948,6.93001e-06,0.9401712443719578,0.9973675087844401
214603.0,471,0.335472,0.159669,0.988118,10000,10,13,1.48331e-15,0.00336089,0.9999999614862363,0.9420268165441986
501930.0,479,0.0311186,0.514598,0.99,10000,10,15,0.00312114,8.74789e-06,0.9441328361199532,0.9970423167850495
603006.0,500,0.0100661,0.732442,0.99,10000,10,13,0.00575577,2.35506e-06,0.9241332088460307,0.9984653795257459
200000.0,484,0.277745,0.1,0.99,12860,10,15,1.53082e-17,0.00977725,0.9999999960874305,0.9011200222491934
200000.0,484,0.277745,0.1,0.99,12860,10,15,1.53082e-17,0.00977725,0.9999999960874305,0.9011200222491934
502443.0,355,0.049815,0.459109,0.989386,10000,10,13,0.00108798,2.59351e-05,0.9670154581659832,0.9949073484313179
512517.0,500,0.0100661,0.732442,0.99,10000,10,12,0.00528094,4.56013e-06,0.9273299236273966,0.9978645539107718
495539.0,500,0.0255596,0.732077,0.99,10000,10,12,0.00511209,4.90345e-06,0.9285011188898735,0.997785626499436
661411.0,382,0.0454743,0.31862,0.99,10000,10,15,0.000753812,2.79006e-05,0.9725443630560134,0.9947178981456243
643568.0,433,0.0338871,0.325814,0.99,10000,10,12,0.00128726,2.01777e-05,0.9641215942383166,0.9955080405166564
200000.0,487,0.337356,0.130612,0.99,10000,10,11,2.01751e-16,0.00541289,0.9999999857960921,0.9264276546520366
201473.0,500,0.40888,0.116986,0.99,10000,10,19,1.8085e-16,0.00599706,0.9999999865519518,0.922559313019576
215723.0,500,0.36255,0.1,0.99,14416,10,16,3.6736e-17,0.00829048,0.999999993938977,0.908947926986806
267385.0,500,0.308561,0.178987,0.99,10000,10,12,7.84241e-14,0.00143442,0.9999997199569676,0.9621262623972758
215723.0,495,0.36255,0.140941,0.99,10000,10,16,6.38677e-16,0.00389416,0.9999999747279403,0.9375967949541051
200000.0,489,0.316891,0.10985,0.99,10000,10,14,4.32568e-17,0.0079156,0.9999999934230098,0.911030342250855
200000.0,500,0.308561,0.113975,0.99,10000,10,12,7.41323e-17,0.0070156,0.9999999913899884,0.916240821398488
462379.0,498,0.0255596,0.700935,0.99,10000,10,16,0.00456274,5.15352e-06,0.9324519430331264,0.997729863440231
592498.0,349,0.0311186,0.525004,0.99,10000,10,14,0.00226322,1.20828e-05,0.952426688153966,0.9965239677792057
201473.0,500,0.315916,0.102465,0.99,10000,10,20,3.25055e-17,0.00862099,0.9999999942986405,0.9071507135191659
317581.0,478,0.3338,0.183183,0.99,10000,10,12,5.55486e-13,0.00107029,0.9999992546906682,0.9672847130533752
200000.0,489,0.311812,0.113975,0.99,10000,10,12,6.72298e-17,0.00734938,0.9999999918006219,0.9142714749922758
200000.0,500,0.337356,0.130612,0.99,10000,10,17,2.52671e-16,0.00488066,0.9999999841043716,0.9301382794371624
637095.0,367,0.0454743,0.31484,0.99,10000,10,11,0.000474318,4.3747e-05,0.9782211570555275,0.9933858485049101
201473.0,500,0.388892,0.131187,0.99,10000,10,19,3.94685e-16,0.0046453,0.9999999801333194,0.9318435622996624
221317.0,500,0.3288,0.146515,0.989995,10000,10,13,1.04539e-15,0.00342147,0.9999999676675086,0.941506667046577
513287.0,398,0.0255596,0.733458,0.99,10000,10,10,0.00408039,6.02138e-06,0.9361220695388462,0.9975461499638324
359597.0,493,0.0824798,0.260956,0.99,10000,10,18,2.20311e-05,0.000151254,0.9953062701398568,0.9877014635017007
462379.0,500,0.0255596,0.732442,0.99,10000,10,17,0.004812,4.92891e-06,0.9306314192159015,0.9977798851381066
631024.0,343,0.0344128,0.439953,0.99,10000,10,10,0.00152198,1.75647e-05,0.9609874379205877,0.9958089738726655
512517.0,498,0.0311186,0.46134,0.99,10000,10,11,0.00281088,9.53614e-06,0.9469822671175011,0.9969119358814947
637095.0,382,0.0454743,0.31862,0.99,10000,10,15,0.000642943,3.23606e-05,0.974643679288982,0.9943113622017218
328021.0,500,0.3288,0.146515,0.99,10000,10,13,1.45112e-14,0.0020916,0.9999998795375578,0.9542659863996172
512517.0,471,0.0311186,0.46134,0.99,10000,10,14,0.00252278,1.07372e-05,0.9497727165775413,0.9967232333009505
439910.0,414,0.0836216,0.344838,0.9882,10000,10,11,0.000336318,5.53941e-05,0.9816610251104376,0.9925572787234775
200000.0,478,0.338028,0.183183,0.99,10000,10,10,8.96231e-15,0.00228396,0.9999999053305223,0.9522092059074135
462379.0,383,0.0255596,0.8,0.989996,10000,10,11,0.00387852,6.26524e-06,0.9377222351075442,0.997496953855799
537295.0,474,0.0311412,0.455582,0.99,10000,10,12,0.0026919,9.97425e-06,0.9481164766038389,0.9968417963966837
540603.0,388,0.0311186,0.58136,0.99,10000,10,14,0.00298183,9.41116e-06,0.9453938648135578,0.9969322386011947
214603.0,482,0.335472,0.159669,0.988075,10000,10,13,1.80443e-15,0.00315396,0.9999999575214171,0.9438398717950182
462379.0,498,0.0255596,0.732442,0.99,10000,10,12,0.00478275,5.06268e-06,0.9308425708979867,0.9977499600003555
200000.0,478,0.338028,0.168369,0.99,10000,10,10,2.29774e-15,0.00292569,0.9999999520652527,0.9459103521919398
723456.0,456,0.0338871,0.325814,0.99,10000,10,12,0.00210631,1.40242e-05,0.9541054469462878,0.9962551101484823
439910.0,379,0.0836216,0.353217,0.9882,10000,10,15,0.000194485,6.79523e-05,0.986054212105442,0.9917566814934761
215723.0,500,0.173443,0.230761,0.99,10000,10,16,3.21549e-11,0.000854965,0.9999943294709241,0.9707602154590702
200000.0,487,0.337356,0.130612,0.99,10000,10,17,2.18958e-16,0.00520565,0.9999999852027706,0.9278498094250611
500891.0,367,0.0255596,0.730473,0.989989,10000,10,12,0.003523,7.09016e-06,0.9406451349929932,0.9973372645644
462379.0,383,0.0255596,0.767893,0.989996,10000,10,11,0.00366797,6.80101e-06,0.9394362319534195,0.9973921253864497
200000.0,500,0.3288,0.136665,0.99,10000,10,18,4.40578e-16,0.00434728,0.99999997901005,0.934066093699827
571636.0,354,0.0311186,0.499817,0.988379,10000,10,16,0.00193814,1.55001e-05,0.955975688534629,0.9960629833630019
521534.0,479,0.0311186,0.514598,0.99,10000,10,15,0.00330967,8.49554e-06,0.9424702685561631,0.9970852890366282
631024.0,343,0.0344128,0.457153,0.99,10000,10,10,0.00171425,1.57126e-05,0.9585964977326796,0.9960360877910832
200000.0,500,0.3288,0.240085,0.99,10000,10,19,3.56664e-11,0.000668825,0.9999940278647035,0.9741383488539498
200000.0,489,0.316891,0.1,0.99,10000,10,20,1.92605e-17,0.00961863,0.9999999956113214,0.9019253855475332
200000.0,500,0.318154,0.1,0.99,10000,10,15,2.03737e-17,0.00926527,0.9999999954862765,0.9037437274771145
206198.0,500,0.374606,0.116986,0.99,10000,10,20,1.39602e-16,0.00612614,0.999999988184671,0.9217303379335262
200000.0,500,0.360724,0.1,0.99,10000,10,19,3.14662e-17,0.0089767,0.9999999943905259,0.9052545515605103
200636.0,500,0.336994,0.116527,0.99,10000,10,10,9.88902e-17,0.00671648,0.9999999900556448,0.9180458664861864
215723.0,495,0.364847,0.159847,0.99,10000,10,15,2.94678e-15,0.00273052,0.9999999457157481,0.9477456221929683
452468.0,398,0.0255596,0.70459,0.99,10000,10,10,0.0033487,8.20945e-06,0.9421320468652986,0.9971347862208904
215723.0,487,0.36255,0.140941,0.99,10000,10,16,5.69987e-16,0.00406241,0.9999999761255994,0.936262962102087
280588.0,500,0.308451,0.165885,0.99,11219,10,12,4.92737e-14,0.00177551,0.9999997780231994,0.9578631989823623
500891.0,387,0.0255596,0.730473,0.989995,10000,10,16,0.00380987,6.3994e-06,0.9382758556154887,0.997470296460057
200000.0,476,0.316891,0.106389,0.99,10000,10,18,3.22081e-17,0.00887,0.9999999943247819,0.9058193225762312
200636.0,500,0.336994,0.116527,0.989998,10000,10,11,1.00355e-16,0.00664621,0.9999999899822657,0.9184757091413853
498344.0,500,0.0255596,0.618373,0.99,10000,10,11,0.00425065,5.65476e-06,0.9348029908661448,0.9976220260724726
583779.0,500,0.0338871,0.325814,0.99,10000,10,12,0.00158466,1.68145e-05,0.9601922118172838,0.9958994512562341
200000.0,500,0.260097,0.11057,0.99,10000,10,13,5.2955e-17,0.00765237,0.9999999927229813,0.9125221742382676
501930.0,479,0.0311186,0.514598,0.99,10000,10,15,0.00312114,8.74789e-06,0.9441328361199532,0.9970423167850495
280588.0,500,0.311701,0.165885,0.99,10000,10,12,2.66175e-14,0.0017949,0.9999998368512948,0.9576337398393486
654205.0,362,0.0126978,0.693539,0.99,10000,10,14,0.00442426,5.24632e-06,0.9334848889349194,0.997709515335131
200000.0,467,0.277745,0.116986,0.99,10000,10,19,6.14155e-17,0.00759007,0.9999999921631958,0.9128789922005031
462379.0,461,0.0255596,0.732442,0.99,10000,10,12,0.00438404,5.36794e-06,0.933787916510655,0.9976831184751913
220280.0,476,0.235737,0.297769,0.99,10000,10,12,1.2993e-07,0.00026095,0.9996395419580589,0.9838460531138672
462379.0,416,0.0255596,0.782335,0.989999,10000,10,11,0.0041906,5.66051e-06,0.9352651562139832,0.9976208173672456
512517.0,500,0.0100661,0.732442,0.99,10000,10,12,0.00528094,4.56013e-06,0.9273299236273966,0.9978645539107718
200000.0,500,0.3288,0.1,0.99,10000,10,14,2.2039e-17,0.00924375,0.9999999953054287,0.9038555773848529
574527.0,436,0.0311412,0.455582,0.99,10000,10,12,0.00254711,1.05989e-05,0.9495310986844374,0.9967444048163201
571636.0,354,0.0311186,0.499817,0.99,10000,10,16,0.00194188,1.49018e-05,0.9559332324761618,0.9961397150364254
201120.0,487,0.36255,0.140941,0.99,10000,10,16,4.65219e-16,0.00425645,0.999999978431064,0.9347585254611761
205716.0,500,0.311701,0.165885,0.99,10000,10,12,3.88149e-15,0.00256146,0.9999999376983949,0.9493891316019968
200636.0,500,0.347561,0.116527,0.99,10000,10,12,1.13119e-16,0.00637162,0.9999999893642584,0.9201775720740092
200000.0,484,0.277745,0.1,0.99,12860,10,15,1.53082e-17,0.00977725,0.9999999960874305,0.9011200222491934
200000.0,484,0.277745,0.1,0.99,12860,10,15,1.53082e-17,0.00977725,0.9999999960874305,0.9011200222491934
603006.0,500,0.0100661,0.732442,0.99,10000,10,13,0.00575577,2.35506e-06,0.9241332088460307,0.9984653795257459
502443.0,355,0.049815,0.459109,0.989386,10000,10,13,0.00108798,2.59351e-05,0.9670154581659832,0.9949073484313179
200000.0,487,0.337356,0.130612,0.99,10000,10,11,2.01751e-16,0.00541289,0.9999999857960921,0.9264276546520366
661411.0,382,0.0454743,0.31862,0.99,10000,10,15,0.000753812,2.79006e-05,0.9725443630560134,0.9947178981456243
643568.0,433,0.0338871,0.325814,0.99,10000,10,12,0.00128726,2.01777e-05,0.9641215942383166,0.9955080405166564
221317.0,500,0.3288,0.146515,0.989995,10000,10,13,1.04539e-15,0.00342147,0.9999999676675086,0.941506667046577
215723.0,500,0.36255,0.1,0.99,14416,10,16,3.6736e-17,0.00829048,0.999999993938977,0.908947926986806
495539.0,500,0.0255596,0.732077,0.99,10000,10,12,0.00511209,4.90345e-06,0.9285011188898735,0.997785626499436
592498.0,349,0.0311186,0.525004,0.99,10000,10,14,0.00226322,1.20828e-05,0.952426688153966,0.9965239677792057
512517.0,500,0.0100661,0.8,0.99,10000,10,11,0.005591,3.15163e-06,0.9252270102242796,0.9982247169239808
215723.0,495,0.36255,0.140941,0.99,10000,10,16,6.38677e-16,0.00389416,0.9999999747279403,0.9375967949541051
200000.0,489,0.316891,0.10985,0.99,10000,10,14,4.32568e-17,0.0079156,0.9999999934230098,0.911030342250855
439910.0,379,0.0836216,0.353217,0.9882,10000,10,15,0.000194485,6.79523e-05,0.986054212105442,0.9917566814934761
200000.0,464,0.260097,0.11057,0.99,10000,10,19,2.98126e-17,0.00885945,0.9999999945399084,0.9058753486062232
201473.0,500,0.40888,0.116986,0.99,10000,10,19,1.8085e-16,0.00599706,0.9999999865519518,0.922559313019576
317581.0,478,0.3338,0.183183,0.99,10000,10,12,5.55486e-13,0.00107029,0.9999992546906682,0.9672847130533752
200000.0,500,0.337356,0.130612,0.99,10000,10,17,2.52671e-16,0.00488066,0.9999999841043716,0.9301382794371624
462379.0,500,0.0255596,0.732442,0.99,10000,10,17,0.004812,4.92891e-06,0.9306314192159015,0.9977798851381066
501930.0,479,0.0311186,0.514598,0.99,10000,10,15,0.00312114,8.74789e-06,0.9441328361199532,0.9970423167850495
201473.0,500,0.388892,0.131187,0.99,10000,10,19,3.94685e-16,0.0046453,0.9999999801333194,0.9318435622996624
200000.0,487,0.337356,0.130612,0.99,10000,10,17,2.18958e-16,0.00520565,0.9999999852027706,0.9278498094250611
513287.0,398,0.0255596,0.733458,0.99,10000,10,10,0.00408039,6.02138e-06,0.9361220695388462,0.9975461499638324
540603.0,388,0.0311186,0.58136,0.99,10000,10,14,0.00298183,9.41116e-06,0.9453938648135578,0.9969322386011947
512517.0,500,0.0100661,0.732442,0.99,10000,10,12,0.00528094,4.56013e-06,0.9273299236273966,0.9978645539107718
359597.0,493,0.0824798,0.260956,0.99,10000,10,18,2.20311e-05,0.000151254,0.9953062701398568,0.9877014635017007
200636.0,500,0.347561,0.116527,0.99,10000,10,12,1.13119e-16,0.00637162,0.9999999893642584,0.9201775720740092
200000.0,489,0.316891,0.1,0.99,10000,10,20,1.92605e-17,0.00961863,0.9999999956113214,0.9019253855475332
439910.0,414,0.0836216,0.344838,0.9882,10000,10,11,0.000336318,5.53941e-05,0.9816610251104376,0.9925572787234775
214603.0,482,0.335472,0.159669,0.988075,10000,10,13,1.80443e-15,0.00315396,0.9999999575214171,0.9438398717950182
512517.0,498,0.0311186,0.46134,0.99,10000,10,11,0.00281088,9.53614e-06,0.9469822671175011,0.9969119358814947
328021.0,500,0.3288,0.146515,0.99,10000,10,13,1.45112e-14,0.0020916,0.9999998795375578,0.9542659863996172
462379.0,383,0.0255596,0.767893,0.989996,10000,10,11,0.00366797,6.80101e-06,0.9394362319534195,0.9973921253864497
512517.0,471,0.0311186,0.46134,0.99,10000,10,14,0.00252278,1.07372e-05,0.9497727165775413,0.9967232333009505
220280.0,476,0.235737,0.297769,0.99,10000,10,12,1.2993e-07,0.00026095,0.9996395419580589,0.9838460531138672
537295.0,474,0.0311412,0.455582,0.99,10000,10,12,0.0026919,9.97425e-06,0.9481164766038389,0.9968417963966837
418774.0,452,0.3338,0.183183,0.99,10000,10,10,4.0628e-09,0.000596462,0.9999362599027299,0.9755774284728246
200000.0,500,0.3288,0.1,0.99,10000,10,14,2.2039e-17,0.00924375,0.9999999953054287,0.9038555773848529
215723.0,500,0.173443,0.230761,0.99,10000,10,16,3.21549e-11,0.000854965,0.9999943294709241,0.9707602154590702
631024.0,343,0.0344128,0.439953,0.99,10000,10,10,0.00152198,1.75647e-05,0.9609874379205877,0.9958089738726655
200000.0,500,0.3288,0.136665,0.99,10000,10,18,4.40578e-16,0.00434728,0.99999997901005,0.934066093699827
521534.0,479,0.0311186,0.514598,0.99,10000,10,15,0.00330967,8.49554e-06,0.9424702685561631,0.9970852890366282
462379.0,498,0.0255596,0.700935,0.99,10000,10,16,0.00456274,5.15352e-06,0.9324519430331264,0.997729863440231
631024.0,357,0.0344128,0.439953,0.99,10000,10,10,0.00172066,1.55523e-05,0.9585191610499498,0.9960563595498575
571636.0,354,0.0311186,0.499817,0.988379,10000,10,16,0.00193814,1.55001e-05,0.955975688534629,0.9960629833630019
200000.0,500,0.318154,0.1,0.99,10000,10,15,2.03737e-17,0.00926527,0.9999999954862765,0.9037437274771145
637095.0,367,0.0454743,0.31484,0.99,10000,10,11,0.000474318,4.3747e-05,0.9782211570555275,0.9933858485049101
462379.0,498,0.0255596,0.732442,0.99,10000,10,12,0.00478275,5.06268e-06,0.9308425708979867,0.9977499600003555
200636.0,500,0.336994,0.116527,0.99,10000,10,10,9.88902e-17,0.00671648,0.9999999900556448,0.9180458664861864
215723.0,495,0.364847,0.159847,0.99,10000,10,15,2.94678e-15,0.00273052,0.9999999457157481,0.9477456221929683
267385.0,500,0.308561,0.178987,0.99,10000,10,12,7.84241e-14,0.00143442,0.9999997199569676,0.9621262623972758
215723.0,487,0.36255,0.140941,0.99,10000,10,16,5.69987e-16,0.00406241,0.9999999761255994,0.936262962102087
637095.0,382,0.0454743,0.31862,0.99,10000,10,15,0.000642943,3.23606e-05,0.974643679288982,0.9943113622017218
280588.0,500,0.308451,0.165885,0.99,11219,10,12,4.92737e-14,0.00177551,0.9999997780231994,0.9578631989823623
500891.0,387,0.0255596,0.730473,0.989995,10000,10,16,0.00380987,6.3994e-06,0.9382758556154887,0.997470296460057
200636.0,500,0.336994,0.116527,0.989998,10000,10,11,1.00355e-16,0.00664621,0.9999999899822657,0.9184757091413853
462379.0,383,0.0255596,0.8,0.989996,10000,10,11,0.00387852,6.26524e-06,0.9377222351075442,0.997496953855799
200000.0,478,0.338028,0.183183,0.99,10000,10,10,8.96231e-15,0.00228396,0.9999999053305223,0.9522092059074135
267385.0,500,0.308561,0.178987,0.99,10000,10,12,7.84241e-14,0.00143442,0.9999997199569676,0.9621262623972758
200000.0,500,0.308561,0.113975,0.99,10000,10,12,7.41323e-17,0.0070156,0.9999999913899884,0.916240821398488
200000.0,489,0.311812,0.113975,0.99,10000,10,12,6.72298e-17,0.00734938,0.9999999918006219,0.9142714749922758
201473.0,500,0.315916,0.102465,0.99,10000,10,20,3.25055e-17,0.00862099,0.9999999942986405,0.9071507135191659
498344.0,500,0.0255596,0.618373,0.99,10000,10,11,0.00425065,5.65476e-06,0.9348029908661448,0.9976220260724726
583779.0,500,0.0338871,0.325814,0.99,10000,10,12,0.00158466,1.68145e-05,0.9601922118172838,0.9958994512562341
200000.0,500,0.260097,0.11057,0.99,10000,10,13,5.2955e-17,0.00765237,0.9999999927229813,0.9125221742382676
280588.0,500,0.311701,0.165885,0.99,10000,10,12,2.66175e-14,0.0017949,0.9999998368512948,0.9576337398393486
500891.0,367,0.0255596,0.730473,0.989989,10000,10,12,0.003523,7.09016e-06,0.9406451349929932,0.9973372645644
200000.0,467,0.277745,0.116986,0.99,10000,10,19,6.14155e-17,0.00759007,0.9999999921631958,0.9128789922005031
200000.0,500,0.308561,0.113975,0.99,10000,10,12,7.41323e-17,0.0070156,0.9999999913899884,0.916240821398488
637095.0,382,0.0454743,0.310379,0.99,10000,10,11,0.000546524,3.76834e-05,0.9766221472329044,0.9938613193599928
462379.0,369,0.0255596,0.767893,0.989996,10000,10,11,0.00348382,7.49216e-06,0.9409761065330319,0.9972628189683544
654205.0,362,0.0126978,0.693539,0.99,10000,10,14,0.00442426,5.24632e-06,0.9334848889349194,0.997709515335131
452468.0,398,0.0255596,0.70459,0.99,10000,10,10,0.0033487,8.20945e-06,0.9421320468652986,0.9971347862208904
205716.0,500,0.311701,0.165885,0.99,10000,10,12,3.88149e-15,0.00256146,0.9999999376983949,0.9493891316019968
462379.0,461,0.0255596,0.732442,0.99,10000,10,12,0.00438404,5.36794e-06,0.933787916510655,0.9976831184751913
462379.0,416,0.0255596,0.782335,0.989999,10000,10,11,0.0041906,5.66051e-06,0.9352651562139832,0.9976208173672456
206198.0,500,0.374606,0.116986,0.99,10000,10,20,1.39602e-16,0.00612614,0.999999988184671,0.9217303379335262
574527.0,436,0.0311412,0.455582,0.99,10000,10,12,0.00254711,1.05989e-05,0.9495310986844374,0.9967444048163201
495539.0,500,0.0255596,0.749036,0.99,10000,10,12,0.00522691,4.82209e-06,0.927702627986904,0.9978040742271197
200000.0,484,0.277745,0.1,0.99,12860,10,15,1.53082e-17,0.00977725,0.9999999960874305,0.9011200222491934
603006.0,500,0.0100661,0.732442,0.99,10000,10,13,0.00575577,2.35506e-06,0.9241332088460307,0.9984653795257459
200000.0,484,0.277745,0.1,0.99,12860,10,15,1.53082e-17,0.00977725,0.9999999960874305,0.9011200222491934
495539.0,500,0.0157654,0.732077,0.99,10000,10,12,0.00498588,3.46749e-06,0.9293892359480511,0.9981378802401564
512517.0,500,0.0100661,0.8,0.99,10000,10,11,0.005591,3.15163e-06,0.9252270102242796,0.9982247169239808
592498.0,349,0.0311186,0.525004,0.99,10000,10,14,0.00226322,1.20828e-05,0.952426688153966,0.9965239677792057
571636.0,354,0.0311186,0.499817,0.988379,10000,10,16,0.00193814,1.55001e-05,0.955975688534629,0.9960629833630019
200000.0,487,0.337356,0.130612,0.99,10000,10,11,2.01751e-16,0.00541289,0.9999999857960921,0.9264276546520366
661411.0,382,0.0454743,0.31862,0.99,10000,10,15,0.000753812,2.79006e-05,0.9725443630560134,0.9947178981456243
221317.0,500,0.3288,0.146515,0.989995,10000,10,13,1.04539e-15,0.00342147,0.9999999676675086,0.941506667046577
201473.0,500,0.40888,0.116986,0.99,10000,10,19,1.8085e-16,0.00599706,0.9999999865519518,0.922559313019576
215723.0,500,0.36255,0.1,0.99,14416,10,16,3.6736e-17,0.00829048,0.999999993938977,0.908947926986806
502443.0,355,0.049815,0.459109,0.989386,10000,10,13,0.00108798,2.59351e-05,0.9670154581659832,0.9949073484313179
215723.0,495,0.36255,0.140941,0.99,10000,10,16,6.38677e-16,0.00389416,0.9999999747279403,0.9375967949541051
200000.0,489,0.316891,0.10985,0.99,10000,10,14,4.32568e-17,0.0079156,0.9999999934230098,0.911030342250855
200000.0,465,0.272489,0.11057,0.99,10626,10,15,2.88298e-17,0.00884288,0.9999999946306611,0.9059634113762095
643568.0,433,0.0338871,0.325814,0.99,10000,10,12,0.00128726,2.01777e-05,0.9641215942383166,0.9955080405166564
462379.0,498,0.0255596,0.700935,0.99,10000,10,16,0.00456274,5.15352e-06,0.9324519430331264,0.997729863440231
631024.0,357,0.0344128,0.439953,0.99,10000,10,10,0.00172066,1.55523e-05,0.9585191610499498,0.9960563595498575
215723.0,495,0.364847,0.159847,0.99,10000,10,15,2.94678e-15,0.00273052,0.9999999457157481,0.9477456221929683
200000.0,500,0.3288,0.136665,0.99,10000,10,18,4.40578e-16,0.00434728,0.99999997901005,0.934066093699827
200000.0,489,0.311812,0.113975,0.99,10000,10,12,6.72298e-17,0.00734938,0.9999999918006219,0.9142714749922758
317581.0,478,0.3338,0.183183,0.99,10000,10,12,5.55486e-13,0.00107029,0.9999992546906682,0.9672847130533752
200000.0,500,0.337356,0.130612,0.99,10000,10,17,2.52671e-16,0.00488066,0.9999999841043716,0.9301382794371624
439910.0,379,0.0836216,0.353217,0.9882,10000,10,15,0.000194485,6.79523e-05,0.986054212105442,0.9917566814934761
201473.0,500,0.315916,0.102465,0.99,10000,10,20,3.25055e-17,0.00862099,0.9999999942986405,0.9071507135191659
201473.0,500,0.388892,0.131187,0.99,10000,10,19,3.94685e-16,0.0046453,0.9999999801333194,0.9318435622996624
200000.0,487,0.337356,0.130612,0.99,10000,10,17,2.18958e-16,0.00520565,0.9999999852027706,0.9278498094250611
513287.0,398,0.0255596,0.733458,0.99,10000,10,10,0.00408039,6.02138e-06,0.9361220695388462,0.9975461499638324
540603.0,388,0.0311186,0.58136,0.99,10000,10,14,0.00298183,9.41116e-06,0.9453938648135578,0.9969322386011947
200636.0,500,0.347561,0.116527,0.99,10000,10,12,1.13119e-16,0.00637162,0.9999999893642584,0.9201775720740092
200000.0,489,0.316891,0.1,0.99,10000,10,20,1.92605e-17,0.00961863,0.9999999956113214,0.9019253855475332
631024.0,343,0.0344128,0.439953,0.99,10000,10,10,0.00152198,1.75647e-05,0.9609874379205877,0.9958089738726655
439910.0,414,0.0836216,0.344838,0.9882,10000,10,11,0.000336318,5.53941e-05,0.9816610251104376,0.9925572787234775
512517.0,498,0.0311186,0.46134,0.99,10000,10,11,0.00281088,9.53614e-06,0.9469822671175011,0.9969119358814947
512517.0,471,0.0311186,0.46134,0.99,10000,10,14,0.00252278,1.07372e-05,0.9497727165775413,0.9967232333009505
200000.0,478,0.338028,0.183183,0.99,10000,10,10,8.96231e-15,0.00228396,0.9999999053305223,0.9522092059074135
462379.0,383,0.0255596,0.8,0.989996,10000,10,11,0.00387852,6.26524e-06,0.9377222351075442,0.997496953855799
205716.0,500,0.311701,0.165885,0.99,10000,10,12,3.88149e-15,0.00256146,0.9999999376983949,0.9493891316019968
462379.0,498,0.0255596,0.732442,0.99,10000,10,12,0.00478275,5.06268e-06,0.9308425708979867,0.9977499600003555
214603.0,482,0.335472,0.159669,0.988075,10000,10,13,1.80443e-15,0.00315396,0.9999999575214171,0.9438398717950182
200000.0,500,0.3288,0.1,0.99,10000,10,14,2.2039e-17,0.00924375,0.9999999953054287,0.9038555773848529
328021.0,500,0.3288,0.146515,0.99,10000,10,13,1.45112e-14,0.0020916,0.9999998795375578,0.9542659863996172
215723.0,500,0.173443,0.230761,0.99,10000,10,16,3.21549e-11,0.000854965,0.9999943294709241,0.9707602154590702
359597.0,493,0.0824798,0.272147,0.99,10000,10,18,5.0184e-05,0.000127295,0.9929159333712901,0.988717491413697
200000.0,500,0.318154,0.1,0.99,10000,10,15,2.03737e-17,0.00926527,0.9999999954862765,0.9037437274771145
637095.0,367,0.0454743,0.31484,0.99,10000,10,11,0.000474318,4.3747e-05,0.9782211570555275,0.9933858485049101
206198.0,500,0.374606,0.116986,0.99,10000,10,20,1.39602e-16,0.00612614,0.999999988184671,0.9217303379335262
200636.0,500,0.336994,0.116527,0.99,10000,10,10,9.88902e-17,0.00671648,0.9999999900556448,0.9180458664861864
459186.0,500,0.388892,0.131187,0.99,10000,10,19,2.86109e-13,0.00141628,0.9999994651084222,0.962366504281425
637095.0,382,0.0454743,0.31862,0.99,10000,10,15,0.000642943,3.23606e-05,0.974643679288982,0.9943113622017218
280588.0,500,0.308451,0.165885,0.99,11219,10,12,4.92737e-14,0.00177551,0.9999997780231994,0.9578631989823623
500891.0,387,0.0255596,0.730473,0.989995,10000,10,16,0.00380987,6.3994e-06,0.9382758556154887,0.997470296460057
501930.0,479,0.0311186,0.514598,0.99,10000,10,15,0.00312114,8.74789e-06,0.9441328361199532,0.9970423167850495
220280.0,476,0.235737,0.297769,0.99,10000,10,12,1.2993e-07,0.00026095,0.9996395419580589,0.9838460531138672
462379.0,500,0.0255596,0.732442,0.99,10000,10,17,0.004812,4.92891e-06,0.9306314192159015,0.9977798851381066
200636.0,500,0.336994,0.116527,0.989998,10000,10,11,1.00355e-16,0.00664621,0.9999999899822657,0.9184757091413853
502443.0,362,0.049815,0.459109,0.989386,10000,10,11,0.00116507,2.45728e-05,0.9658668782558641,0.9950429040759735
267385.0,500,0.308561,0.178987,0.99,10000,10,12,7.84241e-14,0.00143442,0.9999997199569676,0.9621262623972758
583779.0,500,0.0338871,0.325814,0.99,10000,10,12,0.00158466,1.68145e-05,0.9601922118172838,0.9958994512562341
398919.0,500,0.308561,0.178987,0.99,10000,10,11,5.37879e-08,0.000461894,0.9997680778147741,0.9785082806644048
200000.0,500,0.308561,0.113975,0.99,10000,10,12,7.41323e-17,0.0070156,0.9999999913899884,0.916240821398488
498344.0,500,0.0255596,0.618373,0.99,10000,10,11,0.00425065,5.65476e-06,0.9348029908661448,0.9976220260724726
508800.0,479,0.0311186,0.514598,0.99,10000,10,15,0.00318667,8.65076e-06,0.9435494021289411,0.9970587825649911
500891.0,367,0.0255596,0.730473,0.989989,10000,10,12,0.003523,7.09016e-06,0.9406451349929932,0.9973372645644
654205.0,362,0.0126978,0.693539,0.99,10000,10,14,0.00442426,5.24632e-06,0.9334848889349194,0.997709515335131
537295.0,474,0.0311412,0.455582,0.99,10000,10,12,0.0026919,9.97425e-06,0.9481164766038389,0.9968417963966837
200000.0,500,0.308561,0.113975,0.99,10000,10,12,7.41323e-17,0.0070156,0.9999999913899884,0.916240821398488
637095.0,382,0.0454743,0.310379,0.99,10000,10,11,0.000546524,3.76834e-05,0.9766221472329044,0.9938613193599928
200000.0,500,0.260097,0.11057,0.99,10000,10,13,5.2955e-17,0.00765237,0.9999999927229813,0.9125221742382676
462379.0,369,0.0255596,0.767893,0.989996,10000,10,11,0.00348382,7.49216e-06,0.9409761065330319,0.9972628189683544
452468.0,398,0.0255596,0.70459,0.99,10000,10,10,0.0033487,8.20945e-06,0.9421320468652986,0.9971347862208904
248563.0,500,0.311701,0.171406,0.99,10000,10,12,1.7196e-14,0.00189724,0.9999998688664803,0.9564426814415763
462379.0,461,0.0255596,0.732442,0.99,10000,10,12,0.00438404,5.36794e-06,0.933787916510655,0.9976831184751913
462379.0,416,0.0255596,0.782335,0.989999,10000,10,11,0.0041906,5.66051e-06,0.9352651562139832,0.9976208173672456
215723.0,487,0.36255,0.140941,0.99,10000,10,16,5.69987e-16,0.00406241,0.9999999761255994,0.936262962102087
521534.0,479,0.0311186,0.514598,0.99,10000,10,15,0.00330967,8.49554e-06,0.9424702685561631,0.9970852890366282
200000.0,467,0.277745,0.116986,0.99,10000,10,19,6.14155e-17,0.00759007,0.9999999921631958,0.9128789922005031
214603.0,482,0.335472,0.159669,0.988075,10000,10,13,1.80443e-15,0.00315396,0.9999999575214171,0.9438398717950182
443416.0,476,0.311776,0.183183,0.99,10000,12,12,2.38286e-09,0.000691051,0.9999511854529879,0.9737121510959912
200000.0,484,0.277745,0.1,0.99,12860,10,15,1.53082e-17,0.00977725,0.9999999960874305,0.9011200222491934
603006.0,500,0.0100661,0.732442,0.99,10000,10,13,0.00575577,2.35506e-06,0.9241332088460307,0.9984653795257459
200000.0,484,0.277745,0.1,0.99,12860,10,15,1.53082e-17,0.00977725,0.9999999960874305,0.9011200222491934
592498.0,349,0.0311186,0.525004,0.99,10000,10,14,0.00226322,1.20828e-05,0.952426688153966,0.9965239677792057
660739.0,500,0.0100661,0.619532,0.99,10000,10,16,0.00541524,2.88708e-06,0.9264116857102977,0.9983008590405738
495539.0,500,0.0157654,0.732077,0.99,10000,10,12,0.00498588,3.46749e-06,0.9293892359480511,0.9981378802401564
631024.0,357,0.0344128,0.439953,0.99,10000,10,16,0.0017447,1.5366e-05,0.9582303938251747,0.9960800510207402
200000.0,487,0.337356,0.130612,0.99,10000,10,11,2.01751e-16,0.00541289,0.9999999857960921,0.9264276546520366
512517.0,471,0.0311186,0.46134,0.99,10000,10,14,0.00252278,1.07372e-05,0.9497727165775413,0.9967232333009505
206444.0,499,0.315219,0.119556,0.99,10000,10,20,1.68033e-16,0.00594312,0.9999999870372457,0.9229083662126687
215723.0,495,0.36255,0.140941,0.99,10000,10,16,6.38677e-16,0.00389416,0.9999999747279403,0.9375967949541051
643568.0,433,0.0338871,0.325814,0.99,10000,10,12,0.00128726,2.01777e-05,0.9641215942383166,0.9955080405166564
200000.0,489,0.316891,0.10985,0.99,10000,10,14,4.32568e-17,0.0079156,0.9999999934230098,0.911030342250855
661411.0,382,0.0454743,0.31862,0.99,10000,10,15,0.000753812,2.79006e-05,0.9725443630560134,0.9947178981456243
462379.0,498,0.0255596,0.700935,0.99,10000,10,16,0.00456274,5.15352e-06,0.9324519430331264,0.997729863440231
215723.0,495,0.364847,0.159847,0.99,10000,10,15,2.94678e-15,0.00273052,0.9999999457157481,0.9477456221929683
200000.0,500,0.3288,0.136665,0.99,10000,10,18,4.40578e-16,0.00434728,0.99999997901005,0.934066093699827
317581.0,478,0.3338,0.183183,0.99,10000,10,12,5.55486e-13,0.00107029,0.9999992546906682,0.9672847130533752
200000.0,500,0.337356,0.130612,0.99,10000,10,17,2.52671e-16,0.00488066,0.9999999841043716,0.9301382794371624
502443.0,362,0.049815,0.441964,0.989386,10000,10,11,0.00100022,2.77814e-05,0.9683737450841867,0.994729193610082
201473.0,500,0.315916,0.102465,0.99,10000,10,20,3.25055e-17,0.00862099,0.9999999942986405,0.9071507135191659
201473.0,500,0.388892,0.131187,0.99,10000,10,19,3.94685e-16,0.0046453,0.9999999801333194,0.9318435622996624
200000.0,487,0.337356,0.130612,0.99,10000,10,17,2.18958e-16,0.00520565,0.9999999852027706,0.9278498094250611
540603.0,388,0.0311186,0.58136,0.99,10000,10,14,0.00298183,9.41116e-06,0.9453938648135578,0.9969322386011947
200636.0,500,0.347561,0.116527,0.99,10000,10,12,1.13119e-16,0.00637162,0.9999999893642584,0.9201775720740092
200000.0,489,0.316891,0.1,0.99,10000,10,20,1.92605e-17,0.00961863,0.9999999956113214,0.9019253855475332
631024.0,343,0.0344128,0.439953,0.99,10000,10,10,0.00152198,1.75647e-05,0.9609874379205877,0.9958089738726655
512517.0,498,0.0311186,0.46134,0.99,10000,10,11,0.00281088,9.53614e-06,0.9469822671175011,0.9969119358814947
537295.0,474,0.0311412,0.455582,0.99,10000,10,12,0.0026919,9.97425e-06,0.9481164766038389,0.9968417963966837
502443.0,355,0.0228762,0.778956,0.989386,10000,10,10,0.00368508,6.67863e-06,0.9392951402274908,0.9974156954513835
221317.0,500,0.3288,0.146515,0.989995,10000,10,13,1.04539e-15,0.00342147,0.9999999676675086,0.941506667046577
200000.0,478,0.338028,0.183183,0.99,10000,10,10,8.96231e-15,0.00228396,0.9999999053305223,0.9522092059074135
280588.0,500,0.308451,0.165885,0.99,11219,10,12,4.92737e-14,0.00177551,0.9999997780231994,0.9578631989823623
462379.0,383,0.0255596,0.8,0.989996,10000,10,11,0.00387852,6.26524e-06,0.9377222351075442,0.997496953855799
205716.0,500,0.311701,0.165885,0.99,10000,10,12,3.88149e-15,0.00256146,0.9999999376983949,0.9493891316019968
206198.0,500,0.374606,0.116986,0.99,10000,10,20,1.39602e-16,0.00612614,0.999999988184671,0.9217303379335262
462379.0,498,0.0255596,0.732442,0.99,10000,10,10,0.00477854,4.96041e-06,0.9308730153991945,0.9977728022090528
214603.0,482,0.335472,0.159669,0.988075,10000,10,13,1.80443e-15,0.00315396,0.9999999575214171,0.9438398717950182
398919.0,500,0.308561,0.178987,0.99,10000,10,11,5.37879e-08,0.000461894,0.9997680778147741,0.9785082806644048
200000.0,499,0.277745,0.1,0.99,12860,10,15,2.47376e-17,0.00908118,0.9999999950263092,0.9047047745162434
443416.0,476,0.311776,0.183183,0.99,10000,12,12,2.38286e-09,0.000691051,0.9999511854529879,0.9737121510959912
328021.0,500,0.3288,0.146515,0.99,10000,10,13,1.45112e-14,0.0020916,0.9999998795375578,0.9542659863996172
439910.0,414,0.0836216,0.344838,0.9882,10000,10,11,0.000336318,5.53941e-05,0.9816610251104376,0.9925572787234775
215723.0,500,0.173443,0.230761,0.99,10000,10,16,3.21549e-11,0.000854965,0.9999943294709241,0.9707602154590702
200000.0,500,0.318154,0.1,0.99,10000,10,15,2.03737e-17,0.00926527,0.9999999954862765,0.9037437274771145
200000.0,489,0.316891,0.106886,0.99,10000,10,20,3.83059e-17,0.00826499,0.9999999938108239,0.9090880095916936
637095.0,367,0.0454743,0.31484,0.99,10000,10,11,0.000474318,4.3747e-05,0.9782211570555275,0.9933858485049101
200636.0,500,0.336994,0.116527,0.99,10000,10,10,9.88902e-17,0.00671648,0.9999999900556448,0.9180458664861864
459186.0,500,0.388892,0.131187,0.99,10000,10,19,2.86109e-13,0.00141628,0.9999994651084222,0.962366504281425
637095.0,382,0.0454743,0.31862,0.99,10000,10,15,0.000642943,3.23606e-05,0.974643679288982,0.9943113622017218
267385.0,500,0.308561,0.178987,0.99,10000,10,12,7.84241e-14,0.00143442,0.9999997199569676,0.9621262623972758
215723.0,500,0.36255,0.1,0.99,14416,10,16,3.6736e-17,0.00829048,0.999999993938977,0.908947926986806
462379.0,500,0.0255596,0.732442,0.99,10000,10,17,0.004812,4.92891e-06,0.9306314192159015,0.9977798851381066
501930.0,479,0.0311186,0.514598,0.99,10000,10,15,0.00312114,8.74789e-06,0.9441328361199532,0.9970423167850495
200636.0,500,0.336994,0.116527,0.989998,10000,10,11,1.00355e-16,0.00664621,0.9999999899822657,0.9184757091413853
502443.0,362,0.049815,0.459109,0.989386,10000,10,11,0.00116507,2.45728e-05,0.9658668782558641,0.9950429040759735
513287.0,398,0.0255596,0.733458,0.99,10000,10,10,0.00408039,6.02138e-06,0.9361220695388462,0.9975461499638324
500891.0,367,0.0255596,0.730473,0.989989,10000,10,12,0.003523,7.09016e-06,0.9406451349929932,0.9973372645644
583779.0,500,0.0338871,0.325814,0.99,10000,10,12,0.00158466,1.68145e-05,0.9601922118172838,0.9958994512562341
359597.0,493,0.0824798,0.272147,0.99,10000,10,18,5.0184e-05,0.000127295,0.9929159333712901,0.988717491413697
200000.0,493,0.311812,0.113975,0.99,10000,10,11,6.86399e-17,0.00729126,0.9999999917150799,0.914611124846383
500891.0,387,0.0255596,0.730473,0.989995,10000,10,16,0.00380987,6.3994e-06,0.9382758556154887,0.997470296460057
200000.0,500,0.260097,0.11057,0.99,10000,10,13,5.2955e-17,0.00765237,0.9999999927229813,0.9125221742382676
498344.0,500,0.0255596,0.618373,0.99,10000,10,11,0.00425065,5.65476e-06,0.9348029908661448,0.9976220260724726
508800.0,479,0.0311186,0.514598,0.99,10000,10,15,0.00318667,8.65076e-06,0.9435494021289411,0.9970587825649911
248563.0,500,0.311701,0.171406,0.99,10000,10,12,1.7196e-14,0.00189724,0.9999998688664803,0.9564426814415763
579336.0,326,0.0454743,0.31484,0.99,10000,10,11,0.000115488,0.000120979,0.9892534656749257,0.9890009545868743
654205.0,362,0.0126978,0.693539,0.99,10000,10,14,0.00442426,5.24632e-06,0.9334848889349194,0.997709515335131
200000.0,467,0.277745,0.116986,0.99,10000,10,19,6.14155e-17,0.00759007,0.9999999921631958,0.9128789922005031
439910.0,379,0.0836216,0.353217,0.9882,10000,10,15,0.000194485,6.79523e-05,0.986054212105442,0.9917566814934761
200000.0,500,0.308561,0.113975,0.99,10000,10,12,7.41323e-17,0.0070156,0.9999999913899884,0.916240821398488
200000.0,489,0.311812,0.113975,0.99,10000,10,12,6.72298e-17,0.00734938,0.9999999918006219,0.9142714749922758
637095.0,382,0.0454743,0.310379,0.99,10000,10,11,0.000546524,3.76834e-05,0.9766221472329044,0.9938613193599928
462379.0,369,0.0255596,0.767893,0.989996,10000,10,11,0.00348382,7.49216e-06,0.9409761065330319,0.9972628189683544
452468.0,398,0.0255596,0.70459,0.99,10000,10,10,0.0033487,8.20945e-06,0.9421320468652986,0.9971347862208904
462379.0,461,0.0255596,0.732442,0.99,10000,10,12,0.00438404,5.36794e-06,0.933787916510655,0.9976831184751913
215723.0,487,0.36255,0.140941,0.99,10000,10,16,5.69987e-16,0.00406241,0.9999999761255994,0.936262962102087
200000.0,500,0.308561,0.113975,0.99,10000,10,12,7.41323e-17,0.0070156,0.9999999913899884,0.916240821398488
521534.0,479,0.0311186,0.514598,0.99,10000,10,15,0.00330967,8.49554e-06,0.9424702685561631,0.9970852890366282
631024.0,357,0.0344128,0.439953,0.99,10000,10,10,0.00172066,1.55523e-05,0.9585191610499498,0.9960563595498575
603006.0,500,0.0100661,0.732442,0.99,10000,10,16,0.00575799,2.35122e-06,0.9241185793490923,0.9984666311598314
200000.0,484,0.277745,0.1,0.99,12860,10,15,1.53082e-17,0.00977725,0.9999999960874305,0.9011200222491934
200000.0,484,0.277745,0.1,0.99,12860,10,15,1.53082e-17,0.00977725,0.9999999960874305,0.9011200222491934
592498.0,349,0.0311186,0.525004,0.99,10000,10,14,0.00226322,1.20828e-05,0.952426688153966,0.9965239677792057
660739.0,500,0.0100661,0.619532,0.99,10000,10,16,0.00541524,2.88708e-06,0.9264116857102977,0.9983008590405738
495539.0,500,0.0157654,0.658936,0.99,10000,10,12,0.00453175,4.72589e-06,0.9326817261065021,0.9978260887782616
631024.0,357,0.0344128,0.439953,0.99,10000,10,16,0.0017447,1.5366e-05,0.9582303938251747,0.9960800510207402
201473.0,500,0.315916,0.102465,0.99,10000,10,20,3.25055e-17,0.00862099,0.9999999942986405,0.9071507135191659
495539.0,500,0.0157654,0.732077,0.99,10000,10,10,0.00498087,3.47837e-06,0.9294247210419966,0.9981349611264105
495539.0,500,0.0157654,0.732077,0.99,10000,10,12,0.00498588,3.46749e-06,0.9293892359480511,0.9981378802401564
510579.0,500,0.029094,0.46134,0.99,10000,10,10,0.00279873,9.35666e-06,0.9470969755117914,0.9969411341971247
502443.0,362,0.049815,0.441964,0.989386,10000,10,11,0.00100022,2.77814e-05,0.9683737450841867,0.994729193610082
501930.0,479,0.0311186,0.514598,0.99,10000,10,15,0.00312114,8.74789e-06,0.9441328361199532,0.9970423167850495
200000.0,499,0.277745,0.1,0.99,12860,10,15,2.47376e-17,0.00908118,0.9999999950263092,0.9047047745162434
215723.0,495,0.36255,0.140941,0.99,10000,10,16,6.38677e-16,0.00389416,0.9999999747279403,0.9375967949541051
513287.0,398,0.0255596,0.733458,0.99,10000,10,10,0.00408039,6.02138e-06,0.9361220695388462,0.9975461499638324
215723.0,495,0.364847,0.159847,0.99,10000,10,15,2.94678e-15,0.00273052,0.9999999457157481,0.9477456221929683
221317.0,500,0.3288,0.146515,0.989995,10000,10,13,1.04539e-15,0.00342147,0.9999999676675086,0.941506667046577
200000.0,500,0.3288,0.136665,0.99,10000,10,18,4.40578e-16,0.00434728,0.99999997901005,0.934066093699827
603006.0,500,0.0100661,0.732442,0.99,10000,10,13,0.00575577,2.35506e-06,0.9241332088460307,0.9984653795257459
214603.0,482,0.335472,0.159669,0.988075,10000,10,13,1.80443e-15,0.00315396,0.9999999575214171,0.9438398717950182
200000.0,487,0.337356,0.130612,0.99,10000,10,11,2.01751e-16,0.00541289,0.9999999857960921,0.9264276546520366
200000.0,500,0.337356,0.130612,0.99,10000,10,17,2.52671e-16,0.00488066,0.9999999841043716,0.9301382794371624
200000.0,500,0.318154,0.1,0.99,10000,10,15,2.03737e-17,0.00926527,0.9999999954862765,0.9037437274771145
201473.0,500,0.388892,0.131187,0.99,10000,10,19,3.94685e-16,0.0046453,0.9999999801333194,0.9318435622996624
200000.0,487,0.337356,0.130612,0.99,10000,10,17,2.18958e-16,0.00520565,0.9999999852027706,0.9278498094250611
200000.0,487,0.333762,0.130612,0.99,10000,10,11,2.00709e-16,0.00576942,0.9999999858328196,0.9240433018095178
200000.0,489,0.316891,0.10985,0.99,10000,10,14,4.32568e-17,0.0079156,0.9999999934230098,0.911030342250855
200636.0,500,0.336994,0.116527,0.99,10000,10,18,1.12766e-16,0.00636892,0.9999999893808663,0.9201944864060133
498344.0,500,0.0255596,0.618373,0.99,10000,10,11,0.00425065,5.65476e-06,0.9348029908661448,0.9976220260724726
200000.0,489,0.316891,0.1,0.99,10000,10,20,1.92605e-17,0.00961863,0.9999999956113214,0.9019253855475332
661411.0,382,0.0454743,0.31862,0.99,10000,10,15,0.000753812,2.79006e-05,0.9725443630560134,0.9947178981456243
439910.0,414,0.0836216,0.344838,0.9882,10000,10,11,0.000336318,5.53941e-05,0.9816610251104376,0.9925572787234775
502443.0,362,0.049815,0.459109,0.989386,10000,10,11,0.00116507,2.45728e-05,0.9658668782558641,0.9950429040759735
280588.0,500,0.308451,0.165885,0.99,11219,10,12,4.92737e-14,0.00177551,0.9999997780231994,0.9578631989823623
462379.0,383,0.0255596,0.8,0.989996,10000,10,11,0.00387852,6.26524e-06,0.9377222351075442,0.997496953855799
215723.0,487,0.36255,0.140941,0.99,10000,10,16,5.69987e-16,0.00406241,0.9999999761255994,0.936262962102087
443416.0,476,0.311776,0.183183,0.99,10000,12,12,2.38286e-09,0.000691051,0.9999511854529879,0.9737121510959912
512517.0,471,0.0311412,0.46134,0.99,10000,10,14,0.00252275,1.07435e-05,0.9497730152208994,0.9967222721284402
439910.0,379,0.0836216,0.353217,0.9882,10000,10,15,0.000194485,6.79523e-05,0.986054212105442,0.9917566814934761
359597.0,493,0.0824798,0.272147,0.99,10000,10,18,5.0184e-05,0.000127295,0.9929159333712901,0.988717491413697
643568.0,433,0.0338871,0.325814,0.99,10000,10,12,0.00128726,2.01777e-05,0.9641215942383166,0.9955080405166564
631024.0,343,0.0344128,0.439953,0.99,10000,10,10,0.00152198,1.75647e-05,0.9609874379205877,0.9958089738726655
328021.0,500,0.3288,0.146515,0.99,10000,10,13,1.45112e-14,0.0020916,0.9999998795375578,0.9542659863996172
200000.0,489,0.316891,0.106886,0.99,10000,10,20,3.83059e-17,0.00826499,0.9999999938108239,0.9090880095916936
440248.0,489,0.304323,0.178987,0.99,10000,10,11,1.09554e-05,0.000370653,0.9966901057418703,0.9807476494941527
200000.0,478,0.338028,0.183183,0.99,10000,10,10,8.96231e-15,0.00228396,0.9999999053305223,0.9522092059074135
215723.0,500,0.36255,0.1,0.99,14416,10,16,3.6736e-17,0.00829048,0.999999993938977,0.908947926986806
267385.0,500,0.308561,0.178987,0.99,10000,10,12,7.84241e-14,0.00143442,0.9999997199569676,0.9621262623972758
296540.0,478,0.337394,0.183183,0.99,10000,10,12,2.07373e-13,0.00126259,0.999999544617743,0.9644670575381098
200636.0,500,0.336994,0.116527,0.989998,10000,10,11,1.00355e-16,0.00664621,0.9999999899822657,0.9184757091413853
500891.0,367,0.0255596,0.730473,0.989989,10000,10,12,0.003523,7.09016e-06,0.9406451349929932,0.9973372645644
583779.0,500,0.0338871,0.325814,0.99,10000,10,12,0.00158466,1.68145e-05,0.9601922118172838,0.9958994512562341
228865.0,389,0.140548,0.344838,0.9882,10000,10,12,3.29005e-08,0.000410242,0.9998186150502385,0.9797455683861531
206198.0,500,0.374606,0.116986,0.99,10000,10,20,1.39602e-16,0.00612614,0.999999988184671,0.9217303379335262
508800.0,479,0.0311186,0.514598,0.99,10000,10,15,0.00318667,8.65076e-06,0.9435494021289411,0.9970587825649911
248563.0,500,0.311701,0.171406,0.99,10000,10,12,1.7196e-14,0.00189724,0.9999998688664803,0.9564426814415763
579336.0,326,0.0454743,0.31484,0.99,10000,10,11,0.000115488,0.000120979,0.9892534656749257,0.9890009545868743
502443.0,355,0.0228762,0.778956,0.989386,10000,10,10,0.00368508,6.67863e-06,0.9392951402274908,0.9974156954513835
200000.0,467,0.277745,0.116986,0.99,10000,10,19,6.14155e-17,0.00759007,0.9999999921631958,0.9128789922005031
500891.0,387,0.0255596,0.730473,0.989995,10000,10,16,0.00380987,6.3994e-06,0.9382758556154887,0.997470296460057
200000.0,496,0.318154,0.114232,0.99,11142,10,15,8.33218e-17,0.00682588,0.9999999908719225,0.9173811159600905
200000.0,489,0.311812,0.113975,0.99,10000,10,12,6.72298e-17,0.00734938,0.9999999918006219,0.9142714749922758
637095.0,382,0.0454743,0.310379,0.99,10000,10,11,0.000546524,3.76834e-05,0.9766221472329044,0.9938613193599928
462379.0,369,0.0255596,0.767893,0.989996,10000,10,11,0.00348382,7.49216e-06,0.9409761065330319,0.9972628189683544
452468.0,398,0.0255596,0.70459,0.99,10000,10,10,0.0033487,8.20945e-06,0.9421320468652986,0.9971347862208904
462379.0,461,0.0255596,0.732442,0.99,10000,10,12,0.00438404,5.36794e-06,0.933787916510655,0.9976831184751913
317581.0,478,0.3338,0.183183,0.99,10000,10,12,5.55486e-13,0.00107029,0.9999992546906682,0.9672847130533752
512517.0,471,0.0311186,0.466488,0.99,10000,10,14,0.00258115,1.04494e-05,0.9491949805629405,0.9967674468295169
215723.0,500,0.173443,0.230761,0.99,10000,10,16,3.21549e-11,0.000854965,0.9999943294709241,0.9707602154590702
205716.0,500,0.311701,0.165885,0.99,10000,10,12,3.88149e-15,0.00256146,0.9999999376983949,0.9493891316019968
200636.0,499,0.33708,0.17098,0.99,10000,10,10,5.35441e-15,0.00244766,0.9999999268261659,0.9505261685332539
200000.0,500,0.308561,0.113975,0.99,10000,10,10,6.94806e-17,0.00716562,0.9999999916644976,0.9153500147666876
521534.0,479,0.0311186,0.514598,0.99,10000,10,15,0.00330967,8.49554e-06,0.9424702685561631,0.9970852890366282
206444.0,499,0.315219,0.119556,0.99,10000,10,20,1.68033e-16,0.00594312,0.9999999870372457,0.9229083662126687
631024.0,357,0.0344128,0.439953,0.99,10000,10,10,0.00172066,1.55523e-05,0.9585191610499498,0.9960563595498575
215723.0,500,0.40735,0.146743,0.99,10000,10,16,1.47851e-15,0.00330505,0.9999999615486022,0.9425104357296039
200000.0,500,0.286586,0.1091,0.99,10000,10,13,4.97257e-17,0.00773798,0.9999999929483548,0.912034211195488
654205.0,362,0.0126978,0.693539,0.99,10000,10,14,0.00442426,5.24632e-06,0.9334848889349194,0.997709515335131
637095.0,382,0.0454743,0.31862,0.99,10000,10,15,0.000642943,3.23606e-05,0.974643679288982,0.9943113622017218
200000.0,484,0.277745,0.1,0.99,12860,10,15,1.53082e-17,0.00977725,0.9999999960874305,0.9011200222491934
200000.0,484,0.277745,0.1,0.99,12860,10,15,1.53082e-17,0.00977725,0.9999999960874305,0.9011200222491934
603006.0,500,0.0100661,0.732442,0.99,10000,10,16,0.00575799,2.35122e-06,0.9241185793490923,0.9984666311598314
592498.0,349,0.0311186,0.525004,0.99,10000,10,14,0.00226322,1.20828e-05,0.952426688153966,0.9965239677792057
660739.0,500,0.0100661,0.619532,0.99,10000,10,16,0.00541524,2.88708e-06,0.9264116857102977,0.9983008590405738
631024.0,357,0.0344128,0.439953,0.99,10000,10,16,0.0017447,1.5366e-05,0.9582303938251747,0.9960800510207402
510579.0,500,0.029094,0.46134,0.99,10000,10,10,0.00279873,9.35666e-06,0.9470969755117914,0.9969411341971247
201473.0,500,0.315916,0.102465,0.99,10000,10,20,3.25055e-17,0.00862099,0.9999999942986405,0.9071507135191659
495539.0,500,0.0157654,0.732077,0.99,10000,10,12,0.00498588,3.46749e-06,0.9293892359480511,0.9981378802401564
501930.0,479,0.0311186,0.514598,0.99,10000,10,15,0.00312114,8.74789e-06,0.9441328361199532,0.9970423167850495
200000.0,499,0.277745,0.1,0.99,12860,10,15,2.47376e-17,0.00908118,0.9999999950263092,0.9047047745162434
513287.0,398,0.0255596,0.733458,0.99,10000,10,10,0.00408039,6.02138e-06,0.9361220695388462,0.9975461499638324
606071.0,500,0.0157654,0.572954,0.99,10000,10,17,0.00465734,3.85779e-06,0.9317552932455564,0.9980358742402788
345608.0,389,0.140548,0.344838,0.9882,10000,10,12,3.31945e-05,0.00011644,0.9942385331728804,0.989209263231827
661411.0,382,0.0454743,0.31862,0.99,10000,10,15,0.000753812,2.79006e-05,0.9725443630560134,0.9947178981456243
603006.0,500,0.0100661,0.732442,0.99,10000,10,13,0.00575577,2.35506e-06,0.9241332088460307,0.9984653795257459
439910.0,379,0.0836216,0.353217,0.9882,10000,10,15,0.000194485,6.79523e-05,0.986054212105442,0.9917566814934761
200000.0,487,0.337356,0.130612,0.99,10000,10,11,2.01751e-16,0.00541289,0.9999999857960921,0.9264276546520366
200000.0,500,0.337356,0.130612,0.99,10000,10,17,2.52671e-16,0.00488066,0.9999999841043716,0.9301382794371624
495539.0,500,0.0157654,0.732077,0.99,10000,10,10,0.00498087,3.47837e-06,0.9294247210419966,0.9981349611264105
512517.0,471,0.0311412,0.46134,0.99,10000,10,14,0.00252275,1.07435e-05,0.9497730152208994,0.9967222721284402
201473.0,500,0.388892,0.131187,0.99,10000,10,19,3.94685e-16,0.0046453,0.9999999801333194,0.9318435622996624
214603.0,482,0.335472,0.159669,0.988075,10000,10,13,1.80443e-15,0.00315396,0.9999999575214171,0.9438398717950182
200000.0,487,0.333762,0.130612,0.99,10000,10,11,2.00709e-16,0.00576942,0.9999999858328196,0.9240433018095178
317581.0,478,0.3338,0.183183,0.99,10000,10,12,5.55486e-13,0.00107029,0.9999992546906682,0.9672847130533752
200000.0,489,0.316891,0.10985,0.99,10000,10,14,4.32568e-17,0.0079156,0.9999999934230098,0.911030342250855
200000.0,500,0.308561,0.113975,0.99,10000,10,10,6.94806e-17,0.00716562,0.9999999916644976,0.9153500147666876
200636.0,500,0.336994,0.116527,0.99,10000,10,18,1.12766e-16,0.00636892,0.9999999893808663,0.9201944864060133
498344.0,500,0.0255596,0.618373,0.99,10000,10,11,0.00425065,5.65476e-06,0.9348029908661448,0.9976220260724726
439910.0,414,0.0836216,0.344838,0.9882,10000,10,11,0.000336318,5.53941e-05,0.9816610251104376,0.9925572787234775
267385.0,500,0.308561,0.178987,0.99,10000,10,12,7.84241e-14,0.00143442,0.9999997199569676,0.9621262623972758
200000.0,489,0.307968,0.1,0.99,12860,10,15,1.586e-17,0.00941653,0.9999999960175384,0.9029611933296786
502443.0,362,0.049815,0.459109,0.989386,10000,10,11,0.00116507,2.45728e-05,0.9658668782558641,0.9950429040759735
200000.0,500,0.3288,0.146515,0.99,10000,10,13,7.60059e-16,0.00367535,0.9999999724308324,0.9393753350524723
512517.0,471,0.0311186,0.466488,0.99,10000,10,14,0.00258115,1.04494e-05,0.9491949805629405,0.9967674468295169
280588.0,500,0.308451,0.165885,0.99,11219,10,12,4.92737e-14,0.00177551,0.9999997780231994,0.9578631989823623
462379.0,383,0.0255596,0.8,0.989996,10000,10,11,0.00387852,6.26524e-06,0.9377222351075442,0.997496953855799
200636.0,500,0.336994,0.116527,0.989998,10000,10,11,1.00355e-16,0.00664621,0.9999999899822657,0.9184757091413853
206198.0,500,0.374606,0.116986,0.99,10000,10,20,1.39602e-16,0.00612614,0.999999988184671,0.9217303379335262
200000.0,489,0.311812,0.113975,0.99,10000,10,12,6.72298e-17,0.00734938,0.9999999918006219,0.9142714749922758
215723.0,495,0.339302,0.159847,0.99,10000,10,12,2.35132e-15,0.00277441,0.9999999515095885,0.9473273315656022
502443.0,362,0.049815,0.441964,0.989386,10000,10,11,0.00100022,2.77814e-05,0.9683737450841867,0.994729193610082
200636.0,499,0.33708,0.17098,0.99,10000,10,10,5.35441e-15,0.00244766,0.9999999268261659,0.9505261685332539
631024.0,339,0.0344128,0.439953,0.99,10000,10,16,0.00148966,1.80089e-05,0.9614038862059922,0.9957563105674425
215723.0,487,0.36255,0.140941,0.99,10000,10,16,5.69987e-16,0.00406241,0.9999999761255994,0.936262962102087
200000.0,467,0.277745,0.116986,0.99,10000,10,19,6.14155e-17,0.00759007,0.9999999921631958,0.9128789922005031
502443.0,355,0.0228762,0.778956,0.989386,10000,10,10,0.00368508,6.67863e-06,0.9392951402274908,0.9974156954513835
379921.0,500,0.311701,0.171406,0.99,10000,10,15,1.02995e-11,0.000735102,0.9999967907165909,0.9728872354784688
200000.0,489,0.316891,0.106886,0.99,10000,10,20,3.83059e-17,0.00826499,0.9999999938108239,0.9090880095916936
583154.0,326,0.0454743,0.377579,0.99,10000,10,10,0.000488592,5.25653e-05,0.9778958827364674,0.9927498068991233
221317.0,500,0.3288,0.146515,0.989995,10000,10,13,1.04539e-15,0.00342147,0.9999999676675086,0.941506667046577
200000.0,496,0.318154,0.114232,0.99,11142,10,15,8.33218e-17,0.00682588,0.9999999908719225,0.9173811159600905
637095.0,382,0.0454743,0.31862,0.99,10000,10,15,0.000642943,3.23606e-05,0.974643679288982,0.9943113622017218
215723.0,500,0.36255,0.1,0.99,14416,10,16,3.6736e-17,0.00829048,0.999999993938977,0.908947926986806
643568.0,433,0.0338871,0.325814,0.99,10000,10,12,0.00128726,2.01777e-05,0.9641215942383166,0.9955080405166564
440248.0,489,0.304323,0.178987,0.99,10000,10,11,1.09554e-05,0.000370653,0.9966901057418703,0.9807476494941527
500891.0,367,0.0255596,0.730473,0.989989,10000,10,12,0.003523,7.09016e-06,0.9406451349929932,0.9973372645644
200000.0,500,0.286586,0.1091,0.99,10000,10,13,4.97257e-17,0.00773798,0.9999999929483548,0.912034211195488
200000.0,487,0.337356,0.130612,0.99,10000,10,17,2.18958e-16,0.00520565,0.9999999852027706,0.9278498094250611
443416.0,476,0.311776,0.183183,0.99,10000,12,12,2.38286e-09,0.000691051,0.9999511854529879,0.9737121510959912
508800.0,479,0.0311186,0.514598,0.99,10000,10,15,0.00318667,8.65076e-06,0.9435494021289411,0.9970587825649911
248563.0,500,0.311701,0.171406,0.99,10000,10,12,1.7196e-14,0.00189724,0.9999998688664803,0.9564426814415763
495539.0,500,0.0157654,0.658936,0.99,10000,10,12,0.00453175,4.72589e-06,0.9326817261065021,0.9978260887782616
221317.0,500,0.328914,0.171526,0.989995,10000,10,13,8.90037e-15,0.00215695,0.9999999056582277,0.9535570242124818
228865.0,389,0.140548,0.344838,0.9882,10000,10,12,3.29005e-08,0.000410242,0.9998186150502385,0.9797455683861531
200000.0,500,0.3288,0.136665,0.99,10000,10,18,4.40578e-16,0.00434728,0.99999997901005,0.934066093699827
462379.0,461,0.0255596,0.732442,0.99,10000,10,12,0.00438404,5.36794e-06,0.933787916510655,0.9976831184751913
200000.0,500,0.3288,0.136665,0.99,10000,10,18,4.40578e-16,0.00434728,0.99999997901005,0.934066093699827
502443.0,362,0.049815,0.441964,0.989774,10000,10,11,0.00100109,2.74978e-05,0.9683599936788881,0.9947561655251143
205716.0,500,0.311701,0.165885,0.99,10000,10,12,3.88149e-15,0.00256146,0.9999999376983949,0.9493891316019968
637095.0,382,0.0454743,0.310379,0.99,10000,10,11,0.000546524,3.76834e-05,0.9766221472329044,0.9938613193599928
521534.0,479,0.0311186,0.514598,0.99,10000,10,15,0.00330967,8.49554e-06,0.9424702685561631,0.9970852890366282
215723.0,495,0.36255,0.140941,0.99,10000,10,16,6.38677e-16,0.00389416,0.9999999747279403,0.9375967949541051
631024.0,357,0.0344128,0.439953,0.99,10000,10,10,0.00172066,1.55523e-05,0.9585191610499498,0.9960563595498575
215723.0,500,0.40735,0.146743,0.99,10000,10,16,1.47851e-15,0.00330505,0.9999999615486022,0.9425104357296039
654205.0,362,0.0126978,0.693539,0.99,10000,10,14,0.00442426,5.24632e-06,0.9334848889349194,0.997709515335131
328021.0,500,0.3288,0.146515,0.99,10000,10,13,1.45112e-14,0.0020916,0.9999998795375578,0.9542659863996172
583779.0,500,0.0338871,0.325814,0.99,10000,10,12,0.00158466,1.68145e-05,0.9601922118172838,0.9958994512562341
462379.0,389,0.0255596,0.721589,0.99,10000,10,11,0.00343398,7.62912e-06,0.9413998293517843,0.9972379138319017
500891.0,387,0.0255596,0.730473,0.989995,10000,10,16,0.00380987,6.3994e-06,0.9382758556154887,0.997470296460057
200000.0,484,0.277745,0.1,0.99,12860,10,15,1.53082e-17,0.00977725,0.9999999960874305,0.9011200222491934
603006.0,500,0.0100661,0.732442,0.99,10000,10,16,0.00575799,2.35122e-06,0.9241185793490923,0.9984666311598314
200000.0,484,0.277745,0.1,0.99,12860,10,15,1.53082e-17,0.00977725,0.9999999960874305,0.9011200222491934
660739.0,500,0.0100661,0.619532,0.99,10000,10,16,0.00541524,2.88708e-06,0.9264116857102977,0.9983008590405738
495539.0,500,0.0157654,0.658936,0.99,10000,10,12,0.00453175,4.72589e-06,0.9326817261065021,0.9978260887782616
631024.0,390,0.0344128,0.439953,0.99,10000,10,16,0.00223556,1.30169e-05,0.9527182910630336,0.996392105877385
631024.0,357,0.0344128,0.439953,0.99,10000,10,16,0.0017447,1.5366e-05,0.9582303938251747,0.9960800510207402
614145.0,460,0.0185212,0.554267,0.99,10000,10,10,0.00412953,4.94674e-06,0.9357385807813117,0.9977758732050532
200000.0,499,0.277745,0.1,0.99,12860,10,15,2.47376e-17,0.00908118,0.9999999950263092,0.9047047745162434
201473.0,500,0.315916,0.102465,0.99,10000,10,20,3.25055e-17,0.00862099,0.9999999942986405,0.9071507135191659
495539.0,500,0.0157654,0.732077,0.99,10000,10,12,0.00498588,3.46749e-06,0.9293892359480511,0.9981378802401564
200000.0,489,0.307968,0.1,0.99,12860,10,15,1.586e-17,0.00941653,0.9999999960175384,0.9029611933296786
501930.0,479,0.0311186,0.514598,0.99,10000,10,15,0.00312114,8.74789e-06,0.9441328361199532,0.9970423167850495
345608.0,389,0.140548,0.344838,0.99,10000,10,10,3.10547e-05,0.000114504,0.9944273255971661,0.9892993458143906
206198.0,500,0.374606,0.116986,0.99,10000,10,20,1.39602e-16,0.00612614,0.999999988184671,0.9217303379335262
603006.0,500,0.0100661,0.732442,0.99,10000,10,13,0.00575577,2.35506e-06,0.9241332088460307,0.9984653795257459
200000.0,487,0.337356,0.130612,0.99,10000,10,11,2.01751e-16,0.00541289,0.9999999857960921,0.9264276546520366
495539.0,500,0.0157654,0.732077,0.99,10000,10,10,0.00498087,3.47837e-06,0.9294247210419966,0.9981349611264105
606071.0,500,0.0157654,0.572954,0.99,10000,10,17,0.00465734,3.85779e-06,0.9317552932455564,0.9980358742402788
510579.0,500,0.029094,0.46134,0.99,10000,10,10,0.00279873,9.35666e-06,0.9470969755117914,0.9969411341971247
317581.0,478,0.3338,0.183183,0.99,10000,10,12,5.55486e-13,0.00107029,0.9999992546906682,0.9672847130533752
200000.0,487,0.337356,0.130612,0.99,10000,10,17,2.18958e-16,0.00520565,0.9999999852027706,0.9278498094250611
200000.0,500,0.320745,0.116986,0.99,10000,10,20,1.03939e-16,0.00636454,0.9999999898049522,0.9202219328386555
200000.0,496,0.318154,0.114232,0.99,11142,10,15,8.33218e-17,0.00682588,0.9999999908719225,0.9173811159600905
631024.0,339,0.0344128,0.439953,0.99,10000,10,16,0.00148966,1.80089e-05,0.9614038862059922,0.9957563105674425
502443.0,355,0.0228762,0.778956,0.989386,10000,10,10,0.00368508,6.67863e-06,0.9392951402274908,0.9974156954513835
200000.0,500,0.3288,0.146515,0.99,10000,10,13,7.60059e-16,0.00367535,0.9999999724308324,0.9393753350524723
512517.0,471,0.0311186,0.466488,0.99,10000,10,14,0.00258115,1.04494e-05,0.9491949805629405,0.9967674468295169
200636.0,500,0.336994,0.116527,0.989998,10000,10,11,1.00355e-16,0.00664621,0.9999999899822657,0.9184757091413853
215723.0,487,0.36255,0.140941,0.99,10000,10,16,5.69987e-16,0.00406241,0.9999999761255994,0.936262962102087
512517.0,457,0.0311186,0.466488,0.99,10000,10,14,0.00242592,1.13414e-05,0.9507463706921002,0.996632300488464
439910.0,414,0.0836216,0.344838,0.9882,10000,10,11,0.000336318,5.53941e-05,0.9816610251104376,0.9925572787234775
502443.0,362,0.049815,0.459109,0.989386,10000,10,11,0.00116507,2.45728e-05,0.9658668782558641,0.9950429040759735
606071.0,439,0.0157654,0.572954,0.99,10000,10,15,0.00404803,5.54686e-06,0.9363758693576093,0.9976448227242944
500891.0,367,0.0255596,0.730473,0.989989,10000,10,12,0.003523,7.09016e-06,0.9406451349929932,0.9973372645644
200000.0,489,0.311812,0.113975,0.99,10000,10,12,6.72298e-17,0.00734938,0.9999999918006219,0.9142714749922758
661411.0,382,0.0454743,0.31862,0.99,10000,10,15,0.000753812,2.79006e-05,0.9725443630560134,0.9947178981456243
521534.0,479,0.0311186,0.514598,0.99,10000,10,15,0.00330967,8.49554e-06,0.9424702685561631,0.9970852890366282
502443.0,362,0.049815,0.441964,0.989386,10000,10,11,0.00100022,2.77814e-05,0.9683737450841867,0.994729193610082
215723.0,495,0.339302,0.159847,0.99,10000,10,12,2.35132e-15,0.00277441,0.9999999515095885,0.9473273315656022
643568.0,433,0.0338871,0.325814,0.99,10000,10,12,0.00128726,2.01777e-05,0.9641215942383166,0.9955080405166564
462379.0,383,0.0255596,0.8,0.989996,10000,10,11,0.00387852,6.26524e-06,0.9377222351075442,0.997496953855799
200636.0,499,0.33708,0.17098,0.99,10000,10,10,5.35441e-15,0.00244766,0.9999999268261659,0.9505261685332539
280588.0,500,0.308451,0.165885,0.99,11219,10,12,4.92737e-14,0.00177551,0.9999997780231994,0.9578631989823623
583779.0,500,0.0338871,0.325814,0.99,10000,10,12,0.00158466,1.68145e-05,0.9601922118172838,0.9958994512562341
200000.0,467,0.277745,0.116986,0.99,10000,10,19,6.14155e-17,0.00759007,0.9999999921631958,0.9128789922005031
215723.0,495,0.36255,0.140941,0.99,10000,10,16,6.38677e-16,0.00389416,0.9999999747279403,0.9375967949541051
201473.0,500,0.412295,0.154676,0.99,10000,10,20,2.26098e-15,0.00297801,0.9999999524502365,0.9454288537778434
200000.0,500,0.337356,0.130612,0.99,10000,10,17,2.52671e-16,0.00488066,0.9999999841043716,0.9301382794371624
200000.0,489,0.316891,0.106886,0.99,10000,10,20,3.83059e-17,0.00826499,0.9999999938108239,0.9090880095916936
583154.0,326,0.0454743,0.377579,0.99,10000,10,10,0.000488592,5.25653e-05,0.9778958827364674,0.9927498068991233
221317.0,500,0.3288,0.146515,0.989995,10000,10,13,1.04539e-15,0.00342147,0.9999999676675086,0.941506667046577
510579.0,500,0.029094,0.46134,0.99,10000,10,10,0.00279873,9.35666e-06,0.9470969755117914,0.9969411341971247
267385.0,500,0.308561,0.178987,0.99,10000,10,12,7.84241e-14,0.00143442,0.9999997199569676,0.9621262623972758
462379.0,389,0.0255596,0.721589,0.99,10000,10,11,0.00343398,7.62912e-06,0.9413998293517843,0.9972379138319017
637095.0,382,0.0454743,0.31862,0.99,10000,10,15,0.000642943,3.23606e-05,0.974643679288982,0.9943113622017218
200000.0,487,0.333762,0.130612,0.99,10000,10,11,2.00709e-16,0.00576942,0.9999999858328196,0.9240433018095178
200000.0,487,0.333762,0.130612,0.99,10000,10,11,2.00709e-16,0.00576942,0.9999999858328196,0.9240433018095178
221317.0,500,0.328914,0.171526,0.989995,10000,10,13,8.90037e-15,0.00215695,0.9999999056582277,0.9535570242124818
215723.0,500,0.36255,0.1,0.99,14416,10,16,3.6736e-17,0.00829048,0.999999993938977,0.908947926986806
200000.0,489,0.316891,0.10985,0.99,10000,10,14,4.32568e-17,0.0079156,0.9999999934230098,0.911030342250855
440248.0,489,0.304323,0.178987,0.99,10000,10,11,1.09554e-05,0.000370653,0.9966901057418703,0.9807476494941527
267385.0,500,0.308561,0.178987,0.99,10000,10,12,7.84241e-14,0.00143442,0.9999997199569676,0.9621262623972758
200000.0,500,0.308561,0.113975,0.99,10000,10,10,6.94806e-17,0.00716562,0.9999999916644976,0.9153500147666876
228865.0,389,0.140548,0.344838,0.9882,10000,10,12,3.29005e-08,0.000410242,0.9998186150502385,0.9797455683861531
316331.0,487,0.333762,0.188067,0.99,10000,10,11,1.95336e-12,0.000888658,0.9999986023734404,0.9701896326758626
439910.0,379,0.0836216,0.353217,0.9882,10000,10,15,0.000194485,6.79523e-05,0.986054212105442,0.9917566814934761
500891.0,387,0.0255596,0.730473,0.989995,10000,10,16,0.00380987,6.3994e-06,0.9382758556154887,0.997470296460057
214603.0,482,0.335472,0.159669,0.988075,10000,10,13,1.80443e-15,0.00315396,0.9999999575214171,0.9438398717950182
205716.0,500,0.311701,0.165885,0.99,10000,10,12,3.88149e-15,0.00256146,0.9999999376983949,0.9493891316019968
200000.0,500,0.286586,0.1091,0.99,10000,10,13,4.97257e-17,0.00773798,0.9999999929483548,0.912034211195488
443416.0,476,0.311776,0.183183,0.99,10000,12,12,2.38286e-09,0.000691051,0.9999511854529879,0.9737121510959912
508800.0,479,0.0311186,0.514598,0.99,10000,10,15,0.00318667,8.65076e-06,0.9435494021289411,0.9970587825649911
200000.0,500,0.3288,0.136665,0.99,10000,10,18,4.40578e-16,0.00434728,0.99999997901005,0.934066093699827
201473.0,500,0.388892,0.131187,0.99,10000,10,19,3.94685e-16,0.0046453,0.9999999801333194,0.9318435622996624
200000.0,500,0.3288,0.136665,0.99,10000,10,18,4.40578e-16,0.00434728,0.99999997901005,0.934066093699827
502443.0,362,0.049815,0.441964,0.989774,10000,10,11,0.00100109,2.74978e-05,0.9683599936788881,0.9947561655251143
637095.0,382,0.0454743,0.310379,0.99,10000,10,11,0.000546524,3.76834e-05,0.9766221472329044,0.9938613193599928
592498.0,349,0.0311186,0.525004,0.99,10000,10,14,0.00226322,1.20828e-05,0.952426688153966,0.9965239677792057
631024.0,357,0.0344128,0.439953,0.99,10000,10,10,0.00172066,1.55523e-05,0.9585191610499498,0.9960563595498575
200000.0,484,0.277745,0.1,0.99,12860,10,15,1.53082e-17,0.00977725,0.9999999960874305,0.9011200222491934
603006.0,500,0.0100661,0.732442,0.99,10000,10,16,0.00575799,2.35122e-06,0.9241185793490923,0.9984666311598314
200000.0,484,0.277745,0.1,0.99,12860,10,15,1.53082e-17,0.00977725,0.9999999960874305,0.9011200222491934
660739.0,500,0.0100661,0.619532,0.99,10000,10,16,0.00541524,2.88708e-06,0.9264116857102977,0.9983008590405738
614145.0,460,0.024488,0.445403,0.99,10000,10,10,0.00298469,8.14018e-06,0.9453676835563418,0.9971468999316533
614145.0,397,0.0185212,0.556231,0.99,10000,10,10,0.00342029,7.41854e-06,0.9415167545360211,0.9972763003102397
610533.0,398,0.0344128,0.438385,0.99,10000,10,13,0.00215331,1.30884e-05,0.9535962286015458,0.9963822106197292
614145.0,460,0.0185212,0.554267,0.99,10000,10,10,0.00412953,4.94674e-06,0.9357385807813117,0.9977758732050532
606071.0,500,0.0157654,0.572954,0.99,10000,10,17,0.00465734,3.85779e-06,0.9317552932455564,0.9980358742402788
495539.0,500,0.0157654,0.732077,0.99,10000,10,12,0.00498588,3.46749e-06,0.9293892359480511,0.9981378802401564
631024.0,357,0.0344128,0.439953,0.99,10000,10,16,0.0017447,1.5366e-05,0.9582303938251747,0.9960800510207402
200000.0,489,0.307968,0.1,0.99,12860,10,15,1.586e-17,0.00941653,0.9999999960175384,0.9029611933296786
495539.0,500,0.0157654,0.658936,0.99,10000,10,12,0.00453175,4.72589e-06,0.9326817261065021,0.9978260887782616
512517.0,471,0.0311186,0.466488,0.99,10000,10,14,0.00258115,1.04494e-05,0.9491949805629405,0.9967674468295169
221317.0,500,0.328914,0.171526,0.989995,10000,10,13,8.90037e-15,0.00215695,0.9999999056582277,0.9535570242124818
345608.0,389,0.140548,0.344838,0.99,10000,10,10,3.10547e-05,0.000114504,0.9944273255971661,0.9892993458143906
603006.0,494,0.0100661,0.732442,0.99,10000,10,13,0.0057096,2.43544e-06,0.9244381048411304,0.9984394103678417
439910.0,379,0.0836216,0.353217,0.9882,10000,10,15,0.000194485,6.79523e-05,0.986054212105442,0.9917566814934761
200000.0,487,0.337356,0.130612,0.99,10000,10,11,2.01751e-16,0.00541289,0.9999999857960921,0.9264276546520366
200000.0,500,0.337356,0.130612,0.99,10000,10,17,2.52671e-16,0.00488066,0.9999999841043716,0.9301382794371624
495539.0,500,0.0157654,0.732077,0.99,10000,10,10,0.00498087,3.47837e-06,0.9294247210419966,0.9981349611264105
502443.0,355,0.0228762,0.778956,0.989386,10000,10,10,0.00368508,6.67863e-06,0.9392951402274908,0.9974156954513835
317581.0,478,0.3338,0.183183,0.99,10000,10,12,5.55486e-13,0.00107029,0.9999992546906682,0.9672847130533752
512517.0,457,0.0311186,0.466488,0.99,10000,10,14,0.00242592,1.13414e-05,0.9507463706921002,0.996632300488464
201473.0,500,0.388892,0.131187,0.99,10000,10,19,3.94685e-16,0.0046453,0.9999999801333194,0.9318435622996624
200000.0,487,0.337356,0.130612,0.99,10000,10,17,2.18958e-16,0.00520565,0.9999999852027706,0.9278498094250611
200000.0,500,0.308561,0.113975,0.99,10000,10,10,6.94806e-17,0.00716562,0.9999999916644976,0.9153500147666876
221317.0,500,0.3288,0.146515,0.989995,10000,10,13,1.04539e-15,0.00342147,0.9999999676675086,0.941506667046577
439910.0,414,0.0836216,0.344838,0.9882,10000,10,11,0.000336318,5.53941e-05,0.9816610251104376,0.9925572787234775
631024.0,339,0.0344128,0.439953,0.99,10000,10,16,0.00148966,1.80089e-05,0.9614038862059922,0.9957563105674425
200000.0,500,0.3288,0.146515,0.99,10000,10,13,7.60059e-16,0.00367535,0.9999999724308324,0.9393753350524723
200000.0,500,0.277745,0.1,0.99,12860,10,15,2.49863e-17,0.00903403,0.9999999950013702,0.9049524855664284
215723.0,487,0.36255,0.140941,0.99,10000,10,16,5.69987e-16,0.00406241,0.9999999761255994,0.936262962102087
510579.0,500,0.0231271,0.526618,0.99,10000,10,10,0.0034865,6.83095e-06,0.9409534082270619,0.9973863913835465
214603.0,482,0.335472,0.159669,0.988075,10000,10,13,1.80443e-15,0.00315396,0.9999999575214171,0.9438398717950182
606071.0,439,0.0157654,0.572954,0.99,10000,10,15,0.00404803,5.54686e-06,0.9363758693576093,0.9976448227242944
200000.0,489,0.311812,0.113975,0.99,10000,10,12,6.72298e-17,0.00734938,0.9999999918006219,0.9142714749922758
661411.0,382,0.0454743,0.31862,0.99,10000,10,15,0.000753812,2.79006e-05,0.9725443630560134,0.9947178981456243
502443.0,362,0.049815,0.441964,0.989386,10000,10,11,0.00100022,2.77814e-05,0.9683737450841867,0.994729193610082
316331.0,487,0.333762,0.188067,0.99,10000,10,11,1.95336e-12,0.000888658,0.9999986023734404,0.9701896326758626
215723.0,495,0.339302,0.159847,0.99,10000,10,12,2.35132e-15,0.00277441,0.9999999515095885,0.9473273315656022
201473.0,500,0.315916,0.102465,0.99,10000,10,20,3.25055e-17,0.00862099,0.9999999942986405,0.9071507135191659
462379.0,383,0.0255596,0.8,0.989996,10000,10,11,0.00387852,6.26524e-06,0.9377222351075442,0.997496953855799
200000.0,500,0.320147,0.116152,0.99,10000,10,20,9.87714e-17,0.00647024,0.9999999900616199,0.9195621979415151
200636.0,499,0.33708,0.17098,0.99,10000,10,10,5.35441e-15,0.00244766,0.9999999268261659,0.9505261685332539
200000.0,496,0.318154,0.114232,0.99,11142,10,15,8.33218e-17,0.00682588,0.9999999908719225,0.9173811159600905
643568.0,433,0.0338871,0.325814,0.99,10000,10,12,0.00128726,2.01777e-05,0.9641215942383166,0.9955080405166564
583779.0,500,0.0338871,0.325814,0.99,10000,10,12,0.00158466,1.68145e-05,0.9601922118172838,0.9958994512562341
280588.0,500,0.308451,0.165885,0.99,11219,10,12,4.92737e-14,0.00177551,0.9999997780231994,0.9578631989823623
200000.0,467,0.277745,0.116986,0.99,10000,10,19,6.14155e-17,0.00759007,0.9999999921631958,0.9128789922005031
200000.0,499,0.277745,0.1,0.99,12860,10,15,2.47376e-17,0.00908118,0.9999999950263092,0.9047047745162434
232342.0,500,0.308561,0.178987,0.99,10000,10,12,2.39913e-14,0.00182453,0.9999998451087478,0.9572854825615459
201473.0,500,0.412295,0.154676,0.99,10000,10,20,2.26098e-15,0.00297801,0.9999999524502365,0.9454288537778434
583154.0,326,0.0454743,0.377579,0.99,10000,10,10,0.000488592,5.25653e-05,0.9778958827364674,0.9927498068991233
510579.0,500,0.029094,0.46134,0.99,10000,10,10,0.00279873,9.35666e-06,0.9470969755117914,0.9969411341971247
267385.0,500,0.308561,0.178987,0.99,10000,10,12,7.84241e-14,0.00143442,0.9999997199569676,0.9621262623972758
637095.0,382,0.0454743,0.31862,0.99,10000,10,15,0.000642943,3.23606e-05,0.974643679288982,0.9943113622017218
206198.0,500,0.374606,0.116986,0.99,10000,10,20,1.39602e-16,0.00612614,0.999999988184671,0.9217303379335262
200000.0,487,0.333762,0.130612,0.99,10000,10,11,2.00709e-16,0.00576942,0.9999999858328196,0.9240433018095178
200000.0,487,0.333762,0.130612,0.99,10000,10,11,2.00709e-16,0.00576942,0.9999999858328196,0.9240433018095178
215723.0,500,0.36255,0.1,0.99,14416,10,16,3.6736e-17,0.00829048,0.999999993938977,0.908947926986806
200000.0,500,0.318154,0.114232,0.99,11142,10,14,8.59536e-17,0.00676946,0.9999999907288836,0.9177232718200341
336422.0,492,0.333762,0.188067,0.99,10000,10,17,7.64791e-11,0.000651742,0.9999912547670128,0.9744707618601729
200000.0,495,0.316891,0.106886,0.99,10000,10,20,4.06009e-17,0.00805199,0.9999999936281164,0.9102671186242189
440248.0,489,0.304323,0.178987,0.99,10000,10,11,1.09554e-05,0.000370653,0.9966901057418703,0.9807476494941527
200000.0,500,0.320745,0.116986,0.99,10000,10,20,1.03939e-16,0.00636454,0.9999999898049522,0.9202219328386555
267385.0,500,0.308561,0.178987,0.99,10000,10,12,7.84241e-14,0.00143442,0.9999997199569676,0.9621262623972758
201473.0,500,0.315916,0.102465,0.99,10000,10,20,3.25055e-17,0.00862099,0.9999999942986405,0.9071507135191659
500891.0,387,0.0255596,0.730473,0.989995,10000,10,16,0.00380987,6.3994e-06,0.9382758556154887,0.997470296460057
205716.0,500,0.311701,0.165885,0.99,10000,10,12,3.88149e-15,0.00256146,0.9999999376983949,0.9493891316019968
200000.0,500,0.286586,0.1091,0.99,10000,10,13,4.97257e-17,0.00773798,0.9999999929483548,0.912034211195488
592498.0,349,0.0311186,0.525004,0.99,10000,10,14,0.00226322,1.20828e-05,0.952426688153966,0.9965239677792057
510579.0,500,0.029094,0.46134,0.99,10000,10,10,0.00279873,9.35666e-06,0.9470969755117914,0.9969411341971247
200000.0,489,0.316891,0.10985,0.99,10000,10,14,4.32568e-17,0.0079156,0.9999999934230098,0.911030342250855
200000.0,500,0.3288,0.136665,0.99,10000,10,18,4.40578e-16,0.00434728,0.99999997901005,0.934066093699827
200000.0,500,0.3288,0.136665,0.99,10000,10,18,4.40578e-16,0.00434728,0.99999997901005,0.934066093699827
637095.0,382,0.0454743,0.310379,0.99,10000,10,11,0.000546524,3.76834e-05,0.9766221472329044,0.9938613193599928
631024.0,357,0.0344128,0.38167,0.99,10000,10,16,0.00110572,2.70236e-05,0.9667476316632935,0.9948015771622539
631024.0,357,0.0344128,0.439953,0.99,10000,10,10,0.00172066,1.55523e-05,0.9585191610499498,0.9960563595498575
502443.0,362,0.049815,0.459109,0.989386,10000,10,11,0.00116507,2.45728e-05,0.9658668782558641,0.9950429040759735
200000.0,484,0.277745,0.1,0.99,12860,10,15,1.53082e-17,0.00977725,0.9999999960874305,0.9011200222491934
603006.0,500,0.0100661,0.732442,0.99,10000,10,16,0.00575799,2.35122e-06,0.9241185793490923,0.9984666311598314
200000.0,484,0.277745,0.1,0.99,12860,10,15,1.53082e-17,0.00977725,0.9999999960874305,0.9011200222491934
660739.0,500,0.0100661,0.619532,0.99,10000,10,16,0.00541524,2.88708e-06,0.9264116857102977,0.9983008590405738
206198.0,500,0.374606,0.116986,0.99,10000,10,20,1.39602e-16,0.00612614,0.999999988184671,0.9217303379335262
614145.0,489,0.0185212,0.554267,0.99,10000,10,10,0.00444219,4.45572e-06,0.9333502438113986,0.9978891423543972
610533.0,398,0.031137,0.438385,0.99,10000,10,17,0.00213569,1.24306e-05,0.9537864738415256,0.9964742943968619
200000.0,487,0.337356,0.130612,0.98983,10000,10,11,1.9773e-16,0.00538936,0.99999998593835,0.9265877394436052
606071.0,500,0.0157654,0.572954,0.99,10000,10,17,0.00465734,3.85779e-06,0.9317552932455564,0.9980358742402788
614145.0,474,0.024488,0.445403,0.99,10000,10,10,0.00314868,7.65916e-06,0.9438868999252403,0.9972324812557094
495539.0,500,0.0157654,0.732077,0.99,10000,10,12,0.00498588,3.46749e-06,0.9293892359480511,0.9981378802401564
631024.0,357,0.0344128,0.439953,0.99,10000,10,16,0.0017447,1.5366e-05,0.9582303938251747,0.9960800510207402
200000.0,489,0.307968,0.1,0.99,12860,10,15,1.586e-17,0.00941653,0.9999999960175384,0.9029611933296786
614145.0,460,0.0185212,0.554267,0.99,10000,10,10,0.00412953,4.94674e-06,0.9357385807813117,0.9977758732050532
512517.0,471,0.0311186,0.466488,0.99,10000,10,14,0.00258115,1.04494e-05,0.9491949805629405,0.9967674468295169
345608.0,389,0.140548,0.344838,0.99,10000,10,10,3.10547e-05,0.000114504,0.9944273255971661,0.9892993458143906
661411.0,382,0.0454743,0.31862,0.99,10000,10,15,0.000753812,2.79006e-05,0.9725443630560134,0.9947178981456243
215723.0,487,0.36255,0.140941,0.99,10000,10,16,5.69987e-16,0.00406241,0.9999999761255994,0.936262962102087
614145.0,397,0.0185212,0.556231,0.99,10000,10,10,0.00342029,7.41854e-06,0.9415167545360211,0.9972763003102397
215723.0,500,0.36255,0.1,0.99,14416,10,16,3.6736e-17,0.00829048,0.999999993938977,0.908947926986806
643568.0,433,0.0338871,0.325814,0.99,10000,10,12,0.00128726,2.01777e-05,0.9641215942383166,0.9955080405166564
483904.0,500,0.0157654,0.734544,0.99,10000,10,13,0.00492036,3.65789e-06,0.9298547221831719,0.9980874388898652
502443.0,355,0.0228762,0.778956,0.989386,10000,10,10,0.00368508,6.67863e-06,0.9392951402274908,0.9974156954513835
603006.0,494,0.0100661,0.732442,0.99,10000,10,13,0.0057096,2.43544e-06,0.9244381048411304,0.9984394103678417
317581.0,478,0.3338,0.183183,0.99,10000,10,12,5.55486e-13,0.00107029,0.9999992546906682,0.9672847130533752
512517.0,457,0.0311186,0.466488,0.99,10000,10,14,0.00242592,1.13414e-05,0.9507463706921002,0.996632300488464
201473.0,500,0.388892,0.131187,0.99,10000,10,19,3.94685e-16,0.0046453,0.9999999801333194,0.9318435622996624
200000.0,500,0.308561,0.113975,0.99,10000,10,10,6.94806e-17,0.00716562,0.9999999916644976,0.9153500147666876
439910.0,414,0.0836216,0.344838,0.9882,10000,10,11,0.000336318,5.53941e-05,0.9816610251104376,0.9925572787234775
631024.0,339,0.0344128,0.439953,0.99,10000,10,16,0.00148966,1.80089e-05,0.9614038862059922,0.9957563105674425
592498.0,349,0.0311186,0.525004,0.99,10000,10,14,0.00226322,1.20828e-05,0.952426688153966,0.9965239677792057
200000.0,500,0.277745,0.1,0.99,12860,10,15,2.49863e-17,0.00903403,0.9999999950013702,0.9049524855664284
510579.0,500,0.0231271,0.526618,0.99,10000,10,10,0.0034865,6.83095e-06,0.9409534082270619,0.9973863913835465
614145.0,460,0.024488,0.445403,0.99,10000,10,10,0.00298469,8.14018e-06,0.9453676835563418,0.9971468999316533
606071.0,439,0.0157654,0.572954,0.99,10000,10,15,0.00404803,5.54686e-06,0.9363758693576093,0.9976448227242944
200000.0,489,0.311812,0.113975,0.99,10000,10,12,6.72298e-17,0.00734938,0.9999999918006219,0.9142714749922758
502443.0,362,0.049815,0.441964,0.989386,10000,10,11,0.00100022,2.77814e-05,0.9683737450841867,0.994729193610082
316331.0,487,0.333762,0.188067,0.99,10000,10,11,1.95336e-12,0.000888658,0.9999986023734404,0.9701896326758626
215723.0,495,0.339302,0.159847,0.99,10000,10,12,2.35132e-15,0.00277441,0.9999999515095885,0.9473273315656022
336422.0,492,0.333762,0.188067,0.99,10000,10,17,7.64791e-11,0.000651742,0.9999912547670128,0.9744707618601729
201473.0,500,0.315916,0.102465,0.99,10000,10,20,3.25055e-17,0.00862099,0.9999999942986405,0.9071507135191659
462379.0,383,0.0255596,0.8,0.989996,10000,10,11,0.00387852,6.26524e-06,0.9377222351075442,0.997496953855799
200000.0,500,0.320147,0.116152,0.99,10000,10,20,9.87714e-17,0.00647024,0.9999999900616199,0.9195621979415151
200000.0,487,0.337356,0.130612,0.99,10000,10,17,2.18958e-16,0.00520565,0.9999999852027706,0.9278498094250611
200000.0,496,0.318154,0.114232,0.99,11142,10,15,8.33218e-17,0.00682588,0.9999999908719225,0.9173811159600905
583779.0,500,0.0338871,0.325814,0.99,10000,10,12,0.00158466,1.68145e-05,0.9601922118172838,0.9958994512562341
280588.0,500,0.308451,0.165885,0.99,11219,10,12,4.92737e-14,0.00177551,0.9999997780231994,0.9578631989823623
200000.0,467,0.277745,0.116986,0.99,10000,10,19,6.14155e-17,0.00759007,0.9999999921631958,0.9128789922005031
200000.0,500,0.3288,0.146515,0.989999,10000,10,12,7.53239e-16,0.00373837,0.9999999725548001,0.9388577887217022
200000.0,499,0.277745,0.1,0.99,12860,10,15,2.47376e-17,0.00908118,0.9999999950263092,0.9047047745162434
232342.0,500,0.308561,0.178987,0.99,10000,10,12,2.39913e-14,0.00182453,0.9999998451087478,0.9572854825615459
201473.0,500,0.412295,0.154676,0.99,10000,10,20,2.26098e-15,0.00297801,0.9999999524502365,0.9454288537778434
200000.0,495,0.316891,0.106886,0.99,10000,10,20,4.06009e-17,0.00805199,0.9999999936281164,0.9102671186242189
583154.0,326,0.0454743,0.377579,0.99,10000,10,10,0.000488592,5.25653e-05,0.9778958827364674,0.9927498068991233
510579.0,500,0.029094,0.46134,0.99,10000,10,10,0.00279873,9.35666e-06,0.9470969755117914,0.9969411341971247
267385.0,500,0.308561,0.178987,0.99,10000,10,12,7.84241e-14,0.00143442,0.9999997199569676,0.9621262623972758
637095.0,382,0.0454743,0.31862,0.99,10000,10,15,0.000642943,3.23606e-05,0.974643679288982,0.9943113622017218
200636.0,499,0.33708,0.17098,0.99,10000,10,10,5.35441e-15,0.00244766,0.9999999268261659,0.9505261685332539
200000.0,500,0.318154,0.114232,0.99,11142,10,14,8.59536e-17,0.00676946,0.9999999907288836,0.9177232718200341
200000.0,500,0.320745,0.116986,0.99,10000,10,20,1.03939e-16,0.00636454,0.9999999898049522,0.9202219328386555
267385.0,500,0.308561,0.178987,0.99,10000,10,12,7.84241e-14,0.00143442,0.9999997199569676,0.9621262623972758
214603.0,482,0.335472,0.159669,0.988075,10000,10,13,1.80443e-15,0.00315396,0.9999999575214171,0.9438398717950182
221317.0,500,0.328914,0.171526,0.989995,10000,10,13,8.90037e-15,0.00215695,0.9999999056582277,0.9535570242124818
201473.0,500,0.315916,0.102465,0.99,10000,10,20,3.25055e-17,0.00862099,0.9999999942986405,0.9071507135191659
500891.0,387,0.0255596,0.730473,0.989995,10000,10,16,0.00380987,6.3994e-06,0.9382758556154887,0.997470296460057
439910.0,379,0.0836216,0.353217,0.9882,10000,10,15,0.000194485,6.79523e-05,0.986054212105442,0.9917566814934761
205716.0,500,0.311701,0.165885,0.99,10000,10,12,3.88149e-15,0.00256146,0.9999999376983949,0.9493891316019968
200000.0,500,0.286586,0.1091,0.99,10000,10,13,4.97257e-17,0.00773798,0.9999999929483548,0.912034211195488
200000.0,500,0.337356,0.130612,0.99,10000,10,17,2.52671e-16,0.00488066,0.9999999841043716,0.9301382794371624
631024.0,443,0.0210968,0.439953,0.99,10000,10,16,0.00288724,9.05453e-06,0.9462669561628974,0.9969909253914202
502443.0,362,0.049815,0.459109,0.989386,10000,10,11,0.00116507,2.45728e-05,0.9658668782558641,0.9950429040759735
200000.0,489,0.316891,0.10985,0.99,10000,10,14,4.32568e-17,0.0079156,0.9999999934230098,0.911030342250855
340006.0,385,0.0816528,0.280835,0.99,10754,10,16,2.7152e-07,0.000473139,0.9994789241897766,0.9782482414504022
200000.0,500,0.3288,0.136665,0.99,10000,10,18,4.40578e-16,0.00434728,0.99999997901005,0.934066093699827
218409.0,500,0.328914,0.171526,0.99,10000,10,13,8.36835e-15,0.00219991,0.9999999085213139,0.9530968018148016
200000.0,500,0.3288,0.136665,0.99,10000,10,18,4.40578e-16,0.00434728,0.99999997901005,0.934066093699827
631024.0,357,0.0344128,0.38167,0.99,10000,10,16,0.00110572,2.70236e-05,0.9667476316632935,0.9948015771622539
637095.0,382,0.0454743,0.310379,0.99,10000,10,11,0.000546524,3.76834e-05,0.9766221472329044,0.9938613193599928
440248.0,489,0.304323,0.178987,0.99,10000,10,11,1.09554e-05,0.000370653,0.9966901057418703,0.9807476494941527
631024.0,357,0.0344128,0.439953,0.99,10000,10,10,0.00172066,1.55523e-05,0.9585191610499498,0.9960563595498575
200000.0,489,0.307968,0.1,0.99,12860,10,11,1.43523e-17,0.00986107,0.999999996211557,0.9006970795998426
603006.0,500,0.0100661,0.732442,0.99,10000,10,16,0.00575799,2.35122e-06,0.9241185793490923,0.9984666311598314
660739.0,500,0.0100661,0.619532,0.99,10000,10,16,0.00541524,2.88708e-06,0.9264116857102977,0.9983008590405738
495539.0,500,0.0157654,0.732077,0.99,10000,10,12,0.00498588,3.46749e-06,0.9293892359480511,0.9981378802401564
206198.0,500,0.374606,0.116986,0.99,10000,10,20,1.39602e-16,0.00612614,0.999999988184671,0.9217303379335262
200000.0,485,0.337356,0.130612,0.98983,10000,10,11,1.95587e-16,0.00543702,0.9999999860147578,0.9262638487578854
200000.0,500,0.3288,0.146515,0.989999,10000,10,12,7.53239e-16,0.00373837,0.9999999725548001,0.9388577887217022
631024.0,357,0.0344128,0.439953,0.99,10000,10,16,0.0017447,1.5366e-05,0.9582303938251747,0.9960800510207402
610533.0,398,0.031137,0.438385,0.99,10000,10,17,0.00213569,1.24306e-05,0.9537864738415256,0.9964742943968619
606071.0,500,0.0157654,0.572954,0.99,10000,10,17,0.00465734,3.85779e-06,0.9317552932455564,0.9980358742402788
200000.0,489,0.307968,0.1,0.99,12860,10,15,1.586e-17,0.00941653,0.9999999960175384,0.9029611933296786
661411.0,382,0.0454743,0.31862,0.99,10000,10,15,0.000753812,2.79006e-05,0.9725443630560134,0.9947178981456243
502443.0,362,0.049815,0.441964,0.989386,10000,10,11,0.00100022,2.77814e-05,0.9683737450841867,0.994729193610082
614145.0,460,0.0185212,0.554267,0.99,10000,10,10,0.00412953,4.94674e-06,0.9357385807813117,0.9977758732050532
215723.0,466,0.339302,0.159847,0.99,10000,10,12,1.38369e-15,0.00333539,0.9999999628020162,0.9422471645717719
439910.0,379,0.0836216,0.353217,0.9882,10000,10,15,0.000194485,6.79523e-05,0.986054212105442,0.9917566814934761
215723.0,500,0.36255,0.1,0.99,14416,10,16,3.6736e-17,0.00829048,0.999999993938977,0.908947926986806
614145.0,489,0.0185212,0.554267,0.99,10000,10,10,0.00444219,4.45572e-06,0.9333502438113986,0.9978891423543972
606071.0,439,0.0157654,0.679526,0.99,10000,10,15,0.00485318,3.62594e-06,0.9303352312858214,0.9980958098834413
643568.0,433,0.0338871,0.325814,0.99,10000,10,12,0.00128726,2.01777e-05,0.9641215942383166,0.9955080405166564
502443.0,355,0.0228762,0.778956,0.989386,10000,10,10,0.00368508,6.67863e-06,0.9392951402274908,0.9974156954513835
512517.0,457,0.0311186,0.466488,0.99,10000,10,14,0.00242592,1.13414e-05,0.9507463706921002,0.996632300488464
614145.0,397,0.0185212,0.556231,0.99,10000,10,10,0.00342029,7.41854e-06,0.9415167545360211,0.9972763003102397
215723.0,487,0.36255,0.140941,0.99,10000,10,16,5.69987e-16,0.00406241,0.9999999761255994,0.936262962102087
200000.0,500,0.308561,0.113975,0.99,10000,10,10,6.94806e-17,0.00716562,0.9999999916644976,0.9153500147666876
439910.0,414,0.0836216,0.344838,0.9882,10000,10,11,0.000336318,5.53941e-05,0.9816610251104376,0.9925572787234775
631024.0,339,0.0344128,0.439953,0.99,10000,10,16,0.00148966,1.80089e-05,0.9614038862059922,0.9957563105674425
200000.0,487,0.337356,0.130612,0.99,10000,10,17,2.18958e-16,0.00520565,0.9999999852027706,0.9278498094250611
603006.0,484,0.0100661,0.732442,0.99,10000,10,16,0.00563368,2.57937e-06,0.9249421556398001,0.9983939582819864
592498.0,349,0.0311186,0.525004,0.99,10000,10,14,0.00226322,1.20828e-05,0.952426688153966,0.9965239677792057
510579.0,500,0.029094,0.46134,0.99,10000,10,10,0.00279873,9.35666e-06,0.9470969755117914,0.9969411341971247
614006.0,476,0.024488,0.445403,0.99,10000,10,10,0.00317085,7.6027e-06,0.9436896989885509,0.9972427005965981
200000.0,489,0.316891,0.10985,0.99,10000,10,14,4.32568e-17,0.0079156,0.9999999934230098,0.911030342250855
510579.0,500,0.0231271,0.526618,0.99,10000,10,10,0.0034865,6.83095e-06,0.9409534082270619,0.9973863913835465
200000.0,489,0.311812,0.113975,0.99,10000,10,12,6.72298e-17,0.00734938,0.9999999918006219,0.9142714749922758
215723.0,495,0.339302,0.159847,0.99,10000,10,12,2.35132e-15,0.00277441,0.9999999515095885,0.9473273315656022
200371.0,500,0.315916,0.102465,0.99,10000,10,20,3.17771e-17,0.00864073,0.9999999943628819,0.9070444729991809
440248.0,489,0.304323,0.178987,0.99,10000,10,11,1.09554e-05,0.000370653,0.9966901057418703,0.9807476494941527
200000.0,500,0.277745,0.1,0.99,12860,10,15,2.49863e-17,0.00903403,0.9999999950013702,0.9049524855664284
200000.0,500,0.320147,0.116152,0.99,10000,10,20,9.87714e-17,0.00647024,0.9999999900616199,0.9195621979415151
317581.0,478,0.3338,0.183183,0.99,10000,10,12,5.55486e-13,0.00107029,0.9999992546906682,0.9672847130533752
583779.0,500,0.0338871,0.325814,0.99,10000,10,12,0.00158466,1.68145e-05,0.9601922118172838,0.9958994512562341
614145.0,460,0.024488,0.445403,0.99,10000,10,10,0.00298469,8.14018e-06,0.9453676835563418,0.9971468999316533
462379.0,383,0.0255596,0.8,0.989996,10000,10,11,0.00387852,6.26524e-06,0.9377222351075442,0.997496953855799
200000.0,500,0.307968,0.1,0.99,12860,10,13,1.77125e-17,0.0090503,0.9999999957913779,0.9048669352958709
232342.0,500,0.308561,0.178987,0.99,10000,10,12,2.39913e-14,0.00182453,0.9999998451087478,0.9572854825615459
200000.0,495,0.339302,0.159847,0.99,10000,10,12,1.81846e-15,0.00297626,0.9999999573565949,0.9454448902484835
583154.0,326,0.0454743,0.377579,0.99,10000,10,10,0.000488592,5.25653e-05,0.9778958827364674,0.9927498068991233
221317.0,500,0.328914,0.171526,0.989995,10000,10,13,8.90037e-15,0.00215695,0.9999999056582277,0.9535570242124818
606071.0,439,0.0157654,0.572954,0.99,10000,10,15,0.00404803,5.54686e-06,0.9363758693576093,0.9976448227242944
200000.0,495,0.316891,0.106886,0.99,10000,10,20,4.06009e-17,0.00805199,0.9999999936281164,0.9102671186242189
512517.0,471,0.0311186,0.46932,0.99,10000,10,14,0.00261324,1.03105e-05,0.9488801408452644,0.996789003270011
606071.0,480,0.0157654,0.572954,0.99,10000,10,15,0.00445977,4.30883e-06,0.9332184905830962,0.9979242278545081
637095.0,382,0.0454743,0.31862,0.99,10000,10,15,0.000642943,3.23606e-05,0.974643679288982,0.9943113622017218
267385.0,500,0.308561,0.178987,0.99,10000,10,12,7.84241e-14,0.00143442,0.9999997199569676,0.9621262623972758
200636.0,499,0.33708,0.17098,0.99,10000,10,10,5.35441e-15,0.00244766,0.9999999268261659,0.9505261685332539
200000.0,485,0.277745,0.1,0.99,12860,10,15,1.54867e-17,0.00969216,0.9999999960646855,0.901551231597343
214603.0,482,0.335472,0.159669,0.988075,10000,10,13,1.80443e-15,0.00315396,0.9999999575214171,0.9438398717950182
200000.0,500,0.318154,0.114232,0.99,11142,10,14,8.59536e-17,0.00676946,0.9999999907288836,0.9177232718200341
200000.0,500,0.320745,0.116986,0.99,10000,10,20,1.03939e-16,0.00636454,0.9999999898049522,0.9202219328386555
200000.0,500,0.320147,0.194977,0.99,10000,10,19,6.82288e-14,0.00155088,0.9999997387935682,0.9606187862045874
200000.0,496,0.318154,0.114232,0.99,11142,10,15,8.33218e-17,0.00682588,0.9999999908719225,0.9173811159600905
201473.0,500,0.315916,0.102465,0.99,10000,10,20,3.25055e-17,0.00862099,0.9999999942986405,0.9071507135191659
200000.0,500,0.337356,0.130612,0.99,10000,10,17,2.52671e-16,0.00488066,0.9999999841043716,0.9301382794371624
205716.0,500,0.311701,0.165885,0.99,10000,10,12,3.88149e-15,0.00256146,0.9999999376983949,0.9493891316019968
345608.0,389,0.140548,0.344838,0.99,10000,10,11,3.29463e-05,0.000110816,0.9942601132415352,0.9894730821224824
200000.0,500,0.320147,0.109092,0.99,10000,10,16,4.82411e-17,0.00759539,0.9999999930544187,0.9128484653032433
512517.0,471,0.0311186,0.466488,0.99,10000,10,14,0.00258115,1.04494e-05,0.9491949805629405,0.9967674468295169
631024.0,443,0.0210968,0.439953,0.99,10000,10,16,0.00288724,9.05453e-06,0.9462669561628974,0.9969909253914202
502443.0,362,0.049815,0.459109,0.989386,10000,10,11,0.00116507,2.45728e-05,0.9658668782558641,0.9950429040759735
340006.0,385,0.0816528,0.280835,0.99,10754,10,16,2.7152e-07,0.000473139,0.9994789241897766,0.9782482414504022
201473.0,500,0.388892,0.131187,0.99,10000,10,19,3.94685e-16,0.0046453,0.9999999801333194,0.9318435622996624
200000.0,500,0.3288,0.136665,0.99,10000,10,18,4.40578e-16,0.00434728,0.99999997901005,0.934066093699827
345608.0,389,0.140548,0.344838,0.99,10000,10,10,3.10547e-05,0.000114504,0.9944273255971661,0.9892993458143906
218409.0,500,0.328914,0.171526,0.99,10000,10,13,8.36835e-15,0.00219991,0.9999999085213139,0.9530968018148016
631024.0,357,0.0344128,0.38167,0.99,10000,10,16,0.00110572,2.70236e-05,0.9667476316632935,0.9948015771622539
637095.0,382,0.0454743,0.310379,0.99,10000,10,11,0.000546524,3.76834e-05,0.9766221472329044,0.9938613193599928
631024.0,461,0.0210968,0.442893,0.99,10000,10,16,0.0031165,7.70533e-06,0.9441743786420608,0.9972241523817039
631024.0,357,0.0344128,0.439953,0.99,10000,10,10,0.00172066,1.55523e-05,0.9585191610499498,0.9960563595498575
280588.0,500,0.308451,0.165885,0.99,11219,10,12,4.92737e-14,0.00177551,0.9999997780231994,0.9578631989823623
603006.0,500,0.0100661,0.732442,0.99,10000,10,16,0.00575799,2.35122e-06,0.9241185793490923,0.9984666311598314
200000.0,489,0.307968,0.1,0.99,12860,10,11,1.43523e-17,0.00986107,0.999999996211557,0.9006970795998426
206198.0,500,0.374606,0.116986,0.99,10000,10,20,1.39602e-16,0.00612614,0.999999988184671,0.9217303379335262
200000.0,485,0.337356,0.130612,0.98983,10000,10,11,1.95587e-16,0.00543702,0.9999999860147578,0.9262638487578854
317581.0,478,0.3338,0.183183,0.99,10000,10,12,5.55486e-13,0.00107029,0.9999992546906682,0.9672847130533752
603006.0,484,0.0140273,0.675602,0.99,10000,10,19,0.00525176,2.97004e-06,0.9275309721329174,0.9982766196009006
495539.0,500,0.0157654,0.732077,0.99,10000,10,12,0.00498588,3.46749e-06,0.9293892359480511,0.9981378802401564
502443.0,355,0.0228762,0.778956,0.989386,10000,10,10,0.00368508,6.67863e-06,0.9392951402274908,0.9974156954513835
660739.0,500,0.0100661,0.619532,0.99,10000,10,16,0.00541524,2.88708e-06,0.9264116857102977,0.9983008590405738
200000.0,489,0.307968,0.1,0.99,12860,10,15,1.586e-17,0.00941653,0.9999999960175384,0.9029611933296786
610533.0,398,0.031137,0.438385,0.99,10000,10,17,0.00213569,1.24306e-05,0.9537864738415256,0.9964742943968619
462379.0,383,0.0255596,0.8,0.989996,10000,10,11,0.00387852,6.26524e-06,0.9377222351075442,0.997496953855799
661411.0,382,0.0454743,0.31862,0.99,10000,10,15,0.000753812,2.79006e-05,0.9725443630560134,0.9947178981456243
215723.0,487,0.36255,0.140941,0.99,10000,10,16,5.69987e-16,0.00406241,0.9999999761255994,0.936262962102087
502443.0,362,0.049815,0.441964,0.989386,10000,10,11,0.00100022,2.77814e-05,0.9683737450841867,0.994729193610082
317581.0,478,0.3338,0.210685,0.99,10000,10,12,2.58382e-08,0.000475543,0.999839257348535,0.9781930515660718
603006.0,484,0.0100661,0.732442,0.99,10000,10,16,0.00563368,2.57937e-06,0.9249421556398001,0.9983939582819864
200000.0,500,0.3288,0.136665,0.99,10000,10,18,4.40578e-16,0.00434728,0.99999997901005,0.934066093699827
215723.0,500,0.36255,0.1,0.99,14416,10,16,3.6736e-17,0.00829048,0.999999993938977,0.908947926986806
643568.0,433,0.0338871,0.325814,0.99,10000,10,12,0.00128726,2.01777e-05,0.9641215942383166,0.9955080405166564
200000.0,500,0.337356,0.130612,0.99,10000,10,17,2.52671e-16,0.00488066,0.9999999841043716,0.9301382794371624
512517.0,457,0.0311186,0.466488,0.99,10000,10,14,0.00242592,1.13414e-05,0.9507463706921002,0.996632300488464
614145.0,397,0.0185212,0.556231,0.99,10000,10,10,0.00342029,7.41854e-06,0.9415167545360211,0.9972763003102397
606071.0,500,0.0157654,0.524802,0.99,10000,10,18,0.00423831,4.85052e-06,0.9348976958933096,0.9977976103886914
201473.0,500,0.388892,0.131187,0.99,10000,10,19,3.94685e-16,0.0046453,0.9999999801333194,0.9318435622996624
200000.0,500,0.308561,0.113975,0.99,10000,10,10,6.94806e-17,0.00716562,0.9999999916644976,0.9153500147666876
614006.0,476,0.024488,0.445403,0.99,10000,10,10,0.00317085,7.6027e-06,0.9436896989885509,0.9972427005965981
439910.0,414,0.0836216,0.344838,0.9882,10000,10,11,0.000336318,5.53941e-05,0.9816610251104376,0.9925572787234775
631024.0,339,0.0344128,0.439953,0.99,10000,10,16,0.00148966,1.80089e-05,0.9614038862059922,0.9957563105674425
592498.0,349,0.0311186,0.525004,0.99,10000,10,14,0.00226322,1.20828e-05,0.952426688153966,0.9965239677792057
606071.0,439,0.0157654,0.679526,0.99,10000,10,15,0.00485318,3.62594e-06,0.9303352312858214,0.9980958098834413
643568.0,433,0.0338871,0.368044,0.99,10000,10,12,0.00189284,1.40142e-05,0.9564932189193455,0.9962564455393303
232342.0,500,0.308561,0.178987,0.99,10000,10,12,2.39913e-14,0.00182453,0.9999998451087478,0.9572854825615459
510579.0,500,0.029094,0.46134,0.99,10000,10,10,0.00279873,9.35666e-06,0.9470969755117914,0.9969411341971247
200000.0,489,0.316891,0.10985,0.99,10000,10,14,4.32568e-17,0.0079156,0.9999999934230098,0.911030342250855
510579.0,500,0.0231271,0.526618,0.99,10000,10,10,0.0034865,6.83095e-06,0.9409534082270619,0.9973863913835465
215723.0,466,0.339302,0.159847,0.99,10000,10,12,1.38369e-15,0.00333539,0.9999999628020162,0.9422471645717719
606071.0,439,0.0157654,0.572954,0.99,10000,10,15,0.00404803,5.54686e-06,0.9363758693576093,0.9976448227242944
200000.0,489,0.311812,0.113975,0.99,10000,10,12,6.72298e-17,0.00734938,0.9999999918006219,0.9142714749922758
200371.0,500,0.315916,0.102465,0.99,10000,10,20,3.17771e-17,0.00864073,0.9999999943628819,0.9070444729991809
440248.0,489,0.304323,0.178987,0.99,10000,10,11,1.09554e-05,0.000370653,0.9966901057418703,0.9807476494941527
200000.0,500,0.277745,0.1,0.99,12860,10,15,2.49863e-17,0.00903403,0.9999999950013702,0.9049524855664284
200000.0,500,0.320147,0.116152,0.99,10000,10,20,9.87714e-17,0.00647024,0.9999999900616199,0.9195621979415151
200000.0,489,0.311812,0.150487,0.99,10000,10,12,8.06706e-16,0.00372752,0.9999999715974297,0.9389465807673313
583779.0,500,0.0338871,0.325814,0.99,10000,10,12,0.00158466,1.68145e-05,0.9601922118172838,0.9958994512562341
200000.0,496,0.318154,0.114232,0.99,11142,10,15,8.33218e-17,0.00682588,0.9999999908719225,0.9173811159600905
200000.0,500,0.307968,0.1,0.99,12860,10,13,1.77125e-17,0.0090503,0.9999999957913779,0.9048669352958709
614145.0,489,0.0185212,0.554267,0.99,10000,10,10,0.00444219,4.45572e-06,0.9333502438113986,0.9978891423543972
200000.0,495,0.339302,0.159847,0.99,10000,10,12,1.81846e-15,0.00297626,0.9999999573565949,0.9454448902484835
583154.0,326,0.0454743,0.377579,0.99,10000,10,10,0.000488592,5.25653e-05,0.9778958827364674,0.9927498068991233
221317.0,500,0.328914,0.171526,0.989995,10000,10,13,8.90037e-15,0.00215695,0.9999999056582277,0.9535570242124818
200000.0,495,0.316891,0.106886,0.99,10000,10,20,4.06009e-17,0.00805199,0.9999999936281164,0.9102671186242189
512517.0,471,0.0311186,0.46932,0.99,10000,10,14,0.00261324,1.03105e-05,0.9488801408452644,0.996789003270011
637095.0,382,0.0454743,0.31862,0.99,10000,10,15,0.000642943,3.23606e-05,0.974643679288982,0.9943113622017218
282818.0,500,0.308561,0.178987,0.99,10000,10,12,1.36968e-13,0.00133994,0.9999996299081195,0.963394809111275
439910.0,379,0.0836216,0.353217,0.9882,10000,10,15,0.000194485,6.79523e-05,0.986054212105442,0.9917566814934761
200000.0,500,0.318154,0.114232,0.99,11142,10,14,8.59536e-17,0.00676946,0.9999999907288836,0.9177232718200341
201473.0,500,0.315916,0.102465,0.99,10000,10,20,3.25055e-17,0.00862099,0.9999999942986405,0.9071507135191659
200000.0,500,0.320745,0.116986,0.99,10000,10,20,1.03939e-16,0.00636454,0.9999999898049522,0.9202219328386555
606071.0,439,0.0157654,0.659601,0.99,10000,10,14,0.00471,3.8319e-06,0.9313705602529061,0.9980424760537863
200000.0,500,0.3288,0.146515,0.989999,10000,10,12,7.53239e-16,0.00373837,0.9999999725548001,0.9388577887217022
614145.0,460,0.0185212,0.554267,0.99,10000,10,10,0.00412953,4.94674e-06,0.9357385807813117,0.9977758732050532
200000.0,487,0.337356,0.130612,0.99,10000,10,17,2.18958e-16,0.00520565,0.9999999852027706,0.9278498094250611
512517.0,471,0.0311186,0.466488,0.99,10000,10,14,0.00258115,1.04494e-05,0.9491949805629405,0.9967674468295169
200000.0,500,0.320147,0.109092,0.99,10000,10,16,4.82411e-17,0.00759539,0.9999999930544187,0.9128484653032433
631024.0,443,0.0210968,0.439953,0.99,10000,10,16,0.00288724,9.05453e-06,0.9462669561628974,0.9969909253914202
407572.0,379,0.109289,0.353217,0.9882,10000,10,16,0.00014223,8.04291e-05,0.9880739780312126,0.9910317727504261
502443.0,362,0.049815,0.459109,0.989386,10000,10,11,0.00116507,2.45728e-05,0.9658668782558641,0.9950429040759735
606441.0,408,0.0157654,0.679526,0.99,10000,10,15,0.00450948,4.23564e-06,0.932847338101904,0.9979419329456988
214603.0,482,0.335472,0.159669,0.988075,10000,10,13,1.80443e-15,0.00315396,0.9999999575214171,0.9438398717950182
345608.0,389,0.140548,0.344838,0.99,10000,10,10,3.10547e-05,0.000114504,0.9944273255971661,0.9892993458143906
205716.0,500,0.311701,0.165885,0.99,10000,10,12,3.88149e-15,0.00256146,0.9999999376983949,0.9493891316019968
218409.0,500,0.328914,0.171526,0.99,10000,10,13,8.36835e-15,0.00219991,0.9999999085213139,0.9530968018148016
614145.0,460,0.024488,0.445403,0.99,10000,10,10,0.00298469,8.14018e-06,0.9453676835563418,0.9971468999316533
631024.0,357,0.0344128,0.38167,0.99,10000,10,16,0.00110572,2.70236e-05,0.9667476316632935,0.9948015771622539
637095.0,382,0.0454743,0.310379,0.99,10000,10,11,0.000546524,3.76834e-05,0.9766221472329044,0.9938613193599928
200000.0,485,0.277745,0.1,0.99,12860,10,15,1.54867e-17,0.00969216,0.9999999960646855,0.901551231597343
631024.0,357,0.0344128,0.439953,0.99,10000,10,10,0.00172066,1.55523e-05,0.9585191610499498,0.9960563595498575
255944.0,500,0.249971,0.177286,0.99,10000,10,20,4.73595e-14,0.00168586,0.9999997823776207,0.9589407744836803
646976.0,357,0.0344128,0.439953,0.99,10000,10,16,0.00186178,1.46873e-05,0.9568516512482806,0.9961675986640228
200000.0,489,0.307968,0.1,0.99,12860,10,11,1.43523e-17,0.00986107,0.999999996211557,0.9006970795998426
603006.0,500,0.0100661,0.732442,0.99,10000,10,16,0.00575799,2.35122e-06,0.9241185793490923,0.9984666311598314
205716.0,500,0.311701,0.165885,0.99,10000,10,12,3.88149e-15,0.00256146,0.9999999376983949,0.9493891316019968
614006.0,476,0.024488,0.445403,0.99,10000,10,10,0.00317085,7.6027e-06,0.9436896989885509,0.9972427005965981
502443.0,355,0.0228762,0.778956,0.989386,10000,10,10,0.00368508,6.67863e-06,0.9392951402274908,0.9974156954513835
462379.0,383,0.0255596,0.8,0.989996,10000,10,11,0.00387852,6.26524e-06,0.9377222351075442,0.997496953855799
661411.0,382,0.0454743,0.31862,0.99,10000,10,15,0.000753812,2.79006e-05,0.9725443630560134,0.9947178981456243
200000.0,485,0.337356,0.130612,0.98983,10000,10,11,1.95587e-16,0.00543702,0.9999999860147578,0.9262638487578854
317581.0,478,0.3338,0.210685,0.99,10000,10,12,2.58382e-08,0.000475543,0.999839257348535,0.9781930515660718
523204.0,382,0.304323,0.178987,0.99,10000,10,11,6.33691e-12,0.00094787,0.9999974826780103,0.969212502537556
200000.0,495,0.339302,0.159847,0.99,10000,10,12,1.81846e-15,0.00297626,0.9999999573565949,0.9454448902484835
606071.0,439,0.0157654,0.659601,0.99,10000,10,14,0.00471,3.8319e-06,0.9313705602529061,0.9980424760537863
215723.0,466,0.339302,0.159847,0.99,10000,10,12,1.38369e-15,0.00333539,0.9999999628020162,0.9422471645717719
215723.0,500,0.36255,0.1,0.99,14416,10,16,3.6736e-17,0.00829048,0.999999993938977,0.908947926986806
200000.0,487,0.337356,0.130612,0.99,10000,10,17,2.18958e-16,0.00520565,0.9999999852027706,0.9278498094250611
614145.0,397,0.0185212,0.556231,0.99,10000,10,10,0.00342029,7.41854e-06,0.9415167545360211,0.9972763003102397
606071.0,500,0.0157654,0.524802,0.99,10000,10,18,0.00423831,4.85052e-06,0.9348976958933096,0.9977976103886914
200000.0,500,0.308561,0.113975,0.99,10000,10,10,6.94806e-17,0.00716562,0.9999999916644976,0.9153500147666876
439910.0,414,0.0836216,0.344838,0.9882,10000,10,11,0.000336318,5.53941e-05,0.9816610251104376,0.9925572787234775
643568.0,433,0.0338871,0.325814,0.99,10000,10,12,0.00128726,2.01777e-05,0.9641215942383166,0.9955080405166564
345608.0,389,0.140548,0.344838,0.99,10000,10,10,3.10547e-05,0.000114504,0.9944273255971661,0.9892993458143906
631024.0,339,0.0344128,0.439953,0.99,10000,10,16,0.00148966,1.80089e-05,0.9614038862059922,0.9957563105674425
215723.0,487,0.36255,0.140941,0.99,10000,10,16,5.69987e-16,0.00406241,0.9999999761255994,0.936262962102087
206198.0,500,0.374606,0.116986,0.99,10000,10,20,1.39602e-16,0.00612614,0.999999988184671,0.9217303379335262
200000.0,500,0.320147,0.109092,0.99,10000,10,16,4.82411e-17,0.00759539,0.9999999930544187,0.9128484653032433
614145.0,460,0.024488,0.445403,0.99,10000,10,10,0.00298469,8.14018e-06,0.9453676835563418,0.9971468999316533
610533.0,398,0.031137,0.438385,0.99,10000,10,17,0.00213569,1.24306e-05,0.9537864738415256,0.9964742943968619
201473.0,500,0.388892,0.131187,0.99,10000,10,19,3.94685e-16,0.0046453,0.9999999801333194,0.9318435622996624
255944.0,500,0.249971,0.177286,0.99,10000,10,20,4.73595e-14,0.00168586,0.9999997823776207,0.9589407744836803
510579.0,500,0.029094,0.46134,0.99,10000,10,10,0.00279873,9.35666e-06,0.9470969755117914,0.9969411341971247
660739.0,500,0.0100661,0.619532,0.99,10000,10,16,0.00541524,2.88708e-06,0.9264116857102977,0.9983008590405738
614145.0,489,0.0185212,0.554267,0.99,10000,10,10,0.00444219,4.45572e-06,0.9333502438113986,0.9978891423543972
606441.0,408,0.0157654,0.679526,0.99,10000,10,15,0.00450948,4.23564e-06,0.932847338101904,0.9979419329456988
603006.0,484,0.0140273,0.675602,0.99,10000,10,19,0.00525176,2.97004e-06,0.9275309721329174,0.9982766196009006
512517.0,457,0.0311186,0.466488,0.99,10000,10,14,0.00242592,1.13414e-05,0.9507463706921002,0.996632300488464
603006.0,473,0.0140273,0.675602,0.989616,10000,10,19,0.00514769,3.1258e-06,0.9282525958657737,0.9982320067873434
510579.0,500,0.0231271,0.526618,0.99,10000,10,10,0.0034865,6.83095e-06,0.9409534082270619,0.9973863913835465
200000.0,485,0.277745,0.1,0.99,12860,10,15,1.54867e-17,0.00969216,0.9999999960646855,0.901551231597343
606071.0,439,0.0157654,0.572954,0.99,10000,10,15,0.00404803,5.54686e-06,0.9363758693576093,0.9976448227242944
200000.0,476,0.283598,0.130227,0.99,10000,10,12,1.86359e-16,0.00581972,0.999999986348663,0.9237129106597978
200000.0,489,0.311812,0.113975,0.99,10000,10,12,6.72298e-17,0.00734938,0.9999999918006219,0.9142714749922758
502443.0,362,0.049815,0.441964,0.989386,10000,10,11,0.00100022,2.77814e-05,0.9683737450841867,0.994729193610082
495539.0,500,0.0157654,0.732077,0.99,10000,10,12,0.00498588,3.46749e-06,0.9293892359480511,0.9981378802401564
654891.0,433,0.0338871,0.368044,0.99,10000,10,12,0.00198017,1.37422e-05,0.9555008988854831,0.9962929526574374
440248.0,489,0.304323,0.178987,0.99,10000,10,11,1.09554e-05,0.000370653,0.9966901057418703,0.9807476494941527
218409.0,500,0.328914,0.171526,0.99,10000,10,13,8.36835e-15,0.00219991,0.9999999085213139,0.9530968018148016
200000.0,500,0.3288,0.136665,0.99,10000,10,18,4.40578e-16,0.00434728,0.99999997901005,0.934066093699827
200000.0,489,0.311812,0.150487,0.99,10000,10,12,8.06706e-16,0.00372752,0.9999999715974297,0.9389465807673313
603006.0,484,0.0100661,0.732442,0.99,10000,10,16,0.00563368,2.57937e-06,0.9249421556398001,0.9983939582819864
583779.0,500,0.0338871,0.325814,0.99,10000,10,12,0.00158466,1.68145e-05,0.9601922118172838,0.9958994512562341
200000.0,496,0.318154,0.114232,0.99,11142,10,15,8.33218e-17,0.00682588,0.9999999908719225,0.9173811159600905
215723.0,481,0.36255,0.1,0.99,14416,10,16,2.79197e-17,0.00897719,0.9999999947160905,0.9052519657195992
583154.0,326,0.0454743,0.377579,0.99,10000,10,10,0.000488592,5.25653e-05,0.9778958827364674,0.9927498068991233
221317.0,500,0.328914,0.171526,0.989995,10000,10,13,8.90037e-15,0.00215695,0.9999999056582277,0.9535570242124818
200000.0,495,0.316891,0.106886,0.99,10000,10,20,4.06009e-17,0.00805199,0.9999999936281164,0.9102671186242189
558287.0,500,0.0157654,0.744368,0.99,10000,10,12,0.00552575,2.77434e-06,0.9256646113886529,0.9983343649859588
512517.0,471,0.0311186,0.46932,0.99,10000,10,14,0.00261324,1.03105e-05,0.9488801408452644,0.996789003270011
282818.0,500,0.308561,0.178987,0.99,10000,10,12,1.36968e-13,0.00133994,0.9999996299081195,0.963394809111275
202691.0,489,0.307968,0.1,0.99,12860,10,15,1.65432e-17,0.00935345,0.9999999959326668,0.9032867640909478
637095.0,382,0.0454743,0.31862,0.99,10000,10,15,0.000642943,3.23606e-05,0.974643679288982,0.9943113622017218
214603.0,482,0.335472,0.159669,0.988075,10000,10,13,1.80443e-15,0.00315396,0.9999999575214171,0.9438398717950182
439910.0,379,0.0836216,0.353217,0.9882,10000,10,15,0.000194485,6.79523e-05,0.986054212105442,0.9917566814934761
200371.0,500,0.315916,0.102465,0.99,10000,10,20,3.17771e-17,0.00864073,0.9999999943628819,0.9070444729991809
200000.0,500,0.318154,0.114232,0.99,11142,10,14,8.59536e-17,0.00676946,0.9999999907288836,0.9177232718200341
201473.0,500,0.315916,0.102465,0.99,10000,10,20,3.25055e-17,0.00862099,0.9999999942986405,0.9071507135191659
232342.0,500,0.308561,0.178987,0.99,10000,10,12,2.39913e-14,0.00182453,0.9999998451087478,0.9572854825615459
200000.0,489,0.307968,0.1,0.99,12860,10,15,1.586e-17,0.00941653,0.9999999960175384,0.9029611933296786
200000.0,500,0.3288,0.146515,0.989999,10000,10,12,7.53239e-16,0.00373837,0.9999999725548001,0.9388577887217022
606071.0,439,0.0157654,0.679526,0.99,10000,10,15,0.00485318,3.62594e-06,0.9303352312858214,0.9980958098834413
521838.0,500,0.0414934,0.325814,0.99,10000,10,12,0.00119035,2.35379e-05,0.965498550755077,0.9951484126309011
614145.0,460,0.0185212,0.554267,0.99,10000,10,10,0.00412953,4.94674e-06,0.9357385807813117,0.9977758732050532
407572.0,379,0.109289,0.353217,0.9882,10000,10,16,0.00014223,8.04291e-05,0.9880739780312126,0.9910317727504261
200000.0,500,0.337356,0.130612,0.99,10000,10,17,2.52671e-16,0.00488066,0.9999999841043716,0.9301382794371624
200000.0,500,0.320147,0.116152,0.99,10000,10,20,9.87714e-17,0.00647024,0.9999999900616199,0.9195621979415151
512517.0,471,0.0311186,0.466488,0.99,10000,10,14,0.00258115,1.04494e-05,0.9491949805629405,0.9967674468295169
200000.0,500,0.320745,0.116986,0.99,10000,10,20,1.03939e-16,0.00636454,0.9999999898049522,0.9202219328386555
200000.0,489,0.316891,0.10985,0.99,10000,10,16,4.44285e-17,0.00784074,0.9999999933345293,0.9114520468898348
631024.0,443,0.0210968,0.439953,0.99,10000,10,16,0.00288724,9.05453e-06,0.9462669561628974,0.9969909253914202
200000.0,500,0.307968,0.1,0.99,12860,10,13,1.77125e-17,0.0090503,0.9999999957913779,0.9048669352958709
216479.0,500,0.337444,0.118833,0.99,10000,10,17,1.69109e-16,0.00586708,0.9999999869958084,0.9234031332233491
603006.0,500,0.0100661,0.732442,0.99,10000,10,16,0.00575799,2.35122e-06,0.9241185793490923,0.9984666311598314
200000.0,489,0.307968,0.1,0.99,12860,10,11,1.43523e-17,0.00986107,0.999999996211557,0.9006970795998426
239133.0,500,0.308561,0.209226,0.99,10000,10,17,1.96029e-12,0.000918784,0.9999985998964324,0.9696885500181862
282818.0,500,0.308561,0.178987,0.99,10000,10,12,1.36968e-13,0.00133994,0.9999996299081195,0.963394809111275
610533.0,398,0.031137,0.438385,0.99,10000,10,17,0.00213569,1.24306e-05,0.9537864738415256,0.9964742943968619
512517.0,457,0.0311186,0.466488,0.99,10000,10,14,0.00242592,1.13414e-05,0.9507463706921002,0.996632300488464
583779.0,500,0.0338871,0.325814,0.99,10000,10,12,0.00158466,1.68145e-05,0.9601922118172838,0.9958994512562341
614006.0,476,0.024488,0.445403,0.99,10000,10,10,0.00317085,7.6027e-06,0.9436896989885509,0.9972427005965981
317581.0,478,0.3338,0.210685,0.99,10000,10,12,2.58382e-08,0.000475543,0.999839257348535,0.9781930515660718
622663.0,376,0.031137,0.438385,0.99,10000,10,17,0.00192773,1.38206e-05,0.9560940778481991,0.9962823932429585
502443.0,355,0.0228762,0.778956,0.989386,10000,10,10,0.00368508,6.67863e-06,0.9392951402274908,0.9974156954513835
502443.0,362,0.049815,0.441964,0.989386,10000,10,11,0.00100022,2.77814e-05,0.9683737450841867,0.994729193610082
200000.0,485,0.337356,0.130612,0.98983,10000,10,11,1.95587e-16,0.00543702,0.9999999860147578,0.9262638487578854
215723.0,487,0.36255,0.140941,0.99,10000,10,16,5.69987e-16,0.00406241,0.9999999761255994,0.936262962102087
200000.0,495,0.339302,0.159847,0.99,10000,10,12,1.81846e-15,0.00297626,0.9999999573565949,0.9454448902484835
606071.0,439,0.0157654,0.659601,0.99,10000,10,14,0.00471,3.8319e-06,0.9313705602529061,0.9980424760537863
215723.0,466,0.339302,0.159847,0.99,10000,10,12,1.38369e-15,0.00333539,0.9999999628020162,0.9422471645717719
215723.0,500,0.36255,0.1,0.99,14416,10,16,3.6736e-17,0.00829048,0.999999993938977,0.908947926986806
200000.0,500,0.337356,0.130612,0.99,10000,10,17,2.52671e-16,0.00488066,0.9999999841043716,0.9301382794371624
200000.0,487,0.337356,0.130612,0.99,10000,10,17,2.18958e-16,0.00520565,0.9999999852027706,0.9278498094250611
583154.0,326,0.0454743,0.377579,0.99,10000,10,10,0.000488592,5.25653e-05,0.9778958827364674,0.9927498068991233
614145.0,397,0.0185212,0.556231,0.99,10000,10,10,0.00342029,7.41854e-06,0.9415167545360211,0.9972763003102397
606071.0,500,0.0157654,0.524802,0.99,10000,10,18,0.00423831,4.85052e-06,0.9348976958933096,0.9977976103886914
439910.0,414,0.0836216,0.344838,0.9882,10000,10,11,0.000336318,5.53941e-05,0.9816610251104376,0.9925572787234775
201473.0,500,0.388892,0.131187,0.99,10000,10,19,3.94685e-16,0.0046453,0.9999999801333194,0.9318435622996624
206198.0,500,0.374606,0.116986,0.99,10000,10,20,1.39602e-16,0.00612614,0.999999988184671,0.9217303379335262
200000.0,500,0.320147,0.109092,0.99,10000,10,16,4.82411e-17,0.00759539,0.9999999930544187,0.9128484653032433
614145.0,460,0.024488,0.445403,0.99,10000,10,10,0.00298469,8.14018e-06,0.9453676835563418,0.9971468999316533
606071.0,439,0.0157654,0.679526,0.99,10000,10,15,0.00485318,3.62594e-06,0.9303352312858214,0.9980958098834413
510579.0,500,0.029094,0.46134,0.99,10000,10,10,0.00279873,9.35666e-06,0.9470969755117914,0.9969411341971247
614145.0,489,0.0185212,0.554267,0.99,10000,10,10,0.00444219,4.45572e-06,0.9333502438113986,0.9978891423543972
661411.0,382,0.0454743,0.31862,0.99,10000,10,15,0.000753812,2.79006e-05,0.9725443630560134,0.9947178981456243
606441.0,408,0.0157654,0.679526,0.99,10000,10,15,0.00450948,4.23564e-06,0.932847338101904,0.9979419329456988
200000.0,489,0.316891,0.10985,0.99,10000,10,16,4.44285e-17,0.00784074,0.9999999933345293,0.9114520468898348
510579.0,500,0.0231271,0.526618,0.99,10000,10,10,0.0034865,6.83095e-06,0.9409534082270619,0.9973863913835465
200000.0,495,0.316891,0.106886,0.99,10000,10,20,4.06009e-17,0.00805199,0.9999999936281164,0.9102671186242189
200000.0,485,0.277745,0.1,0.99,12860,10,15,1.54867e-17,0.00969216,0.9999999960646855,0.901551231597343
637095.0,382,0.0454743,0.31862,0.99,10000,10,15,0.000642943,3.23606e-05,0.974643679288982,0.9943113622017218
255944.0,500,0.249971,0.177286,0.99,10000,10,20,4.73595e-14,0.00168586,0.9999997823776207,0.9589407744836803
660739.0,500,0.0100661,0.619532,0.99,10000,10,16,0.00541524,2.88708e-06,0.9264116857102977,0.9983008590405738
606071.0,439,0.0157654,0.572954,0.99,10000,10,15,0.00404803,5.54686e-06,0.9363758693576093,0.9976448227242944
200000.0,476,0.283598,0.130227,0.99,10000,10,12,1.86359e-16,0.00581972,0.999999986348663,0.9237129106597978
200000.0,489,0.311812,0.113975,0.99,10000,10,12,6.72298e-17,0.00734938,0.9999999918006219,0.9142714749922758
583154.0,326,0.0448548,0.45199,0.99,10000,10,10,0.00112576,2.33768e-05,0.9664476528391828,0.9951650439505617
205716.0,500,0.311701,0.165885,0.99,10000,10,12,3.88149e-15,0.00256146,0.9999999376983949,0.9493891316019968
343782.0,348,0.137527,0.344838,0.99,10000,10,10,5.29585e-07,0.000236025,0.9992722740900586,0.9846368948451167
215723.0,481,0.36255,0.1,0.99,14416,10,16,2.79197e-17,0.00897719,0.9999999947160905,0.9052519657195992
200000.0,489,0.311812,0.150487,0.99,10000,10,12,8.06706e-16,0.00372752,0.9999999715974297,0.9389465807673313
345608.0,389,0.140548,0.344838,0.99,10000,10,10,3.10547e-05,0.000114504,0.9944273255971661,0.9892993458143906
232342.0,500,0.308561,0.178987,0.99,10000,10,12,2.39913e-14,0.00182453,0.9999998451087478,0.9572854825615459
221317.0,500,0.328914,0.171526,0.989995,10000,10,13,8.90037e-15,0.00215695,0.9999999056582277,0.9535570242124818
690451.0,492,0.0100661,0.619532,0.99,10000,10,11,0.00550394,2.69061e-06,0.9258114564100359,0.9983596921020735
512517.0,471,0.0311186,0.46932,0.99,10000,10,14,0.00261324,1.03105e-05,0.9488801408452644,0.996789003270011
603006.0,473,0.0140273,0.675602,0.989616,10000,10,19,0.00514769,3.1258e-06,0.9282525958657737,0.9982320067873434
202691.0,489,0.307968,0.1,0.99,12860,10,15,1.65432e-17,0.00935345,0.9999999959326668,0.9032867640909478
200000.0,489,0.311812,0.174537,0.99,10000,10,11,5.48424e-15,0.0024565,0.9999999259443453,0.9504369088938149
214603.0,482,0.335472,0.159669,0.988075,10000,10,13,1.80443e-15,0.00315396,0.9999999575214171,0.9438398717950182
654891.0,433,0.0338871,0.368044,0.99,10000,10,12,0.00198017,1.37422e-05,0.9555008988854831,0.9962929526574374
439910.0,379,0.0836216,0.353217,0.9882,10000,10,15,0.000194485,6.79523e-05,0.986054212105442,0.9917566814934761
200371.0,500,0.315916,0.102465,0.99,10000,10,20,3.17771e-17,0.00864073,0.9999999943628819,0.9070444729991809
201473.0,500,0.315916,0.102465,0.99,10000,10,20,3.25055e-17,0.00862099,0.9999999942986405,0.9071507135191659
643568.0,449,0.0338871,0.322652,0.99,10000,10,10,0.00139171,1.81706e-05,0.9626943703980217,0.9957373013242783
200000.0,500,0.320745,0.116986,0.99,10000,10,20,1.03939e-16,0.00636454,0.9999999898049522,0.9202219328386555
200000.0,500,0.308561,0.113975,0.99,10000,10,11,7.19018e-17,0.00705323,0.9999999915205071,0.9160164897137539
200000.0,489,0.307968,0.1,0.99,12860,10,15,1.586e-17,0.00941653,0.9999999960175384,0.9029611933296786
200000.0,500,0.318154,0.114232,0.99,11142,10,14,8.59536e-17,0.00676946,0.9999999907288836,0.9177232718200341
200000.0,500,0.3288,0.146515,0.989999,10000,10,12,7.53239e-16,0.00373837,0.9999999725548001,0.9388577887217022
462379.0,383,0.0255596,0.8,0.989996,10000,10,11,0.00387852,6.26524e-06,0.9377222351075442,0.997496953855799
631024.0,339,0.0344128,0.439953,0.99,10000,10,16,0.00148966,1.80089e-05,0.9614038862059922,0.9957563105674425
614145.0,460,0.0185212,0.554267,0.99,10000,10,10,0.00412953,4.94674e-06,0.9357385807813117,0.9977758732050532
407572.0,379,0.109289,0.353217,0.9882,10000,10,16,0.00014223,8.04291e-05,0.9880739780312126,0.9910317727504261
512517.0,471,0.0311186,0.466488,0.99,10000,10,14,0.00258115,1.04494e-05,0.9491949805629405,0.9967674468295169
631024.0,443,0.0210968,0.439953,0.99,10000,10,16,0.00288724,9.05453e-06,0.9462669561628974,0.9969909253914202
495539.0,500,0.0157654,0.732077,0.99,10000,10,12,0.00498588,3.46749e-06,0.9293892359480511,0.9981378802401564
200000.0,500,0.3288,0.136665,0.99,10000,10,18,4.40578e-16,0.00434728,0.99999997901005,0.934066093699827
603006.0,484,0.0100661,0.732442,0.99,10000,10,16,0.00563368,2.57937e-06,0.9249421556398001,0.9983939582819864
216479.0,500,0.337444,0.118833,0.99,10000,10,17,1.69109e-16,0.00586708,0.9999999869958084,0.9234031332233491
200000.0,500,0.307968,0.1,0.99,12860,10,13,1.77125e-17,0.0090503,0.9999999957913779,0.9048669352958709
218409.0,500,0.328914,0.171526,0.99,10000,10,13,8.36835e-15,0.00219991,0.9999999085213139,0.9530968018148016
200000.0,495,0.312902,0.116774,0.989936,10000,10,19,9.2739e-17,0.00648839,0.999999990369891,0.9194494568609248
200000.0,489,0.307968,0.1,0.99,12860,10,11,1.43523e-17,0.00986107,0.999999996211557,0.9006970795998426
603006.0,500,0.0100661,0.732442,0.99,10000,10,16,0.00575799,2.35122e-06,0.9241185793490923,0.9984666311598314
610533.0,398,0.031137,0.438385,0.99,10000,10,17,0.00213569,1.24306e-05,0.9537864738415256,0.9964742943968619
512517.0,457,0.0311186,0.466488,0.99,10000,10,14,0.00242592,1.13414e-05,0.9507463706921002,0.996632300488464
583779.0,500,0.0338871,0.325814,0.99,10000,10,12,0.00158466,1.68145e-05,0.9601922118172838,0.9958994512562341
614006.0,476,0.024488,0.445403,0.99,10000,10,10,0.00317085,7.6027e-06,0.9436896989885509,0.9972427005965981
603006.0,473,0.0140273,0.675602,0.989616,10000,10,19,0.00514769,3.1258e-06,0.9282525958657737,0.9982320067873434
583154.0,326,0.0448548,0.45199,0.99,10000,10,10,0.00112576,2.33768e-05,0.9664476528391828,0.9951650439505617
282818.0,500,0.308561,0.178987,0.99,10000,10,12,1.36968e-13,0.00133994,0.9999996299081195,0.963394809111275
640141.0,350,0.0454743,0.377579,0.99,10000,10,10,0.000975876,2.4795e-05,0.9687609859310509,0.9950205421981907
643568.0,449,0.0338871,0.322652,0.99,10000,10,10,0.00139171,1.81706e-05,0.9626943703980217,0.9957373013242783
200000.0,485,0.337356,0.130612,0.98983,10000,10,11,1.95587e-16,0.00543702,0.9999999860147578,0.9262638487578854
660739.0,500,0.0100661,0.619532,0.99,10000,10,16,0.00541524,2.88708e-06,0.9264116857102977,0.9983008590405738
215723.0,487,0.36255,0.140941,0.99,10000,10,16,5.69987e-16,0.00406241,0.9999999761255994,0.936262962102087
610533.0,382,0.031137,0.438385,0.99,10000,10,17,0.00192449,1.39523e-05,0.9561309904374398,0.9962647222325508
606071.0,439,0.0157654,0.659601,0.99,10000,10,14,0.00471,3.8319e-06,0.9313705602529061,0.9980424760537863
200000.0,500,0.3288,0.136665,0.99,10000,10,18,4.40578e-16,0.00434728,0.99999997901005,0.934066093699827
661411.0,382,0.0454743,0.31862,0.99,10000,10,15,0.000753812,2.79006e-05,0.9725443630560134,0.9947178981456243
215723.0,466,0.339302,0.159847,0.99,10000,10,12,1.38369e-15,0.00333539,0.9999999628020162,0.9422471645717719
215723.0,500,0.36255,0.1,0.99,14416,10,16,3.6736e-17,0.00829048,0.999999993938977,0.908947926986806
200000.0,500,0.318154,0.114232,0.99,11142,10,14,8.59536e-17,0.00676946,0.9999999907288836,0.9177232718200341
200000.0,500,0.337356,0.130612,0.99,10000,10,17,2.52671e-16,0.00488066,0.9999999841043716,0.9301382794371624
200000.0,487,0.337356,0.130612,0.99,10000,10,17,2.18958e-16,0.00520565,0.9999999852027706,0.9278498094250611
583154.0,326,0.0454743,0.377579,0.99,10000,10,10,0.000488592,5.25653e-05,0.9778958827364674,0.9927498068991233
606071.0,500,0.0157654,0.524802,0.99,10000,10,18,0.00423831,4.85052e-06,0.9348976958933096,0.9977976103886914
201473.0,500,0.388892,0.131187,0.99,10000,10,19,3.94685e-16,0.0046453,0.9999999801333194,0.9318435622996624
502443.0,355,0.0228762,0.778956,0.989386,10000,10,10,0.00368508,6.67863e-06,0.9392951402274908,0.9974156954513835
439910.0,414,0.0836216,0.344838,0.9882,10000,10,11,0.000336318,5.53941e-05,0.9816610251104376,0.9925572787234775
495539.0,500,0.0157654,0.732077,0.99,10000,10,12,0.00498588,3.46749e-06,0.9293892359480511,0.9981378802401564
206198.0,500,0.374606,0.116986,0.99,10000,10,20,1.39602e-16,0.00612614,0.999999988184671,0.9217303379335262
614145.0,460,0.024488,0.445403,0.99,10000,10,10,0.00298469,8.14018e-06,0.9453676835563418,0.9971468999316533
606071.0,439,0.0157654,0.679526,0.99,10000,10,15,0.00485318,3.62594e-06,0.9303352312858214,0.9980958098834413
614145.0,489,0.0185212,0.554267,0.99,10000,10,10,0.00444219,4.45572e-06,0.9333502438113986,0.9978891423543972
606441.0,408,0.0157654,0.679526,0.99,10000,10,15,0.00450948,4.23564e-06,0.932847338101904,0.9979419329456988
232342.0,500,0.308561,0.178987,0.99,10000,10,12,2.39913e-14,0.00182453,0.9999998451087478,0.9572854825615459
614145.0,397,0.0185212,0.556231,0.99,10000,10,10,0.00342029,7.41854e-06,0.9415167545360211,0.9972763003102397
200000.0,489,0.316891,0.10985,0.99,10000,10,16,4.44285e-17,0.00784074,0.9999999933345293,0.9114520468898348
200000.0,500,0.320147,0.109092,0.99,10000,10,16,4.82411e-17,0.00759539,0.9999999930544187,0.9128484653032433
200000.0,495,0.316891,0.106886,0.99,10000,10,20,4.06009e-17,0.00805199,0.9999999936281164,0.9102671186242189
200000.0,485,0.277745,0.1,0.99,12860,10,15,1.54867e-17,0.00969216,0.9999999960646855,0.901551231597343
603006.0,484,0.0100661,0.732442,0.99,10000,10,16,0.00563368,2.57937e-06,0.9249421556398001,0.9983939582819864
606071.0,439,0.0157654,0.572954,0.99,10000,10,15,0.00404803,5.54686e-06,0.9363758693576093,0.9976448227242944
200000.0,476,0.283598,0.130227,0.99,10000,10,12,1.86359e-16,0.00581972,0.999999986348663,0.9237129106597978
462379.0,383,0.0255596,0.8,0.989996,10000,10,11,0.00387852,6.26524e-06,0.9377222351075442,0.997496953855799
510579.0,500,0.0231271,0.526618,0.99,10000,10,10,0.0034865,6.83095e-06,0.9409534082270619,0.9973863913835465
206198.0,500,0.374606,0.215822,0.99,10000,10,12,1.29792e-12,0.000990749,0.9999988607370804,0.968523834413957
205716.0,500,0.311701,0.165885,0.99,10000,10,12,3.88149e-15,0.00256146,0.9999999376983949,0.9493891316019968
200000.0,500,0.339302,0.159847,0.99,10000,10,12,1.99403e-15,0.00293369,0.999999955345437,0.9458364513717943
343782.0,348,0.137527,0.344838,0.99,10000,10,10,5.29585e-07,0.000236025,0.9992722740900586,0.9846368948451167
215723.0,481,0.36255,0.1,0.99,14416,10,16,2.79197e-17,0.00897719,0.9999999947160905,0.9052519657195992
200000.0,495,0.312902,0.116774,0.989936,10000,10,19,9.2739e-17,0.00648839,0.999999990369891,0.9194494568609248
200000.0,489,0.311812,0.150487,0.99,10000,10,12,8.06706e-16,0.00372752,0.9999999715974297,0.9389465807673313
345608.0,389,0.140548,0.344838,0.99,10000,10,10,3.10547e-05,0.000114504,0.9944273255971661,0.9892993458143906
200000.0,500,0.308561,0.113975,0.99,10000,10,11,7.19018e-17,0.00705323,0.9999999915205071,0.9160164897137539
510579.0,500,0.029094,0.46134,0.99,10000,10,10,0.00279873,9.35666e-06,0.9470969755117914,0.9969411341971247
200000.0,500,0.307968,0.1,0.99,12860,10,13,1.77125e-17,0.0090503,0.9999999957913779,0.9048669352958709
221317.0,500,0.328914,0.171526,0.989995,10000,10,13,8.90037e-15,0.00215695,0.9999999056582277,0.9535570242124818
690451.0,492,0.0100661,0.619532,0.99,10000,10,11,0.00550394,2.69061e-06,0.9258114564100359,0.9983596921020735
202691.0,489,0.307968,0.1,0.99,12860,10,15,1.65432e-17,0.00935345,0.9999999959326668,0.9032867640909478
200000.0,500,0.320745,0.116986,0.99,10000,10,20,1.03939e-16,0.00636454,0.9999999898049522,0.9202219328386555
214603.0,482,0.335472,0.159669,0.988075,10000,10,13,1.80443e-15,0.00315396,0.9999999575214171,0.9438398717950182
255944.0,500,0.249971,0.177286,0.99,10000,10,20,4.73595e-14,0.00168586,0.9999997823776207,0.9589407744836803
654891.0,433,0.0338871,0.368044,0.99,10000,10,12,0.00198017,1.37422e-05,0.9555008988854831,0.9962929526574374
439910.0,379,0.0836216,0.353217,0.9882,10000,10,15,0.000194485,6.79523e-05,0.986054212105442,0.9917566814934761
200371.0,500,0.315916,0.102465,0.99,10000,10,20,3.17771e-17,0.00864073,0.9999999943628819,0.9070444729991809
201473.0,500,0.315916,0.102465,0.99,10000,10,20,3.25055e-17,0.00862099,0.9999999942986405,0.9071507135191659
200000.0,500,0.3288,0.146515,0.989999,10000,10,12,7.53239e-16,0.00373837,0.9999999725548001,0.9388577887217022
631024.0,339,0.0344128,0.439953,0.99,10000,10,16,0.00148966,1.80089e-05,0.9614038862059922,0.9957563105674425
526170.0,488,0.0185212,0.554267,0.99,10072,10,10,0.00379765,6.60558e-06,0.9383749239351382,0.997429867707685
614145.0,460,0.0185212,0.554267,0.99,10000,10,10,0.00412953,4.94674e-06,0.9357385807813117,0.9977758732050532
407572.0,379,0.109289,0.353217,0.9882,10000,10,16,0.00014223,8.04291e-05,0.9880739780312126,0.9910317727504261
631024.0,443,0.0210968,0.439953,0.99,10000,10,16,0.00288724,9.05453e-06,0.9462669561628974,0.9969909253914202
541699.0,457,0.0311186,0.466488,0.99,10000,10,14,0.00266583,1.00927e-05,0.9483683236762547,0.9968230989943028
200000.0,489,0.311812,0.174537,0.99,10000,10,11,5.48424e-15,0.0024565,0.9999999259443453,0.9504369088938149
239133.0,500,0.308561,0.209226,0.99,10000,10,17,1.96029e-12,0.000918784,0.9999985998964324,0.9696885500181862
216479.0,500,0.337444,0.118833,0.99,10000,10,17,1.69109e-16,0.00586708,0.9999999869958084,0.9234031332233491
386899.0,500,0.273361,0.178987,0.99,10000,10,10,2.07446e-11,0.000676415,0.999995445375976,0.9739920204552526
218409.0,500,0.328914,0.171526,0.99,10000,10,13,8.36835e-15,0.00219991,0.9999999085213139,0.9530968018148016
200000.0,500,0.345128,0.110842,0.99,10000,10,20,6.7446e-17,0.00715354,0.9999999917874486,0.9154213975050427
202691.0,489,0.307968,0.1,0.99,12280,10,15,1.58483e-17,0.00942508,0.9999999960190077,0.9029171487851743
603006.0,500,0.0100661,0.732442,0.99,10000,10,16,0.00575799,2.35122e-06,0.9241185793490923,0.9984666311598314
200000.0,489,0.307968,0.1,0.99,12860,10,11,1.43523e-17,0.00986107,0.999999996211557,0.9006970795998426
661411.0,382,0.0454743,0.31862,0.99,10000,10,15,0.000753812,2.79006e-05,0.9725443630560134,0.9947178981456243
583779.0,500,0.0338871,0.325814,0.99,10000,10,12,0.00158466,1.68145e-05,0.9601922118172838,0.9958994512562341
583154.0,326,0.0454743,0.377579,0.99,10000,10,10,0.000488592,5.25653e-05,0.9778958827364674,0.9927498068991233
583154.0,326,0.0448548,0.45199,0.99,10000,10,10,0.00112576,2.33768e-05,0.9664476528391828,0.9951650439505617
200000.0,500,0.320147,0.109092,0.99,10000,10,16,4.82411e-17,0.00759539,0.9999999930544187,0.9128484653032433
610533.0,382,0.031137,0.438385,0.99,10000,10,17,0.00192449,1.39523e-05,0.9561309904374398,0.9962647222325508
643568.0,449,0.0338871,0.322652,0.99,10000,10,10,0.00139171,1.81706e-05,0.9626943703980217,0.9957373013242783
610533.0,398,0.031137,0.438385,0.99,10000,10,17,0.00213569,1.24306e-05,0.9537864738415256,0.9964742943968619
215723.0,487,0.36255,0.140941,0.99,10000,10,16,5.69987e-16,0.00406241,0.9999999761255994,0.936262962102087
200000.0,500,0.339302,0.159847,0.99,10000,10,12,1.99403e-15,0.00293369,0.999999955345437,0.9458364513717943
215723.0,466,0.339302,0.159847,0.99,10000,10,12,1.38369e-15,0.00333539,0.9999999628020162,0.9422471645717719
512517.0,457,0.0311186,0.466488,0.99,10000,10,14,0.00242592,1.13414e-05,0.9507463706921002,0.996632300488464
215723.0,500,0.36255,0.1,0.99,14416,10,16,3.6736e-17,0.00829048,0.999999993938977,0.908947926986806
200000.0,500,0.318154,0.114232,0.99,11142,10,14,8.59536e-17,0.00676946,0.9999999907288836,0.9177232718200341
200000.0,487,0.337356,0.130612,0.99,10000,10,17,2.18958e-16,0.00520565,0.9999999852027706,0.9278498094250611
200000.0,500,0.345128,0.110842,0.99,10000,10,20,6.7446e-17,0.00715354,0.9999999917874486,0.9154213975050427
614145.0,397,0.0185212,0.556231,0.99,10000,10,10,0.00342029,7.41854e-06,0.9415167545360211,0.9972763003102397
606071.0,500,0.0157654,0.524802,0.99,10000,10,18,0.00423831,4.85052e-06,0.9348976958933096,0.9977976103886914
439910.0,414,0.0836216,0.344838,0.9882,10000,10,11,0.000336318,5.53941e-05,0.9816610251104376,0.9925572787234775
606071.0,439,0.0157654,0.659601,0.99,10000,10,14,0.00471,3.8319e-06,0.9313705602529061,0.9980424760537863
610533.0,398,0.031137,0.454509,0.99,10000,10,17,0.00233399,1.15441e-05,0.9516886141784362,0.9966023390398687
614145.0,460,0.024488,0.445403,0.99,10000,10,10,0.00298469,8.14018e-06,0.9453676835563418,0.9971468999316533
255944.0,500,0.249971,0.177286,0.99,10000,10,20,4.73595e-14,0.00168586,0.9999997823776207,0.9589407744836803
205716.0,500,0.311701,0.165885,0.99,10000,10,12,3.88149e-15,0.00256146,0.9999999376983949,0.9493891316019968
541699.0,457,0.0311186,0.466488,0.99,10000,10,14,0.00266583,1.00927e-05,0.9483683236762547,0.9968230989943028
606071.0,439,0.0157654,0.679526,0.99,10000,10,15,0.00485318,3.62594e-06,0.9303352312858214,0.9980958098834413
614145.0,489,0.0185212,0.554267,0.99,10000,10,10,0.00444219,4.45572e-06,0.9333502438113986,0.9978891423543972
601718.0,473,0.0154864,0.695651,0.989699,10000,10,19,0.0052797,3.12395e-06,0.9273384558380432,0.9982325300568327
200000.0,489,0.316891,0.10985,0.99,10000,10,16,4.44285e-17,0.00784074,0.9999999933345293,0.9114520468898348
200000.0,495,0.316891,0.106886,0.99,10000,10,20,4.06009e-17,0.00805199,0.9999999936281164,0.9102671186242189
603006.0,500,0.124666,0.15196,0.99,10000,10,16,9.44114e-10,0.000514571,0.9999692735618726,0.9773158425327279
200000.0,485,0.277745,0.1,0.99,12860,10,15,1.54867e-17,0.00969216,0.9999999960646855,0.901551231597343
614006.0,476,0.024488,0.445403,0.99,10000,10,10,0.00317085,7.6027e-06,0.9436896989885509,0.9972427005965981
597569.0,460,0.0185212,0.554267,0.99,10000,10,10,0.00400604,5.20412e-06,0.9367067144161405,0.9977187459589076
495539.0,500,0.0157654,0.732077,0.99,10000,10,12,0.00498588,3.46749e-06,0.9293892359480511,0.9981378802401564
206198.0,500,0.374606,0.215822,0.99,10000,10,12,1.29792e-12,0.000990749,0.9999988607370804,0.968523834413957
502443.0,355,0.0228762,0.778956,0.989386,10000,10,10,0.00368508,6.67863e-06,0.9392951402274908,0.9974156954513835
200000.0,495,0.312902,0.116774,0.989936,10000,10,19,9.2739e-17,0.00648839,0.999999990369891,0.9194494568609248
386899.0,500,0.273361,0.178987,0.99,10000,10,10,2.07446e-11,0.000676415,0.999995445375976,0.9739920204552526
200000.0,489,0.311812,0.150487,0.99,10000,10,12,8.06706e-16,0.00372752,0.9999999715974297,0.9389465807673313
214603.0,482,0.335472,0.159669,0.988075,10000,10,13,1.80443e-15,0.00315396,0.9999999575214171,0.9438398717950182
345608.0,389,0.140548,0.344838,0.99,10000,10,10,3.10547e-05,0.000114504,0.9944273255971661,0.9892993458143906
660739.0,500,0.0100661,0.619532,0.99,10000,10,16,0.00541524,2.88708e-06,0.9264116857102977,0.9983008590405738
200000.0,500,0.308561,0.113975,0.99,10000,10,11,7.19018e-17,0.00705323,0.9999999915205071,0.9160164897137539
556228.0,326,0.0448548,0.45199,0.99,10000,10,10,0.00097061,2.7596e-05,0.9688453855745253,0.9947468104926626
200000.0,485,0.337356,0.130612,0.98983,10000,10,10,1.90032e-16,0.00549701,0.9999999862147906,0.9258581764454097
603006.0,484,0.0100661,0.732442,0.99,10000,10,16,0.00563368,2.57937e-06,0.9249421556398001,0.9983939582819864
200000.0,500,0.307968,0.1,0.99,12860,10,13,1.77125e-17,0.0090503,0.9999999957913779,0.9048669352958709
202691.0,489,0.307968,0.1,0.99,12860,10,15,1.65432e-17,0.00935345,0.9999999959326668,0.9032867640909478
690451.0,492,0.0100661,0.619532,0.99,10000,10,11,0.00550394,2.69061e-06,0.9258114564100359,0.9983596921020735
200000.0,476,0.283598,0.130227,0.99,10000,10,12,1.86359e-16,0.00581972,0.999999986348663,0.9237129106597978
206198.0,500,0.374606,0.116986,0.99,10000,10,20,1.39602e-16,0.00612614,0.999999988184671,0.9217303379335262
654891.0,433,0.0338871,0.368044,0.99,10000,10,12,0.00198017,1.37422e-05,0.9555008988854831,0.9962929526574374
200000.0,489,0.311812,0.174537,0.99,10000,10,11,5.48424e-15,0.0024565,0.9999999259443453,0.9504369088938149
556496.0,500,0.0231271,0.521618,0.99,10000,10,10,0.00381515,5.94354e-06,0.9382330994787661,0.9975620623469826
439910.0,379,0.0836216,0.353217,0.9882,10000,10,15,0.000194485,6.79523e-05,0.986054212105442,0.9917566814934761
282818.0,500,0.308561,0.178987,0.99,10000,10,12,1.36968e-13,0.00133994,0.9999996299081195,0.963394809111275
282818.0,500,0.308561,0.178987,0.99,10000,10,12,1.36968e-13,0.00133994,0.9999996299081195,0.963394809111275
606441.0,412,0.0157654,0.679104,0.99,10000,10,15,0.00455182,4.16407e-06,0.9325328227950805,0.9979593946976448
215723.0,481,0.36255,0.1,0.99,14416,10,16,2.79197e-17,0.00897719,0.9999999947160905,0.9052519657195992
510579.0,500,0.0231271,0.526618,0.99,10000,10,10,0.0034865,6.83095e-06,0.9409534082270619,0.9973863913835465
202691.0,489,0.307968,0.1,0.99,12280,10,15,1.58483e-17,0.00942508,0.9999999960190077,0.9029171487851743
200371.0,500,0.302035,0.102465,0.99,10000,10,20,2.88433e-17,0.00870802,0.9999999946294041,0.906683227659761
221317.0,500,0.328914,0.171526,0.989995,10000,10,18,9.64187e-15,0.00211529,0.9999999018069758,0.9540077180387839
631024.0,339,0.0344128,0.439953,0.99,10000,10,16,0.00148966,1.80089e-05,0.9614038862059922,0.9957563105674425
343782.0,348,0.137527,0.344838,0.99,10000,10,10,5.29585e-07,0.000236025,0.9992722740900586,0.9846368948451167
201473.0,500,0.315916,0.102465,0.99,10000,10,20,3.25055e-17,0.00862099,0.9999999942986405,0.9071507135191659
200000.0,500,0.337356,0.130612,0.99,10000,10,17,2.52671e-16,0.00488066,0.9999999841043716,0.9301382794371624
407572.0,379,0.109289,0.353217,0.9882,10000,10,16,0.00014223,8.04291e-05,0.9880739780312126,0.9910317727504261
200000.0,500,0.320147,0.145565,0.99,10000,10,16,7.36729e-16,0.00374585,0.9999999728572477,0.9387966504184616
631024.0,443,0.0210968,0.439953,0.99,10000,10,16,0.00288724,9.05453e-06,0.9462669561628974,0.9969909253914202
510579.0,500,0.029094,0.46134,0.99,10000,10,10,0.00279873,9.35666e-06,0.9470969755117914,0.9969411341971247
614006.0,476,0.024488,0.445403,0.99,10000,10,10,0.00317085,7.6027e-06,0.9436896989885509,0.9972427005965981
603006.0,473,0.0140273,0.675602,0.989616,10000,10,19,0.00514769,3.1258e-06,0.9282525958657737,0.9982320067873434
216479.0,500,0.337444,0.118833,0.99,10000,10,17,1.69109e-16,0.00586708,0.9999999869958084,0.9234031332233491
200000.0,500,0.3288,0.136665,0.99,10000,10,18,4.40578e-16,0.00434728,0.99999997901005,0.934066093699827
218409.0,500,0.328914,0.171526,0.99,10000,10,13,8.36835e-15,0.00219991,0.9999999085213139,0.9530968018148016
614145.0,460,0.0185212,0.554267,0.99,10000,10,10,0.00412953,4.94674e-06,0.9357385807813117,0.9977758732050532
200000.0,489,0.307968,0.1,0.99,12860,10,10,1.35199e-17,0.00983732,0.9999999963230584,0.9008167352826093
603006.0,500,0.0100661,0.732442,0.99,10000,10,16,0.00575799,2.35122e-06,0.9241185793490923,0.9984666311598314
661411.0,382,0.0454743,0.31862,0.99,10000,10,15,0.000753812,2.79006e-05,0.9725443630560134,0.9947178981456243
255944.0,500,0.249971,0.177286,0.99,10000,10,20,4.73595e-14,0.00168586,0.9999997823776207,0.9589407744836803
583154.0,326,0.0448548,0.45199,0.99,10000,10,10,0.00112576,2.33768e-05,0.9664476528391828,0.9951650439505617
200000.0,500,0.320147,0.109092,0.99,10000,10,16,4.82411e-17,0.00759539,0.9999999930544187,0.9128484653032433
206198.0,500,0.374606,0.215822,0.99,10000,10,12,1.29792e-12,0.000990749,0.9999988607370804,0.968523834413957
200000.0,500,0.3288,0.136665,0.99,10000,10,18,4.40578e-16,0.00434728,0.99999997901005,0.934066093699827
200000.0,495,0.312902,0.116774,0.989936,10000,10,19,9.2739e-17,0.00648839,0.999999990369891,0.9194494568609248
556228.0,326,0.0448548,0.45199,0.99,10000,10,10,0.00097061,2.7596e-05,0.9688453855745253,0.9947468104926626
597569.0,442,0.0185212,0.554267,0.989983,10000,10,10,0.00380825,5.77091e-06,0.9382889799144432,0.9975977281585965
643568.0,449,0.0338871,0.322652,0.99,10000,10,10,0.00139171,1.81706e-05,0.9626943703980217,0.9957373013242783
206198.0,500,0.374606,0.116986,0.99,10000,10,20,1.39602e-16,0.00612614,0.999999988184671,0.9217303379335262
200000.0,487,0.337356,0.130612,0.99,10000,10,17,2.18958e-16,0.00520565,0.9999999852027706,0.9278498094250611
200000.0,485,0.337356,0.130612,0.98983,10000,10,10,1.90032e-16,0.00549701,0.9999999862147906,0.9258581764454097
200000.0,500,0.339302,0.159847,0.99,10000,10,12,1.99403e-15,0.00293369,0.999999955345437,0.9458364513717943
610533.0,398,0.031137,0.438385,0.99,10000,10,17,0.00213569,1.24306e-05,0.9537864738415256,0.9964742943968619
637904.0,476,0.0338871,0.322652,0.99,10000,10,19,0.00166495,1.51865e-05,0.9591962011572451,0.9961030139851419
215723.0,500,0.36255,0.1,0.99,14416,10,16,3.6736e-17,0.00829048,0.999999993938977,0.908947926986806
512517.0,457,0.0311186,0.466488,0.99,10000,10,14,0.00242592,1.13414e-05,0.9507463706921002,0.996632300488464
200000.0,500,0.318154,0.114232,0.99,11142,10,14,8.59536e-17,0.00676946,0.9999999907288836,0.9177232718200341
614145.0,397,0.0185212,0.581688,0.99,10000,10,10,0.00363674,6.38832e-06,0.9396946105227734,0.9974724873887555
597569.0,460,0.0185212,0.554267,0.99,10000,10,10,0.00400604,5.20412e-06,0.9367067144161405,0.9977187459589076
200000.0,500,0.345128,0.110842,0.99,10000,10,20,6.7446e-17,0.00715354,0.9999999917874486,0.9154213975050427
614145.0,397,0.0185212,0.556231,0.99,10000,10,10,0.00342029,7.41854e-06,0.9415167545360211,0.9972763003102397
614145.0,489,0.0185212,0.554267,0.99,10000,10,10,0.00444219,4.45572e-06,0.9333502438113986,0.9978891423543972
200000.0,500,0.335512,0.130612,0.99,10000,10,17,3.17448e-16,0.00484368,0.9999999821829295,0.9304034483612873
221317.0,500,0.328914,0.171526,0.989995,10000,10,18,9.64187e-15,0.00211529,0.9999999018069758,0.9540077180387839
495539.0,500,0.0157654,0.732077,0.99,10000,10,12,0.00498588,3.46749e-06,0.9293892359480511,0.9981378802401564
603006.0,473,0.0140273,0.675602,0.989616,10000,10,19,0.00514769,3.1258e-06,0.9282525958657737,0.9982320067873434
614145.0,460,0.024488,0.445403,0.99,10000,10,10,0.00298469,8.14018e-06,0.9453676835563418,0.9971468999316533
606071.0,439,0.0157654,0.659601,0.99,10000,10,14,0.00471,3.8319e-06,0.9313705602529061,0.9980424760537863
386899.0,500,0.273361,0.178987,0.99,10000,10,10,2.07446e-11,0.000676415,0.999995445375976,0.9739920204552526
439910.0,414,0.0836216,0.344838,0.9882,10000,10,11,0.000336318,5.53941e-05,0.9816610251104376,0.9925572787234775
606441.0,412,0.0157654,0.679104,0.99,10000,10,15,0.00455182,4.16407e-06,0.9325328227950805,0.9979593946976448
601718.0,473,0.0154864,0.695651,0.989699,10000,10,19,0.0052797,3.12395e-06,0.9273384558380432,0.9982325300568327
200000.0,489,0.316891,0.10985,0.99,10000,10,16,4.44285e-17,0.00784074,0.9999999933345293,0.9114520468898348
583154.0,326,0.0454743,0.377579,0.99,10000,10,10,0.000488592,5.25653e-05,0.9778958827364674,0.9927498068991233
200000.0,495,0.316891,0.106886,0.99,10000,10,20,4.06009e-17,0.00805199,0.9999999936281164,0.9102671186242189
610533.0,382,0.031137,0.438385,0.99,10000,10,17,0.00192449,1.39523e-05,0.9561309904374398,0.9962647222325508
603006.0,500,0.124666,0.15196,0.99,10000,10,16,9.44114e-10,0.000514571,0.9999692735618726,0.9773158425327279
215723.0,487,0.36255,0.140941,0.99,10000,10,16,5.69987e-16,0.00406241,0.9999999761255994,0.936262962102087
603006.0,484,0.0100661,0.732442,0.99,10000,10,16,0.00563368,2.57937e-06,0.9249421556398001,0.9983939582819864
614006.0,476,0.024488,0.445403,0.99,10000,10,10,0.00317085,7.6027e-06,0.9436896989885509,0.9972427005965981
201473.0,500,0.315916,0.102465,0.99,10000,10,20,3.25055e-17,0.00862099,0.9999999942986405,0.9071507135191659
205716.0,500,0.311701,0.165885,0.99,10000,10,12,3.88149e-15,0.00256146,0.9999999376983949,0.9493891316019968
200000.0,485,0.277745,0.1,0.99,12860,10,15,1.54867e-17,0.00969216,0.9999999960646855,0.901551231597343
541699.0,457,0.0311186,0.466488,0.99,10000,10,14,0.00266583,1.00927e-05,0.9483683236762547,0.9968230989943028
214603.0,482,0.335472,0.159669,0.988075,10000,10,13,1.80443e-15,0.00315396,0.9999999575214171,0.9438398717950182
614145.0,460,0.0185212,0.554267,0.99,10000,10,10,0.00412953,4.94674e-06,0.9357385807813117,0.9977758732050532
200000.0,500,0.311812,0.150487,0.99,10000,10,12,9.51363e-16,0.00352531,0.9999999691558271,0.9406256789512503
200000.0,500,0.308561,0.113975,0.99,10000,10,11,7.19018e-17,0.00705323,0.9999999915205071,0.9160164897137539
660739.0,500,0.0100661,0.619532,0.99,10000,10,16,0.00541524,2.88708e-06,0.9264116857102977,0.9983008590405738
510579.0,500,0.029094,0.46134,0.99,10000,10,10,0.00279873,9.35666e-06,0.9470969755117914,0.9969411341971247
200000.0,500,0.307968,0.1,0.99,12860,10,13,1.77125e-17,0.0090503,0.9999999957913779,0.9048669352958709
202691.0,489,0.307968,0.1,0.99,12860,10,15,1.65432e-17,0.00935345,0.9999999959326668,0.9032867640909478
690451.0,492,0.0100661,0.619532,0.99,10000,10,11,0.00550394,2.69061e-06,0.9258114564100359,0.9983596921020735
215723.0,466,0.339302,0.159847,0.99,10000,10,12,1.38369e-15,0.00333539,0.9999999628020162,0.9422471645717719
510579.0,500,0.0231271,0.526618,0.99,10000,10,10,0.0034865,6.83095e-06,0.9409534082270619,0.9973863913835465
200000.0,495,0.269496,0.124106,0.99,10000,10,19,1.73465e-16,0.00580072,0.9999999868293887,0.9238375420564698
654891.0,433,0.0338871,0.368044,0.99,10000,10,12,0.00198017,1.37422e-05,0.9555008988854831,0.9962929526574374
200000.0,500,0.337356,0.130612,0.99,10000,10,17,2.52671e-16,0.00488066,0.9999999841043716,0.9301382794371624
439910.0,379,0.0836216,0.353217,0.9882,10000,10,15,0.000194485,6.79523e-05,0.986054212105442,0.9917566814934761
200371.0,500,0.302035,0.102465,0.99,10000,10,20,2.88433e-17,0.00870802,0.9999999946294041,0.906683227659761
282818.0,500,0.308561,0.178987,0.99,10000,10,12,1.36968e-13,0.00133994,0.9999996299081195,0.963394809111275
606071.0,500,0.0157654,0.524802,0.99,10000,10,15,0.00423889,4.77074e-06,0.9348932415182571,0.9978157976284235
282818.0,500,0.308561,0.178987,0.99,10000,10,12,1.36968e-13,0.00133994,0.9999996299081195,0.963394809111275
345608.0,389,0.140548,0.344838,0.99,10000,10,10,3.10547e-05,0.000114504,0.9944273255971661,0.9892993458143906
215723.0,481,0.36255,0.1,0.99,14416,10,16,2.79197e-17,0.00897719,0.9999999947160905,0.9052519657195992
218409.0,500,0.328914,0.171526,0.99,10000,10,13,8.36835e-15,0.00219991,0.9999999085213139,0.9530968018148016
610533.0,398,0.031137,0.454509,0.988302,10000,10,17,0.00232596,1.19687e-05,0.9517717924861394,0.9965404191005268
202691.0,489,0.307968,0.1,0.99,12280,10,15,1.58483e-17,0.00942508,0.9999999960190077,0.9029171487851743
200000.0,500,0.320147,0.145565,0.99,10000,10,16,7.36729e-16,0.00374585,0.9999999728572477,0.9387966504184616
343782.0,348,0.137527,0.344838,0.99,10000,10,10,5.29585e-07,0.000236025,0.9992722740900586,0.9846368948451167
631024.0,339,0.0344128,0.439953,0.99,10000,10,16,0.00148966,1.80089e-05,0.9614038862059922,0.9957563105674425
407572.0,379,0.109289,0.353217,0.9882,10000,10,16,0.00014223,8.04291e-05,0.9880739780312126,0.9910317727504261
216479.0,500,0.337444,0.118833,0.99,10000,10,17,1.69109e-16,0.00586708,0.9999999869958084,0.9234031332233491
631024.0,443,0.0210968,0.439953,0.99,10000,10,16,0.00288724,9.05453e-06,0.9462669561628974,0.9969909253914202
581981.0,500,0.0206389,0.440875,0.99,10000,10,17,0.00316948,8.05583e-06,0.9437018650397724,0.997161720591626
200000.0,489,0.311812,0.174537,0.99,10000,10,11,5.48424e-15,0.0024565,0.9999999259443453,0.9504369088938149
200000.0,489,0.307968,0.1,0.99,12860,10,10,1.35199e-17,0.00983732,0.9999999963230584,0.9008167352826093
603006.0,500,0.0100661,0.732442,0.99,10000,10,16,0.00575799,2.35122e-06,0.9241185793490923,0.9984666311598314
200000.0,489,0.307968,0.1,0.99,12860,10,10,1.35199e-17,0.00983732,0.9999999963230584,0.9008167352826093
661411.0,382,0.0454743,0.31862,0.99,10000,10,15,0.000753812,2.79006e-05,0.9725443630560134,0.9947178981456243
495539.0,500,0.0157654,0.732077,0.99,10000,10,12,0.00498588,3.46749e-06,0.9293892359480511,0.9981378802401564
637904.0,476,0.0338871,0.322652,0.99,10000,10,19,0.00166495,1.51865e-05,0.9591962011572451,0.9961030139851419
606071.0,439,0.0157654,0.659601,0.99,10000,10,14,0.00471,3.8319e-06,0.9313705602529061,0.9980424760537863
583154.0,326,0.0454743,0.377579,0.99,10000,10,10,0.000488592,5.25653e-05,0.9778958827364674,0.9927498068991233
583154.0,326,0.0448548,0.45199,0.99,10000,10,10,0.00112576,2.33768e-05,0.9664476528391828,0.9951650439505617
200000.0,500,0.320147,0.109092,0.99,10000,10,16,4.82411e-17,0.00759539,0.9999999930544187,0.9128484653032433
255944.0,500,0.249971,0.177286,0.99,10000,10,20,4.73595e-14,0.00168586,0.9999997823776207,0.9589407744836803
206198.0,500,0.374606,0.215822,0.99,10000,10,12,1.29792e-12,0.000990749,0.9999988607370804,0.968523834413957
200000.0,495,0.312902,0.116774,0.989936,10000,10,19,9.2739e-17,0.00648839,0.999999990369891,0.9194494568609248
556228.0,326,0.0448548,0.45199,0.99,10000,10,10,0.00097061,2.7596e-05,0.9688453855745253,0.9947468104926626
541699.0,457,0.0311186,0.466488,0.99,10000,10,14,0.00266583,1.00927e-05,0.9483683236762547,0.9968230989943028
206198.0,500,0.374606,0.116986,0.99,10000,10,20,1.39602e-16,0.00612614,0.999999988184671,0.9217303379335262
215723.0,487,0.36255,0.140941,0.99,10000,10,16,5.69987e-16,0.00406241,0.9999999761255994,0.936262962102087
200000.0,485,0.337356,0.130612,0.98983,10000,10,10,1.90032e-16,0.00549701,0.9999999862147906,0.9258581764454097
200000.0,500,0.339302,0.159847,0.99,10000,10,12,1.99403e-15,0.00293369,0.999999955345437,0.9458364513717943
610533.0,398,0.031137,0.438385,0.99,10000,10,17,0.00213569,1.24306e-05,0.9537864738415256,0.9964742943968619
215723.0,500,0.36255,0.1,0.99,14416,10,16,3.6736e-17,0.00829048,0.999999993938977,0.908947926986806
200000.0,500,0.318154,0.114232,0.99,11142,10,14,8.59536e-17,0.00676946,0.9999999907288836,0.9177232718200341
200000.0,500,0.345128,0.110842,0.99,10000,10,20,6.7446e-17,0.00715354,0.9999999917874486,0.9154213975050427
610533.0,382,0.031137,0.438385,0.99,10000,10,17,0.00192449,1.39523e-05,0.9561309904374398,0.9962647222325508
606071.0,500,0.0157654,0.524802,0.99,10000,10,15,0.00423889,4.77074e-06,0.9348932415182571,0.9978157976284235
439910.0,414,0.0836216,0.344838,0.9882,10000,10,11,0.000336318,5.53941e-05,0.9816610251104376,0.9925572787234775
200000.0,500,0.320147,0.145565,0.99,10000,10,16,7.36729e-16,0.00374585,0.9999999728572477,0.9387966504184616
603006.0,473,0.0140273,0.675602,0.989616,10000,10,19,0.00514769,3.1258e-06,0.9282525958657737,0.9982320067873434
610533.0,398,0.031137,0.454509,0.988302,10000,10,17,0.00232596,1.19687e-05,0.9517717924861394,0.9965404191005268
200000.0,500,0.335512,0.135417,0.99,10000,10,17,4.19369e-16,0.00443663,0.9999999795214991,0.9333919674513651
386899.0,500,0.273361,0.178987,0.99,10000,10,10,2.07446e-11,0.000676415,0.999995445375976,0.9739920204552526
631024.0,339,0.0344128,0.439953,0.99,10000,10,16,0.00148966,1.80089e-05,0.9614038862059922,0.9957563105674425
606441.0,412,0.0157654,0.679104,0.99,10000,10,15,0.00455182,4.16407e-06,0.9325328227950805,0.9979593946976448
601718.0,473,0.0154864,0.695651,0.989699,10000,10,19,0.0052797,3.12395e-06,0.9273384558380432,0.9982325300568327
200000.0,489,0.316891,0.10985,0.99,10000,10,16,4.44285e-17,0.00784074,0.9999999933345293,0.9114520468898348
643568.0,449,0.0338871,0.322652,0.99,10000,10,10,0.00139171,1.81706e-05,0.9626943703980217,0.9957373013242783
343782.0,348,0.137527,0.344838,0.99,10000,10,10,5.29585e-07,0.000236025,0.9992722740900586,0.9846368948451167
597569.0,442,0.0185212,0.554267,0.989983,10000,10,10,0.00380825,5.77091e-06,0.9382889799144432,0.9975977281585965
200000.0,500,0.335512,0.130612,0.99,10000,10,17,3.17448e-16,0.00484368,0.9999999821829295,0.9304034483612873
603006.0,500,0.124666,0.15196,0.99,10000,10,16,9.44114e-10,0.000514571,0.9999692735618726,0.9773158425327279
614145.0,397,0.0185212,0.581688,0.99,10000,10,10,0.00363674,6.38832e-06,0.9396946105227734,0.9974724873887555
603006.0,484,0.0100661,0.732442,0.99,10000,10,16,0.00563368,2.57937e-06,0.9249421556398001,0.9983939582819864
281243.0,500,0.308561,0.159825,0.99,10000,10,12,1.43003e-14,0.00201873,0.9999998804161382,0.9550697206774763
614145.0,482,0.024488,0.445403,0.99,10000,10,10,0.00324158,7.43525e-06,0.9430651249232951,0.997273234516868
614145.0,397,0.0185212,0.556231,0.99,10000,10,10,0.00342029,7.41854e-06,0.9415167545360211,0.9972763003102397
201473.0,500,0.315916,0.102465,0.99,10000,10,20,3.25055e-17,0.00862099,0.9999999942986405,0.9071507135191659
512517.0,457,0.0311186,0.466488,0.99,10000,10,14,0.00242592,1.13414e-05,0.9507463706921002,0.996632300488464
214603.0,482,0.335472,0.159669,0.988075,10000,10,13,1.80443e-15,0.00315396,0.9999999575214171,0.9438398717950182
200000.0,485,0.277745,0.1,0.99,12860,10,15,1.54867e-17,0.00969216,0.9999999960646855,0.901551231597343
614145.0,460,0.0185212,0.554267,0.99,10000,10,10,0.00412953,4.94674e-06,0.9357385807813117,0.9977758732050532
345608.0,389,0.140548,0.344838,0.99,10000,10,10,3.10547e-05,0.000114504,0.9944273255971661,0.9892993458143906
200000.0,500,0.308561,0.113975,0.99,10000,10,11,7.19018e-17,0.00705323,0.9999999915205071,0.9160164897137539
660739.0,500,0.0100661,0.619532,0.99,10000,10,16,0.00541524,2.88708e-06,0.9264116857102977,0.9983008590405738
510579.0,500,0.029094,0.46134,0.99,10000,10,10,0.00279873,9.35666e-06,0.9470969755117914,0.9969411341971247
200000.0,500,0.307968,0.1,0.99,12860,10,13,1.77125e-17,0.0090503,0.9999999957913779,0.9048669352958709
202691.0,489,0.307968,0.1,0.99,12860,10,15,1.65432e-17,0.00935345,0.9999999959326668,0.9032867640909478
690451.0,492,0.0100661,0.619532,0.99,10000,10,11,0.00550394,2.69061e-06,0.9258114564100359,0.9983596921020735
205716.0,500,0.311701,0.165885,0.99,10000,10,12,3.88149e-15,0.00256146,0.9999999376983949,0.9493891316019968
215723.0,466,0.339302,0.159847,0.99,10000,10,12,1.38369e-15,0.00333539,0.9999999628020162,0.9422471645717719
510579.0,500,0.0231271,0.526618,0.99,10000,10,10,0.0034865,6.83095e-06,0.9409534082270619,0.9973863913835465
654891.0,433,0.0338871,0.368044,0.99,10000,10,12,0.00198017,1.37422e-05,0.9555008988854831,0.9962929526574374
200000.0,500,0.337356,0.130612,0.99,10000,10,17,2.52671e-16,0.00488066,0.9999999841043716,0.9301382794371624
200000.0,489,0.311812,0.174537,0.99,10000,10,11,5.48424e-15,0.0024565,0.9999999259443453,0.9504369088938149
439910.0,379,0.0836216,0.353217,0.9882,10000,10,15,0.000194485,6.79523e-05,0.986054212105442,0.9917566814934761
200371.0,500,0.302035,0.102465,0.99,10000,10,20,2.88433e-17,0.00870802,0.9999999946294041,0.906683227659761
282818.0,500,0.308561,0.178987,0.99,10000,10,12,1.36968e-13,0.00133994,0.9999996299081195,0.963394809111275
614145.0,489,0.0185212,0.554267,0.99,10000,10,10,0.00444219,4.45572e-06,0.9333502438113986,0.9978891423543972
282818.0,500,0.308561,0.178987,0.99,10000,10,12,1.36968e-13,0.00133994,0.9999996299081195,0.963394809111275
215723.0,481,0.36255,0.1,0.99,14416,10,16,2.79197e-17,0.00897719,0.9999999947160905,0.9052519657195992
218409.0,500,0.328914,0.171526,0.99,10000,10,13,8.36835e-15,0.00219991,0.9999999085213139,0.9530968018148016
202691.0,489,0.307968,0.1,0.99,12280,10,15,1.58483e-17,0.00942508,0.9999999960190077,0.9029171487851743
597569.0,460,0.0185212,0.554267,0.99,10000,10,10,0.00400604,5.20412e-06,0.9367067144161405,0.9977187459589076
407572.0,379,0.109289,0.353217,0.9882,10000,10,16,0.00014223,8.04291e-05,0.9880739780312126,0.9910317727504261
200000.0,487,0.337356,0.130612,0.99,10000,10,17,2.18958e-16,0.00520565,0.9999999852027706,0.9278498094250611
631024.0,443,0.0210968,0.439953,0.99,10000,10,16,0.00288724,9.05453e-06,0.9462669561628974,0.9969909253914202
614145.0,460,0.024488,0.450297,0.99,10000,10,10,0.00304435,7.96741e-06,0.9448243713221136,0.9971773399071089
216479.0,500,0.337444,0.118833,0.99,10000,10,17,1.69109e-16,0.00586708,0.9999999869958084,0.9234031332233491
200000.0,495,0.269496,0.124106,0.99,10000,10,19,1.73465e-16,0.00580072,0.9999999868293887,0.9238375420564698
588548.0,442,0.0185212,0.554267,0.989983,10000,10,10,0.00374435,6.08793e-06,0.9388089058767536,0.9975326269029593
200000.0,487,0.337356,0.130612,0.99,10000,10,17,2.18958e-16,0.00520565,0.9999999852027706,0.9278498094250611
200000.0,489,0.307968,0.1,0.99,12860,10,10,1.35199e-17,0.00983732,0.9999999963230584,0.9008167352826093
603006.0,500,0.0100661,0.732442,0.99,10000,10,16,0.00575799,2.35122e-06,0.9241185793490923,0.9984666311598314
200000.0,489,0.307968,0.1,0.99,12860,10,10,1.35199e-17,0.00983732,0.9999999963230584,0.9008167352826093
215723.0,500,0.36255,0.1,0.99,14416,10,16,3.6736e-17,0.00829048,0.999999993938977,0.908947926986806
637904.0,476,0.0338871,0.322652,0.99,10000,10,19,0.00166495,1.51865e-05,0.9591962011572451,0.9961030139851419
606071.0,439,0.0157654,0.659601,0.99,10000,10,14,0.00471,3.8319e-06,0.9313705602529061,0.9980424760537863
200000.0,500,0.320147,0.145565,0.99,10000,10,16,7.36729e-16,0.00374585,0.9999999728572477,0.9387966504184616
200000.0,489,0.316891,0.10985,0.99,10000,10,16,4.44285e-17,0.00784074,0.9999999933345293,0.9114520468898348
215723.0,487,0.36255,0.140941,0.99,10000,10,16,5.69987e-16,0.00406241,0.9999999761255994,0.936262962102087
255944.0,500,0.249971,0.177286,0.99,10000,10,20,4.73595e-14,0.00168586,0.9999997823776207,0.9589407744836803
614145.0,482,0.024488,0.445403,0.99,10000,10,10,0.00324158,7.43525e-06,0.9430651249232951,0.997273234516868
583154.0,326,0.0454743,0.377579,0.99,10000,10,10,0.000488592,5.25653e-05,0.9778958827364674,0.9927498068991233
541699.0,457,0.0311186,0.466488,0.99,10000,10,14,0.00266583,1.00927e-05,0.9483683236762547,0.9968230989943028
643568.0,449,0.0338871,0.322652,0.99,10000,10,10,0.00139171,1.81706e-05,0.9626943703980217,0.9957373013242783
206198.0,500,0.374606,0.116986,0.99,10000,10,20,1.39602e-16,0.00612614,0.999999988184671,0.9217303379335262
614145.0,460,0.024488,0.450297,0.99,10000,10,10,0.00304435,7.96741e-06,0.9448243713221136,0.9971773399071089
660739.0,500,0.0100661,0.619532,0.99,10000,10,16,0.00541524,2.88708e-06,0.9264116857102977,0.9983008590405738
200000.0,495,0.312902,0.116774,0.989936,10000,10,19,9.2739e-17,0.00648839,0.999999990369891,0.9194494568609248
200000.0,485,0.337356,0.130612,0.98983,10000,10,10,1.90032e-16,0.00549701,0.9999999862147906,0.9258581764454097
610533.0,398,0.031137,0.438385,0.99,10000,10,17,0.00213569,1.24306e-05,0.9537864738415256,0.9964742943968619
215723.0,466,0.339302,0.159847,0.99,10000,10,12,1.38369e-15,0.00333539,0.9999999628020162,0.9422471645717719
597569.0,460,0.0185212,0.554267,0.99,10000,10,10,0.00400604,5.20412e-06,0.9367067144161405,0.9977187459589076
200000.0,500,0.320147,0.109092,0.99,10000,10,16,4.82411e-17,0.00759539,0.9999999930544187,0.9128484653032433
610533.0,382,0.031137,0.438385,0.99,10000,10,17,0.00192449,1.39523e-05,0.9561309904374398,0.9962647222325508
614145.0,489,0.0185212,0.554267,0.99,10000,10,10,0.00444219,4.45572e-06,0.9333502438113986,0.9978891423543972
512517.0,457,0.0311186,0.466488,0.99,10000,10,14,0.00242592,1.13414e-05,0.9507463706921002,0.996632300488464
606071.0,500,0.0157654,0.524802,0.99,10000,10,15,0.00423889,4.77074e-06,0.9348932415182571,0.9978157976284235
439910.0,414,0.0836216,0.344838,0.9882,10000,10,11,0.000336318,5.53941e-05,0.9816610251104376,0.9925572787234775
281243.0,500,0.308561,0.159825,0.99,10000,10,12,1.43003e-14,0.00201873,0.9999998804161382,0.9550697206774763
617440.0,469,0.0448548,0.271918,0.99,10000,10,10,0.000697015,3.03974e-05,0.9735989583538831,0.9944866162839867
386899.0,500,0.273361,0.178987,0.99,10000,10,10,2.07446e-11,0.000676415,0.999995445375976,0.9739920204552526
495539.0,500,0.0157654,0.732077,0.99,10000,10,12,0.00498588,3.46749e-06,0.9293892359480511,0.9981378802401564
661411.0,382,0.0454743,0.31862,0.99,10000,10,15,0.000753812,2.79006e-05,0.9725443630560134,0.9947178981456243
631024.0,339,0.0344128,0.439953,0.99,10000,10,16,0.00148966,1.80089e-05,0.9614038862059922,0.9957563105674425
583154.0,326,0.0448548,0.45199,0.99,10000,10,10,0.00112576,2.33768e-05,0.9664476528391828,0.9951650439505617
606441.0,412,0.0157654,0.679104,0.99,10000,10,15,0.00455182,4.16407e-06,0.9325328227950805,0.9979593946976448
603006.0,473,0.0140273,0.675602,0.989999,10000,10,19,0.00514898,3.10189e-06,0.928243606556628,0.9982387816716829
205716.0,500,0.311701,0.165885,0.99,10000,10,12,3.88149e-15,0.00256146,0.9999999376983949,0.9493891316019968
343782.0,348,0.137527,0.344838,0.99,10000,10,10,5.29585e-07,0.000236025,0.9992722740900586,0.9846368948451167
597569.0,442,0.0185212,0.554267,0.989983,10000,10,10,0.00380825,5.77091e-06,0.9382889799144432,0.9975977281585965
200000.0,500,0.345128,0.110842,0.99,10000,10,15,6.46091e-17,0.00729166,0.9999999919620214,0.9146087826530152
603006.0,500,0.124666,0.15196,0.99,10000,10,16,9.44114e-10,0.000514571,0.9999692735618726,0.9773158425327279
614145.0,397,0.0185212,0.581688,0.99,10000,10,10,0.00363674,6.38832e-06,0.9396946105227734,0.9974724873887555
218409.0,500,0.328914,0.171526,0.99,10000,10,13,8.36835e-15,0.00219991,0.9999999085213139,0.9530968018148016
200000.0,500,0.335512,0.130612,0.99,10000,10,17,3.17448e-16,0.00484368,0.9999999821829295,0.9304034483612873
206198.0,500,0.374606,0.215822,0.99,10000,10,12,1.29792e-12,0.000990749,0.9999988607370804,0.968523834413957
631024.0,443,0.0210968,0.439953,0.99,10000,10,16,0.00288724,9.05453e-06,0.9462669561628974,0.9969909253914202
614145.0,397,0.0185212,0.556231,0.99,10000,10,10,0.00342029,7.41854e-06,0.9415167545360211,0.9972763003102397
201473.0,500,0.315916,0.102465,0.99,10000,10,20,3.25055e-17,0.00862099,0.9999999942986405,0.9071507135191659
200000.0,485,0.277745,0.1,0.99,12860,10,15,1.54867e-17,0.00969216,0.9999999960646855,0.901551231597343
200000.0,500,0.327,0.135417,0.99,10000,10,18,4.04527e-16,0.00445199,0.9999999798871434,0.9332767656659241
214603.0,482,0.335472,0.159669,0.988075,10000,10,13,1.80443e-15,0.00315396,0.9999999575214171,0.9438398717950182
614145.0,460,0.0185212,0.554267,0.99,10000,10,10,0.00412953,4.94674e-06,0.9357385807813117,0.9977758732050532
556228.0,326,0.0448548,0.45199,0.99,10000,10,10,0.00097061,2.7596e-05,0.9688453855745253,0.9947468104926626
200000.0,500,0.335512,0.135417,0.99,10000,10,17,4.19369e-16,0.00443663,0.9999999795214991,0.9333919674513651
200000.0,500,0.308561,0.113975,0.99,10000,10,11,7.19018e-17,0.00705323,0.9999999915205071,0.9160164897137539
510579.0,500,0.029094,0.46134,0.99,10000,10,10,0.00279873,9.35666e-06,0.9470969755117914,0.9969411341971247
200000.0,500,0.307968,0.1,0.99,12860,10,13,1.77125e-17,0.0090503,0.9999999957913779,0.9048669352958709
202691.0,489,0.307968,0.1,0.99,12860,10,15,1.65432e-17,0.00935345,0.9999999959326668,0.9032867640909478
690451.0,492,0.0100661,0.619532,0.99,10000,10,11,0.00550394,2.69061e-06,0.9258114564100359,0.9983596921020735
610533.0,398,0.031137,0.454509,0.988302,10000,10,17,0.00232596,1.19687e-05,0.9517717924861394,0.9965404191005268
232023.0,482,0.335472,0.159669,0.988075,10000,10,13,2.92397e-15,0.00291273,0.9999999459262541,0.9460302862709093
510579.0,500,0.0231271,0.526618,0.99,10000,10,10,0.0034865,6.83095e-06,0.9409534082270619,0.9973863913835465
200000.0,495,0.269496,0.124106,0.99,10000,10,19,1.73465e-16,0.00580072,0.9999999868293887,0.9238375420564698
654891.0,433,0.0338871,0.368044,0.99,10000,10,12,0.00198017,1.37422e-05,0.9555008988854831,0.9962929526574374
200000.0,500,0.337356,0.130612,0.99,10000,10,17,2.52671e-16,0.00488066,0.9999999841043716,0.9301382794371624
200000.0,489,0.311812,0.174537,0.99,10000,10,11,5.48424e-15,0.0024565,0.9999999259443453,0.9504369088938149
439910.0,379,0.0836216,0.353217,0.9882,10000,10,15,0.000194485,6.79523e-05,0.986054212105442,0.9917566814934761
200371.0,500,0.302035,0.102465,0.99,10000,10,20,2.88433e-17,0.00870802,0.9999999946294041,0.906683227659761
218409.0,480,0.328914,0.216702,0.99,10000,10,13,6.66241e-13,0.00110311,0.9999991837641272,0.9667869001747804
282818.0,500,0.308561,0.178987,0.99,10000,10,12,1.36968e-13,0.00133994,0.9999996299081195,0.963394809111275
215723.0,481,0.36255,0.1,0.99,14416,10,16,2.79197e-17,0.00897719,0.9999999947160905,0.9052519657195992
202691.0,489,0.307968,0.1,0.99,12280,10,15,1.58483e-17,0.00942508,0.9999999960190077,0.9029171487851743
200000.0,500,0.318154,0.114232,0.99,11142,10,14,8.59536e-17,0.00676946,0.9999999907288836,0.9177232718200341
216479.0,500,0.337444,0.118833,0.99,10000,10,17,1.69109e-16,0.00586708,0.9999999869958084,0.9234031332233491
200000.0,487,0.337356,0.130612,0.99,10000,10,17,2.18958e-16,0.00520565,0.9999999852027706,0.9278498094250611
588548.0,442,0.0185212,0.554267,0.989983,10000,10,10,0.00374435,6.08793e-06,0.9388089058767536,0.9975326269029593
200000.0,487,0.337356,0.130612,0.99,10000,10,17,2.18958e-16,0.00520565,0.9999999852027706,0.9278498094250611
200000.0,500,0.328074,0.114232,0.99,11142,10,14,8.99722e-17,0.00672609,0.9999999905146323,0.917987257087694
603006.0,473,0.0140273,0.675602,0.989616,10000,10,19,0.00514769,3.1258e-06,0.9282525958657737,0.9982320067873434
200000.0,489,0.307968,0.1,0.99,12860,10,10,1.35199e-17,0.00983732,0.9999999963230584,0.9008167352826093
603006.0,500,0.0100661,0.732442,0.99,10000,10,16,0.00575799,2.35122e-06,0.9241185793490923,0.9984666311598314
200000.0,489,0.307968,0.1,0.99,12860,10,10,1.35199e-17,0.00983732,0.9999999963230584,0.9008167352826093
541699.0,457,0.0311186,0.466488,0.99,10000,10,14,0.00266583,1.00927e-05,0.9483683236762547,0.9968230989943028
669098.0,500,0.029094,0.33221,0.99,10000,10,10,0.00226438,1.12523e-05,0.9524144980062205,0.9966455551875161
215723.0,500,0.36255,0.1,0.99,14416,10,16,3.6736e-17,0.00829048,0.999999993938977,0.908947926986806
343782.0,348,0.137527,0.344838,0.99,10000,10,10,5.29585e-07,0.000236025,0.9992722740900586,0.9846368948451167
439910.0,379,0.0836216,0.353217,0.9882,10000,10,15,0.000194485,6.79523e-05,0.986054212105442,0.9917566814934761
603006.0,473,0.0140273,0.645757,0.989988,10000,10,19,0.00494475,3.40576e-06,0.9296810836260967,0.9981545298701957
637904.0,476,0.0338871,0.322652,0.99,10000,10,19,0.00166495,1.51865e-05,0.9591962011572451,0.9961030139851419
661411.0,412,0.0454743,0.31862,0.99,10000,10,11,0.00108296,2.33566e-05,0.9670916423989285,0.9951671333558643
200000.0,500,0.320147,0.145565,0.99,10000,10,16,7.36729e-16,0.00374585,0.9999999728572477,0.9387966504184616
200000.0,489,0.316891,0.10985,0.99,10000,10,16,4.44285e-17,0.00784074,0.9999999933345293,0.9114520468898348
215723.0,487,0.36255,0.140941,0.99,10000,10,16,5.69987e-16,0.00406241,0.9999999761255994,0.936262962102087
255944.0,500,0.249971,0.177286,0.99,10000,10,20,4.73595e-14,0.00168586,0.9999997823776207,0.9589407744836803
614145.0,482,0.024488,0.445403,0.99,10000,10,10,0.00324158,7.43525e-06,0.9430651249232951,0.997273234516868
439910.0,429,0.0836216,0.344838,0.9882,10000,10,11,0.000453774,5.07346e-05,0.978698028260276,0.9928771775257276
206198.0,500,0.374606,0.116986,0.99,10000,10,20,1.39602e-16,0.00612614,0.999999988184671,0.9217303379335262
614145.0,460,0.024488,0.450297,0.99,10000,10,10,0.00304435,7.96741e-06,0.9448243713221136,0.9971773399071089
200000.0,495,0.312902,0.116774,0.989936,10000,10,19,9.2739e-17,0.00648839,0.999999990369891,0.9194494568609248
232023.0,482,0.335472,0.159669,0.988075,10000,10,13,2.92397e-15,0.00291273,0.9999999459262541,0.9460302862709093
690451.0,492,0.0100661,0.619532,0.99,10000,10,11,0.00550394,2.69061e-06,0.9258114564100359,0.9983596921020735
282818.0,500,0.308561,0.178987,0.99,10000,10,12,1.36968e-13,0.00133994,0.9999996299081195,0.963394809111275
556228.0,326,0.0448548,0.45199,0.99,10000,10,10,0.00097061,2.7596e-05,0.9688453855745253,0.9947468104926626
610533.0,398,0.031137,0.438385,0.99,10000,10,17,0.00213569,1.24306e-05,0.9537864738415256,0.9964742943968619
617440.0,469,0.0448548,0.271918,0.99,10000,10,10,0.000697015,3.03974e-05,0.9735989583538831,0.9944866162839867
606071.0,500,0.0157654,0.524802,0.99,10000,10,15,0.00423889,4.77074e-06,0.9348932415182571,0.9978157976284235
643568.0,449,0.0338871,0.322652,0.99,10000,10,10,0.00139171,1.81706e-05,0.9626943703980217,0.9957373013242783
281243.0,500,0.308561,0.159825,0.99,10000,10,12,1.43003e-14,0.00201873,0.9999998804161382,0.9550697206774763
606071.0,439,0.0157654,0.659601,0.99,10000,10,14,0.00471,3.8319e-06,0.9313705602529061,0.9980424760537863
200000.0,500,0.308561,0.113975,0.99,10000,10,11,7.19018e-17,0.00705323,0.9999999915205071,0.9160164897137539
386899.0,500,0.273361,0.178987,0.99,10000,10,10,2.07446e-11,0.000676415,0.999995445375976,0.9739920204552526
661411.0,382,0.0454743,0.31862,0.99,10000,10,15,0.000753812,2.79006e-05,0.9725443630560134,0.9947178981456243
631024.0,339,0.0344128,0.439953,0.99,10000,10,16,0.00148966,1.80089e-05,0.9614038862059922,0.9957563105674425
439910.0,414,0.0836216,0.344838,0.9882,10000,10,11,0.000336318,5.53941e-05,0.9816610251104376,0.9925572787234775
603006.0,473,0.0140273,0.675602,0.989999,10000,10,19,0.00514898,3.10189e-06,0.928243606556628,0.9982387816716829
205716.0,500,0.311701,0.165885,0.99,10000,10,12,3.88149e-15,0.00256146,0.9999999376983949,0.9493891316019968
660739.0,500,0.0100661,0.619532,0.99,10000,10,16,0.00541524,2.88708e-06,0.9264116857102977,0.9983008590405738
610533.0,382,0.031137,0.438385,0.99,10000,10,17,0.00192449,1.39523e-05,0.9561309904374398,0.9962647222325508
614145.0,460,0.0185212,0.554267,0.99,10000,10,10,0.00412953,4.94674e-06,0.9357385807813117,0.9977758732050532
218409.0,500,0.328914,0.171526,0.99,10000,10,13,8.36835e-15,0.00219991,0.9999999085213139,0.9530968018148016
200000.0,500,0.345128,0.110842,0.99,10000,10,15,6.46091e-17,0.00729166,0.9999999919620214,0.9146087826530152
200000.0,500,0.335512,0.130612,0.99,10000,10,17,3.17448e-16,0.00484368,0.9999999821829295,0.9304034483612873
214603.0,482,0.335472,0.159669,0.988075,10000,10,13,1.80443e-15,0.00315396,0.9999999575214171,0.9438398717950182
631024.0,443,0.0210968,0.439953,0.99,10000,10,16,0.00288724,9.05453e-06,0.9462669561628974,0.9969909253914202
614145.0,397,0.0185212,0.556231,0.99,10000,10,10,0.00342029,7.41854e-06,0.9415167545360211,0.9972763003102397
201473.0,500,0.315916,0.102465,0.99,10000,10,20,3.25055e-17,0.00862099,0.9999999942986405,0.9071507135191659
200000.0,485,0.277745,0.1,0.99,12860,10,15,1.54867e-17,0.00969216,0.9999999960646855,0.901551231597343
215723.0,466,0.339302,0.159847,0.99,10000,10,12,1.38369e-15,0.00333539,0.9999999628020162,0.9422471645717719
200000.0,500,0.327,0.135417,0.99,10000,10,18,4.04527e-16,0.00445199,0.9999999798871434,0.9332767656659241
206198.0,500,0.374606,0.215822,0.99,10000,10,12,1.29792e-12,0.000990749,0.9999988607370804,0.968523834413957
200000.0,500,0.335512,0.135417,0.99,10000,10,17,4.19369e-16,0.00443663,0.9999999795214991,0.9333919674513651
566046.0,479,0.0185212,0.554267,0.99,10000,10,10,0.00398206,5.04913e-06,0.9368964343321236,0.9977529730753727
200000.0,485,0.337356,0.130612,0.98983,10000,10,10,1.90032e-16,0.00549701,0.9999999862147906,0.9258581764454097
510579.0,500,0.029094,0.46134,0.99,10000,10,10,0.00279873,9.35666e-06,0.9470969755117914,0.9969411341971247
200000.0,500,0.307968,0.1,0.99,12860,10,13,1.77125e-17,0.0090503,0.9999999957913779,0.9048669352958709
202691.0,489,0.307968,0.1,0.99,12860,10,15,1.65432e-17,0.00935345,0.9999999959326668,0.9032867640909478
510579.0,500,0.0231271,0.526618,0.99,10000,10,10,0.0034865,6.83095e-06,0.9409534082270619,0.9973863913835465
200000.0,495,0.269496,0.124106,0.99,10000,10,19,1.73465e-16,0.00580072,0.9999999868293887,0.9238375420564698
200000.0,500,0.337356,0.130612,0.99,10000,10,17,2.52671e-16,0.00488066,0.9999999841043716,0.9301382794371624
200000.0,489,0.311812,0.174537,0.99,10000,10,11,5.48424e-15,0.0024565,0.9999999259443453,0.9504369088938149
200371.0,500,0.302035,0.102465,0.99,10000,10,20,2.88433e-17,0.00870802,0.9999999946294041,0.906683227659761
643568.0,500,0.0338871,0.322652,0.99,10000,10,10,0.00194433,1.36208e-05,0.9559054425127091,0.9963093631985794
606441.0,412,0.0157654,0.679104,0.99,10000,10,15,0.00455182,4.16407e-06,0.9325328227950805,0.9979593946976448
200000.0,500,0.320147,0.109092,0.99,10000,10,16,4.82411e-17,0.00759539,0.9999999930544187,0.9128484653032433
603006.0,473,0.0140273,0.675602,0.989616,10000,10,19,0.00514769,3.1258e-06,0.9282525958657737,0.9982320067873434
614145.0,489,0.0185212,0.554267,0.99,10000,10,10,0.00444219,4.45572e-06,0.9333502438113986,0.9978891423543972
215723.0,481,0.36255,0.1,0.99,14416,10,16,2.79197e-17,0.00897719,0.9999999947160905,0.9052519657195992
202691.0,489,0.307968,0.1,0.99,12280,10,15,1.58483e-17,0.00942508,0.9999999960190077,0.9029171487851743
216479.0,500,0.337444,0.118833,0.99,10000,10,17,1.69109e-16,0.00586708,0.9999999869958084,0.9234031332233491
200000.0,487,0.337356,0.130612,0.99,10000,10,17,2.18958e-16,0.00520565,0.9999999852027706,0.9278498094250611
200000.0,500,0.316891,0.10985,0.99,10000,10,14,6.20699e-17,0.00748776,0.9999999921215548,0.9134681561504667
614145.0,397,0.0185212,0.61347,0.99,10000,10,10,0.00390203,5.54222e-06,0.9375337691228293,0.9976458079942366
200000.0,487,0.337356,0.130612,0.99,10000,10,10,1.94573e-16,0.00542122,0.9999999860510573,0.9263710654701564
200000.0,500,0.30474,0.114232,0.99,11142,10,14,8.15492e-17,0.00679246,0.9999999909695404,0.9175836181332861
200000.0,500,0.328074,0.114232,0.99,11142,10,14,8.99722e-17,0.00672609,0.9999999905146323,0.917987257087694
603006.0,500,0.124666,0.15196,0.99,10000,10,16,9.44114e-10,0.000514571,0.9999692735618726,0.9773158425327279
614145.0,397,0.0185212,0.581688,0.99,10000,10,10,0.00363674,6.38832e-06,0.9396946105227734,0.9974724873887555
218409.0,480,0.328914,0.216702,0.99,10000,10,13,6.66241e-13,0.00110311,0.9999991837641272,0.9667869001747804
625044.0,439,0.0157654,0.634156,0.99,10000,10,11,0.0046486,3.93534e-06,0.9318193575858954,0.9980162308602057
200000.0,489,0.307968,0.1,0.99,12860,10,10,1.35199e-17,0.00983732,0.9999999963230584,0.9008167352826093
603006.0,500,0.0100661,0.732442,0.99,10000,10,16,0.00575799,2.35122e-06,0.9241185793490923,0.9984666311598314
200000.0,489,0.307968,0.1,0.99,12860,10,10,1.35199e-17,0.00983732,0.9999999963230584,0.9008167352826093
215723.0,500,0.36255,0.1,0.99,14416,10,16,3.6736e-17,0.00829048,0.999999993938977,0.908947926986806
661411.0,412,0.0454743,0.31862,0.99,10000,10,11,0.00108296,2.33566e-05,0.9670916423989285,0.9951671333558643
614145.0,397,0.0185212,0.581688,0.99,10000,10,10,0.00363674,6.38832e-06,0.9396946105227734,0.9974724873887555
643568.0,449,0.0338871,0.322652,0.99,10000,10,10,0.00139171,1.81706e-05,0.9626943703980217,0.9957373013242783
200000.0,489,0.316891,0.10985,0.99,10000,10,16,4.44285e-17,0.00784074,0.9999999933345293,0.9114520468898348
343782.0,348,0.137527,0.344838,0.99,10000,10,10,5.29585e-07,0.000236025,0.9992722740900586,0.9846368948451167
541699.0,457,0.0311186,0.447783,0.99,10000,10,14,0.00244222,1.09585e-05,0.950581177674898,0.9966896374820875
541699.0,457,0.0311186,0.466488,0.99,10000,10,14,0.00266583,1.00927e-05,0.9483683236762547,0.9968230989943028
660739.0,500,0.0100661,0.619532,0.99,10000,10,16,0.00541524,2.88708e-06,0.9264116857102977,0.9983008590405738
200000.0,495,0.312902,0.116774,0.989936,10000,10,19,9.2739e-17,0.00648839,0.999999990369891,0.9194494568609248
232023.0,482,0.335472,0.159669,0.988075,10000,10,13,2.92397e-15,0.00291273,0.9999999459262541,0.9460302862709093
614145.0,397,0.0185212,0.61347,0.99,10000,10,10,0.00390203,5.54222e-06,0.9375337691228293,0.9976458079942366
637904.0,476,0.0338871,0.322652,0.99,10000,10,19,0.00166495,1.51865e-05,0.9591962011572451,0.9961030139851419
690451.0,492,0.0100661,0.619532,0.99,10000,10,11,0.00550394,2.69061e-06,0.9258114564100359,0.9983596921020735
556228.0,326,0.0448548,0.45199,0.99,10000,10,10,0.00097061,2.7596e-05,0.9688453855745253,0.9947468104926626
610533.0,398,0.031137,0.438385,0.99,10000,10,17,0.00213569,1.24306e-05,0.9537864738415256,0.9964742943968619
200000.0,487,0.337356,0.130612,0.99,10000,10,17,2.18958e-16,0.00520565,0.9999999852027706,0.9278498094250611
614145.0,489,0.0185212,0.554267,0.99,10000,10,10,0.00444219,4.45572e-06,0.9333502438113986,0.9978891423543972
606071.0,500,0.0157654,0.524802,0.99,10000,10,15,0.00423889,4.77074e-06,0.9348932415182571,0.9978157976284235
669098.0,500,0.029094,0.33221,0.99,10000,10,10,0.00226438,1.12523e-05,0.9524144980062205,0.9966455551875161
200000.0,500,0.320147,0.145565,0.99,10000,10,16,7.36729e-16,0.00374585,0.9999999728572477,0.9387966504184616
282818.0,500,0.308561,0.178987,0.99,10000,10,12,1.36968e-13,0.00133994,0.9999996299081195,0.963394809111275
439910.0,379,0.0836216,0.353217,0.9882,10000,10,15,0.000194485,6.79523e-05,0.986054212105442,0.9917566814934761
200000.0,500,0.308561,0.113975,0.99,10000,10,11,7.19018e-17,0.00705323,0.9999999915205071,0.9160164897137539
606071.0,439,0.0157654,0.659601,0.99,10000,10,14,0.00471,3.8319e-06,0.9313705602529061,0.9980424760537863
610533.0,382,0.031137,0.438385,0.99,10000,10,17,0.00192449,1.39523e-05,0.9561309904374398,0.9962647222325508
386899.0,500,0.273361,0.178987,0.99,10000,10,10,2.07446e-11,0.000676415,0.999995445375976,0.9739920204552526
661411.0,382,0.0454743,0.31862,0.99,10000,10,15,0.000753812,2.79006e-05,0.9725443630560134,0.9947178981456243
614145.0,482,0.024488,0.445403,0.99,10000,10,10,0.00324158,7.43525e-06,0.9430651249232951,0.997273234516868
603006.0,473,0.0140273,0.675602,0.989999,10000,10,19,0.00514898,3.10189e-06,0.928243606556628,0.9982387816716829
205716.0,500,0.311701,0.165885,0.99,10000,10,12,3.88149e-15,0.00256146,0.9999999376983949,0.9493891316019968
614145.0,460,0.0185212,0.554267,0.99,10000,10,10,0.00412953,4.94674e-06,0.9357385807813117,0.9977758732050532
556228.0,326,0.0448548,0.402389,0.99,10000,10,10,0.000586493,4.94914e-05,0.9757823824458309,0.9929649875622001
439910.0,426,0.0836216,0.344838,0.989611,10000,10,11,0.000433084,4.9683e-05,0.9791893296600037,0.9929513831143976
215723.0,487,0.36255,0.140941,0.99,10000,10,16,5.69987e-16,0.00406241,0.9999999761255994,0.936262962102087
214603.0,482,0.335472,0.159669,0.988075,10000,10,13,1.80443e-15,0.00315396,0.9999999575214171,0.9438398717950182
631024.0,443,0.0210968,0.439953,0.99,10000,10,16,0.00288724,9.05453e-06,0.9462669561628974,0.9969909253914202
206198.0,500,0.374606,0.215822,0.99,10000,10,12,1.29792e-12,0.000990749,0.9999988607370804,0.968523834413957
510579.0,500,0.0231271,0.526618,0.99,10000,10,10,0.0034865,6.83095e-06,0.9409534082270619,0.9973863913835465
614145.0,397,0.020664,0.556231,0.99,10000,10,10,0.00339172,6.9554e-06,0.9417615247452339,0.9973626907651927
201473.0,500,0.315916,0.102465,0.99,10000,10,20,3.25055e-17,0.00862099,0.9999999942986405,0.9071507135191659
200000.0,485,0.277745,0.1,0.99,12860,10,15,1.54867e-17,0.00969216,0.9999999960646855,0.901551231597343
206627.0,466,0.339302,0.159847,0.988371,10000,10,12,1.21799e-15,0.00353798,0.9999999651002865,0.9405190786890452
603006.0,473,0.0140273,0.645757,0.988577,10000,10,19,0.0049405,3.50382e-06,0.929711309586819,0.9981281506470873
255944.0,500,0.249971,0.177286,0.99,10000,10,20,4.73595e-14,0.00168586,0.9999997823776207,0.9589407744836803
614145.0,460,0.024488,0.450297,0.99,10000,10,10,0.00304435,7.96741e-06,0.9448243713221136,0.9971773399071089
566046.0,479,0.0185212,0.554267,0.99,10000,10,10,0.00398206,5.04913e-06,0.9368964343321236,0.9977529730753727
215723.0,466,0.339302,0.159847,0.99,10000,10,12,1.38369e-15,0.00333539,0.9999999628020162,0.9422471645717719
200000.0,485,0.337356,0.130612,0.98983,10000,10,10,1.90032e-16,0.00549701,0.9999999862147906,0.9258581764454097
510579.0,500,0.029094,0.46134,0.99,10000,10,10,0.00279873,9.35666e-06,0.9470969755117914,0.9969411341971247
203645.0,500,0.335512,0.130612,0.99,10000,10,14,3.20464e-16,0.00482161,0.9999999820984917,0.930562186094319
202691.0,489,0.307968,0.1,0.99,12860,10,15,1.65432e-17,0.00935345,0.9999999959326668,0.9032867640909478
215723.0,487,0.36255,0.139531,0.99,10000,10,16,5.28565e-16,0.00417235,0.9999999770094584,0.935406269654091
200000.0,495,0.269496,0.124106,0.99,10000,10,19,1.73465e-16,0.00580072,0.9999999868293887,0.9238375420564698
200000.0,500,0.314858,0.135417,0.99,10000,10,15,3.74429e-16,0.00446886,0.9999999806498321,0.9331504674661071
206198.0,500,0.374606,0.116986,0.99,10000,10,20,1.39602e-16,0.00612614,0.999999988184671,0.9217303379335262
643568.0,500,0.0338871,0.322652,0.99,10000,10,10,0.00194433,1.36208e-05,0.9559054425127091,0.9963093631985794
200000.0,500,0.337356,0.130612,0.99,10000,10,17,2.52671e-16,0.00488066,0.9999999841043716,0.9301382794371624
200000.0,500,0.345128,0.110842,0.99,10000,10,15,6.46091e-17,0.00729166,0.9999999919620214,0.9146087826530152
200371.0,500,0.302035,0.102465,0.99,10000,10,20,2.88433e-17,0.00870802,0.9999999946294041,0.906683227659761
603006.0,473,0.0140273,0.645757,0.989988,10000,10,19,0.00494475,3.40576e-06,0.9296810836260967,0.9981545298701957
200000.0,500,0.320147,0.109092,0.99,10000,10,16,4.82411e-17,0.00759539,0.9999999930544187,0.9128484653032433
439910.0,414,0.0836216,0.344838,0.9882,10000,10,11,0.000336318,5.53941e-05,0.9816610251104376,0.9925572787234775
603006.0,473,0.0140273,0.675602,0.989616,10000,10,19,0.00514769,3.1258e-06,0.9282525958657737,0.9982320067873434
206198.0,500,0.374606,0.188063,0.99,10000,10,19,5.10043e-14,0.00161895,0.999999774158684,0.9597638222491252
215723.0,481,0.36255,0.1,0.99,14416,10,16,2.79197e-17,0.00897719,0.9999999947160905,0.9052519657195992
202691.0,489,0.307968,0.1,0.99,12280,10,15,1.58483e-17,0.00942508,0.9999999960190077,0.9029171487851743
598813.0,482,0.024488,0.445403,0.99,10000,10,10,0.00311713,7.71169e-06,0.9441687363567687,0.9972230070219751
218409.0,500,0.328914,0.171526,0.99,10000,10,13,8.36835e-15,0.00219991,0.9999999085213139,0.9530968018148016
281243.0,500,0.308561,0.159825,0.99,10000,10,12,1.43003e-14,0.00201873,0.9999998804161382,0.9550697206774763
200000.0,500,0.30474,0.114232,0.99,11142,10,14,8.15492e-17,0.00679246,0.9999999909695404,0.9175836181332861
216479.0,500,0.337444,0.118833,0.99,10000,10,17,1.69109e-16,0.00586708,0.9999999869958084,0.9234031332233491
631024.0,339,0.0344128,0.439953,0.99,10000,10,16,0.00148966,1.80089e-05,0.9614038862059922,0.9957563105674425
200000.0,500,0.328074,0.114232,0.99,11142,10,14,8.99722e-17,0.00672609,0.9999999905146323,0.917987257087694
200000.0,500,0.307968,0.1,0.99,12860,10,13,1.77125e-17,0.0090503,0.9999999957913779,0.9048669352958709
637904.0,468,0.0338871,0.322652,0.99,10000,10,19,0.00157965,1.59245e-05,0.9602551890179359,0.9960094486596461
200000.0,487,0.337356,0.130612,0.99,10000,10,10,1.94573e-16,0.00542122,0.9999999860510573,0.9263710654701564
200000.0,486,0.307968,0.1,0.99,12860,10,10,1.2957e-17,0.00996556,0.9999999964004167,0.9001723485200619
603006.0,500,0.0100661,0.732442,0.99,10000,10,16,0.00575799,2.35122e-06,0.9241185793490923,0.9984666311598314
606071.0,439,0.0157654,0.659601,0.99,10000,10,14,0.00471,3.8319e-06,0.9313705602529061,0.9980424760537863
614145.0,489,0.0185212,0.554267,0.99,10000,10,10,0.00444219,4.45572e-06,0.9333502438113986,0.9978891423543972
343782.0,348,0.137527,0.344838,0.99,10000,10,10,5.29585e-07,0.000236025,0.9992722740900586,0.9846368948451167
215723.0,500,0.36255,0.1,0.99,14416,10,16,3.6736e-17,0.00829048,0.999999993938977,0.908947926986806
439910.0,379,0.0836216,0.353217,0.9882,10000,10,15,0.000194485,6.79523e-05,0.986054212105442,0.9917566814934761
541699.0,457,0.0311186,0.447783,0.99,10000,10,14,0.00244222,1.09585e-05,0.950581177674898,0.9966896374820875
200000.0,489,0.316891,0.10985,0.99,10000,10,16,4.44285e-17,0.00784074,0.9999999933345293,0.9114520468898348
661411.0,382,0.0454743,0.31862,0.99,10000,10,15,0.000753812,2.79006e-05,0.9725443630560134,0.9947178981456243
614145.0,397,0.0185212,0.581688,0.99,10000,10,10,0.00363674,6.38832e-06,0.9396946105227734,0.9974724873887555
206198.0,500,0.374606,0.215822,0.99,10000,10,12,1.29792e-12,0.000990749,0.9999988607370804,0.968523834413957
200000.0,500,0.314858,0.135417,0.99,10000,10,15,3.74429e-16,0.00446886,0.9999999806498321,0.9331504674661071
282818.0,500,0.308561,0.178987,0.99,10000,10,12,1.36968e-13,0.00133994,0.9999996299081195,0.963394809111275
206198.0,500,0.374606,0.116986,0.99,10000,10,20,1.39602e-16,0.00612614,0.999999988184671,0.9217303379335262
200000.0,495,0.312902,0.116774,0.989936,10000,10,19,9.2739e-17,0.00648839,0.999999990369891,0.9194494568609248
614145.0,397,0.0185212,0.61347,0.99,10000,10,10,0.00390203,5.54222e-06,0.9375337691228293,0.9976458079942366
637904.0,476,0.0338871,0.322652,0.99,10000,10,19,0.00166495,1.51865e-05,0.9591962011572451,0.9961030139851419
661411.0,412,0.0454743,0.31862,0.99,10000,10,11,0.00108296,2.33566e-05,0.9670916423989285,0.9951671333558643
556228.0,326,0.0448548,0.402389,0.99,10000,10,10,0.000586493,4.94914e-05,0.9757823824458309,0.9929649875622001
556228.0,326,0.0448548,0.45199,0.99,10000,10,10,0.00097061,2.7596e-05,0.9688453855745253,0.9947468104926626
541699.0,457,0.0311186,0.466488,0.99,10000,10,14,0.00266583,1.00927e-05,0.9483683236762547,0.9968230989943028
200000.0,500,0.345128,0.110842,0.99,10000,10,15,6.46091e-17,0.00729166,0.9999999919620214,0.9146087826530152
694328.0,412,0.044747,0.31862,0.99,10000,10,11,0.0013078,2.21633e-05,0.9638364824719718,0.9952922085857592
669098.0,500,0.029094,0.33221,0.99,10000,10,10,0.00226438,1.12523e-05,0.9524144980062205,0.9966455551875161
200000.0,500,0.320147,0.145565,0.99,10000,10,16,7.36729e-16,0.00374585,0.9999999728572477,0.9387966504184616
218409.0,500,0.328914,0.171526,0.99,10000,10,13,8.36835e-15,0.00219991,0.9999999085213139,0.9530968018148016
200000.0,500,0.308561,0.113975,0.99,10000,10,11,7.19018e-17,0.00705323,0.9999999915205071,0.9160164897137539
610533.0,382,0.031137,0.438385,0.99,10000,10,17,0.00192449,1.39523e-05,0.9561309904374398,0.9962647222325508
614145.0,482,0.024488,0.445403,0.99,10000,10,10,0.00324158,7.43525e-06,0.9430651249232951,0.997273234516868
660739.0,500,0.0100661,0.619532,0.99,10000,10,16,0.00541524,2.88708e-06,0.9264116857102977,0.9983008590405738
603006.0,473,0.0140273,0.675602,0.989999,10000,10,19,0.00514898,3.10189e-06,0.928243606556628,0.9982387816716829
386899.0,500,0.273361,0.178987,0.99,10000,10,10,2.07446e-11,0.000676415,0.999995445375976,0.9739920204552526
232023.0,482,0.335472,0.159669,0.988075,10000,10,13,2.92397e-15,0.00291273,0.9999999459262541,0.9460302862709093
255944.0,500,0.225419,0.233432,0.99,10000,10,20,2.18961e-10,0.000537316,0.9999852026691596,0.9768199223469808
439910.0,426,0.0836216,0.344838,0.989611,10000,10,11,0.000433084,4.9683e-05,0.9791893296600037,0.9929513831143976
439910.0,414,0.0836216,0.344838,0.9882,10000,10,11,0.000336318,5.53941e-05,0.9816610251104376,0.9925572787234775
631024.0,443,0.0210968,0.439953,0.99,10000,10,16,0.00288724,9.05453e-06,0.9462669561628974,0.9969909253914202
614145.0,397,0.020664,0.556231,0.99,10000,10,10,0.00339172,6.9554e-06,0.9417615247452339,0.9973626907651927
214603.0,482,0.335472,0.159669,0.988075,10000,10,13,1.80443e-15,0.00315396,0.9999999575214171,0.9438398717950182
201473.0,500,0.315916,0.102465,0.99,10000,10,20,3.25055e-17,0.00862099,0.9999999942986405,0.9071507135191659
200000.0,485,0.277745,0.1,0.99,12860,10,15,1.54867e-17,0.00969216,0.9999999960646855,0.901551231597343
203645.0,500,0.335512,0.130612,0.99,10000,10,14,3.20464e-16,0.00482161,0.9999999820984917,0.930562186094319
603006.0,473,0.0140273,0.645757,0.988577,10000,10,19,0.0049405,3.50382e-06,0.929711309586819,0.9981281506470873
614145.0,460,0.024488,0.450297,0.99,10000,10,10,0.00304435,7.96741e-06,0.9448243713221136,0.9971773399071089
215723.0,487,0.36255,0.139531,0.99,10000,10,16,5.28565e-16,0.00417235,0.9999999770094584,0.935406269654091
566046.0,479,0.0185212,0.554267,0.99,10000,10,10,0.00398206,5.04913e-06,0.9368964343321236,0.9977529730753727
200000.0,485,0.337356,0.130612,0.98983,10000,10,10,1.90032e-16,0.00549701,0.9999999862147906,0.9258581764454097
200000.0,500,0.307968,0.1,0.99,12860,10,13,1.77125e-17,0.0090503,0.9999999957913779,0.9048669352958709
202691.0,489,0.307968,0.1,0.99,12860,10,15,1.65432e-17,0.00935345,0.9999999959326668,0.9032867640909478
200000.0,489,0.316891,0.171284,0.99,10000,10,16,4.79092e-15,0.0025306,0.999999930783528,0.9496949306729431
603006.0,473,0.0140273,0.645757,0.989988,10000,10,19,0.00494475,3.40576e-06,0.9296810836260967,0.9981545298701957
200371.0,500,0.302035,0.102465,0.99,10000,10,20,2.88433e-17,0.00870802,0.9999999946294041,0.906683227659761
603006.0,473,0.0140273,0.675602,0.989616,10000,10,19,0.00514769,3.1258e-06,0.9282525958657737,0.9982320067873434
606071.0,500,0.0157654,0.524802,0.99,10000,10,15,0.00423889,4.77074e-06,0.9348932415182571,0.9978157976284235
200000.0,500,0.320147,0.162696,0.99,10306,10,20,3.79867e-15,0.00270971,0.9999999383666487,0.9479451251082092
206198.0,500,0.374606,0.188063,0.99,10000,10,19,5.10043e-14,0.00161895,0.999999774158684,0.9597638222491252
215723.0,481,0.36255,0.1,0.99,14416,10,16,2.79197e-17,0.00897719,0.9999999947160905,0.9052519657195992
598813.0,482,0.024488,0.445403,0.99,10000,10,10,0.00311713,7.71169e-06,0.9441687363567687,0.9972230070219751
202691.0,489,0.307968,0.1,0.99,12280,10,15,1.58483e-17,0.00942508,0.9999999960190077,0.9029171487851743
255944.0,500,0.249971,0.177286,0.99,10000,10,20,4.73595e-14,0.00168586,0.9999997823776207,0.9589407744836803
200000.0,487,0.337356,0.130612,0.99,10000,10,17,2.18958e-16,0.00520565,0.9999999852027706,0.9278498094250611
200000.0,498,0.312902,0.182939,0.989936,10000,10,16,1.56217e-14,0.00195699,0.9999998750132006,0.9557621203039748
643568.0,500,0.0324892,0.322652,0.99,10000,10,12,0.00194505,1.32357e-05,0.9558972789955087,0.9963619098416889
610533.0,398,0.031137,0.438385,0.99,10000,10,17,0.00213569,1.24306e-05,0.9537864738415256,0.9964742943968619
215723.0,487,0.36255,0.140941,0.99,10000,10,16,5.69987e-16,0.00406241,0.9999999761255994,0.936262962102087
631024.0,339,0.0344128,0.439953,0.99,10000,10,16,0.00148966,1.80089e-05,0.9614038862059922,0.9957563105674425
200000.0,500,0.30474,0.114232,0.99,11142,10,14,8.15492e-17,0.00679246,0.9999999909695404,0.9175836181332861
216479.0,500,0.337444,0.118833,0.99,10000,10,17,1.69109e-16,0.00586708,0.9999999869958084,0.9234031332233491
203645.0,500,0.335512,0.130612,0.99,10000,10,12,2.48217e-16,0.00508567,0.999999984245096,0.9286861163587342
603006.0,500,0.0100661,0.70178,0.99,10000,10,16,0.005593,2.65046e-06,0.925213637606847,0.998371976658644
643568.0,449,0.0338871,0.322652,0.99,10000,10,10,0.00139171,1.81706e-05,0.9626943703980217,0.9957373013242783
215723.0,466,0.339302,0.159847,0.99,10000,10,12,1.38369e-15,0.00333539,0.9999999628020162,0.9422471645717719
637904.0,468,0.0338871,0.322652,0.99,10000,10,19,0.00157965,1.59245e-05,0.9602551890179359,0.9960094486596461
200000.0,500,0.328074,0.114232,0.99,11142,10,14,8.99722e-17,0.00672609,0.9999999905146323,0.917987257087694
200000.0,500,0.320147,0.109092,0.99,10000,10,16,4.82411e-17,0.00759539,0.9999999930544187,0.9128484653032433
200000.0,495,0.269496,0.124106,0.99,10000,10,19,1.73465e-16,0.00580072,0.9999999868293887,0.9238375420564698
690451.0,492,0.0100661,0.619532,0.99,10000,10,11,0.00550394,2.69061e-06,0.9258114564100359,0.9983596921020735
200000.0,487,0.337356,0.130612,0.99,10000,10,10,1.94573e-16,0.00542122,0.9999999860510573,0.9263710654701564
603006.0,492,0.0102861,0.732442,0.99,10000,10,16,0.00569112,2.43645e-06,0.9245604878064552,0.9984390868057448
603006.0,500,0.0100661,0.732442,0.99,10000,10,16,0.00575799,2.35122e-06,0.9241185793490923,0.9984666311598314
200000.0,486,0.307968,0.1,0.99,12860,10,10,1.2957e-17,0.00996556,0.9999999964004167,0.9001723485200619
614145.0,397,0.0185212,0.581688,0.99,10000,10,10,0.00363674,6.38832e-06,0.9396946105227734,0.9974724873887555
606071.0,439,0.0157654,0.659601,0.99,10000,10,14,0.00471,3.8319e-06,0.9313705602529061,0.9980424760537863
614145.0,489,0.0185212,0.554267,0.99,10000,10,10,0.00444219,4.45572e-06,0.9333502438113986,0.9978891423543972
343782.0,348,0.137527,0.344838,0.99,10000,10,10,5.29585e-07,0.000236025,0.9992722740900586,0.9846368948451167
215723.0,500,0.36255,0.1,0.99,14416,10,16,3.6736e-17,0.00829048,0.999999993938977,0.908947926986806
614145.0,397,0.020664,0.556231,0.99,10000,10,10,0.00339172,6.9554e-06,0.9417615247452339,0.9973626907651927
631024.0,443,0.0210968,0.439953,0.99,10000,10,16,0.00288724,9.05453e-06,0.9462669561628974,0.9969909253914202
200000.0,500,0.314858,0.135417,0.99,10000,10,15,3.74429e-16,0.00446886,0.9999999806498321,0.9331504674661071
282818.0,500,0.308561,0.178987,0.99,10000,10,12,1.36968e-13,0.00133994,0.9999996299081195,0.963394809111275
203645.0,500,0.335512,0.130612,0.99,10000,10,14,3.20464e-16,0.00482161,0.9999999820984917,0.930562186094319
661411.0,382,0.0454743,0.31862,0.99,10000,10,15,0.000753812,2.79006e-05,0.9725443630560134,0.9947178981456243
614145.0,397,0.0185212,0.61347,0.99,10000,10,10,0.00390203,5.54222e-06,0.9375337691228293,0.9976458079942366
215723.0,466,0.339302,0.159847,0.99,10000,10,12,1.38369e-15,0.00333539,0.9999999628020162,0.9422471645717719
206198.0,500,0.374606,0.215822,0.99,10000,10,12,1.29792e-12,0.000990749,0.9999988607370804,0.968523834413957
556228.0,326,0.0448548,0.45199,0.99,10000,10,10,0.00097061,2.7596e-05,0.9688453855745253,0.9947468104926626
661411.0,412,0.0454743,0.31862,0.99,10000,10,11,0.00108296,2.33566e-05,0.9670916423989285,0.9951671333558643
541699.0,457,0.0311186,0.447783,0.99,10000,10,14,0.00244222,1.09585e-05,0.950581177674898,0.9966896374820875
200000.0,495,0.312902,0.116774,0.989936,10000,10,19,9.2739e-17,0.00648839,0.999999990369891,0.9194494568609248
214603.0,482,0.335472,0.159669,0.988075,10000,10,13,1.80443e-15,0.00315396,0.9999999575214171,0.9438398717950182
610533.0,398,0.031137,0.438385,0.99,10000,10,17,0.00213569,1.24306e-05,0.9537864738415256,0.9964742943968619
200000.0,500,0.320147,0.109092,0.99,10000,10,16,4.82411e-17,0.00759539,0.9999999930544187,0.9128484653032433
200000.0,500,0.345128,0.110842,0.99,10000,10,15,6.46091e-17,0.00729166,0.9999999919620214,0.9146087826530152
200000.0,485,0.277745,0.1,0.99,12860,10,15,1.54867e-17,0.00969216,0.9999999960646855,0.901551231597343
669098.0,500,0.029094,0.33221,0.99,10000,10,10,0.00226438,1.12523e-05,0.9524144980062205,0.9966455551875161
200000.0,489,0.316891,0.171284,0.99,10000,10,16,4.79092e-15,0.0025306,0.999999930783528,0.9496949306729431
541699.0,457,0.0311186,0.466488,0.99,10000,10,14,0.00266583,1.00927e-05,0.9483683236762547,0.9968230989943028
439910.0,379,0.0836216,0.353217,0.9882,10000,10,14,0.000193143,6.81505e-05,0.9861024102809156,0.9917446683894588
200000.0,500,0.308561,0.113975,0.99,10000,10,11,7.19018e-17,0.00705323,0.9999999915205071,0.9160164897137539
566046.0,479,0.0185212,0.554267,0.99,10000,10,10,0.00398206,5.04913e-06,0.9368964343321236,0.9977529730753727
200000.0,498,0.312902,0.182939,0.989936,10000,10,16,1.56217e-14,0.00195699,0.9999998750132006,0.9557621203039748
614145.0,482,0.024488,0.445403,0.99,10000,10,10,0.00324158,7.43525e-06,0.9430651249232951,0.997273234516868
603006.0,473,0.0140273,0.675602,0.989999,10000,10,19,0.00514898,3.10189e-06,0.928243606556628,0.9982387816716829
660739.0,500,0.0100661,0.619532,0.99,10000,10,16,0.00541524,2.88708e-06,0.9264116857102977,0.9983008590405738
200000.0,500,0.320147,0.145565,0.99,10000,10,16,7.36729e-16,0.00374585,0.9999999728572477,0.9387966504184616
677558.0,466,0.0331769,0.322652,0.99,10000,10,19,0.00183112,1.42152e-05,0.9572084120416173,0.996229694972552
200000.0,489,0.316891,0.10985,0.99,10000,10,16,4.44285e-17,0.00784074,0.9999999933345293,0.9114520468898348
606071.0,500,0.0157654,0.524802,0.99,10000,10,15,0.00423889,4.77074e-06,0.9348932415182571,0.9978157976284235
614145.0,443,0.0185212,0.581688,0.99,10000,10,10,0.00418525,4.87111e-06,0.9353064918249134,0.9977929408707513
200000.0,500,0.364163,0.161601,0.99,10000,10,15,2.82492e-15,0.00277876,0.9999999468500235,0.9472860549759364
637904.0,476,0.0338871,0.322652,0.99,10000,10,19,0.00166495,1.51865e-05,0.9591962011572451,0.9961030139851419
201473.0,500,0.315916,0.102465,0.99,10000,10,20,3.25055e-17,0.00862099,0.9999999942986405,0.9071507135191659
255944.0,500,0.225419,0.233432,0.99,10000,10,20,2.18961e-10,0.000537316,0.9999852026691596,0.9768199223469808
603006.0,473,0.0140273,0.645757,0.988577,10000,10,19,0.0049405,3.50382e-06,0.929711309586819,0.9981281506470873
215723.0,487,0.36255,0.139531,0.99,10000,10,16,5.28565e-16,0.00417235,0.9999999770094584,0.935406269654091
614145.0,460,0.024488,0.450297,0.99,10000,10,10,0.00304435,7.96741e-06,0.9448243713221136,0.9971773399071089
694328.0,412,0.044747,0.31862,0.99,10000,10,10,0.00129916,2.22114e-05,0.9639561378318028,0.995287102801885
541699.0,445,0.0311186,0.472806,0.99,10000,10,14,0.00259394,1.03675e-05,0.9490692627188649,0.9967801397545856
203645.0,500,0.335512,0.130612,0.99,10000,10,12,2.48217e-16,0.00508567,0.999999984245096,0.9286861163587342
215723.0,487,0.36255,0.140941,0.99,10000,10,16,5.69987e-16,0.00406241,0.9999999761255994,0.936262962102087
200000.0,485,0.337356,0.130612,0.98983,10000,10,10,1.90032e-16,0.00549701,0.9999999862147906,0.9258581764454097
200000.0,500,0.307968,0.1,0.99,12860,10,13,1.77125e-17,0.0090503,0.9999999957913779,0.9048669352958709
202691.0,489,0.307968,0.1,0.99,12860,10,15,1.65432e-17,0.00935345,0.9999999959326668,0.9032867640909478
200000.0,495,0.269496,0.124106,0.99,10000,10,19,1.73465e-16,0.00580072,0.9999999868293887,0.9238375420564698
643568.0,500,0.0324892,0.322652,0.99,10000,10,12,0.00194505,1.32357e-05,0.9558972789955087,0.9963619098416889
218409.0,500,0.328914,0.171526,0.99,10000,10,13,8.36835e-15,0.00219991,0.9999999085213139,0.9530968018148016
206198.0,500,0.374606,0.116986,0.99,10000,10,17,1.37118e-16,0.00616003,0.9999999882902605,0.9215141414011415
603006.0,473,0.0140273,0.645757,0.989988,10000,10,19,0.00494475,3.40576e-06,0.9296810836260967,0.9981545298701957
200371.0,500,0.302035,0.102465,0.99,10000,10,20,2.88433e-17,0.00870802,0.9999999946294041,0.906683227659761
603006.0,473,0.0140273,0.675602,0.989616,10000,10,19,0.00514769,3.1258e-06,0.9282525958657737,0.9982320067873434
556228.0,326,0.0448548,0.402389,0.99,10000,10,10,0.000586493,4.94914e-05,0.9757823824458309,0.9929649875622001
206198.0,500,0.374606,0.188063,0.99,10000,10,19,5.10043e-14,0.00161895,0.999999774158684,0.9597638222491252
215723.0,481,0.36255,0.1,0.99,14416,10,16,2.79197e-17,0.00897719,0.9999999947160905,0.9052519657195992
598813.0,482,0.024488,0.445403,0.99,10000,10,10,0.00311713,7.71169e-06,0.9441687363567687,0.9972230070219751
202691.0,489,0.307968,0.1,0.99,12280,10,15,1.58483e-17,0.00942508,0.9999999960190077,0.9029171487851743
255944.0,500,0.249971,0.177286,0.99,10000,10,20,4.73595e-14,0.00168586,0.9999997823776207,0.9589407744836803
439910.0,426,0.0836216,0.344838,0.989611,10000,10,11,0.000433084,4.9683e-05,0.9791893296600037,0.9929513831143976
200000.0,487,0.337356,0.130612,0.99,10000,10,17,2.18958e-16,0.00520565,0.9999999852027706,0.9278498094250611
631024.0,339,0.0344128,0.439953,0.99,10000,10,16,0.00148966,1.80089e-05,0.9614038862059922,0.9957563105674425
200000.0,500,0.30474,0.114232,0.99,11142,10,14,8.15492e-17,0.00679246,0.9999999909695404,0.9175836181332861
216479.0,500,0.337444,0.118833,0.99,10000,10,17,1.69109e-16,0.00586708,0.9999999869958084,0.9234031332233491
603006.0,500,0.0100661,0.70178,0.99,10000,10,16,0.005593,2.65046e-06,0.925213637606847,0.998371976658644
643568.0,449,0.0338871,0.322652,0.99,10000,10,10,0.00139171,1.81706e-05,0.9626943703980217,0.9957373013242783
200000.0,500,0.302009,0.145565,0.99,10000,10,16,7.25286e-16,0.00378846,0.9999999730688656,0.9384495329018536
219726.0,500,0.225419,0.233432,0.99,10000,10,14,1.60588e-11,0.000759075,0.9999959926567404,0.9724486842419459
556228.0,326,0.0448548,0.40905,0.99,10000,10,10,0.000634139,4.54802e-05,0.9748178833296325,0.9932560990517357
690451.0,492,0.0100661,0.619532,0.99,10000,10,11,0.00550394,2.69061e-06,0.9258114564100359,0.9983596921020735
637904.0,468,0.0338871,0.322652,0.99,10000,10,19,0.00157965,1.59245e-05,0.9602551890179359,0.9960094486596461
200000.0,500,0.328074,0.114232,0.99,11142,10,14,8.99722e-17,0.00672609,0.9999999905146323,0.917987257087694
200000.0,486,0.307968,0.1,0.99,12860,10,10,1.2957e-17,0.00996556,0.9999999964004167,0.9001723485200619
603006.0,500,0.0100661,0.732442,0.99,10000,10,16,0.00575799,2.35122e-06,0.9241185793490923,0.9984666311598314
439910.0,379,0.0836216,0.353217,0.9882,10000,10,14,0.000193143,6.81505e-05,0.9861024102809156,0.9917446683894588
606071.0,439,0.0157654,0.659601,0.99,10000,10,14,0.00471,3.8319e-06,0.9313705602529061,0.9980424760537863
215723.0,500,0.36255,0.1,0.99,14416,10,16,3.6736e-17,0.00829048,0.999999993938977,0.908947926986806
614145.0,397,0.0185212,0.581688,0.99,10000,10,10,0.00363674,6.38832e-06,0.9396946105227734,0.9974724873887555
439910.0,426,0.0836216,0.344838,0.989611,10000,10,11,0.000433084,4.9683e-05,0.9791893296600037,0.9929513831143976
200000.0,489,0.316891,0.10985,0.99,10000,10,16,4.44285e-17,0.00784074,0.9999999933345293,0.9114520468898348
614145.0,397,0.020664,0.556231,0.99,10000,10,10,0.00339172,6.9554e-06,0.9417615247452339,0.9973626907651927
631024.0,443,0.0210968,0.439953,0.99,10000,10,16,0.00288724,9.05453e-06,0.9462669561628974,0.9969909253914202
200000.0,500,0.314858,0.135417,0.99,10000,10,15,3.74429e-16,0.00446886,0.9999999806498321,0.9331504674661071
282818.0,500,0.308561,0.178987,0.99,10000,10,12,1.36968e-13,0.00133994,0.9999996299081195,0.963394809111275
200000.0,500,0.364163,0.161601,0.99,10000,10,15,2.82492e-15,0.00277876,0.9999999468500235,0.9472860549759364
206198.0,500,0.374606,0.116986,0.99,10000,10,17,1.37118e-16,0.00616003,0.9999999882902605,0.9215141414011415
215723.0,466,0.339302,0.159847,0.99,10000,10,12,1.38369e-15,0.00333539,0.9999999628020162,0.9422471645717719
206198.0,500,0.374606,0.215822,0.99,10000,10,12,1.29792e-12,0.000990749,0.9999988607370804,0.968523834413957
200000.0,489,0.316891,0.171284,0.99,10000,10,16,4.79092e-15,0.0025306,0.999999930783528,0.9496949306729431
203645.0,500,0.335512,0.130612,0.99,10000,10,14,3.20464e-16,0.00482161,0.9999999820984917,0.930562186094319
218409.0,500,0.328914,0.171526,0.99,10000,10,13,8.36835e-15,0.00219991,0.9999999085213139,0.9530968018148016
541699.0,457,0.0311186,0.447783,0.99,10000,10,14,0.00244222,1.09585e-05,0.950581177674898,0.9966896374820875
200000.0,495,0.312902,0.116774,0.989936,10000,10,19,9.2739e-17,0.00648839,0.999999990369891,0.9194494568609248
214603.0,482,0.335472,0.159669,0.988075,10000,10,13,1.80443e-15,0.00315396,0.9999999575214171,0.9438398717950182
200000.0,500,0.320147,0.109092,0.99,10000,10,16,4.82411e-17,0.00759539,0.9999999930544187,0.9128484653032433
200000.0,500,0.345128,0.110842,0.99,10000,10,15,6.46091e-17,0.00729166,0.9999999919620214,0.9146087826530152
200000.0,500,0.307968,0.1,0.99,11211,10,10,1.47948e-17,0.00959853,0.9999999961535991,0.9020279121382013
694328.0,412,0.044747,0.31862,0.99,10000,10,10,0.00129916,2.22114e-05,0.9639561378318028,0.995287102801885
643568.0,500,0.0324892,0.322652,0.99,10000,10,12,0.00194505,1.32357e-05,0.9558972789955087,0.9963619098416889
614145.0,489,0.0185212,0.554267,0.99,10000,10,10,0.00444219,4.45572e-06,0.9333502438113986,0.9978891423543972
200000.0,498,0.312902,0.182939,0.989936,10000,10,16,1.56217e-14,0.00195699,0.9999998750132006,0.9557621203039748
652259.0,412,0.0454743,0.31862,0.99,10000,10,11,0.00102201,2.37857e-05,0.9680311088712793,0.9951229414602653
541699.0,457,0.0311186,0.466488,0.99,10000,10,14,0.00266583,1.00927e-05,0.9483683236762547,0.9968230989943028
343782.0,348,0.137527,0.344838,0.99,10000,10,10,5.29585e-07,0.000236025,0.9992722740900586,0.9846368948451167
200000.0,500,0.308561,0.113975,0.99,10000,10,11,7.19018e-17,0.00705323,0.9999999915205071,0.9160164897137539
677558.0,466,0.0331769,0.322652,0.99,10000,10,19,0.00183112,1.42152e-05,0.9572084120416173,0.996229694972552
661411.0,412,0.0454743,0.31862,0.99,10000,10,11,0.00108296,2.33566e-05,0.9670916423989285,0.9951671333558643
661411.0,382,0.0454743,0.321323,0.99,10000,10,15,0.00078869,2.71829e-05,0.9719163748778759,0.9947862777212437
614145.0,482,0.024488,0.445403,0.99,10000,10,10,0.00324158,7.43525e-06,0.9430651249232951,0.997273234516868
660739.0,476,0.0100661,0.640887,0.99,10000,10,16,0.00535548,3.04149e-06,0.9268188548873414,0.9982560131881233
605069.0,397,0.0185212,0.61347,0.99,10000,10,10,0.00383718,5.74962e-06,0.9380550244168262,0.9976021634751301
219726.0,500,0.225419,0.233432,0.99,10000,10,14,1.60588e-11,0.000759075,0.9999959926567404,0.9724486842419459
200000.0,500,0.320147,0.145565,0.99,10000,10,16,7.36729e-16,0.00374585,0.9999999728572477,0.9387966504184616
614145.0,443,0.0185212,0.581688,0.99,10000,10,10,0.00418525,4.87111e-06,0.9353064918249134,0.9977929408707513
603006.0,500,0.0100661,0.70178,0.99,10000,10,16,0.005593,2.65046e-06,0.925213637606847,0.998371976658644
637904.0,476,0.0338871,0.322652,0.99,10000,10,19,0.00166495,1.51865e-05,0.9591962011572451,0.9961030139851419
201473.0,500,0.315916,0.102465,0.99,10000,10,20,3.25055e-17,0.00862099,0.9999999942986405,0.9071507135191659
200000.0,487,0.337356,0.130612,0.99,10000,10,17,2.18958e-16,0.00520565,0.9999999852027706,0.9278498094250611
603006.0,473,0.0140273,0.645757,0.988577,10000,10,19,0.0049405,3.50382e-06,0.929711309586819,0.9981281506470873
215723.0,487,0.36255,0.139531,0.99,10000,10,16,5.28565e-16,0.00417235,0.9999999770094584,0.935406269654091
610533.0,398,0.031137,0.438385,0.99,10000,10,17,0.00213569,1.24306e-05,0.9537864738415256,0.9964742943968619
614145.0,460,0.024488,0.450297,0.99,10000,10,10,0.00304435,7.96741e-06,0.9448243713221136,0.9971773399071089
541699.0,445,0.0311186,0.472806,0.99,10000,10,14,0.00259394,1.03675e-05,0.9490692627188649,0.9967801397545856
606071.0,500,0.0157654,0.524802,0.99,10000,10,15,0.00423889,4.77074e-06,0.9348932415182571,0.9978157976284235
215723.0,487,0.36255,0.140941,0.99,10000,10,16,5.69987e-16,0.00406241,0.9999999761255994,0.936262962102087
200000.0,500,0.307968,0.1,0.99,12860,10,13,1.77125e-17,0.0090503,0.9999999957913779,0.9048669352958709
202691.0,489,0.307968,0.1,0.99,12860,10,15,1.65432e-17,0.00935345,0.9999999959326668,0.9032867640909478
200000.0,495,0.269496,0.124106,0.99,10000,10,19,1.73465e-16,0.00580072,0.9999999868293887,0.9238375420564698
603006.0,473,0.0140273,0.675602,0.989999,10000,10,19,0.00514898,3.10189e-06,0.928243606556628,0.9982387816716829
216479.0,500,0.337444,0.118833,0.99,10000,10,17,1.69109e-16,0.00586708,0.9999999869958084,0.9234031332233491
603006.0,473,0.0140273,0.645757,0.989988,10000,10,19,0.00494475,3.40576e-06,0.9296810836260967,0.9981545298701957
200371.0,500,0.302035,0.102465,0.99,10000,10,20,2.88433e-17,0.00870802,0.9999999946294041,0.906683227659761
603006.0,473,0.0140273,0.675602,0.989616,10000,10,19,0.00514769,3.1258e-06,0.9282525958657737,0.9982320067873434
556228.0,326,0.0448548,0.402389,0.99,10000,10,10,0.000586493,4.94914e-05,0.9757823824458309,0.9929649875622001
631024.0,443,0.0186416,0.590914,0.99,10000,10,15,0.0044085,4.59995e-06,0.933603463945775,0.9978552505973891
566046.0,479,0.0185212,0.554267,0.99,10000,10,10,0.00398206,5.04913e-06,0.9368964343321236,0.9977529730753727
206198.0,500,0.374606,0.188063,0.99,10000,10,19,5.10043e-14,0.00161895,0.999999774158684,0.9597638222491252
215723.0,481,0.36255,0.1,0.99,14416,10,16,2.79197e-17,0.00897719,0.9999999947160905,0.9052519657195992
643568.0,449,0.0338871,0.322652,0.99,10000,10,10,0.00139171,1.81706e-05,0.9626943703980217,0.9957373013242783
631024.0,339,0.0344128,0.439953,0.99,10000,10,16,0.00148966,1.80089e-05,0.9614038862059922,0.9957563105674425
200000.0,500,0.30474,0.114232,0.99,11142,10,14,8.15492e-17,0.00679246,0.9999999909695404,0.9175836181332861
200000.0,500,0.302009,0.145565,0.99,10000,10,16,7.25286e-16,0.00378846,0.9999999730688656,0.9384495329018536
556228.0,326,0.0448548,0.40905,0.99,10000,10,10,0.000634139,4.54802e-05,0.9748178833296325,0.9932560990517357
669098.0,500,0.029094,0.33221,0.99,10000,10,10,0.00226438,1.12523e-05,0.9524144980062205,0.9966455551875161
690451.0,492,0.0100661,0.619532,0.99,10000,10,11,0.00550394,2.69061e-06,0.9258114564100359,0.9983596921020735
637904.0,468,0.0338871,0.322652,0.99,10000,10,19,0.00157965,1.59245e-05,0.9602551890179359,0.9960094486596461
255944.0,500,0.225419,0.233432,0.99,10000,10,20,2.18961e-10,0.000537316,0.9999852026691596,0.9768199223469808
200000.0,500,0.328074,0.114232,0.99,11142,10,14,8.99722e-17,0.00672609,0.9999999905146323,0.917987257087694
200000.0,485,0.337356,0.130612,0.98983,10000,10,10,1.90032e-16,0.00549701,0.9999999862147906,0.9258581764454097
200000.0,485,0.337356,0.130612,0.98983,10000,10,10,1.90032e-16,0.00549701,0.9999999862147906,0.9258581764454097
603006.0,500,0.0100661,0.732442,0.99,10000,10,14,0.0057567,2.35362e-06,0.9241270799296614,0.9984658487688627
661411.0,382,0.0454743,0.31862,0.99,10000,10,15,0.000753812,2.79006e-05,0.9725443630560134,0.9947178981456243
603006.0,500,0.0100661,0.732442,0.99,10000,10,16,0.00575799,2.35122e-06,0.9241185793490923,0.9984666311598314
200000.0,486,0.307968,0.1,0.99,12860,10,10,1.2957e-17,0.00996556,0.9999999964004167,0.9001723485200619
439910.0,426,0.0836216,0.314657,0.98994,10000,10,11,0.000185817,6.4401e-05,0.9863685290595622,0.991974976635548
343782.0,348,0.137527,0.344838,0.99,10000,10,10,5.29585e-07,0.000236025,0.9992722740900586,0.9846368948451167
215723.0,500,0.36255,0.1,0.99,14416,10,16,3.6736e-17,0.00829048,0.999999993938977,0.908947926986806
614145.0,397,0.0185212,0.581688,0.99,10000,10,10,0.00363674,6.38832e-06,0.9396946105227734,0.9974724873887555
203645.0,500,0.335512,0.130612,0.99,10000,10,14,3.20464e-16,0.00482161,0.9999999820984917,0.930562186094319
439910.0,426,0.0836216,0.344838,0.989611,10000,10,11,0.000433084,4.9683e-05,0.9791893296600037,0.9929513831143976
200000.0,489,0.316891,0.10985,0.99,10000,10,16,4.44285e-17,0.00784074,0.9999999933345293,0.9114520468898348
614145.0,397,0.020664,0.556231,0.99,10000,10,10,0.00339172,6.9554e-06,0.9417615247452339,0.9973626907651927
606071.0,439,0.0157654,0.659601,0.99,10000,10,14,0.00471,3.8319e-06,0.9313705602529061,0.9980424760537863
631024.0,443,0.0210968,0.439953,0.99,10000,10,16,0.00288724,9.05453e-06,0.9462669561628974,0.9969909253914202
200000.0,500,0.314858,0.135417,0.99,10000,10,15,3.74429e-16,0.00446886,0.9999999806498321,0.9331504674661071
282818.0,500,0.308561,0.178987,0.99,10000,10,12,1.36968e-13,0.00133994,0.9999996299081195,0.963394809111275
200000.0,500,0.364163,0.161601,0.99,10000,10,15,2.82492e-15,0.00277876,0.9999999468500235,0.9472860549759364
206198.0,500,0.374606,0.116986,0.99,10000,10,17,1.37118e-16,0.00616003,0.9999999882902605,0.9215141414011415
614145.0,460,0.024488,0.450297,0.99,10000,10,10,0.00304435,7.96741e-06,0.9448243713221136,0.9971773399071089
566046.0,479,0.0185212,0.554267,0.99,10000,10,10,0.00398206,5.04913e-06,0.9368964343321236,0.9977529730753727
614145.0,482,0.024488,0.445403,0.99,10000,10,10,0.00324158,7.43525e-06,0.9430651249232951,0.997273234516868
605069.0,397,0.0185212,0.61347,0.99,10000,10,10,0.00383718,5.74962e-06,0.9380550244168262,0.9976021634751301
215723.0,466,0.339302,0.159847,0.99,10000,10,12,1.38369e-15,0.00333539,0.9999999628020162,0.9422471645717719
660739.0,476,0.0100661,0.640887,0.99,10000,10,16,0.00535548,3.04149e-06,0.9268188548873414,0.9982560131881233
200000.0,498,0.312902,0.182939,0.989936,10000,10,16,1.56217e-14,0.00195699,0.9999998750132006,0.9557621203039748
206198.0,500,0.374606,0.215822,0.99,10000,10,12,1.29792e-12,0.000990749,0.9999988607370804,0.968523834413957
541699.0,457,0.0311186,0.447783,0.99,10000,10,14,0.00244222,1.09585e-05,0.950581177674898,0.9966896374820875
200000.0,495,0.312902,0.116774,0.989936,10000,10,19,9.2739e-17,0.00648839,0.999999990369891,0.9194494568609248
214603.0,482,0.335472,0.159669,0.988075,10000,10,13,1.80443e-15,0.00315396,0.9999999575214171,0.9438398717950182
610533.0,398,0.031137,0.438385,0.99,10000,10,17,0.00213569,1.24306e-05,0.9537864738415256,0.9964742943968619
643568.0,500,0.0324892,0.281975,0.99,10000,10,14,0.00129217,2.12763e-05,0.964053233803303,0.9953873760179265
669098.0,500,0.029094,0.33221,0.99,10000,10,10,0.00226438,1.12523e-05,0.9524144980062205,0.9966455551875161
643568.0,500,0.0324892,0.322652,0.99,10000,10,12,0.00194505,1.32357e-05,0.9558972789955087,0.9963619098416889
541699.0,457,0.0311186,0.466488,0.99,10000,10,14,0.00266583,1.00927e-05,0.9483683236762547,0.9968230989943028
200000.0,500,0.307968,0.1,0.99,11211,10,10,1.47948e-17,0.00959853,0.9999999961535991,0.9020279121382013
661411.0,412,0.0454743,0.31862,0.99,10000,10,11,0.00108296,2.33566e-05,0.9670916423989285,0.9951671333558643
569707.0,439,0.0157654,0.66155,0.99,10000,10,14,0.00447072,4.38834e-06,0.9331365570733903,0.9979051634908662
200000.0,500,0.320147,0.145565,0.99,10000,10,16,7.36729e-16,0.00374585,0.9999999728572477,0.9387966504184616
614145.0,443,0.0185212,0.581688,0.99,10000,10,10,0.00418525,4.87111e-06,0.9353064918249134,0.9977929408707513
202691.0,489,0.307968,0.1,0.99,12860,10,15,1.65432e-17,0.00935345,0.9999999959326668,0.9032867640909478
637904.0,476,0.0338871,0.322652,0.99,10000,10,19,0.00166495,1.51865e-05,0.9591962011572451,0.9961030139851419
201473.0,500,0.315916,0.102465,0.99,10000,10,20,3.25055e-17,0.00862099,0.9999999942986405,0.9071507135191659
218409.0,500,0.328914,0.171526,0.99,10000,10,13,8.36835e-15,0.00219991,0.9999999085213139,0.9530968018148016
200000.0,500,0.320147,0.109092,0.99,10000,10,16,4.82411e-17,0.00759539,0.9999999930544187,0.9128484653032433
652259.0,364,0.0454743,0.348611,0.99,10000,10,11,0.000868493,2.61078e-05,0.9705297947071962,0.9948904207609628
215723.0,487,0.36255,0.139531,0.99,10000,10,16,5.28565e-16,0.00417235,0.9999999770094584,0.935406269654091
200000.0,489,0.316891,0.171284,0.99,10000,10,16,4.79092e-15,0.0025306,0.999999930783528,0.9496949306729431
200000.0,500,0.308561,0.113975,0.99,10000,10,11,7.19018e-17,0.00705323,0.9999999915205071,0.9160164897137539
606071.0,439,0.0157654,0.679267,0.99,10000,10,14,0.00485019,3.6304e-06,0.9303566945069377,0.9980946391417896
541699.0,445,0.0311186,0.472806,0.99,10000,10,14,0.00259394,1.03675e-05,0.9490692627188649,0.9967801397545856
215723.0,487,0.36255,0.140941,0.99,10000,10,16,5.69987e-16,0.00406241,0.9999999761255994,0.936262962102087
606071.0,500,0.0157654,0.524802,0.99,10000,10,15,0.00423889,4.77074e-06,0.9348932415182571,0.9978157976284235
203645.0,490,0.343863,0.130612,0.99,10000,10,13,2.37924e-16,0.00517926,0.9999999845752148,0.9280329241944624
219726.0,500,0.225419,0.233432,0.99,10000,10,14,1.60588e-11,0.000759075,0.9999959926567404,0.9724486842419459
200000.0,500,0.307968,0.1,0.99,12860,10,13,1.77125e-17,0.0090503,0.9999999957913779,0.9048669352958709
652259.0,412,0.0454743,0.31862,0.99,10000,10,11,0.00102201,2.37857e-05,0.9680311088712793,0.9951229414602653
255944.0,500,0.225419,0.233432,0.99,10000,10,20,2.18961e-10,0.000537316,0.9999852026691596,0.9768199223469808
200000.0,495,0.269496,0.124106,0.99,10000,10,19,1.73465e-16,0.00580072,0.9999999868293887,0.9238375420564698
603006.0,473,0.0140273,0.675602,0.989999,10000,10,19,0.00514898,3.10189e-06,0.928243606556628,0.9982387816716829
216479.0,500,0.337444,0.118833,0.99,10000,10,17,1.69109e-16,0.00586708,0.9999999869958084,0.9234031332233491
603006.0,473,0.0140273,0.645757,0.989988,10000,10,19,0.00494475,3.40576e-06,0.9296810836260967,0.9981545298701957
200371.0,500,0.302035,0.102465,0.99,10000,10,20,2.88433e-17,0.00870802,0.9999999946294041,0.906683227659761
603006.0,473,0.0140273,0.675602,0.989616,10000,10,19,0.00514769,3.1258e-06,0.9282525958657737,0.9982320067873434
556228.0,326,0.0448548,0.402389,0.99,10000,10,10,0.000586493,4.94914e-05,0.9757823824458309,0.9929649875622001
631024.0,443,0.0186416,0.590914,0.99,10000,10,15,0.0044085,4.59995e-06,0.933603463945775,0.9978552505973891
643568.0,449,0.0338871,0.322652,0.99,10000,10,10,0.00139171,1.81706e-05,0.9626943703980217,0.9957373013242783
215723.0,481,0.36255,0.1,0.99,14416,10,16,2.79197e-17,0.00897719,0.9999999947160905,0.9052519657195992
206198.0,500,0.374606,0.188063,0.99,10000,10,19,5.10043e-14,0.00161895,0.999999774158684,0.9597638222491252
200000.0,500,0.316891,0.171284,0.99,10000,10,16,6.05536e-15,0.00237379,0.9999999221838063,0.9512784441956129
200000.0,500,0.30474,0.114232,0.99,11142,10,14,8.15492e-17,0.00679246,0.9999999909695404,0.9175836181332861
200000.0,487,0.337356,0.130612,0.99,10000,10,17,2.18958e-16,0.00520565,0.9999999852027706,0.9278498094250611
200000.0,498,0.320147,0.145565,0.99,10000,10,16,7.15527e-16,0.00378463,0.9999999732506636,0.9384806534495042
556228.0,326,0.0448548,0.40905,0.99,10000,10,10,0.000634139,4.54802e-05,0.9748178833296325,0.9932560990517357
200000.0,500,0.328074,0.114232,0.99,11142,10,14,8.99722e-17,0.00672609,0.9999999905146323,0.917987257087694
200000.0,500,0.347265,0.109092,0.99,10000,10,18,6.10732e-17,0.00742747,0.9999999921850656,0.913817229100011
200000.0,485,0.337356,0.130612,0.98983,10000,10,10,1.90032e-16,0.00549701,0.9999999862147906,0.9258581764454097
200000.0,485,0.337356,0.130612,0.98983,10000,10,10,1.90032e-16,0.00549701,0.9999999862147906,0.9258581764454097
677558.0,466,0.0331769,0.322652,0.99,10000,10,13,0.00182038,1.42163e-05,0.9573340885483504,0.9962295490985825
661411.0,382,0.0454743,0.31862,0.99,10000,10,15,0.000753812,2.79006e-05,0.9725443630560134,0.9947178981456243
603006.0,500,0.01,0.711084,0.99,10000,10,16,0.0056456,2.5616e-06,0.9248627921732515,0.9983995000781006
206198.0,500,0.374606,0.188063,0.99,10000,10,19,5.10043e-14,0.00161895,0.999999774158684,0.9597638222491252
637904.0,468,0.0338871,0.322652,0.99,10000,10,19,0.00157965,1.59245e-05,0.9602551890179359,0.9960094486596461
200000.0,486,0.307968,0.1,0.99,12860,10,10,1.2957e-17,0.00996556,0.9999999964004167,0.9001723485200619
603006.0,500,0.0100661,0.732442,0.99,10000,10,16,0.00575799,2.35122e-06,0.9241185793490923,0.9984666311598314
215723.0,500,0.36255,0.1,0.99,14416,10,16,3.6736e-17,0.00829048,0.999999993938977,0.908947926986806
660739.0,476,0.0100661,0.640887,0.99,10000,10,16,0.00535548,3.04149e-06,0.9268188548873414,0.9982560131881233
203645.0,500,0.335512,0.130612,0.99,10000,10,14,3.20464e-16,0.00482161,0.9999999820984917,0.930562186094319
200000.0,489,0.316891,0.10985,0.99,10000,10,16,4.44285e-17,0.00784074,0.9999999933345293,0.9114520468898348
614145.0,397,0.020664,0.556231,0.99,10000,10,10,0.00339172,6.9554e-06,0.9417615247452339,0.9973626907651927
606071.0,439,0.0157654,0.659601,0.99,10000,10,14,0.00471,3.8319e-06,0.9313705602529061,0.9980424760537863
200000.0,500,0.314858,0.135417,0.99,10000,10,15,3.74429e-16,0.00446886,0.9999999806498321,0.9331504674661071
200000.0,500,0.364163,0.161601,0.99,10000,10,15,2.82492e-15,0.00277876,0.9999999468500235,0.9472860549759364
206198.0,500,0.374606,0.116986,0.99,10000,10,17,1.37118e-16,0.00616003,0.9999999882902605,0.9215141414011415
614145.0,460,0.024488,0.450297,0.99,10000,10,10,0.00304435,7.96741e-06,0.9448243713221136,0.9971773399071089
200000.0,500,0.307968,0.1,0.99,11211,10,10,1.47948e-17,0.00959853,0.9999999961535991,0.9020279121382013
614145.0,482,0.024488,0.445403,0.99,10000,10,10,0.00324158,7.43525e-06,0.9430651249232951,0.997273234516868
605069.0,397,0.0185212,0.61347,0.99,10000,10,10,0.00383718,5.74962e-06,0.9380550244168262,0.9976021634751301
215723.0,466,0.339302,0.159847,0.99,10000,10,12,1.38369e-15,0.00333539,0.9999999628020162,0.9422471645717719
541699.0,457,0.0311186,0.447783,0.99,10000,10,14,0.00244222,1.09585e-05,0.950581177674898,0.9966896374820875
200000.0,495,0.312902,0.116774,0.989936,10000,10,19,9.2739e-17,0.00648839,0.999999990369891,0.9194494568609248
214603.0,482,0.335472,0.159669,0.988075,10000,10,13,1.80443e-15,0.00315396,0.9999999575214171,0.9438398717950182
610533.0,398,0.031137,0.438385,0.99,10000,10,17,0.00213569,1.24306e-05,0.9537864738415256,0.9964742943968619
637904.0,468,0.0338871,0.322652,0.99,10000,10,19,0.00157965,1.59245e-05,0.9602551890179359,0.9960094486596461
202691.0,489,0.307968,0.1,0.99,12860,10,15,1.65432e-17,0.00935345,0.9999999959326668,0.9032867640909478
643568.0,500,0.0324892,0.322652,0.99,10000,10,12,0.00194505,1.32357e-05,0.9558972789955087,0.9963619098416889
200000.0,498,0.312902,0.182939,0.989936,10000,10,16,1.56217e-14,0.00195699,0.9999998750132006,0.9557621203039748
200000.0,500,0.347265,0.109092,0.99,10000,10,18,6.10732e-17,0.00742747,0.9999999921850656,0.913817229100011
566046.0,479,0.0185212,0.554267,0.99,10000,10,10,0.00398206,5.04913e-06,0.9368964343321236,0.9977529730753727
439910.0,426,0.0836216,0.314657,0.98994,10000,10,11,0.000185817,6.4401e-05,0.9863685290595622,0.991974976635548
669098.0,500,0.029094,0.33221,0.99,10000,10,10,0.00226438,1.12523e-05,0.9524144980062205,0.9966455551875161
255944.0,500,0.225419,0.233432,0.99,10000,10,20,2.18961e-10,0.000537316,0.9999852026691596,0.9768199223469808
569707.0,439,0.0157654,0.66155,0.99,10000,10,14,0.00447072,4.38834e-06,0.9331365570733903,0.9979051634908662
603006.0,473,0.0140273,0.645757,0.989988,10000,10,19,0.00494475,3.40576e-06,0.9296810836260967,0.9981545298701957
643568.0,500,0.0324892,0.281975,0.99,10000,10,12,0.00129056,2.072e-05,0.9640756350090917,0.9954480773293036
439910.0,426,0.0836216,0.344838,0.989611,10000,10,11,0.000433084,4.9683e-05,0.9791893296600037,0.9929513831143976
706493.0,449,0.0338871,0.295369,0.99,10000,10,11,0.00134934,1.77093e-05,0.9632666364186453,0.9957917580868015
720349.0,463,0.01,0.640887,0.99,10000,10,16,0.00556175,2.6254e-06,0.9254228587300372,0.9983796913874203
527217.0,309,0.0521378,0.344838,0.99,10000,11,10,6.84554e-05,0.000201206,0.9917262221446307,0.9858152899218913
677558.0,466,0.0331769,0.322652,0.99,10000,10,13,0.00182038,1.42163e-05,0.9573340885483504,0.9962295490985825
200000.0,500,0.308561,0.113975,0.99,10000,10,11,7.19018e-17,0.00705323,0.9999999915205071,0.9160164897137539
652259.0,364,0.0454743,0.348611,0.99,10000,10,11,0.000868493,2.61078e-05,0.9705297947071962,0.9948904207609628
661411.0,412,0.0379949,0.31862,0.99,10000,10,12,0.00105468,2.23919e-05,0.9675241628283426,0.9952679919695757
541699.0,457,0.0311186,0.466488,0.99,10000,10,14,0.00266583,1.00927e-05,0.9483683236762547,0.9968230989943028
343782.0,348,0.137527,0.344838,0.99,10000,10,10,5.29585e-07,0.000236025,0.9992722740900586,0.9846368948451167
200000.0,500,0.320147,0.145565,0.99,10000,10,16,7.36729e-16,0.00374585,0.9999999728572477,0.9387966504184616
439910.0,426,0.0727549,0.330888,0.989983,10000,10,11,0.000295438,5.95e-05,0.9828116900190856,0.9922863756897292
661411.0,382,0.0454743,0.31862,0.99,10000,10,15,0.000753812,2.79006e-05,0.9725443630560134,0.9947178981456243
614145.0,397,0.0185212,0.581688,0.99,10000,10,10,0.00363674,6.38832e-06,0.9396946105227734,0.9974724873887555
637904.0,476,0.0338871,0.322652,0.99,10000,10,19,0.00166495,1.51865e-05,0.9591962011572451,0.9961030139851419
201473.0,500,0.315916,0.102465,0.99,10000,10,20,3.25055e-17,0.00862099,0.9999999942986405,0.9071507135191659
200000.0,500,0.320147,0.109092,0.99,10000,10,16,4.82411e-17,0.00759539,0.9999999930544187,0.9128484653032433
606071.0,439,0.0157654,0.679267,0.99,10000,10,14,0.00485019,3.6304e-06,0.9303566945069377,0.9980946391417896
215723.0,487,0.36255,0.139531,0.99,10000,10,16,5.28565e-16,0.00417235,0.9999999770094584,0.935406269654091
631024.0,443,0.0186416,0.590914,0.99,10000,10,15,0.0044085,4.59995e-06,0.933603463945775,0.9978552505973891
541699.0,445,0.0311186,0.472806,0.99,10000,10,14,0.00259394,1.03675e-05,0.9490692627188649,0.9967801397545856
215723.0,487,0.36255,0.140941,0.99,10000,10,16,5.69987e-16,0.00406241,0.9999999761255994,0.936262962102087
606071.0,500,0.0157654,0.524802,0.99,10000,10,15,0.00423889,4.77074e-06,0.9348932415182571,0.9978157976284235
589997.0,457,0.0311186,0.447783,0.99,10000,10,16,0.00286326,9.93602e-06,0.9464905615802222,0.9968478546987806
203645.0,490,0.343863,0.130612,0.99,10000,10,13,2.37924e-16,0.00517926,0.9999999845752148,0.9280329241944624
200000.0,500,0.307968,0.1,0.99,12860,10,13,1.77125e-17,0.0090503,0.9999999957913779,0.9048669352958709
200000.0,495,0.269496,0.124106,0.99,10000,10,19,1.73465e-16,0.00580072,0.9999999868293887,0.9238375420564698
603006.0,473,0.0140273,0.675602,0.989999,10000,10,19,0.00514898,3.10189e-06,0.928243606556628,0.9982387816716829
216479.0,500,0.337444,0.118833,0.99,10000,10,17,1.69109e-16,0.00586708,0.9999999869958084,0.9234031332233491
200371.0,500,0.302035,0.102465,0.99,10000,10,20,2.88433e-17,0.00870802,0.9999999946294041,0.906683227659761
556228.0,326,0.0448548,0.402389,0.99,10000,10,10,0.000586493,4.94914e-05,0.9757823824458309,0.9929649875622001
605069.0,397,0.0185212,0.652524,0.99,10000,10,10,0.00414812,5.00195e-06,0.9355940996491781,0.9977634960317495
603006.0,473,0.0140273,0.675602,0.989616,10000,10,19,0.00514769,3.1258e-06,0.9282525958657737,0.9982320067873434
206198.0,484,0.328168,0.215822,0.99,10000,10,12,4.13472e-13,0.00119378,0.9999993569821153,0.9654488784552513
614145.0,397,0.0185212,0.581688,0.99,10000,10,10,0.00363674,6.38832e-06,0.9396946105227734,0.9974724873887555
215723.0,481,0.36255,0.1,0.99,14416,10,16,2.79197e-17,0.00897719,0.9999999947160905,0.9052519657195992
603006.0,500,0.01,0.711084,0.99,10000,10,16,0.0056456,2.5616e-06,0.9248627921732515,0.9983995000781006
206198.0,500,0.374606,0.188063,0.99,10000,10,19,5.10043e-14,0.00161895,0.999999774158684,0.9597638222491252
200000.0,500,0.316891,0.171284,0.99,10000,10,16,6.05536e-15,0.00237379,0.9999999221838063,0.9512784441956129
652259.0,412,0.0454743,0.31862,0.99,10000,10,11,0.00102201,2.37857e-05,0.9680311088712793,0.9951229414602653
219726.0,500,0.225419,0.233432,0.99,10000,10,14,1.60588e-11,0.000759075,0.9999959926567404,0.9724486842419459
200000.0,487,0.337356,0.130612,0.99,10000,10,17,2.18958e-16,0.00520565,0.9999999852027706,0.9278498094250611
200000.0,498,0.320147,0.145565,0.99,10000,10,16,7.15527e-16,0.00378463,0.9999999732506636,0.9384806534495042
631024.0,443,0.0210968,0.439953,0.99,10000,10,16,0.00288724,9.05453e-06,0.9462669561628974,0.9969909253914202
556228.0,326,0.0448548,0.40905,0.99,10000,10,10,0.000634139,4.54802e-05,0.9748178833296325,0.9932560990517357
282818.0,500,0.308561,0.178987,0.99,10000,10,12,1.36968e-13,0.00133994,0.9999996299081195,0.963394809111275
200000.0,500,0.328074,0.114232,0.99,11142,10,14,8.99722e-17,0.00672609,0.9999999905146323,0.917987257087694
200000.0,485,0.337356,0.130612,0.98983,10000,10,10,1.90032e-16,0.00549701,0.9999999862147906,0.9258581764454097
