P_H,t_ads,alpha,v_0,beta,P_L,t_depres,t_pres,Obj1,Obj2,Pu,Rec
501048.0,435,0.0805396,0.62409,0.0571578,55170,49,47,0.00516741,0.00795033,0.9281153006544508,0.9108353769704598
699315.0,491,0.959952,0.164633,0.0365131,19202,37,43,0.00351467,0.861865,0.9407153476859313,0.07163315440500573
460078.0,239,0.105534,0.208347,0.711955,117430,40,45,0.00504194,0.0103487,0.9289933805902576,0.8982714396051925
641075.0,471,0.458955,0.713082,0.349215,56497,13,41,0.00577269,0.0933218,0.9240217794364727,0.694513830100281
483626.0,133,0.820285,0.314042,0.282318,153998,48,39,2.93286e-09,0.375472,0.9999458441138933,0.38724229910999897
330418.0,329,0.345775,0.305116,0.674341,90754,45,28,0.00114389,0.0182501,0.9661785570976045,0.864907069022839
794178.0,15,0.909414,0.12078,0.774072,43227,38,17,2.96069e-13,0.695289,0.9999994558777711,0.1661600873069219
391047.0,99,0.534559,0.344711,0.175442,125759,32,20,1.96104e-07,0.24499,0.9995571636871258,0.5050353547979411
873042.0,97,0.415834,0.312906,0.627727,105397,34,49,9.62465e-09,0.0547331,0.9999018946994297,0.7660489367410355
512779.0,72,0.813002,0.352718,0.256503,160910,23,17,2.8941e-11,0.420787,0.9999946203159944,0.3513190306475763
389876.0,466,0.634001,0.411712,0.744517,61464,30,36,0.00578886,0.0320776,0.9239154417769282,0.8208977945417757
865783.0,408,0.479911,0.614767,0.654571,168865,33,12,0.00826906,0.0300671,0.9090656280606723,0.8266013264179913
834660.0,117,0.929223,0.125423,0.877162,48579,50,24,7.20819e-22,0.110808,0.9999999999731519,0.6671216438396752
999837.0,89,0.678156,0.613216,0.584614,51840,21,29,0.000259521,0.0941899,0.9838903445102013,0.6930962691657203
712427.0,168,0.0388615,0.409449,0.687963,70777,14,29,0.00481472,0.00358474,0.9306118165679487,0.9401273017143874
360916.0,346,0.946779,0.693151,0.0796793,118751,21,30,0.00488729,0.76342,0.9300908446625193,0.12626090850872418
511954.0,460,0.661038,0.394669,0.937158,164348,43,11,0.00921205,0.00324747,0.9040205751215398,0.9430134226330446
609804.0,28,0.461679,0.366979,0.624836,97528,19,22,4.84495e-10,0.199126,0.9999779887528749,0.5537646360943589
905496.0,116,0.523587,0.732794,0.849088,189073,16,26,0.00761872,0.00996903,0.9127147205996338,0.9001549700786263
998893.0,99,0.428539,0.282029,0.329256,29845,14,17,5.52333e-16,0.142951,0.9999999764982341,0.6219113860481911
241296.0,441,0.332247,0.559649,0.549303,183036,27,27,0.00836082,0.0235647,0.9085624803486009,0.8464920197514149
801165.0,224,0.687495,0.281867,0.0879523,64525,48,44,0.00042493,0.4162,0.9793861696912001,0.35486435534842753
221013.0,230,0.129534,0.259756,0.803652,77601,45,17,0.00495647,0.00922563,0.9295977983298818,0.9039498568454997
670208.0,42,0.682376,0.645324,0.982743,73770,19,40,100000.0,100000.0,-315.22776601683796,-315.22776601683796
893157.0,376,0.502643,0.504015,0.296217,107618,12,26,0.00533308,0.130968,0.9269720601413405,0.6381049875999947
891205.0,410,0.649166,0.271083,0.985714,103994,36,43,0.00895103,0.000987991,0.9053901167953369,0.9685676758733943
385740.0,421,0.137045,0.576101,0.963031,83084,10,34,0.0070295,0.000167272,0.9161578864770216,0.9870666323024512
725596.0,11,0.586163,0.213669,0.121135,32479,41,42,2.96264e-12,0.761872,0.9999982787678832,0.12714720599633755
242676.0,31,0.186866,0.434718,0.484089,160257,25,24,0.00660917,0.0518502,0.918703198094882,0.7722936101028344
773503.0,94,0.181462,0.285051,0.977478,26927,44,25,6.7753200000000015e-18,0.0286414,0.9999999973970555,0.8307622973448292
414570.0,395,0.213357,0.792282,0.440782,49817,47,14,0.00460906,0.0165446,0.9321099418176712,0.8713741861055877
592100.0,36,0.360298,0.258284,0.778719,83891,17,39,2.52401e-09,0.168005,0.9999497604737283,0.5901158700315418
228873.0,264,0.373586,0.626288,0.276688,29538,25,38,100000.0,100000.0,-315.22776601683796,-315.22776601683796
674462.0,453,0.0952692,0.423038,0.377054,104768,48,30,0.00605761,0.00550614,0.9221693505102264,0.9257966308042552
758843.0,411,0.309389,0.584278,0.51488,101420,38,30,0.00673381,0.0251854,0.917940204728503,0.8413009136762282
716306.0,422,0.648338,0.427215,0.264747,160150,16,41,0.00524837,0.234574,0.92755436521087,0.5156715990157092
812887.0,51,0.20598,0.314444,0.539358,182910,25,43,0.00185495,0.0579077,0.9569308695235207,0.7593598121676265
413429.0,481,0.886664,0.741942,0.738877,166769,28,36,0.00846561,0.0566957,0.907991250416061,0.7618914113266806
481287.0,28,0.444973,0.433692,0.812974,96179,19,29,1.57968e-07,0.12095,0.9996025481161197,0.6522213347544159
887239.0,320,0.887941,0.617534,0.376016,132498,13,43,0.00518191,0.313698,0.9280145153520517,0.4399125068348696
248995.0,410,0.949363,0.509945,0.204912,115098,23,16,0.0058364,0.576575,0.9236036650093736,0.2406746415402684
342125.0,465,0.75664,0.629216,0.495588,39903,35,41,100000.0,100000.0,-315.22776601683796,-315.22776601683796
771151.0,462,0.633287,0.426641,0.162932,92207,42,45,0.00397026,0.289542,0.9369900007935248,0.46190892964108754
927312.0,444,0.66577,0.599009,0.742496,58375,30,48,0.00816944,0.0319572,0.9096150454998179,0.8212342314647461
512580.0,157,0.786658,0.233092,0.185276,48118,34,16,1.81917e-05,0.448904,0.9957348270843962,0.3299970149320228
875646.0,290,0.740714,0.534752,0.815252,124962,39,48,0.00844842,0.0226345,0.9080847129145537,0.8495523346807934
791146.0,200,0.0958512,0.578554,0.178444,122176,23,27,0.00547807,0.0102269,0.9259860148350327,0.8988718634602615
607274.0,213,0.302644,0.270692,0.284488,165811,47,41,0.00181273,0.0624768,0.9574238329578625,0.7500464043067194
958609.0,90,0.916068,0.392033,0.332401,118459,11,28,4.97454e-06,0.399941,0.9977696323173073,0.36759111328192107
493431.0,457,0.278165,0.361636,0.903549,23714,14,37,100000.0,100000.0,-315.22776601683796,-315.22776601683796
728048.0,415,0.160938,0.600593,0.120553,175660,32,36,0.00733277,0.0223649,0.9143684053634408,0.8504510113708554
549206.0,264,0.666347,0.354332,0.697549,52124,47,40,100000.0,100000.0,-315.22776601683796,-315.22776601683796
218326.0,195,0.738782,0.463029,0.551309,63005,36,37,1.04987e-06,0.124214,0.9989753683588724,0.6475599341731988
692684.0,223,0.812577,0.505237,0.361513,43647,44,49,100000.0,100000.0,-315.22776601683796,-315.22776601683796
751067.0,263,0.964055,0.166234,0.225269,26362,13,33,0.00347634,0.585877,0.9410395047510624,0.23457397483492892
273873.0,180,0.541094,0.33423,0.618276,95463,39,34,3.92156e-05,0.0591844,0.9937377639776195,0.7567215587027901
723414.0,478,0.347146,0.762361,0.744064,184039,19,35,0.00901896,0.00897447,0.9050317947942575,0.9052663206668293
893881.0,469,0.407642,0.139283,0.791355,185321,32,44,0.00456159,0.0109214,0.9324604560275982,0.8954944977525107
434279.0,481,0.317721,0.206753,0.197801,34149,46,17,2.74021e-08,0.0806569,0.999834464203267,0.715998415497378
493789.0,377,0.307761,0.423147,0.063864,40890,37,23,0.000759151,0.093261,0.9724473050319937,0.694613359820702
874622.0,364,0.960565,0.489619,0.40991,83407,18,28,0.0043112,0.330117,0.9343402710940717,0.42544190894218537
430729.0,389,0.396308,0.796443,0.485497,99797,19,33,0.00640003,0.0447912,0.9199998125002198,0.7883606841817901
583492.0,343,0.503426,0.541294,0.970585,157999,13,39,0.00935489,0.000808084,0.9032793196880833,0.9715731816764521
218749.0,124,0.716685,0.709439,0.246985,35178,42,37,2.74797e-05,0.312959,0.9947578916455304,0.44057261418482563
812568.0,161,0.528545,0.501283,0.792803,172727,38,12,0.00609573,0.0170462,0.9219248439002521,0.8694389031908816
425874.0,176,0.216924,0.634288,0.722124,93850,15,38,0.00274598,0.00660462,0.9475979008054066,0.9187311867934569
979484.0,168,0.786261,0.161339,0.648147,182881,13,26,3.11322e-08,0.0998434,0.9998235568080089,0.6840199373378124
876375.0,242,0.917447,0.583881,0.202984,112901,18,21,0.00356026,0.545621,0.9403320856741246,0.2613383724600282
970294.0,135,0.0702842,0.329141,0.711238,19425,32,33,6.1347e-09,0.00907194,0.9999216756742768,0.9047532677725897
290366.0,475,0.700281,0.411998,0.653402,83507,17,32,0.00519116,0.0655669,0.9279502949346772,0.7439396555497122
906399.0,199,0.758038,0.262208,0.84579,100510,36,20,0.00407354,0.0223474,0.9361757099530281,0.8505095320764564
765053.0,313,0.931577,0.219188,0.663626,116679,33,13,0.00351362,0.113145,0.9407242039277413,0.6636296683713023
411929.0,307,0.414393,0.482886,0.760217,50530,34,32,0.00250416,0.0135148,0.9499584172912167,0.8837468280002648
717891.0,224,0.773788,0.180082,0.327062,193788,44,45,3.50658e-09,0.296418,0.9999407836171318,0.45555716553526027
417742.0,273,0.522257,0.253066,0.371246,133550,21,41,8.48851e-05,0.121717,0.9907866889773546,0.6511203645954668
315227.0,293,0.930794,0.15267,0.549568,174094,20,21,0.000110136,0.191151,0.9895054299754588,0.5627918116045858
742339.0,91,0.336843,0.264507,0.770144,92090,25,36,7.22569e-10,0.0450579,0.9999731193564065,0.7877315379054156
771693.0,460,0.312598,0.362334,0.891248,145453,48,24,0.00843714,0.00224042,0.9081460942583278,0.9526669248833335
679010.0,244,0.0315808,0.240195,0.290248,47064,32,29,0.00267145,0.00777531,0.9483139283752383,0.9118222817260505
477519.0,111,0.378791,0.139212,0.0110621,49574,37,27,4.27468e-25,0.287566,0.9999999999993462,0.4637481934762364
385740.0,421,0.137045,0.576101,0.963031,83084,10,34,0.0070295,0.000167272,0.9161578864770216,0.9870666323024512
425874.0,176,0.216924,0.634288,0.722124,93850,15,38,0.00274598,0.00660462,0.9475979008054066,0.9187311867934569
970294.0,135,0.0702842,0.329141,0.711238,19425,32,33,6.1347e-09,0.00907194,0.9999216756742768,0.9047532677725897
712427.0,168,0.16984,0.409449,0.687963,70777,14,28,0.000983429,0.00711346,0.9686403284455976,0.9156586696808735
414570.0,453,0.0400236,0.792282,0.440782,18382,47,14,0.00449363,0.00112395,0.9329654566659845,0.9664746364672954
712427.0,168,0.0388615,0.409449,0.687963,70777,14,29,0.00481472,0.00358474,0.9306118165679487,0.9401273017143874
679010.0,244,0.0315808,0.240195,0.290248,47064,32,29,0.00267145,0.00777531,0.9483139283752383,0.9118222817260505
679010.0,288,0.0315808,0.582075,0.290248,74193,32,29,0.00682972,0.00186685,0.9173578799884707,0.9567929403916443
828732.0,343,0.503426,0.581888,0.970585,101922,30,40,0.00932361,0.000749937,0.9034411578362707,0.9726150223662681
416423.0,421,0.0461542,0.576101,0.529605,83084,10,34,0.0073398,0.00127731,0.9143273672635187,0.9642605260251358
370122.0,329,0.165279,0.379687,0.623361,86830,45,29,0.00343119,0.00762664,0.9414236395804587,0.912669363909336
583492.0,79,0.178241,0.541294,0.970585,153887,13,36,0.00449398,0.00419071,0.9329628461224673,0.9352643065998363
672585.0,247,0.336843,0.332371,0.770144,92090,29,36,0.00182841,0.00917914,0.9572400888681933,0.9041921715098395
828944.0,410,0.521651,0.271083,0.985714,103005,36,39,0.00853733,0.000890996,0.9076023268691251,0.9701504438893976
891205.0,410,0.649166,0.271083,0.985714,103994,36,43,0.00895103,0.000987991,0.9053901167953369,0.9685676758733943
583492.0,343,0.503426,0.541294,0.970585,157999,13,39,0.00935489,0.000808084,0.9032793196880833,0.9715731816764521
771693.0,460,0.312598,0.362334,0.891248,145453,48,24,0.00843714,0.00224042,0.9081460942583278,0.9526669248833335
414743.0,230,0.129534,0.259756,0.803652,88250,45,16,0.00326682,0.00781825,0.9428438979635595,0.9115791314224974
897140.0,114,0.336843,0.593078,0.770144,92090,25,36,0.00215519,0.00973993,0.9535759760468785,0.9013089163095267
674462.0,453,0.0952692,0.423038,0.377054,122185,48,30,0.00649173,0.00523839,0.919428727203798,0.9276232772225765
674462.0,453,0.0952692,0.423038,0.377054,84314,48,30,0.00552896,0.00535356,0.9256430231921712,0.9268319741963745
583492.0,347,0.503426,0.541294,0.970585,117060,39,33,0.00908287,0.000938697,0.9046959077478831,0.9693618375224623
812568.0,161,0.399982,0.501283,0.841328,142998,38,12,0.00544392,0.00708284,0.9262170751460747,0.9158403897347427
674462.0,453,0.095786,0.423038,0.377054,107922,25,25,0.00615599,0.00531734,0.9215398827428865,0.9270799067471798
501048.0,435,0.0805396,0.62409,0.0571578,55170,49,47,0.00516741,0.00795033,0.9281153006544508,0.9108353769704598
511954.0,460,0.661038,0.394669,0.937158,164348,43,11,0.00921205,0.00324747,0.9040205751215398,0.9430134226330446
221013.0,230,0.129534,0.259756,0.803652,77601,45,17,0.00495647,0.00922563,0.9295977983298818,0.9039498568454997
674462.0,453,0.0952692,0.423038,0.377054,104768,48,30,0.00605761,0.00550614,0.9221693505102264,0.9257966308042552
225140.0,244,0.0315808,0.240195,0.290248,176479,32,28,0.00941133,0.00221791,0.9029879904341735,0.95290530815474
501048.0,500,0.0805396,0.62409,0.109575,55170,46,47,0.00561508,0.0068748,0.925066162516524,0.9170855862952647
813131.0,478,0.347146,0.762361,0.85138,152668,19,35,0.00933169,0.00333497,0.9033993271244967,0.942250800871354
721627.0,232,0.0958512,0.583144,0.178444,122176,23,26,0.00576869,0.00968344,0.9240481073310217,0.9015955285568791
791146.0,123,0.0437013,0.52969,0.178444,119022,46,27,0.00641844,0.00718075,0.9198848328966356,0.9152606938900253
919486.0,208,0.342686,0.721469,0.787589,121928,20,29,0.0077115,0.00742306,0.9121848532427349,0.9138428180590846
674462.0,453,0.0952692,0.355024,0.226069,152623,22,36,0.00680781,0.00798901,0.9174905459962315,0.9106187379816105
905496.0,116,0.523587,0.732794,0.849088,189073,16,26,0.00761872,0.00996903,0.9127147205996338,0.9001549700786263
723414.0,478,0.347146,0.762361,0.744064,184039,19,35,0.00901896,0.00897447,0.9050317947942575,0.9052663206668293
315227.0,293,0.930794,0.335299,0.915711,174094,19,21,0.00790844,0.00963131,0.911070589791678,0.9018607621794422
791146.0,200,0.0958512,0.578554,0.178444,122176,23,27,0.00547807,0.0102269,0.9259860148350327,0.8988718634602615
460078.0,239,0.105534,0.208347,0.711955,117430,40,45,0.00504194,0.0103487,0.9289933805902576,0.8982714396051925
893881.0,469,0.407642,0.139283,0.791355,185321,32,44,0.00456159,0.0109214,0.9324604560275982,0.8954944977525107
893881.0,452,0.407642,0.139283,0.791355,185321,32,44,0.00429505,0.0109665,0.9344633690215922,0.8952789419457576
411929.0,307,0.414393,0.482886,0.760217,50530,34,32,0.00250416,0.0135148,0.9499584172912167,0.8837468280002648
791146.0,200,0.0958512,0.34674,0.178444,122176,20,27,0.00459532,0.0140531,0.9322112103663149,0.8814542282491695
745285.0,301,0.407642,0.139283,0.791355,185321,32,44,0.00154421,0.0140865,0.9607035625024354,0.8813134379973875
414570.0,400,0.213357,0.792282,0.440782,49817,47,14,0.00466726,0.0165175,0.9316826522763069,0.8714795736079279
414570.0,395,0.213357,0.792282,0.440782,49817,47,14,0.00460906,0.0165446,0.9321099418176712,0.8713741861055877
414570.0,395,0.213357,0.792282,0.440782,49817,47,14,0.00460906,0.0165446,0.9321099418176712,0.8713741861055877
812568.0,161,0.528545,0.501283,0.792803,172727,38,12,0.00609573,0.0170462,0.9219248439002521,0.8694389031908816
241296.0,441,0.332247,0.482268,0.615784,183036,27,21,0.00830822,0.0175063,0.9088505622617451,0.8676886248276438
330418.0,329,0.345775,0.305116,0.674341,90754,45,28,0.00114389,0.0182501,0.9661785570976045,0.864907069022839
774982.0,466,0.495531,0.521895,0.744517,158336,33,36,0.00852966,0.0183412,0.9076438415697144,0.8645703134464234
927312.0,444,0.638847,0.599009,0.797485,88104,23,48,0.0086974,0.0187094,0.9067401479735251,0.8632176912024073
773503.0,94,0.181462,0.285051,0.977478,64438,47,35,3.10828e-07,0.0187888,0.9994424804936148,0.8629277562742916
674462.0,59,0.0952692,0.423038,0.912313,120009,48,26,0.00305261,0.0188291,0.9447495701374189,0.862780832242722
243229.0,144,0.656179,0.519147,0.806099,172727,38,10,0.00599153,0.0207569,0.9225950259996167,0.8559274488321943
906399.0,199,0.758038,0.262208,0.84579,100510,36,20,0.00407354,0.0223474,0.9361757099530281,0.8505095320764564
728048.0,415,0.160938,0.600593,0.120553,175660,32,36,0.00733277,0.0223649,0.9143684053634408,0.8504510113708554
765686.0,127,0.758038,0.262208,0.84579,176222,25,16,0.00108059,0.0225288,0.9671276712111844,0.8499040307003549
875646.0,290,0.740714,0.534752,0.815252,124962,39,48,0.00844842,0.0226345,0.9080847129145537,0.8495523346807934
771693.0,500,0.309678,0.406124,0.541456,68114,48,29,0.00565557,0.0232271,0.9247964761463933,0.8475956037379498
241296.0,441,0.332247,0.559649,0.549303,183036,27,27,0.00836082,0.0235647,0.9085624803486009,0.8464920197514149
772062.0,270,0.740714,0.497207,0.815252,127303,33,38,0.00814534,0.0237083,0.9097484626169725,0.8460250020295502
874829.0,161,0.66644,0.612748,0.792803,172727,38,16,0.0077506,0.0250156,0.9119625079866538,0.8418367931534012
758843.0,411,0.309389,0.584278,0.51488,101420,38,30,0.00673381,0.0251854,0.917940204728503,0.8413009136762282
828561.0,411,0.309389,0.584278,0.51488,78399,38,30,0.00657956,0.0252453,0.9188855130078479,0.8411123038117803
871238.0,379,0.309389,0.584218,0.51488,95860,40,30,0.00671912,0.0252863,0.918029761498456,0.8409833342067567
773503.0,94,0.181462,0.285051,0.98656,26927,43,25,6.95044e-18,0.0281437,0.9999999973636313,0.8322391583235229
773503.0,94,0.181462,0.285051,0.977478,26927,44,25,6.7753200000000015e-18,0.0286414,0.9999999973970555,0.8307622973448292
812887.0,86,0.20598,0.340666,0.539358,182910,25,43,0.00306361,0.0295581,0.944650112917911,0.8280753071836393
750161.0,388,0.309389,0.20396,0.51488,90875,41,30,0.000981811,0.0298258,0.9686661365293074,0.8272985234573833
865783.0,408,0.479911,0.614767,0.654571,168865,33,12,0.00826906,0.0300671,0.9090656280606723,0.8266013264179913
610392.0,471,0.458955,0.713082,0.638104,56497,14,41,0.00731515,0.0302117,0.9144713498294285,0.8261848683226918
414570.0,322,0.292243,0.699539,0.440782,57233,50,14,0.00322489,0.030659,0.9432118850462529,0.8249028840899999
927312.0,444,0.66577,0.599009,0.742496,58375,30,48,0.00816944,0.0319572,0.9096150454998179,0.8212342314647461
389876.0,466,0.634001,0.411712,0.744517,61464,30,36,0.00578886,0.0320776,0.9239154417769282,0.8208977945417757
812568.0,161,0.762659,0.501283,0.792803,172727,38,12,0.00727895,0.0333445,0.9146832372859823,0.8173952355495618
263852.0,94,0.181462,0.365592,0.890754,10000,44,28,2.3066500000000004e-18,0.0349697,0.999999998481234,0.8129981283516124
750947.0,441,0.288261,0.479108,0.323938,183036,27,26,0.00689853,0.041186,0.9169426102023426,0.7970566581530697
493789.0,377,0.335472,0.423147,0.43208,40890,44,24,0.00136166,0.0426624,0.9630993224994445,0.7934512164160727
385740.0,421,0.137045,0.576101,0.963031,83084,10,34,0.0070295,0.000167272,0.9161578864770216,0.9870666323024512
970294.0,135,0.0702842,0.329141,0.711238,19425,32,33,6.1347e-09,0.00907194,0.9999216756742768,0.9047532677725897
712427.0,168,0.16984,0.409449,0.687963,70777,14,28,0.000983429,0.00711346,0.9686403284455976,0.9156586696808735
221013.0,230,0.129534,0.517484,0.815832,40162,38,17,0.00134522,0.00370542,0.9633227591004994,0.9391278388752297
414743.0,230,0.129534,0.548247,0.969084,86679,45,16,0.00435118,0.000707067,0.9340365252582916,0.9734092685320618
891205.0,410,0.204938,0.271083,0.985714,103994,36,43,0.0068626,0.000369899,0.917159188801654,0.9807672414875037
906399.0,303,0.123792,0.262208,0.84579,83109,45,20,0.00312511,0.0018187,0.9440973167012531,0.9573537809413308
926239.0,135,0.0694712,0.310224,0.74314,36153,32,33,7.66677e-05,0.00739716,0.9912439906349981,0.9139932560783749
425874.0,176,0.216924,0.634288,0.722124,93850,15,38,0.00274598,0.00660462,0.9475979008054066,0.9187311867934569
414570.0,453,0.0400236,0.792282,0.440782,18382,47,14,0.00449363,0.00112395,0.9329654566659845,0.9664746364672954
679010.0,244,0.0315808,0.240195,0.290248,47064,32,29,0.00267145,0.00777531,0.9483139283752383,0.9118222817260505
672585.0,247,0.336843,0.332371,0.770144,92090,29,36,0.00182841,0.00917914,0.9572400888681933,0.9041921715098395
638438.0,374,0.093179,0.379687,0.732431,73480,36,29,0.00446398,0.00183646,0.9331869773172924,0.9571460620245934
414570.0,453,0.0400236,0.792282,0.440782,18382,47,14,0.00449363,0.00112395,0.9329654566659845,0.9664746364672954
414570.0,395,0.170866,0.8,0.981069,49817,47,14,0.00722913,0.00016941,0.9149757093531501,0.9869842403218252
905385.0,239,0.0315808,0.351948,0.290248,47064,32,29,0.00398391,0.00361675,0.9368817775915703,0.9398605786526009
712427.0,168,0.0388615,0.409449,0.687963,70777,14,29,0.00481472,0.00358474,0.9306118165679487,0.9401273017143874
897140.0,114,0.336843,0.593078,0.770144,92090,25,36,0.00215519,0.00973993,0.9535759760468785,0.9013089163095267
773503.0,500,0.185767,0.35295,0.99,143838,48,34,0.00864495,0.000184958,0.9070217767431534,0.9864000735296106
593118.0,343,0.43738,0.283567,0.99,181667,20,39,0.00826235,0.000659283,0.9091025302882418,0.9743234932282446
715591.0,278,0.336843,0.332371,0.758098,92090,29,36,0.00288435,0.00972419,0.9462938551001843,0.9013886923319643
370122.0,329,0.165279,0.30632,0.705409,86830,45,29,0.00318225,0.00663892,0.9435885649890025,0.9185204320089999
401452.0,230,0.129534,0.42886,0.803652,88250,45,16,0.00404819,0.00366246,0.936374611985466,0.9394817382933052
611639.0,410,0.521651,0.271083,0.985714,103005,41,39,0.00789923,0.00100542,0.911122387520816,0.968291641480518
385740.0,421,0.137045,0.576101,0.789263,79033,10,34,0.00538396,0.0012753,0.9266245272587631,0.9642886572641128
495832.0,500,0.0141562,0.62409,0.227992,69601,46,47,0.00845727,0.000606569,0.9080365833605558,0.9753713784388975
679010.0,288,0.0315808,0.582075,0.290248,74193,32,29,0.00682972,0.00186685,0.9173578799884707,0.9567929403916443
416423.0,421,0.0461542,0.576101,0.529605,83084,10,34,0.0073398,0.00127731,0.9143273672635187,0.9642605260251358
583492.0,79,0.178241,0.541294,0.970585,153887,13,36,0.00449398,0.00419071,0.9329628461224673,0.9352643065998363
712427.0,330,0.01,0.409449,0.719716,95554,14,29,0.00845424,0.000804708,0.9080530587784454,0.9716326243723534
416423.0,421,0.0461542,0.406997,0.529605,83084,10,34,0.00707123,0.0018422,0.9159093941037407,0.9570791425994307
828732.0,469,0.503426,0.617594,0.970585,101922,30,40,0.009584,0.00054206,0.9021020939958366,0.9767178179716762
414570.0,462,0.0868897,0.792282,0.440782,49817,47,14,0.00567491,0.00331667,0.924668001486752,0.9424094625828167
891205.0,410,0.649166,0.271083,0.985714,61205,36,42,0.00839968,0.00105615,0.9083502318606316,0.9675015384979535
700262.0,343,0.381462,0.48489,0.970585,157999,19,39,0.00911379,0.000665122,0.9045338279807973,0.9742100407134869
897140.0,196,0.266407,0.593078,0.84975,112243,26,36,0.00657056,0.00308454,0.9189410091353217,0.9444613647989077
530760.0,329,0.165279,0.379687,0.623361,86830,45,29,0.00321127,0.00679825,0.9433319313898911,0.9175484991040187
828732.0,343,0.503426,0.581888,0.970585,101922,30,40,0.00932361,0.000749937,0.9034411578362707,0.9726150223662681
370122.0,329,0.165279,0.379687,0.623361,86830,45,29,0.00343119,0.00762664,0.9414236395804587,0.912669363909336
828944.0,410,0.521651,0.271083,0.985714,103005,36,39,0.00853733,0.000890996,0.9076023268691251,0.9701504438893976
414743.0,230,0.129534,0.259756,0.803652,88250,45,16,0.00326682,0.00781825,0.9428438979635595,0.9115791314224974
674462.0,453,0.0952692,0.423038,0.377054,84314,48,30,0.00552896,0.00535356,0.9256430231921712,0.9268319741963745
812568.0,161,0.399982,0.501283,0.841328,142998,38,12,0.00544392,0.00708284,0.9262170751460747,0.9158403897347427
674462.0,453,0.095786,0.423038,0.377054,107922,25,25,0.00615599,0.00531734,0.9215398827428865,0.9270799067471798
828944.0,410,0.521651,0.271083,0.985714,100487,36,37,0.00850687,0.000894626,0.9077673051461684,0.9700897007704704
842732.0,343,0.503426,0.581888,0.970585,112855,30,40,0.00939098,0.000734962,0.9030929311143918,0.9728898174111645
674462.0,453,0.0952692,0.52137,0.377054,94138,48,30,0.00634081,0.0049028,0.9203707968142341,0.9299800028563269
674462.0,453,0.0952692,0.423038,0.377054,94940,48,30,0.00583106,0.0053191,0.9236386223277762,0.9270678397413048
679010.0,288,0.0315808,0.582075,0.290248,124861,32,31,0.00817731,0.00176261,0.9095715199729643,0.9580165508801385
629248.0,224,0.01,0.386517,0.290248,103701,32,29,0.0080045,0.0026903,0.9105321286717963,0.9481318980489936
891205.0,410,0.649166,0.271083,0.985714,103994,36,43,0.00895103,0.000987991,0.9053901167953369,0.9685676758733943
583492.0,343,0.503426,0.541294,0.970585,157999,13,39,0.00935489,0.000808084,0.9032793196880833,0.9715731816764521
771693.0,460,0.312598,0.362334,0.891248,145453,48,24,0.00843714,0.00224042,0.9081460942583278,0.9526669248833335
674462.0,453,0.0952692,0.423038,0.377054,122185,48,30,0.00649173,0.00523839,0.919428727203798,0.9276232772225765
583492.0,347,0.503426,0.541294,0.970585,117060,39,33,0.00908287,0.000938697,0.9046959077478831,0.9693618375224623
674462.0,453,0.0952692,0.423038,0.377054,104768,48,30,0.00605761,0.00550614,0.9221693505102264,0.9257966308042552
501048.0,500,0.0805396,0.62409,0.109575,55170,46,47,0.00561508,0.0068748,0.925066162516524,0.9170855862952647
771693.0,460,0.312598,0.406413,0.940283,152438,46,24,0.00900788,0.00097637,0.9050901480350959,0.9687530801517974
791146.0,411,0.0958512,0.34674,0.340443,120993,31,27,0.00591346,0.00643746,0.9231009752987724,0.9197662165917623
674462.0,259,0.0952692,0.403919,0.35463,104768,41,30,0.00483178,0.00794539,0.93048899367726,0.9108630828444241
791146.0,200,0.01,0.578554,0.13199,122176,23,27,0.00864096,0.0014525,0.9070432358566629,0.961888321999681
791146.0,123,0.0437013,0.499512,0.178444,68354,46,29,0.00383749,0.00842759,0.9380525222466645,0.9081980937017101
501048.0,435,0.0805396,0.62409,0.0571578,55170,49,47,0.00516741,0.00795033,0.9281153006544508,0.9108353769704598
221013.0,230,0.129534,0.259756,0.803652,77601,45,17,0.00495647,0.00922563,0.9295977983298818,0.9039498568454997
791146.0,123,0.0437013,0.52969,0.178444,119022,46,27,0.00641844,0.00718075,0.9198848328966356,0.9152606938900253
583492.0,281,0.503426,0.524668,0.940112,157999,13,39,0.00885758,0.002138,0.9058852827661901,0.9537614879132125
438466.0,464,0.697465,0.411712,0.918285,64576,24,34,0.00816319,0.00583191,0.9096496264534562,0.9236330568897773
511954.0,460,0.661038,0.394669,0.937158,164348,43,11,0.00921205,0.00324747,0.9040205751215398,0.9430134226330446
225140.0,244,0.0315808,0.240195,0.290248,176479,32,28,0.00941133,0.00221791,0.9029879904341735,0.95290530815474
919486.0,208,0.342686,0.721469,0.787589,121928,20,29,0.0077115,0.00742306,0.9121848532427349,0.9138428180590846
685180.0,244,0.0315808,0.227284,0.25118,90896,32,29,0.00565667,0.00796592,0.9247891630148952,0.9107479972213508
511954.0,334,0.661038,0.492698,0.937158,164348,39,11,0.00910913,0.00342236,0.9045582376524826,0.9414990598366146
791146.0,88,0.0437013,0.52969,0.363196,108486,39,38,0.00543424,0.00943272,0.9262827021656382,0.9028778089209268
813131.0,478,0.347146,0.762361,0.85138,152668,19,35,0.00933169,0.00333497,0.9033993271244967,0.942250800871354
721627.0,232,0.0958512,0.583144,0.178444,122176,23,26,0.00576869,0.00968344,0.9240481073310217,0.9015955285568791
674462.0,453,0.0952692,0.355024,0.226069,152623,22,36,0.00680781,0.00798901,0.9174905459962315,0.9106187379816105
586268.0,460,0.661038,0.492668,0.940363,164348,43,13,0.00942694,0.00260881,0.90290756981103,0.9489234887644037
905496.0,116,0.523587,0.732794,0.849088,189073,16,26,0.00761872,0.00996903,0.9127147205996338,0.9001549700786263
723414.0,478,0.347146,0.762361,0.744064,184039,19,35,0.00901896,0.00897447,0.9050317947942575,0.9052663206668293
315227.0,293,0.930794,0.335299,0.915711,174094,19,21,0.00790844,0.00963131,0.911070589791678,0.9018607621794422
414743.0,230,0.129534,0.548247,0.969084,86679,45,16,0.00435118,0.000707067,0.9340365252582916,0.9734092685320618
906399.0,303,0.123792,0.262208,0.84579,83109,45,20,0.00312511,0.0018187,0.9440973167012531,0.9573537809413308
926239.0,135,0.0694712,0.310224,0.74314,36153,32,33,7.66677e-05,0.00739716,0.9912439906349981,0.9139932560783749
357881.0,230,0.129534,0.665867,0.964963,86679,45,18,0.00498703,0.000539017,0.9293810931831992,0.9767832603494806
926239.0,135,0.0694712,0.310224,0.754434,36153,32,33,7.8179e-05,0.00722917,0.9911581110615435,0.9149754741265792
926239.0,135,0.0694712,0.310224,0.757004,36153,32,33,7.85258e-05,0.0071912,0.9911385215680452,0.9151990566090211
928953.0,498,0.0106216,0.540604,0.917727,103994,36,44,0.00901897,0.000119318,0.9050317421450725,0.9890767221036907
938535.0,136,0.0694712,0.310224,0.74314,49107,32,33,0.000642654,0.00693597,0.9746493787058383,0.9167175288551066
385740.0,421,0.137045,0.532776,0.97512,83084,10,34,0.0067774,0.000137481,0.9176750341633839,0.988274770791153
709763.0,244,0.0315808,0.240195,0.380853,10000,31,32,2.89614e-09,0.00862541,0.9999461842030627,0.9071269145553998
414743.0,210,0.266858,0.496877,0.969084,86679,44,16,0.00324362,0.000768508,0.9430472125352938,0.972278023158512
732917.0,183,0.204556,0.409449,0.745268,70777,17,37,0.00108208,0.00596745,0.967105015579879,0.9227507281587716
926239.0,135,0.0694712,0.505365,0.722962,36153,32,33,0.00114771,0.00319581,0.9661221311177931,0.9434685043537675
385740.0,421,0.137045,0.576101,0.963031,83084,10,34,0.0070295,0.000167272,0.9161578864770216,0.9870666323024512
970294.0,135,0.0702842,0.329141,0.711238,19425,32,33,6.1347e-09,0.00907194,0.9999216756742768,0.9047532677725897
712427.0,168,0.16984,0.409449,0.687963,70777,14,28,0.000983429,0.00711346,0.9686403284455976,0.9156586696808735
221013.0,230,0.129534,0.517484,0.815832,40162,38,17,0.00134522,0.00370542,0.9633227591004994,0.9391278388752297
891205.0,410,0.204938,0.271083,0.985714,103994,36,43,0.0068626,0.000369899,0.917159188801654,0.9807672414875037
414570.0,453,0.0400236,0.792282,0.440782,18382,47,14,0.00449363,0.00112395,0.9329654566659845,0.9664746364672954
414570.0,453,0.0400236,0.792282,0.440782,18382,47,14,0.00449363,0.00112395,0.9329654566659845,0.9664746364672954
414570.0,424,0.0400236,0.679047,0.440782,18382,47,13,0.00368433,0.00134463,0.9393013179714749,0.9633308031176029
906399.0,303,0.123792,0.440536,0.84579,83109,45,20,0.00536962,0.000911194,0.9267223089883422,0.9698140098721277
284165.0,230,0.12831,0.56444,0.969084,81691,45,17,0.00524767,0.00106157,0.9275591965809323,0.967418256645784
791541.0,230,0.143203,0.311429,0.803652,88250,45,16,0.00246343,0.00342466,0.95036704723674,0.941479405334532
773503.0,500,0.185767,0.424943,0.99,143838,48,30,0.00903047,0.000152165,0.9049712148872775,0.9876644821754416
669203.0,478,0.0400236,0.792282,0.440782,23117,47,14,0.00608054,0.000906166,0.9220221826414717,0.9698974087494117
891205.0,410,0.204938,0.271083,0.985714,103994,36,43,0.0068626,0.000369899,0.917159188801654,0.9807672414875037
638438.0,374,0.093179,0.379687,0.732431,73480,36,29,0.00446398,0.00183646,0.9331869773172924,0.9571460620245934
414570.0,395,0.170866,0.8,0.981069,49817,47,14,0.00722913,0.00016941,0.9149757093531501,0.9869842403218252
385740.0,421,0.137045,0.576101,0.789263,79033,10,34,0.00538396,0.0012753,0.9266245272587631,0.9642886572641128
597350.0,374,0.093179,0.379687,0.732431,73480,42,29,0.0044053,0.0019265,0.9336275659629693,0.9561080873052905
414570.0,453,0.0400236,0.792282,0.355401,18382,47,14,0.00446897,0.00139354,0.9331496447279448,0.9626698513263073
926239.0,135,0.0816534,0.454965,0.74314,57980,32,33,0.00191181,0.00382547,0.9562757504352561,0.9381496160076592
672585.0,247,0.253395,0.332371,0.738071,92090,29,36,0.00167156,0.00771842,0.9591152840293589,0.9121454611303434
416810.0,346,0.165279,0.30632,0.811463,86830,45,24,0.00308882,0.00345071,0.944422846420494,0.9412572557672013
906399.0,303,0.0973115,0.262208,0.731624,91063,40,22,0.0038664,0.00299434,0.9378196172414482,0.9452794371373978
712427.0,168,0.16984,0.517709,0.687963,70777,14,35,0.00178398,0.00578231,0.9577628125936397,0.9239584981736947
684400.0,343,0.269931,0.283567,0.942205,174139,20,32,0.00684686,0.0010475,0.9172542448218641,0.9676348953346354
425874.0,176,0.216924,0.634288,0.722124,93850,15,38,0.00274598,0.00660462,0.9475979008054066,0.9187311867934569
679010.0,244,0.0315808,0.240195,0.290248,47064,32,29,0.00267145,0.00777531,0.9483139283752383,0.9118222817260505
672585.0,247,0.336843,0.332371,0.770144,92090,29,36,0.00182841,0.00917914,0.9572400888681933,0.9041921715098395
905385.0,239,0.0315808,0.351948,0.290248,47064,32,29,0.00398391,0.00361675,0.9368817775915703,0.9398605786526009
773503.0,500,0.185767,0.35295,0.99,143838,48,34,0.00864495,0.000184958,0.9070217767431534,0.9864000735296106
385740.0,433,0.192913,0.576101,0.967152,83084,13,34,0.00753858,0.000262804,0.9131750035991939,0.9837887693249402
654803.0,372,0.165279,0.379687,0.623361,86830,42,29,0.00398077,0.00593995,0.9369066564525227,0.9229289289032518
672585.0,247,0.336843,0.332371,0.770144,92090,32,36,0.00182632,0.00918385,0.9572645346345684,0.9041675942073872
905385.0,282,0.0315808,0.306867,0.290248,47064,36,29,0.004061,0.00347987,0.9362740241345807,0.9410095770484733
396705.0,500,0.236745,0.301277,0.99,143838,45,34,0.00762435,0.000250908,0.9126824759856305,0.9841599242426055
905385.0,304,0.0329453,0.351948,0.290248,47064,42,27,0.00456536,0.00271996,0.9324325522163224,0.9478467642422831
703541.0,500,0.185767,0.345848,0.99,117743,48,34,0.00810254,0.000201425,0.9099858899949569,0.9858075724416152
385740.0,421,0.137045,0.576101,0.789263,79033,10,32,0.005384,0.0012753,0.9266242546886234,0.9642886572641128
897140.0,114,0.336843,0.593078,0.770144,92090,25,36,0.00215519,0.00973993,0.9535759760468785,0.9013089163095267
593118.0,343,0.43738,0.283567,0.99,181667,20,39,0.00826235,0.000659283,0.9091025302882418,0.9743234932282446
715591.0,278,0.336843,0.332371,0.758098,92090,29,36,0.00288435,0.00972419,0.9462938551001843,0.9013886923319643
370122.0,329,0.165279,0.30632,0.705409,86830,45,29,0.00318225,0.00663892,0.9435885649890025,0.9185204320089999
401452.0,230,0.129534,0.42886,0.803652,88250,45,16,0.00404819,0.00366246,0.936374611985466,0.9394817382933052
611639.0,410,0.521651,0.271083,0.985714,103005,41,39,0.00789923,0.00100542,0.911122387520816,0.968291641480518
495832.0,500,0.0141562,0.62409,0.227992,69601,46,47,0.00845727,0.000606569,0.9080365833605558,0.9753713784388975
679010.0,288,0.0315808,0.582075,0.290248,74193,32,29,0.00682972,0.00186685,0.9173578799884707,0.9567929403916443
416423.0,421,0.0461542,0.576101,0.529605,83084,10,34,0.0073398,0.00127731,0.9143273672635187,0.9642605260251358
416423.0,421,0.0461542,0.406997,0.529605,83084,10,34,0.00707123,0.0018422,0.9159093941037407,0.9570791425994307
820265.0,265,0.336843,0.308486,0.770144,92090,25,36,0.00288991,0.00919667,0.946242116857153,0.9041007299297852
416423.0,393,0.381118,0.406997,0.99,125467,10,34,0.00863344,0.000325995,0.9070836935731946,0.9819446683774571
537440.0,421,0.0457155,0.389963,0.529605,96401,14,34,0.00718174,0.00179232,0.9152548526463019,0.9576641995469556
367882.0,378,0.170866,0.8,0.726644,49817,47,22,0.00480429,0.00303297,0.9306870142036862,0.9449275931159714
898215.0,301,0.0149467,0.558404,0.985714,112698,35,43,0.00864704,0.000308557,0.9070105382314748,0.9824342093830081
495832.0,500,0.0141562,0.428949,0.227992,69601,45,47,0.00814947,0.000997901,0.9097255850198962,0.9684104289361188
712427.0,168,0.0388615,0.409449,0.687963,70777,14,29,0.00481472,0.00358474,0.9306118165679487,0.9401273017143874
414570.0,462,0.0868897,0.792282,0.440782,49817,47,14,0.00567491,0.00331667,0.924668001486752,0.9424094625828167
530760.0,329,0.165279,0.379687,0.623361,86830,45,29,0.00321127,0.00679825,0.9433319313898911,0.9175484991040187
377044.0,230,0.129534,0.42886,0.803652,88250,45,10,0.00425038,0.00385568,0.9348050615461598,0.9379058778949247
495832.0,500,0.01,0.62409,0.163151,69601,42,47,0.00871595,0.000505379,0.9066407476465241,0.9775193638880035
596860.0,330,0.0138194,0.409449,0.627343,95554,14,29,0.00831127,0.001077,0.9088338330300105,0.9671823218371561
583492.0,403,0.503426,0.263276,0.97721,132820,13,39,0.00812799,0.00108275,0.9098446341031218,0.9670948332324543
825274.0,196,0.266407,0.593078,0.84975,123941,23,36,0.00646289,0.00304582,0.9196078983979148,0.9448110518310051
442506.0,343,0.43738,0.409657,0.99,181667,20,27,0.00896744,0.000427567,0.905303431952367,0.9793223067050505
416423.0,421,0.0461542,0.576101,0.529605,83233,11,34,0.00734468,0.00130392,0.9142988914890828,0.9638901675440055
495832.0,500,0.0141562,0.515831,0.227992,69601,42,45,0.00831371,0.000775704,0.9088204518545963,0.9721485368427438
414743.0,230,0.129534,0.259756,0.803652,88250,45,16,0.00326682,0.00781825,0.9428438979635595,0.9115791314224974
828732.0,469,0.503426,0.617594,0.970585,101922,30,40,0.009584,0.00054206,0.9021020939958366,0.9767178179716762
414743.0,230,0.129534,0.548247,0.969084,86679,45,16,0.00435118,0.000707067,0.9340365252582916,0.9734092685320618
357881.0,230,0.129534,0.665867,0.964963,86679,45,18,0.00498703,0.000539017,0.9293810931831992,0.9767832603494806
385740.0,421,0.137045,0.532776,0.97512,83084,10,34,0.0067774,0.000137481,0.9176750341633839,0.988274770791153
709763.0,244,0.0315808,0.240195,0.380853,10000,31,32,2.89614e-09,0.00862541,0.9999461842030627,0.9071269145553998
414743.0,210,0.266858,0.496877,0.969084,86679,44,16,0.00324362,0.000768508,0.9430472125352938,0.972278023158512
926239.0,135,0.0694712,0.505365,0.722962,36153,32,33,0.00114771,0.00319581,0.9661221311177931,0.9434685043537675
906399.0,303,0.234632,0.20274,0.84579,75764,50,20,0.00105189,0.00346755,0.9675671462865199,0.9411140933669184
414743.0,155,0.266858,0.496877,0.969084,86679,44,39,0.00137975,0.00131532,0.9628550137972834,0.9637326593199887
891205.0,410,0.143466,0.271083,0.972956,103994,36,20,0.00604494,0.000314141,0.9222507877853415,0.9822759767546981
970294.0,135,0.0702842,0.425363,0.711238,11617,32,33,8.89232e-09,0.00519452,0.9999057009013829,0.9279269814701785
1000000.0,342,0.0415439,0.558404,0.99,115882,35,38,0.00777868,7.31374e-05,0.9118031746603088,0.9914479593078611
928953.0,498,0.0106216,0.540604,0.917727,103994,36,44,0.00901897,0.000119318,0.9050317421450725,0.9890767221036907
732917.0,183,0.204556,0.409449,0.745268,70777,17,37,0.00108208,0.00596745,0.967105015579879,0.9227507281587716
385740.0,421,0.137045,0.576101,0.963031,83084,10,34,0.0070295,0.000167272,0.9161578864770216,0.9870666323024512
970294.0,135,0.0702842,0.329141,0.711238,19425,32,33,6.1347e-09,0.00907194,0.9999216756742768,0.9047532677725897
221013.0,230,0.129534,0.517484,0.815832,40162,38,17,0.00134522,0.00370542,0.9633227591004994,0.9391278388752297
414570.0,453,0.0400236,0.792282,0.440782,18382,47,14,0.00449363,0.00112395,0.9329654566659845,0.9664746364672954
414570.0,453,0.0400236,0.792282,0.440782,18382,47,14,0.00449363,0.00112395,0.9329654566659845,0.9664746364672954
906399.0,303,0.123792,0.440536,0.84579,83109,45,20,0.00536962,0.000911194,0.9267223089883422,0.9698140098721277
284165.0,230,0.12831,0.56444,0.969084,81691,45,17,0.00524767,0.00106157,0.9275591965809323,0.967418256645784
791541.0,230,0.143203,0.311429,0.803652,88250,45,16,0.00246343,0.00342466,0.95036704723674,0.941479405334532
385740.0,421,0.137045,0.576101,0.912011,83084,10,34,0.0065342,0.000377353,0.91916560138159,0.9805744240754618
906399.0,303,0.123792,0.214741,0.845039,83109,45,19,0.00246519,0.00260448,0.9503493202463451,0.9489658937572137
928953.0,498,0.0106216,0.47139,0.917727,103994,36,44,0.00895156,0.000164744,0.9053873158609269,0.9871647360759508
1000000.0,313,0.0566937,0.440536,0.84579,83109,45,20,0.00610662,0.000508277,0.9218551345256772,0.9774550005544467
387593.0,395,0.170866,0.76786,0.981069,49817,47,21,0.00686114,0.000176779,0.9171680013521345,0.9867041735871741
791541.0,230,0.143203,0.251789,0.865068,88250,45,16,0.00191167,0.00347962,0.9562773514068509,0.9410116960745607
709763.0,244,0.0831365,0.384231,0.418022,10000,31,29,1.68286e-05,0.006748,0.9958977323344277,0.9178537888883486
891205.0,410,0.0302768,0.188646,0.985714,34772,36,43,0.00285779,0.00138329,0.9465416984931245,0.9628073932077893
414570.0,453,0.0400236,0.780489,0.440782,16367,50,14,0.00424091,0.00113917,0.9348777303835316,0.9662484074449812
926239.0,135,0.0694712,0.317974,0.814024,36153,32,33,0.000103666,0.00597745,0.9898183498390487,0.9226860297229537
482768.0,478,0.0400236,0.792282,0.440782,23117,47,11,0.00536182,0.00102007,0.9267755505312604,0.9680614652809494
670683.0,500,0.0400236,0.792282,0.440782,18382,50,14,0.00595709,0.000887162,0.9228178129358853,0.9702147351866732
284165.0,230,0.12831,0.56444,0.969084,81691,35,43,0.00524883,0.00105699,0.9275511904859715,0.967488617377909
284165.0,201,0.177651,0.56444,0.969084,76350,37,26,0.00351222,0.0012256,0.940736014308857,0.9649914296207343
926239.0,135,0.0694712,0.310224,0.74314,36153,32,33,7.66677e-05,0.00739716,0.9912439906349981,0.9139932560783749
926239.0,135,0.0694712,0.310224,0.754434,36153,32,33,7.8179e-05,0.00722917,0.9911581110615435,0.9149754741265792
926239.0,135,0.0694712,0.310224,0.757004,36153,32,33,7.85258e-05,0.0071912,0.9911385215680452,0.9151990566090211
938535.0,136,0.0694712,0.310224,0.74314,49107,32,33,0.000642654,0.00693597,0.9746493787058383,0.9167175288551066
891205.0,410,0.204938,0.271083,0.985714,103994,36,43,0.0068626,0.000369899,0.917159188801654,0.9807672414875037
414570.0,424,0.0400236,0.679047,0.440782,18382,47,13,0.00368433,0.00134463,0.9393013179714749,0.9633308031176029
773503.0,500,0.185767,0.424943,0.99,143838,48,30,0.00903047,0.000152165,0.9049712148872775,0.9876644821754416
669203.0,478,0.0400236,0.792282,0.440782,23117,47,14,0.00608054,0.000906166,0.9220221826414717,0.9698974087494117
891205.0,410,0.204938,0.271083,0.985714,103994,36,43,0.0068626,0.000369899,0.917159188801654,0.9807672414875037
414570.0,395,0.170866,0.8,0.981069,49817,47,14,0.00722913,0.00016941,0.9149757093531501,0.9869842403218252
926239.0,135,0.0816534,0.454965,0.74314,57980,32,33,0.00191181,0.00382547,0.9562757504352561,0.9381496160076592
712427.0,168,0.16984,0.517709,0.687963,70777,14,35,0.00178398,0.00578231,0.9577628125936397,0.9239584981736947
414570.0,453,0.0400236,0.681001,0.440782,18382,50,16,0.00394335,0.00126667,0.9372039013950707,0.9644096923306359
406214.0,230,0.137023,0.548247,0.595108,49912,45,16,0.00144705,0.00668623,0.9619598895900656,0.9182306292062853
412717.0,399,0.137045,0.673621,0.795384,53408,10,31,0.00518529,0.00120821,0.927991042223901,0.9652406847017954
926239.0,135,0.0694712,0.30551,0.757004,36153,32,33,6.78608e-05,0.0074865,0.9917622333123595,0.9134754370135277
597350.0,374,0.0751346,0.379687,0.732431,40724,42,24,0.00294736,0.00163769,0.9457104061536652,0.959531617279659
841159.0,410,0.204938,0.282383,0.99,103994,36,43,0.00689301,0.000328316,0.9169758468877881,0.9818805077333829
414570.0,453,0.0395714,0.792282,0.403614,18382,47,26,0.0044979,0.00121912,0.9329336149773972,0.9650841010426482
926239.0,135,0.0694712,0.310224,0.74314,43457,32,33,0.000319706,0.00717007,0.982119675618155,0.915323734139961
906399.0,303,0.123792,0.262208,0.84579,83109,45,20,0.00312511,0.0018187,0.9440973167012531,0.9573537809413308
712427.0,168,0.16984,0.409449,0.687963,70777,14,28,0.000983429,0.00711346,0.9686403284455976,0.9156586696808735
385740.0,421,0.137045,0.576101,0.789263,79033,10,34,0.00538396,0.0012753,0.9266245272587631,0.9642886572641128
414570.0,453,0.0400236,0.792282,0.355401,18382,47,14,0.00446897,0.00139354,0.9331496447279448,0.9626698513263073
416810.0,346,0.165279,0.30632,0.811463,86830,45,24,0.00308882,0.00345071,0.944422846420494,0.9412572557672013
773503.0,500,0.185767,0.35295,0.99,143838,48,34,0.00864495,0.000184958,0.9070217767431534,0.9864000735296106
703541.0,500,0.185767,0.345848,0.99,117743,48,34,0.00810254,0.000201425,0.9099858899949569,0.9858075724416152
578648.0,183,0.191105,0.39634,0.673877,74418,17,28,0.000835544,0.00930027,0.9710942220308811,0.9035620925154428
416549.0,406,0.0400236,0.792282,0.355401,18382,47,14,0.00408434,0.00150483,0.9360911586711197,0.9612078616211996
906399.0,303,0.14548,0.440536,0.84001,83109,43,20,0.00553385,0.00121953,0.9256101485416189,0.9650782302853936
429023.0,168,0.145813,0.517709,0.687963,70777,15,36,0.00184997,0.00670047,0.9569887224091169,0.9181436013496806
437483.0,345,0.165279,0.30632,0.758307,86830,45,24,0.00296553,0.00452173,0.9455433199689882,0.9327561898759447
926239.0,135,0.01,0.378853,0.765934,26932,36,33,0.00200726,0.00480726,0.955197544710139,0.9306655929570318
396705.0,500,0.208612,0.301277,0.985633,143838,45,34,0.00735243,0.000246083,0.9142536881259608,0.9843129671384293
669203.0,478,0.0400236,0.796131,0.440782,23117,47,27,0.00609434,0.000907452,0.9219337460870576,0.9698760560351072
926239.0,135,0.207952,0.310224,0.757004,105375,32,30,0.000905796,0.00960655,0.9699035550272129,0.9019869906594028
396705.0,500,0.236745,0.301277,0.99,143838,45,34,0.00762435,0.000250908,0.9126824759856305,0.9841599242426055
672585.0,247,0.253395,0.332371,0.738071,92090,29,36,0.00167156,0.00771842,0.9591152840293589,0.9121454611303434
656920.0,390,0.0759212,0.324863,0.623361,53055,42,29,0.00343967,0.00266225,0.9413513000996612,0.9484030039634088
414570.0,424,0.156549,0.679047,0.601174,18382,47,13,0.00287405,0.005414,0.9463898330537948,0.9264201114434114
717956.0,240,0.23313,0.415352,0.745268,81119,17,37,0.00248753,0.00557247,0.9501248558899325,0.9253510214403439
385740.0,421,0.137045,0.576101,0.789263,79033,10,32,0.005384,0.0012753,0.9266242546886234,0.9642886572641128
385740.0,433,0.192913,0.576101,0.967152,83084,13,34,0.00753858,0.000262804,0.9131750035991939,0.9837887693249402
467637.0,453,0.0400236,0.792282,0.460691,48947,43,14,0.00659415,0.000996802,0.9187956281965066,0.9684278287094473
414831.0,393,0.165279,0.418721,0.811463,86830,45,23,0.0041712,0.00201542,0.935415172060305,0.9551065706366734
385740.0,421,0.137045,0.532776,0.97512,83084,10,34,0.0067774,0.000137481,0.9176750341633839,0.988274770791153
709763.0,244,0.0315808,0.240195,0.380853,10000,31,32,2.89614e-09,0.00862541,0.9999461842030627,0.9071269145553998
414743.0,155,0.266858,0.496877,0.969084,86679,44,39,0.00137975,0.00131532,0.9628550137972834,0.9637326593199887
970294.0,135,0.0702842,0.425363,0.711238,11617,32,33,8.89232e-09,0.00519452,0.9999057009013829,0.9279269814701785
712427.0,168,0.0847699,0.724948,0.687963,12438,14,35,0.000738902,0.0019673,0.9728172481157629,0.9556457442853563
709763.0,244,0.0315808,0.240195,0.380853,10000,31,14,2.46106e-09,0.00871927,0.999950390928249,0.9066229685629277
1000000.0,342,0.0415439,0.558404,0.99,86202,35,38,0.00727246,6.72794e-05,0.9147212804974183,0.9917975979128063
414743.0,155,0.266858,0.527744,0.99,83343,44,15,0.00158354,0.000743295,0.9602062819027928,0.9727365629459527
414570.0,424,0.0544552,0.577566,0.946368,18382,47,13,0.00290149,0.000238583,0.9461345194024967,0.9845538677980538
991665.0,115,0.0694712,0.563064,0.937632,36153,32,32,0.00125956,0.00149874,0.9645097196404424,0.9612864364853867
970294.0,135,0.0702842,0.608651,0.711238,11617,32,33,0.0003005,0.002471,0.9826650641766402,0.9502908459134537
1000000.0,342,0.0415439,0.558404,0.99,115882,35,38,0.00777868,7.31374e-05,0.9118031746603088,0.9914479593078611
385740.0,421,0.137045,0.576101,0.963031,83084,10,34,0.0070295,0.000167272,0.9161578864770216,0.9870666323024512
970294.0,135,0.0702842,0.329141,0.711238,19425,32,33,6.1347e-09,0.00907194,0.9999216756742768,0.9047532677725897
387593.0,395,0.170866,0.76786,0.981069,49817,47,21,0.00686114,0.000176779,0.9171680013521345,0.9867041735871741
709763.0,244,0.0831365,0.384231,0.418022,10000,31,29,1.68286e-05,0.006748,0.9958977323344277,0.9178537888883486
926239.0,135,0.0694712,0.317974,0.814024,36153,32,33,0.000103666,0.00597745,0.9898183498390487,0.9226860297229537
642522.0,155,0.266858,0.496877,0.969084,76703,50,39,0.00233563,0.000983179,0.9516716439344354,0.968644314710088
634075.0,135,0.113717,0.567618,0.860636,38501,31,33,0.000413549,0.00256493,0.9796640957909416,0.9493548620300033
926239.0,135,0.178276,0.317974,0.814024,37895,28,33,2.51421e-09,0.00959047,0.9999498581013523,0.9020690549417602
419310.0,346,0.100307,0.548247,0.969084,64100,45,16,0.00454149,0.000257012,0.9326094220235499,0.9839684061927705
406214.0,280,0.137023,0.548247,0.911326,49912,46,16,0.00240798,0.000828647,0.9509288271996684,0.9712137706533142
414570.0,396,0.0400236,0.638502,0.864427,18382,46,10,0.00331951,0.000373046,0.9423848110304236,0.9806856012260283
891205.0,289,0.120277,0.271083,0.985714,77974,36,43,0.00304942,0.000478891,0.9447784462369991,0.9781164216820009
414743.0,230,0.129534,0.548247,0.969084,86679,45,16,0.00435118,0.000707067,0.9340365252582916,0.9734092685320618
414743.0,210,0.266858,0.496877,0.969084,86679,44,16,0.00324362,0.000768508,0.9430472125352938,0.972278023158512
891205.0,410,0.143466,0.271083,0.972956,103994,36,20,0.00604494,0.000314141,0.9222507877853415,0.9822759767546981
891205.0,410,0.0302768,0.188646,0.985714,34772,36,43,0.00285779,0.00138329,0.9465416984931245,0.9628073932077893
926239.0,135,0.0694712,0.310224,0.74314,36153,32,33,7.66677e-05,0.00739716,0.9912439906349981,0.9139932560783749
926239.0,135,0.0694712,0.310224,0.754434,36153,32,33,7.8179e-05,0.00722917,0.9911581110615435,0.9149754741265792
926239.0,135,0.0694712,0.310224,0.757004,36153,32,33,7.85258e-05,0.0071912,0.9911385215680452,0.9151990566090211
414570.0,395,0.170866,0.8,0.981069,49817,47,14,0.00722913,0.00016941,0.9149757093531501,0.9869842403218252
926239.0,135,0.0694712,0.30551,0.757004,36153,32,33,6.78608e-05,0.0074865,0.9917622333123595,0.9134754370135277
926239.0,135,0.0694712,0.310224,0.74314,43457,32,33,0.000319706,0.00717007,0.982119675618155,0.915323734139961
791541.0,304,0.143203,0.251789,0.865068,88250,45,28,0.00271481,0.00205184,0.9478961613698185,0.9547027594659454
926239.0,135,0.0694712,0.382111,0.952931,36153,34,30,0.000423618,0.00263977,0.9794180175881914,0.9486213079185544
891205.0,410,0.143466,0.242572,0.972956,103994,32,23,0.00542687,0.000343417,0.9263327073933079,0.9814684863003585
221013.0,295,0.129534,0.517484,0.815832,40162,38,17,0.00183406,0.00259253,0.957174073273308,0.9490831069290359
296989.0,230,0.28841,0.546385,0.969084,84727,42,15,0.0038987,0.000719573,0.9375604292135188,0.97317514212526
1000000.0,380,0.0415439,0.488239,0.99,141546,35,30,0.00808921,8.84176e-05,0.910059964420732,0.9905969366693614
989233.0,410,0.157904,0.28258,0.985714,76671,36,43,0.00624472,0.000283458,0.9209764592036018,0.9831637890248429
357881.0,230,0.140143,0.665867,0.964963,86679,32,18,0.00476575,0.000494012,0.9309655882910559,0.9777736192779841
906399.0,303,0.123792,0.214741,0.845904,83109,45,19,0.00246604,0.00259174,0.9503407611818304,0.9490908652597592
357881.0,230,0.129534,0.665867,0.964963,86679,45,18,0.00498703,0.000539017,0.9293810931831992,0.9767832603494806
926239.0,135,0.0694712,0.505365,0.722962,36153,32,33,0.00114771,0.00319581,0.9661221311177931,0.9434685043537675
906399.0,303,0.234632,0.20274,0.84579,75764,50,20,0.00105189,0.00346755,0.9675671462865199,0.9411140933669184
928953.0,498,0.0106216,0.540604,0.917727,103994,36,44,0.00901897,0.000119318,0.9050317421450725,0.9890767221036907
385740.0,421,0.137045,0.576101,0.912011,83084,10,34,0.0065342,0.000377353,0.91916560138159,0.9805744240754618
906399.0,303,0.123792,0.214741,0.845039,83109,45,19,0.00246519,0.00260448,0.9503493202463451,0.9489658937572137
928953.0,498,0.0106216,0.47139,0.917727,103994,36,44,0.00895156,0.000164744,0.9053873158609269,0.9871647360759508
284165.0,201,0.177651,0.56444,0.969084,76350,37,26,0.00351222,0.0012256,0.940736014308857,0.9649914296207343
938535.0,136,0.0694712,0.310224,0.74314,49107,32,33,0.000642654,0.00693597,0.9746493787058383,0.9167175288551066
597350.0,374,0.0751346,0.379687,0.732431,40724,42,24,0.00294736,0.00163769,0.9457104061536652,0.959531617279659
841159.0,410,0.204938,0.282383,0.99,103994,36,43,0.00689301,0.000328316,0.9169758468877881,0.9818805077333829
773503.0,500,0.185767,0.35295,0.99,143838,48,34,0.00864495,0.000184958,0.9070217767431534,0.9864000735296106
703541.0,500,0.185767,0.345848,0.99,117743,48,34,0.00810254,0.000201425,0.9099858899949569,0.9858075724416152
396705.0,500,0.208612,0.301277,0.985633,143838,45,34,0.00735243,0.000246083,0.9142536881259608,0.9843129671384293
412717.0,318,0.101498,0.643393,0.79817,53408,10,30,0.00403549,0.000941837,0.9364744933117413,0.9693106370219257
536472.0,303,0.234632,0.20274,0.84579,85740,48,20,0.000643076,0.00566278,0.974641056804354,0.9247485548311529
448023.0,388,0.01,0.792282,0.440782,18382,44,14,0.00573638,0.000407737,0.9242611064247701,0.9798075013928439
444174.0,230,0.129534,0.517379,0.956806,86679,45,40,0.00413077,0.00084225,0.9357289334147939,0.9709784562781371
773503.0,500,0.185767,0.553492,0.99,165256,50,38,0.00948782,0.000106561,0.9025945586735525,0.9896771612431463
385740.0,421,0.208285,0.504283,0.963031,78226,14,33,0.00670993,0.000364354,0.9180858376103375,0.9809119409053723
825399.0,167,0.126195,0.505365,0.722962,36153,35,33,0.000875409,0.00378396,0.9704126885303852,0.9384860991319848
928953.0,498,0.0106216,0.505643,0.99,103994,35,36,0.00899248,0.000120549,0.9051713123574938,0.9890205191379555
597350.0,211,0.0751346,0.379687,0.765915,40943,43,24,0.00108248,0.00338688,0.9670989361874118,0.9418030928656858
284165.0,393,0.12831,0.56444,0.9356,81691,35,43,0.00573137,0.000417074,0.924294187805691,0.9795776103259193
365260.0,292,0.19998,0.278721,0.9196,75764,49,20,0.00159494,0.00294826,0.9600633000862615,0.9457021179050232
926239.0,170,0.0694712,0.237606,0.757004,45900,32,34,0.000360088,0.00742831,0.9810240151770718,0.9138123558739422
703541.0,423,0.185767,0.345848,0.99,136672,48,34,0.00782363,0.000226884,0.91154871397204,0.9849373309138121
865851.0,500,0.0106216,0.540604,0.917727,111801,36,44,0.00910792,0.000133511,0.9045645768071415,0.9884453039849592
578648.0,183,0.191105,0.39634,0.673877,74418,17,28,0.000835544,0.00930027,0.9710942220308811,0.9035620925154428
732917.0,183,0.204556,0.409449,0.745268,70777,17,37,0.00108208,0.00596745,0.967105015579879,0.9227507281587716
712427.0,168,0.16984,0.409449,0.687963,70777,14,28,0.000983429,0.00711346,0.9686403284455976,0.9156586696808735
221013.0,230,0.129534,0.517484,0.815832,40162,38,17,0.00134522,0.00370542,0.9633227591004994,0.9391278388752297
906399.0,303,0.123792,0.262208,0.84579,83109,45,20,0.00312511,0.0018187,0.9440973167012531,0.9573537809413308
791541.0,230,0.143203,0.311429,0.803652,88250,45,16,0.00246343,0.00342466,0.95036704723674,0.941479405334532
669203.0,453,0.0400236,0.792282,0.524876,23117,50,14,0.00593938,0.000718648,0.9229326268775171,0.9731923891403952
414743.0,230,0.129534,0.513993,0.969084,86679,45,16,0.00426292,0.000851116,0.9347089592669867,0.9708261075617257
891205.0,410,0.172008,0.476727,0.972956,103994,36,23,0.00850942,0.000242263,0.9077534824505553,0.9844351999691612
970294.0,135,0.0702842,0.425363,0.711238,11617,32,33,8.89232e-09,0.00519452,0.9999057009013829,0.9279269814701785
1000000.0,342,0.0415439,0.558404,0.99,86202,35,38,0.00727246,6.72794e-05,0.9147212804974183,0.9917975979128063
414743.0,155,0.266858,0.527744,0.99,83343,44,15,0.00158354,0.000743295,0.9602062819027928,0.9727365629459527
414570.0,424,0.0544552,0.577566,0.946368,18382,47,13,0.00290149,0.000238583,0.9461345194024967,0.9845538677980538
737403.0,91,0.0844284,0.676624,0.687963,12438,12,37,2.32916e-09,0.00559632,0.999951738628283,0.9251914443395677
645809.0,244,0.0315808,0.240195,0.699064,10000,31,14,1.95727e-09,0.00733415,0.9999557589557085,0.914360347968946
414743.0,179,0.266858,0.527744,0.99,83343,44,28,0.00260853,0.000579665,0.9489262298239106,0.9759237669059299
396212.0,155,0.266858,0.527744,0.99,80420,43,15,0.00135842,0.000807467,0.9631432502789516,0.9715840361768249
970294.0,135,0.0702842,0.425363,0.711238,11617,37,34,8.7999e-09,0.00521502,0.9999061922178069,0.9277849046251408
670594.0,175,0.0955923,0.567618,0.860636,17281,36,33,0.000300839,0.00151527,0.9826552889905885,0.9610735308562413
990004.0,135,0.0630224,0.513039,0.833068,10000,40,35,3.77849e-05,0.00202562,0.9938530576706789,0.9549931116383281
808376.0,261,0.0702842,0.44416,0.793538,11617,37,33,0.000874755,0.00124557,0.9704237426302786,0.9647073662076631
709763.0,244,0.0315808,0.258601,0.711298,10000,31,32,2.76348e-08,0.00502256,0.9998337628200432,0.9291299781289719
314256.0,421,0.11631,0.532776,0.97512,75606,10,21,0.00578158,0.000118933,0.9239632983356064,0.9890943592577052
387854.0,360,0.126977,0.720231,0.99,49817,35,19,0.00549309,0.000120634,0.925884616981358,0.9890166489630896
642522.0,128,0.266858,0.496877,0.969084,76703,47,39,0.0010039,0.00120524,0.9683156189897925,0.96528343334948
385740.0,421,0.137045,0.532776,0.97512,83084,10,34,0.0067774,0.000137481,0.9176750341633839,0.988274770791153
414743.0,155,0.266858,0.496877,0.969084,86679,44,39,0.00137975,0.00131532,0.9628550137972834,0.9637326593199887
709763.0,244,0.0315808,0.240195,0.380853,10000,31,14,2.46106e-09,0.00871927,0.999950390928249,0.9066229685629277
991665.0,115,0.0694712,0.563064,0.937632,36153,32,32,0.00125956,0.00149874,0.9645097196404424,0.9612864364853867
970294.0,135,0.0702842,0.608651,0.711238,11617,32,33,0.0003005,0.002471,0.9826650641766402,0.9502908459134537
1000000.0,342,0.0415439,0.558404,0.99,115882,35,38,0.00777868,7.31374e-05,0.9118031746603088,0.9914479593078611
642522.0,155,0.266858,0.496877,0.969084,76703,50,39,0.00233563,0.000983179,0.9516716439344354,0.968644314710088
419310.0,346,0.100307,0.548247,0.969084,64100,45,16,0.00454149,0.000257012,0.9326094220235499,0.9839684061927705
406214.0,280,0.137023,0.548247,0.911326,49912,46,16,0.00240798,0.000828647,0.9509288271996684,0.9712137706533142
414570.0,396,0.0400236,0.638502,0.864427,18382,46,10,0.00331951,0.000373046,0.9423848110304236,0.9806856012260283
891205.0,289,0.120277,0.271083,0.985714,77974,36,43,0.00304942,0.000478891,0.9447784462369991,0.9781164216820009
709763.0,229,0.0311317,0.240195,0.97394,10000,33,32,2.57381e-09,0.00584858,0.999949267268948,0.9235239906898902
945318.0,135,0.0706256,0.608651,0.711238,11617,32,33,0.000253443,0.00253035,0.9840801067842777,0.9496974155733525
542240.0,396,0.0400236,0.638502,0.864427,18382,45,10,0.00393222,0.000281615,0.9372925841706102,0.9832186114996404
991665.0,115,0.116179,0.563064,0.937632,52041,32,32,0.00148669,0.00124833,0.9614423807788914,0.9646682862006384
891205.0,410,0.143466,0.177733,0.972956,88677,28,25,0.00292459,0.000538203,0.9459205214522182,0.9768007974274976
759894.0,285,0.0315808,0.240195,0.380853,10226,34,42,2.23673e-07,0.00525661,0.999527059200322,0.9274975172838889
646226.0,135,0.0219726,0.469803,0.746882,10000,32,33,1.80871e-06,0.0051086,0.9986551171054697,0.9285255290330876
623708.0,155,0.266858,0.488315,0.969084,78778,50,40,0.00216468,0.000995339,0.953473878304763,0.9684510063551941
712468.0,186,0.092091,0.382111,0.952931,36153,34,34,0.000497074,0.00159567,0.9777048435753413,0.9600541616685793
642522.0,155,0.266858,0.496877,0.969084,65432,50,39,0.00174664,0.00101476,0.9582071776497447,0.9681447021674573
709763.0,244,0.01,0.293047,0.424059,10000,31,14,9.89097e-05,0.00349805,0.9900546644098854,0.94085568497311
709763.0,244,0.0315808,0.240195,0.380853,10000,31,32,2.89614e-09,0.00862541,0.9999461842030627,0.9071269145553998
712427.0,168,0.0847699,0.724948,0.687963,12438,14,35,0.000738902,0.0019673,0.9728172481157629,0.9556457442853563
385740.0,421,0.137045,0.576101,0.963031,83084,10,34,0.0070295,0.000167272,0.9161578864770216,0.9870666323024512
387593.0,395,0.170866,0.76786,0.981069,49817,47,21,0.00686114,0.000176779,0.9171680013521345,0.9867041735871741
709763.0,244,0.0831365,0.384231,0.418022,10000,31,29,1.68286e-05,0.006748,0.9958977323344277,0.9178537888883486
926239.0,135,0.0694712,0.317974,0.814024,36153,32,33,0.000103666,0.00597745,0.9898183498390487,0.9226860297229537
634075.0,135,0.113717,0.567618,0.860636,38501,31,33,0.000413549,0.00256493,0.9796640957909416,0.9493548620300033
926239.0,135,0.178276,0.317974,0.814024,37895,28,33,2.51421e-09,0.00959047,0.9999498581013523,0.9020690549417602
414743.0,230,0.129534,0.548247,0.969084,86679,45,16,0.00435118,0.000707067,0.9340365252582916,0.9734092685320618
414743.0,210,0.266858,0.496877,0.969084,86679,44,16,0.00324362,0.000768508,0.9430472125352938,0.972278023158512
296989.0,230,0.28841,0.546385,0.969084,84727,42,15,0.0038987,0.000719573,0.9375604292135188,0.97317514212526
1000000.0,380,0.0415439,0.488239,0.99,141546,35,30,0.00808921,8.84176e-05,0.910059964420732,0.9905969366693614
989233.0,410,0.157904,0.28258,0.985714,76671,36,43,0.00624472,0.000283458,0.9209764592036018,0.9831637890248429
357881.0,230,0.140143,0.665867,0.964963,86679,32,18,0.00476575,0.000494012,0.9309655882910559,0.9777736192779841
604016.0,312,0.113717,0.537461,0.860636,38501,32,33,0.00314225,0.000776747,0.9439442242048154,0.9721298188021678
634075.0,135,0.113717,0.567618,0.860636,38501,34,20,0.000411805,0.00257192,0.9797070209185541,0.9492858993967161
1000000.0,473,0.0415439,0.355896,0.99,141546,32,30,0.00798983,0.000126915,0.9106141510081154,0.9887343442268104
970294.0,135,0.0149444,0.329141,0.711238,11967,32,31,1.42257e-05,0.00720219,0.9962283027693093,0.9151342825400033
444603.0,175,0.232817,0.496877,0.957986,86679,44,39,0.00192823,0.00112567,0.9560883842246723,0.966448994053829
642522.0,155,0.266858,0.502448,0.969084,79626,47,39,0.00257469,0.000967332,0.9492585967872389,0.9688980386470564
989233.0,410,0.157904,0.28258,0.985714,64070,35,43,0.0058344,0.0002895,0.9236167557641075,0.9829853004728264
601364.0,395,0.148246,0.76786,0.981069,49817,47,21,0.00780574,0.000139427,0.9116499009621382,0.9881920789298031
357881.0,259,0.140143,0.665867,0.964963,86679,35,18,0.00500853,0.000339569,0.929229031375853,0.9815726019199671
414743.0,230,0.129534,0.548247,0.969084,86679,45,16,0.00435118,0.000707067,0.9340365252582916,0.9734092685320618
858585.0,407,0.11031,0.558404,0.99,115534,31,38,0.00856375,9.17794e-05,0.9074594683395433,0.9904198434250792
970294.0,135,0.0702842,0.329141,0.711238,19425,32,33,6.1347e-09,0.00907194,0.9999216756742768,0.9047532677725897
926239.0,135,0.0694712,0.382111,0.952931,36153,34,30,0.000423618,0.00263977,0.9794180175881914,0.9486213079185544
935750.0,135,0.0694712,0.310224,0.74314,43457,32,33,0.000317146,0.00707926,0.9821914065687377,0.9158616615329255
860671.0,303,0.123792,0.214741,0.876913,68076,45,18,0.00171484,0.00227683,0.9585893733445146,0.9522838601728932
414570.0,395,0.170866,0.8,0.981069,49817,47,14,0.00722913,0.00016941,0.9149757093531501,0.9869842403218252
970294.0,135,0.01,0.59067,0.711238,14152,34,33,0.00193781,0.00173686,0.9559794366233234,0.9583243476355798
357881.0,230,0.129534,0.665867,0.964963,86679,45,18,0.00498703,0.000539017,0.9293810931831992,0.9767832603494806
901963.0,244,0.01,0.196794,0.385335,10000,32,33,1.5976e-05,0.00751049,0.9960030011258445,0.9133369167407482
891205.0,410,0.0302768,0.188646,0.985714,34772,36,43,0.00285779,0.00138329,0.9465416984931245,0.9628073932077893
444174.0,230,0.129534,0.517379,0.956806,86679,45,40,0.00413077,0.00084225,0.9357289334147939,0.9709784562781371
891205.0,410,0.143466,0.299167,0.972956,103994,32,23,0.00654801,0.000289991,0.9190802249138074,0.9829708778852226
284165.0,201,0.177651,0.56444,0.969084,76350,37,26,0.00351222,0.0012256,0.940736014308857,0.9649914296207343
891205.0,410,0.143466,0.242572,0.972956,103994,32,23,0.00542687,0.000343417,0.9263327073933079,0.9814684863003585
891205.0,410,0.143466,0.271083,0.972956,103994,36,20,0.00604494,0.000314141,0.9222507877853415,0.9822759767546981
412717.0,318,0.101498,0.643393,0.79817,53408,10,30,0.00403549,0.000941837,0.9364744933117413,0.9693106370219257
414570.0,396,0.176281,0.638502,0.864427,18382,46,10,0.0030444,0.00126765,0.9448239182253759,0.9643959271992655
926239.0,135,0.0694712,0.310224,0.757004,36153,32,33,7.85258e-05,0.0071912,0.9911385215680452,0.9151990566090211
414743.0,155,0.266858,0.527744,0.99,83343,44,15,0.00158354,0.000743295,0.9602062819027928,0.9727365629459527
396212.0,155,0.266858,0.527744,0.99,80420,43,15,0.00135842,0.000807467,0.9631432502789516,0.9715840361768249
670594.0,175,0.0955923,0.567618,0.860636,17281,36,33,0.000300839,0.00151527,0.9826552889905885,0.9610735308562413
990004.0,135,0.0630224,0.513039,0.833068,10000,40,35,3.77849e-05,0.00202562,0.9938530576706789,0.9549931116383281
1000000.0,342,0.0415439,0.568048,0.99,83589,35,34,0.00726207,6.32533e-05,0.9147822201650383,0.9920468056731901
396212.0,155,0.266858,0.491215,0.99,68285,36,15,0.000488612,0.00105478,0.9778954303366928,0.9675226232586436
915766.0,154,0.0702842,0.425363,0.711238,11617,32,33,9.78743e-07,0.00383835,0.9990106855909268,0.9380455812713895
387854.0,178,0.126977,0.720231,0.99,49817,34,14,0.00202328,0.000575488,0.9550191151709974,0.9760106690380911
425212.0,395,0.0790903,0.76786,0.975495,33841,47,21,0.00495729,9.26943e-05,0.9295919748892216,0.9903722120920743
820563.0,261,0.0856139,0.562469,0.963184,17164,37,33,0.00252648,0.000230047,0.9497358975012982,0.9848326996469379
808376.0,261,0.0702842,0.373425,0.793538,10000,37,33,0.000271059,0.00162358,0.9835361304669893,0.9597063280402494
461824.0,133,0.266858,0.527744,0.99,80420,43,15,0.000902239,0.00100488,0.9699627065134023,0.968300157729099
886626.0,113,0.168764,0.317974,0.972146,36153,10,33,2.99803e-10,0.00460292,0.9999826851797584,0.9321551770582309
664455.0,244,0.0315808,0.35179,0.711298,10000,31,32,3.31836e-05,0.00226253,0.994239479190212,0.9524339406719455
625184.0,135,0.0702842,0.489874,0.643785,11617,34,24,9.66661e-11,0.00772241,0.9999901681080152,0.912122756074169
1000000.0,380,0.0415439,0.558404,0.99,86202,35,42,0.0075337,4.95942e-05,0.9132031106548166,0.9929576850397046
433115.0,407,0.0637467,0.577566,0.99,18382,47,22,0.00272759,0.000151381,0.9477736656465342,0.9876963013691005
941756.0,380,0.0415439,0.488239,0.99,53467,35,30,0.0062413,8.19928e-05,0.9209981012886399,0.9909450124240836
1000000.0,342,0.0415439,0.558404,0.99,82641,35,22,0.00720102,6.68078e-05,0.9151411760628277,0.9918263961436831
970294.0,135,0.0702842,0.425363,0.711238,11617,32,33,8.89232e-09,0.00519452,0.9999057009013829,0.9279269814701785
1000000.0,342,0.0415439,0.558404,0.99,86202,35,38,0.00727246,6.72794e-05,0.9147212804974183,0.9917975979128063
414570.0,424,0.0544552,0.577566,0.946368,18382,47,13,0.00290149,0.000238583,0.9461345194024967,0.9845538677980538
737403.0,91,0.0844284,0.676624,0.687963,12438,12,37,2.32916e-09,0.00559632,0.999951738628283,0.9251914443395677
645809.0,244,0.0315808,0.240195,0.699064,10000,31,14,1.95727e-09,0.00733415,0.9999557589557085,0.914360347968946
414743.0,179,0.266858,0.527744,0.99,83343,44,28,0.00260853,0.000579665,0.9489262298239106,0.9759237669059299
970294.0,135,0.0702842,0.425363,0.711238,11617,37,34,8.7999e-09,0.00521502,0.9999061922178069,0.9277849046251408
808376.0,261,0.0702842,0.44416,0.793538,11617,37,33,0.000874755,0.00124557,0.9704237426302786,0.9647073662076631
709763.0,244,0.0315808,0.258601,0.711298,10000,31,32,2.76348e-08,0.00502256,0.9998337628200432,0.9291299781289719
314256.0,421,0.11631,0.532776,0.97512,75606,10,21,0.00578158,0.000118933,0.9239632983356064,0.9890943592577052
387854.0,360,0.126977,0.720231,0.99,49817,35,19,0.00549309,0.000120634,0.925884616981358,0.9890166489630896
642522.0,128,0.266858,0.496877,0.969084,76703,47,39,0.0010039,0.00120524,0.9683156189897925,0.96528343334948
406214.0,280,0.137023,0.548247,0.911326,49912,46,16,0.00240798,0.000828647,0.9509288271996684,0.9712137706533142
642522.0,155,0.266858,0.496877,0.969084,65432,50,39,0.00174664,0.00101476,0.9582071776497447,0.9681447021674573
709763.0,244,0.01,0.293047,0.424059,10000,31,14,9.89097e-05,0.00349805,0.9900546644098854,0.94085568497311
422372.0,175,0.01,0.567618,0.860636,10000,36,36,0.000221808,0.00228204,0.9851067800660838,0.9522292976815286
808376.0,261,0.0702842,0.44416,0.793538,11617,37,33,0.000874755,0.00124557,0.9704237426302786,0.9647073662076631
970294.0,135,0.0702842,0.425363,0.711238,22442,32,36,6.97869e-05,0.00413912,0.99164614460264,0.9356640069634423
642522.0,154,0.248284,0.46545,0.969084,82100,50,41,0.00189347,0.000960584,0.9564859792710442,0.9690067104037019
1000000.0,135,0.0219726,0.516784,0.746882,10000,33,39,0.000301459,0.0020484,0.9826374253061362,0.9547407468024494
406214.0,280,0.137023,0.548247,0.911326,49912,46,15,0.0024064,0.000829228,0.9509449289063812,0.9712036807907677
414570.0,396,0.0400236,0.638502,0.864427,14462,40,10,0.00284463,0.000367558,0.9466649271117026,0.9808281977894617
712468.0,186,0.0924967,0.382111,0.952931,36153,40,34,0.000492379,0.00159551,0.9778103853120429,0.9600561644305408
481574.0,424,0.0544552,0.631598,0.946368,35764,48,14,0.00494702,0.000158728,0.9296649447288197,0.9874012699052642
387854.0,395,0.117984,0.766264,0.99,49817,35,19,0.00621934,9.67039e-05,0.9211372077592987,0.9901661858874595
991665.0,115,0.0694712,0.563064,0.99,36153,32,32,0.00128984,0.00116282,0.9640856574611201,0.9658998533727493
710921.0,136,0.0844284,0.676624,0.687963,12438,12,34,0.000104204,0.00242073,0.9897919639499069,0.9507990853743551
414743.0,155,0.266858,0.496877,0.969084,86679,44,39,0.00137975,0.00131532,0.9628550137972834,0.9637326593199887
709763.0,244,0.0315808,0.240195,0.380853,10000,31,14,2.46106e-09,0.00871927,0.999950390928249,0.9066229685629277
991665.0,115,0.0694712,0.563064,0.937632,36153,32,32,0.00125956,0.00149874,0.9645097196404424,0.9612864364853867
970294.0,135,0.0702842,0.608651,0.711238,11617,32,33,0.0003005,0.002471,0.9826650641766402,0.9502908459134537
1000000.0,342,0.0415439,0.558404,0.99,115882,35,38,0.00777868,7.31374e-05,0.9118031746603088,0.9914479593078611
642522.0,155,0.266858,0.496877,0.969084,76703,50,39,0.00233563,0.000983179,0.9516716439344354,0.968644314710088
419310.0,346,0.100307,0.548247,0.969084,64100,45,16,0.00454149,0.000257012,0.9326094220235499,0.9839684061927705
414570.0,396,0.0400236,0.638502,0.864427,18382,46,10,0.00331951,0.000373046,0.9423848110304236,0.9806856012260283
891205.0,289,0.120277,0.271083,0.985714,77974,36,43,0.00304942,0.000478891,0.9447784462369991,0.9781164216820009
709763.0,229,0.0311317,0.240195,0.97394,10000,33,32,2.57381e-09,0.00584858,0.999949267268948,0.9235239906898902
945318.0,135,0.0706256,0.608651,0.711238,11617,32,33,0.000253443,0.00253035,0.9840801067842777,0.9496974155733525
542240.0,396,0.0400236,0.638502,0.864427,18382,45,10,0.00393222,0.000281615,0.9372925841706102,0.9832186114996404
991665.0,115,0.116179,0.563064,0.937632,52041,32,32,0.00148669,0.00124833,0.9614423807788914,0.9646682862006384
891205.0,410,0.143466,0.177733,0.972956,88677,28,25,0.00292459,0.000538203,0.9459205214522182,0.9768007974274976
759894.0,285,0.0315808,0.240195,0.380853,10226,34,42,2.23673e-07,0.00525661,0.999527059200322,0.9274975172838889
623708.0,155,0.266858,0.488315,0.969084,78778,50,40,0.00216468,0.000995339,0.953473878304763,0.9684510063551941
712468.0,186,0.092091,0.382111,0.952931,36153,34,34,0.000497074,0.00159567,0.9777048435753413,0.9600541616685793
444603.0,175,0.232817,0.496877,0.957986,86679,44,39,0.00192823,0.00112567,0.9560883842246723,0.966448994053829
642522.0,155,0.266858,0.502448,0.969084,79626,47,39,0.00257469,0.000967332,0.9492585967872389,0.9688980386470564
872584.0,261,0.01,0.44416,0.793538,11617,36,33,0.00270274,0.000806999,0.9480121167963149,0.9715922721781555
759894.0,289,0.0315808,0.240195,0.380853,10226,34,42,3.27694e-07,0.00506667,0.9994275543693939,0.9288194549051498
669102.0,148,0.092091,0.382111,0.952931,38863,34,39,0.000146878,0.00310653,0.9878806765865417,0.9442637460892822
661548.0,317,0.0862026,0.558404,0.99,115882,34,32,0.00694266,0.000101313,0.916677374021218,0.9899345640928969
387854.0,342,0.190758,0.703687,0.99,44251,35,19,0.00560261,0.000199025,0.9251494154999441,0.985892377946656
314256.0,402,0.125303,0.532776,0.97512,75606,10,26,0.00568146,0.000132346,0.9246245398023999,0.9884958268441404
1000000.0,380,0.0415439,0.488239,0.99,141546,35,30,0.00808921,8.84176e-05,0.910059964420732,0.9905969366693614
926239.0,135,0.178276,0.317974,0.814024,37895,28,33,2.51421e-09,0.00959047,0.9999498581013523,0.9020690549417602
709763.0,244,0.0315808,0.240195,0.380853,10000,31,32,2.89614e-09,0.00862541,0.9999461842030627,0.9071269145553998
646226.0,135,0.0219726,0.469803,0.746882,10000,32,33,1.80871e-06,0.0051086,0.9986551171054697,0.9285255290330876
970294.0,135,0.01,0.629864,0.711238,11617,33,33,0.00173321,0.00148159,0.9583681612224489,0.9615085723829317
945318.0,135,0.0706256,0.660386,0.559549,11617,32,33,0.000403839,0.00366533,0.9799042541815438,0.9394580310858658
991665.0,115,0.116179,0.444755,0.767987,46494,29,32,0.00037841,0.00491886,0.9805472367001498,0.9298654150935504
385740.0,421,0.137045,0.532776,0.97512,83084,10,34,0.0067774,0.000137481,0.9176750341633839,0.988274770791153
891205.0,410,0.0302768,0.188646,0.985714,34772,36,43,0.00285779,0.00138329,0.9465416984931245,0.9628073932077893
414743.0,155,0.266858,0.527744,0.99,83343,44,15,0.00158354,0.000743295,0.9602062819027928,0.9727365629459527
670594.0,175,0.0955923,0.567618,0.860636,17281,36,33,0.000300839,0.00151527,0.9826552889905885,0.9610735308562413
396212.0,155,0.266858,0.491215,0.99,68285,36,15,0.000488612,0.00105478,0.9778954303366928,0.9675226232586436
387854.0,178,0.126977,0.720231,0.99,49817,34,14,0.00202328,0.000575488,0.9550191151709974,0.9760106690380911
425212.0,395,0.0790903,0.76786,0.975495,33841,47,21,0.00495729,9.26943e-05,0.9295919748892216,0.9903722120920743
820563.0,261,0.0856139,0.562469,0.963184,17164,37,33,0.00252648,0.000230047,0.9497358975012982,0.9848326996469379
461824.0,133,0.266858,0.527744,0.99,80420,43,15,0.000902239,0.00100488,0.9699627065134023,0.968300157729099
1000000.0,380,0.0415439,0.558404,0.99,86202,35,42,0.0075337,4.95942e-05,0.9132031106548166,0.9929576850397046
433115.0,407,0.0637467,0.577566,0.99,18382,47,22,0.00272759,0.000151381,0.9477736656465342,0.9876963013691005
941756.0,380,0.0415439,0.488239,0.99,53467,35,30,0.0062413,8.19928e-05,0.9209981012886399,0.9909450124240836
755831.0,142,0.0362367,0.516784,0.733746,10000,32,39,5.23202e-06,0.00279844,0.997712639075266,0.9470997164468847
625184.0,187,0.0702842,0.519582,0.84018,11617,34,24,5.77909e-05,0.00168146,0.9923979673770761,0.9589943906276227
396212.0,155,0.266858,0.491215,0.99,68285,36,15,0.000488612,0.00105478,0.9778954303366928,0.9675226232586436
396212.0,155,0.266858,0.576686,0.99,75879,41,15,0.00159805,0.000664504,0.960024382431287,0.9742220249049698
692529.0,135,0.0937909,0.518953,0.897879,10000,33,39,1.18053e-10,0.00353952,0.99998913478026,0.9405061347700454
479167.0,395,0.0790903,0.593766,0.975495,33841,47,26,0.00405038,0.000128394,0.9363574042012741,0.9886688923754119
668537.0,424,0.0544552,0.563166,0.99,64737,47,18,0.00652019,6.27691e-05,0.9192523065344897,0.9920773047515381
556117.0,280,0.131814,0.548247,0.911326,13901,47,12,0.000988643,0.000772555,0.9685573060950561,0.9722051263719369
506533.0,244,0.0315808,0.35179,0.711298,11281,31,32,3.91451e-06,0.00313458,0.9980214879328142,0.9440126800069872
647099.0,261,0.0702842,0.370053,0.793538,10000,37,33,3.11967e-05,0.00198325,0.9944145993876894,0.955466304891689
970007.0,113,0.121721,0.317974,0.95237,38907,10,33,9.16254e-07,0.00331716,0.9990427884246417,0.9424052085688298
794849.0,113,0.168764,0.317974,0.972146,36153,10,33,8.13543e-11,0.00588937,0.9999909803381438,0.9232577691228617
645809.0,244,0.0315808,0.387217,0.829897,10000,34,21,0.00012917,0.00154182,0.9886347019396762,0.9607339841593268
778746.0,113,0.168764,0.293651,0.972146,33862,10,36,1.64052e-12,0.00832338,0.9999987191721427,0.9087674400227638
396212.0,155,0.266858,0.527744,0.99,80420,43,15,0.00135842,0.000807467,0.9631432502789516,0.9715840361768249
990004.0,135,0.0630224,0.513039,0.833068,10000,40,35,3.77849e-05,0.00202562,0.9938530576706789,0.9549931116383281
1000000.0,342,0.0415439,0.568048,0.99,83589,35,34,0.00726207,6.32533e-05,0.9147822201650383,0.9920468056731901
808376.0,261,0.0702842,0.373425,0.793538,10000,37,33,0.000271059,0.00162358,0.9835361304669893,0.9597063280402494
886626.0,113,0.168764,0.317974,0.972146,36153,10,33,2.99803e-10,0.00460292,0.9999826851797584,0.9321551770582309
664455.0,244,0.0315808,0.35179,0.711298,10000,31,32,3.31836e-05,0.00226253,0.994239479190212,0.9524339406719455
625184.0,135,0.0702842,0.489874,0.643785,11617,34,24,9.66661e-11,0.00772241,0.9999901681080152,0.912122756074169
1000000.0,342,0.0415439,0.558404,0.99,82641,35,22,0.00720102,6.68078e-05,0.9151411760628277,0.9918263961436831
414570.0,424,0.0544552,0.577566,0.946368,18382,47,13,0.00290149,0.000238583,0.9461345194024967,0.9845538677980538
414743.0,179,0.266858,0.527744,0.99,83343,44,28,0.00260853,0.000579665,0.9489262298239106,0.9759237669059299
481574.0,424,0.0544552,0.631598,0.946368,35764,48,14,0.00494702,0.000158728,0.9296649447288197,0.9874012699052642
387854.0,395,0.117984,0.766264,0.99,49817,35,19,0.00621934,9.67039e-05,0.9211372077592987,0.9901661858874595
1000000.0,137,0.043841,0.656145,0.701099,12438,12,37,0.0010069,0.00105077,0.9682683123676032,0.9675844173274643
457324.0,360,0.126977,0.40739,0.924742,45425,35,21,0.00221736,0.000676226,0.9529111478160701,0.9739956542093442
746033.0,342,0.0415439,0.604771,0.93987,10000,35,33,0.00319721,0.000165023,0.9434561232316,0.9871538721787458
764989.0,261,0.0702842,0.38471,0.793538,10000,37,33,0.000248511,0.00162725,0.9842357683346127,0.9596608130969401
642522.0,128,0.266858,0.496877,0.99,76703,47,25,0.00120099,0.000866178,0.9653446973754376,0.9705690978731538
1000000.0,365,0.0415439,0.558404,0.99,115882,35,36,0.00789337,5.73907e-05,0.9111553603192629,0.992424335012687
396212.0,155,0.266858,0.491215,0.99,68285,42,15,0.000489275,0.00105623,0.9778804385215258,0.9675003076937643
716074.0,274,0.127525,0.558404,0.973347,19660,33,34,0.00275131,0.000272962,0.9475470687187074,0.9834784383304725
414570.0,424,0.0544552,0.605289,0.946368,18382,42,13,0.00308906,0.00021581,0.9444206873018386,0.9853095268966585
387854.0,395,0.117984,0.771435,0.99,35351,35,21,0.00540199,0.000102388,0.9265017687287647,0.9898813044318944
396212.0,155,0.266858,0.527744,0.99,80420,43,15,0.00135842,0.000807467,0.9631432502789516,0.9715840361768249
817643.0,244,0.0315808,0.304068,0.711298,10000,31,33,3.23091e-05,0.00242472,0.9943158905710745,0.9507585540423517
629628.0,244,0.0315808,0.268337,0.966687,10000,24,32,3.69459e-08,0.00378651,0.9998077868370793,0.9384653756003988
709763.0,157,0.0311317,0.308604,0.97394,10000,35,34,3.24875e-10,0.00870641,0.9999819757108324,0.9066918545892161
1000000.0,342,0.0415439,0.558404,0.99,86202,35,38,0.00727246,6.72794e-05,0.9147212804974183,0.9917975979128063
645809.0,244,0.0315808,0.240195,0.699064,10000,31,14,1.95727e-09,0.00733415,0.9999557589557085,0.914360347968946
379565.0,346,0.137023,0.548247,0.99,49912,46,16,0.00355556,0.000179109,0.9403714833322177,0.9866168389384271
511087.0,346,0.100307,0.548247,0.969084,64100,50,16,0.00488431,0.000178328,0.9301121612868162,0.9866460492737168
737403.0,91,0.0844284,0.676624,0.687963,12438,12,37,2.32916e-09,0.00559632,0.999951738628283,0.9251914443395677
314256.0,421,0.11631,0.532776,0.97512,75606,10,21,0.00578158,0.000118933,0.9239632983356064,0.9890943592577052
661548.0,317,0.0862026,0.558404,0.99,115882,34,32,0.00694266,0.000101313,0.916677374021218,0.9899345640928969
915766.0,154,0.0702842,0.425363,0.711238,11617,32,33,9.78743e-07,0.00383835,0.9990106855909268,0.9380455812713895
414570.0,396,0.0400236,0.638502,0.864427,14462,40,10,0.00284463,0.000367558,0.9466649271117026,0.9808281977894617
709763.0,244,0.01,0.293047,0.424059,10000,31,14,9.89097e-05,0.00349805,0.9900546644098854,0.94085568497311
642522.0,154,0.248284,0.46545,0.969084,82100,50,41,0.00189347,0.000960584,0.9564859792710442,0.9690067104037019
710921.0,136,0.0844284,0.676624,0.687963,12438,12,34,0.000104204,0.00242073,0.9897919639499069,0.9507990853743551
709763.0,244,0.0315808,0.258601,0.711298,10000,31,32,2.76348e-08,0.00502256,0.9998337628200432,0.9291299781289719
808376.0,363,0.0702842,0.373425,0.793538,10000,40,33,0.00129784,0.0010055,0.9639744535086558,0.9682903800085841
387854.0,360,0.126977,0.720231,0.99,49817,35,19,0.00549309,0.000120634,0.925884616981358,0.9890166489630896
872584.0,261,0.01,0.44416,0.793538,11617,36,33,0.00270274,0.000806999,0.9480121167963149,0.9715922721781555
362820.0,217,0.137023,0.642404,0.911326,34526,47,17,0.000976618,0.00112095,0.9687491120126164,0.9665194086073737
406214.0,280,0.137023,0.548247,0.911326,49912,46,15,0.0024064,0.000829228,0.9509449289063812,0.9712036807907677
905205.0,113,0.38958,0.360139,0.968721,41309,10,19,0.00030975,0.00179469,0.982400284093202,0.9576362182991178
422372.0,175,0.01,0.567618,0.860636,10000,36,36,0.000221808,0.00228204,0.9851067800660838,0.9522292976815286
1000000.0,135,0.0219726,0.516784,0.746882,10000,33,39,0.000301459,0.0020484,0.9826374253061362,0.9547407468024494
642522.0,149,0.266858,0.496877,0.969084,48815,32,39,0.000683693,0.00112146,0.9738524762166664,0.9665117931205626
808376.0,261,0.0702842,0.413566,0.77648,11617,37,32,0.000632744,0.00148954,0.9748455968069206,0.961405440797957
661548.0,349,0.0776747,0.558404,0.99,115882,34,32,0.00720705,8.4311e-05,0.9151056538985075,0.9908178978441753
970294.0,135,0.0702842,0.425363,0.711238,11617,37,34,8.7999e-09,0.00521502,0.9999061922178069,0.9277849046251408
406214.0,280,0.137023,0.548247,0.911326,49912,46,16,0.00240798,0.000828647,0.9509288271996684,0.9712137706533142
712468.0,186,0.0924967,0.382111,0.952931,36153,40,34,0.000492379,0.00159551,0.9778103853120429,0.9600561644305408
712468.0,186,0.0924967,0.382111,0.952931,36153,40,34,0.000492379,0.00159551,0.9778103853120429,0.9600561644305408
808376.0,261,0.0702842,0.432875,0.793538,10000,37,33,0.000667352,0.00130803,0.9741668430113546,0.9638333026113802
670594.0,163,0.0955923,0.49329,0.947424,35224,33,41,0.000662081,0.00133996,0.9742690653104089,0.9633945359269959
425212.0,395,0.0790903,0.76786,0.975495,33841,47,21,0.00495729,9.26943e-05,0.9295919748892216,0.9903722120920743
1000000.0,380,0.0415439,0.558404,0.99,86202,35,42,0.0075337,4.95942e-05,0.9132031106548166,0.9929576850397046
433115.0,407,0.0637467,0.577566,0.99,18382,47,22,0.00272759,0.000151381,0.9477736656465342,0.9876963013691005
941756.0,380,0.0415439,0.488239,0.99,53467,35,30,0.0062413,8.19928e-05,0.9209981012886399,0.9909450124240836
479167.0,395,0.0790903,0.593766,0.975495,33841,47,26,0.00405038,0.000128394,0.9363574042012741,0.9886688923754119
668537.0,424,0.0544552,0.563166,0.99,64737,47,18,0.00652019,6.27691e-05,0.9192523065344897,0.9920773047515381
645809.0,244,0.0315808,0.387217,0.829897,10000,34,21,0.00012917,0.00154182,0.9886347019396762,0.9607339841593268
778746.0,113,0.168764,0.293651,0.972146,33862,10,36,1.64052e-12,0.00832338,0.9999987191721427,0.9087674400227638
437235.0,407,0.0637467,0.577566,0.99,18382,47,22,0.00275057,0.000149084,0.9475541231363227,0.9877900040950047
429434.0,244,0.0788208,0.35179,0.835498,11281,31,32,5.68866e-11,0.00415216,0.9999924576794021,0.9355627436959021
721581.0,395,0.0790903,0.529672,0.975495,20479,47,33,0.0042236,0.000120557,0.9350107701230427,0.9890201548280497
627763.0,384,0.0415439,0.726426,0.99,53467,30,30,0.00660869,6.00879e-05,0.9187061502941336,0.9922483614635356
647099.0,261,0.0702842,0.388972,0.878009,11562,38,27,0.00013604,0.00126033,0.9883363813505414,0.9644988732573176
941756.0,380,0.0415439,0.488239,0.99,53467,35,30,0.0062413,8.19928e-05,0.9209981012886399,0.9909450124240836
414570.0,371,0.0544552,0.577566,0.99,10000,43,13,0.00147929,0.000235607,0.9615384607692308,0.9846505048942971
716074.0,265,0.127525,0.556543,0.99,19660,34,34,0.00259457,0.000219042,0.9490630782241408,0.9851999324325866
396212.0,164,0.266858,0.527744,0.99,50406,43,11,0.000197183,0.000821364,0.9859578135605598,0.9713405512963003
778746.0,135,0.110859,0.376629,0.972146,25472,10,36,4.49266e-08,0.00157533,0.9997880410417086,0.9603095729425848
692529.0,113,0.151695,0.435975,0.897879,18390,33,39,1.58369e-13,0.00944684,0.9999996020439723,0.9028051441690457
670594.0,215,0.0955923,0.641203,0.99,26175,36,33,0.00212312,0.00022488,0.9539226736886786,0.9850040005334756
709763.0,244,0.089272,0.293047,0.967487,10000,31,14,7.04086e-11,0.00237346,0.9999916090167441,0.951281830904682
808376.0,261,0.196568,0.38672,0.99,10000,37,33,0.000670066,0.000556919,0.9741143669190804,0.9764008686600545
433115.0,407,0.0486954,0.410861,0.99,12636,46,31,0.00102006,0.000396466,0.9680616218320341,0.9800885460098967
1000000.0,400,0.0415439,0.558404,0.99,86202,35,42,0.00766816,4.45042e-05,0.9124319693038607,0.993328853172055
396212.0,155,0.266858,0.491215,0.99,68285,36,15,0.000488612,0.00105478,0.9778954303366928,0.9675226232586436
820563.0,261,0.0856139,0.562469,0.963184,17164,37,33,0.00252648,0.000230047,0.9497358975012982,0.9848326996469379
461824.0,133,0.266858,0.527744,0.99,80420,43,15,0.000902239,0.00100488,0.9699627065134023,0.968300157729099
755831.0,142,0.0362367,0.516784,0.733746,10000,32,39,5.23202e-06,0.00279844,0.997712639075266,0.9470997164468847
625184.0,187,0.0702842,0.519582,0.84018,11617,34,24,5.77909e-05,0.00168146,0.9923979673770761,0.9589943906276227
396212.0,155,0.266858,0.491215,0.99,68285,36,15,0.000488612,0.00105478,0.9778954303366928,0.9675226232586436
692529.0,135,0.0937909,0.518953,0.897879,10000,33,39,1.18053e-10,0.00353952,0.99998913478026,0.9405061347700454
556117.0,280,0.131814,0.548247,0.911326,13901,47,12,0.000988643,0.000772555,0.9685573060950561,0.9722051263719369
506533.0,244,0.0315808,0.35179,0.711298,11281,31,32,3.91451e-06,0.00313458,0.9980214879328142,0.9440126800069872
970007.0,113,0.121721,0.317974,0.95237,38907,10,33,9.16254e-07,0.00331716,0.9990427884246417,0.9424052085688298
794849.0,113,0.168764,0.317974,0.972146,36153,10,33,8.13543e-11,0.00588937,0.9999909803381438,0.9232577691228617
1000000.0,342,0.0415439,0.568048,0.99,83589,35,34,0.00726207,6.32533e-05,0.9147822201650383,0.9920468056731901
1000000.0,342,0.0415439,0.558404,0.99,82641,35,22,0.00720102,6.68078e-05,0.9151411760628277,0.9918263961436831
387854.0,395,0.117984,0.766264,0.99,49817,35,19,0.00621934,9.67039e-05,0.9211372077592987,0.9901661858874595
746033.0,342,0.0415439,0.604771,0.93987,10000,35,33,0.00319721,0.000165023,0.9434561232316,0.9871538721787458
1000000.0,365,0.0415439,0.558404,0.99,115882,35,36,0.00789337,5.73907e-05,0.9111553603192629,0.992424335012687
414570.0,424,0.0544552,0.605289,0.946368,18382,42,13,0.00308906,0.00021581,0.9444206873018386,0.9853095268966585
387854.0,395,0.117984,0.771435,0.99,35351,35,21,0.00540199,0.000102388,0.9265017687287647,0.9898813044318944
457704.0,133,0.266858,0.527744,0.99,80420,43,18,0.000897748,0.00101882,0.9700375568419396,0.9680810401171968
556117.0,280,0.0547965,0.548247,0.911326,13901,47,11,0.00128102,0.000560896,0.9642086602653659,0.9763167569788257
645809.0,244,0.0315808,0.353936,0.829897,10000,32,21,2.99565e-05,0.00184042,0.9945267468540182,0.9570998834500418
495903.0,302,0.0315808,0.385071,0.813157,10504,32,32,0.000228115,0.00138042,0.9848965235789902,0.9628459961780699
692529.0,135,0.0937909,0.518953,0.897879,25146,15,38,5.60598e-05,0.00181909,0.992512690736987,0.9573492086826048
387854.0,395,0.117984,0.766264,0.99,45996,45,14,0.00600839,9.83827e-05,0.9224861947779623,0.990081194628384
517641.0,151,0.0362367,0.604372,0.99,15777,32,39,0.000178685,0.00154925,0.9866326891260807,0.9606394867919636
414570.0,424,0.0544552,0.577566,0.95217,18382,47,13,0.0029039,0.000227277,0.9461121535037815,0.9849242910614459
820563.0,261,0.0856139,0.562469,0.981501,23297,37,33,0.00310333,0.000171764,0.9442924601153488,0.9868941234554877
387854.0,360,0.126977,0.720231,0.99,40757,35,19,0.00492618,0.000125562,0.9298132491135257,0.9887945548950522
387854.0,178,0.126977,0.720231,0.99,49817,34,14,0.00202328,0.000575488,0.9550191151709974,0.9760106690380911
396212.0,155,0.266858,0.576686,0.99,75879,41,15,0.00159805,0.000664504,0.960024382431287,0.9742220249049698
647099.0,261,0.0702842,0.370053,0.793538,10000,37,33,3.11967e-05,0.00198325,0.9944145993876894,0.955466304891689
396212.0,155,0.266858,0.527744,0.99,80420,43,15,0.00135842,0.000807467,0.9631432502789516,0.9715840361768249
808376.0,261,0.0702842,0.373425,0.793538,10000,37,33,0.000271059,0.00162358,0.9835361304669893,0.9597063280402494
886626.0,113,0.168764,0.317974,0.972146,36153,10,33,2.99803e-10,0.00460292,0.9999826851797584,0.9321551770582309
625184.0,135,0.0702842,0.489874,0.643785,11617,34,24,9.66661e-11,0.00772241,0.9999901681080152,0.912122756074169
414570.0,424,0.0544552,0.577566,0.946368,18382,47,13,0.00290149,0.000238583,0.9461345194024967,0.9845538677980538
481574.0,424,0.0544552,0.631598,0.946368,35764,48,14,0.00494702,0.000158728,0.9296649447288197,0.9874012699052642
1000000.0,137,0.043841,0.656145,0.701099,12438,12,37,0.0010069,0.00105077,0.9682683123676032,0.9675844173274643
764989.0,261,0.0702842,0.38471,0.793538,10000,37,33,0.000248511,0.00162725,0.9842357683346127,0.9596608130969401
642522.0,128,0.266858,0.496877,0.99,76703,47,25,0.00120099,0.000866178,0.9653446973754376,0.9705690978731538
396212.0,155,0.266858,0.491215,0.99,68285,42,15,0.000489275,0.00105623,0.9778804385215258,0.9675003076937643
716074.0,274,0.127525,0.558404,0.973347,19660,33,34,0.00275131,0.000272962,0.9475470687187074,0.9834784383304725
396212.0,155,0.266858,0.527744,0.99,80420,43,15,0.00135842,0.000807467,0.9631432502789516,0.9715840361768249
629628.0,244,0.0315808,0.268337,0.966687,10000,24,32,3.69459e-08,0.00378651,0.9998077868370793,0.9384653756003988
1000000.0,342,0.0415439,0.558404,0.99,86202,35,38,0.00727246,6.72794e-05,0.9147212804974183,0.9917975979128063
314256.0,421,0.11631,0.532776,0.97512,75606,10,21,0.00578158,0.000118933,0.9239632983356064,0.9890943592577052
661548.0,317,0.0862026,0.558404,0.99,115882,34,32,0.00694266,0.000101313,0.916677374021218,0.9899345640928969
387854.0,360,0.126977,0.720231,0.99,49817,35,19,0.00549309,0.000120634,0.925884616981358,0.9890166489630896
661548.0,349,0.0776747,0.558404,0.99,115882,34,32,0.00720705,8.4311e-05,0.9151056538985075,0.9908178978441753
917321.0,342,0.0415439,0.524514,0.99,66459,35,34,0.00652584,0.00010445,0.9192173285908419,0.9897799217224132
941756.0,380,0.0415439,0.441174,0.99,53467,35,30,0.005965,0.000118603,0.9227665875414015,0.9891094995523622
834311.0,380,0.0415439,0.492192,0.99,52610,40,30,0.00600729,0.000113451,0.9224932906130057,0.989348662055873
963333.0,342,0.01,0.604771,0.93987,10000,35,28,0.00506364,0.000132633,0.9288407419937503,0.9884833598649606
414570.0,489,0.0544552,0.573922,0.946368,18382,42,13,0.00344025,0.000177508,0.9413463556119486,0.9866767871742586
465569.0,261,0.0702842,0.538559,0.793538,10000,37,33,0.000272908,0.00145522,0.9834800726393849,0.9618526540897011
396212.0,215,0.266858,0.393859,0.99,78591,33,15,0.00136433,0.000697641,0.963063162019469,0.9735871054217831
425212.0,395,0.0790903,0.76786,0.975495,33841,47,21,0.00495729,9.26943e-05,0.9295919748892216,0.9903722120920743
1000000.0,380,0.0415439,0.558404,0.99,86202,35,42,0.0075337,4.95942e-05,0.9132031106548166,0.9929576850397046
433115.0,407,0.0637467,0.577566,0.99,18382,47,22,0.00272759,0.000151381,0.9477736656465342,0.9876963013691005
668537.0,424,0.0544552,0.563166,0.99,64737,47,18,0.00652019,6.27691e-05,0.9192523065344897,0.9920773047515381
437235.0,407,0.0637467,0.577566,0.99,18382,47,22,0.00275057,0.000149084,0.9475541231363227,0.9877900040950047
627763.0,384,0.0415439,0.726426,0.99,53467,30,30,0.00660869,6.00879e-05,0.9187061502941336,0.9922483614635356
414570.0,371,0.0544552,0.577566,0.99,10000,43,13,0.00147929,0.000235607,0.9615384607692308,0.9846505048942971
670594.0,215,0.0955923,0.641203,0.99,26175,36,33,0.00212312,0.00022488,0.9539226736886786,0.9850040005334756
709763.0,244,0.089272,0.293047,0.967487,10000,31,14,7.04086e-11,0.00237346,0.9999916090167441,0.951281830904682
1000000.0,400,0.0415439,0.558404,0.99,86202,35,42,0.00766816,4.45042e-05,0.9124319693038607,0.993328853172055
437235.0,407,0.0637467,0.577566,0.973655,13012,50,22,0.00221083,0.000187527,0.9529805359452067,0.9863059501972572
636300.0,424,0.0544552,0.563166,0.99,64737,47,21,0.0064184,6.96881e-05,0.9198850825376447,0.9916520601343805
629628.0,180,0.224591,0.268337,0.976752,10000,24,31,1.56122e-17,0.00938688,0.9999999960487723,0.9031140877113706
760850.0,384,0.0684287,0.546911,0.99,30312,30,29,0.00509855,8.05301e-05,0.9285958684668737,0.9910261435268888
379848.0,164,0.266858,0.5149,0.99,12691,43,11,3.07042e-13,0.00301803,0.9999994458862933,0.9450634001780234
748022.0,199,0.110859,0.351735,0.972146,10000,10,36,1.47948e-08,0.000379314,0.99987836612314,0.9805240147874363
479167.0,409,0.0790903,0.60516,0.99,27433,47,26,0.00391455,9.48211e-05,0.937433635234257,0.9902623873562356
794849.0,142,0.168764,0.342966,0.972146,31691,10,33,7.60694e-09,0.00155671,0.999912782226582,0.9605448355725135
778746.0,139,0.168764,0.293651,0.981038,21578,10,36,1.66834e-14,0.00466992,0.9999998708357635,0.9316631870804615
1000000.0,428,0.0415262,0.540074,0.99,82172,40,42,0.00769089,4.19008e-05,0.9123022805313616,0.9935269172722728
941756.0,380,0.0415439,0.488239,0.99,53467,35,30,0.0062413,8.19928e-05,0.9209981012886399,0.9909450124240836
479167.0,395,0.0790903,0.593766,0.975495,33841,47,26,0.00405038,0.000128394,0.9363574042012741,0.9886688923754119
778746.0,113,0.168764,0.293651,0.972146,33862,10,36,1.64052e-12,0.00832338,0.9999987191721427,0.9087674400227638
429434.0,244,0.0788208,0.35179,0.835498,11281,31,32,5.68866e-11,0.00415216,0.9999924576794021,0.9355627436959021
721581.0,395,0.0790903,0.529672,0.975495,20479,47,33,0.0042236,0.000120557,0.9350107701230427,0.9890201548280497
941756.0,380,0.0415439,0.488239,0.99,53467,35,30,0.0062413,8.19928e-05,0.9209981012886399,0.9909450124240836
778746.0,135,0.110859,0.376629,0.972146,25472,10,36,4.49266e-08,0.00157533,0.9997880410417086,0.9603095729425848
692529.0,113,0.151695,0.435975,0.897879,18390,33,39,1.58369e-13,0.00944684,0.9999996020439723,0.9028051441690457
433115.0,407,0.0486954,0.410861,0.99,12636,46,31,0.00102006,0.000396466,0.9680616218320341,0.9800885460098967
692529.0,135,0.0937909,0.518953,0.897879,10000,33,39,1.18053e-10,0.00353952,0.99998913478026,0.9405061347700454
1000000.0,342,0.0415439,0.568048,0.99,83589,35,34,0.00726207,6.32533e-05,0.9147822201650383,0.9920468056731901
1000000.0,342,0.0415439,0.558404,0.99,82641,35,22,0.00720102,6.68078e-05,0.9151411760628277,0.9918263961436831
387854.0,395,0.117984,0.766264,0.99,49817,35,19,0.00621934,9.67039e-05,0.9211372077592987,0.9901661858874595
746033.0,342,0.0415439,0.604771,0.93987,10000,35,33,0.00319721,0.000165023,0.9434561232316,0.9871538721787458
1000000.0,365,0.0415439,0.558404,0.99,115882,35,36,0.00789337,5.73907e-05,0.9111553603192629,0.992424335012687
387854.0,395,0.117984,0.771435,0.99,35351,35,21,0.00540199,0.000102388,0.9265017687287647,0.9898813044318944
387854.0,395,0.117984,0.766264,0.99,45996,45,14,0.00600839,9.83827e-05,0.9224861947779623,0.990081194628384
820563.0,261,0.0856139,0.562469,0.981501,23297,37,33,0.00310333,0.000171764,0.9442924601153488,0.9868941234554877
796895.0,261,0.0863836,0.398819,0.99,15370,37,33,0.00075609,0.000414784,0.9725029092447947,0.9796337534140431
414570.0,415,0.0544552,0.605289,0.961544,11398,42,13,0.0022556,0.000202415,0.9525068425981174,0.9857727374382842
709763.0,253,0.089272,0.293047,0.967487,16984,31,11,3.452e-06,0.00141865,0.998142044134001,0.9623350295367168
778746.0,166,0.110859,0.376629,0.972146,25472,10,41,3.07139e-05,0.000434929,0.994457987730075,0.979145048549565
721581.0,238,0.0790903,0.529672,0.975495,20479,47,33,0.00161645,0.00034658,0.9597949008209158,0.9813833407937944
222981.0,271,0.092168,0.593766,0.975495,10000,47,33,1.03289e-05,0.000822326,0.9967861393931908,0.9713237729120444
716074.0,265,0.127525,0.556543,0.99,19660,34,34,0.00259457,0.000219042,0.9490630782241408,0.9851999324325866
396212.0,164,0.266858,0.527744,0.99,50406,43,11,0.000197183,0.000821364,0.9859578135605598,0.9713405512963003
808376.0,261,0.196568,0.38672,0.99,10000,37,33,0.000670066,0.000556919,0.9741143669190804,0.9764008686600545
755831.0,142,0.0362367,0.516784,0.733746,10000,32,39,5.23202e-06,0.00279844,0.997712639075266,0.9470997164468847
506533.0,244,0.0315808,0.35179,0.711298,11281,31,32,3.91451e-06,0.00313458,0.9980214879328142,0.9440126800069872
970007.0,113,0.121721,0.317974,0.95237,38907,10,33,9.16254e-07,0.00331716,0.9990427884246417,0.9424052085688298
414570.0,424,0.0544552,0.605289,0.946368,18382,42,13,0.00308906,0.00021581,0.9444206873018386,0.9853095268966585
645809.0,244,0.0315808,0.353936,0.829897,10000,32,21,2.99565e-05,0.00184042,0.9945267468540182,0.9570998834500418
387854.0,360,0.126977,0.720231,0.99,40757,35,19,0.00492618,0.000125562,0.9298132491135257,0.9887945548950522
629628.0,244,0.0315808,0.268337,0.966687,10000,24,32,3.69459e-08,0.00378651,0.9998077868370793,0.9384653756003988
1000000.0,342,0.0415439,0.558404,0.99,86202,35,38,0.00727246,6.72794e-05,0.9147212804974183,0.9917975979128063
314256.0,421,0.11631,0.532776,0.97512,75606,10,21,0.00578158,0.000118933,0.9239632983356064,0.9890943592577052
661548.0,317,0.0862026,0.558404,0.99,115882,34,32,0.00694266,0.000101313,0.916677374021218,0.9899345640928969
387854.0,360,0.126977,0.720231,0.99,49817,35,19,0.00549309,0.000120634,0.925884616981358,0.9890166489630896
661548.0,349,0.0776747,0.558404,0.99,115882,34,32,0.00720705,8.4311e-05,0.9151056538985075,0.9908178978441753
917321.0,342,0.0415439,0.524514,0.99,66459,35,34,0.00652584,0.00010445,0.9192173285908419,0.9897799217224132
414570.0,489,0.0544552,0.573922,0.946368,18382,42,13,0.00344025,0.000177508,0.9413463556119486,0.9866767871742586
479167.0,395,0.0790903,0.587383,0.959671,33841,43,26,0.00396738,0.000166663,0.9370128584550783,0.9870901975228124
755831.0,142,0.0362367,0.516784,0.733746,10000,32,39,5.23202e-06,0.00279844,0.997712639075266,0.9470997164468847
970007.0,113,0.261336,0.317974,0.924272,38907,10,34,7.23815e-11,0.00529688,0.9999914922682224,0.9272203325096906
489957.0,133,0.269752,0.527744,0.99,49261,39,16,3.20887e-05,0.00112022,0.9943353111294617,0.9665303122213547
941756.0,362,0.0415439,0.488239,0.99,72379,35,30,0.00669507,0.000103608,0.9181765925911173,0.9898211984988409
463024.0,244,0.0788208,0.449644,0.835498,11281,32,28,7.08001e-06,0.0018899,0.9973391711817556,0.9565270198859107
652654.0,142,0.121059,0.421647,0.733746,16408,32,40,3.32425e-12,0.00951627,0.9999981767474119,0.9024486289178876
886626.0,113,0.122353,0.38875,0.972146,22092,13,33,1.18794e-10,0.00422819,0.9999891007339696,0.9349754661685299
1000000.0,400,0.0728115,0.619476,0.99,73980,34,12,0.00814199,5.96887e-05,0.9097670237662527,0.992274153768033
414570.0,500,0.0544552,0.573922,0.946368,18382,42,13,0.00352823,0.000169172,0.9406010942861739,0.986993386297733
414570.0,500,0.0544552,0.681058,0.946368,44031,37,13,0.0059154,0.000110744,0.9230883623890376,0.9894765024825394
437981.0,359,0.248123,0.320167,0.99,23943,36,19,0.000344452,0.000596044,0.9814405819056738,0.9755859876300514
642774.0,229,0.0702842,0.8,0.878009,10000,39,26,0.0019121,0.00048652,0.9562724343234156,0.9779428016284932
716074.0,265,0.127525,0.556543,0.99,17259,34,33,0.00236434,0.00022397,0.9513755205683393,0.9850343727161205
941756.0,447,0.0219143,0.547222,0.99,84569,35,30,0.0080916,7.63833e-05,0.9100466787717096,0.9912602459988853
794849.0,113,0.168764,0.317974,0.972146,36153,10,33,8.13543e-11,0.00588937,0.9999909803381438,0.9232577691228617
886626.0,113,0.168764,0.317974,0.972146,36153,10,33,2.99803e-10,0.00460292,0.9999826851797584,0.9321551770582309
647099.0,261,0.0702842,0.3358,0.793538,12401,37,34,9.67384e-06,0.00230973,0.9968897202698149,0.9519403495643175
481574.0,424,0.0544552,0.631598,0.946368,35764,48,14,0.00494702,0.000158728,0.9296649447288197,0.9874012699052642
425212.0,395,0.0790903,0.76786,0.975495,33841,47,21,0.00495729,9.26943e-05,0.9295919748892216,0.9903722120920743
1000000.0,380,0.0415439,0.558404,0.99,86202,35,42,0.0075337,4.95942e-05,0.9132031106548166,0.9929576850397046
433115.0,407,0.0637467,0.577566,0.99,18382,47,22,0.00272759,0.000151381,0.9477736656465342,0.9876963013691005
437235.0,407,0.0637467,0.577566,0.99,18382,47,22,0.00275057,0.000149084,0.9475541231363227,0.9877900040950047
414570.0,371,0.0544552,0.577566,0.99,10000,43,13,0.00147929,0.000235607,0.9615384607692308,0.9846505048942971
1000000.0,400,0.0415439,0.558404,0.99,86202,35,42,0.00766816,4.45042e-05,0.9124319693038607,0.993328853172055
437235.0,407,0.0637467,0.577566,0.973655,13012,50,22,0.00221083,0.000187527,0.9529805359452067,0.9863059501972572
629628.0,180,0.224591,0.268337,0.976752,10000,24,31,1.56122e-17,0.00938688,0.9999999960487723,0.9031140877113706
760850.0,384,0.0684287,0.546911,0.99,30312,30,29,0.00509855,8.05301e-05,0.9285958684668737,0.9910261435268888
379848.0,164,0.266858,0.5149,0.99,12691,43,11,3.07042e-13,0.00301803,0.9999994458862933,0.9450634001780234
748022.0,199,0.110859,0.351735,0.972146,10000,10,36,1.47948e-08,0.000379314,0.99987836612314,0.9805240147874363
479167.0,409,0.0790903,0.60516,0.99,27433,47,26,0.00391455,9.48211e-05,0.937433635234257,0.9902623873562356
794849.0,142,0.168764,0.342966,0.972146,31691,10,33,7.60694e-09,0.00155671,0.999912782226582,0.9605448355725135
1000000.0,428,0.0415262,0.540074,0.99,82172,40,42,0.00769089,4.19008e-05,0.9123022805313616,0.9935269172722728
711568.0,424,0.0544552,0.581019,0.99,48310,47,22,0.00625404,5.63459e-05,0.9209175114200369,0.992493609389327
425212.0,395,0.0790903,0.76786,0.975495,33841,43,21,0.00495739,9.26865e-05,0.9295912647464819,0.9903726171780697
627763.0,384,0.0650048,0.726426,0.99,53467,30,30,0.00668089,5.51557e-05,0.9182632885418064,0.9925733116397684
778746.0,177,0.168764,0.27925,0.981038,21578,10,34,1.77532e-12,0.00199161,0.9999986675886521,0.955372542084497
778746.0,135,0.110859,0.376629,0.972146,14125,10,36,1.53178e-12,0.00235667,0.9999987623489991,0.9514544543752983
852674.0,113,0.261336,0.317974,0.99,22285,10,34,5.40084e-15,0.00513614,0.9999999265095925,0.9283331317832292
1000000.0,450,0.0415439,0.521948,0.99,82641,39,22,0.00774124,4.07186e-05,0.9120156832157003,0.993618887244375
414570.0,381,0.0544552,0.577566,0.99,10000,45,15,0.00158992,0.000215974,0.9601261990775898,0.9853039461078833
670594.0,327,0.0955923,0.616305,0.99,19655,36,33,0.00385229,0.000122914,0.9379331811673902,0.9889133413509751
668537.0,424,0.0544552,0.588277,0.99,50707,47,26,0.00620293,5.83282e-05,0.9212413179389091,0.9923627099046848
733278.0,152,0.110859,0.351735,0.905998,10000,10,36,9.72811e-15,0.00359122,0.9999999013688183,0.9400732113324933
429014.0,371,0.0544552,0.577566,0.99,12672,43,13,0.00185044,0.000215104,0.9569832590727749,0.9853335757595792
437235.0,407,0.0637467,0.589355,0.99,18382,50,22,0.00283471,0.000141316,0.9467580052965706,0.9881123593594019
668537.0,424,0.0544552,0.563166,0.99,64737,47,18,0.00652019,6.27691e-05,0.9192523065344897,0.9920773047515381
627763.0,384,0.0415439,0.726426,0.99,53467,30,30,0.00660869,6.00879e-05,0.9187061502941336,0.9922483614635356
670594.0,215,0.0955923,0.641203,0.99,26175,36,33,0.00212312,0.00022488,0.9539226736886786,0.9850040005334756
636300.0,424,0.0544552,0.563166,0.99,64737,47,21,0.0064184,6.96881e-05,0.9198850825376447,0.9916520601343805
778746.0,139,0.168764,0.293651,0.981038,21578,10,36,1.66834e-14,0.00466992,0.9999998708357635,0.9316631870804615
941756.0,380,0.0415439,0.488239,0.99,53467,35,30,0.0062413,8.19928e-05,0.9209981012886399,0.9909450124240836
479167.0,395,0.0790903,0.593766,0.975495,33841,47,26,0.00405038,0.000128394,0.9363574042012741,0.9886688923754119
429434.0,244,0.0788208,0.35179,0.835498,11281,31,32,5.68866e-11,0.00415216,0.9999924576794021,0.9355627436959021
941756.0,380,0.0415439,0.488239,0.99,53467,35,30,0.0062413,8.19928e-05,0.9209981012886399,0.9909450124240836
778746.0,135,0.110859,0.376629,0.972146,25472,10,36,4.49266e-08,0.00157533,0.9997880410417086,0.9603095729425848
433115.0,407,0.0486954,0.410861,0.99,12636,46,31,0.00102006,0.000396466,0.9680616218320341,0.9800885460098967
387854.0,395,0.117984,0.766264,0.99,49817,35,19,0.00621934,9.67039e-05,0.9211372077592987,0.9901661858874595
746033.0,342,0.0415439,0.604771,0.93987,10000,35,33,0.00319721,0.000165023,0.9434561232316,0.9871538721787458
1000000.0,365,0.0415439,0.558404,0.99,115882,35,36,0.00789337,5.73907e-05,0.9111553603192629,0.992424335012687
387854.0,395,0.117984,0.771435,0.99,35351,35,21,0.00540199,0.000102388,0.9265017687287647,0.9898813044318944
387854.0,395,0.117984,0.766264,0.99,45996,45,14,0.00600839,9.83827e-05,0.9224861947779623,0.990081194628384
820563.0,261,0.0856139,0.562469,0.981501,23297,37,33,0.00310333,0.000171764,0.9442924601153488,0.9868941234554877
796895.0,261,0.0863836,0.398819,0.99,15370,37,33,0.00075609,0.000414784,0.9725029092447947,0.9796337534140431
414570.0,415,0.0544552,0.605289,0.961544,11398,42,13,0.0022556,0.000202415,0.9525068425981174,0.9857727374382842
778746.0,166,0.110859,0.376629,0.972146,25472,10,41,3.07139e-05,0.000434929,0.994457987730075,0.979145048549565
721581.0,238,0.0790903,0.529672,0.975495,20479,47,33,0.00161645,0.00034658,0.9597949008209158,0.9813833407937944
670594.0,215,0.0955923,0.641203,0.99,26175,33,33,0.00212362,0.000224436,0.953917248346046,0.9850188117961225
668537.0,424,0.0544552,0.536399,0.99,64737,37,18,0.00636232,7.23767e-05,0.9202358476507146,0.991492550323393
534118.0,395,0.0790903,0.610436,0.975495,27485,45,21,0.00415442,0.000114229,0.9355452096427271,0.9893122032204948
368221.0,408,0.0637467,0.577566,0.99,18382,47,22,0.00238587,0.000191651,0.9511546317446578,0.9861561927202088
778746.0,175,0.0377362,0.376629,0.972146,10000,10,40,1.10555e-06,0.000484543,0.9989485486221418,0.9779876625502879
652872.0,384,0.0503464,0.546911,0.99,30312,30,29,0.0045261,0.000109933,0.9327237040258607,0.9895151061044949
1000000.0,365,0.0422364,0.547548,0.99,99497,35,35,0.00760718,5.8038e-05,0.9127808507264603,0.9923817324804126
482773.0,384,0.0684287,0.546911,0.99,32965,30,29,0.00368649,0.000156857,0.9392835277704641,0.9874757435350436
697265.0,243,0.089272,0.293047,0.967487,14249,31,34,1.23167e-08,0.00198074,0.9998890193710597,0.9554944947225626
379848.0,164,0.28901,0.564407,0.99,12691,43,11,5.85951e-11,0.00219154,0.9999923452563727,0.9531861131714103
1000000.0,400,0.072119,0.619476,0.99,90365,34,12,0.00836624,5.76339e-05,0.9085328474259748,0.9924083005855079
778746.0,113,0.168436,0.293651,0.972146,29218,10,36,5.25423e-14,0.00883055,0.9999997707789277,0.906028993833204
429434.0,244,0.0788208,0.35179,0.782973,11281,31,35,5.02288e-11,0.0047659,0.999992912772051,0.9309645018848998
692529.0,113,0.151695,0.435975,0.979416,18390,33,30,2.16505e-13,0.00708829,0.9999995346990221,0.9158080170087437
709763.0,244,0.089272,0.293047,0.967487,10000,31,14,7.04086e-11,0.00237346,0.9999916090167441,0.951281830904682
422791.0,407,0.0637467,0.577566,0.913127,10340,50,21,0.00183268,0.000348544,0.9571901880405905,0.9813306668571157
808376.0,261,0.196568,0.38672,0.99,10000,37,33,0.000670066,0.000556919,0.9741143669190804,0.9764008686600545
865352.0,380,0.0415439,0.468725,0.99,37825,35,30,0.00528147,0.000116344,0.9273262771010043,0.9892137124088035
709763.0,253,0.089272,0.293047,0.967487,16984,31,11,3.452e-06,0.00141865,0.998142044134001,0.9623350295367168
721581.0,395,0.0790903,0.529672,0.975495,20479,47,33,0.0042236,0.000120557,0.9350107701230427,0.9890201548280497
414570.0,500,0.0544552,0.681058,0.946368,44031,37,13,0.0059154,0.000110744,0.9230883623890376,0.9894765024825394
919174.0,199,0.110859,0.351735,0.99,10000,17,35,6.16828e-06,0.000643435,0.9975163977774208,0.9746339794212809
897584.0,400,0.0728115,0.619476,0.99,73980,34,17,0.00788414,6.08444e-05,0.9112073201215325,0.9921997179538173
437981.0,359,0.248123,0.320167,0.99,23943,36,19,0.000344452,0.000596044,0.9814405819056738,0.9755859876300514
479167.0,395,0.0790903,0.587383,0.959671,33841,43,26,0.00396738,0.000166663,0.9370128584550783,0.9870901975228124
716074.0,265,0.127525,0.556543,0.99,19660,34,34,0.00259457,0.000219042,0.9490630782241408,0.9851999324325866
1000000.0,342,0.0415439,0.568048,0.99,83589,35,34,0.00726207,6.32533e-05,0.9147822201650383,0.9920468056731901
917321.0,342,0.0726504,0.524514,0.99,66459,35,34,0.00660497,8.58382e-05,0.918729033474432,0.9907351092828895
1000000.0,342,0.0415439,0.558404,0.99,82641,35,22,0.00720102,6.68078e-05,0.9151411760628277,0.9918263961436831
433115.0,295,0.0637467,0.602464,0.99,24902,50,22,0.00225546,0.000320368,0.9525083165175207,0.9821011732228059
917321.0,342,0.0415439,0.524514,0.99,66459,35,34,0.00652584,0.00010445,0.9192173285908419,0.9897799217224132
414570.0,424,0.0544552,0.605289,0.946368,18382,42,13,0.00308906,0.00021581,0.9444206873018386,0.9853095268966585
1000000.0,380,0.0415439,0.558404,0.99,86202,35,42,0.0075337,4.95942e-05,0.9132031106548166,0.9929576850397046
414570.0,371,0.0544552,0.577566,0.99,10000,43,13,0.00147929,0.000235607,0.9615384607692308,0.9846505048942971
1000000.0,400,0.0415439,0.558404,0.99,86202,35,42,0.00766816,4.45042e-05,0.9124319693038607,0.993328853172055
437235.0,407,0.0637467,0.577566,0.973655,13012,50,22,0.00221083,0.000187527,0.9529805359452067,0.9863059501972572
629628.0,180,0.224591,0.268337,0.976752,10000,24,31,1.56122e-17,0.00938688,0.9999999960487723,0.9031140877113706
379848.0,164,0.266858,0.5149,0.99,12691,43,11,3.07042e-13,0.00301803,0.9999994458862933,0.9450634001780234
748022.0,199,0.110859,0.351735,0.972146,10000,10,36,1.47948e-08,0.000379314,0.99987836612314,0.9805240147874363
794849.0,142,0.168764,0.342966,0.972146,31691,10,33,7.60694e-09,0.00155671,0.999912782226582,0.9605448355725135
1000000.0,428,0.0415262,0.540074,0.99,82172,40,42,0.00769089,4.19008e-05,0.9123022805313616,0.9935269172722728
711568.0,424,0.0544552,0.581019,0.99,48310,47,22,0.00625404,5.63459e-05,0.9209175114200369,0.992493609389327
627763.0,384,0.0650048,0.726426,0.99,53467,30,30,0.00668089,5.51557e-05,0.9182632885418064,0.9925733116397684
778746.0,177,0.168764,0.27925,0.981038,21578,10,34,1.77532e-12,0.00199161,0.9999986675886521,0.955372542084497
778746.0,135,0.110859,0.376629,0.972146,14125,10,36,1.53178e-12,0.00235667,0.9999987623489991,0.9514544543752983
1000000.0,450,0.0415439,0.521948,0.99,82641,39,22,0.00774124,4.07186e-05,0.9120156832157003,0.993618887244375
414570.0,381,0.0544552,0.577566,0.99,10000,45,15,0.00158992,0.000215974,0.9601261990775898,0.9853039461078833
668537.0,424,0.0544552,0.588277,0.99,50707,47,26,0.00620293,5.83282e-05,0.9212413179389091,0.9923627099046848
733278.0,152,0.110859,0.351735,0.905998,10000,10,36,9.72811e-15,0.00359122,0.9999999013688183,0.9400732113324933
429014.0,371,0.0544552,0.577566,0.99,12672,43,13,0.00185044,0.000215104,0.9569832590727749,0.9853335757595792
852674.0,113,0.261336,0.389415,0.99,22285,10,31,8.12671e-11,0.00168525,0.9999909851733239,0.9589482034497879
543202.0,160,0.163906,0.392312,0.976752,10000,20,31,7.2973e-16,0.00511565,0.9999999729864849,0.9284762277281182
670594.0,341,0.0752848,0.616305,0.99,10000,45,15,0.0028215,0.000112822,0.9468822063711226,0.9893782299026951
368221.0,409,0.073983,0.537429,0.99,18382,47,20,0.00198158,0.000211249,0.9554850586881214,0.9854655925473379
954218.0,374,0.0415439,0.619628,0.99,86202,35,42,0.00767139,4.37715e-05,0.9124135284418877,0.9933839966747288
709400.0,384,0.0650048,0.724281,0.99,53467,31,21,0.00704212,5.34519e-05,0.9160826597180297,0.9926889193685201
748022.0,199,0.110859,0.351735,0.972146,10000,10,36,1.47948e-08,0.000379314,0.99987836612314,0.9805240147874363
778746.0,175,0.0377362,0.539178,0.888779,10000,10,40,0.000451072,0.000254054,0.9787615443122623,0.9840609285088497
668537.0,424,0.0544552,0.588277,0.99,10000,47,26,0.00360878,7.49766e-05,0.9399268778903577,0.9913410970671799
1000000.0,400,0.0438696,0.518054,0.99,86202,35,42,0.0074753,5.12809e-05,0.9135401827436583,0.9928389316439514
433115.0,476,0.102576,0.469027,0.99,18382,47,22,0.00233057,0.00014519,0.9517240225370838,0.9879505186833624
379848.0,164,0.266858,0.5149,0.99,12691,43,11,3.07042e-13,0.00301803,0.9999994458862933,0.9450634001780234
433115.0,407,0.0637467,0.577566,0.99,18382,47,22,0.00272759,0.000151381,0.9477736656465342,0.9876963013691005
437235.0,407,0.0637467,0.577566,0.99,18382,47,22,0.00275057,0.000149084,0.9475541231363227,0.9877900040950047
479167.0,409,0.0790903,0.60516,0.99,27433,47,26,0.00391455,9.48211e-05,0.937433635234257,0.9902623873562356
852674.0,113,0.261336,0.317974,0.99,22285,10,34,5.40084e-15,0.00513614,0.9999999265095925,0.9283331317832292
670594.0,327,0.0955923,0.616305,0.99,19655,36,33,0.00385229,0.000122914,0.9379331811673902,0.9889133413509751
437235.0,407,0.0637467,0.589355,0.99,18382,50,22,0.00283471,0.000141316,0.9467580052965706,0.9881123593594019
670594.0,215,0.0955923,0.641203,0.99,26175,36,33,0.00212312,0.00022488,0.9539226736886786,0.9850040005334756
778746.0,139,0.168764,0.293651,0.981038,21578,10,36,1.66834e-14,0.00466992,0.9999998708357635,0.9316631870804615
433115.0,407,0.0486954,0.410861,0.99,12636,46,31,0.00102006,0.000396466,0.9680616218320341,0.9800885460098967
796895.0,261,0.0863836,0.398819,0.99,15370,37,33,0.00075609,0.000414784,0.9725029092447947,0.9796337534140431
414570.0,415,0.0544552,0.605289,0.961544,11398,42,13,0.0022556,0.000202415,0.9525068425981174,0.9857727374382842
778746.0,166,0.110859,0.376629,0.972146,25472,10,41,3.07139e-05,0.000434929,0.994457987730075,0.979145048549565
670594.0,215,0.0955923,0.641203,0.99,26175,33,33,0.00212362,0.000224436,0.953917248346046,0.9850188117961225
368221.0,408,0.0637467,0.577566,0.99,18382,47,22,0.00238587,0.000191651,0.9511546317446578,0.9861561927202088
778746.0,175,0.0377362,0.376629,0.972146,10000,10,40,1.10555e-06,0.000484543,0.9989485486221418,0.9779876625502879
697265.0,243,0.089272,0.293047,0.967487,14249,31,34,1.23167e-08,0.00198074,0.9998890193710597,0.9554944947225626
697265.0,243,0.089272,0.293047,0.973646,14249,31,34,1.29114e-08,0.00192088,0.999886371658465,0.9561721549696999
379848.0,164,0.249522,0.552828,0.99,12691,43,15,1.01936e-11,0.00234959,0.9999968072582316,0.9515274304374113
627763.0,384,0.0415439,0.726426,0.99,45273,30,30,0.00629499,5.94233e-05,0.9206590269784899,0.992291349015554
414570.0,380,0.0628878,0.577566,0.935364,10000,35,13,0.00149612,0.000337869,0.9613202895564096,0.9816187867647427
760850.0,314,0.059996,0.546911,0.99,25054,40,29,0.00370005,0.000125783,0.939171963700938,0.9887846979532426
668537.0,424,0.0544552,0.588277,0.99,65340,47,26,0.00668922,5.65757e-05,0.9182123481202694,0.992478318007254
845523.0,342,0.0415439,0.604771,0.93987,10000,36,33,0.00367279,0.000135047,0.9393964522490639,0.9883790275794149
379848.0,151,0.266858,0.5149,0.99,12691,47,11,1.95342e-14,0.00393651,0.9999998602351976,0.9372583870146775
531510.0,371,0.0544552,0.577566,0.969017,12890,43,13,0.00242074,0.000191564,0.950798983750333,0.9861593352760787
716650.0,152,0.110859,0.309866,0.822234,10000,10,36,7.62237e-16,0.00763848,0.9999999723913601,0.9126016018453427
445642.0,371,0.0544552,0.522515,0.988172,12672,43,13,0.00154355,0.000264225,0.9607119611077366,0.9837450007689942
479167.0,409,0.0790903,0.688738,0.99,28514,47,26,0.00470867,7.73745e-05,0.9313802506562433,0.9912037223781874
1000000.0,428,0.0415262,0.540074,0.99,87241,40,38,0.00777365,4.17193e-05,0.9118316950372755,0.9935409520825434
774160.0,119,0.25626,0.317974,0.99,22285,10,34,2.28455e-15,0.00526329,0.9999999522030336,0.9274514645220181
778746.0,175,0.059902,0.376629,0.970652,10000,10,40,1.80212e-08,0.000553833,0.9998657569368645,0.9764663432505698
379848.0,164,0.235561,0.568726,0.99,12691,48,11,2.69626e-11,0.0021881,0.9999948074476411,0.9532228688352952
733278.0,152,0.110859,0.351735,0.773466,10000,10,36,6.01111e-15,0.00640945,0.9999999224686515,0.9199409592862867
1000000.0,365,0.0415439,0.558404,0.99,115882,35,36,0.00789337,5.73907e-05,0.9111553603192629,0.992424335012687
862449.0,117,0.261336,0.317974,0.99,22285,10,34,2.17098e-14,0.0042947,0.9999998526575418,0.9344660393383706
749339.0,124,0.261336,0.347496,0.99,31861,10,39,2.86385e-11,0.00265653,0.9999946485048818,0.9484584633523602
481707.0,371,0.160062,0.577566,0.99,10000,23,13,0.00246177,0.000214588,0.950383772815741,0.9853511775217255
919174.0,199,0.110859,0.351735,0.99,10000,17,35,6.16828e-06,0.000643435,0.9975163977774208,0.9746339794212809
668537.0,424,0.0544552,0.536399,0.99,64737,37,18,0.00636232,7.23767e-05,0.9202358476507146,0.991492550323393
1000000.0,365,0.0422364,0.547548,0.99,99497,35,35,0.00760718,5.8038e-05,0.9127808507264603,0.9923817324804126
760850.0,384,0.0684287,0.546911,0.99,30312,30,29,0.00509855,8.05301e-05,0.9285958684668737,0.9910261435268888
414570.0,367,0.0747627,0.577566,0.900303,10000,36,33,0.00130572,0.00049869,0.9638652521802075,0.9776686319272643
387854.0,406,0.0952849,0.766264,0.99,30401,46,18,0.00481825,8.45529e-05,0.930586384620883,0.9908047349140985
709763.0,253,0.089272,0.293047,0.967487,16984,31,11,3.452e-06,0.00141865,0.998142044134001,0.9623350295367168
627763.0,384,0.0415439,0.726426,0.99,53467,30,30,0.00660869,6.00879e-05,0.9187061502941336,0.9922483614635356
808376.0,261,0.196568,0.38672,0.99,10000,37,33,0.000670066,0.000556919,0.9741143669190804,0.9764008686600545
433115.0,407,0.0637467,0.445514,0.99,18382,47,25,0.00168479,0.000293412,0.9589538065102255,0.9828707268105152
479167.0,409,0.0833211,0.60516,0.99,27433,47,26,0.00394535,9.60948e-05,0.9371879788575467,0.9901972044803535
778746.0,135,0.110859,0.376629,0.972146,25472,10,36,4.49266e-08,0.00157533,0.9997880410417086,0.9603095729425848
379848.0,164,0.28901,0.564407,0.99,12691,43,11,5.85951e-11,0.00219154,0.9999923452563727,0.9531861131714103
629628.0,180,0.224591,0.268337,0.976752,10000,24,31,1.56122e-17,0.00938688,0.9999999960487723,0.9031140877113706
748022.0,199,0.110859,0.351735,0.972146,10000,10,36,1.47948e-08,0.000379314,0.99987836612314,0.9805240147874363
733278.0,152,0.110859,0.351735,0.905998,10000,10,36,9.72811e-15,0.00359122,0.9999999013688183,0.9400732113324933
543202.0,160,0.163906,0.392312,0.976752,10000,20,31,7.2973e-16,0.00511565,0.9999999729864849,0.9284762277281182
670594.0,341,0.0752848,0.616305,0.99,10000,45,15,0.0028215,0.000112822,0.9468822063711226,0.9893782299026951
748022.0,199,0.110859,0.351735,0.972146,10000,10,36,1.47948e-08,0.000379314,0.99987836612314,0.9805240147874363
668537.0,424,0.0544552,0.588277,0.99,10000,47,26,0.00360878,7.49766e-05,0.9399268778903577,0.9913410970671799
778746.0,308,0.0377362,0.601677,0.972146,10000,10,40,0.00408509,2.66634e-05,0.9360852912077353,0.9948363385083838
748022.0,165,0.110859,0.351113,0.959629,10000,10,36,8.78329e-14,0.00174713,0.9999997036338414,0.9582013158101836
733278.0,152,0.110859,0.351735,0.905998,10000,10,36,9.72811e-15,0.00359122,0.9999999013688183,0.9400732113324933
670594.0,341,0.0752848,0.616305,0.99,10000,45,15,0.0028215,0.000112822,0.9468822063711226,0.9893782299026951
379848.0,166,0.266858,0.375854,0.99,12691,49,11,3.05199e-17,0.00731175,0.9999999944755181,0.9144912285201103
684845.0,341,0.0752848,0.638716,0.99,10000,45,15,0.00313641,0.000104232,0.9439963394053568,0.9897905925735134
748022.0,185,0.0561365,0.539879,0.972146,10000,11,36,0.000420342,0.000112872,0.9794977562203548,0.9893758765067419
794849.0,161,0.168764,0.342966,0.99,12507,10,33,9.21982e-13,0.00100285,0.9999990398010623,0.968332193002988
717217.0,237,0.110859,0.351735,0.99,10000,10,36,0.000225068,0.000155271,0.9849977335045668,0.9875392215331464
379848.0,151,0.266858,0.476341,0.983277,12691,47,25,2.49135e-15,0.00502903,0.9999999500865749,0.9290843458748352
833846.0,177,0.168764,0.183718,0.962357,21578,10,22,8.25991e-18,0.00965775,0.9999999971259941,0.9017261479334406
650193.0,160,0.163906,0.392312,0.973084,10000,20,32,5.65397e-15,0.00403736,0.9999999248071147,0.9364597765191214
748022.0,199,0.110859,0.351735,0.99,10000,10,31,5.41849e-07,0.000234652,0.999263896067121,0.9846816449969326
495987.0,113,0.255698,0.389415,0.99,10000,10,31,3.62611e-17,0.00720508,0.999999993978281,0.9151172573487402
1000000.0,380,0.0415439,0.558404,0.99,86202,35,42,0.0075337,4.95942e-05,0.9132031106548166,0.9929576850397046
379848.0,164,0.266858,0.5149,0.99,12691,43,11,3.07042e-13,0.00301803,0.9999994458862933,0.9450634001780234
711568.0,424,0.0544552,0.581019,0.99,48310,47,22,0.00625404,5.63459e-05,0.9209175114200369,0.992493609389327
627763.0,384,0.0650048,0.726426,0.99,53467,30,30,0.00668089,5.51557e-05,0.9182632885418064,0.9925733116397684
1000000.0,450,0.0415439,0.521948,0.99,82641,39,22,0.00774124,4.07186e-05,0.9120156832157003,0.993618887244375
668537.0,424,0.0544552,0.588277,0.99,50707,47,26,0.00620293,5.83282e-05,0.9212413179389091,0.9923627099046848
709400.0,384,0.0650048,0.724281,0.99,53467,31,21,0.00704212,5.34519e-05,0.9160826597180297,0.9926889193685201
778746.0,175,0.0377362,0.539178,0.888779,10000,10,40,0.000451072,0.000254054,0.9787615443122623,0.9840609285088497
1000000.0,400,0.0438696,0.518054,0.99,86202,35,42,0.0074753,5.12809e-05,0.9135401827436583,0.9928389316439514
433115.0,476,0.102576,0.469027,0.99,18382,47,22,0.00233057,0.00014519,0.9517240225370838,0.9879505186833624
379848.0,164,0.266858,0.5149,0.99,12691,43,11,3.07042e-13,0.00301803,0.9999994458862933,0.9450634001780234
479167.0,409,0.0790903,0.60516,0.99,27433,47,26,0.00391455,9.48211e-05,0.937433635234257,0.9902623873562356
852674.0,113,0.261336,0.317974,0.99,22285,10,34,5.40084e-15,0.00513614,0.9999999265095925,0.9283331317832292
670594.0,327,0.0955923,0.616305,0.99,19655,36,33,0.00385229,0.000122914,0.9379331811673902,0.9889133413509751
437235.0,407,0.0637467,0.589355,0.99,18382,50,22,0.00283471,0.000141316,0.9467580052965706,0.9881123593594019
778746.0,139,0.168764,0.293651,0.981038,21578,10,36,1.66834e-14,0.00466992,0.9999998708357635,0.9316631870804615
778746.0,166,0.110859,0.376629,0.972146,25472,10,41,3.07139e-05,0.000434929,0.994457987730075,0.979145048549565
778746.0,175,0.0377362,0.376629,0.972146,10000,10,40,1.10555e-06,0.000484543,0.9989485486221418,0.9779876625502879
760850.0,314,0.059996,0.546911,0.99,25054,40,29,0.00370005,0.000125783,0.939171963700938,0.9887846979532426
379848.0,151,0.266858,0.5149,0.99,12691,47,11,1.95342e-14,0.00393651,0.9999998602351976,0.9372583870146775
716650.0,152,0.110859,0.309866,0.822234,10000,10,36,7.62237e-16,0.00763848,0.9999999723913601,0.9126016018453427
479167.0,409,0.0790903,0.688738,0.99,28514,47,26,0.00470867,7.73745e-05,0.9313802506562433,0.9912037223781874
774160.0,119,0.25626,0.317974,0.99,22285,10,34,2.28455e-15,0.00526329,0.9999999522030336,0.9274514645220181
778746.0,175,0.059902,0.376629,0.970652,10000,10,40,1.80212e-08,0.000553833,0.9998657569368645,0.9764663432505698
575737.0,371,0.0544552,0.577566,0.99,21349,45,16,0.00350617,0.000129416,0.9407870791127477,0.9886238846700642
871931.0,406,0.0415262,0.561841,0.99,82172,43,42,0.0073848,5.25228e-05,0.9140651409496705,0.9927527384482137
748022.0,175,0.110859,0.351735,0.972146,10000,10,36,9.23593e-13,0.0011149,0.9999990389625397,0.9666098817013177
629628.0,180,0.224591,0.273468,0.976752,16232,24,31,3.39837e-17,0.00810834,0.9999999941704459,0.9099536785870739
778746.0,220,0.0799435,0.274118,0.99,21578,10,34,8.49179e-06,0.000477274,0.9970859323961171,0.9781533984336236
1000000.0,428,0.0415262,0.551692,0.99,75316,41,42,0.00763021,4.07745e-05,0.9126489267381334,0.9936145086328458
317650.0,164,0.243999,0.5149,0.99,12691,38,13,3.8931e-14,0.00369041,0.9999998026905983,0.9392512551569994
668537.0,458,0.0544552,0.510314,0.99,50707,47,26,0.00595278,6.73413e-05,0.9228457389381507,0.9917938254953967
796895.0,333,0.0863836,0.433241,0.99,15370,37,33,0.00217341,0.000174163,0.9533801544404102,0.9868029169889706
711568.0,424,0.0544552,0.578243,0.99,48310,47,23,0.00623483,5.68002e-05,0.9210390602892797,0.9924634092588227
379848.0,164,0.266858,0.5149,0.99,10000,43,10,9.34526e-14,0.0032952,0.99999969429982,0.9425961673753398
733278.0,152,0.110859,0.583365,0.973662,18221,10,29,0.000714969,0.00021021,0.9732610957591752,0.9855013793759544
750450.0,385,0.0650048,0.724281,0.99,53467,31,20,0.00721804,5.26124e-05,0.9150409510411045,0.9927465594370671
997211.0,450,0.0415439,0.521948,0.981018,82641,16,21,0.00777828,4.10721e-05,0.9118054423447796,0.9935912481714455
733278.0,152,0.110859,0.351735,0.773466,10000,10,36,6.01111e-15,0.00640945,0.9999999224686515,0.9199409592862867
862449.0,117,0.261336,0.317974,0.99,22285,10,34,2.17098e-14,0.0042947,0.9999998526575418,0.9344660393383706
778746.0,135,0.110859,0.376629,0.972146,14125,10,36,1.53178e-12,0.00235667,0.9999987623489991,0.9514544543752983
551163.0,234,0.089272,0.293047,0.973646,10208,30,34,4.46793e-14,0.00418755,0.9999997886252143,0.9352887181397247
737850.0,424,0.0544552,0.563413,0.99,48310,47,22,0.00624589,5.74607e-05,0.9209690566929636,0.9924197163641457
668537.0,424,0.0544552,0.588277,0.99,65340,47,26,0.00668922,5.65757e-05,0.9182123481202694,0.992478318007254
760850.0,384,0.0684287,0.546911,0.99,30312,30,29,0.00509855,8.05301e-05,0.9285958684668737,0.9910261435268888
845523.0,342,0.0415439,0.604771,0.93987,10000,36,33,0.00367279,0.000135047,0.9393964522490639,0.9883790275794149
479167.0,409,0.0833211,0.60516,0.99,27433,47,26,0.00394535,9.60948e-05,0.9371879788575467,0.9901972044803535
913377.0,113,0.261336,0.389415,0.99,22285,10,32,1.66454e-06,0.00095144,0.9987098294686361,0.9691545789459765
872481.0,424,0.0544552,0.588277,0.962713,10000,47,26,0.00480553,8.43648e-05,0.9306780698479911,0.9908149686990191
1000000.0,400,0.0415439,0.558404,0.99,86202,35,42,0.00766816,4.45042e-05,0.9124319693038607,0.993328853172055
437235.0,407,0.0637467,0.577566,0.99,18382,47,22,0.00275057,0.000149084,0.9475541231363227,0.9877900040950047
794849.0,142,0.168764,0.342966,0.972146,31691,10,33,7.60694e-09,0.00155671,0.999912782226582,0.9605448355725135
919174.0,199,0.110859,0.351735,0.99,10000,17,35,6.16828e-06,0.000643435,0.9975163977774208,0.9746339794212809
437235.0,407,0.0637467,0.577566,0.973655,13012,50,22,0.00221083,0.000187527,0.9529805359452067,0.9863059501972572
697265.0,363,0.089272,0.293047,0.967487,14249,31,34,0.000422987,0.000588611,0.97943335224204,0.9757386933575292
728910.0,232,0.0855484,0.576142,0.99,12691,48,11,0.00123182,0.000271132,0.9649027066570655,0.9835339136404548
433115.0,407,0.0486954,0.410861,0.99,12636,46,31,0.00102006,0.000396466,0.9680616218320341,0.9800885460098967
368221.0,409,0.073983,0.537429,0.99,18382,47,20,0.00198158,0.000211249,0.9554850586881214,0.9854655925473379
433115.0,407,0.0637467,0.577566,0.99,18382,47,22,0.00272759,0.000151381,0.9477736656465342,0.9876963013691005
748022.0,199,0.110859,0.351735,0.972146,10000,10,36,1.47948e-08,0.000379314,0.99987836612314,0.9805240147874363
748022.0,199,0.110859,0.351735,0.972146,10000,10,36,1.47948e-08,0.000379314,0.99987836612314,0.9805240147874363
778746.0,308,0.0377362,0.601677,0.972146,10000,10,40,0.00408509,2.66634e-05,0.9360852912077353,0.9948363385083838
748022.0,165,0.110859,0.351113,0.959629,10000,10,36,8.78329e-14,0.00174713,0.9999997036338414,0.9582013158101836
748022.0,185,0.0561365,0.539879,0.972146,10000,11,36,0.000420342,0.000112872,0.9794977562203548,0.9893758765067419
794849.0,161,0.168764,0.342966,0.99,12507,10,33,9.21982e-13,0.00100285,0.9999990398010623,0.968332193002988
717217.0,237,0.110859,0.351735,0.99,10000,10,36,0.000225068,0.000155271,0.9849977335045668,0.9875392215331464
748022.0,199,0.110859,0.351735,0.99,10000,10,31,5.41849e-07,0.000234652,0.999263896067121,0.9846816449969326
748022.0,199,0.110859,0.320984,0.99,10000,10,31,4.86815e-12,0.000680082,0.9999977936115483,0.973921618148359
642696.0,165,0.110859,0.351113,0.959629,11384,10,36,4.34089e-14,0.00253763,0.9999997916519738,0.9496251054591675
551163.0,234,0.139623,0.293047,0.933586,10208,30,33,8.91918e-16,0.00502268,0.9999999701350037,0.9291291315137171
629628.0,375,0.224591,0.152219,0.976752,10000,24,31,7.21152e-18,0.00589947,0.9999999973145727,0.9231919926049373
670594.0,341,0.0752848,0.447157,0.99,10000,10,15,0.0027933,5.76394e-05,0.9471483207456943,0.9924079383564146
661791.0,341,0.01,0.627406,0.99,10000,10,10,0.00414837,2.44937e-05,0.9355921588624491,0.9950508889687136
748022.0,147,0.110859,0.32255,0.99,10000,10,31,1.94071e-15,0.00341406,0.9999999559465098,0.9415700419305302
562035.0,164,0.257417,0.369683,0.99,12691,43,30,3.24673e-16,0.00506537,0.9999999819813152,0.9288285871996347
629628.0,180,0.224591,0.268337,0.976752,10000,24,31,1.56122e-17,0.00938688,0.9999999960487723,0.9031140877113706
733278.0,152,0.110859,0.351735,0.905998,10000,10,36,9.72811e-15,0.00359122,0.9999999013688183,0.9400732113324933
543202.0,160,0.163906,0.392312,0.976752,10000,20,31,7.2973e-16,0.00511565,0.9999999729864849,0.9284762277281182
670594.0,341,0.0752848,0.616305,0.99,10000,45,15,0.0028215,0.000112822,0.9468822063711226,0.9893782299026951
668537.0,424,0.0544552,0.588277,0.99,10000,47,26,0.00360878,7.49766e-05,0.9399268778903577,0.9913410970671799
733278.0,152,0.110859,0.351735,0.905998,10000,10,36,9.72811e-15,0.00359122,0.9999999013688183,0.9400732113324933
670594.0,341,0.0752848,0.616305,0.99,10000,45,15,0.0028215,0.000112822,0.9468822063711226,0.9893782299026951
379848.0,166,0.266858,0.375854,0.99,12691,49,11,3.05199e-17,0.00731175,0.9999999944755181,0.9144912285201103
379848.0,151,0.266858,0.476341,0.983277,12691,47,25,2.49135e-15,0.00502903,0.9999999500865749,0.9290843458748352
833846.0,177,0.168764,0.183718,0.962357,21578,10,22,8.25991e-18,0.00965775,0.9999999971259941,0.9017261479334406
495987.0,113,0.255698,0.389415,0.99,10000,10,31,3.62611e-17,0.00720508,0.999999993978281,0.9151172573487402
1000000.0,380,0.0415439,0.558404,0.99,86202,35,42,0.0075337,4.95942e-05,0.9132031106548166,0.9929576850397046
379848.0,164,0.266858,0.5149,0.99,12691,43,11,3.07042e-13,0.00301803,0.9999994458862933,0.9450634001780234
711568.0,424,0.0544552,0.581019,0.99,48310,47,22,0.00625404,5.63459e-05,0.9209175114200369,0.992493609389327
627763.0,384,0.0650048,0.726426,0.99,53467,30,30,0.00668089,5.51557e-05,0.9182632885418064,0.9925733116397684
1000000.0,450,0.0415439,0.521948,0.99,82641,39,22,0.00774124,4.07186e-05,0.9120156832157003,0.993618887244375
668537.0,424,0.0544552,0.588277,0.99,50707,47,26,0.00620293,5.83282e-05,0.9212413179389091,0.9923627099046848
709400.0,384,0.0650048,0.724281,0.99,53467,31,21,0.00704212,5.34519e-05,0.9160826597180297,0.9926889193685201
1000000.0,400,0.0438696,0.518054,0.99,86202,35,42,0.0074753,5.12809e-05,0.9135401827436583,0.9928389316439514
433115.0,476,0.102576,0.469027,0.99,18382,47,22,0.00233057,0.00014519,0.9517240225370838,0.9879505186833624
379848.0,164,0.266858,0.5149,0.99,12691,43,11,3.07042e-13,0.00301803,0.9999994458862933,0.9450634001780234
778746.0,175,0.0377362,0.376629,0.972146,10000,10,40,1.10555e-06,0.000484543,0.9989485486221418,0.9779876625502879
778746.0,175,0.059902,0.376629,0.970652,10000,10,40,1.80212e-08,0.000553833,0.9998657569368645,0.9764663432505698
871931.0,406,0.0415262,0.561841,0.99,82172,43,42,0.0073848,5.25228e-05,0.9140651409496705,0.9927527384482137
748022.0,175,0.110859,0.351735,0.972146,10000,10,36,9.23593e-13,0.0011149,0.9999990389625397,0.9666098817013177
1000000.0,428,0.0415262,0.551692,0.99,75316,41,42,0.00763021,4.07745e-05,0.9126489267381334,0.9936145086328458
668537.0,458,0.0544552,0.510314,0.99,50707,47,26,0.00595278,6.73413e-05,0.9228457389381507,0.9917938254953967
711568.0,424,0.0544552,0.578243,0.99,48310,47,23,0.00623483,5.68002e-05,0.9210390602892797,0.9924634092588227
379848.0,164,0.266858,0.5149,0.99,10000,43,10,9.34526e-14,0.0032952,0.99999969429982,0.9425961673753398
750450.0,385,0.0650048,0.724281,0.99,53467,31,20,0.00721804,5.26124e-05,0.9150409510411045,0.9927465594370671
778746.0,308,0.0377362,0.601677,0.972146,10000,19,38,0.0029724,0.000103591,0.9454802787974846,0.9898220336019419
997211.0,450,0.0415439,0.521948,0.988065,82641,16,16,0.00779845,3.74582e-05,0.9116911669197243,0.9938796895503578
1000000.0,428,0.0415262,0.551692,0.99,75316,41,50,0.00763022,4.07554e-05,0.9126488694978708,0.9936160043859664
597333.0,144,0.163906,0.392312,0.974482,10000,28,31,3.71536e-16,0.00674019,0.9999999807247308,0.9179013398404091
400063.0,164,0.245745,0.5149,0.99,12691,42,13,7.06081e-13,0.00281079,0.9999991597137392,0.9469831158969145
360629.0,164,0.265112,0.5149,0.99,12691,39,11,1.01578e-13,0.0032407,0.9999996812869629,0.9430728535758203
708932.0,199,0.110859,0.420186,0.99,11280,10,31,0.000228059,0.000159315,0.9848983775706052,0.9873779954048495
748022.0,166,0.110859,0.372005,0.972146,10000,10,36,1.66814e-12,0.00109106,0.9999987084350578,0.9669688026253968
794849.0,161,0.118413,0.439035,0.99,12507,12,32,2.13309e-06,0.000366206,0.9985394898151673,0.9808634903914011
1000000.0,460,0.0415262,0.584528,0.99,72919,41,42,0.00794347,3.4055e-05,0.9108738534435601,0.9941643337998134
711568.0,424,0.0544552,0.558093,0.983623,48310,47,36,0.00607317,6.64227e-05,0.9220694539990897,0.9918499877300706
659382.0,199,0.110859,0.351735,0.99,10000,10,29,9.4722e-12,0.000682715,0.9999969223060581,0.9738711844891507
650193.0,160,0.180574,0.390557,0.976457,10000,20,32,4.43341e-15,0.00400827,0.9999999334161431,0.936689100464454
997211.0,450,0.0415439,0.521948,0.981018,82641,16,21,0.00777828,4.10721e-05,0.9118054423447796,0.9935912481714455
629628.0,180,0.224591,0.273468,0.976752,16232,24,31,3.39837e-17,0.00810834,0.9999999941704459,0.9099536785870739
774160.0,119,0.25626,0.317974,0.99,22285,10,34,2.28455e-15,0.00526329,0.9999999522030336,0.9274514645220181
317650.0,151,0.243999,0.427374,0.99,12159,38,13,8.46637e-17,0.00761533,0.999999990798712,0.912734141842299
796895.0,333,0.0863836,0.433241,0.99,15370,37,33,0.00217341,0.000174163,0.9533801544404102,0.9868029169889706
737850.0,424,0.0544552,0.563413,0.99,48310,47,22,0.00624589,5.74607e-05,0.9209690566929636,0.9924197163641457
733278.0,152,0.110859,0.583365,0.973662,18221,10,29,0.000714969,0.00021021,0.9732610957591752,0.9855013793759544
778746.0,135,0.110859,0.376629,0.972146,14125,10,36,1.53178e-12,0.00235667,0.9999987623489991,0.9514544543752983
479167.0,409,0.0790903,0.688738,0.99,28514,47,26,0.00470867,7.73745e-05,0.9313802506562433,0.9912037223781874
379848.0,177,0.266858,0.5149,0.99,10000,16,26,5.13683e-12,0.00190368,0.9999977335424116,0.9563688184895252
317650.0,164,0.243999,0.5149,0.99,12691,38,13,3.8931e-14,0.00369041,0.9999998026905983,0.9392512551569994
668537.0,424,0.0544552,0.588277,0.99,65340,47,26,0.00668922,5.65757e-05,0.9182123481202694,0.992478318007254
875313.0,165,0.124482,0.351113,0.959629,10000,10,36,2.46932e-11,0.000842925,0.9999950307747083,0.9709668293154192
852674.0,113,0.261336,0.317974,0.99,22285,10,34,5.40084e-15,0.00513614,0.9999999265095925,0.9283331317832292
650193.0,160,0.163906,0.392312,0.973084,10000,20,32,5.65397e-15,0.00403736,0.9999999248071147,0.9364597765191214
1000000.0,400,0.0415439,0.558404,0.99,86202,35,42,0.00766816,4.45042e-05,0.9124319693038607,0.993328853172055
479167.0,409,0.0790903,0.60516,0.99,27433,47,26,0.00391455,9.48211e-05,0.937433635234257,0.9902623873562356
684845.0,341,0.0752848,0.638716,0.99,10000,45,15,0.00313641,0.000104232,0.9439963394053568,0.9897905925735134
567807.0,409,0.0790903,0.60516,0.99,27433,47,26,0.00462708,8.45723e-05,0.9319773567111657,0.9908036800838597
778746.0,175,0.0377362,0.539178,0.888779,10000,10,40,0.000451072,0.000254054,0.9787615443122623,0.9840609285088497
756150.0,341,0.0752848,0.638716,0.99,10000,45,15,0.00366604,9.69216e-05,0.9394521676688588,0.9901551231597343
748022.0,199,0.110859,0.351735,0.972146,10000,10,36,1.47948e-08,0.000379314,0.99987836612314,0.9805240147874363
748022.0,199,0.110859,0.351735,0.972146,10000,10,36,1.47948e-08,0.000379314,0.99987836612314,0.9805240147874363
778746.0,308,0.0377362,0.601677,0.972146,10000,10,40,0.00408509,2.66634e-05,0.9360852912077353,0.9948363385083838
748022.0,185,0.0561365,0.539879,0.972146,10000,11,36,0.000420342,0.000112872,0.9794977562203548,0.9893758765067419
717217.0,237,0.110859,0.351735,0.99,10000,10,36,0.000225068,0.000155271,0.9849977335045668,0.9875392215331464
748022.0,199,0.110859,0.351735,0.99,10000,10,31,5.41849e-07,0.000234652,0.999263896067121,0.9846816449969326
748022.0,199,0.110859,0.320984,0.99,10000,10,31,4.86815e-12,0.000680082,0.9999977936115483,0.973921618148359
551163.0,234,0.139623,0.293047,0.933586,10208,30,33,8.91918e-16,0.00502268,0.9999999701350037,0.9291291315137171
629628.0,375,0.224591,0.152219,0.976752,10000,24,31,7.21152e-18,0.00589947,0.9999999973145727,0.9231919926049373
670594.0,341,0.0752848,0.447157,0.99,10000,10,15,0.0027933,5.76394e-05,0.9471483207456943,0.9924079383564146
661791.0,341,0.01,0.627406,0.99,10000,10,10,0.00414837,2.44937e-05,0.9355921588624491,0.9950508889687136
748022.0,147,0.110859,0.32255,0.99,10000,10,31,1.94071e-15,0.00341406,0.9999999559465098,0.9415700419305302
562035.0,164,0.257417,0.369683,0.99,12691,43,30,3.24673e-16,0.00506537,0.9999999819813152,0.9288285871996347
587829.0,160,0.228099,0.375752,0.976457,10000,20,32,2.41621e-16,0.00521405,0.9999999844558372,0.9277916209848193
748022.0,147,0.110859,0.366064,0.99,10000,10,31,3.23358e-14,0.00197405,0.9999998201784218,0.9555697175340961
701723.0,340,0.0752848,0.447157,0.99,10000,10,15,0.00305518,5.73474e-05,0.9447263172929468,0.9924271933868611
778746.0,175,0.117058,0.376629,0.970652,10000,10,40,1.31162e-09,0.000510711,0.9999637837053248,0.9774010840967979
379848.0,164,0.266858,0.468082,0.99,10000,43,10,1.16186e-15,0.00440642,0.9999999659139325,0.9336191292615109
748022.0,185,0.0561365,0.531956,0.972146,10000,11,36,0.000376835,0.000118809,0.9805877615922326,0.9891000458716561
755806.0,341,0.0752848,0.447157,0.99,10000,10,15,0.00354195,5.66639e-05,0.9404857160002743,0.992472457240241
764268.0,341,0.0670385,0.483497,0.99,10000,10,15,0.00395949,4.61175e-05,0.9370755214562727,0.9932090133264746
748022.0,199,0.12803,0.311988,0.99,10000,10,31,5.97142e-13,0.000780307,0.9999992272503639,0.9720660242715077
730096.0,161,0.168764,0.342966,0.99,12507,10,33,3.62244e-14,0.00152876,0.9999998096729131,0.9609006393914171
629628.0,375,0.224591,0.152219,0.976752,10000,24,31,7.21152e-18,0.00589947,0.9999999973145727,0.9231919926049373
748022.0,165,0.110859,0.351113,0.959629,10000,10,36,8.78329e-14,0.00174713,0.9999997036338414,0.9582013158101836
794849.0,161,0.168764,0.342966,0.99,12507,10,33,9.21982e-13,0.00100285,0.9999990398010623,0.968332193002988
642696.0,165,0.110859,0.351113,0.959629,11384,10,36,4.34089e-14,0.00253763,0.9999997916519738,0.9496251054591675
629628.0,180,0.224591,0.268337,0.976752,10000,24,31,1.56122e-17,0.00938688,0.9999999960487723,0.9031140877113706
733278.0,152,0.110859,0.351735,0.905998,10000,10,36,9.72811e-15,0.00359122,0.9999999013688183,0.9400732113324933
543202.0,160,0.163906,0.392312,0.976752,10000,20,31,7.2973e-16,0.00511565,0.9999999729864849,0.9284762277281182
670594.0,341,0.0752848,0.616305,0.99,10000,45,15,0.0028215,0.000112822,0.9468822063711226,0.9893782299026951
733278.0,152,0.110859,0.351735,0.905998,10000,10,36,9.72811e-15,0.00359122,0.9999999013688183,0.9400732113324933
670594.0,341,0.0752848,0.616305,0.99,10000,45,15,0.0028215,0.000112822,0.9468822063711226,0.9893782299026951
379848.0,166,0.266858,0.375854,0.99,12691,49,11,3.05199e-17,0.00731175,0.9999999944755181,0.9144912285201103
379848.0,151,0.266858,0.476341,0.983277,12691,47,25,2.49135e-15,0.00502903,0.9999999500865749,0.9290843458748352
833846.0,177,0.168764,0.183718,0.962357,21578,10,22,8.25991e-18,0.00965775,0.9999999971259941,0.9017261479334406
495987.0,113,0.255698,0.389415,0.99,10000,10,31,3.62611e-17,0.00720508,0.999999993978281,0.9151172573487402
1000000.0,450,0.0415439,0.521948,0.99,82641,39,22,0.00774124,4.07186e-05,0.9120156832157003,0.993618887244375
433115.0,476,0.102576,0.469027,0.99,18382,47,22,0.00233057,0.00014519,0.9517240225370838,0.9879505186833624
778746.0,175,0.0377362,0.376629,0.972146,10000,10,40,1.10555e-06,0.000484543,0.9989485486221418,0.9779876625502879
778746.0,175,0.059902,0.376629,0.970652,10000,10,40,1.80212e-08,0.000553833,0.9998657569368645,0.9764663432505698
1000000.0,428,0.0415262,0.551692,0.99,75316,41,42,0.00763021,4.07745e-05,0.9126489267381334,0.9936145086328458
778746.0,308,0.0377362,0.601677,0.972146,10000,19,38,0.0029724,0.000103591,0.9454802787974846,0.9898220336019419
997211.0,450,0.0415439,0.521948,0.988065,82641,16,16,0.00779845,3.74582e-05,0.9116911669197243,0.9938796895503578
1000000.0,428,0.0415262,0.551692,0.99,75316,41,50,0.00763022,4.07554e-05,0.9126488694978708,0.9936160043859664
597333.0,144,0.163906,0.392312,0.974482,10000,28,31,3.71536e-16,0.00674019,0.9999999807247308,0.9179013398404091
708932.0,199,0.110859,0.420186,0.99,11280,10,31,0.000228059,0.000159315,0.9848983775706052,0.9873779954048495
794849.0,161,0.118413,0.439035,0.99,12507,12,32,2.13309e-06,0.000366206,0.9985394898151673,0.9808634903914011
1000000.0,460,0.0415262,0.584528,0.99,72919,41,42,0.00794347,3.4055e-05,0.9108738534435601,0.9941643337998134
659382.0,199,0.110859,0.351735,0.99,10000,10,29,9.4722e-12,0.000682715,0.9999969223060581,0.9738711844891507
650193.0,160,0.180574,0.390557,0.976457,10000,20,32,4.43341e-15,0.00400827,0.9999999334161431,0.936689100464454
997211.0,450,0.0415439,0.463132,0.981018,13216,16,21,0.00512045,4.35996e-05,0.9284426803185027,0.9933970006815085
629628.0,238,0.177066,0.283142,0.976752,10000,29,30,5.30461e-15,0.00359586,0.9999999271672464,0.9400345099244574
1000000.0,426,0.0415262,0.551692,0.987307,75316,41,42,0.00760977,4.25493e-05,0.9127660043331729,0.9934770175532966
629628.0,206,0.224591,0.268337,0.948742,10000,24,31,2.93562e-17,0.00749688,0.9999999945818638,0.9134154748237308
766684.0,282,0.0377362,0.601677,0.973408,10000,19,38,0.00252869,0.000137998,0.949713918426666,0.9882527450014907
748022.0,175,0.110859,0.351113,0.959629,10000,10,32,7.07608e-13,0.00128027,0.9999991588056111,0.9642191391942564
670594.0,341,0.0752848,0.45508,0.99,12228,10,12,0.00299561,5.87616e-05,0.945267833954794,0.9923343884784056
247274.0,166,0.266858,0.420587,0.99,12691,49,11,2.87537e-16,0.0070701,0.999999983043084,0.9159161133153325
833846.0,191,0.168764,0.183718,0.962357,21578,10,24,3.26757e-17,0.00769336,0.9999999942837338,0.9122881991975994
997211.0,450,0.0415439,0.521948,0.981018,82641,16,21,0.00777828,4.10721e-05,0.9118054423447796,0.9935912481714455
796895.0,333,0.0863836,0.433241,0.99,15370,37,33,0.00217341,0.000174163,0.9533801544404102,0.9868029169889706
774160.0,119,0.25626,0.317974,0.99,22285,10,34,2.28455e-15,0.00526329,0.9999999522030336,0.9274514645220181
317650.0,151,0.243999,0.427374,0.99,12159,38,13,8.46637e-17,0.00761533,0.999999990798712,0.912734141842299
661791.0,400,0.01,0.557257,0.861448,10000,10,10,0.00426853,6.56184e-05,0.9346660119080429,0.9918994814980768
668537.0,424,0.0544552,0.588277,0.99,50707,47,26,0.00620293,5.83282e-05,0.9212413179389091,0.9923627099046848
400063.0,164,0.245745,0.5149,0.99,12691,42,13,7.06081e-13,0.00281079,0.9999991597137392,0.9469831158969145
733278.0,152,0.110859,0.583365,0.973662,18221,10,29,0.000714969,0.00021021,0.9732610957591752,0.9855013793759544
748022.0,175,0.110859,0.351735,0.972146,10000,10,36,9.23593e-13,0.0011149,0.9999990389625397,0.9666098817013177
650193.0,160,0.163906,0.392312,0.973084,10000,20,32,5.65397e-15,0.00403736,0.9999999248071147,0.9364597765191214
684845.0,341,0.0752848,0.638716,0.99,10000,45,15,0.00313641,0.000104232,0.9439963394053568,0.9897905925735134
852674.0,113,0.261336,0.317974,0.99,22285,10,34,5.40084e-15,0.00513614,0.9999999265095925,0.9283331317832292
997211.0,408,0.0415439,0.521948,0.989334,51096,16,13,0.0068287,4.38721e-05,0.9173640514061828,0.9933763982607647
517607.0,185,0.0754837,0.539879,0.972146,14074,11,36,5.29258e-05,0.000369302,0.9927249879725185,0.9807827681493926
317650.0,164,0.243999,0.5149,0.99,12691,38,13,3.8931e-14,0.00369041,0.9999998026905983,0.9392512551569994
875313.0,165,0.124482,0.351113,0.959629,10000,10,36,2.46932e-11,0.000842925,0.9999950307747083,0.9709668293154192
668537.0,474,0.0544552,0.542004,0.99,10000,47,26,0.00375693,7.02737e-05,0.9387061993346799,0.9916170589886365
627763.0,384,0.0650048,0.726426,0.99,53467,30,30,0.00668089,5.51557e-05,0.9182632885418064,0.9925733116397684
708932.0,199,0.144116,0.420186,0.99,10222,10,31,0.000433364,0.000215633,0.9791826034288627,0.9853155524448484
748022.0,199,0.110859,0.351735,0.972146,30940,10,36,0.000280635,0.000349761,0.9832478359606885,0.9812981017006295
748022.0,199,0.110859,0.351735,0.972146,10000,10,36,1.47948e-08,0.000379314,0.99987836612314,0.9805240147874363
748022.0,199,0.110859,0.351735,0.972146,10000,10,36,1.47948e-08,0.000379314,0.99987836612314,0.9805240147874363
778746.0,308,0.0377362,0.601677,0.972146,10000,10,40,0.00408509,2.66634e-05,0.9360852912077353,0.9948363385083838
748022.0,185,0.0561365,0.539879,0.972146,10000,11,36,0.000420342,0.000112872,0.9794977562203548,0.9893758765067419
717217.0,237,0.110859,0.351735,0.99,10000,10,36,0.000225068,0.000155271,0.9849977335045668,0.9875392215331464
748022.0,199,0.110859,0.351735,0.99,10000,10,31,5.41849e-07,0.000234652,0.999263896067121,0.9846816449969326
748022.0,199,0.110859,0.320984,0.99,10000,10,31,4.86815e-12,0.000680082,0.9999977936115483,0.973921618148359
629628.0,375,0.224591,0.152219,0.976752,10000,24,31,7.21152e-18,0.00589947,0.9999999973145727,0.9231919926049373
661791.0,341,0.01,0.627406,0.99,10000,10,10,0.00414837,2.44937e-05,0.9355921588624491,0.9950508889687136
778746.0,175,0.117058,0.376629,0.970652,10000,10,40,1.31162e-09,0.000510711,0.9999637837053248,0.9774010840967979
748022.0,185,0.0561365,0.531956,0.972146,10000,11,36,0.000376835,0.000118809,0.9805877615922326,0.9891000458716561
764268.0,341,0.0670385,0.483497,0.99,10000,10,15,0.00395949,4.61175e-05,0.9370755214562727,0.9932090133264746
748022.0,199,0.12803,0.311988,0.99,10000,10,31,5.97142e-13,0.000780307,0.9999992272503639,0.9720660242715077
730096.0,161,0.168764,0.342966,0.99,12507,10,33,3.62244e-14,0.00152876,0.9999998096729131,0.9609006393914171
629628.0,375,0.224591,0.152219,0.976752,10000,24,31,7.21152e-18,0.00589947,0.9999999973145727,0.9231919926049373
748022.0,199,0.110859,0.367717,0.99,10000,11,31,1.93107e-07,0.000295598,0.9995605605843805,0.9828070363229605
659382.0,260,0.0987828,0.231366,0.99,10000,10,29,5.35564e-15,0.00171384,0.9999999268177617,0.9586014493007303
748022.0,303,0.0723428,0.228587,0.99,10000,10,31,3.06006e-09,0.000384803,0.9999446821909328,0.9803836037968234
729540.0,369,0.20722,0.152219,0.976752,10000,20,31,1.59263e-17,0.00472848,0.9999999960092232,0.9312360559595365
635834.0,161,0.186135,0.342966,0.99,10305,10,33,6.5245e-16,0.00236035,0.9999999744568991,0.9514165666095942
738848.0,340,0.01,0.627406,0.99,10000,10,10,0.00448206,1.28523e-05,0.9330518110775206,0.9964149895397643
683781.0,158,0.191294,0.348633,0.968844,10000,12,37,4.01518e-16,0.0036059,0.9999999799620859,0.9399508534615187
744279.0,190,0.110859,0.351735,0.99,11639,10,30,1.59231e-09,0.000412976,0.9999600962407786,0.9796781890570747
608720.0,331,0.224591,0.143986,0.976752,10000,15,43,3.67708e-18,0.0082165,0.9999999980824286,0.9093550883943285
778746.0,308,0.0377362,0.450171,0.972146,10000,12,38,0.00183914,5.46119e-05,0.9571148044192405,0.9926100135318121
551163.0,234,0.139623,0.293047,0.933586,10208,30,33,8.91918e-16,0.00502268,0.9999999701350037,0.9291291315137171
670594.0,341,0.0752848,0.447157,0.99,10000,10,15,0.0027933,5.76394e-05,0.9471483207456943,0.9924079383564146
748022.0,147,0.110859,0.32255,0.99,10000,10,31,1.94071e-15,0.00341406,0.9999999559465098,0.9415700419305302
562035.0,164,0.257417,0.369683,0.99,12691,43,30,3.24673e-16,0.00506537,0.9999999819813152,0.9288285871996347
701723.0,340,0.0752848,0.447157,0.99,10000,10,15,0.00305518,5.73474e-05,0.9447263172929468,0.9924271933868611
379848.0,164,0.266858,0.468082,0.99,10000,43,10,1.16186e-15,0.00440642,0.9999999659139325,0.9336191292615109
755806.0,341,0.0752848,0.447157,0.99,10000,10,15,0.00354195,5.66639e-05,0.9404857160002743,0.992472457240241
748022.0,165,0.110859,0.351113,0.959629,10000,10,36,8.78329e-14,0.00174713,0.9999997036338414,0.9582013158101836
794849.0,161,0.168764,0.342966,0.99,12507,10,33,9.21982e-13,0.00100285,0.9999990398010623,0.968332193002988
708932.0,199,0.110859,0.420186,0.99,11280,10,31,0.000228059,0.000159315,0.9848983775706052,0.9873779954048495
794849.0,161,0.118413,0.439035,0.99,12507,12,32,2.13309e-06,0.000366206,0.9985394898151673,0.9808634903914011
659382.0,199,0.110859,0.351735,0.99,10000,10,29,9.4722e-12,0.000682715,0.9999969223060581,0.9738711844891507
748022.0,175,0.110859,0.351113,0.959629,10000,10,32,7.07608e-13,0.00128027,0.9999991588056111,0.9642191391942564
629628.0,375,0.224591,0.152219,0.950859,10000,24,31,7.667350000000001e-18,0.00682119,0.999999997231002,0.9174095041787494
701827.0,161,0.168764,0.342966,0.955058,12507,10,33,7.54017e-15,0.00253148,0.9999999131658477,0.9496861847997988
705985.0,199,0.0825431,0.290157,0.99,10000,10,10,8.04784e-14,0.00185323,0.9999997163128483,0.9569508420523699
708334.0,290,0.103601,0.45508,0.99,12228,10,39,0.0027455,9.80011e-05,0.9476024809747637,0.9901004495051543
650193.0,160,0.180574,0.390557,0.976457,10000,11,31,1.35641e-14,0.00190254,0.9999998835349838,0.9563818844973788
629628.0,206,0.203334,0.268337,0.952383,10000,13,31,4.81699e-17,0.00512812,0.9999999930595461,0.9283891069738688
701723.0,341,0.0752848,0.447157,0.99,10000,20,15,0.00147012,0.000151197,0.9616578560849813,0.9877037810689627
748733.0,165,0.110859,0.41197,0.980785,10000,10,33,2.28966e-09,0.000434795,0.999952149608152,0.9791482614633695
717217.0,237,0.110859,0.435352,0.980996,10000,10,33,0.00116261,0.000152785,0.9659029326774281,0.9876393770383528
717217.0,237,0.110859,0.481837,0.99,10000,10,36,0.00187199,0.00011857,0.9567335002571273,0.9891110147396555
663125.0,199,0.110859,0.305493,0.956062,10000,10,30,1.18903e-14,0.00203343,0.9999998909573478,0.9549064306136673
670822.0,185,0.0561365,0.445317,0.972146,10000,11,33,7.43804e-06,0.000359773,0.9972727229697004,0.9810323169575196
661791.0,382,0.01,0.627406,0.99,10000,10,10,0.00458112,1.3945e-05,0.9323160284853201,0.9962656995300324
997211.0,491,0.0415439,0.377481,0.99,13216,12,21,0.00518124,3.0716e-05,0.9280191692184648,0.9944577982714449
833846.0,177,0.168764,0.183718,0.962357,21578,10,22,8.25991e-18,0.00965775,0.9999999971259941,0.9017261479334406
997211.0,450,0.0415439,0.463132,0.981018,13216,16,21,0.00512045,4.35996e-05,0.9284426803185027,0.9933970006815085
670594.0,341,0.0752848,0.45508,0.99,12228,10,12,0.00299561,5.87616e-05,0.945267833954794,0.9923343884784056
733278.0,152,0.110859,0.583365,0.973662,18221,10,29,0.000714969,0.00021021,0.9732610957591752,0.9855013793759544
629628.0,219,0.224591,0.246182,0.976752,10000,24,31,1.93294e-17,0.00693684,0.9999999956034786,0.9167123058309332
796895.0,333,0.0863836,0.433241,0.99,15370,37,33,0.00217341,0.000174163,0.9533801544404102,0.9868029169889706
629628.0,180,0.224591,0.268337,0.976752,10000,24,31,1.56122e-17,0.00938688,0.9999999960487723,0.9031140877113706
748022.0,147,0.110859,0.366064,0.99,10000,10,31,3.23358e-14,0.00197405,0.9999998201784218,0.9555697175340961
642696.0,165,0.110859,0.323212,0.959629,11384,10,36,5.63608e-15,0.00346401,0.9999999249261696,0.9411441591683544
650193.0,160,0.180574,0.390557,0.976457,10000,20,32,4.43341e-15,0.00400827,0.9999999334161431,0.936689100464454
495987.0,113,0.255698,0.408051,0.99,10000,10,31,7.72566e-17,0.00629424,0.9999999912104266,0.9206637535548852
748022.0,175,0.110859,0.351735,0.972146,10000,10,36,9.23593e-13,0.0011149,0.9999990389625397,0.9666098817013177
362536.0,166,0.266858,0.415531,0.99,12691,28,11,1.60923e-16,0.00575814,0.999999987314457,0.924117590971293
497546.0,234,0.139623,0.310758,0.933586,10208,50,26,1.5202e-15,0.00485242,0.9999999610102578,0.9303406861934458
708932.0,199,0.144116,0.420186,0.99,10222,10,31,0.000433364,0.000215633,0.9791826034288627,0.9853155524448484
766684.0,282,0.0377362,0.601677,0.973408,10000,19,38,0.00252869,0.000137998,0.949713918426666,0.9882527450014907
748022.0,199,0.110859,0.351735,0.972146,30940,10,36,0.000280635,0.000349761,0.9832478359606885,0.9812981017006295
433115.0,476,0.102576,0.469027,0.99,18382,47,22,0.00233057,0.00014519,0.9517240225370838,0.9879505186833624
587829.0,160,0.228099,0.375752,0.976457,10000,20,32,2.41621e-16,0.00521405,0.9999999844558372,0.9277916209848193
875313.0,165,0.124482,0.351113,0.959629,10000,10,36,2.46932e-11,0.000842925,0.9999950307747083,0.9709668293154192
670594.0,341,0.0752848,0.616305,0.99,10000,45,15,0.0028215,0.000112822,0.9468822063711226,0.9893782299026951
629628.0,238,0.177066,0.283142,0.976752,10000,29,30,5.30461e-15,0.00359586,0.9999999271672464,0.9400345099244574
708932.0,217,0.110859,0.420186,0.99,11280,15,32,7.58402e-05,0.000368435,0.9912913720942964,0.9808053392840613
778746.0,308,0.0377362,0.601677,0.972146,10000,19,38,0.0029724,0.000103591,0.9454802787974846,0.9898220336019419
778746.0,175,0.059902,0.376629,0.970652,10000,10,40,1.80212e-08,0.000553833,0.9998657569368645,0.9764663432505698
670594.0,341,0.0752848,0.616305,0.99,10000,45,15,0.0028215,0.000112822,0.9468822063711226,0.9893782299026951
562035.0,164,0.168497,0.369683,0.99,12691,22,26,1.47175e-15,0.00500689,0.999999961636606,0.9292406189964892
730096.0,171,0.195134,0.342966,0.99,28947,10,33,3.5663e-05,0.000467884,0.9940281493655652,0.9783693735643186
748022.0,199,0.110859,0.351735,0.972146,10000,10,36,1.47948e-08,0.000379314,0.99987836612314,0.9805240147874363
748022.0,199,0.110859,0.351735,0.972146,10000,10,36,1.47948e-08,0.000379314,0.99987836612314,0.9805240147874363
748022.0,185,0.0561365,0.539879,0.972146,10000,11,36,0.000420342,0.000112872,0.9794977562203548,0.9893758765067419
748022.0,199,0.110859,0.351735,0.99,10000,10,31,5.41849e-07,0.000234652,0.999263896067121,0.9846816449969326
748022.0,199,0.110859,0.320984,0.99,10000,10,31,4.86815e-12,0.000680082,0.9999977936115483,0.973921618148359
629628.0,375,0.224591,0.152219,0.976752,10000,24,31,7.21152e-18,0.00589947,0.9999999973145727,0.9231919926049373
661791.0,341,0.01,0.627406,0.99,10000,10,10,0.00414837,2.44937e-05,0.9355921588624491,0.9950508889687136
778746.0,175,0.117058,0.376629,0.970652,10000,10,40,1.31162e-09,0.000510711,0.9999637837053248,0.9774010840967979
748022.0,185,0.0561365,0.531956,0.972146,10000,11,36,0.000376835,0.000118809,0.9805877615922326,0.9891000458716561
748022.0,199,0.12803,0.311988,0.99,10000,10,31,5.97142e-13,0.000780307,0.9999992272503639,0.9720660242715077
730096.0,161,0.168764,0.342966,0.99,12507,10,33,3.62244e-14,0.00152876,0.9999998096729131,0.9609006393914171
629628.0,375,0.224591,0.152219,0.976752,10000,24,31,7.21152e-18,0.00589947,0.9999999973145727,0.9231919926049373
748022.0,303,0.0723428,0.228587,0.99,10000,10,31,3.06006e-09,0.000384803,0.9999446821909328,0.9803836037968234
738848.0,340,0.01,0.627406,0.99,10000,10,10,0.00448206,1.28523e-05,0.9330518110775206,0.9964149895397643
744279.0,190,0.110859,0.351735,0.99,11639,10,30,1.59231e-09,0.000412976,0.9999600962407786,0.9796781890570747
608720.0,331,0.224591,0.143986,0.976752,10000,15,43,3.67708e-18,0.0082165,0.9999999980824286,0.9093550883943285
778746.0,308,0.0377362,0.450171,0.972146,10000,12,38,0.00183914,5.46119e-05,0.9571148044192405,0.9926100135318121
738848.0,340,0.01,0.655365,0.99,10000,10,10,0.00465852,1.0411e-05,0.9317466484339414,0.9967733918738093
629628.0,402,0.224591,0.152219,0.99,10000,24,31,1.24253e-17,0.0043687,0.9999999964750461,0.933903857903808
608720.0,331,0.224591,0.143986,0.976752,10000,14,42,3.80512e-18,0.00774177,0.9999999980493284,0.9120126713668383
748022.0,199,0.12803,0.311988,0.99,10000,10,28,5.93382e-13,0.000780507,0.9999992296870766,0.9720624446309274
690472.0,375,0.224591,0.152219,0.99,10000,24,29,1.20026e-17,0.00475032,0.9999999965355231,0.9310774347546465
730096.0,161,0.168764,0.342966,0.99,11021,10,33,1.03855e-14,0.00157689,0.9999998980907266,0.9602899257114772
748022.0,199,0.110859,0.351735,0.982611,10000,10,32,1.17184e-07,0.000285609,0.9996576785136746,0.9831000295858248
748022.0,304,0.0943956,0.268366,0.99,10000,10,31,0.000170664,0.000127275,0.9869361567676277,0.9887183777762238
629628.0,311,0.224591,0.152219,0.99,10000,26,31,3.6021200000000005e-18,0.00947625,0.9999999981020748,0.9026539677233838
629628.0,219,0.224591,0.270336,0.988541,10000,10,31,2.70322e-16,0.0015938,0.999999983558528,0.9600775752239421
748022.0,185,0.0561365,0.539879,0.972146,10000,11,30,0.0004204,0.000112856,0.9794963417898171,0.9893766295367242
661791.0,476,0.0362676,0.436733,0.966857,10000,10,10,0.00372659,2.53973e-05,0.9389541975234988,0.9949604266053563
668282.0,384,0.0752848,0.447157,0.99,10000,10,15,0.00354066,5.23383e-05,0.9404965547215962,0.9927654785921942
748022.0,199,0.110859,0.351735,0.99,12144,10,31,3.1552e-06,0.000217187,0.998223711735106,0.9852627343105989
748022.0,199,0.12803,0.311988,0.99,10000,10,31,5.97142e-13,0.000780307,0.9999992272503639,0.9720660242715077
635834.0,143,0.186135,0.342966,0.99,10305,10,33,2.11097e-16,0.00379326,0.9999999854708225,0.9384105528519698
778746.0,308,0.0377362,0.601677,0.972146,10000,10,40,0.00408509,2.66634e-05,0.9360852912077353,0.9948363385083838
717217.0,237,0.110859,0.351735,0.99,10000,10,36,0.000225068,0.000155271,0.9849977335045668,0.9875392215331464
764268.0,341,0.0670385,0.483497,0.99,10000,10,15,0.00395949,4.61175e-05,0.9370755214562727,0.9932090133264746
748022.0,199,0.110859,0.367717,0.99,10000,11,31,1.93107e-07,0.000295598,0.9995605605843805,0.9828070363229605
659382.0,260,0.0987828,0.231366,0.99,10000,10,29,5.35564e-15,0.00171384,0.9999999268177617,0.9586014493007303
729540.0,369,0.20722,0.152219,0.976752,10000,20,31,1.59263e-17,0.00472848,0.9999999960092232,0.9312360559595365
635834.0,161,0.186135,0.342966,0.99,10305,10,33,6.5245e-16,0.00236035,0.9999999744568991,0.9514165666095942
683781.0,158,0.191294,0.348633,0.968844,10000,12,37,4.01518e-16,0.0036059,0.9999999799620859,0.9399508534615187
670594.0,341,0.0752848,0.447157,0.99,10000,10,15,0.0027933,5.76394e-05,0.9471483207456943,0.9924079383564146
701723.0,340,0.0752848,0.447157,0.99,10000,10,15,0.00305518,5.73474e-05,0.9447263172929468,0.9924271933868611
755806.0,341,0.0752848,0.447157,0.99,10000,10,15,0.00354195,5.66639e-05,0.9404857160002743,0.992472457240241
794849.0,161,0.168764,0.342966,0.99,12507,10,33,9.21982e-13,0.00100285,0.9999990398010623,0.968332193002988
659382.0,199,0.110859,0.351735,0.99,10000,10,29,9.4722e-12,0.000682715,0.9999969223060581,0.9738711844891507
748022.0,175,0.110859,0.351113,0.959629,10000,10,32,7.07608e-13,0.00128027,0.9999991588056111,0.9642191391942564
629628.0,375,0.224591,0.152219,0.950859,10000,24,31,7.667350000000001e-18,0.00682119,0.999999997231002,0.9174095041787494
748733.0,165,0.110859,0.41197,0.980785,10000,10,33,2.28966e-09,0.000434795,0.999952149608152,0.9791482614633695
717217.0,237,0.110859,0.481837,0.99,10000,10,36,0.00187199,0.00011857,0.9567335002571273,0.9891110147396555
661791.0,382,0.01,0.627406,0.99,10000,10,10,0.00458112,1.3945e-05,0.9323160284853201,0.9962656995300324
661791.0,382,0.01,0.627406,0.99,10000,10,10,0.00458112,1.3945e-05,0.9323160284853201,0.9962656995300324
661791.0,382,0.01,0.627406,0.974544,10000,10,10,0.00457291,1.74835e-05,0.9323767051970995,0.9958186724596129
625305.0,341,0.0752848,0.443115,0.99,10000,10,15,0.00231386,5.8793e-05,0.9518974013176003,0.9923323406439775
869347.0,308,0.0377362,0.450171,0.972146,10000,14,38,0.00216064,7.6932e-05,0.9535173150517313,0.9912289111280298
824412.0,179,0.110859,0.385739,0.979535,10000,10,35,4.45924e-05,0.000218654,0.9933222458865274,0.9852130462907331
626477.0,341,0.0521871,0.627406,0.99,10000,10,10,0.00406827,2.83883e-05,0.936217008536758,0.9946719328082315
748022.0,284,0.110859,0.343995,0.99,10000,10,31,0.00115164,0.000133715,0.9660641782182897,0.9884364797747399
708932.0,191,0.110859,0.567603,0.987904,11280,10,31,0.00150575,0.000132436,0.9611960053602725,0.9884919158849095
635834.0,161,0.214107,0.342966,0.983799,10202,10,33,5.2818e-16,0.00238468,0.999999977017833,0.9511668145622262
748733.0,165,0.110859,0.41197,0.980785,10000,10,33,2.28966e-09,0.000434795,0.999952149608152,0.9791482614633695
778746.0,308,0.0377362,0.601677,0.972146,10000,10,40,0.00408509,2.66634e-05,0.9360852912077353,0.9948363385083838
833846.0,177,0.168764,0.183718,0.962357,21578,10,22,8.25991e-18,0.00965775,0.9999999971259941,0.9017261479334406
997211.0,491,0.0415439,0.377481,0.99,13216,12,21,0.00518124,3.0716e-05,0.9280191692184648,0.9944577982714449
780889.0,341,0.0670385,0.483497,0.99,10000,10,15,0.00409193,4.60218e-05,0.9360318047776865,0.9932160630899161
670594.0,341,0.0752848,0.45508,0.99,12228,10,12,0.00299561,5.87616e-05,0.945267833954794,0.9923343884784056
629628.0,207,0.224591,0.246182,0.976752,10000,25,37,1.7089e-17,0.00815899,0.9999999958661157,0.9096728722918745
701723.0,341,0.0752848,0.447157,0.99,10000,20,15,0.00147012,0.000151197,0.9616578560849813,0.9877037810689627
876136.0,384,0.0377362,0.625444,0.99,10000,19,38,0.00476774,3.69437e-05,0.9309511766935887,0.9939218670629872
433115.0,476,0.102576,0.469027,0.99,18382,47,22,0.00233057,0.00014519,0.9517240225370838,0.9879505186833624
748982.0,165,0.110859,0.54544,0.986986,10000,10,33,0.000697849,0.00015528,0.9735831682444696,0.9875388604052439
607013.0,180,0.224591,0.268337,0.967951,10000,12,31,2.29024e-17,0.00660653,0.9999999952143548,0.9187194365177013
379848.0,164,0.266858,0.468082,0.99,10000,43,10,1.16186e-15,0.00440642,0.9999999659139325,0.9336191292615109
629628.0,219,0.224591,0.246182,0.976752,10000,24,31,1.93294e-17,0.00693684,0.9999999956034786,0.9167123058309332
629628.0,180,0.224591,0.268337,0.976752,10000,24,31,1.56122e-17,0.00938688,0.9999999960487723,0.9031140877113706
708932.0,199,0.110859,0.420186,0.99,11280,10,31,0.000228059,0.000159315,0.9848983775706052,0.9873779954048495
629628.0,257,0.224591,0.230727,0.976752,10000,24,33,2.78682e-17,0.00525153,0.999999994720966,0.9275325590351088
717217.0,237,0.110859,0.435352,0.980996,10000,10,33,0.00116261,0.000152785,0.9659029326774281,0.9876393770383528
701827.0,161,0.168764,0.342966,0.955058,12507,10,33,7.54017e-15,0.00253148,0.9999999131658477,0.9496861847997988
748022.0,147,0.110859,0.32255,0.99,10000,10,31,1.94071e-15,0.00341406,0.9999999559465098,0.9415700419305302
748022.0,199,0.110859,0.351735,0.972146,10000,10,36,1.47948e-08,0.000379314,0.99987836612314,0.9805240147874363
748022.0,199,0.110859,0.351735,0.972146,10000,10,36,1.47948e-08,0.000379314,0.99987836612314,0.9805240147874363
748022.0,185,0.0561365,0.539879,0.972146,10000,11,36,0.000420342,0.000112872,0.9794977562203548,0.9893758765067419
748022.0,199,0.110859,0.320984,0.99,10000,10,31,4.86815e-12,0.000680082,0.9999977936115483,0.973921618148359
629628.0,375,0.224591,0.152219,0.976752,10000,24,31,7.21152e-18,0.00589947,0.9999999973145727,0.9231919926049373
778746.0,175,0.117058,0.376629,0.970652,10000,10,40,1.31162e-09,0.000510711,0.9999637837053248,0.9774010840967979
748022.0,185,0.0561365,0.531956,0.972146,10000,11,36,0.000376835,0.000118809,0.9805877615922326,0.9891000458716561
748022.0,199,0.12803,0.311988,0.99,10000,10,31,5.97142e-13,0.000780307,0.9999992272503639,0.9720660242715077
730096.0,161,0.168764,0.342966,0.99,12507,10,33,3.62244e-14,0.00152876,0.9999998096729131,0.9609006393914171
629628.0,375,0.224591,0.152219,0.976752,10000,24,31,7.21152e-18,0.00589947,0.9999999973145727,0.9231919926049373
748022.0,303,0.0723428,0.228587,0.99,10000,10,31,3.06006e-09,0.000384803,0.9999446821909328,0.9803836037968234
744279.0,190,0.110859,0.351735,0.99,11639,10,30,1.59231e-09,0.000412976,0.9999600962407786,0.9796781890570747
608720.0,331,0.224591,0.143986,0.976752,10000,15,43,3.67708e-18,0.0082165,0.9999999980824286,0.9093550883943285
778746.0,308,0.0377362,0.450171,0.972146,10000,12,38,0.00183914,5.46119e-05,0.9571148044192405,0.9926100135318121
738848.0,340,0.01,0.655365,0.99,10000,10,10,0.00465852,1.0411e-05,0.9317466484339414,0.9967733918738093
629628.0,402,0.224591,0.152219,0.99,10000,24,31,1.24253e-17,0.0043687,0.9999999964750461,0.933903857903808
608720.0,331,0.224591,0.143986,0.976752,10000,14,42,3.80512e-18,0.00774177,0.9999999980493284,0.9120126713668383
748022.0,199,0.12803,0.311988,0.99,10000,10,28,5.93382e-13,0.000780507,0.9999992296870766,0.9720624446309274
730096.0,161,0.168764,0.342966,0.99,11021,10,33,1.03855e-14,0.00157689,0.9999998980907266,0.9602899257114772
748022.0,304,0.0943956,0.268366,0.99,10000,10,31,0.000170664,0.000127275,0.9869361567676277,0.9887183777762238
629628.0,311,0.224591,0.152219,0.99,10000,26,31,3.6021200000000005e-18,0.00947625,0.9999999981020748,0.9026539677233838
629628.0,219,0.224591,0.270336,0.988541,10000,10,31,2.70322e-16,0.0015938,0.999999983558528,0.9600775752239421
748022.0,185,0.0561365,0.539879,0.972146,10000,11,30,0.0004204,0.000112856,0.9794963417898171,0.9893766295367242
661791.0,476,0.0362676,0.436733,0.966857,10000,10,10,0.00372659,2.53973e-05,0.9389541975234988,0.9949604266053563
668282.0,384,0.0752848,0.447157,0.99,10000,10,15,0.00354066,5.23383e-05,0.9404965547215962,0.9927654785921942
748022.0,199,0.110859,0.351735,0.99,12144,10,31,3.1552e-06,0.000217187,0.998223711735106,0.9852627343105989
748022.0,199,0.12803,0.311988,0.99,10000,10,31,5.97142e-13,0.000780307,0.9999992272503639,0.9720660242715077
997211.0,491,0.01,0.466399,0.99,10000,10,10,0.00600415,3.74387e-06,0.9225135495715542,0.9980650917334406
730096.0,161,0.150975,0.366354,0.99,11021,10,33,1.79362e-13,0.0011194,0.9999995764884889,0.9665425643540931
668282.0,384,0.0752848,0.447157,0.99,10000,10,11,0.0035236,5.24529e-05,0.9406400808625888,0.9927575625649924
629628.0,311,0.224591,0.152219,0.99,10000,26,30,3.5949e-18,0.00947659,0.9999999981039779,0.902652221391549
748022.0,300,0.0723428,0.228587,0.99,10000,10,28,1.46253e-09,0.000424922,0.9999617569614178,0.9793863637365942
736269.0,340,0.01,0.566581,0.99,10000,10,10,0.00406202,2.20239e-05,0.9362660216211164,0.9953070371831859
664370.0,484,0.019148,0.497558,0.966857,10000,10,15,0.00431667,1.09542e-05,0.934298630151267,0.9966902870215077
738848.0,340,0.01,0.655365,0.99,10000,10,16,0.00467003,1.02878e-05,0.9316623822481351,0.9967925399456891
668282.0,384,0.0752848,0.447157,0.99,10000,10,13,0.00353456,5.23799e-05,0.9405478343539951,0.99276260405947
778746.0,294,0.0377362,0.450171,0.972146,10000,12,38,0.00162026,6.35536e-05,0.9597475466586197,0.9920279488210373
629628.0,402,0.224591,0.152219,0.99,10000,20,31,1.30047e-17,0.00409816,0.999999996393797,0.935983127224145
629628.0,319,0.216693,0.178265,0.99,10030,26,32,9.817870000000003e-18,0.00561564,0.999999996866652,0.9250624259800199
748022.0,303,0.107336,0.231484,0.99,10000,10,31,7.92369e-08,0.000234415,0.9997185095028247,0.9846893827688104
691187.0,199,0.125714,0.351735,0.982611,10000,10,32,1.01548e-10,0.000529124,0.9999899228972418,0.9769973045057758
665555.0,331,0.230302,0.143986,0.976752,10000,15,43,4.5026800000000004e-18,0.00737914,0.999999997878048,0.9140980791832918
629628.0,375,0.238134,0.152219,0.950859,11541,13,31,1.05021e-17,0.00465731,0.9999999967593056,0.9317555130431769
748022.0,304,0.0943956,0.268366,0.99,10000,12,31,1.22129e-05,0.00021288,0.9965053040189453,0.9854095921921284
629628.0,375,0.298261,0.152219,0.976752,10000,22,31,7.878580000000001e-18,0.0056845,0.9999999971931192,0.9246043767848557
629628.0,375,0.224591,0.152219,0.976752,10000,24,17,7.02216e-18,0.00593744,0.9999999973500642,0.9229452142952821
635834.0,161,0.214107,0.324622,0.983799,10000,10,32,1.96204e-16,0.00301884,0.9999999859927162,0.9450560285381553
748022.0,191,0.110859,0.339328,0.99,10000,10,32,1.82211e-11,0.000598465,0.9999957313819566,0.9755364556942376
748022.0,199,0.12803,0.311988,0.99,10000,10,31,5.97142e-13,0.000780307,0.9999992272503639,0.9720660242715077
632289.0,382,0.01,0.696501,0.99,10000,10,10,0.00484313,1.09831e-05,0.9304073998186588,0.9966859239598344
629628.0,375,0.224591,0.152219,0.950859,10000,24,31,7.667350000000001e-18,0.00682119,0.999999997231002,0.9174095041787494
687060.0,375,0.224591,0.152219,0.99,10000,23,19,1.14855e-17,0.00475063,0.9999999966109736,0.9310751858907114
748022.0,284,0.110859,0.343995,0.99,10000,10,31,0.00115164,0.000133715,0.9660641782182897,0.9884364797747399
799769.0,375,0.224591,0.152219,0.99,10000,22,31,3.38917e-16,0.00351612,0.9999999815903015,0.9407031198122532
755806.0,341,0.0752848,0.447157,0.99,10000,10,15,0.00354195,5.66639e-05,0.9404857160002743,0.992472457240241
717217.0,237,0.110859,0.375056,0.99,10000,10,34,0.000464237,0.000147447,0.9784538402493623,0.9878572243700214
635834.0,143,0.186135,0.342966,0.99,10305,10,33,2.11097e-16,0.00379326,0.9999999854708225,0.9384105528519698
635834.0,161,0.214107,0.342966,0.983799,10202,10,33,5.2818e-16,0.00238468,0.999999977017833,0.9511668145622262
701723.0,340,0.0752848,0.447157,0.99,10000,10,15,0.00305518,5.73474e-05,0.9447263172929468,0.9924271933868611
670594.0,341,0.0752848,0.447157,0.99,10000,10,15,0.0027933,5.76394e-05,0.9471483207456943,0.9924079383564146
659382.0,260,0.0987828,0.231366,0.99,10000,10,29,5.35564e-15,0.00171384,0.9999999268177617,0.9586014493007303
708932.0,191,0.110859,0.567603,0.987904,11280,10,31,0.00150575,0.000132436,0.9611960053602725,0.9884919158849095
738848.0,340,0.01,0.627406,0.99,10000,10,10,0.00448206,1.28523e-05,0.9330518110775206,0.9964149895397643
717217.0,237,0.110859,0.481837,0.99,10000,10,36,0.00187199,0.00011857,0.9567335002571273,0.9891110147396555
729540.0,369,0.20722,0.152219,0.976752,10000,20,31,1.59263e-17,0.00472848,0.9999999960092232,0.9312360559595365
625305.0,341,0.0752848,0.443115,0.99,10000,10,15,0.00231386,5.8793e-05,0.9518974013176003,0.9923323406439775
764268.0,341,0.0670385,0.483497,0.99,10000,10,15,0.00395949,4.61175e-05,0.9370755214562727,0.9932090133264746
739370.0,186,0.12803,0.311988,0.99,12571,10,28,2.49763e-13,0.00123165,0.9999995002370562,0.9649051285798053
869347.0,308,0.0377362,0.450171,0.972146,10000,14,38,0.00216064,7.6932e-05,0.9535173150517313,0.9912289111280298
730096.0,161,0.168764,0.31868,0.99,12507,10,36,3.19726e-15,0.0022613,0.9999999434556811,0.9524468718168826
661791.0,341,0.01,0.627406,0.99,10000,10,10,0.00414837,2.44937e-05,0.9355921588624491,0.9950508889687136
794849.0,161,0.168764,0.342966,0.99,12507,10,33,9.21982e-13,0.00100285,0.9999990398010623,0.968332193002988
659382.0,199,0.110859,0.351735,0.99,10000,10,29,9.4722e-12,0.000682715,0.9999969223060581,0.9738711844891507
824412.0,179,0.110859,0.385739,0.979535,10000,10,35,4.45924e-05,0.000218654,0.9933222458865274,0.9852130462907331
717217.0,237,0.110859,0.351735,0.99,10000,10,36,0.000225068,0.000155271,0.9849977335045668,0.9875392215331464
748022.0,304,0.108607,0.268366,0.99,10000,10,34,0.000255937,0.000151543,0.9840019688711392,0.9876897197432389
748022.0,199,0.0922876,0.334613,0.988563,10000,10,21,1.65929e-10,0.000536006,0.9999871186569024,0.9768481966145184
748022.0,199,0.110859,0.351735,0.982611,10000,10,32,1.17184e-07,0.000285609,0.9996576785136746,0.9831000295858248
626477.0,341,0.0521871,0.627406,0.99,10000,10,10,0.00406827,2.83883e-05,0.936217008536758,0.9946719328082315
748733.0,165,0.110859,0.41197,0.980785,10000,10,33,2.28966e-09,0.000434795,0.999952149608152,0.9791482614633695
748022.0,199,0.110859,0.351735,0.972146,10000,10,36,1.47948e-08,0.000379314,0.99987836612314,0.9805240147874363
748022.0,199,0.110859,0.351735,0.972146,10000,10,36,1.47948e-08,0.000379314,0.99987836612314,0.9805240147874363
748022.0,199,0.110859,0.320984,0.99,10000,10,31,4.86815e-12,0.000680082,0.9999977936115483,0.973921618148359
629628.0,375,0.224591,0.152219,0.976752,10000,24,31,7.21152e-18,0.00589947,0.9999999973145727,0.9231919926049373
778746.0,175,0.117058,0.376629,0.970652,10000,10,40,1.31162e-09,0.000510711,0.9999637837053248,0.9774010840967979
748022.0,199,0.12803,0.311988,0.99,10000,10,31,5.97142e-13,0.000780307,0.9999992272503639,0.9720660242715077
629628.0,375,0.224591,0.152219,0.976752,10000,24,31,7.21152e-18,0.00589947,0.9999999973145727,0.9231919926049373
748022.0,303,0.0723428,0.228587,0.99,10000,10,31,3.06006e-09,0.000384803,0.9999446821909328,0.9803836037968234
744279.0,190,0.110859,0.351735,0.99,11639,10,30,1.59231e-09,0.000412976,0.9999600962407786,0.9796781890570747
778746.0,308,0.0377362,0.450171,0.972146,10000,12,38,0.00183914,5.46119e-05,0.9571148044192405,0.9926100135318121
738848.0,340,0.01,0.655365,0.99,10000,10,10,0.00465852,1.0411e-05,0.9317466484339414,0.9967733918738093
629628.0,402,0.224591,0.152219,0.99,10000,24,31,1.24253e-17,0.0043687,0.9999999964750461,0.933903857903808
748022.0,199,0.12803,0.311988,0.99,10000,10,28,5.93382e-13,0.000780507,0.9999992296870766,0.9720624446309274
730096.0,161,0.168764,0.342966,0.99,11021,10,33,1.03855e-14,0.00157689,0.9999998980907266,0.9602899257114772
629628.0,219,0.224591,0.270336,0.988541,10000,10,31,2.70322e-16,0.0015938,0.999999983558528,0.9600775752239421
748022.0,199,0.12803,0.311988,0.99,10000,10,31,5.97142e-13,0.000780307,0.9999992272503639,0.9720660242715077
997211.0,491,0.01,0.466399,0.99,10000,10,10,0.00600415,3.74387e-06,0.9225135495715542,0.9980650917334406
730096.0,161,0.150975,0.366354,0.99,11021,10,33,1.79362e-13,0.0011194,0.9999995764884889,0.9665425643540931
748022.0,300,0.0723428,0.228587,0.99,10000,10,28,1.46253e-09,0.000424922,0.9999617569614178,0.9793863637365942
664370.0,484,0.019148,0.497558,0.966857,10000,10,15,0.00431667,1.09542e-05,0.934298630151267,0.9966902870215077
738848.0,340,0.01,0.655365,0.99,10000,10,16,0.00467003,1.02878e-05,0.9316623822481351,0.9967925399456891
778746.0,294,0.0377362,0.450171,0.972146,10000,12,38,0.00162026,6.35536e-05,0.9597475466586197,0.9920279488210373
629628.0,402,0.224591,0.152219,0.99,10000,20,31,1.30047e-17,0.00409816,0.999999996393797,0.935983127224145
629628.0,319,0.216693,0.178265,0.99,10030,26,32,9.817870000000003e-18,0.00561564,0.999999996866652,0.9250624259800199
748022.0,303,0.107336,0.231484,0.99,10000,10,31,7.92369e-08,0.000234415,0.9997185095028247,0.9846893827688104
691187.0,199,0.125714,0.351735,0.982611,10000,10,32,1.01548e-10,0.000529124,0.9999899228972418,0.9769973045057758
629628.0,375,0.238134,0.152219,0.950859,11541,13,31,1.05021e-17,0.00465731,0.9999999967593056,0.9317555130431769
629628.0,375,0.298261,0.152219,0.976752,10000,22,31,7.878580000000001e-18,0.0056845,0.9999999971931192,0.9246043767848557
629628.0,375,0.224591,0.152219,0.976752,10000,24,17,7.02216e-18,0.00593744,0.9999999973500642,0.9229452142952821
748022.0,191,0.110859,0.339328,0.99,10000,10,32,1.82211e-11,0.000598465,0.9999957313819566,0.9755364556942376
748022.0,199,0.12803,0.311988,0.99,10000,10,31,5.97142e-13,0.000780307,0.9999992272503639,0.9720660242715077
1000000.0,500,0.01,0.594368,0.99,10000,10,10,0.0069913,2.84451e-06,0.9163860059559406,0.9983134324798574
621890.0,219,0.224591,0.256077,0.99,10000,10,41,8.65571e-17,0.00214464,0.9999999906963932,0.9536897419570998
694105.0,199,0.125714,0.330991,0.99,10000,10,32,1.11084e-12,0.000761772,0.9999989460360538,0.9723997826095518
735930.0,267,0.02258,0.601087,0.982165,10000,10,12,0.00276979,1.72712e-05,0.947371205599976,0.9958441366721221
808819.0,191,0.0561365,0.531956,0.972146,10000,10,36,0.000998028,7.08808e-05,0.9684084188429892,0.9915809264167605
699918.0,260,0.0987828,0.231366,0.99,10000,10,29,1.1119e-14,0.00142336,0.999999894553331,0.9622725564078349
692938.0,308,0.0943956,0.268743,0.99,10000,10,31,5.39818e-05,0.000129635,0.9926527692291585,0.9886142633088587
748022.0,303,0.109688,0.231484,0.99,11523,10,31,1.12759e-06,0.000209818,0.9989381195924211,0.9855149042115697
629628.0,375,0.192603,0.152219,0.977521,11360,18,23,1.0431e-17,0.00520394,0.9999999967702942,0.9278616606789427
748022.0,300,0.0723428,0.228587,0.99,10000,10,28,1.46253e-09,0.000424922,0.9999617569614178,0.9793863637365942
779260.0,353,0.230599,0.109201,0.983608,10900,10,33,3.0926200000000007e-18,0.00594364,0.9999999982414154,0.9229049936766329
1000000.0,214,0.0416255,0.311988,0.99,10000,10,31,0.000144686,7.17704e-05,0.9879714506277772,0.9915282587386063
689577.0,484,0.019148,0.497558,0.966857,10000,10,15,0.00449782,1.04967e-05,0.9329342114040251,0.9967601388918659
686386.0,381,0.01,0.696501,0.99,10000,10,22,0.00511113,7.05732e-06,0.9285078325968501,0.9973434383124046
748022.0,199,0.12803,0.311988,0.99,10000,10,31,5.97142e-13,0.000780307,0.9999992272503639,0.9720660242715077
664370.0,484,0.019148,0.593467,0.966857,10000,10,12,0.00518385,9.06303e-06,0.9280010416742019,0.9969895133283803
629628.0,311,0.224591,0.152219,0.99,10000,26,30,3.5949e-18,0.00947659,0.9999999981039779,0.902652221391549
734879.0,175,0.0576043,0.534861,0.983866,10000,10,11,0.000307341,7.78675e-05,0.9824688562837446,0.9911757436573952
869347.0,308,0.0377362,0.450171,0.972146,10000,14,38,0.00216064,7.6932e-05,0.9535173150517313,0.9912289111280298
635834.0,161,0.214107,0.324622,0.983799,10000,10,32,1.96204e-16,0.00301884,0.9999999859927162,0.9450560285381553
608720.0,331,0.224591,0.143986,0.976752,10000,15,43,3.67708e-18,0.0082165,0.9999999980824286,0.9093550883943285
629628.0,375,0.224591,0.151161,0.976752,10000,24,17,6.7885200000000015e-18,0.00606058,0.9999999973945212,0.9221502729613006
629628.0,319,0.218516,0.191433,0.99,10030,28,32,2.24517e-17,0.00452347,0.9999999952616775,0.9327432531265449
738848.0,340,0.01,0.627406,0.99,10000,10,10,0.00448206,1.28523e-05,0.9330518110775206,0.9964149895397643
736269.0,340,0.01,0.566581,0.99,10000,10,10,0.00406202,2.20239e-05,0.9362660216211164,0.9953070371831859
670594.0,341,0.0752848,0.447157,0.99,10000,10,15,0.0027933,5.76394e-05,0.9471483207456943,0.9924079383564146
701723.0,340,0.0752848,0.447157,0.99,10000,10,15,0.00305518,5.73474e-05,0.9447263172929468,0.9924271933868611
687060.0,375,0.224591,0.152219,0.99,10000,23,19,1.14855e-17,0.00475063,0.9999999966109736,0.9310751858907114
726402.0,331,0.224591,0.143986,0.976752,10000,15,43,6.202880000000002e-18,0.00655835,0.9999999975094418,0.9190163596767841
632289.0,382,0.01,0.696501,0.99,10000,10,10,0.00484313,1.09831e-05,0.9304073998186588,0.9966859239598344
629628.0,311,0.224591,0.152219,0.99,10000,26,31,3.6021200000000005e-18,0.00947625,0.9999999981020748,0.9026539677233838
625305.0,341,0.0752848,0.443115,0.99,10000,10,15,0.00231386,5.8793e-05,0.9518974013176003,0.9923323406439775
748022.0,226,0.135279,0.231484,0.99,10000,10,31,3.80011e-16,0.00216658,0.9999999805061291,0.9534534641460828
661791.0,476,0.0362676,0.436733,0.966857,10000,10,10,0.00372659,2.53973e-05,0.9389541975234988,0.9949604266053563
665555.0,331,0.230302,0.143986,0.976752,10000,15,43,4.5026800000000004e-18,0.00737914,0.999999997878048,0.9140980791832918
668282.0,384,0.0752848,0.447157,0.99,10000,10,11,0.0035236,5.24529e-05,0.9406400808625888,0.9927575625649924
608720.0,331,0.224591,0.143986,0.984117,10000,14,42,3.73078e-18,0.00744589,0.9999999980684773,0.9137104293671593
748022.0,304,0.0943956,0.268366,0.99,10000,10,31,0.000170664,0.000127275,0.9869361567676277,0.9887183777762238
794849.0,161,0.168764,0.342966,0.99,12507,10,33,9.21982e-13,0.00100285,0.9999990398010623,0.968332193002988
739370.0,186,0.12803,0.311988,0.99,12571,10,28,2.49763e-13,0.00123165,0.9999995002370562,0.9649051285798053
730096.0,161,0.168764,0.342966,0.99,12507,10,33,3.62244e-14,0.00152876,0.9999998096729131,0.9609006393914171
659382.0,199,0.110859,0.351735,0.99,10000,10,29,9.4722e-12,0.000682715,0.9999969223060581,0.9738711844891507
635834.0,179,0.214107,0.324622,0.984995,10000,10,32,6.5215e-16,0.00184608,0.9999999744627722,0.9570339669040764
748022.0,304,0.0943956,0.268366,0.99,10000,12,31,1.22129e-05,0.00021288,0.9965053040189453,0.9854095921921284
738848.0,321,0.01,0.527396,0.99,10000,10,16,0.00356992,3.90329e-05,0.9402511924805189,0.9937523684487639
659382.0,260,0.0987828,0.231366,0.99,10000,10,29,5.35564e-15,0.00171384,0.9999999268177617,0.9586014493007303
748733.0,165,0.110859,0.41197,0.980785,10000,10,33,2.28966e-09,0.000434795,0.999952149608152,0.9791482614633695
748022.0,199,0.0922876,0.334613,0.988563,10000,10,21,1.65929e-10,0.000536006,0.9999871186569024,0.9768481966145184
748022.0,199,0.110859,0.351735,0.982611,10000,10,32,1.17184e-07,0.000285609,0.9996576785136746,0.9831000295858248
748022.0,199,0.110859,0.351735,0.972146,10000,10,36,1.47948e-08,0.000379314,0.99987836612314,0.9805240147874363
748022.0,199,0.110859,0.351735,0.972146,10000,10,36,1.47948e-08,0.000379314,0.99987836612314,0.9805240147874363
748022.0,199,0.110859,0.320984,0.99,10000,10,31,4.86815e-12,0.000680082,0.9999977936115483,0.973921618148359
629628.0,375,0.224591,0.152219,0.976752,10000,24,31,7.21152e-18,0.00589947,0.9999999973145727,0.9231919926049373
778746.0,175,0.117058,0.376629,0.970652,10000,10,40,1.31162e-09,0.000510711,0.9999637837053248,0.9774010840967979
748022.0,199,0.12803,0.311988,0.99,10000,10,31,5.97142e-13,0.000780307,0.9999992272503639,0.9720660242715077
629628.0,375,0.224591,0.152219,0.976752,10000,24,31,7.21152e-18,0.00589947,0.9999999973145727,0.9231919926049373
748022.0,303,0.0723428,0.228587,0.99,10000,10,31,3.06006e-09,0.000384803,0.9999446821909328,0.9803836037968234
744279.0,190,0.110859,0.351735,0.99,11639,10,30,1.59231e-09,0.000412976,0.9999600962407786,0.9796781890570747
778746.0,308,0.0377362,0.450171,0.972146,10000,12,38,0.00183914,5.46119e-05,0.9571148044192405,0.9926100135318121
738848.0,340,0.01,0.655365,0.99,10000,10,10,0.00465852,1.0411e-05,0.9317466484339414,0.9967733918738093
629628.0,402,0.224591,0.152219,0.99,10000,24,31,1.24253e-17,0.0043687,0.9999999964750461,0.933903857903808
748022.0,199,0.12803,0.311988,0.99,10000,10,28,5.93382e-13,0.000780507,0.9999992296870766,0.9720624446309274
730096.0,161,0.168764,0.342966,0.99,11021,10,33,1.03855e-14,0.00157689,0.9999998980907266,0.9602899257114772
629628.0,219,0.224591,0.270336,0.988541,10000,10,31,2.70322e-16,0.0015938,0.999999983558528,0.9600775752239421
748022.0,199,0.12803,0.311988,0.99,10000,10,31,5.97142e-13,0.000780307,0.9999992272503639,0.9720660242715077
997211.0,491,0.01,0.466399,0.99,10000,10,10,0.00600415,3.74387e-06,0.9225135495715542,0.9980650917334406
730096.0,161,0.150975,0.366354,0.99,11021,10,33,1.79362e-13,0.0011194,0.9999995764884889,0.9665425643540931
748022.0,300,0.0723428,0.228587,0.99,10000,10,28,1.46253e-09,0.000424922,0.9999617569614178,0.9793863637365942
664370.0,484,0.019148,0.497558,0.966857,10000,10,15,0.00431667,1.09542e-05,0.934298630151267,0.9966902870215077
738848.0,340,0.01,0.655365,0.99,10000,10,16,0.00467003,1.02878e-05,0.9316623822481351,0.9967925399456891
778746.0,294,0.0377362,0.450171,0.972146,10000,12,38,0.00162026,6.35536e-05,0.9597475466586197,0.9920279488210373
629628.0,402,0.224591,0.152219,0.99,10000,20,31,1.30047e-17,0.00409816,0.999999996393797,0.935983127224145
748022.0,303,0.107336,0.231484,0.99,10000,10,31,7.92369e-08,0.000234415,0.9997185095028247,0.9846893827688104
691187.0,199,0.125714,0.351735,0.982611,10000,10,32,1.01548e-10,0.000529124,0.9999899228972418,0.9769973045057758
629628.0,375,0.224591,0.152219,0.976752,10000,24,17,7.02216e-18,0.00593744,0.9999999973500642,0.9229452142952821
748022.0,191,0.110859,0.339328,0.99,10000,10,32,1.82211e-11,0.000598465,0.9999957313819566,0.9755364556942376
748022.0,199,0.12803,0.311988,0.99,10000,10,31,5.97142e-13,0.000780307,0.9999992272503639,0.9720660242715077
1000000.0,500,0.01,0.594368,0.99,10000,10,10,0.0069913,2.84451e-06,0.9163860059559406,0.9983134324798574
621890.0,219,0.224591,0.256077,0.99,10000,10,41,8.65571e-17,0.00214464,0.9999999906963932,0.9536897419570998
694105.0,199,0.125714,0.330991,0.99,10000,10,32,1.11084e-12,0.000761772,0.9999989460360538,0.9723997826095518
735930.0,267,0.02258,0.601087,0.982165,10000,10,12,0.00276979,1.72712e-05,0.947371205599976,0.9958441366721221
808819.0,191,0.0561365,0.531956,0.972146,10000,10,36,0.000998028,7.08808e-05,0.9684084188429892,0.9915809264167605
699918.0,260,0.0987828,0.231366,0.99,10000,10,29,1.1119e-14,0.00142336,0.999999894553331,0.9622725564078349
692938.0,308,0.0943956,0.268743,0.99,10000,10,31,5.39818e-05,0.000129635,0.9926527692291585,0.9886142633088587
748022.0,303,0.109688,0.231484,0.99,11523,10,31,1.12759e-06,0.000209818,0.9989381195924211,0.9855149042115697
748022.0,300,0.0723428,0.228587,0.99,10000,10,28,1.46253e-09,0.000424922,0.9999617569614178,0.9793863637365942
779260.0,353,0.230599,0.109201,0.983608,10900,10,33,3.0926200000000007e-18,0.00594364,0.9999999982414154,0.9229049936766329
1000000.0,214,0.0416255,0.311988,0.99,10000,10,31,0.000144686,7.17704e-05,0.9879714506277772,0.9915282587386063
689577.0,484,0.019148,0.497558,0.966857,10000,10,15,0.00449782,1.04967e-05,0.9329342114040251,0.9967601388918659
686386.0,381,0.01,0.696501,0.99,10000,10,22,0.00511113,7.05732e-06,0.9285078325968501,0.9973434383124046
748022.0,199,0.12803,0.311988,0.99,10000,10,31,5.97142e-13,0.000780307,0.9999992272503639,0.9720660242715077
692938.0,308,0.0943956,0.268743,0.99,10000,10,31,5.39818e-05,0.000129635,0.9926527692291585,0.9886142633088587
742866.0,204,0.117058,0.285568,0.982,10000,10,41,1.58252e-14,0.00142289,0.9999998742017489,0.9622787858095739
664370.0,480,0.019148,0.497558,0.966857,10000,10,15,0.0042748,1.1093e-05,0.9346180453030043,0.9966693844412782
598159.0,199,0.125714,0.351735,0.99,10000,10,32,2.03254e-13,0.00100014,0.9999995491630006,0.9683750098814244
629628.0,372,0.224591,0.152219,0.99,10337,16,29,7.80681e-18,0.00455355,0.999999997205933,0.9325200029638412
664370.0,484,0.019148,0.337638,0.99,10000,10,15,0.00248921,2.47841e-05,0.950108016676023,0.9950216368151771
759832.0,313,0.107336,0.231484,0.99,10000,10,31,1.93202e-05,0.000170385,0.9956045250541039,0.9869468394631798
778746.0,303,0.0377362,0.450171,0.972146,10000,12,38,0.00175981,5.74783e-05,0.9580499106079617,0.9924185555465993
629628.0,354,0.298261,0.152219,0.976752,11938,10,25,1.3363e-17,0.0025025,0.9999999963444562,0.9499750062468769
664370.0,489,0.017679,0.548126,0.966857,10000,10,13,0.00483687,9.03108e-06,0.9304523904077214,0.9969948244643615
719769.0,484,0.019148,0.497558,0.966857,10000,10,15,0.00471042,1.01281e-05,0.9313675004097913,0.9968175324039356
672482.0,199,0.110859,0.320984,0.99,10000,10,31,1.14456e-13,0.00114331,0.9999996616865359,0.9661871326267647
778746.0,294,0.0377362,0.450171,0.972146,10000,12,40,0.00162001,6.36246e-05,0.9597506521791968,0.9920234970068331
748022.0,199,0.110859,0.320984,0.99,10000,10,31,4.86815e-12,0.000680082,0.9999977936115483,0.973921618148359
748022.0,303,0.109688,0.231484,0.99,10000,10,31,1.9718e-07,0.000226826,0.999555950453215,0.9849392563264625
1000000.0,500,0.01,0.594368,0.99,10000,13,10,0.00652601,6.50207e-06,0.9192162763918375,0.9974500843151194
629628.0,311,0.224591,0.152219,0.99,10000,26,30,3.5949e-18,0.00947659,0.9999999981039779,0.902652221391549
670594.0,272,0.0688251,0.486677,0.99,10000,10,15,0.00178379,5.80031e-05,0.9577650618563256,0.9923840233718846
734879.0,175,0.0576043,0.534861,0.983866,10000,10,11,0.000307341,7.78675e-05,0.9824688562837446,0.9911757436573952
664370.0,484,0.019148,0.593467,0.966857,10000,10,12,0.00518385,9.06303e-06,0.9280010416742019,0.9969895133283803
608720.0,331,0.224591,0.143986,0.976752,10000,15,43,3.67708e-18,0.0082165,0.9999999980824286,0.9093550883943285
997211.0,491,0.0225083,0.473855,0.99,10000,10,41,0.0062961,9.0032e-06,0.9206520321621278,0.9969994667140657
670594.0,341,0.0752848,0.447157,0.99,10000,10,15,0.0027933,5.76394e-05,0.9471483207456943,0.9924079383564146
742896.0,331,0.12842,0.143986,0.988722,10000,10,43,5.5324e-17,0.00337416,0.9999999925619895,0.9419124798256975
608720.0,331,0.224591,0.143986,0.984117,10000,14,42,3.73078e-18,0.00744589,0.9999999980684773,0.9137104293671593
629628.0,319,0.218516,0.191433,0.99,10030,28,32,2.24517e-17,0.00452347,0.9999999952616775,0.9327432531265449
629628.0,311,0.224591,0.152219,0.99,10000,26,31,3.6021200000000005e-18,0.00947625,0.9999999981020748,0.9026539677233838
635834.0,209,0.214107,0.252741,0.983799,10000,10,32,6.07229e-17,0.00289011,0.99999999220751,0.9462402566970414
629628.0,402,0.268016,0.130316,0.99,10000,24,33,3.9611600000000004e-18,0.0069084,0.9999999980097337,0.9168832146916159
738848.0,340,0.01,0.627406,0.99,10000,10,10,0.00448206,1.28523e-05,0.9330518110775206,0.9964149895397643
736269.0,340,0.01,0.566581,0.99,10000,10,10,0.00406202,2.20239e-05,0.9362660216211164,0.9953070371831859
632289.0,382,0.01,0.696501,0.99,10000,10,10,0.00484313,1.09831e-05,0.9304073998186588,0.9966859239598344
748022.0,226,0.135279,0.231484,0.99,10000,10,31,3.80011e-16,0.00216658,0.9999999805061291,0.9534534641460828
629628.0,375,0.192603,0.152219,0.977521,11360,18,23,1.0431e-17,0.00520394,0.9999999967702942,0.9278616606789427
631049.0,331,0.224591,0.150326,0.984117,10000,14,42,5.036840000000001e-18,0.00628101,0.9999999977557095,0.9207471767064416
1000000.0,214,0.01,0.546853,0.99,10000,10,31,0.00309813,4.20389e-05,0.9443391520007106,0.9935162587960344
661791.0,476,0.0362676,0.436733,0.966857,10000,10,10,0.00372659,2.53973e-05,0.9389541975234988,0.9949604266053563
961124.0,241,0.0500576,0.531956,0.99,10000,10,36,0.00353847,3.83711e-05,0.9405149598638447,0.993805558943698
748022.0,199,0.110859,0.351735,0.972146,10000,10,36,1.47948e-08,0.000379314,0.99987836612314,0.9805240147874363
748022.0,199,0.110859,0.351735,0.972146,10000,10,36,1.47948e-08,0.000379314,0.99987836612314,0.9805240147874363
748022.0,199,0.110859,0.320984,0.99,10000,10,31,4.86815e-12,0.000680082,0.9999977936115483,0.973921618148359
629628.0,375,0.224591,0.152219,0.976752,10000,24,31,7.21152e-18,0.00589947,0.9999999973145727,0.9231919926049373
748022.0,199,0.12803,0.311988,0.99,10000,10,31,5.97142e-13,0.000780307,0.9999992272503639,0.9720660242715077
629628.0,375,0.224591,0.152219,0.976752,10000,24,31,7.21152e-18,0.00589947,0.9999999973145727,0.9231919926049373
738848.0,340,0.01,0.655365,0.99,10000,10,10,0.00465852,1.0411e-05,0.9317466484339414,0.9967733918738093
748022.0,199,0.12803,0.311988,0.99,10000,10,28,5.93382e-13,0.000780507,0.9999992296870766,0.9720624446309274
730096.0,161,0.168764,0.342966,0.99,11021,10,33,1.03855e-14,0.00157689,0.9999998980907266,0.9602899257114772
629628.0,219,0.224591,0.270336,0.988541,10000,10,31,2.70322e-16,0.0015938,0.999999983558528,0.9600775752239421
748022.0,199,0.12803,0.311988,0.99,10000,10,31,5.97142e-13,0.000780307,0.9999992272503639,0.9720660242715077
997211.0,491,0.01,0.466399,0.99,10000,10,10,0.00600415,3.74387e-06,0.9225135495715542,0.9980650917334406
730096.0,161,0.150975,0.366354,0.99,11021,10,33,1.79362e-13,0.0011194,0.9999995764884889,0.9665425643540931
664370.0,484,0.019148,0.497558,0.966857,10000,10,15,0.00431667,1.09542e-05,0.934298630151267,0.9966902870215077
738848.0,340,0.01,0.655365,0.99,10000,10,16,0.00467003,1.02878e-05,0.9316623822481351,0.9967925399456891
748022.0,303,0.107336,0.231484,0.99,10000,10,31,7.92369e-08,0.000234415,0.9997185095028247,0.9846893827688104
691187.0,199,0.125714,0.351735,0.982611,10000,10,32,1.01548e-10,0.000529124,0.9999899228972418,0.9769973045057758
629628.0,375,0.224591,0.152219,0.976752,10000,24,17,7.02216e-18,0.00593744,0.9999999973500642,0.9229452142952821
748022.0,191,0.110859,0.339328,0.99,10000,10,32,1.82211e-11,0.000598465,0.9999957313819566,0.9755364556942376
748022.0,199,0.12803,0.311988,0.99,10000,10,31,5.97142e-13,0.000780307,0.9999992272503639,0.9720660242715077
1000000.0,500,0.01,0.594368,0.99,10000,10,10,0.0069913,2.84451e-06,0.9163860059559406,0.9983134324798574
694105.0,199,0.125714,0.330991,0.99,10000,10,32,1.11084e-12,0.000761772,0.9999989460360538,0.9723997826095518
735930.0,267,0.02258,0.601087,0.982165,10000,10,12,0.00276979,1.72712e-05,0.947371205599976,0.9958441366721221
808819.0,191,0.0561365,0.531956,0.972146,10000,10,36,0.000998028,7.08808e-05,0.9684084188429892,0.9915809264167605
699918.0,260,0.0987828,0.231366,0.99,10000,10,29,1.1119e-14,0.00142336,0.999999894553331,0.9622725564078349
692938.0,308,0.0943956,0.268743,0.99,10000,10,31,5.39818e-05,0.000129635,0.9926527692291585,0.9886142633088587
748022.0,303,0.109688,0.231484,0.99,11523,10,31,1.12759e-06,0.000209818,0.9989381195924211,0.9855149042115697
1000000.0,214,0.0416255,0.311988,0.99,10000,10,31,0.000144686,7.17704e-05,0.9879714506277772,0.9915282587386063
689577.0,484,0.019148,0.497558,0.966857,10000,10,15,0.00449782,1.04967e-05,0.9329342114040251,0.9967601388918659
686386.0,381,0.01,0.696501,0.99,10000,10,22,0.00511113,7.05732e-06,0.9285078325968501,0.9973434383124046
748022.0,199,0.12803,0.311988,0.99,10000,10,31,5.97142e-13,0.000780307,0.9999992272503639,0.9720660242715077
692938.0,308,0.0943956,0.268743,0.99,10000,10,31,5.39818e-05,0.000129635,0.9926527692291585,0.9886142633088587
742866.0,204,0.117058,0.285568,0.982,10000,10,41,1.58252e-14,0.00142289,0.9999998742017489,0.9622787858095739
664370.0,480,0.019148,0.497558,0.966857,10000,10,15,0.0042748,1.1093e-05,0.9346180453030043,0.9966693844412782
598159.0,199,0.125714,0.351735,0.99,10000,10,32,2.03254e-13,0.00100014,0.9999995491630006,0.9683750098814244
629628.0,372,0.224591,0.152219,0.99,10337,16,29,7.80681e-18,0.00455355,0.999999997205933,0.9325200029638412
664370.0,484,0.019148,0.337638,0.99,10000,10,15,0.00248921,2.47841e-05,0.950108016676023,0.9950216368151771
759832.0,313,0.107336,0.231484,0.99,10000,10,31,1.93202e-05,0.000170385,0.9956045250541039,0.9869468394631798
629628.0,354,0.298261,0.152219,0.976752,11938,10,25,1.3363e-17,0.0025025,0.9999999963444562,0.9499750062468769
664370.0,489,0.017679,0.548126,0.966857,10000,10,13,0.00483687,9.03108e-06,0.9304523904077214,0.9969948244643615
719769.0,484,0.019148,0.497558,0.966857,10000,10,15,0.00471042,1.01281e-05,0.9313675004097913,0.9968175324039356
672482.0,199,0.110859,0.320984,0.99,10000,10,31,1.14456e-13,0.00114331,0.9999996616865359,0.9661871326267647
748022.0,199,0.110859,0.320984,0.99,10000,10,31,4.86815e-12,0.000680082,0.9999977936115483,0.973921618148359
748022.0,303,0.109688,0.231484,0.99,10000,10,31,1.9718e-07,0.000226826,0.999555950453215,0.9849392563264625
734557.0,466,0.019148,0.303582,0.967121,10000,10,31,0.00220023,4.1854e-05,0.9530933906576056,0.9935305332522688
648326.0,260,0.224591,0.214247,0.988603,10000,10,31,5.08342e-17,0.00198715,0.9999999928701894,0.9554225393275929
898684.0,500,0.01,0.594368,0.99,10000,10,30,0.00660034,2.93087e-06,0.9187575234252426,0.9982880216122859
730096.0,161,0.168764,0.342966,0.99,10910,10,33,9.48923e-15,0.0015803,0.9999999025873212,0.9602470126908681
779260.0,353,0.230599,0.109201,0.983608,11011,10,33,3.0391e-18,0.00593924,0.9999999982566985,0.9229335351790418
748022.0,191,0.110859,0.339328,0.99,10000,10,32,1.82211e-11,0.000598465,0.9999957313819566,0.9755364556942376
689577.0,484,0.019148,0.497558,0.966857,10000,10,15,0.00449782,1.04967e-05,0.9329342114040251,0.9967601388918659
748022.0,199,0.110859,0.320984,0.99,10000,10,26,4.81638e-12,0.000680469,0.9999978053747473,0.9739141992647341
748022.0,300,0.0947821,0.228587,0.99,10000,10,28,3.17362e-10,0.000381889,0.999982185343113,0.9804580195476508
694105.0,199,0.125714,0.330991,0.99,10000,10,32,1.11084e-12,0.000761772,0.9999989460360538,0.9723997826095518
691187.0,199,0.108312,0.351735,0.986469,10000,10,32,7.59119e-11,0.000548332,0.9999912872564597,0.9765835100837038
664370.0,484,0.019148,0.497558,0.966857,10000,10,15,0.00431667,1.09542e-05,0.934298630151267,0.9966902870215077
808819.0,191,0.0561365,0.560265,0.99,10000,10,36,0.00140492,5.23508e-05,0.9625177375282654,0.9927646147303686
741246.0,381,0.01,0.696501,0.99,10000,10,22,0.0053947,5.11472e-06,0.9265513785017037,0.9977384253273438
664370.0,484,0.019148,0.420531,0.966857,10000,10,15,0.00347096,1.54028e-05,0.9410851461853634,0.9960753598891109
748022.0,190,0.175078,0.311988,0.983727,10000,10,31,3.70402e-13,0.000953477,0.9999993913933947,0.9691215771128122
689577.0,484,0.019148,0.497558,0.966857,10000,10,15,0.00449782,1.04967e-05,0.9329342114040251,0.9967601388918659
778746.0,382,0.0377362,0.3615,0.972146,10000,10,25,0.00230967,3.18606e-05,0.951940973792637,0.9943554805341819
779260.0,353,0.230599,0.1,0.983608,10900,10,25,1.3276300000000003e-18,0.00791147,0.9999999988477717,0.9110535554392419
629628.0,325,0.298261,0.152219,0.976752,11938,10,33,8.488240000000001e-18,0.0035957,0.9999999970865415,0.94003584403996
742866.0,204,0.117058,0.285568,0.982,10000,10,41,1.58252e-14,0.00142289,0.9999998742017489,0.9622787858095739
686386.0,435,0.01,0.696501,0.99,10000,10,22,0.00563401,4.4589e-06,0.9249399573674515,0.9978883892404139
779260.0,353,0.294767,0.109201,0.98743,10000,14,28,2.4560700000000004e-18,0.00942237,0.9999999984328146,0.9029311069394526
1000000.0,500,0.01,0.594368,0.99,10000,13,10,0.00652601,6.50207e-06,0.9192162763918375,0.9974500843151194
779260.0,353,0.230599,0.109201,0.983608,10900,10,33,3.0926200000000007e-18,0.00594364,0.9999999982414154,0.9229049936766329
784735.0,355,0.019148,0.449082,0.966857,10000,10,15,0.00301957,1.85485e-05,0.94504938580871,0.9956932030463463
738848.0,340,0.01,0.627406,0.99,10000,10,10,0.00448206,1.28523e-05,0.9330518110775206,0.9964149895397643
621890.0,219,0.224591,0.256077,0.99,10000,10,41,8.65571e-17,0.00214464,0.9999999906963932,0.9536897419570998
664370.0,484,0.019148,0.593467,0.966857,10000,10,12,0.00518385,9.06303e-06,0.9280010416742019,0.9969895133283803
997211.0,491,0.0225083,0.473855,0.99,10000,10,41,0.0062961,9.0032e-06,0.9206520321621278,0.9969994667140657
734879.0,175,0.0576043,0.534861,0.983866,10000,10,11,0.000307341,7.78675e-05,0.9824688562837446,0.9911757436573952
778746.0,283,0.0377362,0.450171,0.972146,10000,12,45,0.00145358,7.35558e-05,0.9618741557470526,0.9914235321955948
778746.0,370,0.0377362,0.450171,0.972146,10000,12,38,0.00284392,3.80966e-05,0.9466715835599818,0.9938277556756071
778746.0,308,0.0377362,0.450171,0.972146,10000,12,38,0.00183914,5.46119e-05,0.9571148044192405,0.9926100135318121
629628.0,375,0.192603,0.152219,0.977521,11360,18,23,1.0431e-17,0.00520394,0.9999999967702942,0.9278616606789427
748022.0,200,0.0919739,0.311988,0.99,10000,10,28,2.68677e-12,0.000876756,0.999998360863032,0.9703899341439436
748022.0,199,0.110859,0.351735,0.972146,10000,10,36,1.47948e-08,0.000379314,0.99987836612314,0.9805240147874363
748022.0,199,0.110859,0.351735,0.972146,10000,10,36,1.47948e-08,0.000379314,0.99987836612314,0.9805240147874363
748022.0,199,0.110859,0.320984,0.99,10000,10,31,4.86815e-12,0.000680082,0.9999977936115483,0.973921618148359
748022.0,199,0.12803,0.311988,0.99,10000,10,31,5.97142e-13,0.000780307,0.9999992272503639,0.9720660242715077
748022.0,199,0.12803,0.311988,0.99,10000,10,28,5.93382e-13,0.000780507,0.9999992296870766,0.9720624446309274
730096.0,161,0.168764,0.342966,0.99,11021,10,33,1.03855e-14,0.00157689,0.9999998980907266,0.9602899257114772
629628.0,219,0.224591,0.270336,0.988541,10000,10,31,2.70322e-16,0.0015938,0.999999983558528,0.9600775752239421
748022.0,199,0.12803,0.311988,0.99,10000,10,31,5.97142e-13,0.000780307,0.9999992272503639,0.9720660242715077
997211.0,491,0.01,0.466399,0.99,10000,10,10,0.00600415,3.74387e-06,0.9225135495715542,0.9980650917334406
730096.0,161,0.150975,0.366354,0.99,11021,10,33,1.79362e-13,0.0011194,0.9999995764884889,0.9665425643540931
664370.0,484,0.019148,0.497558,0.966857,10000,10,15,0.00431667,1.09542e-05,0.934298630151267,0.9966902870215077
748022.0,303,0.107336,0.231484,0.99,10000,10,31,7.92369e-08,0.000234415,0.9997185095028247,0.9846893827688104
691187.0,199,0.125714,0.351735,0.982611,10000,10,32,1.01548e-10,0.000529124,0.9999899228972418,0.9769973045057758
748022.0,191,0.110859,0.339328,0.99,10000,10,32,1.82211e-11,0.000598465,0.9999957313819566,0.9755364556942376
748022.0,199,0.12803,0.311988,0.99,10000,10,31,5.97142e-13,0.000780307,0.9999992272503639,0.9720660242715077
1000000.0,500,0.01,0.594368,0.99,10000,10,10,0.0069913,2.84451e-06,0.9163860059559406,0.9983134324798574
694105.0,199,0.125714,0.330991,0.99,10000,10,32,1.11084e-12,0.000761772,0.9999989460360538,0.9723997826095518
735930.0,267,0.02258,0.601087,0.982165,10000,10,12,0.00276979,1.72712e-05,0.947371205599976,0.9958441366721221
699918.0,260,0.0987828,0.231366,0.99,10000,10,29,1.1119e-14,0.00142336,0.999999894553331,0.9622725564078349
748022.0,303,0.109688,0.231484,0.99,11523,10,31,1.12759e-06,0.000209818,0.9989381195924211,0.9855149042115697
1000000.0,214,0.0416255,0.311988,0.99,10000,10,31,0.000144686,7.17704e-05,0.9879714506277772,0.9915282587386063
686386.0,381,0.01,0.696501,0.99,10000,10,22,0.00511113,7.05732e-06,0.9285078325968501,0.9973434383124046
748022.0,199,0.12803,0.311988,0.99,10000,10,31,5.97142e-13,0.000780307,0.9999992272503639,0.9720660242715077
742866.0,204,0.117058,0.285568,0.982,10000,10,41,1.58252e-14,0.00142289,0.9999998742017489,0.9622787858095739
598159.0,199,0.125714,0.351735,0.99,10000,10,32,2.03254e-13,0.00100014,0.9999995491630006,0.9683750098814244
629628.0,372,0.224591,0.152219,0.99,10337,16,29,7.80681e-18,0.00455355,0.999999997205933,0.9325200029638412
664370.0,484,0.019148,0.337638,0.99,10000,10,15,0.00248921,2.47841e-05,0.950108016676023,0.9950216368151771
759832.0,313,0.107336,0.231484,0.99,10000,10,31,1.93202e-05,0.000170385,0.9956045250541039,0.9869468394631798
629628.0,354,0.298261,0.152219,0.976752,11938,10,25,1.3363e-17,0.0025025,0.9999999963444562,0.9499750062468769
672482.0,199,0.110859,0.320984,0.99,10000,10,31,1.14456e-13,0.00114331,0.9999996616865359,0.9661871326267647
748022.0,199,0.110859,0.320984,0.99,10000,10,31,4.86815e-12,0.000680082,0.9999977936115483,0.973921618148359
748022.0,303,0.109688,0.231484,0.99,10000,10,31,1.9718e-07,0.000226826,0.999555950453215,0.9849392563264625
898684.0,500,0.01,0.594368,0.99,10000,10,30,0.00660034,2.93087e-06,0.9187575234252426,0.9982880216122859
730096.0,161,0.168764,0.342966,0.99,10910,10,33,9.48923e-15,0.0015803,0.9999999025873212,0.9602470126908681
779260.0,353,0.230599,0.109201,0.983608,11011,10,33,3.0391e-18,0.00593924,0.9999999982566985,0.9229335351790418
748022.0,191,0.110859,0.339328,0.99,10000,10,32,1.82211e-11,0.000598465,0.9999957313819566,0.9755364556942376
748022.0,199,0.110859,0.320984,0.99,10000,10,26,4.81638e-12,0.000680469,0.9999978053747473,0.9739141992647341
748022.0,300,0.0947821,0.228587,0.99,10000,10,28,3.17362e-10,0.000381889,0.999982185343113,0.9804580195476508
694105.0,199,0.125714,0.330991,0.99,10000,10,32,1.11084e-12,0.000761772,0.9999989460360538,0.9723997826095518
691187.0,199,0.108312,0.351735,0.986469,10000,10,32,7.59119e-11,0.000548332,0.9999912872564597,0.9765835100837038
664370.0,484,0.019148,0.497558,0.966857,10000,10,15,0.00431667,1.09542e-05,0.934298630151267,0.9966902870215077
808819.0,191,0.0561365,0.560265,0.99,10000,10,36,0.00140492,5.23508e-05,0.9625177375282654,0.9927646147303686
741246.0,381,0.01,0.696501,0.99,10000,10,22,0.0053947,5.11472e-06,0.9265513785017037,0.9977384253273438
664370.0,484,0.019148,0.420531,0.966857,10000,10,15,0.00347096,1.54028e-05,0.9410851461853634,0.9960753598891109
748022.0,190,0.175078,0.311988,0.983727,10000,10,31,3.70402e-13,0.000953477,0.9999993913933947,0.9691215771128122
779260.0,353,0.230599,0.1,0.983608,10900,10,25,1.3276300000000003e-18,0.00791147,0.9999999988477717,0.9110535554392419
629628.0,325,0.298261,0.152219,0.976752,11938,10,33,8.488240000000001e-18,0.0035957,0.9999999970865415,0.94003584403996
742866.0,204,0.117058,0.285568,0.982,10000,10,41,1.58252e-14,0.00142289,0.9999998742017489,0.9622787858095739
779260.0,353,0.230599,0.109201,0.982091,11011,10,33,3.0302400000000008e-18,0.00600667,0.9999999982592416,0.922497290369949
735930.0,267,0.02258,0.601087,0.983682,10000,10,12,0.00277554,1.68407e-05,0.9473166060318814,0.9958962578053684
696657.0,480,0.019148,0.467601,0.99,10689,10,13,0.00433382,8.6457e-06,0.9341682447446523,0.9970596428788325
778746.0,310,0.0377362,0.425118,0.989774,10000,10,24,0.00214744,2.61838e-05,0.9536595209347163,0.9948829891538126
611734.0,363,0.109688,0.231484,0.972372,10000,10,32,4.50899e-08,0.000289975,0.9997876561750368,0.9829713476751681
734557.0,466,0.0107767,0.555127,0.99,10000,10,31,0.0052283,5.26221e-06,0.9276930155517463,0.9977060492594653
808819.0,191,0.0500898,0.531956,0.972146,10000,10,36,0.00093567,6.21828e-05,0.9694112765876051,0.9921143928578707
741246.0,381,0.01,0.696501,0.99,10000,10,22,0.0053947,5.11472e-06,0.9265513785017037,0.9977384253273438
714615.0,484,0.019148,0.497558,0.99,10000,10,16,0.0047881,7.35835e-06,0.9308039018441069,0.9972873721228299
664370.0,484,0.019148,0.472315,0.971875,10000,10,16,0.00407343,1.10217e-05,0.9361765716997277,0.9966801054233606
898684.0,500,0.01,0.594368,0.99,10000,10,34,0.00660034,2.93087e-06,0.9187575234252426,0.9982880216122859
767516.0,325,0.248346,0.152219,0.99,11938,10,33,3.81961e-17,0.0018066,0.9999999938197006,0.9574958825523926
997211.0,491,0.01,0.423091,0.99,10000,10,10,0.00559752,4.22231e-06,0.9251834242964836,0.9979451739733008
741583.0,381,0.01,0.696501,0.99,10000,10,22,0.00539646,5.10633e-06,0.9265393983144706,0.9977402809909195
661810.0,199,0.114395,0.334698,0.99,10000,10,32,4.87765e-13,0.000934906,0.9999993015982531,0.9694237674001521
812626.0,374,0.294767,0.1,0.98743,10000,10,31,3.4292800000000004e-18,0.00542242,0.9999999981481684,0.9263629169507646
748022.0,199,0.12803,0.328773,0.99,10000,10,28,1.84346e-10,0.000468293,0.9999864225922945,0.9783599214419171
692938.0,324,0.0829597,0.268743,0.99,10000,10,31,0.000109786,0.000104603,0.9895221185347418,0.9897724391959764
598159.0,199,0.10049,0.427296,0.99,10000,10,31,2.24094e-07,0.000219499,0.9995266143221432,0.9851845013583748
997211.0,491,0.01,0.466399,0.99,10000,10,10,0.00600415,3.74387e-06,0.9225135495715542,0.9980650917334406
1000000.0,196,0.0492246,0.311988,0.99,10000,10,28,2.13857e-05,0.000106879,0.9953755324630829,0.9896617699774091
692938.0,252,0.149986,0.268743,0.99,10000,10,31,1.09646e-10,0.000501032,0.9999895288014058,0.9776162558985321
918263.0,500,0.01,0.594368,0.99,10000,10,23,0.00668283,2.89764e-06,0.9182514220307166,0.9982977544242971
1000000.0,500,0.01,0.615384,0.987043,10228,10,12,0.0071064,2.88386e-06,0.9157005338095193,0.998301806842553
779260.0,353,0.294767,0.109201,0.98743,10000,14,28,2.4560700000000004e-18,0.00942237,0.9999999984328146,0.9029311069394526
779260.0,353,0.230599,0.109201,0.983608,10900,10,33,3.0926200000000007e-18,0.00594364,0.9999999982414154,0.9229049936766329
629628.0,354,0.201124,0.152219,0.976752,10000,10,25,1.44551e-17,0.00298708,0.9999999961980137,0.9453458144329274
629628.0,375,0.192603,0.152219,0.977521,11360,18,23,1.0431e-17,0.00520394,0.9999999967702942,0.9278616606789427
784735.0,355,0.019148,0.449082,0.966857,10000,10,15,0.00301957,1.85485e-05,0.94504938580871,0.9956932030463463
686386.0,435,0.01,0.696501,0.99,10000,10,22,0.00563401,4.4589e-06,0.9249399573674515,0.9978883892404139
808819.0,191,0.0561365,0.531956,0.972146,10000,10,36,0.000998028,7.08808e-05,0.9684084188429892,0.9915809264167605
771577.0,490,0.019148,0.420531,0.966857,10000,10,15,0.00426456,1.12735e-05,0.9346964013242762,0.9966423966881122
748022.0,199,0.110859,0.320984,0.99,10000,10,31,4.86815e-12,0.000680082,0.9999977936115483,0.973921618148359
748022.0,199,0.12803,0.311988,0.99,10000,10,31,5.97142e-13,0.000780307,0.9999992272503639,0.9720660242715077
748022.0,199,0.12803,0.311988,0.99,10000,10,28,5.93382e-13,0.000780507,0.9999992296870766,0.9720624446309274
730096.0,161,0.168764,0.342966,0.99,11021,10,33,1.03855e-14,0.00157689,0.9999998980907266,0.9602899257114772
629628.0,219,0.224591,0.270336,0.988541,10000,10,31,2.70322e-16,0.0015938,0.999999983558528,0.9600775752239421
748022.0,199,0.12803,0.311988,0.99,10000,10,31,5.97142e-13,0.000780307,0.9999992272503639,0.9720660242715077
730096.0,161,0.150975,0.366354,0.99,11021,10,33,1.79362e-13,0.0011194,0.9999995764884889,0.9665425643540931
748022.0,303,0.107336,0.231484,0.99,10000,10,31,7.92369e-08,0.000234415,0.9997185095028247,0.9846893827688104
748022.0,191,0.110859,0.339328,0.99,10000,10,32,1.82211e-11,0.000598465,0.9999957313819566,0.9755364556942376
748022.0,199,0.12803,0.311988,0.99,10000,10,31,5.97142e-13,0.000780307,0.9999992272503639,0.9720660242715077
1000000.0,500,0.01,0.594368,0.99,10000,10,10,0.0069913,2.84451e-06,0.9163860059559406,0.9983134324798574
694105.0,199,0.125714,0.330991,0.99,10000,10,32,1.11084e-12,0.000761772,0.9999989460360538,0.9723997826095518
735930.0,267,0.02258,0.601087,0.982165,10000,10,12,0.00276979,1.72712e-05,0.947371205599976,0.9958441366721221
699918.0,260,0.0987828,0.231366,0.99,10000,10,29,1.1119e-14,0.00142336,0.999999894553331,0.9622725564078349
748022.0,303,0.109688,0.231484,0.99,11523,10,31,1.12759e-06,0.000209818,0.9989381195924211,0.9855149042115697
1000000.0,214,0.0416255,0.311988,0.99,10000,10,31,0.000144686,7.17704e-05,0.9879714506277772,0.9915282587386063
686386.0,381,0.01,0.696501,0.99,10000,10,22,0.00511113,7.05732e-06,0.9285078325968501,0.9973434383124046
748022.0,199,0.12803,0.311988,0.99,10000,10,31,5.97142e-13,0.000780307,0.9999992272503639,0.9720660242715077
598159.0,199,0.125714,0.351735,0.99,10000,10,32,2.03254e-13,0.00100014,0.9999995491630006,0.9683750098814244
629628.0,372,0.224591,0.152219,0.99,10337,16,29,7.80681e-18,0.00455355,0.999999997205933,0.9325200029638412
664370.0,484,0.019148,0.337638,0.99,10000,10,15,0.00248921,2.47841e-05,0.950108016676023,0.9950216368151771
759832.0,313,0.107336,0.231484,0.99,10000,10,31,1.93202e-05,0.000170385,0.9956045250541039,0.9869468394631798
629628.0,354,0.298261,0.152219,0.976752,11938,10,25,1.3363e-17,0.0025025,0.9999999963444562,0.9499750062468769
672482.0,199,0.110859,0.320984,0.99,10000,10,31,1.14456e-13,0.00114331,0.9999996616865359,0.9661871326267647
748022.0,199,0.110859,0.320984,0.99,10000,10,31,4.86815e-12,0.000680082,0.9999977936115483,0.973921618148359
748022.0,303,0.109688,0.231484,0.99,10000,10,31,1.9718e-07,0.000226826,0.999555950453215,0.9849392563264625
898684.0,500,0.01,0.594368,0.99,10000,10,30,0.00660034,2.93087e-06,0.9187575234252426,0.9982880216122859
730096.0,161,0.168764,0.342966,0.99,10910,10,33,9.48923e-15,0.0015803,0.9999999025873212,0.9602470126908681
748022.0,191,0.110859,0.339328,0.99,10000,10,32,1.82211e-11,0.000598465,0.9999957313819566,0.9755364556942376
748022.0,199,0.110859,0.320984,0.99,10000,10,26,4.81638e-12,0.000680469,0.9999978053747473,0.9739141992647341
694105.0,199,0.125714,0.330991,0.99,10000,10,32,1.11084e-12,0.000761772,0.9999989460360538,0.9723997826095518
808819.0,191,0.0561365,0.560265,0.99,10000,10,36,0.00140492,5.23508e-05,0.9625177375282654,0.9927646147303686
664370.0,484,0.019148,0.420531,0.966857,10000,10,15,0.00347096,1.54028e-05,0.9410851461853634,0.9960753598891109
748022.0,190,0.175078,0.311988,0.983727,10000,10,31,3.70402e-13,0.000953477,0.9999993913933947,0.9691215771128122
779260.0,353,0.230599,0.1,0.983608,10900,10,25,1.3276300000000003e-18,0.00791147,0.9999999988477717,0.9110535554392419
629628.0,325,0.298261,0.152219,0.976752,11938,10,33,8.488240000000001e-18,0.0035957,0.9999999970865415,0.94003584403996
735930.0,267,0.02258,0.601087,0.983682,10000,10,12,0.00277554,1.68407e-05,0.9473166060318814,0.9958962578053684
778746.0,310,0.0377362,0.425118,0.989774,10000,10,24,0.00214744,2.61838e-05,0.9536595209347163,0.9948829891538126
611734.0,363,0.109688,0.231484,0.972372,10000,10,32,4.50899e-08,0.000289975,0.9997876561750368,0.9829713476751681
734557.0,466,0.0107767,0.555127,0.99,10000,10,31,0.0052283,5.26221e-06,0.9276930155517463,0.9977060492594653
714615.0,484,0.019148,0.497558,0.99,10000,10,16,0.0047881,7.35835e-06,0.9308039018441069,0.9972873721228299
664370.0,484,0.019148,0.472315,0.971875,10000,10,16,0.00407343,1.10217e-05,0.9361765716997277,0.9966801054233606
898684.0,500,0.01,0.594368,0.99,10000,10,34,0.00660034,2.93087e-06,0.9187575234252426,0.9982880216122859
767516.0,325,0.248346,0.152219,0.99,11938,10,33,3.81961e-17,0.0018066,0.9999999938197006,0.9574958825523926
997211.0,491,0.01,0.423091,0.99,10000,10,10,0.00559752,4.22231e-06,0.9251834242964836,0.9979451739733008
661810.0,199,0.114395,0.334698,0.99,10000,10,32,4.87765e-13,0.000934906,0.9999993015982531,0.9694237674001521
812626.0,374,0.294767,0.1,0.98743,10000,10,31,3.4292800000000004e-18,0.00542242,0.9999999981481684,0.9263629169507646
748022.0,199,0.12803,0.328773,0.99,10000,10,28,1.84346e-10,0.000468293,0.9999864225922945,0.9783599214419171
692938.0,324,0.0829597,0.268743,0.99,10000,10,31,0.000109786,0.000104603,0.9895221185347418,0.9897724391959764
598159.0,199,0.10049,0.427296,0.99,10000,10,31,2.24094e-07,0.000219499,0.9995266143221432,0.9851845013583748
1000000.0,196,0.0492246,0.311988,0.99,10000,10,28,2.13857e-05,0.000106879,0.9953755324630829,0.9896617699774091
692938.0,252,0.149986,0.268743,0.99,10000,10,31,1.09646e-10,0.000501032,0.9999895288014058,0.9776162558985321
918263.0,500,0.01,0.594368,0.99,10000,10,23,0.00668283,2.89764e-06,0.9182514220307166,0.9982977544242971
734919.0,191,0.0500898,0.531956,0.972146,10000,10,29,0.000538065,7.12179e-05,0.9768037718583387,0.991560930146041
664370.0,484,0.019148,0.47583,0.99,10000,10,15,0.00418871,8.25184e-06,0.9352797558719067,0.9971273983917014
734557.0,466,0.0107767,0.555127,0.99,10000,10,31,0.0052283,5.26221e-06,0.9276930155517463,0.9977060492594653
659355.0,353,0.254213,0.109201,0.982091,10308,10,30,1.3748100000000001e-18,0.00772462,0.999999998827477,0.9121101826148217
669477.0,199,0.12803,0.311988,0.984816,10000,10,31,1.46253e-14,0.00138201,0.9999998790648934,0.9628246049113126
708173.0,354,0.208985,0.152219,0.981936,11095,10,25,3.16265e-17,0.00196972,0.9999999943762556,0.9556184723111067
718430.0,191,0.0561365,0.560265,0.987423,10000,10,22,0.000780216,5.78649e-05,0.972067653159822,0.9923931018147999
735930.0,290,0.02258,0.636305,0.986259,10000,10,29,0.00356469,1.22753e-05,0.9402949750858439,0.9964963875785127
658218.0,354,0.298261,0.128133,0.99,11938,12,25,2.70254e-18,0.00573045,0.9999999983560596,0.9243002642012537
528213.0,363,0.109688,0.231484,0.99,10757,10,32,4.92309e-11,0.00052743,0.9999929835265268,0.9770341557960522
629628.0,300,0.298261,0.152219,0.976752,11938,10,25,4.49904e-18,0.00483725,0.9999999978789059,0.9304496585198894
748022.0,199,0.110859,0.320984,0.99,10000,10,26,4.81638e-12,0.000680469,0.9999978053747473,0.9739141992647341
1000000.0,500,0.01,0.594368,0.99,10000,10,15,0.00699784,2.81949e-06,0.9163469068115231,0.9983208662947818
862036.0,381,0.01,0.696501,0.99,10000,10,22,0.00600359,3.59301e-06,0.9225171631908072,0.9981044763256556
743432.0,325,0.248346,0.152219,0.99,11460,12,33,9.8119e-18,0.00348319,0.9999999968676048,0.9409814435961028
742491.0,284,0.230599,0.131742,0.982091,23678,10,36,2.3776e-18,0.00644139,0.9999999984580532,0.9197417293981487
762825.0,303,0.109688,0.231484,0.99,11523,10,21,7.11535e-06,0.000190768,0.997332538660074,0.9861881210546863
923525.0,500,0.01,0.423091,0.99,10000,10,20,0.00534579,4.58882e-06,0.9268850904397742,0.9978578468775552
748022.0,300,0.0974018,0.228587,0.99,10000,10,30,3.12454e-10,0.000373806,0.9999823236315947,0.9806659367953863
803341.0,500,0.01,0.589417,0.99,10000,10,30,0.00612766,3.31627e-06,0.9217206285155534,0.9981789371235457
898684.0,500,0.01,0.594368,0.99,10000,10,33,0.00660033,2.93093e-06,0.9187575849694263,0.9982880040887899
714615.0,484,0.019148,0.497558,0.99,10000,10,18,0.00478941,7.35613e-06,0.9307944366398192,0.9972877813509969
748022.0,199,0.12803,0.311988,0.99,10000,10,28,5.93382e-13,0.000780507,0.9999992296870766,0.9720624446309274
866949.0,500,0.01,0.466399,0.99,10000,10,10,0.00547663,4.35759e-06,0.9259957433656685,0.9979125158683237
1000000.0,500,0.01,0.594368,0.99,10000,10,24,0.00699953,2.81803e-06,0.9163368061809735,0.9983213010990651
654014.0,199,0.122618,0.351735,0.982611,10000,10,18,4.1443e-12,0.000756628,0.999997964244612,0.9724931281313196
699918.0,260,0.0987828,0.231366,0.99,10000,10,29,1.1119e-14,0.00142336,0.999999894553331,0.9622725564078349
659355.0,353,0.263552,0.1,0.982091,10000,10,30,1.05438e-18,0.00981779,0.9999999989731699,0.9009152383057819
1000000.0,500,0.01,0.594368,0.99,10000,10,24,0.00699953,2.81803e-06,0.9163368061809735,0.9983213010990651
779260.0,353,0.230599,0.1,0.983608,10900,10,25,1.3276300000000003e-18,0.00791147,0.9999999988477717,0.9110535554392419
778746.0,310,0.0377362,0.425118,0.989774,10000,10,24,0.00214744,2.61838e-05,0.9536595209347163,0.9948829891538126
779260.0,363,0.230599,0.1,0.983608,10900,10,21,1.5031600000000001e-18,0.00727431,0.9999999987739657,0.9147104344013877
616623.0,325,0.248346,0.152219,0.984427,11938,10,36,6.90107e-18,0.00369929,0.9999999973730113,0.9391782111410721
629628.0,300,0.298261,0.152219,0.976752,11938,10,25,4.49904e-18,0.00483725,0.9999999978789059,0.9304496585198894
629628.0,354,0.298261,0.152219,0.976752,11938,10,25,1.3363e-17,0.0025025,0.9999999963444562,0.9499750062468769
664370.0,484,0.019148,0.420531,0.966857,10000,10,15,0.00347096,1.54028e-05,0.9410851461853634,0.9960753598891109
743432.0,325,0.248346,0.152219,0.99,11460,12,33,9.8119e-18,0.00348319,0.9999999968676048,0.9409814435961028
808819.0,191,0.0561365,0.560265,0.99,10000,10,36,0.00140492,5.23508e-05,0.9625177375282654,0.9927646147303686
664370.0,484,0.019148,0.47583,0.99,10000,10,15,0.00418871,8.25184e-06,0.9352797558719067,0.9971273983917014
735930.0,267,0.02258,0.601087,0.983682,10000,10,12,0.00277554,1.68407e-05,0.9473166060318814,0.9958962578053684
742491.0,284,0.230599,0.131742,0.982091,23678,10,36,2.3776e-18,0.00644139,0.9999999984580532,0.9197417293981487
734919.0,191,0.0500898,0.531956,0.972146,10000,10,29,0.000538065,7.12179e-05,0.9768037718583387,0.991560930146041
718430.0,191,0.0561365,0.560265,0.987423,10000,10,22,0.000780216,5.78649e-05,0.972067653159822,0.9923931018147999
658218.0,354,0.298261,0.128133,0.99,11938,12,25,2.70254e-18,0.00573045,0.9999999983560596,0.9243002642012537
664370.0,484,0.019148,0.337638,0.99,10000,10,15,0.00248921,2.47841e-05,0.950108016676023,0.9950216368151771
748022.0,303,0.0280045,0.380472,0.968667,10000,10,31,0.00116173,5.58864e-05,0.965915839455841,0.9925242792989571
714615.0,484,0.019148,0.497558,0.99,10000,10,16,0.0047881,7.35835e-06,0.9308039018441069,0.9972873721228299
812626.0,374,0.294767,0.1,0.98743,10000,10,31,3.4292800000000004e-18,0.00542242,0.9999999981481684,0.9263629169507646
862036.0,381,0.01,0.696501,0.99,10000,10,22,0.00600359,3.59301e-06,0.9225171631908072,0.9981044763256556
735930.0,290,0.0207099,0.636305,0.986868,10000,10,29,0.00355276,1.16317e-05,0.9403949666554913,0.9965894721816118
997211.0,491,0.01,0.423091,0.99,10000,10,10,0.00559752,4.22231e-06,0.9251834242964836,0.9979451739733008
1000000.0,500,0.01,0.290452,0.99,10000,10,24,0.00399573,1.11811e-05,0.9367882131244496,0.9966561848137195
659355.0,353,0.254213,0.114989,0.988267,10308,10,30,2.41533e-18,0.00630606,0.9999999984458668,0.9205892954319129
629628.0,219,0.224591,0.270336,0.988541,10000,10,31,2.70322e-16,0.0015938,0.999999983558528,0.9600775752239421
1000000.0,214,0.0416255,0.311988,0.99,10000,10,31,0.000144686,7.17704e-05,0.9879714506277772,0.9915282587386063
598177.0,300,0.298261,0.155601,0.976752,11938,10,23,4.181970000000001e-18,0.00492902,0.9999999979550135,0.9297930202900025
708173.0,354,0.208985,0.152219,0.981936,11095,10,25,3.16265e-17,0.00196972,0.9999999943762556,0.9556184723111067
918263.0,500,0.01,0.594368,0.99,10000,10,23,0.00668283,2.89764e-06,0.9182514220307166,0.9982977544242971
686386.0,381,0.01,0.696501,0.99,10000,10,22,0.00511113,7.05732e-06,0.9285078325968501,0.9973434383124046
642119.0,354,0.298261,0.162003,0.99,11938,12,25,2.53422e-17,0.00237634,0.9999999949658963,0.9512522821046975
863940.0,500,0.01,0.589417,0.99,10000,10,31,0.00641586,3.04173e-06,0.9199009363350606,0.9982559443816208
714615.0,484,0.019148,0.497558,0.99,10000,10,18,0.00478941,7.35613e-06,0.9307944366398192,0.9972877813509969
708173.0,354,0.208985,0.164309,0.98353,12726,10,25,4.32944e-15,0.00117059,0.9999999342015198,0.9657861139301599
659355.0,353,0.254213,0.109201,0.982091,10308,10,32,1.3807800000000001e-18,0.00772427,0.9999999988249341,0.9121121737667839
1000000.0,500,0.01,0.594368,0.99,10000,10,10,0.0069913,2.84451e-06,0.9163860059559406,0.9983134324798574
735930.0,267,0.02258,0.601087,0.982165,10000,10,12,0.00276979,1.72712e-05,0.947371205599976,0.9958441366721221
824305.0,500,0.01,0.594368,0.99,10000,10,10,0.00625366,3.16382e-06,0.9209199140111747,0.9982212869821132
767516.0,325,0.248346,0.152219,0.99,11938,10,33,3.81961e-17,0.0018066,0.9999999938197006,0.9574958825523926
808819.0,191,0.0561365,0.560265,0.99,10000,10,36,0.00140492,5.23508e-05,0.9625177375282654,0.9927646147303686
866949.0,500,0.01,0.466399,0.99,10000,10,10,0.00547663,4.35759e-06,0.9259957433656685,0.9979125158683237
803341.0,500,0.01,0.589417,0.99,10000,10,30,0.00612766,3.31627e-06,0.9217206285155534,0.9981789371235457
664370.0,484,0.019148,0.472315,0.971875,10000,10,16,0.00407343,1.10217e-05,0.9361765716997277,0.9966801054233606
923525.0,500,0.01,0.423091,0.99,10000,10,20,0.00534579,4.58882e-06,0.9268850904397742,0.9978578468775552
898684.0,500,0.01,0.594368,0.99,10000,10,33,0.00660033,2.93093e-06,0.9187575849694263,0.9982880040887899
629628.0,325,0.298261,0.152219,0.976752,11938,10,33,8.488240000000001e-18,0.0035957,0.9999999970865415,0.94003584403996
692938.0,324,0.0829597,0.268743,0.99,10000,10,31,0.000109786,0.000104603,0.9895221185347418,0.9897724391959764
1000000.0,196,0.0492246,0.311988,0.99,10000,10,28,2.13857e-05,0.000106879,0.9953755324630829,0.9896617699774091
659355.0,353,0.254213,0.109201,0.982091,10308,10,30,1.3748100000000001e-18,0.00772462,0.999999998827477,0.9121101826148217
748022.0,300,0.0974018,0.228587,0.99,10000,10,30,3.12454e-10,0.000373806,0.9999823236315947,0.9806659367953863
661810.0,199,0.114395,0.334698,0.99,10000,10,32,4.87765e-13,0.000934906,0.9999993015982531,0.9694237674001521
806350.0,500,0.01,0.466399,0.99,10000,10,11,0.00517282,5.3585e-06,0.9280776807937897,0.9976851565927691
598159.0,199,0.125714,0.351735,0.99,10000,10,32,2.03254e-13,0.00100014,0.9999995491630006,0.9683750098814244
803341.0,500,0.0118701,0.482438,0.98939,10000,10,30,0.00529049,4.83873e-06,0.9272642453809683,0.9978002886553005
748022.0,199,0.12803,0.311988,0.99,10000,10,28,5.93382e-13,0.000780507,0.9999992296870766,0.9720624446309274
730096.0,161,0.150975,0.366354,0.99,11021,10,33,1.79362e-13,0.0011194,0.9999995764884889,0.9665425643540931
611734.0,363,0.109688,0.231484,0.972372,10000,10,32,4.50899e-08,0.000289975,0.9997876561750368,0.9829713476751681
748022.0,199,0.12803,0.328773,0.99,10000,10,28,1.84346e-10,0.000468293,0.9999864225922945,0.9783599214419171
898684.0,500,0.01,0.594368,0.99,10000,10,30,0.00660034,2.93087e-06,0.9187575234252426,0.9982880216122859
759832.0,313,0.107336,0.231484,0.99,10000,10,31,1.93202e-05,0.000170385,0.9956045250541039,0.9869468394631798
528213.0,363,0.109688,0.231484,0.99,10757,10,32,4.92309e-11,0.00052743,0.9999929835265268,0.9770341557960522
629628.0,300,0.298261,0.152219,0.976752,11938,10,25,4.49904e-18,0.00483725,0.9999999978789059,0.9304496585198894
734557.0,466,0.0107767,0.555127,0.99,10000,10,31,0.0052283,5.26221e-06,0.9276930155517463,0.9977060492594653
748022.0,191,0.110859,0.339328,0.99,10000,10,32,1.82211e-11,0.000598465,0.9999957313819566,0.9755364556942376
748022.0,199,0.110859,0.320984,0.99,10000,10,31,4.86815e-12,0.000680082,0.9999977936115483,0.973921618148359
654014.0,199,0.122618,0.351735,0.982611,10000,10,18,4.1443e-12,0.000756628,0.999997964244612,0.9724931281313196
734557.0,466,0.0107767,0.555127,0.99,10000,10,31,0.0052283,5.26221e-06,0.9276930155517463,0.9977060492594653
748022.0,199,0.110859,0.320984,0.99,10000,10,26,4.81638e-12,0.000680469,0.9999978053747473,0.9739141992647341
748022.0,191,0.110859,0.339328,0.99,10000,10,32,1.82211e-11,0.000598465,0.9999957313819566,0.9755364556942376
748022.0,190,0.175078,0.311988,0.983727,10000,10,31,3.70402e-13,0.000953477,0.9999993913933947,0.9691215771128122
762825.0,303,0.109688,0.231484,0.99,11523,10,21,7.11535e-06,0.000190768,0.997332538660074,0.9861881210546863
748022.0,303,0.107336,0.231484,0.99,10000,10,31,7.92369e-08,0.000234415,0.9997185095028247,0.9846893827688104
692938.0,252,0.149986,0.268743,0.99,10000,10,31,1.09646e-10,0.000501032,0.9999895288014058,0.9776162558985321
672482.0,199,0.110859,0.320984,0.99,10000,10,31,1.14456e-13,0.00114331,0.9999996616865359,0.9661871326267647
748022.0,303,0.109688,0.231484,0.99,11523,10,31,1.12759e-06,0.000209818,0.9989381195924211,0.9855149042115697
694105.0,199,0.125714,0.330991,0.99,10000,10,32,1.11084e-12,0.000761772,0.9999989460360538,0.9723997826095518
748022.0,199,0.12803,0.311988,0.99,10000,10,31,5.97142e-13,0.000780307,0.9999992272503639,0.9720660242715077
598159.0,199,0.10049,0.427296,0.99,10000,10,31,2.24094e-07,0.000219499,0.9995266143221432,0.9851845013583748
1000000.0,500,0.01,0.594368,0.99,10000,10,24,0.00699953,2.81803e-06,0.9163368061809735,0.9983213010990651
659355.0,353,0.263552,0.1,0.982091,10000,10,30,1.05438e-18,0.00981779,0.9999999989731699,0.9009152383057819
659355.0,353,0.254213,0.104422,0.982091,10050,10,34,1.17282e-18,0.00878318,0.9999999989170318,0.9062813785846164
742491.0,284,0.230599,0.131742,0.982091,23678,10,36,2.3776e-18,0.00644139,0.9999999984580532,0.9197417293981487
779260.0,353,0.230599,0.1,0.983608,10900,10,25,1.3276300000000003e-18,0.00791147,0.9999999988477717,0.9110535554392419
735930.0,267,0.02258,0.58752,0.99,10000,10,12,0.00267721,1.60471e-05,0.9482582373705727,0.9959941168264663
616623.0,325,0.248346,0.152219,0.984427,11938,10,36,6.90107e-18,0.00369929,0.9999999973730113,0.9391782111410721
664370.0,484,0.019148,0.420531,0.966857,10000,10,15,0.00347096,1.54028e-05,0.9410851461853634,0.9960753598891109
559133.0,388,0.325824,0.128133,0.99,11403,12,25,2.40354e-18,0.00539161,0.9999999984496646,0.9265724166269923
629628.0,300,0.298261,0.152219,0.976752,11938,10,25,4.49904e-18,0.00483725,0.9999999978789059,0.9304496585198894
630964.0,479,0.019148,0.314849,0.99,10000,10,15,0.0019878,4.94418e-05,0.9554152492437156,0.9929685136706383
767516.0,325,0.248346,0.139939,0.99,11938,10,33,1.31044e-17,0.0028603,0.99999999638,0.9465182274040959
779260.0,363,0.230599,0.1,0.983608,10900,10,21,1.5031600000000001e-18,0.00727431,0.9999999987739657,0.9147104344013877
734919.0,191,0.0500898,0.531956,0.972146,10000,10,29,0.000538065,7.12179e-05,0.9768037718583387,0.991560930146041
755210.0,191,0.0561365,0.560265,0.99,10000,10,36,0.0010332,5.37812e-05,0.9678565714336507,0.9926664333370453
664370.0,484,0.019148,0.47583,0.99,10000,10,15,0.00418871,8.25184e-06,0.9352797558719067,0.9971273983917014
667275.0,500,0.019148,0.50851,0.985428,10000,10,15,0.00469676,7.77776e-06,0.9314670881984429,0.9972111364321645
808819.0,191,0.0561365,0.560265,0.99,10000,10,36,0.00140492,5.23508e-05,0.9625177375282654,0.9927646147303686
664370.0,484,0.019148,0.337638,0.99,10000,10,15,0.00248921,2.47841e-05,0.950108016676023,0.9950216368151771
735930.0,290,0.0207099,0.636305,0.986868,10000,10,29,0.00355276,1.16317e-05,0.9403949666554913,0.9965894721816118
743432.0,325,0.248346,0.152219,0.99,11460,12,33,9.8119e-18,0.00348319,0.9999999968676048,0.9409814435961028
1000000.0,500,0.01,0.290452,0.99,10000,10,24,0.00399573,1.11811e-05,0.9367882131244496,0.9966561848137195
778746.0,310,0.0377362,0.425118,0.989774,10000,10,24,0.00214744,2.61838e-05,0.9536595209347163,0.9948829891538126
655001.0,353,0.254213,0.109201,0.99,10308,10,32,1.33051e-18,0.00739246,0.9999999988465227,0.9140205838586932
1000000.0,214,0.0416255,0.311988,0.99,10000,10,31,0.000144686,7.17704e-05,0.9879714506277772,0.9915282587386063
803341.0,500,0.01,0.545063,0.99,10000,10,16,0.00581519,3.7466e-06,0.9237426069157881,0.998064386402197
918263.0,500,0.01,0.594368,0.99,10000,10,23,0.00668283,2.89764e-06,0.9182514220307166,0.9982977544242971
791063.0,385,0.01,0.594368,0.99,10000,10,27,0.00503264,6.34083e-06,0.9290588976685589,0.9974818995254359
808819.0,191,0.0561365,0.560265,0.99,10000,10,36,0.00140492,5.23508e-05,0.9625177375282654,0.9927646147303686
629628.0,219,0.224591,0.270336,0.988541,10000,10,31,2.70322e-16,0.0015938,0.999999983558528,0.9600775752239421
863940.0,500,0.01,0.589417,0.99,10000,10,31,0.00641586,3.04173e-06,0.9199009363350606,0.9982559443816208
997211.0,491,0.01,0.423091,0.99,10000,10,10,0.00559752,4.22231e-06,0.9251834242964836,0.9979451739733008
812626.0,374,0.294767,0.1,0.99,10000,10,33,3.4062e-18,0.00528578,0.9999999981544107,0.9272966300643498
598177.0,300,0.298261,0.155601,0.976752,11938,10,23,4.181970000000001e-18,0.00492902,0.9999999979550135,0.9297930202900025
1000000.0,500,0.01,0.594368,0.99,10000,10,10,0.0069913,2.84451e-06,0.9163860059559406,0.9983134324798574
862036.0,381,0.01,0.696501,0.99,10000,10,22,0.00600359,3.59301e-06,0.9225171631908072,0.9981044763256556
708173.0,354,0.208985,0.162845,0.98353,12726,10,25,1.33968e-15,0.00124494,0.9999999633983607,0.9647162927117912
756763.0,325,0.248346,0.152219,0.987045,11938,10,36,2.96206e-17,0.00201674,0.999999994557519,0.9550918715598167
629628.0,354,0.298261,0.152219,0.976752,11938,10,25,1.3363e-17,0.0025025,0.9999999963444562,0.9499750062468769
642119.0,354,0.298261,0.162003,0.99,11938,12,25,2.53422e-17,0.00237634,0.9999999949658963,0.9512522821046975
718430.0,191,0.0561365,0.560265,0.987423,10000,10,22,0.000780216,5.78649e-05,0.972067653159822,0.9923931018147999
866949.0,500,0.01,0.466399,0.99,10000,10,10,0.00547663,4.35759e-06,0.9259957433656685,0.9979125158683237
803341.0,500,0.01,0.589417,0.99,10000,10,30,0.00612766,3.31627e-06,0.9217206285155534,0.9981789371235457
714615.0,484,0.019148,0.497558,0.99,10000,10,18,0.00478941,7.35613e-06,0.9307944366398192,0.9972877813509969
718430.0,191,0.0561365,0.560265,0.987423,10000,10,22,0.000780216,5.78649e-05,0.972067653159822,0.9923931018147999
806350.0,500,0.01,0.466399,0.99,10000,10,11,0.00517282,5.3585e-06,0.9280776807937897,0.9976851565927691
664370.0,484,0.019148,0.472315,0.971875,10000,10,16,0.00407343,1.10217e-05,0.9361765716997277,0.9966801054233606
923525.0,500,0.01,0.423091,0.99,10000,10,20,0.00534579,4.58882e-06,0.9268850904397742,0.9978578468775552
898684.0,500,0.01,0.594368,0.99,10000,10,33,0.00660033,2.93093e-06,0.9187575849694263,0.9982880040887899
824305.0,500,0.01,0.594368,0.99,10000,10,10,0.00625366,3.16382e-06,0.9209199140111747,0.9982212869821132
629628.0,325,0.298261,0.152219,0.976752,11938,10,33,8.488240000000001e-18,0.0035957,0.9999999970865415,0.94003584403996
662204.0,353,0.164593,0.164227,0.99,10000,10,30,6.70443e-17,0.00176404,0.9999999918119417,0.9579995238122233
692938.0,324,0.0829597,0.268743,0.99,10000,10,31,0.000109786,0.000104603,0.9895221185347418,0.9897724391959764
1000000.0,196,0.0492246,0.311988,0.99,10000,10,28,2.13857e-05,0.000106879,0.9953755324630829,0.9896617699774091
767516.0,325,0.248346,0.152219,0.99,11938,10,33,3.81961e-17,0.0018066,0.9999999938197006,0.9574958825523926
748022.0,300,0.0974018,0.228587,0.99,10000,10,30,3.12454e-10,0.000373806,0.9999823236315947,0.9806659367953863
824305.0,500,0.01,0.594368,0.99,10000,10,10,0.00625366,3.16382e-06,0.9209199140111747,0.9982212869821132
661810.0,199,0.114395,0.334698,0.99,10000,10,32,4.87765e-13,0.000934906,0.9999993015982531,0.9694237674001521
598159.0,199,0.125714,0.351735,0.99,10000,10,32,2.03254e-13,0.00100014,0.9999995491630006,0.9683750098814244
708173.0,354,0.208985,0.152219,0.98265,11095,10,25,3.18661e-17,0.00195105,0.9999999943549933,0.9558293083595015
748022.0,199,0.12803,0.311988,0.99,10000,10,28,5.93382e-13,0.000780507,0.9999992296870766,0.9720624446309274
803341.0,500,0.0118701,0.482438,0.98939,10000,10,30,0.00529049,4.83873e-06,0.9272642453809683,0.9978002886553005
730096.0,161,0.150975,0.366354,0.99,11021,10,33,1.79362e-13,0.0011194,0.9999995764884889,0.9665425643540931
714615.0,484,0.019148,0.497558,0.99,10000,10,16,0.0047881,7.35835e-06,0.9308039018441069,0.9972873721228299
748022.0,199,0.12803,0.328773,0.99,10000,10,28,1.84346e-10,0.000468293,0.9999864225922945,0.9783599214419171
898684.0,500,0.01,0.594368,0.99,10000,10,30,0.00660034,2.93087e-06,0.9187575234252426,0.9982880216122859
683496.0,353,0.230599,0.14445,0.99,11315,10,23,1.48569e-17,0.00247544,0.999999996145535,0.9502462061748052
759832.0,313,0.107336,0.231484,0.99,10000,10,31,1.93202e-05,0.000170385,0.9956045250541039,0.9869468394631798
708173.0,354,0.208985,0.164309,0.98353,12726,10,25,4.32944e-15,0.00117059,0.9999999342015198,0.9657861139301599
629628.0,354,0.298261,0.153682,0.976752,11938,10,25,1.55632e-17,0.00239343,0.9999999960549778,0.9510773058795818
528213.0,363,0.109688,0.231484,0.99,10757,10,32,4.92309e-11,0.00052743,0.9999929835265268,0.9770341557960522
629628.0,300,0.298261,0.152219,0.976752,11938,10,25,4.49904e-18,0.00483725,0.9999999978789059,0.9304496585198894
902769.0,500,0.01,0.423091,0.99,10000,10,15,0.00524211,4.85201e-06,0.9275975829132757,0.9977972721457248
748022.0,306,0.0974018,0.228587,0.99,10000,10,30,2.69833e-09,0.000290003,0.9999480545478411,0.9829705255512685
748022.0,199,0.110859,0.320984,0.99,10000,10,31,4.86815e-12,0.000680082,0.9999977936115483,0.973921618148359
748022.0,191,0.110859,0.339328,0.99,10000,10,32,1.82211e-11,0.000598465,0.9999957313819566,0.9755364556942376
654014.0,199,0.122618,0.351735,0.982611,10000,10,18,4.1443e-12,0.000756628,0.999997964244612,0.9724931281313196
734557.0,466,0.0107767,0.555127,0.99,10000,10,31,0.0052283,5.26221e-06,0.9276930155517463,0.9977060492594653
748022.0,199,0.110859,0.320984,0.99,10000,10,26,4.81638e-12,0.000680469,0.9999978053747473,0.9739141992647341
748022.0,191,0.110859,0.339328,0.99,10000,10,32,1.82211e-11,0.000598465,0.9999957313819566,0.9755364556942376
622212.0,300,0.298261,0.123382,0.982745,11938,10,22,7.31076e-19,0.00895998,0.9999999991449702,0.905342829114747
1000000.0,500,0.01,0.594368,0.99,10000,10,24,0.00699953,2.81803e-06,0.9163368061809735,0.9983213010990651
742491.0,284,0.230599,0.131742,0.982091,23678,10,36,2.3776e-18,0.00644139,0.9999999984580532,0.9197417293981487
603038.0,303,0.248346,0.152219,0.987045,11938,10,29,4.1083e-18,0.00482946,0.9999999979731058,0.9305056836856423
686245.0,443,0.0415341,0.314849,0.99,10000,10,15,0.00179852,2.84919e-05,0.9575910386828443,0.9946622195624024
779260.0,353,0.230599,0.1,0.983608,10900,10,25,1.3276300000000003e-18,0.00791147,0.9999999988477717,0.9110535554392419
754894.0,191,0.03484,0.560265,0.987423,10000,10,25,0.000876296,4.51897e-05,0.970397702791844,0.9932776715343565
735930.0,267,0.02258,0.58752,0.99,10000,10,12,0.00267721,1.60471e-05,0.9482582373705727,0.9959941168264663
559133.0,388,0.325824,0.128133,0.99,11403,12,25,2.40354e-18,0.00539161,0.9999999984496646,0.9265724166269923
628079.0,309,0.298261,0.152219,0.99,11938,10,25,5.2451e-18,0.00377548,0.9999999977097817,0.9385550653023376
685301.0,290,0.0207099,0.642837,0.986868,10000,10,29,0.00324712,1.33245e-05,0.94301649361438,0.9963497260376788
659355.0,353,0.254213,0.104422,0.982091,10050,10,34,1.17282e-18,0.00878318,0.9999999989170318,0.9062813785846164
735930.0,290,0.0207099,0.636305,0.986868,10000,10,29,0.00355276,1.16317e-05,0.9403949666554913,0.9965894721816118
779260.0,363,0.230599,0.1,0.986189,10900,10,32,1.5469e-18,0.00712905,0.9999999987562557,0.9155662981979352
734919.0,191,0.0500898,0.531956,0.972146,10000,10,29,0.000538065,7.12179e-05,0.9768037718583387,0.991560930146041
664370.0,484,0.019148,0.47583,0.99,10000,10,15,0.00418871,8.25184e-06,0.9352797558719067,0.9971273983917014
667275.0,500,0.019148,0.50851,0.985428,10000,10,15,0.00469676,7.77776e-06,0.9314670881984429,0.9972111364321645
743432.0,325,0.248346,0.152219,0.99,11460,12,33,9.8119e-18,0.00348319,0.9999999968676048,0.9409814435961028
735930.0,267,0.02258,0.543391,0.99,10000,10,12,0.00227131,2.06004e-05,0.9523417373375823,0.9954612336477849
1000000.0,500,0.01,0.290452,0.99,10000,10,24,0.00399573,1.11811e-05,0.9367882131244496,0.9966561848137195
655001.0,353,0.254213,0.109201,0.99,10308,10,32,1.33051e-18,0.00739246,0.9999999988465227,0.9140205838586932
767516.0,325,0.248346,0.139939,0.99,11938,10,33,1.31044e-17,0.0028603,0.99999999638,0.9465182274040959
1000000.0,214,0.0416255,0.311988,0.99,10000,10,31,0.000144686,7.17704e-05,0.9879714506277772,0.9915282587386063
812626.0,374,0.294767,0.1,0.99,10000,10,33,3.4062e-18,0.00528578,0.9999999981544107,0.9272966300643498
776589.0,332,0.200509,0.162845,0.98353,10000,10,29,2.08978e-16,0.00135755,0.9999999855439287,0.9631550546207489
791063.0,385,0.01,0.594368,0.99,10000,10,27,0.00503264,6.34083e-06,0.9290588976685589,0.9974818995254359
756763.0,325,0.248346,0.152219,0.987045,11938,10,36,2.96206e-17,0.00201674,0.999999994557519,0.9550918715598167
662204.0,353,0.164593,0.164227,0.99,10000,10,30,6.70443e-17,0.00176404,0.9999999918119417,0.9579995238122233
735930.0,234,0.02258,0.58752,0.99,10000,10,12,0.00202391,2.69667e-05,0.9550121127413167,0.9948070528598878
862036.0,381,0.01,0.696501,0.99,10000,10,22,0.00600359,3.59301e-06,0.9225171631908072,0.9981044763256556
947118.0,500,0.01,0.594368,0.99,10000,10,24,0.00680002,2.85896e-06,0.9175377662199234,0.9983091540578751
629628.0,354,0.298261,0.152219,0.976752,11938,10,25,1.3363e-17,0.0025025,0.9999999963444562,0.9499750062468769
642119.0,354,0.298261,0.162003,0.99,11938,12,25,2.53422e-17,0.00237634,0.9999999949658963,0.9512522821046975
803341.0,500,0.01,0.545063,0.99,10000,10,16,0.00581519,3.7466e-06,0.9237426069157881,0.998064386402197
767516.0,325,0.248346,0.139939,0.99,11938,10,33,1.31044e-17,0.0028603,0.99999999638,0.9465182274040959
778746.0,310,0.0377362,0.425118,0.989774,10000,10,24,0.00214744,2.61838e-05,0.9536595209347163,0.9948829891538126
718430.0,191,0.0561365,0.560265,0.987423,10000,10,22,0.000780216,5.78649e-05,0.972067653159822,0.9923931018147999
866949.0,500,0.01,0.466399,0.99,10000,10,10,0.00547663,4.35759e-06,0.9259957433656685,0.9979125158683237
803341.0,500,0.01,0.589417,0.99,10000,10,30,0.00612766,3.31627e-06,0.9217206285155534,0.9981789371235457
714615.0,484,0.019148,0.497558,0.99,10000,10,18,0.00478941,7.35613e-06,0.9307944366398192,0.9972877813509969
779260.0,363,0.230599,0.1,0.983608,10900,10,21,1.5031600000000001e-18,0.00727431,0.9999999987739657,0.9147104344013877
918263.0,500,0.01,0.594368,0.99,10000,10,23,0.00668283,2.89764e-06,0.9182514220307166,0.9982977544242971
1000000.0,500,0.01,0.594368,0.99,10000,10,10,0.0069913,2.84451e-06,0.9163860059559406,0.9983134324798574
806350.0,500,0.01,0.466399,0.99,10000,10,11,0.00517282,5.3585e-06,0.9280776807937897,0.9976851565927691
664370.0,484,0.019148,0.472315,0.971875,10000,10,16,0.00407343,1.10217e-05,0.9361765716997277,0.9966801054233606
923525.0,500,0.01,0.423091,0.99,10000,10,20,0.00534579,4.58882e-06,0.9268850904397742,0.9978578468775552
997211.0,491,0.01,0.423091,0.99,10000,10,10,0.00559752,4.22231e-06,0.9251834242964836,0.9979451739733008
898684.0,500,0.01,0.594368,0.99,10000,10,33,0.00660033,2.93093e-06,0.9187575849694263,0.9982880040887899
863940.0,500,0.01,0.589417,0.99,10000,10,31,0.00641586,3.04173e-06,0.9199009363350606,0.9982559443816208
748022.0,306,0.0974018,0.228587,0.99,10000,10,30,2.69833e-09,0.000290003,0.9999480545478411,0.9829705255512685
661810.0,199,0.114395,0.334698,0.99,10000,10,32,4.87765e-13,0.000934906,0.9999993015982531,0.9694237674001521
629628.0,325,0.298261,0.152219,0.976752,11938,10,33,8.488240000000001e-18,0.0035957,0.9999999970865415,0.94003584403996
759832.0,313,0.107336,0.231484,0.99,10000,10,31,1.93202e-05,0.000170385,0.9956045250541039,0.9869468394631798
756763.0,325,0.248346,0.152219,0.99,11938,10,36,3.14809e-17,0.00192495,0.9999999943892157,0.9561257478696218
898684.0,472,0.01,0.594368,0.99,10000,10,24,0.00638572,3.13581e-06,0.9200892998403843,0.9982291781569
824305.0,476,0.01,0.545418,0.99,10000,10,10,0.00571423,3.9526e-06,0.924407473914414,0.9980118853151793
692938.0,324,0.0829597,0.268743,0.99,10000,10,31,0.000109786,0.000104603,0.9895221185347418,0.9897724391959764
708173.0,354,0.208985,0.162845,0.98353,12726,10,25,1.33968e-15,0.00124494,0.9999999633983607,0.9647162927117912
598159.0,199,0.125714,0.351735,0.99,10000,10,32,2.03254e-13,0.00100014,0.9999995491630006,0.9683750098814244
1000000.0,196,0.0492246,0.311988,0.99,10000,10,28,2.13857e-05,0.000106879,0.9953755324630829,0.9896617699774091
616623.0,325,0.248346,0.152219,0.984427,11938,10,36,6.90107e-18,0.00369929,0.9999999973730113,0.9391782111410721
748022.0,300,0.0974018,0.228587,0.99,10000,10,30,3.12454e-10,0.000373806,0.9999823236315947,0.9806659367953863
748022.0,199,0.12803,0.311988,0.99,10000,10,28,5.93382e-13,0.000780507,0.9999992296870766,0.9720624446309274
730096.0,161,0.150975,0.366354,0.99,11021,10,33,1.79362e-13,0.0011194,0.9999995764884889,0.9665425643540931
824305.0,500,0.01,0.594368,0.99,10000,10,10,0.00625366,3.16382e-06,0.9209199140111747,0.9982212869821132
824305.0,500,0.01,0.594368,0.99,10000,10,10,0.00625366,3.16382e-06,0.9209199140111747,0.9982212869821132
767516.0,325,0.248346,0.152219,0.99,11938,10,33,3.81961e-17,0.0018066,0.9999999938197006,0.9574958825523926
798688.0,500,0.01,0.527742,0.99,10000,10,22,0.00566132,4.04527e-06,0.9247582562668833,0.9979887143415218
718430.0,191,0.0561365,0.560265,0.987423,10000,10,22,0.000780216,5.78649e-05,0.972067653159822,0.9923931018147999
803341.0,500,0.0118701,0.482438,0.98939,10000,10,30,0.00529049,4.83873e-06,0.9272642453809683,0.9978002886553005
528213.0,363,0.109688,0.231484,0.99,10757,10,32,4.92309e-11,0.00052743,0.9999929835265268,0.9770341557960522
708173.0,354,0.208985,0.164309,0.98353,12726,10,25,4.32944e-15,0.00117059,0.9999999342015198,0.9657861139301599
714615.0,484,0.019148,0.497558,0.99,10000,10,16,0.0047881,7.35835e-06,0.9308039018441069,0.9972873721228299
683496.0,353,0.230599,0.14445,0.99,11315,10,23,1.48569e-17,0.00247544,0.999999996145535,0.9502462061748052
898684.0,500,0.01,0.594368,0.99,10000,10,30,0.00660034,2.93087e-06,0.9187575234252426,0.9982880216122859
654014.0,199,0.122618,0.351735,0.982611,10000,10,18,4.1443e-12,0.000756628,0.999997964244612,0.9724931281313196
629628.0,354,0.298261,0.153682,0.976752,11938,10,25,1.55632e-17,0.00239343,0.9999999960549778,0.9510773058795818
748022.0,199,0.12803,0.328773,0.99,10000,10,28,1.84346e-10,0.000468293,0.9999864225922945,0.9783599214419171
734557.0,466,0.0107767,0.555127,0.99,10000,10,31,0.0052283,5.26221e-06,0.9276930155517463,0.9977060492594653
748022.0,199,0.110859,0.320984,0.99,10000,10,31,4.86815e-12,0.000680082,0.9999977936115483,0.973921618148359
622212.0,300,0.298261,0.123382,0.99,11938,10,22,7.17251e-19,0.0085174,0.9999999991530932,0.9077102389211025
1000000.0,500,0.01,0.594368,0.99,10000,10,24,0.00699953,2.81803e-06,0.9163368061809735,0.9983213010990651
742491.0,284,0.230599,0.131742,0.982091,23678,10,36,2.3776e-18,0.00644139,0.9999999984580532,0.9197417293981487
686245.0,443,0.0415341,0.314849,0.99,10000,10,15,0.00179852,2.84919e-05,0.9575910386828443,0.9946622195624024
628079.0,330,0.323268,0.152219,0.99,11938,10,25,8.039920000000001e-18,0.00272221,0.9999999971645247,0.9478251976525066
559133.0,388,0.325824,0.128133,0.99,11403,12,25,2.40354e-18,0.00539161,0.9999999984496646,0.9265724166269923
766591.0,191,0.03484,0.560265,0.987423,10000,10,25,0.00093261,4.22371e-05,0.9694613359820702,0.993500992383448
779260.0,353,0.230599,0.1,0.983608,10900,10,25,1.3276300000000003e-18,0.00791147,0.9999999988477717,0.9110535554392419
638520.0,325,0.285809,0.152219,0.99,11460,12,29,4.8919e-18,0.00456395,0.999999997788236,0.9324429870405744
549644.0,354,0.260799,0.162003,0.99,11938,12,29,5.75605e-18,0.00362657,0.999999997600823,0.9397789903771118
735930.0,267,0.02258,0.58752,0.99,10000,10,12,0.00267721,1.60471e-05,0.9482582373705727,0.9959941168264663
628079.0,309,0.298261,0.152219,0.99,11938,10,25,5.2451e-18,0.00377548,0.9999999977097817,0.9385550653023376
664370.0,484,0.019148,0.47583,0.99,10000,10,15,0.00418871,8.25184e-06,0.9352797558719067,0.9971273983917014
779260.0,363,0.230599,0.1,0.986189,10900,10,32,1.5469e-18,0.00712905,0.9999999987562557,0.9155662981979352
734919.0,191,0.0500898,0.531956,0.972146,10000,10,29,0.000538065,7.12179e-05,0.9768037718583387,0.991560930146041
686705.0,484,0.019148,0.423199,0.99,10000,10,15,0.00373941,9.50825e-06,0.9388492845503832,0.9969164549622228
682288.0,290,0.0207099,0.622956,0.98562,10000,10,23,0.00305949,1.50534e-05,0.9446873432205611,0.9961201288681194
791063.0,385,0.01,0.594368,0.99,10000,10,27,0.00503264,6.34083e-06,0.9290588976685589,0.9974818995254359
997211.0,394,0.01,0.423091,0.99,10000,10,10,0.00461099,7.01501e-06,0.9320957291475713,0.99735141358457
655001.0,353,0.254213,0.109201,0.99,10308,10,32,1.33051e-18,0.00739246,0.9999999988465227,0.9140205838586932
812626.0,374,0.294767,0.1,0.99,10000,10,33,3.4062e-18,0.00528578,0.9999999981544107,0.9272966300643498
1000000.0,214,0.0416255,0.311988,0.99,10000,10,31,0.000144686,7.17704e-05,0.9879714506277772,0.9915282587386063
735930.0,290,0.0207099,0.636305,0.986868,10000,10,29,0.00355276,1.16317e-05,0.9403949666554913,0.9965894721816118
664370.0,484,0.019148,0.503414,0.99,10000,10,16,0.00448136,7.65721e-06,0.9330570392050068,0.9972328335792728
735930.0,267,0.02258,0.543391,0.99,10000,10,28,0.00228652,2.03559e-05,0.9521824300073707,0.9954882486770656
603038.0,303,0.22817,0.152219,0.99,11938,10,27,3.96939e-18,0.00483321,0.9999999980076671,0.9304787082973857
756763.0,325,0.248346,0.152219,0.987045,11938,10,36,2.96206e-17,0.00201674,0.999999994557519,0.9550918715598167
776589.0,332,0.200509,0.156572,0.985822,10000,10,30,4.87817e-17,0.00169181,0.9999999930156103,0.9588683819914655
776589.0,332,0.200509,0.162845,0.98353,10000,10,29,2.08978e-16,0.00135755,0.9999999855439287,0.9631550546207489
735930.0,234,0.02258,0.58752,0.99,10000,10,12,0.00202391,2.69667e-05,0.9550121127413167,0.9948070528598878
862036.0,381,0.01,0.696501,0.99,10000,10,22,0.00600359,3.59301e-06,0.9225171631908072,0.9981044763256556
642119.0,354,0.298261,0.162003,0.99,11938,12,25,2.53422e-17,0.00237634,0.9999999949658963,0.9512522821046975
735930.0,290,0.0207099,0.60772,0.98903,10000,10,12,0.00329978,1.2327e-05,0.9425562884207506,0.9964890172316002
803341.0,500,0.01,0.545063,0.99,10000,10,16,0.00581519,3.7466e-06,0.9237426069157881,0.998064386402197
629628.0,356,0.280506,0.152219,0.980392,11212,10,36,1.24639e-17,0.00240847,0.999999996469575,0.9509238347056334
718430.0,191,0.0561365,0.560265,0.987423,10000,10,22,0.000780216,5.78649e-05,0.972067653159822,0.9923931018147999
866949.0,500,0.01,0.466399,0.99,10000,10,10,0.00547663,4.35759e-06,0.9259957433656685,0.9979125158683237
685301.0,290,0.0207099,0.642837,0.986868,10000,10,29,0.00324712,1.33245e-05,0.94301649361438,0.9963497260376788
603038.0,303,0.248346,0.152219,0.987045,11938,10,29,4.1083e-18,0.00482946,0.9999999979731058,0.9305056836856423
779260.0,363,0.230599,0.1,0.983608,10900,10,21,1.5031600000000001e-18,0.00727431,0.9999999987739657,0.9147104344013877
863940.0,500,0.01,0.589417,0.99,10000,10,31,0.00641586,3.04173e-06,0.9199009363350606,0.9982559443816208
1000000.0,500,0.01,0.594368,0.99,10000,10,10,0.0069913,2.84451e-06,0.9163860059559406,0.9983134324798574
918263.0,500,0.01,0.594368,0.99,10000,10,23,0.00668283,2.89764e-06,0.9182514220307166,0.9982977544242971
806350.0,500,0.01,0.466399,0.99,10000,10,11,0.00517282,5.3585e-06,0.9280776807937897,0.9976851565927691
767516.0,325,0.248346,0.152219,0.99,11938,10,33,3.81961e-17,0.0018066,0.9999999938197006,0.9574958825523926
947118.0,500,0.01,0.594368,0.99,10000,10,24,0.00680002,2.85896e-06,0.9175377662199234,0.9983091540578751
748022.0,199,0.110859,0.320984,0.99,10000,10,31,4.86815e-12,0.000680082,0.9999977936115483,0.973921618148359
748022.0,306,0.0974018,0.228587,0.99,10000,10,30,2.69833e-09,0.000290003,0.9999480545478411,0.9829705255512685
923525.0,500,0.01,0.423091,0.99,10000,10,20,0.00534579,4.58882e-06,0.9268850904397742,0.9978578468775552
708173.0,354,0.208985,0.162845,0.98353,12726,10,25,1.33968e-15,0.00124494,0.9999999633983607,0.9647162927117912
997211.0,491,0.01,0.423091,0.99,10000,10,10,0.00559752,4.22231e-06,0.9251834242964836,0.9979451739733008
898684.0,500,0.01,0.594368,0.99,10000,10,33,0.00660033,2.93093e-06,0.9187575849694263,0.9982880040887899
661810.0,199,0.114395,0.334698,0.99,10000,10,32,4.87765e-13,0.000934906,0.9999993015982531,0.9694237674001521
528213.0,363,0.109688,0.231484,0.99,10757,10,32,4.92309e-11,0.00052743,0.9999929835265268,0.9770341557960522
756763.0,325,0.248346,0.152219,0.99,11938,10,36,3.14809e-17,0.00192495,0.9999999943892157,0.9561257478696218
759832.0,313,0.107336,0.231484,0.99,10000,10,31,1.93202e-05,0.000170385,0.9956045250541039,0.9869468394631798
754894.0,191,0.03484,0.560265,0.987423,10000,10,25,0.000876296,4.51897e-05,0.970397702791844,0.9932776715343565
898684.0,472,0.01,0.594368,0.99,10000,10,24,0.00638572,3.13581e-06,0.9200892998403843,0.9982291781569
692938.0,324,0.0829597,0.268743,0.99,10000,10,31,0.000109786,0.000104603,0.9895221185347418,0.9897724391959764
598159.0,199,0.125714,0.351735,0.99,10000,10,32,2.03254e-13,0.00100014,0.9999995491630006,0.9683750098814244
778746.0,310,0.0377362,0.425118,0.989774,10000,10,24,0.00214744,2.61838e-05,0.9536595209347163,0.9948829891538126
748022.0,300,0.0974018,0.228587,0.99,10000,10,30,3.12454e-10,0.000373806,0.9999823236315947,0.9806659367953863
748022.0,199,0.12803,0.311988,0.99,10000,10,28,5.93382e-13,0.000780507,0.9999992296870766,0.9720624446309274
1000000.0,196,0.0492246,0.311988,0.99,10000,10,28,2.13857e-05,0.000106879,0.9953755324630829,0.9896617699774091
824305.0,500,0.01,0.594368,0.99,10000,10,10,0.00625366,3.16382e-06,0.9209199140111747,0.9982212869821132
735930.0,218,0.02258,0.649401,0.99,10000,10,12,0.00217143,2.42243e-05,0.9534013948706617,0.99507818123048
748022.0,199,0.12803,0.328773,0.99,10000,10,28,1.84346e-10,0.000468293,0.9999864225922945,0.9783599214419171
803341.0,500,0.01,0.589417,0.99,10000,10,30,0.00612766,3.31627e-06,0.9217206285155534,0.9981789371235457
818506.0,500,0.01,0.589417,0.99,10000,10,26,0.0062026,3.21452e-06,0.9212434129738979,0.998207091748025
735930.0,267,0.02258,0.543391,0.99,10000,10,12,0.00227131,2.06004e-05,0.9523417373375823,0.9954612336477849
734557.0,466,0.0107767,0.555127,0.99,10000,10,31,0.0052283,5.26221e-06,0.9276930155517463,0.9977060492594653
803341.0,500,0.0118701,0.482438,0.98939,10000,10,30,0.00529049,4.83873e-06,0.9272642453809683,0.9978002886553005
1000000.0,500,0.01,0.560888,0.99,10000,10,24,0.00679974,2.89241e-06,0.9175394639842791,0.9982992913241827
798688.0,500,0.01,0.527742,0.99,10000,10,22,0.00566132,4.04527e-06,0.9247582562668833,0.9979887143415218
730096.0,161,0.150975,0.366354,0.99,11021,10,33,1.79362e-13,0.0011194,0.9999995764884889,0.9665425643540931
718430.0,191,0.0561365,0.560265,0.987423,10000,10,22,0.000780216,5.78649e-05,0.972067653159822,0.9923931018147999
708173.0,354,0.208985,0.162845,0.988567,12726,10,20,2.58537e-15,0.00113253,0.9999999491534662,0.9663469169317283
824305.0,476,0.01,0.545418,0.99,10000,10,10,0.00571423,3.9526e-06,0.924407473914414,0.9980118853151793
654014.0,199,0.122618,0.351735,0.982611,10000,10,18,4.1443e-12,0.000756628,0.999997964244612,0.9724931281313196
898684.0,500,0.01,0.594368,0.99,10000,10,30,0.00660034,2.93087e-06,0.9187575234252426,0.9982880216122859
637938.0,322,0.236444,0.115887,0.987045,11938,10,29,6.45279e-19,0.00863123,0.9999999991967073,0.9070955867571405
1000000.0,500,0.01,0.594368,0.99,10000,10,24,0.00699953,2.81803e-06,0.9163368061809735,0.9983213010990651
559133.0,388,0.325824,0.128133,0.99,11403,12,25,2.40354e-18,0.00539161,0.9999999984496646,0.9265724166269923
742491.0,284,0.230599,0.131742,0.982091,23678,10,36,2.3776e-18,0.00644139,0.9999999984580532,0.9197417293981487
755412.0,204,0.03484,0.560265,0.987423,10000,10,25,0.00116616,3.52677e-05,0.9658509150927876,0.9940613385346527
628079.0,330,0.323268,0.152219,0.99,11938,10,25,8.039920000000001e-18,0.00272221,0.9999999971645247,0.9478251976525066
622212.0,300,0.298261,0.123382,0.99,11938,10,22,7.17251e-19,0.0085174,0.9999999991530932,0.9077102389211025
834604.0,330,0.323268,0.1,0.99,11938,10,20,1.28863e-18,0.00750229,0.9999999988648216,0.9133842393094651
686245.0,443,0.0415341,0.314849,0.99,10000,10,15,0.00179852,2.84919e-05,0.9575910386828443,0.9946622195624024
803495.0,401,0.294767,0.1,0.99,10000,10,26,4.271360000000001e-18,0.00410948,0.9999999979332731,0.9358947740039862
549644.0,354,0.260799,0.162003,0.99,11938,12,29,5.75605e-18,0.00362657,0.999999997600823,0.9397789903771118
686705.0,484,0.019148,0.423199,0.99,10000,10,15,0.00373941,9.50825e-06,0.9388492845503832,0.9969164549622228
735930.0,267,0.02258,0.58752,0.99,10000,10,12,0.00267721,1.60471e-05,0.9482582373705727,0.9959941168264663
622212.0,358,0.298261,0.123382,0.99,11938,12,22,1.4595400000000001e-18,0.00682323,0.9999999987918857,0.9173971550126753
664370.0,484,0.019148,0.47583,0.99,10000,10,15,0.00418871,8.25184e-06,0.9352797558719067,0.9971273983917014
776589.0,332,0.0366035,0.304663,0.986696,10000,10,30,0.000699664,4.18666e-05,0.9735488374546599,0.9935295595204036
629628.0,356,0.280506,0.152219,0.980392,11212,10,36,1.24639e-17,0.00240847,0.999999996469575,0.9509238347056334
603038.0,303,0.248346,0.152219,0.987045,11938,10,29,4.1083e-18,0.00482946,0.9999999979731058,0.9305056836856423
734919.0,191,0.0500898,0.531956,0.972146,10000,10,29,0.000538065,7.12179e-05,0.9768037718583387,0.991560930146041
682288.0,290,0.0207099,0.622956,0.98562,10000,10,23,0.00305949,1.50534e-05,0.9446873432205611,0.9961201288681194
791063.0,385,0.01,0.594368,0.99,10000,10,27,0.00503264,6.34083e-06,0.9290588976685589,0.9974818995254359
997211.0,394,0.01,0.423091,0.99,10000,10,10,0.00461099,7.01501e-06,0.9320957291475713,0.99735141358457
655001.0,353,0.254213,0.109201,0.99,10308,10,32,1.33051e-18,0.00739246,0.9999999988465227,0.9140205838586932
1000000.0,214,0.0416255,0.311988,0.99,10000,10,31,0.000144686,7.17704e-05,0.9879714506277772,0.9915282587386063
622212.0,325,0.254131,0.137376,0.99,11938,10,22,3.1460800000000007e-18,0.00495771,0.9999999982262807,0.9295889923378453
664370.0,484,0.019148,0.405164,0.99,10000,10,16,0.00335534,1.14721e-05,0.9420747032808635,0.9966129511370516
664370.0,484,0.019148,0.503414,0.99,10000,10,16,0.00448136,7.65721e-06,0.9330570392050068,0.9972328335792728
735930.0,267,0.02258,0.543391,0.99,10000,10,28,0.00228652,2.03559e-05,0.9521824300073707,0.9954882486770656
628079.0,356,0.298261,0.152219,0.99,11804,10,25,1.734e-17,0.00198544,0.9999999958358674,0.9554417235521839
628079.0,309,0.298261,0.152219,0.99,11938,10,25,5.2451e-18,0.00377548,0.9999999977097817,0.9385550653023376
735930.0,234,0.02258,0.58752,0.99,10000,10,12,0.00202391,2.69667e-05,0.9550121127413167,0.9948070528598878
776589.0,332,0.200509,0.162845,0.98353,10000,10,29,2.08978e-16,0.00135755,0.9999999855439287,0.9631550546207489
862036.0,381,0.01,0.696501,0.99,10000,10,22,0.00600359,3.59301e-06,0.9225171631908072,0.9981044763256556
776589.0,332,0.200509,0.156572,0.99,10000,10,36,5.24873e-17,0.00159014,0.999999992755188,0.9601234404693685
866949.0,500,0.01,0.466399,0.99,10000,10,10,0.00547663,4.35759e-06,0.9259957433656685,0.9979125158683237
863940.0,500,0.01,0.589417,0.99,10000,10,31,0.00641586,3.04173e-06,0.9199009363350606,0.9982559443816208
1000000.0,500,0.01,0.594368,0.99,10000,10,10,0.0069913,2.84451e-06,0.9163860059559406,0.9983134324798574
918263.0,500,0.01,0.594368,0.99,10000,10,23,0.00668283,2.89764e-06,0.9182514220307166,0.9982977544242971
803341.0,500,0.01,0.589417,0.99,10000,10,30,0.00612766,3.31627e-06,0.9217206285155534,0.9981789371235457
806350.0,500,0.01,0.466399,0.99,10000,10,11,0.00517282,5.3585e-06,0.9280776807937897,0.9976851565927691
947118.0,500,0.01,0.594368,0.99,10000,10,24,0.00680002,2.85896e-06,0.9175377662199234,0.9983091540578751
767516.0,325,0.248346,0.152219,0.99,11938,10,33,3.81961e-17,0.0018066,0.9999999938197006,0.9574958825523926
803341.0,500,0.01,0.545063,0.99,10000,10,16,0.00581519,3.7466e-06,0.9237426069157881,0.998064386402197
685301.0,290,0.0207099,0.642837,0.986868,10000,10,29,0.00324712,1.33245e-05,0.94301649361438,0.9963497260376788
748022.0,306,0.0974018,0.228587,0.99,10000,10,30,2.69833e-09,0.000290003,0.9999480545478411,0.9829705255512685
923525.0,500,0.01,0.423091,0.99,10000,10,20,0.00534579,4.58882e-06,0.9268850904397742,0.9978578468775552
997211.0,491,0.01,0.423091,0.99,10000,10,10,0.00559752,4.22231e-06,0.9251834242964836,0.9979451739733008
898684.0,500,0.01,0.594368,0.99,10000,10,33,0.00660033,2.93093e-06,0.9187575849694263,0.9982880040887899
824305.0,500,0.01,0.594368,0.99,10000,10,10,0.00625366,3.16382e-06,0.9209199140111747,0.9982212869821132
776589.0,334,0.200509,0.162845,0.99,10000,10,29,8.87585e-16,0.00116208,0.9999999702076352,0.9659107054927797
661810.0,199,0.114395,0.334698,0.99,10000,10,32,4.87765e-13,0.000934906,0.9999993015982531,0.9694237674001521
776589.0,332,0.200509,0.156572,0.985822,10000,10,30,4.87817e-17,0.00169181,0.9999999930156103,0.9588683819914655
735930.0,218,0.0989843,0.346385,0.989126,10000,10,15,1.5465e-05,0.000160902,0.9960674435795529,0.9873152847883762
898684.0,472,0.01,0.594368,0.99,10000,10,24,0.00638572,3.13581e-06,0.9200892998403843,0.9982291781569
824305.0,476,0.01,0.545418,0.99,10000,10,10,0.00571423,3.9526e-06,0.924407473914414,0.9980118853151793
692938.0,324,0.0829597,0.268743,0.99,10000,10,31,0.000109786,0.000104603,0.9895221185347418,0.9897724391959764
778746.0,310,0.0377362,0.425118,0.989774,10000,10,24,0.00214744,2.61838e-05,0.9536595209347163,0.9948829891538126
598159.0,199,0.125714,0.351735,0.99,10000,10,32,2.03254e-13,0.00100014,0.9999995491630006,0.9683750098814244
756763.0,325,0.248346,0.152219,0.99,11938,10,36,3.14809e-17,0.00192495,0.9999999943892157,0.9561257478696218
748022.0,300,0.0974018,0.228587,0.99,10000,10,30,3.12454e-10,0.000373806,0.9999823236315947,0.9806659367953863
748022.0,199,0.12803,0.311988,0.99,10000,10,28,5.93382e-13,0.000780507,0.9999992296870766,0.9720624446309274
528213.0,363,0.109688,0.231484,0.99,10757,10,32,4.92309e-11,0.00052743,0.9999929835265268,0.9770341557960522
1000000.0,196,0.0492246,0.311988,0.99,10000,10,28,2.13857e-05,0.000106879,0.9953755324630829,0.9896617699774091
818506.0,500,0.01,0.589417,0.99,10000,10,26,0.0062026,3.21452e-06,0.9212434129738979,0.998207091748025
748022.0,199,0.12803,0.328773,0.99,10000,10,28,1.84346e-10,0.000468293,0.9999864225922945,0.9783599214419171
684199.0,197,0.12803,0.344276,0.99,10000,10,28,5.00918e-12,0.000646437,0.9999977618802535,0.9745748746315775
1000000.0,500,0.01,0.560888,0.99,10000,10,24,0.00679974,2.89241e-06,0.9175394639842791,0.9982992913241827
798688.0,500,0.01,0.527742,0.99,10000,10,22,0.00566132,4.04527e-06,0.9247582562668833,0.9979887143415218
735930.0,218,0.02258,0.649401,0.99,10000,10,12,0.00217143,2.42243e-05,0.9534013948706617,0.99507818123048
735930.0,290,0.0207099,0.60772,0.98903,10000,10,12,0.00329978,1.2327e-05,0.9425562884207506,0.9964890172316002
730096.0,161,0.150975,0.366354,0.99,11021,10,33,1.79362e-13,0.0011194,0.9999995764884889,0.9665425643540931
603038.0,303,0.22817,0.152219,0.99,11938,10,27,3.96939e-18,0.00483321,0.9999999980076671,0.9304787082973857
735930.0,267,0.02258,0.543391,0.99,10000,10,10,0.00225924,2.07998e-05,0.9524685367361786,0.9954393202261066
803341.0,500,0.01,0.545063,0.99,10000,10,16,0.00581519,3.7466e-06,0.9237426069157881,0.998064386402197
734557.0,466,0.0107767,0.555127,0.99,10000,10,31,0.0052283,5.26221e-06,0.9276930155517463,0.9977060492594653
748022.0,199,0.110859,0.320984,0.99,10000,10,31,4.86815e-12,0.000680082,0.9999977936115483,0.973921618148359
898684.0,500,0.01,0.594368,0.99,10000,10,30,0.00660034,2.93087e-06,0.9187575234252426,0.9982880216122859
654014.0,199,0.122618,0.351735,0.982611,10000,10,18,4.1443e-12,0.000756628,0.999997964244612,0.9724931281313196
803341.0,500,0.0118701,0.482438,0.98939,10000,10,30,0.00529049,4.83873e-06,0.9272642453809683,0.9978002886553005
870756.0,495,0.01,0.445719,0.99,10000,10,20,0.00526949,4.8481e-06,0.9274087470834123,0.9977981598604804
1000000.0,500,0.01,0.594368,0.99,10000,10,24,0.00699953,2.81803e-06,0.9163368061809735,0.9983213010990651
637938.0,322,0.236444,0.115887,0.987045,11938,10,29,6.45279e-19,0.00863123,0.9999999991967073,0.9070955867571405
559133.0,388,0.325824,0.128133,0.99,11403,12,25,2.40354e-18,0.00539161,0.9999999984496646,0.9265724166269923
742491.0,284,0.230599,0.131742,0.982091,23678,10,36,2.3776e-18,0.00644139,0.9999999984580532,0.9197417293981487
686245.0,443,0.0415341,0.314849,0.99,10000,10,15,0.00179852,2.84919e-05,0.9575910386828443,0.9946622195624024
603038.0,303,0.248346,0.128781,0.987326,11938,10,28,8.407100000000001e-19,0.00806998,0.9999999990830976,0.910166932591612
549644.0,354,0.260799,0.162003,0.99,11938,12,29,5.75605e-18,0.00362657,0.999999997600823,0.9397789903771118
622212.0,358,0.298261,0.123382,0.99,11938,12,22,1.4595400000000001e-18,0.00682323,0.9999999987918857,0.9173971550126753
622212.0,325,0.254131,0.137376,0.99,11938,10,22,3.1460800000000007e-18,0.00495771,0.9999999982262807,0.9295889923378453
664370.0,484,0.019148,0.47583,0.99,10000,10,15,0.00418871,8.25184e-06,0.9352797558719067,0.9971273983917014
628079.0,330,0.323268,0.152219,0.99,11938,10,25,8.039920000000001e-18,0.00272221,0.9999999971645247,0.9478251976525066
639153.0,401,0.298261,0.123382,0.99,11938,12,22,3.27971e-18,0.00447026,0.9999999981890031,0.9331399970086749
755412.0,204,0.03484,0.560265,0.987423,10000,10,28,0.00116635,3.52644e-05,0.965848133286744,0.9940616163815394
629628.0,356,0.280506,0.152219,0.980392,11212,10,36,1.24639e-17,0.00240847,0.999999996469575,0.9509238347056334
686705.0,484,0.019148,0.423199,0.99,10000,10,15,0.00373941,9.50825e-06,0.9388492845503832,0.9969164549622228
682288.0,290,0.0207099,0.622956,0.98562,10000,10,23,0.00305949,1.50534e-05,0.9446873432205611,0.9961201288681194
803495.0,401,0.294767,0.1,0.99,10000,10,26,4.271360000000001e-18,0.00410948,0.9999999979332731,0.9358947740039862
734919.0,191,0.0500898,0.531956,0.972146,10000,10,29,0.000538065,7.12179e-05,0.9768037718583387,0.991560930146041
655001.0,353,0.254213,0.109201,0.99,10308,10,32,1.33051e-18,0.00739246,0.9999999988465227,0.9140205838586932
776589.0,332,0.0366035,0.304663,0.986696,10000,10,30,0.000699664,4.18666e-05,0.9735488374546599,0.9935295595204036
834604.0,330,0.323268,0.1,0.99,11938,10,20,1.28863e-18,0.00750229,0.9999999988648216,0.9133842393094651
755412.0,204,0.03484,0.560265,0.987423,10000,10,25,0.00116616,3.52677e-05,0.9658509150927876,0.9940613385346527
1000000.0,214,0.0416255,0.311988,0.99,10000,10,31,0.000144686,7.17704e-05,0.9879714506277772,0.9915282587386063
622212.0,300,0.298261,0.123382,0.99,11938,10,22,7.17251e-19,0.0085174,0.9999999991530932,0.9077102389211025
735930.0,267,0.02258,0.58752,0.99,10000,10,12,0.00267721,1.60471e-05,0.9482582373705727,0.9959941168264663
664370.0,484,0.019148,0.503414,0.99,10000,10,16,0.00448136,7.65721e-06,0.9330570392050068,0.9972328335792728
806350.0,500,0.01,0.435165,0.99,10000,10,30,0.00488576,6.67223e-06,0.9301017882918311,0.9974169339923262
997211.0,394,0.01,0.423091,0.99,10000,10,10,0.00461099,7.01501e-06,0.9320957291475713,0.99735141358457
649811.0,295,0.02258,0.58752,0.99,10000,10,31,0.0026212,1.7793e-05,0.9488023438036466,0.9957818250391905
628079.0,356,0.298261,0.152219,0.99,11804,10,25,1.734e-17,0.00198544,0.9999999958358674,0.9554417235521839
735930.0,316,0.02258,0.58752,0.99,10000,10,12,0.00360119,1.14387e-05,0.9399900841527002,0.996617885276931
735930.0,267,0.02258,0.543391,0.99,10000,10,28,0.00228652,2.03559e-05,0.9521824300073707,0.9954882486770656
735930.0,234,0.02258,0.58752,0.99,10000,10,12,0.00202391,2.69667e-05,0.9550121127413167,0.9948070528598878
814691.0,500,0.01,0.557955,0.99,10000,10,24,0.00596822,3.51303e-06,0.9227457444537843,0.9981256921277443
628079.0,309,0.298261,0.152219,0.99,11938,10,25,5.2451e-18,0.00377548,0.9999999977097817,0.9385550653023376
664370.0,484,0.019148,0.405164,0.99,10000,10,16,0.00335534,1.14721e-05,0.9420747032808635,0.9966129511370516
776589.0,332,0.200509,0.162845,0.98353,10000,10,29,2.08978e-16,0.00135755,0.9999999855439287,0.9631550546207489
776589.0,332,0.200509,0.156572,0.99,10000,10,36,5.24873e-17,0.00159014,0.999999992755188,0.9601234404693685
628079.0,330,0.323268,0.152219,0.99,11938,10,25,8.039920000000001e-18,0.00272221,0.9999999971645247,0.9478251976525066
866949.0,500,0.01,0.466399,0.99,10000,10,10,0.00547663,4.35759e-06,0.9259957433656685,0.9979125158683237
622120.0,300,0.0974018,0.228587,0.99,10000,10,30,7.82054e-14,0.00104495,0.9999997203477159,0.9676743136190429
791063.0,385,0.01,0.594368,0.99,10000,10,27,0.00503264,6.34083e-06,0.9290588976685589,0.9974818995254359
685301.0,290,0.0207099,0.642837,0.986868,10000,10,29,0.00324712,1.33245e-05,0.94301649361438,0.9963497260376788
803341.0,500,0.01,0.589417,0.99,10000,10,30,0.00612766,3.31627e-06,0.9217206285155534,0.9981789371235457
863940.0,500,0.01,0.589417,0.99,10000,10,31,0.00641586,3.04173e-06,0.9199009363350606,0.9982559443816208
735930.0,240,0.127194,0.259987,0.989126,10000,10,15,9.3929e-14,0.000859636,0.9999996935216158,0.9706804502080949
1000000.0,500,0.01,0.594368,0.99,10000,10,10,0.0069913,2.84451e-06,0.9163860059559406,0.9983134324798574
918263.0,500,0.01,0.594368,0.99,10000,10,23,0.00668283,2.89764e-06,0.9182514220307166,0.9982977544242971
947118.0,500,0.01,0.594368,0.99,10000,10,24,0.00680002,2.85896e-06,0.9175377662199234,0.9983091540578751
767516.0,325,0.248346,0.152219,0.99,11938,10,33,3.81961e-17,0.0018066,0.9999999938197006,0.9574958825523926
748022.0,306,0.0974018,0.228587,0.99,10000,10,30,2.69833e-09,0.000290003,0.9999480545478411,0.9829705255512685
923525.0,500,0.01,0.423091,0.99,10000,10,20,0.00534579,4.58882e-06,0.9268850904397742,0.9978578468775552
697476.0,332,0.0366035,0.330129,0.99,10000,10,30,0.000666344,4.6619e-05,0.9741863601946568,0.9931721892234773
997211.0,491,0.01,0.423091,0.99,10000,10,10,0.00559752,4.22231e-06,0.9251834242964836,0.9979451739733008
898684.0,500,0.01,0.594368,0.99,10000,10,33,0.00660033,2.93093e-06,0.9187575849694263,0.9982880040887899
824305.0,500,0.01,0.594368,0.99,10000,10,10,0.00625366,3.16382e-06,0.9209199140111747,0.9982212869821132
748022.0,199,0.12803,0.311988,0.99,10000,10,28,5.93382e-13,0.000780507,0.9999992296870766,0.9720624446309274
748022.0,306,0.0974018,0.214177,0.99,10000,10,11,3.24194e-12,0.00063668,0.9999981994611917,0.974767481298927
776589.0,332,0.200509,0.156572,0.985822,10000,10,30,4.87817e-17,0.00169181,0.9999999930156103,0.9588683819914655
735930.0,218,0.0989843,0.346385,0.989126,10000,10,15,1.5465e-05,0.000160902,0.9960674435795529,0.9873152847883762
898684.0,472,0.01,0.594368,0.99,10000,10,24,0.00638572,3.13581e-06,0.9200892998403843,0.9982291781569
767348.0,334,0.200509,0.162845,0.99,10000,10,29,2.77149e-16,0.00123709,0.9999999833522073,0.9648277097703319
776589.0,334,0.200509,0.162845,0.99,10000,10,29,8.87585e-16,0.00116208,0.9999999702076352,0.9659107054927797
824305.0,476,0.01,0.545418,0.99,10000,10,10,0.00571423,3.9526e-06,0.924407473914414,0.9980118853151793
803341.0,500,0.01,0.545063,0.99,10000,10,16,0.00581519,3.7466e-06,0.9237426069157881,0.998064386402197
692938.0,324,0.0829597,0.268743,0.99,10000,10,31,0.000109786,0.000104603,0.9895221185347418,0.9897724391959764
778746.0,310,0.0377362,0.425118,0.989774,10000,10,24,0.00214744,2.61838e-05,0.9536595209347163,0.9948829891538126
756763.0,325,0.248346,0.152219,0.99,11938,10,36,3.14809e-17,0.00192495,0.9999999943892157,0.9561257478696218
748022.0,300,0.0974018,0.228587,0.99,10000,10,30,3.12454e-10,0.000373806,0.9999823236315947,0.9806659367953863
918263.0,338,0.01,0.597751,0.99,10000,10,23,0.0051289,5.48115e-06,0.9283836610821246,0.9976588144029146
1000000.0,196,0.0492246,0.311988,0.99,10000,10,28,2.13857e-05,0.000106879,0.9953755324630829,0.9896617699774091
818506.0,500,0.01,0.589417,0.99,10000,10,26,0.0062026,3.21452e-06,0.9212434129738979,0.998207091748025
748022.0,199,0.12803,0.328773,0.99,10000,10,28,1.84346e-10,0.000468293,0.9999864225922945,0.9783599214419171
894680.0,383,0.294767,0.1,0.99,10000,10,26,5.51658e-18,0.00372853,0.9999999976512599,0.9389383098825458
1000000.0,500,0.01,0.560888,0.99,10000,10,24,0.00679974,2.89241e-06,0.9175394639842791,0.9982992913241827
798688.0,500,0.01,0.527742,0.99,10000,10,22,0.00566132,4.04527e-06,0.9247582562668833,0.9979887143415218
735930.0,218,0.02258,0.649401,0.99,10000,10,12,0.00217143,2.42243e-05,0.9534013948706617,0.99507818123048
735930.0,290,0.0207099,0.60772,0.98903,10000,10,12,0.00329978,1.2327e-05,0.9425562884207506,0.9964890172316002
735930.0,267,0.02258,0.543391,0.99,10000,10,10,0.00225924,2.07998e-05,0.9524685367361786,0.9954393202261066
803341.0,500,0.01,0.545063,0.99,10000,10,16,0.00581519,3.7466e-06,0.9237426069157881,0.998064386402197
644870.0,300,0.391217,0.123382,0.967745,23628,10,21,2.28915e-19,0.00843961,0.9999999995215494,0.908132649978352
1000000.0,500,0.01,0.594368,0.99,10000,10,24,0.00699953,2.81803e-06,0.9163368061809735,0.9983213010990651
559133.0,388,0.325824,0.128133,0.99,11403,12,25,2.40354e-18,0.00539161,0.9999999984496646,0.9265724166269923
742491.0,284,0.230599,0.131742,0.982091,23678,10,36,2.3776e-18,0.00644139,0.9999999984580532,0.9197417293981487
622212.0,358,0.298261,0.123382,0.99,11938,12,22,1.4595400000000001e-18,0.00682323,0.9999999987918857,0.9173971550126753
622212.0,325,0.254131,0.137376,0.99,11938,10,22,3.1460800000000007e-18,0.00495771,0.9999999982262807,0.9295889923378453
639153.0,401,0.298261,0.123382,0.99,11938,12,22,3.27971e-18,0.00447026,0.9999999981890031,0.9331399970086749
603038.0,303,0.248346,0.128781,0.987326,11938,10,28,8.407100000000001e-19,0.00806998,0.9999999990830976,0.910166932591612
629628.0,356,0.280506,0.152219,0.980392,11212,10,36,1.24639e-17,0.00240847,0.999999996469575,0.9509238347056334
735930.0,267,0.02258,0.58752,0.99,10000,10,12,0.00267721,1.60471e-05,0.9482582373705727,0.9959941168264663
803495.0,401,0.294767,0.1,0.99,10000,10,26,4.271360000000001e-18,0.00410948,0.9999999979332731,0.9358947740039862
682288.0,290,0.0207099,0.622956,0.98562,10000,10,23,0.00305949,1.50534e-05,0.9446873432205611,0.9961201288681194
778746.0,310,0.0377362,0.387376,0.989774,11918,10,24,0.00170535,3.18749e-05,0.9587041164279053,0.9943542139608377
655001.0,353,0.254213,0.109201,0.99,10308,10,32,1.33051e-18,0.00739246,0.9999999988465227,0.9140205838586932
629577.0,340,0.305662,0.152219,0.99,10894,11,30,7.932810000000001e-18,0.00321966,0.9999999971834755,0.9432579520989945
734919.0,191,0.0500898,0.531956,0.972146,10000,10,29,0.000538065,7.12179e-05,0.9768037718583387,0.991560930146041
755412.0,205,0.03484,0.560265,0.987423,10000,10,25,0.00118944,3.47513e-05,0.9655117411283202,0.9941049766751946
686705.0,484,0.019148,0.423199,0.99,10000,10,15,0.00373941,9.50825e-06,0.9388492845503832,0.9969164549622228
797390.0,326,0.0366035,0.304663,0.986696,10000,10,32,0.000722455,4.04956e-05,0.9731214769751014,0.9936363846753594
631407.0,303,0.248346,0.128781,0.987326,11938,10,28,1.0481700000000001e-18,0.00760484,0.9999999989761983,0.9127942662435549
664370.0,477,0.019148,0.47583,0.99,10000,10,15,0.00411302,8.44924e-06,0.9358671690941371,0.9970932423561638
755412.0,204,0.03484,0.560265,0.987423,10000,10,25,0.00116616,3.52677e-05,0.9658509150927876,0.9940613385346527
664370.0,484,0.019148,0.503414,0.99,10000,10,16,0.00448136,7.65721e-06,0.9330570392050068,0.9972328335792728
1000000.0,214,0.0416255,0.311988,0.99,10000,10,31,0.000144686,7.17704e-05,0.9879714506277772,0.9915282587386063
806350.0,500,0.01,0.435165,0.99,10000,10,30,0.00488576,6.67223e-06,0.9301017882918311,0.9974169339923262
628079.0,330,0.323268,0.152219,0.99,11938,10,25,8.039920000000001e-18,0.00272221,0.9999999971645247,0.9478251976525066
997211.0,394,0.01,0.423091,0.99,10000,10,10,0.00461099,7.01501e-06,0.9320957291475713,0.99735141358457
628079.0,356,0.298261,0.152219,0.99,11804,10,25,1.734e-17,0.00198544,0.9999999958358674,0.9554417235521839
736596.0,268,0.0256298,0.560265,0.99,10000,10,31,0.00245832,1.74061e-05,0.9504185518565663,0.9958279381596146
735930.0,316,0.02258,0.58752,0.99,10000,10,12,0.00360119,1.14387e-05,0.9399900841527002,0.996617885276931
664370.0,484,0.019148,0.47583,0.99,10000,10,15,0.00418871,8.25184e-06,0.9352797558719067,0.9971273983917014
735930.0,234,0.02258,0.58752,0.99,10000,10,12,0.00202391,2.69667e-05,0.9550121127413167,0.9948070528598878
923525.0,500,0.01,0.423091,0.99,10000,10,20,0.00534579,4.58882e-06,0.9268850904397742,0.9978578468775552
628079.0,340,0.272783,0.152219,0.99,11804,11,25,6.8160500000000016e-18,0.00339308,0.9999999973892434,0.9417498497856014
628079.0,309,0.298261,0.152219,0.99,11938,10,25,5.2451e-18,0.00377548,0.9999999977097817,0.9385550653023376
918263.0,338,0.01,0.597751,0.99,10000,10,23,0.0051289,5.48115e-06,0.9283836610821246,0.9976588144029146
814691.0,500,0.01,0.557955,0.99,10000,10,24,0.00596822,3.51303e-06,0.9227457444537843,0.9981256921277443
664370.0,484,0.019148,0.405164,0.99,10000,10,16,0.00335534,1.14721e-05,0.9420747032808635,0.9966129511370516
776589.0,332,0.200509,0.162845,0.98353,10000,10,29,2.08978e-16,0.00135755,0.9999999855439287,0.9631550546207489
549644.0,354,0.260799,0.162003,0.99,11938,12,29,5.75605e-18,0.00362657,0.999999997600823,0.9397789903771118
686245.0,443,0.0415341,0.314849,0.99,10000,10,15,0.00179852,2.84919e-05,0.9575910386828443,0.9946622195624024
898684.0,500,0.01,0.594368,0.99,10000,10,33,0.00660033,2.93093e-06,0.9187575849694263,0.9982880040887899
628079.0,330,0.323268,0.152219,0.99,11938,10,25,8.039920000000001e-18,0.00272221,0.9999999971645247,0.9478251976525066
748022.0,306,0.0974018,0.214177,0.99,10000,10,11,3.24194e-12,0.00063668,0.9999981994611917,0.974767481298927
776589.0,332,0.200509,0.156572,0.99,10000,10,36,5.24873e-17,0.00159014,0.999999992755188,0.9601234404693685
866949.0,500,0.01,0.466399,0.99,10000,10,10,0.00547663,4.35759e-06,0.9259957433656685,0.9979125158683237
707561.0,240,0.15514,0.259987,0.989126,10000,10,15,2.22176e-14,0.000919164,0.9999998509443057,0.9696822824078065
791063.0,385,0.01,0.594368,0.99,10000,10,27,0.00503264,6.34083e-06,0.9290588976685589,0.9974818995254359
685301.0,290,0.0207099,0.642837,0.986868,10000,10,29,0.00324712,1.33245e-05,0.94301649361438,0.9963497260376788
776589.0,334,0.200509,0.162845,0.99,10000,10,29,8.87585e-16,0.00116208,0.9999999702076352,0.9659107054927797
803341.0,500,0.01,0.589417,0.99,10000,10,30,0.00612766,3.31627e-06,0.9217206285155534,0.9981789371235457
748022.0,199,0.12803,0.328773,0.99,10000,10,28,1.84346e-10,0.000468293,0.9999864225922945,0.9783599214419171
863940.0,500,0.01,0.589417,0.99,10000,10,31,0.00641586,3.04173e-06,0.9199009363350606,0.9982559443816208
735930.0,267,0.02258,0.543391,0.99,10000,10,28,0.00228652,2.03559e-05,0.9521824300073707,0.9954882486770656
979199.0,500,0.01,0.594368,0.99,10000,10,24,0.00692343,2.83028e-06,0.9167928488650164,0.9983176563965706
767516.0,325,0.248346,0.152219,0.99,11938,10,33,3.81961e-17,0.0018066,0.9999999938197006,0.9574958825523926
697476.0,332,0.0366035,0.330129,0.99,10000,10,30,0.000666344,4.6619e-05,0.9741863601946568,0.9931721892234773
748022.0,199,0.12803,0.311988,0.99,10000,10,28,5.93382e-13,0.000780507,0.9999992296870766,0.9720624446309274
997211.0,491,0.01,0.423091,0.99,10000,10,10,0.00559752,4.22231e-06,0.9251834242964836,0.9979451739733008
824305.0,500,0.01,0.594368,0.99,10000,10,10,0.00625366,3.16382e-06,0.9209199140111747,0.9982212869821132
918263.0,500,0.01,0.594368,0.99,10000,10,23,0.00668283,2.89764e-06,0.9182514220307166,0.9982977544242971
834604.0,330,0.323268,0.1,0.99,11938,10,20,1.28863e-18,0.00750229,0.9999999988648216,0.9133842393094651
898684.0,472,0.01,0.594368,0.99,10000,10,24,0.00638572,3.13581e-06,0.9200892998403843,0.9982291781569
824305.0,476,0.01,0.545418,0.99,10000,10,10,0.00571423,3.9526e-06,0.924407473914414,0.9980118853151793
803341.0,500,0.01,0.545063,0.99,10000,10,16,0.00581519,3.7466e-06,0.9237426069157881,0.998064386402197
748022.0,306,0.0974018,0.228587,0.99,10000,10,30,2.69833e-09,0.000290003,0.9999480545478411,0.9829705255512685
778746.0,310,0.0377362,0.425118,0.989774,10000,10,24,0.00214744,2.61838e-05,0.9536595209347163,0.9948829891538126
756763.0,325,0.248346,0.152219,0.99,11938,10,36,3.14809e-17,0.00192495,0.9999999943892157,0.9561257478696218
748022.0,300,0.0974018,0.228587,0.99,10000,10,30,3.12454e-10,0.000373806,0.9999823236315947,0.9806659367953863
947118.0,500,0.01,0.594368,0.99,10000,10,24,0.00680002,2.85896e-06,0.9175377662199234,0.9983091540578751
1000000.0,196,0.0492246,0.311988,0.99,10000,10,28,2.13857e-05,0.000106879,0.9953755324630829,0.9896617699774091
818506.0,500,0.01,0.589417,0.99,10000,10,26,0.0062026,3.21452e-06,0.9212434129738979,0.998207091748025
767348.0,334,0.200509,0.162845,0.99,10000,10,29,2.77149e-16,0.00123709,0.9999999833522073,0.9648277097703319
692938.0,324,0.0829597,0.268743,0.99,10000,10,31,0.000109786,0.000104603,0.9895221185347418,0.9897724391959764
894680.0,383,0.294767,0.1,0.99,10000,10,26,5.51658e-18,0.00372853,0.9999999976512599,0.9389383098825458
1000000.0,214,0.0394229,0.272338,0.986885,10000,10,31,7.95324e-06,0.000199603,0.9971798510677625,0.9858719074181969
776589.0,332,0.200509,0.156572,0.985822,10000,10,30,4.87817e-17,0.00169181,0.9999999930156103,0.9588683819914655
735930.0,267,0.02258,0.543391,0.99,10000,10,10,0.00225924,2.07998e-05,0.9524685367361786,0.9954393202261066
942495.0,500,0.01,0.594368,0.99,10000,10,24,0.00678165,2.8637e-06,0.9176492258688481,0.9983077529731154
798688.0,500,0.01,0.527742,0.99,10000,10,22,0.00566132,4.04527e-06,0.9247582562668833,0.9979887143415218
1000000.0,500,0.01,0.594368,0.99,10000,10,24,0.00699953,2.81803e-06,0.9163368061809735,0.9983213010990651
644870.0,300,0.391217,0.123382,0.967745,23628,10,21,2.28915e-19,0.00843961,0.9999999995215494,0.908132649978352
622212.0,358,0.298261,0.123382,0.99,11938,12,22,1.4595400000000001e-18,0.00682323,0.9999999987918857,0.9173971550126753
644870.0,300,0.391217,0.123382,0.99,15714,10,21,5.54848e-19,0.00727454,0.9999999992551188,0.9147090860642237
640170.0,358,0.304969,0.123382,0.99,11938,11,24,2.0163300000000002e-18,0.0055987,0.9999999985800246,0.9251755387590395
778746.0,338,0.0377362,0.314015,0.989774,10000,10,24,0.00093256,3.42237e-05,0.9694621546274136,0.9941498974367965
778746.0,310,0.0377362,0.387376,0.989774,11918,10,24,0.00170535,3.18749e-05,0.9587041164279053,0.9943542139608377
639153.0,401,0.298261,0.123382,0.99,11938,12,22,3.27971e-18,0.00447026,0.9999999981890031,0.9331399970086749
622212.0,325,0.254131,0.137376,0.99,11938,10,22,3.1460800000000007e-18,0.00495771,0.9999999982262807,0.9295889923378453
735930.0,267,0.02258,0.58752,0.99,10000,10,12,0.00267721,1.60471e-05,0.9482582373705727,0.9959941168264663
682288.0,290,0.0207099,0.622956,0.98562,10000,10,23,0.00305949,1.50534e-05,0.9446873432205611,0.9961201288681194
629577.0,340,0.305662,0.152219,0.99,10894,11,30,7.932810000000001e-18,0.00321966,0.9999999971834755,0.9432579520989945
734919.0,191,0.0500898,0.531956,0.972146,10000,10,29,0.000538065,7.12179e-05,0.9768037718583387,0.991560930146041
686705.0,484,0.019148,0.423199,0.99,10000,10,15,0.00373941,9.50825e-06,0.9388492845503832,0.9969164549622228
1000000.0,214,0.0416255,0.311988,0.99,10000,10,31,0.000144686,7.17704e-05,0.9879714506277772,0.9915282587386063
664370.0,477,0.019148,0.47583,0.99,10000,10,15,0.00411302,8.44924e-06,0.9358671690941371,0.9970932423561638
806350.0,500,0.01,0.435165,0.99,10000,10,30,0.00488576,6.67223e-06,0.9301017882918311,0.9974169339923262
515491.0,330,0.323268,0.176502,0.99,11938,10,25,9.76742e-18,0.00236829,0.9999999968747129,0.9513349201171929
628079.0,330,0.323268,0.152219,0.99,11938,10,25,8.039920000000001e-18,0.00272221,0.9999999971645247,0.9478251976525066
997211.0,394,0.01,0.423091,0.99,10000,10,10,0.00461099,7.01501e-06,0.9320957291475713,0.99735141358457
736596.0,268,0.0256298,0.560265,0.99,10000,10,31,0.00245832,1.74061e-05,0.9504185518565663,0.9958279381596146
735930.0,316,0.02258,0.58752,0.99,10000,10,12,0.00360119,1.14387e-05,0.9399900841527002,0.996617885276931
559133.0,388,0.342573,0.128133,0.99,11403,12,25,2.7381700000000002e-18,0.00530635,0.9999999983452583,0.9271553021833435
664370.0,484,0.019148,0.405164,0.99,10000,10,16,0.00335534,1.14721e-05,0.9420747032808635,0.9966129511370516
923525.0,500,0.01,0.423091,0.99,10000,10,20,0.00534579,4.58882e-06,0.9268850904397742,0.9978578468775552
628079.0,340,0.272783,0.152219,0.99,11804,11,25,6.8160500000000016e-18,0.00339308,0.9999999973892434,0.9417498497856014
686245.0,443,0.0415341,0.314849,0.99,10000,10,15,0.00179852,2.84919e-05,0.9575910386828443,0.9946622195624024
639153.0,473,0.298261,0.123382,0.99,11938,12,22,1.64292e-17,0.00221393,0.9999999959467051,0.9529475824213038
707561.0,240,0.15514,0.259987,0.989126,10000,10,15,2.22176e-14,0.000919164,0.9999998509443057,0.9696822824078065
628079.0,309,0.298261,0.152219,0.99,11938,10,25,5.2451e-18,0.00377548,0.9999999977097817,0.9385550653023376
814691.0,500,0.01,0.557955,0.99,10000,10,24,0.00596822,3.51303e-06,0.9227457444537843,0.9981256921277443
803495.0,401,0.294767,0.1,0.99,10000,10,26,4.271360000000001e-18,0.00410948,0.9999999979332731,0.9358947740039862
685301.0,290,0.0207099,0.642837,0.986868,10000,10,29,0.00324712,1.33245e-05,0.94301649361438,0.9963497260376788
628079.0,330,0.323268,0.152219,0.99,11938,10,25,8.039920000000001e-18,0.00272221,0.9999999971645247,0.9478251976525066
664370.0,500,0.019148,0.47583,0.99,10000,10,11,0.00434746,7.89428e-06,0.9340647287106514,0.9971903238620795
776589.0,332,0.200509,0.162845,0.98353,10000,10,29,2.08978e-16,0.00135755,0.9999999855439287,0.9631550546207489
549644.0,354,0.260799,0.162003,0.99,11938,12,29,5.75605e-18,0.00362657,0.999999997600823,0.9397789903771118
735930.0,234,0.02258,0.58752,0.99,10000,10,12,0.00202391,2.69667e-05,0.9550121127413167,0.9948070528598878
776589.0,332,0.200509,0.156572,0.99,10000,10,36,5.24873e-17,0.00159014,0.999999992755188,0.9601234404693685
803495.0,401,0.294767,0.1,0.99,10000,10,26,4.271360000000001e-18,0.00410948,0.9999999979332731,0.9358947740039862
797390.0,326,0.0366035,0.304663,0.986696,10000,10,32,0.000722455,4.04956e-05,0.9731214769751014,0.9936363846753594
918263.0,338,0.01,0.597751,0.99,10000,10,23,0.0051289,5.48115e-06,0.9283836610821246,0.9976588144029146
898684.0,500,0.01,0.594368,0.99,10000,10,33,0.00660033,2.93093e-06,0.9187575849694263,0.9982880040887899
664370.0,484,0.019148,0.503414,0.99,10000,10,16,0.00448136,7.65721e-06,0.9330570392050068,0.9972328335792728
776589.0,334,0.200509,0.162845,0.99,10000,10,29,8.87585e-16,0.00116208,0.9999999702076352,0.9659107054927797
748022.0,306,0.0974018,0.214177,0.99,10000,10,11,3.24194e-12,0.00063668,0.9999981994611917,0.974767481298927
803341.0,500,0.01,0.545063,0.99,10000,10,16,0.00581519,3.7466e-06,0.9237426069157881,0.998064386402197
559133.0,388,0.325824,0.128133,0.99,11403,12,25,2.40354e-18,0.00539161,0.9999999984496646,0.9265724166269923
580240.0,308,0.0268972,0.560265,0.987423,10000,10,25,0.00207351,2.55507e-05,0.9544641899160672,0.9949452299755578
628079.0,356,0.298261,0.152219,0.99,11804,10,25,1.734e-17,0.00198544,0.9999999958358674,0.9554417235521839
664370.0,484,0.019148,0.47583,0.99,10000,10,15,0.00418871,8.25184e-06,0.9352797558719067,0.9971273983917014
803341.0,500,0.01,0.589417,0.99,10000,10,30,0.00612766,3.31627e-06,0.9217206285155534,0.9981789371235457
748022.0,199,0.12803,0.311988,0.99,10000,10,28,5.93382e-13,0.000780507,0.9999992296870766,0.9720624446309274
748022.0,199,0.12803,0.328773,0.99,10000,10,28,1.84346e-10,0.000468293,0.9999864225922945,0.9783599214419171
735930.0,267,0.02258,0.543391,0.99,10000,10,10,0.00225924,2.07998e-05,0.9524685367361786,0.9954393202261066
863940.0,500,0.01,0.589417,0.99,10000,10,31,0.00641586,3.04173e-06,0.9199009363350606,0.9982559443816208
697476.0,332,0.0366035,0.330129,0.99,10000,10,30,0.000666344,4.6619e-05,0.9741863601946568,0.9931721892234773
735930.0,267,0.02258,0.543391,0.99,10000,10,28,0.00228652,2.03559e-05,0.9521824300073707,0.9954882486770656
979199.0,500,0.01,0.594368,0.99,10000,10,24,0.00692343,2.83028e-06,0.9167928488650164,0.9983176563965706
767516.0,325,0.248346,0.152219,0.99,11938,10,33,3.81961e-17,0.0018066,0.9999999938197006,0.9574958825523926
791063.0,385,0.01,0.594368,0.99,10000,10,27,0.00503264,6.34083e-06,0.9290588976685589,0.9974818995254359
997211.0,491,0.01,0.423091,0.99,10000,10,10,0.00559752,4.22231e-06,0.9251834242964836,0.9979451739733008
824305.0,500,0.01,0.594368,0.99,10000,10,10,0.00625366,3.16382e-06,0.9209199140111747,0.9982212869821132
918263.0,500,0.01,0.594368,0.99,10000,10,23,0.00668283,2.89764e-06,0.9182514220307166,0.9982977544242971
1000000.0,196,0.0492246,0.311988,0.99,10000,10,28,2.13857e-05,0.000106879,0.9953755324630829,0.9896617699774091
776589.0,332,0.200509,0.156572,0.985822,10000,10,30,4.87817e-17,0.00169181,0.9999999930156103,0.9588683819914655
1000000.0,214,0.0394229,0.272338,0.986885,10000,10,31,7.95324e-06,0.000199603,0.9971798510677625,0.9858719074181969
898684.0,472,0.01,0.594368,0.99,10000,10,24,0.00638572,3.13581e-06,0.9200892998403843,0.9982291781569
767348.0,334,0.200509,0.162845,0.99,10000,10,29,2.77149e-16,0.00123709,0.9999999833522073,0.9648277097703319
824305.0,476,0.01,0.545418,0.99,10000,10,10,0.00571423,3.9526e-06,0.924407473914414,0.9980118853151793
748022.0,306,0.0974018,0.228587,0.99,10000,10,30,2.69833e-09,0.000290003,0.9999480545478411,0.9829705255512685
692938.0,324,0.0829597,0.268743,0.99,10000,10,31,0.000109786,0.000104603,0.9895221185347418,0.9897724391959764
756763.0,325,0.248346,0.152219,0.99,11938,10,36,3.14809e-17,0.00192495,0.9999999943892157,0.9561257478696218
748022.0,300,0.0974018,0.228587,0.99,10000,10,30,3.12454e-10,0.000373806,0.9999823236315947,0.9806659367953863
947118.0,500,0.01,0.594368,0.99,10000,10,24,0.00680002,2.85896e-06,0.9175377662199234,0.9983091540578751
866949.0,500,0.01,0.466399,0.988872,10000,10,10,0.00547306,4.42885e-06,0.9260198675318839,0.9978955166904915
818506.0,500,0.01,0.589417,0.99,10000,10,26,0.0062026,3.21452e-06,0.9212434129738979,0.998207091748025
866949.0,500,0.01,0.466399,0.99,10000,10,10,0.00547663,4.35759e-06,0.9259957433656685,0.9979125158683237
894680.0,383,0.294767,0.1,0.99,10000,10,26,5.51658e-18,0.00372853,0.9999999976512599,0.9389383098825458
942495.0,500,0.01,0.594368,0.99,10000,10,24,0.00678165,2.8637e-06,0.9176492258688481,0.9983077529731154
1000000.0,500,0.01,0.594368,0.99,10000,10,24,0.00699953,2.81803e-06,0.9163368061809735,0.9983213010990651
644870.0,300,0.391217,0.123382,0.967745,23628,10,21,2.28915e-19,0.00843961,0.9999999995215494,0.908132649978352
1000000.0,500,0.01,0.594368,0.99,10000,10,24,0.00699953,2.81803e-06,0.9163368061809735,0.9983213010990651
622212.0,358,0.298261,0.123382,0.99,11938,12,22,1.4595400000000001e-18,0.00682323,0.9999999987918857,0.9173971550126753
644870.0,300,0.391217,0.123382,0.99,15714,10,21,5.54848e-19,0.00727454,0.9999999992551188,0.9147090860642237
559133.0,388,0.354712,0.128235,0.99,11403,10,25,3.4134400000000008e-18,0.00360845,0.9999999981524502,0.9399296246058009
640170.0,358,0.304969,0.123382,0.99,11938,11,24,2.0163300000000002e-18,0.0055987,0.9999999985800246,0.9251755387590395
639153.0,401,0.298261,0.123382,0.99,11938,12,22,3.27971e-18,0.00447026,0.9999999981890031,0.9331399970086749
778746.0,310,0.0377362,0.387376,0.989774,11918,10,24,0.00170535,3.18749e-05,0.9587041164279053,0.9943542139608377
778746.0,338,0.0377362,0.314015,0.989774,10000,10,24,0.00093256,3.42237e-05,0.9694621546274136,0.9941498974367965
639153.0,401,0.298261,0.123382,0.99,11938,10,22,5.88039e-18,0.00293003,0.9999999975750484,0.9458702484764616
735930.0,267,0.02258,0.58752,0.99,10000,10,12,0.00267721,1.60471e-05,0.9482582373705727,0.9959941168264663
734919.0,191,0.0500898,0.531956,0.972146,10000,10,29,0.000538065,7.12179e-05,0.9768037718583387,0.991560930146041
682288.0,290,0.0207099,0.622956,0.98562,10000,10,23,0.00305949,1.50534e-05,0.9446873432205611,0.9961201288681194
1000000.0,214,0.0416255,0.311988,0.99,10000,10,31,0.000144686,7.17704e-05,0.9879714506277772,0.9915282587386063
806350.0,500,0.01,0.435165,0.99,10000,10,30,0.00488576,6.67223e-06,0.9301017882918311,0.9974169339923262
664370.0,484,0.019148,0.405164,0.99,10000,10,16,0.00335534,1.14721e-05,0.9420747032808635,0.9966129511370516
622212.0,326,0.254131,0.137376,0.99,11938,10,22,3.2004400000000004e-18,0.00490581,0.9999999982110226,0.9299585122944979
686705.0,484,0.019148,0.423199,0.99,10000,10,15,0.00373941,9.50825e-06,0.9388492845503832,0.9969164549622228
735930.0,316,0.02258,0.58752,0.99,10000,10,12,0.00360119,1.14387e-05,0.9399900841527002,0.996617885276931
735930.0,335,0.0194082,0.599282,0.99,10000,10,12,0.0039939,9.27302e-06,0.9368026899306624,0.9969548366217886
559133.0,388,0.342573,0.128133,0.99,11403,12,25,2.7381700000000002e-18,0.00530635,0.9999999983452583,0.9271553021833435
736905.0,244,0.0256298,0.560265,0.99,10000,10,30,0.00196646,2.28483e-05,0.9556552145117376,0.9952200104602625
923525.0,500,0.01,0.423091,0.99,10000,10,20,0.00534579,4.58882e-06,0.9268850904397742,0.9978578468775552
997211.0,394,0.01,0.423091,0.99,10000,10,10,0.00461099,7.01501e-06,0.9320957291475713,0.99735141358457
622212.0,325,0.254131,0.137376,0.99,11938,10,22,3.1460800000000007e-18,0.00495771,0.9999999982262807,0.9295889923378453
707561.0,240,0.15514,0.259987,0.989126,10000,10,15,2.22176e-14,0.000919164,0.9999998509443057,0.9696822824078065
639153.0,473,0.298261,0.123382,0.99,11938,12,22,1.64292e-17,0.00221393,0.9999999959467051,0.9529475824213038
515491.0,330,0.323268,0.176502,0.99,11938,10,25,9.76742e-18,0.00236829,0.9999999968747129,0.9513349201171929
736275.0,319,0.02258,0.541078,0.99,10000,10,10,0.00318385,1.2711e-05,0.9435743852492505,0.996434751060585
735930.0,267,0.02258,0.53159,0.99,10000,10,10,0.0021508,2.2729e-05,0.9536232817029924,0.995232505899322
628079.0,330,0.323268,0.152219,0.99,11938,10,25,8.039920000000001e-18,0.00272221,0.9999999971645247,0.9478251976525066
664370.0,500,0.019148,0.47583,0.99,10000,10,11,0.00434746,7.89428e-06,0.9340647287106514,0.9971903238620795
776589.0,332,0.200509,0.162845,0.98353,10000,10,29,2.08978e-16,0.00135755,0.9999999855439287,0.9631550546207489
776589.0,332,0.200509,0.156572,0.99,10000,10,36,5.24873e-17,0.00159014,0.999999992755188,0.9601234404693685
797390.0,326,0.0366035,0.304663,0.986696,10000,10,32,0.000722455,4.04956e-05,0.9731214769751014,0.9936363846753594
686245.0,443,0.0415341,0.314849,0.99,10000,10,15,0.00179852,2.84919e-05,0.9575910386828443,0.9946622195624024
898684.0,500,0.01,0.594368,0.99,10000,10,33,0.00660033,2.93093e-06,0.9187575849694263,0.9982880040887899
776589.0,334,0.200509,0.162845,0.99,10000,10,29,8.87585e-16,0.00116208,0.9999999702076352,0.9659107054927797
814691.0,500,0.01,0.557955,0.99,10000,10,24,0.00596822,3.51303e-06,0.9227457444537843,0.9981256921277443
791063.0,385,0.01,0.594368,0.99,10000,10,27,0.00503264,6.34083e-06,0.9290588976685589,0.9974818995254359
559133.0,388,0.325824,0.128133,0.99,11403,12,25,2.40354e-18,0.00539161,0.9999999984496646,0.9265724166269923
628079.0,356,0.298261,0.152219,0.99,11804,10,25,1.734e-17,0.00198544,0.9999999958358674,0.9554417235521839
664370.0,484,0.019148,0.47583,0.99,10000,10,15,0.00418871,8.25184e-06,0.9352797558719067,0.9971273983917014
803341.0,500,0.01,0.589417,0.99,10000,10,30,0.00612766,3.31627e-06,0.9217206285155534,0.9981789371235457
748022.0,199,0.12803,0.311988,0.99,10000,10,28,5.93382e-13,0.000780507,0.9999992296870766,0.9720624446309274
736596.0,268,0.0256298,0.560265,0.99,10000,10,31,0.00245832,1.74061e-05,0.9504185518565663,0.9958279381596146
824305.0,476,0.01,0.545418,0.99,10000,10,10,0.00571423,3.9526e-06,0.924407473914414,0.9980118853151793
918263.0,338,0.01,0.597751,0.99,10000,10,23,0.0051289,5.48115e-06,0.9283836610821246,0.9976588144029146
863940.0,500,0.01,0.589417,0.99,10000,10,31,0.00641586,3.04173e-06,0.9199009363350606,0.9982559443816208
778746.0,338,0.0377362,0.314015,0.989774,10000,10,24,0.00093256,3.42237e-05,0.9694621546274136,0.9941498974367965
697476.0,332,0.0366035,0.330129,0.99,10000,10,30,0.000666344,4.6619e-05,0.9741863601946568,0.9931721892234773
735930.0,267,0.02258,0.543391,0.99,10000,10,28,0.00228652,2.03559e-05,0.9521824300073707,0.9954882486770656
979199.0,500,0.01,0.594368,0.99,10000,10,24,0.00692343,2.83028e-06,0.9167928488650164,0.9983176563965706
748022.0,306,0.0974018,0.214177,0.99,10000,10,11,3.24194e-12,0.00063668,0.9999981994611917,0.974767481298927
664370.0,484,0.019148,0.503414,0.99,10000,10,16,0.00448136,7.65721e-06,0.9330570392050068,0.9972328335792728
767516.0,325,0.248346,0.152219,0.99,11938,10,33,3.81961e-17,0.0018066,0.9999999938197006,0.9574958825523926
824305.0,500,0.01,0.594368,0.99,10000,10,10,0.00625366,3.16382e-06,0.9209199140111747,0.9982212869821132
918263.0,500,0.01,0.594368,0.99,10000,10,23,0.00668283,2.89764e-06,0.9182514220307166,0.9982977544242971
1000000.0,196,0.0492246,0.311988,0.99,10000,10,28,2.13857e-05,0.000106879,0.9953755324630829,0.9896617699774091
776589.0,332,0.200509,0.156572,0.985822,10000,10,30,4.87817e-17,0.00169181,0.9999999930156103,0.9588683819914655
997211.0,491,0.01,0.423091,0.99,10000,10,10,0.00559752,4.22231e-06,0.9251834242964836,0.9979451739733008
736596.0,268,0.0256298,0.560265,0.99,10000,10,30,0.00245832,1.74066e-05,0.9504185518565663,0.995827878237635
1000000.0,214,0.0394229,0.272338,0.986885,10000,10,31,7.95324e-06,0.000199603,0.9971798510677625,0.9858719074181969
628079.0,330,0.323268,0.152219,0.99,11938,10,25,8.039920000000001e-18,0.00272221,0.9999999971645247,0.9478251976525066
898684.0,472,0.01,0.594368,0.99,10000,10,24,0.00638572,3.13581e-06,0.9200892998403843,0.9982291781569
767348.0,334,0.200509,0.162845,0.99,10000,10,29,2.77149e-16,0.00123709,0.9999999833522073,0.9648277097703319
803341.0,500,0.01,0.545063,0.99,10000,10,16,0.00581519,3.7466e-06,0.9237426069157881,0.998064386402197
864258.0,497,0.01,0.5158,0.99,10000,10,30,0.00587019,3.67478e-06,0.9233828348214318,0.9980830284300491
748022.0,306,0.0974018,0.228587,0.99,10000,10,30,2.69833e-09,0.000290003,0.9999480545478411,0.9829705255512685
692938.0,324,0.0829597,0.268743,0.99,10000,10,31,0.000109786,0.000104603,0.9895221185347418,0.9897724391959764
756763.0,325,0.248346,0.152219,0.99,11938,10,36,3.14809e-17,0.00192495,0.9999999943892157,0.9561257478696218
748022.0,300,0.0974018,0.228587,0.99,10000,10,30,3.12454e-10,0.000373806,0.9999823236315947,0.9806659367953863
947118.0,500,0.01,0.594368,0.99,10000,10,24,0.00680002,2.85896e-06,0.9175377662199234,0.9983091540578751
748022.0,199,0.12803,0.328773,0.99,10000,10,28,1.84346e-10,0.000468293,0.9999864225922945,0.9783599214419171
640762.0,275,0.15514,0.259987,0.989126,10000,10,13,1.8162e-11,0.000543728,0.9999957383101943,0.9766820241015649
735930.0,267,0.02258,0.543391,0.99,10000,10,10,0.00225924,2.07998e-05,0.9524685367361786,0.9954393202261066
866949.0,500,0.01,0.466399,0.988872,10000,10,10,0.00547306,4.42885e-06,0.9260198675318839,0.9978955166904915
664370.0,500,0.019148,0.492866,0.99,10000,10,27,0.00454193,7.5316e-06,0.9326061575513015,0.9972556239324757
629577.0,365,0.305662,0.152219,0.99,10227,11,30,1.11159e-17,0.00235849,0.9999999966659484,0.9514357127098523
1000000.0,500,0.01,0.594368,0.99,10000,10,24,0.00699953,2.81803e-06,0.9163368061809735,0.9983213010990651
660972.0,264,0.391217,0.130336,0.971726,23628,10,21,1.2718500000000001e-19,0.00973118,0.9999999996433699,0.9013532565159903
1000000.0,500,0.01,0.594368,0.99,10000,10,24,0.00699953,2.81803e-06,0.9163368061809735,0.9983213010990651
622212.0,358,0.298261,0.123382,0.99,11938,12,22,1.4595400000000001e-18,0.00682323,0.9999999987918857,0.9173971550126753
644870.0,300,0.391217,0.123382,0.967745,23628,10,21,2.28915e-19,0.00843961,0.9999999995215494,0.908132649978352
640170.0,373,0.304969,0.123382,0.99,16069,11,24,1.8724400000000006e-18,0.00463371,0.9999999986316287,0.9319286403837855
644870.0,300,0.391217,0.123382,0.99,15714,10,21,5.54848e-19,0.00727454,0.9999999992551188,0.9147090860642237
559133.0,388,0.354712,0.128235,0.99,11403,10,25,3.4134400000000008e-18,0.00360845,0.9999999981524502,0.9399296246058009
767140.0,310,0.0377362,0.387376,0.989976,10000,10,24,0.00151246,2.88841e-05,0.9611096412976172,0.9946256070110198
639153.0,401,0.298261,0.123382,0.99,11938,10,22,5.88039e-18,0.00293003,0.9999999975750484,0.9458702484764616
639153.0,401,0.298261,0.123382,0.99,11938,12,22,3.27971e-18,0.00447026,0.9999999981890031,0.9331399970086749
735930.0,267,0.02258,0.58752,0.99,10000,10,12,0.00267721,1.60471e-05,0.9482582373705727,0.9959941168264663
778746.0,338,0.0377362,0.314015,0.989774,10000,10,24,0.00093256,3.42237e-05,0.9694621546274136,0.9941498974367965
734919.0,191,0.0500898,0.531956,0.972146,10000,10,29,0.000538065,7.12179e-05,0.9768037718583387,0.991560930146041
682288.0,290,0.0207099,0.622956,0.98562,10000,10,23,0.00305949,1.50534e-05,0.9446873432205611,0.9961201288681194
664370.0,484,0.019148,0.47583,0.99,10000,10,15,0.00418871,8.25184e-06,0.9352797558719067,0.9971273983917014
1000000.0,214,0.0416255,0.311988,0.99,10000,10,31,0.000144686,7.17704e-05,0.9879714506277772,0.9915282587386063
687971.0,484,0.019148,0.432794,0.99,10000,10,18,0.00387012,9.06554e-06,0.937789711461849,0.9969890964811207
806350.0,500,0.01,0.435165,0.99,10000,10,30,0.00488576,6.67223e-06,0.9301017882918311,0.9974169339923262
664370.0,484,0.019148,0.405164,0.99,10000,10,16,0.00335534,1.14721e-05,0.9420747032808635,0.9966129511370516
639991.0,401,0.325814,0.123382,0.99,16438,10,22,7.671080000000001e-18,0.00256202,0.9999999972303285,0.9493835994958156
735930.0,316,0.02258,0.58752,0.99,10000,10,12,0.00360119,1.14387e-05,0.9399900841527002,0.996617885276931
736905.0,244,0.0256298,0.560265,0.99,10000,10,30,0.00196646,2.28483e-05,0.9556552145117376,0.9952200104602625
997211.0,394,0.01,0.423091,0.99,10000,10,10,0.00461099,7.01501e-06,0.9320957291475713,0.99735141358457
736275.0,319,0.02258,0.541078,0.99,10000,10,10,0.00318385,1.2711e-05,0.9435743852492505,0.996434751060585
735930.0,267,0.02258,0.53159,0.99,10000,10,10,0.0021508,2.2729e-05,0.9536232817029924,0.995232505899322
664370.0,500,0.019148,0.47583,0.99,10000,10,11,0.00434746,7.89428e-06,0.9340647287106514,0.9971903238620795
686245.0,443,0.0415341,0.314849,0.99,10000,10,15,0.00179852,2.84919e-05,0.9575910386828443,0.9946622195624024
686705.0,484,0.019148,0.423199,0.99,10000,10,15,0.00373941,9.50825e-06,0.9388492845503832,0.9969164549622228
639153.0,473,0.298261,0.123382,0.99,11938,12,22,1.64292e-17,0.00221393,0.9999999959467051,0.9529475824213038
898684.0,500,0.01,0.594368,0.99,10000,10,33,0.00660033,2.93093e-06,0.9187575849694263,0.9982880040887899
824305.0,500,0.01,0.594368,0.99,10000,10,10,0.00625366,3.16382e-06,0.9209199140111747,0.9982212869821132
814691.0,500,0.01,0.557955,0.99,10000,10,24,0.00596822,3.51303e-06,0.9227457444537843,0.9981256921277443
776589.0,332,0.200509,0.162845,0.98353,10000,10,29,2.08978e-16,0.00135755,0.9999999855439287,0.9631550546207489
791063.0,385,0.01,0.594368,0.99,10000,10,27,0.00503264,6.34083e-06,0.9290588976685589,0.9974818995254359
707561.0,240,0.15514,0.259987,0.989126,10000,10,15,2.22176e-14,0.000919164,0.9999998509443057,0.9696822824078065
947118.0,500,0.01,0.594368,0.99,10000,10,24,0.00680002,2.85896e-06,0.9175377662199234,0.9983091540578751
776589.0,332,0.200509,0.156572,0.99,10000,10,36,5.24873e-17,0.00159014,0.999999992755188,0.9601234404693685
776589.0,334,0.200509,0.162845,0.99,10000,10,29,8.87585e-16,0.00116208,0.9999999702076352,0.9659107054927797
736596.0,268,0.0256298,0.560265,0.99,10000,10,31,0.00245832,1.74061e-05,0.9504185518565663,0.9958279381596146
824305.0,476,0.01,0.545418,0.99,10000,10,10,0.00571423,3.9526e-06,0.924407473914414,0.9980118853151793
918263.0,340,0.01,0.597751,0.99,10000,10,23,0.00515245,5.44888e-06,0.9282194315987955,0.9976657163839842
748022.0,306,0.121862,0.214177,0.99,10000,10,11,2.77931e-12,0.000540702,0.9999983328737301,0.9767470001935235
863940.0,500,0.01,0.589417,0.99,10000,10,31,0.00641586,3.04173e-06,0.9199009363350606,0.9982559443816208
797390.0,326,0.0366035,0.304663,0.99,10000,10,32,0.000732462,3.81181e-05,0.9729359648241435,0.9938260142533368
866949.0,500,0.01,0.466399,0.988872,10000,10,10,0.00547306,4.42885e-06,0.9260198675318839,0.9978955166904915
628079.0,356,0.298261,0.152219,0.99,11804,10,25,1.734e-17,0.00198544,0.9999999958358674,0.9554417235521839
697476.0,332,0.0366035,0.330129,0.99,10000,10,30,0.000666344,4.6619e-05,0.9741863601946568,0.9931721892234773
748022.0,199,0.12803,0.311988,0.99,10000,10,28,5.93382e-13,0.000780507,0.9999992296870766,0.9720624446309274
778746.0,338,0.0377362,0.314015,0.989774,10000,10,24,0.00093256,3.42237e-05,0.9694621546274136,0.9941498974367965
918263.0,500,0.01,0.594368,0.99,10000,10,23,0.00668283,2.89764e-06,0.9182514220307166,0.9982977544242971
979199.0,500,0.01,0.594368,0.99,10000,10,24,0.00692343,2.83028e-06,0.9167928488650164,0.9983176563965706
664370.0,484,0.019148,0.503414,0.99,10000,10,16,0.00448136,7.65721e-06,0.9330570392050068,0.9972328335792728
923525.0,500,0.01,0.423091,0.99,10000,10,20,0.00534579,4.58882e-06,0.9268850904397742,0.9978578468775552
735930.0,267,0.02258,0.549782,0.99,10000,10,28,0.00234544,1.95022e-05,0.9515702570727451,0.9955838704729141
1000000.0,196,0.0492246,0.311988,0.99,10000,10,28,2.13857e-05,0.000106879,0.9953755324630829,0.9896617699774091
686245.0,443,0.0415341,0.314849,0.99,10000,10,15,0.00179852,2.84919e-05,0.9575910386828443,0.9946622195624024
767516.0,325,0.248346,0.152219,0.99,11938,10,33,3.81961e-17,0.0018066,0.9999999938197006,0.9574958825523926
898684.0,472,0.01,0.594368,0.99,10000,10,24,0.00638572,3.13581e-06,0.9200892998403843,0.9982291781569
803341.0,500,0.01,0.589417,0.99,10000,10,30,0.00612766,3.31627e-06,0.9217206285155534,0.9981789371235457
803341.0,500,0.01,0.545063,0.99,10000,10,16,0.00581519,3.7466e-06,0.9237426069157881,0.998064386402197
776589.0,332,0.200509,0.156572,0.985822,10000,10,30,4.87817e-17,0.00169181,0.9999999930156103,0.9588683819914655
997211.0,491,0.01,0.423091,0.99,10000,10,10,0.00559752,4.22231e-06,0.9251834242964836,0.9979451739733008
864258.0,497,0.01,0.5158,0.99,10000,10,30,0.00587019,3.67478e-06,0.9233828348214318,0.9980830284300491
1000000.0,214,0.0394229,0.272338,0.986885,10000,10,31,7.95324e-06,0.000199603,0.9971798510677625,0.9858719074181969
692938.0,324,0.0829597,0.268743,0.99,10000,10,31,0.000109786,0.000104603,0.9895221185347418,0.9897724391959764
515491.0,330,0.323268,0.176502,0.99,11938,10,25,9.76742e-18,0.00236829,0.9999999968747129,0.9513349201171929
767348.0,334,0.200509,0.162845,0.99,10000,10,29,2.77149e-16,0.00123709,0.9999999833522073,0.9648277097703319
735930.0,267,0.02258,0.543391,0.99,10000,10,10,0.00225924,2.07998e-05,0.9524685367361786,0.9954393202261066
748022.0,306,0.0974018,0.228587,0.99,10000,10,30,2.69833e-09,0.000290003,0.9999480545478411,0.9829705255512685
664370.0,500,0.019148,0.492866,0.99,10000,10,27,0.00454193,7.5316e-06,0.9326061575513015,0.9972556239324757
756763.0,325,0.248346,0.152219,0.99,11938,10,36,3.14809e-17,0.00192495,0.9999999943892157,0.9561257478696218
923525.0,500,0.01,0.423091,0.99,10000,10,20,0.00534579,4.58882e-06,0.9268850904397742,0.9978578468775552
803341.0,500,0.01,0.589417,0.99,10000,10,30,0.00612766,3.31627e-06,0.9217206285155534,0.9981789371235457
791063.0,437,0.01,0.594368,0.99,10000,10,24,0.00556022,4.35263e-06,0.9254331172704665,0.9979137042395672
918263.0,338,0.01,0.597751,0.99,10000,10,23,0.0051289,5.48115e-06,0.9283836610821246,0.9976588144029146
736596.0,268,0.0256298,0.560265,0.99,10000,10,30,0.00245832,1.74066e-05,0.9504185518565663,0.995827878237635
629577.0,365,0.305662,0.152219,0.99,10227,11,30,1.11159e-17,0.00235849,0.9999999966659484,0.9514357127098523
748022.0,199,0.12803,0.311988,0.986363,10000,10,28,5.31507e-13,0.000825828,0.999999270954734,0.9712627767520938
735930.0,316,0.0929591,0.216883,0.99,10000,10,12,6.1286e-11,0.000481337,0.999992171462461,0.9780606062070986
1000000.0,500,0.01,0.594368,0.99,10000,10,24,0.00699953,2.81803e-06,0.9163368061809735,0.9983213010990651
660972.0,264,0.391217,0.130336,0.971726,23628,10,21,1.2718500000000001e-19,0.00973118,0.9999999996433699,0.9013532565159903
1000000.0,500,0.01,0.594368,0.99,10000,10,24,0.00699953,2.81803e-06,0.9163368061809735,0.9983213010990651
644870.0,300,0.391217,0.123382,0.99,15714,10,21,5.54848e-19,0.00727454,0.9999999992551188,0.9147090860642237
639991.0,393,0.325814,0.1,0.99,28289,10,19,9.85968e-19,0.00567167,0.9999999990070408,0.9246895093629048
559133.0,388,0.354712,0.128235,0.99,11403,10,25,3.4134400000000008e-18,0.00360845,0.9999999981524502,0.9399296246058009
660972.0,264,0.391217,0.130336,0.99,21023,10,21,1.46215e-19,0.00844823,0.9999999996176193,0.9080857464807552
640170.0,373,0.304969,0.123382,0.99,16069,11,24,1.8724400000000006e-18,0.00463371,0.9999999986316287,0.9319286403837855
767140.0,310,0.0377362,0.387376,0.989976,10000,10,24,0.00151246,2.88841e-05,0.9611096412976172,0.9946256070110198
644870.0,300,0.391217,0.123382,0.967745,23628,10,21,2.28915e-19,0.00843961,0.9999999995215494,0.908132649978352
639153.0,401,0.298261,0.123382,0.99,11938,12,22,3.27971e-18,0.00447026,0.9999999981890031,0.9331399970086749
778746.0,338,0.0377362,0.314015,0.989774,10000,10,24,0.00093256,3.42237e-05,0.9694621546274136,0.9941498974367965
639153.0,401,0.298261,0.123382,0.99,11938,10,22,5.88039e-18,0.00293003,0.9999999975750484,0.9458702484764616
735930.0,267,0.02258,0.58752,0.99,10000,10,12,0.00267721,1.60471e-05,0.9482582373705727,0.9959941168264663
651745.0,316,0.02258,0.58752,0.989129,10000,10,12,0.00296611,1.43924e-05,0.9455379948955237,0.9962062683278862
767140.0,325,0.0377362,0.387376,0.989976,10000,10,20,0.00178374,2.72981e-05,0.9577656537874681,0.9947752416323814
1000000.0,214,0.0416255,0.311988,0.99,10000,10,31,0.000144686,7.17704e-05,0.9879714506277772,0.9915282587386063
864258.0,497,0.01,0.402571,0.99,10000,10,30,0.00480914,6.5804e-06,0.9306520367999175,0.9974347709653912
734919.0,191,0.0500898,0.531956,0.972146,10000,10,29,0.000538065,7.12179e-05,0.9768037718583387,0.991560930146041
736275.0,319,0.02258,0.541078,0.99,10000,10,10,0.00318385,1.2711e-05,0.9435743852492505,0.996434751060585
735930.0,316,0.02258,0.58752,0.99,10000,10,12,0.00360119,1.14387e-05,0.9399900841527002,0.996617885276931
736905.0,244,0.0256298,0.560265,0.99,10000,10,30,0.00196646,2.28483e-05,0.9556552145117376,0.9952200104602625
639991.0,401,0.325814,0.123382,0.99,16438,10,22,7.671080000000001e-18,0.00256202,0.9999999972303285,0.9493835994958156
791063.0,385,0.01,0.594368,0.99,10000,10,27,0.00503264,6.34083e-06,0.9290588976685589,0.9974818995254359
664370.0,474,0.019148,0.47583,0.99,10000,10,11,0.00407028,8.56417e-06,0.9362012539308178,0.9970735396807747
735930.0,267,0.02258,0.53159,0.99,10000,10,10,0.0021508,2.2729e-05,0.9536232817029924,0.995232505899322
664370.0,500,0.019148,0.47583,0.99,10000,10,11,0.00434746,7.89428e-06,0.9340647287106514,0.9971903238620795
797390.0,326,0.0366035,0.304663,0.99,10000,10,32,0.000732462,3.81181e-05,0.9729359648241435,0.9938260142533368
639153.0,473,0.298261,0.123382,0.99,11938,12,22,1.64292e-17,0.00221393,0.9999999959467051,0.9529475824213038
997211.0,394,0.01,0.423091,0.99,10000,10,10,0.00461099,7.01501e-06,0.9320957291475713,0.99735141358457
898684.0,500,0.01,0.594368,0.99,10000,10,33,0.00660033,2.93093e-06,0.9187575849694263,0.9982880040887899
687971.0,484,0.019148,0.432794,0.99,10000,10,18,0.00387012,9.06554e-06,0.937789711461849,0.9969890964811207
639991.0,401,0.325814,0.123382,0.99,10000,10,19,7.09497e-18,0.00283905,0.9999999973363615,0.9467172635837835
824305.0,500,0.01,0.594368,0.99,10000,10,10,0.00625366,3.16382e-06,0.9209199140111747,0.9982212869821132
776589.0,332,0.200509,0.162845,0.98353,10000,10,29,2.08978e-16,0.00135755,0.9999999855439287,0.9631550546207489
664370.0,484,0.019148,0.405164,0.99,10000,10,16,0.00335534,1.14721e-05,0.9420747032808635,0.9966129511370516
776589.0,332,0.200509,0.156572,0.99,10000,10,36,5.24873e-17,0.00159014,0.999999992755188,0.9601234404693685
814691.0,500,0.01,0.557955,0.99,10000,10,24,0.00596822,3.51303e-06,0.9227457444537843,0.9981256921277443
736596.0,268,0.0256298,0.560265,0.99,10000,10,31,0.00245832,1.74061e-05,0.9504185518565663,0.9958279381596146
824305.0,476,0.01,0.545418,0.99,10000,10,10,0.00571423,3.9526e-06,0.924407473914414,0.9980118853151793
918263.0,340,0.01,0.597751,0.99,10000,10,23,0.00515245,5.44888e-06,0.9282194315987955,0.9976657163839842
748022.0,306,0.121862,0.214177,0.99,10000,10,11,2.77931e-12,0.000540702,0.9999983328737301,0.9767470001935235
863940.0,500,0.01,0.589417,0.99,10000,10,31,0.00641586,3.04173e-06,0.9199009363350606,0.9982559443816208
866949.0,500,0.01,0.466399,0.988872,10000,10,10,0.00547306,4.42885e-06,0.9260198675318839,0.9978955166904915
748022.0,306,0.0974018,0.228587,0.99,10000,10,30,2.69833e-09,0.000290003,0.9999480545478411,0.9829705255512685
628079.0,356,0.298261,0.152219,0.99,11804,10,25,1.734e-17,0.00198544,0.9999999958358674,0.9554417235521839
748022.0,199,0.12803,0.311988,0.99,10000,10,28,5.93382e-13,0.000780507,0.9999992296870766,0.9720624446309274
686705.0,484,0.019148,0.423199,0.99,10000,10,15,0.00373941,9.50825e-06,0.9388492845503832,0.9969164549622228
775456.0,339,0.0377362,0.314015,0.989774,10000,10,23,0.000927428,3.42897e-05,0.9695462974336453,0.9941442592270491
735930.0,267,0.02258,0.549782,0.99,10000,10,28,0.00234544,1.95022e-05,0.9515702570727451,0.9955838704729141
979199.0,500,0.01,0.594368,0.99,10000,10,24,0.00692343,2.83028e-06,0.9167928488650164,0.9983176563965706
697476.0,332,0.0366035,0.330129,0.99,10000,10,30,0.000666344,4.6619e-05,0.9741863601946568,0.9931721892234773
735930.0,267,0.02258,0.543391,0.99,10000,10,10,0.00225924,2.07998e-05,0.9524685367361786,0.9954393202261066
664370.0,484,0.019148,0.503414,0.99,10000,10,16,0.00448136,7.65721e-06,0.9330570392050068,0.9972328335792728
923525.0,500,0.01,0.423091,0.99,10000,10,20,0.00534579,4.58882e-06,0.9268850904397742,0.9978578468775552
735930.0,316,0.0929591,0.216883,0.99,10000,10,12,6.1286e-11,0.000481337,0.999992171462461,0.9780606062070986
700877.0,364,0.200509,0.162845,0.99,10000,10,29,1.10219e-15,0.00106416,0.999999966800753,0.9673785346742364
664370.0,484,0.019148,0.405164,0.99,10000,10,16,0.00335534,1.14721e-05,0.9420747032808635,0.9966129511370516
1000000.0,196,0.0492246,0.311988,0.99,10000,10,28,2.13857e-05,0.000106879,0.9953755324630829,0.9896617699774091
767516.0,325,0.248346,0.152219,0.99,11938,10,33,3.81961e-17,0.0018066,0.9999999938197006,0.9574958825523926
898684.0,472,0.01,0.594368,0.99,10000,10,24,0.00638572,3.13581e-06,0.9200892998403843,0.9982291781569
803341.0,500,0.01,0.589417,0.99,10000,10,30,0.00612766,3.31627e-06,0.9217206285155534,0.9981789371235457
664370.0,484,0.019148,0.47583,0.99,10000,10,15,0.00418871,8.25184e-06,0.9352797558719067,0.9971273983917014
803341.0,500,0.01,0.545063,0.99,10000,10,16,0.00581519,3.7466e-06,0.9237426069157881,0.998064386402197
997211.0,491,0.01,0.423091,0.99,10000,10,10,0.00559752,4.22231e-06,0.9251834242964836,0.9979451739733008
1000000.0,214,0.0394229,0.272338,0.986885,10000,10,31,7.95324e-06,0.000199603,0.9971798510677625,0.9858719074181969
692938.0,324,0.0829597,0.268743,0.99,10000,10,31,0.000109786,0.000104603,0.9895221185347418,0.9897724391959764
515491.0,330,0.323268,0.176502,0.99,11938,10,25,9.76742e-18,0.00236829,0.9999999968747129,0.9513349201171929
697476.0,332,0.0366035,0.318299,0.99,10000,10,30,0.000547782,5.60827e-05,0.9765952568909633,0.992511161638812
767348.0,334,0.200509,0.162845,0.99,10000,10,29,2.77149e-16,0.00123709,0.9999999833522073,0.9648277097703319
686705.0,490,0.019148,0.423199,0.99,10000,10,15,0.00380403,9.28187e-06,0.9383231810158792,0.9969533838443283
707561.0,240,0.15514,0.259987,0.989126,10000,10,15,2.22176e-14,0.000919164,0.9999998509443057,0.9696822824078065
664370.0,500,0.019148,0.492866,0.99,10000,10,27,0.00454193,7.5316e-06,0.9326061575513015,0.9972556239324757
756763.0,325,0.248346,0.152219,0.99,11938,10,36,3.14809e-17,0.00192495,0.9999999943892157,0.9561257478696218
923525.0,500,0.01,0.423091,0.99,10000,10,20,0.00534579,4.58882e-06,0.9268850904397742,0.9978578468775552
803341.0,500,0.01,0.589417,0.99,10000,10,30,0.00612766,3.31627e-06,0.9217206285155534,0.9981789371235457
791063.0,437,0.01,0.594368,0.99,10000,10,24,0.00556022,4.35263e-06,0.9254331172704665,0.9979137042395672
776589.0,334,0.200509,0.162845,0.99,10000,10,29,8.87585e-16,0.00116208,0.9999999702076352,0.9659107054927797
947118.0,500,0.01,0.594368,0.99,10000,10,24,0.00680002,2.85896e-06,0.9175377662199234,0.9983091540578751
918263.0,338,0.01,0.597751,0.99,10000,10,23,0.0051289,5.48115e-06,0.9283836610821246,0.9976588144029146
1000000.0,500,0.01,0.594368,0.99,10000,10,24,0.00699953,2.81803e-06,0.9163368061809735,0.9983213010990651
660972.0,264,0.391217,0.130336,0.971726,23628,10,21,1.2718500000000001e-19,0.00973118,0.9999999996433699,0.9013532565159903
1000000.0,500,0.01,0.594368,0.99,10000,10,24,0.00699953,2.81803e-06,0.9163368061809735,0.9983213010990651
644870.0,300,0.391217,0.123382,0.99,15714,10,21,5.54848e-19,0.00727454,0.9999999992551188,0.9147090860642237
559133.0,388,0.354712,0.128235,0.99,11403,10,25,3.4134400000000008e-18,0.00360845,0.9999999981524502,0.9399296246058009
639991.0,393,0.325814,0.1,0.99,28289,10,19,9.85968e-19,0.00567167,0.9999999990070408,0.9246895093629048
660972.0,264,0.391217,0.130336,0.99,21023,10,21,1.46215e-19,0.00844823,0.9999999996176193,0.9080857464807552
640170.0,373,0.304969,0.123382,0.99,16069,11,24,1.8724400000000006e-18,0.00463371,0.9999999986316287,0.9319286403837855
767140.0,310,0.0377362,0.387376,0.989976,10000,10,24,0.00151246,2.88841e-05,0.9611096412976172,0.9946256070110198
632666.0,300,0.499661,0.123382,0.973735,23628,10,21,5.04255e-19,0.00766746,0.9999999992898908,0.9124359662875219
559133.0,415,0.354712,0.128235,0.99,11403,10,25,5.1416800000000014e-18,0.00272038,0.9999999977324727,0.947842737801913
639991.0,393,0.325814,0.1,0.99,28289,10,19,9.85968e-19,0.00567167,0.9999999990070408,0.9246895093629048
639153.0,401,0.298261,0.123382,0.99,11938,12,22,3.27971e-18,0.00447026,0.9999999981890031,0.9331399970086749
832915.0,326,0.0366035,0.278592,0.99,10000,10,32,0.000538036,4.42495e-05,0.9768043969683907,0.9933479702345825
778746.0,338,0.0377362,0.314015,0.989774,10000,10,24,0.00093256,3.42237e-05,0.9694621546274136,0.9941498974367965
644870.0,300,0.391217,0.123382,0.967745,23628,10,21,2.28915e-19,0.00843961,0.9999999995215494,0.908132649978352
735930.0,267,0.02258,0.58752,0.99,10000,10,12,0.00267721,1.60471e-05,0.9482582373705727,0.9959941168264663
1000000.0,214,0.0416255,0.311988,0.99,10000,10,31,0.000144686,7.17704e-05,0.9879714506277772,0.9915282587386063
651745.0,316,0.02258,0.58752,0.989129,10000,10,12,0.00296611,1.43924e-05,0.9455379948955237,0.9962062683278862
898684.0,500,0.01,0.594368,0.99,10000,10,33,0.00660033,2.93093e-06,0.9187575849694263,0.9982880040887899
669857.0,484,0.019148,0.423199,0.99,10000,10,13,0.00361326,1.00587e-05,0.9398896015651202,0.9968284546353552
736905.0,244,0.0256298,0.560265,0.99,10000,10,30,0.00196646,2.28483e-05,0.9556552145117376,0.9952200104602625
736596.0,268,0.0256298,0.560265,0.99,10000,10,31,0.00245832,1.74061e-05,0.9504185518565663,0.9958279381596146
947118.0,500,0.01,0.594368,0.99,10000,10,24,0.00680002,2.85896e-06,0.9175377662199234,0.9983091540578751
776589.0,332,0.200509,0.156572,0.99,10000,10,36,5.24873e-17,0.00159014,0.999999992755188,0.9601234404693685
864258.0,497,0.01,0.402571,0.99,10000,10,30,0.00480914,6.5804e-06,0.9306520367999175,0.9974347709653912
889141.0,497,0.01,0.402571,0.99,10000,10,25,0.00493195,5.87568e-06,0.9297721565189419,0.9975760198020611
664370.0,474,0.019148,0.47583,0.99,10000,10,11,0.00407028,8.56417e-06,0.9362012539308178,0.9970735396807747
814691.0,500,0.01,0.557955,0.99,10000,10,24,0.00596822,3.51303e-06,0.9227457444537843,0.9981256921277443
515491.0,330,0.323268,0.176502,0.99,11938,10,25,9.76742e-18,0.00236829,0.9999999968747129,0.9513349201171929
735930.0,267,0.02258,0.53159,0.99,10000,10,10,0.0021508,2.2729e-05,0.9536232817029924,0.995232505899322
664370.0,500,0.019148,0.47583,0.99,10000,10,11,0.00434746,7.89428e-06,0.9340647287106514,0.9971903238620795
664370.0,484,0.019148,0.47583,0.99,10000,10,15,0.00418871,8.25184e-06,0.9352797558719067,0.9971273983917014
696757.0,401,0.325814,0.123382,0.99,10000,10,22,1.39571e-17,0.00215189,0.9999999962640798,0.9536115316053655
778746.0,388,0.0377362,0.319475,0.989877,10000,10,24,0.00177554,2.7317e-05,0.9578628430005061,0.9947734332492544
748022.0,199,0.12803,0.311988,0.99,10000,10,28,5.93382e-13,0.000780507,0.9999992296870766,0.9720624446309274
997211.0,394,0.01,0.423091,0.99,10000,10,10,0.00461099,7.01501e-06,0.9320957291475713,0.99735141358457
687971.0,484,0.019148,0.432794,0.99,10000,10,18,0.00387012,9.06554e-06,0.937789711461849,0.9969890964811207
736275.0,319,0.02258,0.541078,0.99,10000,10,10,0.00318385,1.2711e-05,0.9435743852492505,0.996434751060585
664992.0,484,0.019148,0.405164,0.99,10000,10,16,0.00335965,1.14368e-05,0.9420375121306892,0.9966181661779443
824305.0,500,0.01,0.594368,0.99,10000,10,10,0.00625366,3.16382e-06,0.9209199140111747,0.9982212869821132
803341.0,500,0.01,0.545063,0.99,10000,10,16,0.00581519,3.7466e-06,0.9237426069157881,0.998064386402197
776589.0,332,0.200509,0.162845,0.98353,10000,10,29,2.08978e-16,0.00135755,0.9999999855439287,0.9631550546207489
639991.0,401,0.325814,0.123382,0.99,16438,10,22,7.671080000000001e-18,0.00256202,0.9999999972303285,0.9493835994958156
767516.0,325,0.248346,0.152219,0.99,11938,10,33,3.81961e-17,0.0018066,0.9999999938197006,0.9574958825523926
918263.0,338,0.01,0.597751,0.99,10000,10,23,0.0051289,5.48115e-06,0.9283836610821246,0.9976588144029146
722215.0,319,0.02258,0.541078,0.99,10000,10,12,0.0030917,1.30815e-05,0.944396942530109,0.9963831643664662
824305.0,476,0.01,0.545418,0.99,10000,10,10,0.00571423,3.9526e-06,0.924407473914414,0.9980118853151793
748022.0,306,0.121862,0.214177,0.99,10000,10,11,2.77931e-12,0.000540702,0.9999983328737301,0.9767470001935235
863940.0,500,0.01,0.589417,0.99,10000,10,31,0.00641586,3.04173e-06,0.9199009363350606,0.9982559443816208
866949.0,500,0.01,0.466399,0.988872,10000,10,10,0.00547306,4.42885e-06,0.9260198675318839,0.9978955166904915
775456.0,339,0.0377362,0.314015,0.989774,10000,10,23,0.000927428,3.42897e-05,0.9695462974336453,0.9941442592270491
735930.0,267,0.02258,0.549782,0.99,10000,10,28,0.00234544,1.95022e-05,0.9515702570727451,0.9955838704729141
797390.0,326,0.0366035,0.304663,0.99,10000,10,35,0.000732456,3.81203e-05,0.9729360756725859,0.9938258360889914
797390.0,326,0.0366035,0.304663,0.99,10000,10,32,0.000732462,3.81181e-05,0.9729359648241435,0.9938260142533368
735930.0,267,0.02258,0.543391,0.99,10000,10,10,0.00225924,2.07998e-05,0.9524685367361786,0.9954393202261066
664370.0,484,0.019148,0.503414,0.99,10000,10,16,0.00448136,7.65721e-06,0.9330570392050068,0.9972328335792728
767140.0,325,0.0377362,0.387376,0.989976,10000,10,20,0.00178374,2.72981e-05,0.9577656537874681,0.9947752416323814
956083.0,438,0.01,0.456708,0.99,10000,10,15,0.00525571,4.85264e-06,0.9275037242335856,0.9977971291458644
686705.0,484,0.019148,0.423199,0.99,10000,10,15,0.00373941,9.50825e-06,0.9388492845503832,0.9969164549622228
735930.0,316,0.0929591,0.216883,0.99,10000,10,12,6.1286e-11,0.000481337,0.999992171462461,0.9780606062070986
748022.0,306,0.0974018,0.228587,0.99,10000,10,30,2.69833e-09,0.000290003,0.9999480545478411,0.9829705255512685
664370.0,484,0.019148,0.405164,0.99,10000,10,16,0.00335534,1.14721e-05,0.9420747032808635,0.9966129511370516
1000000.0,196,0.0492246,0.311988,0.99,10000,10,28,2.13857e-05,0.000106879,0.9953755324630829,0.9896617699774091
628079.0,356,0.298261,0.152219,0.99,11804,10,25,1.734e-17,0.00198544,0.9999999958358674,0.9554417235521839
700877.0,364,0.200509,0.162845,0.99,10000,10,29,1.10219e-15,0.00106416,0.999999966800753,0.9673785346742364
898684.0,472,0.01,0.594368,0.99,10000,10,24,0.00638572,3.13581e-06,0.9200892998403843,0.9982291781569
803341.0,500,0.01,0.589417,0.99,10000,10,30,0.00612766,3.31627e-06,0.9217206285155534,0.9981789371235457
997211.0,491,0.01,0.423091,0.99,10000,10,10,0.00559752,4.22231e-06,0.9251834242964836,0.9979451739733008
692938.0,324,0.0829597,0.268743,0.99,10000,10,31,0.000109786,0.000104603,0.9895221185347418,0.9897724391959764
767348.0,334,0.200509,0.162845,0.99,10000,10,29,2.77149e-16,0.00123709,0.9999999833522073,0.9648277097703319
686705.0,490,0.019148,0.423199,0.99,10000,10,15,0.00380403,9.28187e-06,0.9383231810158792,0.9969533838443283
664370.0,500,0.019148,0.492866,0.99,10000,10,27,0.00454193,7.5316e-06,0.9326061575513015,0.9972556239324757
756763.0,325,0.248346,0.152219,0.99,11938,10,36,3.14809e-17,0.00192495,0.9999999943892157,0.9561257478696218
923525.0,500,0.01,0.423091,0.99,10000,10,20,0.00534579,4.58882e-06,0.9268850904397742,0.9978578468775552
918263.0,340,0.01,0.597751,0.99,10000,10,23,0.00515245,5.44888e-06,0.9282194315987955,0.9976657163839842
803341.0,500,0.01,0.589417,0.99,10000,10,30,0.00612766,3.31627e-06,0.9217206285155534,0.9981789371235457
791063.0,437,0.01,0.594368,0.99,10000,10,24,0.00556022,4.35263e-06,0.9254331172704665,0.9979137042395672
776589.0,334,0.200509,0.162845,0.99,10000,10,29,8.87585e-16,0.00116208,0.9999999702076352,0.9659107054927797
979199.0,500,0.01,0.594368,0.99,10000,10,24,0.00692343,2.83028e-06,0.9167928488650164,0.9983176563965706
649768.0,258,0.391217,0.130336,0.99,21023,10,21,9.56698e-20,0.00928399,0.9999999996906946,0.9036465361286892
1000000.0,500,0.01,0.594368,0.99,10000,10,24,0.00699953,2.81803e-06,0.9163368061809735,0.9983213010990651
1000000.0,500,0.01,0.594368,0.99,10000,10,24,0.00699953,2.81803e-06,0.9163368061809735,0.9983213010990651
640170.0,373,0.304969,0.123382,0.99,16069,11,24,1.8724400000000006e-18,0.00463371,0.9999999986316287,0.9319286403837855
639991.0,393,0.325814,0.1,0.99,28289,10,19,9.85968e-19,0.00567167,0.9999999990070408,0.9246895093629048
644870.0,300,0.391217,0.123382,0.99,15714,10,21,5.54848e-19,0.00727454,0.9999999992551188,0.9147090860642237
632666.0,300,0.499661,0.123382,0.973735,23628,10,21,5.04255e-19,0.00766746,0.9999999992898908,0.9124359662875219
559133.0,415,0.354712,0.128235,0.99,11403,10,25,5.1416800000000014e-18,0.00272038,0.9999999977324727,0.947842737801913
639991.0,393,0.325814,0.1,0.99,28289,10,19,9.85968e-19,0.00567167,0.9999999990070408,0.9246895093629048
793909.0,401,0.325814,0.1,0.99,16438,10,22,2.80635e-18,0.00368794,0.9999999983247836,0.9392715881979448
559133.0,388,0.354712,0.128235,0.99,11403,10,25,3.4134400000000008e-18,0.00360845,0.9999999981524502,0.9399296246058009
660972.0,264,0.391217,0.130336,0.99,21023,10,21,1.46215e-19,0.00844823,0.9999999996176193,0.9080857464807552
832915.0,326,0.0366035,0.278592,0.99,10000,10,32,0.000538036,4.42495e-05,0.9768043969683907,0.9933479702345825
644870.0,300,0.391217,0.123382,0.967745,23628,10,21,2.28915e-19,0.00843961,0.9999999995215494,0.908132649978352
735930.0,267,0.02258,0.58752,0.99,10000,10,12,0.00267721,1.60471e-05,0.9482582373705727,0.9959941168264663
832915.0,385,0.0366035,0.278592,0.99,10000,10,34,0.00131184,2.94812e-05,0.9637806681453123,0.994570340710505
767140.0,310,0.0377362,0.387376,0.989976,10000,10,24,0.00151246,2.88841e-05,0.9611096412976172,0.9946256070110198
651745.0,316,0.02258,0.58752,0.989129,10000,10,12,0.00296611,1.43924e-05,0.9455379948955237,0.9962062683278862
1000000.0,214,0.0416255,0.311988,0.99,10000,10,31,0.000144686,7.17704e-05,0.9879714506277772,0.9915282587386063
898684.0,500,0.01,0.594368,0.99,10000,10,33,0.00660033,2.93093e-06,0.9187575849694263,0.9982880040887899
714518.0,326,0.0366035,0.358128,0.99,10000,10,32,0.00100744,3.33069e-05,0.968259804663487,0.9942287869559338
669857.0,484,0.019148,0.423199,0.99,10000,10,13,0.00361326,1.00587e-05,0.9398896015651202,0.9968284546353552
696757.0,401,0.325814,0.123382,0.99,10000,10,22,1.39571e-17,0.00215189,0.9999999962640798,0.9536115316053655
776589.0,332,0.200509,0.156572,0.99,10000,10,36,5.24873e-17,0.00159014,0.999999992755188,0.9601234404693685
736596.0,268,0.0256298,0.560265,0.99,10000,10,31,0.00245832,1.74061e-05,0.9504185518565663,0.9958279381596146
947118.0,500,0.01,0.594368,0.99,10000,10,24,0.00680002,2.85896e-06,0.9175377662199234,0.9983091540578751
997211.0,446,0.01,0.398725,0.99,10000,10,10,0.00490722,5.72429e-06,0.9299484475546759,0.997607451149924
748022.0,199,0.12803,0.311988,0.99,10000,10,28,5.93382e-13,0.000780507,0.9999992296870766,0.9720624446309274
515491.0,330,0.323268,0.176502,0.99,11938,10,25,9.76742e-18,0.00236829,0.9999999968747129,0.9513349201171929
864258.0,497,0.01,0.402571,0.99,10000,10,30,0.00480914,6.5804e-06,0.9306520367999175,0.9974347709653912
644870.0,300,0.391217,0.123382,0.99,15714,10,21,5.54848e-19,0.00727454,0.9999999992551188,0.9147090860642237
735930.0,267,0.02258,0.53159,0.99,10000,10,10,0.0021508,2.2729e-05,0.9536232817029924,0.995232505899322
664370.0,500,0.019148,0.47583,0.99,10000,10,11,0.00434746,7.89428e-06,0.9340647287106514,0.9971903238620795
778746.0,388,0.0377362,0.319475,0.989877,10000,10,24,0.00177554,2.7317e-05,0.9578628430005061,0.9947734332492544
803341.0,500,0.01,0.545063,0.99,10000,10,16,0.00581519,3.7466e-06,0.9237426069157881,0.998064386402197
997211.0,394,0.01,0.423091,0.99,10000,10,10,0.00461099,7.01501e-06,0.9320957291475713,0.99735141358457
687971.0,484,0.019148,0.432794,0.99,10000,10,18,0.00387012,9.06554e-06,0.937789711461849,0.9969890964811207
776589.0,332,0.200509,0.162845,0.98353,10000,10,29,2.08978e-16,0.00135755,0.9999999855439287,0.9631550546207489
639991.0,401,0.325814,0.123382,0.99,16438,10,22,7.671080000000001e-18,0.00256202,0.9999999972303285,0.9493835994958156
736275.0,319,0.02258,0.541078,0.99,10000,10,10,0.00318385,1.2711e-05,0.9435743852492505,0.996434751060585
700877.0,400,0.238741,0.131933,0.99,10000,10,25,1.43638e-17,0.00190444,0.9999999962100395,0.9563601099909727
664992.0,484,0.019148,0.405164,0.99,10000,10,16,0.00335965,1.14368e-05,0.9420375121306892,0.9966181661779443
824305.0,500,0.01,0.594368,0.99,10000,10,10,0.00625366,3.16382e-06,0.9209199140111747,0.9982212869821132
1000000.0,196,0.0492246,0.311988,0.99,10000,10,28,2.13857e-05,0.000106879,0.9953755324630829,0.9896617699774091
664370.0,474,0.019148,0.47583,0.99,10000,10,11,0.00407028,8.56417e-06,0.9362012539308178,0.9970735396807747
918263.0,338,0.01,0.597751,0.99,10000,10,23,0.0051289,5.48115e-06,0.9283836610821246,0.9976588144029146
767516.0,325,0.248346,0.152219,0.99,11938,10,33,3.81961e-17,0.0018066,0.9999999938197006,0.9574958825523926
664370.0,484,0.019148,0.47583,0.99,10000,10,15,0.00418871,8.25184e-06,0.9352797558719067,0.9971273983917014
748022.0,461,0.121862,0.142611,0.99,10000,10,11,9.23185e-13,0.000529155,0.9999990391748338,0.9769966306815718
722215.0,319,0.02258,0.541078,0.99,10000,10,12,0.0030917,1.30815e-05,0.944396942530109,0.9963831643664662
923525.0,500,0.01,0.423091,0.99,10000,10,20,0.00534579,4.58882e-06,0.9268850904397742,0.9978578468775552
814691.0,500,0.01,0.557955,0.99,10000,10,24,0.00596822,3.51303e-06,0.9227457444537843,0.9981256921277443
863940.0,500,0.01,0.589417,0.99,10000,10,31,0.00641586,3.04173e-06,0.9199009363350606,0.9982559443816208
866949.0,500,0.01,0.466399,0.988872,10000,10,10,0.00547306,4.42885e-06,0.9260198675318839,0.9978955166904915
835049.0,332,0.200509,0.159149,0.99,10000,10,42,2.98262e-13,0.00094281,0.9999994538663167,0.9692947887159199
775456.0,339,0.0377362,0.314015,0.989774,10000,10,23,0.000927428,3.42897e-05,0.9695462974336453,0.9941442592270491
735930.0,267,0.02258,0.549782,0.99,10000,10,28,0.00234544,1.95022e-05,0.9515702570727451,0.9955838704729141
979199.0,500,0.01,0.594368,0.99,10000,10,24,0.00692343,2.83028e-06,0.9167928488650164,0.9983176563965706
797390.0,326,0.0366035,0.304663,0.99,10000,10,35,0.000732456,3.81203e-05,0.9729360756725859,0.9938258360889914
797390.0,326,0.0366035,0.304663,0.99,10000,10,32,0.000732462,3.81181e-05,0.9729359648241435,0.9938260142533368
735930.0,267,0.02258,0.543391,0.99,10000,10,10,0.00225924,2.07998e-05,0.9524685367361786,0.9954393202261066
664370.0,484,0.019148,0.503414,0.99,10000,10,16,0.00448136,7.65721e-06,0.9330570392050068,0.9972328335792728
767140.0,325,0.0377362,0.387376,0.989976,10000,10,20,0.00178374,2.72981e-05,0.9577656537874681,0.9947752416323814
956083.0,438,0.01,0.456708,0.99,10000,10,15,0.00525571,4.85264e-06,0.9275037242335856,0.9977971291458644
736905.0,244,0.0256298,0.560265,0.99,10000,10,30,0.00196646,2.28483e-05,0.9556552145117376,0.9952200104602625
736905.0,244,0.0256298,0.560265,0.99,10000,10,30,0.00196646,2.28483e-05,0.9556552145117376,0.9952200104602625
735930.0,316,0.0929591,0.216883,0.99,10000,10,12,6.1286e-11,0.000481337,0.999992171462461,0.9780606062070986
664370.0,484,0.019148,0.405164,0.99,10000,10,16,0.00335534,1.14721e-05,0.9420747032808635,0.9966129511370516
870711.0,497,0.01,0.491263,0.99,10000,10,19,0.00570004,3.9381e-06,0.9245013907412858,0.9980155353366714
748022.0,306,0.0974018,0.228587,0.99,10000,10,30,2.69833e-09,0.000290003,0.9999480545478411,0.9829705255512685
700877.0,364,0.200509,0.162845,0.99,10000,10,29,1.10219e-15,0.00106416,0.999999966800753,0.9673785346742364
898684.0,472,0.01,0.594368,0.99,10000,10,24,0.00638572,3.13581e-06,0.9200892998403843,0.9982291781569
692938.0,324,0.0829597,0.268743,0.99,10000,10,31,0.000109786,0.000104603,0.9895221185347418,0.9897724391959764
767348.0,334,0.200509,0.162845,0.99,10000,10,29,2.77149e-16,0.00123709,0.9999999833522073,0.9648277097703319
748022.0,306,0.0974018,0.228587,0.99,10000,10,30,2.69833e-09,0.000290003,0.9999480545478411,0.9829705255512685
686705.0,490,0.019148,0.423199,0.99,10000,10,15,0.00380403,9.28187e-06,0.9383231810158792,0.9969533838443283
776589.0,334,0.200509,0.162845,0.99,10000,10,29,8.87585e-16,0.00116208,0.9999999702076352,0.9659107054927797
664370.0,500,0.019148,0.492866,0.99,10000,10,27,0.00454193,7.5316e-06,0.9326061575513015,0.9972556239324757
846944.0,500,0.01,0.545063,0.99,10000,10,20,0.00603249,3.44311e-06,0.9223308941727794,0.9981444380904966
918263.0,340,0.01,0.597751,0.99,10000,10,23,0.00515245,5.44888e-06,0.9282194315987955,0.9976657163839842
1000000.0,500,0.01,0.594368,0.99,10000,10,24,0.00699953,2.81803e-06,0.9163368061809735,0.9983213010990651
1000000.0,500,0.01,0.594368,0.99,10000,10,24,0.00699953,2.81803e-06,0.9163368061809735,0.9983213010990651
649768.0,258,0.391217,0.130336,0.99,21023,10,21,9.56698e-20,0.00928399,0.9999999996906946,0.9036465361286892
586989.0,393,0.402638,0.1,0.99,28289,10,19,3.4603600000000007e-19,0.00604507,0.9999999994117518,0.9222499517685037
644870.0,300,0.391217,0.123382,0.967745,23628,10,21,2.28915e-19,0.00843961,0.9999999995215494,0.908132649978352
640170.0,373,0.304969,0.123382,0.99,16069,11,24,1.8724400000000006e-18,0.00463371,0.9999999986316287,0.9319286403837855
639991.0,393,0.325814,0.1,0.99,28289,10,19,9.85968e-19,0.00567167,0.9999999990070408,0.9246895093629048
793909.0,401,0.325814,0.1,0.99,16438,10,22,2.80635e-18,0.00368794,0.9999999983247836,0.9392715881979448
660972.0,264,0.314392,0.130336,0.99,21023,10,21,9.86451e-20,0.00903368,0.9999999996859218,0.904954326768653
832915.0,385,0.0366035,0.278592,0.99,10000,10,34,0.00131184,2.94812e-05,0.9637806681453123,0.994570340710505
735930.0,267,0.02258,0.58752,0.99,10000,10,12,0.00267721,1.60471e-05,0.9482582373705727,0.9959941168264663
1000000.0,214,0.0416255,0.311988,0.99,10000,10,31,0.000144686,7.17704e-05,0.9879714506277772,0.9915282587386063
675796.0,310,0.0377362,0.447156,0.989976,10000,10,24,0.00164299,2.6998e-05,0.9594661869545931,0.9948040400309471
660972.0,264,0.377334,0.130336,0.99,21023,10,21,1.29728e-19,0.00855793,0.9999999996398222,0.9074909193646375
559133.0,403,0.354712,0.128235,0.99,11403,10,24,4.7490900000000014e-18,0.00309002,0.9999999978207593,0.9444120516658512
651745.0,316,0.02258,0.58752,0.989129,10000,10,12,0.00296611,1.43924e-05,0.9455379948955237,0.9962062683278862
559133.0,415,0.354712,0.128235,0.99,11403,10,25,5.1416800000000014e-18,0.00272038,0.9999999977324727,0.947842737801913
832915.0,326,0.0366035,0.278592,0.99,10000,10,32,0.000538036,4.42495e-05,0.9768043969683907,0.9933479702345825
640170.0,406,0.304969,0.123382,0.99,16069,11,25,4.38138e-18,0.00330384,0.9999999979068254,0.9425209603420517
748022.0,423,0.0366402,0.263704,0.99,10000,10,28,0.000979574,3.19097e-05,0.9687018530899991,0.994351132856935
696757.0,401,0.325814,0.123382,0.99,10000,10,22,1.39571e-17,0.00215189,0.9999999962640798,0.9536115316053655
776589.0,332,0.200509,0.156572,0.99,10000,10,36,5.24873e-17,0.00159014,0.999999992755188,0.9601234404693685
736596.0,268,0.0256298,0.560265,0.99,10000,10,31,0.00245832,1.74061e-05,0.9504185518565663,0.9958279381596146
767140.0,310,0.0377362,0.387376,0.989976,10000,10,24,0.00151246,2.88841e-05,0.9611096412976172,0.9946256070110198
736905.0,244,0.0256298,0.560265,0.99,10000,10,30,0.00196646,2.28483e-05,0.9556552145117376,0.9952200104602625
748022.0,199,0.12803,0.311988,0.99,10000,10,28,5.93382e-13,0.000780507,0.9999992296870766,0.9720624446309274
515491.0,330,0.323268,0.176502,0.99,11938,10,25,9.76742e-18,0.00236829,0.9999999968747129,0.9513349201171929
735930.0,267,0.02258,0.53159,0.99,10000,10,10,0.0021508,2.2729e-05,0.9536232817029924,0.995232505899322
664370.0,500,0.019148,0.47583,0.99,10000,10,11,0.00434746,7.89428e-06,0.9340647287106514,0.9971903238620795
559133.0,388,0.354712,0.128235,0.99,11403,10,25,3.4134400000000008e-18,0.00360845,0.9999999981524502,0.9399296246058009
947118.0,500,0.01,0.594368,0.99,10000,10,24,0.00680002,2.85896e-06,0.9175377662199234,0.9983091540578751
639991.0,393,0.325814,0.1,0.99,28289,10,19,9.85968e-19,0.00567167,0.9999999990070408,0.9246895093629048
664370.0,484,0.019148,0.47583,0.99,10000,10,15,0.00418871,8.25184e-06,0.9352797558719067,0.9971273983917014
997211.0,446,0.01,0.398725,0.99,10000,10,10,0.00490722,5.72429e-06,0.9299484475546759,0.997607451149924
997211.0,394,0.01,0.423091,0.99,10000,10,10,0.00461099,7.01501e-06,0.9320957291475713,0.99735141358457
776589.0,332,0.200509,0.162845,0.98353,10000,10,29,2.08978e-16,0.00135755,0.9999999855439287,0.9631550546207489
639991.0,401,0.325814,0.123382,0.99,16438,10,22,7.671080000000001e-18,0.00256202,0.9999999972303285,0.9493835994958156
736275.0,319,0.02258,0.541078,0.99,10000,10,10,0.00318385,1.2711e-05,0.9435743852492505,0.996434751060585
700877.0,400,0.238741,0.131933,0.99,10000,10,25,1.43638e-17,0.00190444,0.9999999962100395,0.9563601099909727
686705.0,490,0.019148,0.423199,0.99,10000,10,15,0.00380403,9.28187e-06,0.9383231810158792,0.9969533838443283
665088.0,484,0.019148,0.423199,0.99,10000,10,13,0.00357867,1.02427e-05,0.940178014075091,0.9967995781528055
775456.0,339,0.0377362,0.314015,0.989774,10000,10,23,0.000927428,3.42897e-05,0.9695462974336453,0.9941442592270491
864258.0,497,0.01,0.402571,0.99,10000,10,30,0.00480914,6.5804e-06,0.9306520367999175,0.9974347709653912
767516.0,325,0.248346,0.152219,0.99,11938,10,33,3.81961e-17,0.0018066,0.9999999938197006,0.9574958825523926
687971.0,484,0.019148,0.432794,0.99,10000,10,18,0.00387012,9.06554e-06,0.937789711461849,0.9969890964811207
866949.0,500,0.01,0.466399,0.988872,10000,10,10,0.00547306,4.42885e-06,0.9260198675318839,0.9978955166904915
918263.0,338,0.01,0.597751,0.99,10000,10,23,0.0051289,5.48115e-06,0.9283836610821246,0.9976588144029146
1000000.0,500,0.01,0.412029,0.99,10000,10,24,0.00558881,4.18636e-06,0.9252416559840977,0.9979539403723254
870711.0,497,0.01,0.491263,0.99,10000,10,19,0.00570004,3.9381e-06,0.9245013907412858,0.9980155353366714
669857.0,484,0.019148,0.423199,0.99,10000,10,13,0.00361326,1.00587e-05,0.9398896015651202,0.9968284546353552
748022.0,461,0.121862,0.142611,0.99,10000,10,11,9.23185e-13,0.000529155,0.9999990391748338,0.9769966306815718
863940.0,500,0.01,0.544391,0.99,10000,10,17,0.00610767,3.37133e-06,0.9218484165227601,0.9981638818120829
664992.0,484,0.019148,0.405164,0.99,10000,10,16,0.00335965,1.14368e-05,0.9420375121306892,0.9966181661779443
722215.0,319,0.02258,0.541078,0.99,10000,10,12,0.0030917,1.30815e-05,0.944396942530109,0.9963831643664662
832915.0,326,0.0366035,0.278592,0.99,10000,10,32,0.000538036,4.42495e-05,0.9768043969683907,0.9933479702345825
835049.0,332,0.200509,0.159149,0.99,10000,10,42,2.98262e-13,0.00094281,0.9999994538663167,0.9692947887159199
956083.0,438,0.01,0.456708,0.99,10000,10,15,0.00525571,4.85264e-06,0.9275037242335856,0.9977971291458644
735930.0,267,0.02258,0.549782,0.99,10000,10,28,0.00234544,1.95022e-05,0.9515702570727451,0.9955838704729141
736275.0,319,0.0176891,0.63372,0.99,10000,10,23,0.00403627,8.88438e-06,0.9364683543421076,0.99701933228957
906629.0,500,0.01,0.594368,0.99,10000,10,33,0.00663423,2.91675e-06,0.9185492173149945,0.9982921504750125
979199.0,500,0.01,0.594368,0.99,10000,10,24,0.00692343,2.83028e-06,0.9167928488650164,0.9983176563965706
797390.0,326,0.0366035,0.304663,0.99,10000,10,35,0.000732456,3.81203e-05,0.9729360756725859,0.9938258360889914
797390.0,326,0.0366035,0.304663,0.99,10000,10,32,0.000732462,3.81181e-05,0.9729359648241435,0.9938260142533368
735930.0,267,0.02258,0.543391,0.99,10000,10,10,0.00225924,2.07998e-05,0.9524685367361786,0.9954393202261066
898684.0,500,0.01,0.594368,0.99,10000,10,33,0.00660033,2.93093e-06,0.9187575849694263,0.9982880040887899
664370.0,484,0.019148,0.503414,0.99,10000,10,16,0.00448136,7.65721e-06,0.9330570392050068,0.9972328335792728
736905.0,244,0.0256298,0.560265,0.99,10000,10,30,0.00196646,2.28483e-05,0.9556552145117376,0.9952200104602625
803341.0,500,0.01,0.545063,0.99,10000,10,16,0.00581519,3.7466e-06,0.9237426069157881,0.998064386402197
824305.0,500,0.01,0.623484,0.99,10000,10,12,0.00643902,2.97075e-06,0.9197564955899856,0.9982764136227041
735930.0,316,0.0929591,0.216883,0.99,10000,10,12,6.1286e-11,0.000481337,0.999992171462461,0.9780606062070986
664370.0,484,0.019148,0.405164,0.99,10000,10,16,0.00335534,1.14721e-05,0.9420747032808635,0.9966129511370516
700877.0,364,0.200509,0.162845,0.99,10000,10,29,1.10219e-15,0.00106416,0.999999966800753,0.9673785346742364
793909.0,455,0.0795817,0.15932,0.99,10000,10,22,9.3168e-06,0.000118112,0.9969476566379255,0.9891320655136314
824305.0,500,0.01,0.594368,0.99,10000,10,10,0.00625366,3.16382e-06,0.9209199140111747,0.9982212869821132
898684.0,472,0.01,0.594368,0.99,10000,10,24,0.00638572,3.13581e-06,0.9200892998403843,0.9982291781569
748022.0,306,0.0974018,0.228587,0.99,10000,10,30,2.69833e-09,0.000290003,0.9999480545478411,0.9829705255512685
951182.0,486,0.01,0.479732,0.99,10000,10,18,0.00588716,3.73458e-06,0.9232721693255961,0.9980674938551197
664370.0,474,0.019148,0.47583,0.99,10000,10,11,0.00407028,8.56417e-06,0.9362012539308178,0.9970735396807747
692938.0,324,0.0829597,0.268743,0.99,10000,10,31,0.000109786,0.000104603,0.9895221185347418,0.9897724391959764
767348.0,334,0.200509,0.162845,0.99,10000,10,29,2.77149e-16,0.00123709,0.9999999833522073,0.9648277097703319
490551.0,393,0.493004,0.1,0.99,28289,10,19,6.456609999999999e-20,0.00728419,0.9999999997459014,0.9146525337224356
1000000.0,500,0.01,0.594368,0.99,10000,10,24,0.00699953,2.81803e-06,0.9163368061809735,0.9983213010990651
1000000.0,500,0.01,0.594368,0.99,10000,10,24,0.00699953,2.81803e-06,0.9163368061809735,0.9983213010990651
640170.0,373,0.304969,0.123382,0.99,16069,11,24,1.8724400000000006e-18,0.00463371,0.9999999986316287,0.9319286403837855
586989.0,390,0.402638,0.1,0.99,28289,10,19,2.69794e-19,0.00621691,0.999999999480583,0.9211526157694498
622501.0,393,0.402638,0.1,0.99,28289,10,19,1.07038e-18,0.00539607,0.9999999989654083,0.9265420528465436
793909.0,401,0.325814,0.1,0.99,16438,10,22,2.80635e-18,0.00368794,0.9999999983247836,0.9392715881979448
559133.0,393,0.354712,0.128235,0.99,11403,10,25,3.57332e-18,0.00342958,0.9999999981096773,0.9414373839382153
559133.0,409,0.354712,0.128235,0.99,14962,10,23,3.8953200000000014e-18,0.00275854,0.9999999980263435,0.9474781950043604
586989.0,393,0.402638,0.1,0.99,28289,10,19,3.4603600000000007e-19,0.00604507,0.9999999994117518,0.9222499517685037
696757.0,401,0.325814,0.123382,0.99,10000,10,22,1.39571e-17,0.00215189,0.9999999962640798,0.9536115316053655
776589.0,332,0.200509,0.156572,0.99,10000,10,36,5.24873e-17,0.00159014,0.999999992755188,0.9601234404693685
705343.0,248,0.0470108,0.387376,0.989976,10000,10,24,0.000273642,6.616e-05,0.9834578719627733,0.9918661202369349
748022.0,199,0.12803,0.311988,0.99,10000,10,28,5.93382e-13,0.000780507,0.9999992296870766,0.9720624446309274
997211.0,446,0.01,0.398725,0.99,10000,10,10,0.00490722,5.72429e-06,0.9299484475546759,0.997607451149924
515491.0,330,0.323268,0.176502,0.99,11938,10,25,9.76742e-18,0.00236829,0.9999999968747129,0.9513349201171929
748022.0,423,0.0366402,0.263704,0.99,10000,10,28,0.000979574,3.19097e-05,0.9687018530899991,0.994351132856935
639991.0,393,0.325814,0.1,0.99,28289,10,19,9.85968e-19,0.00567167,0.9999999990070408,0.9246895093629048
748022.0,306,0.0974018,0.228587,0.99,10000,10,30,2.69833e-09,0.000290003,0.9999480545478411,0.9829705255512685
918263.0,338,0.01,0.597751,0.99,10000,10,23,0.0051289,5.48115e-06,0.9283836610821246,0.9976588144029146
956083.0,438,0.01,0.456708,0.99,10000,10,15,0.00525571,4.85264e-06,0.9275037242335856,0.9977971291458644
776589.0,332,0.200509,0.162845,0.98353,10000,10,29,2.08978e-16,0.00135755,0.9999999855439287,0.9631550546207489
639991.0,401,0.325814,0.123382,0.99,16438,10,22,7.671080000000001e-18,0.00256202,0.9999999972303285,0.9493835994958156
736596.0,268,0.0256298,0.560265,0.99,10000,10,31,0.00245832,1.74061e-05,0.9504185518565663,0.9958279381596146
866949.0,500,0.01,0.466399,0.988872,10000,10,10,0.00547306,4.42885e-06,0.9260198675318839,0.9978955166904915
767140.0,310,0.0377362,0.387376,0.989976,10000,10,24,0.00151246,2.88841e-05,0.9611096412976172,0.9946256070110198
832915.0,385,0.0366035,0.278592,0.99,10000,10,34,0.00131184,2.94812e-05,0.9637806681453123,0.994570340710505
700877.0,400,0.238741,0.131933,0.99,10000,10,25,1.43638e-17,0.00190444,0.9999999962100395,0.9563601099909727
675796.0,311,0.0377362,0.447156,0.989976,10000,10,24,0.00166117,2.68463e-05,0.9592425466938868,0.9948186584748735
735930.0,267,0.02258,0.58752,0.99,10000,10,12,0.00267721,1.60471e-05,0.9482582373705727,0.9959941168264663
651745.0,316,0.02258,0.58752,0.989129,10000,10,12,0.00296611,1.43924e-05,0.9455379948955237,0.9962062683278862
736905.0,244,0.0256298,0.560265,0.99,10000,10,30,0.00196646,2.28483e-05,0.9556552145117376,0.9952200104602625
767516.0,325,0.248346,0.152219,0.99,11938,10,33,3.81961e-17,0.0018066,0.9999999938197006,0.9574958825523926
982927.0,394,0.01,0.440869,0.99,10000,10,10,0.00473384,6.5507e-06,0.9311970930846668,0.9974405664689232
735930.0,267,0.02258,0.53159,0.99,10000,10,10,0.0021508,2.2729e-05,0.9536232817029924,0.995232505899322
664370.0,500,0.019148,0.47583,0.99,10000,10,11,0.00434746,7.89428e-06,0.9340647287106514,0.9971903238620795
951182.0,486,0.01,0.479732,0.99,10000,10,18,0.00588716,3.73458e-06,0.9232721693255961,0.9980674938551197
736596.0,268,0.0256298,0.593383,0.99,10000,10,31,0.00278211,1.56792e-05,0.9472542892739134,0.9960403030418983
748022.0,461,0.121862,0.142611,0.99,10000,10,11,9.23185e-13,0.000529155,0.9999990391748338,0.9769966306815718
700877.0,364,0.200509,0.162845,0.99,10000,10,29,1.10219e-15,0.00106416,0.999999966800753,0.9673785346742364
767348.0,334,0.200509,0.162845,0.99,10000,10,29,2.77149e-16,0.00123709,0.9999999833522073,0.9648277097703319
824305.0,500,0.01,0.594368,0.99,10000,10,10,0.00625366,3.16382e-06,0.9209199140111747,0.9982212869821132
664370.0,484,0.019148,0.47583,0.99,10000,10,15,0.00418871,8.25184e-06,0.9352797558719067,0.9971273983917014
835049.0,332,0.200509,0.159149,0.99,10000,10,42,2.98262e-13,0.00094281,0.9999994538663167,0.9692947887159199
832915.0,326,0.0366035,0.278592,0.99,10000,10,32,0.000538036,4.42495e-05,0.9768043969683907,0.9933479702345825
639991.0,393,0.325814,0.1,0.99,28289,10,19,9.85968e-19,0.00567167,0.9999999990070408,0.9246895093629048
664370.0,484,0.019148,0.503414,0.99,10000,10,16,0.00448136,7.65721e-06,0.9330570392050068,0.9972328335792728
686705.0,490,0.019148,0.423199,0.99,10000,10,15,0.00380403,9.28187e-06,0.9383231810158792,0.9969533838443283
665088.0,484,0.019148,0.423199,0.99,10000,10,13,0.00357867,1.02427e-05,0.940178014075091,0.9967995781528055
997211.0,394,0.01,0.423091,0.99,10000,10,10,0.00461099,7.01501e-06,0.9320957291475713,0.99735141358457
559133.0,388,0.354712,0.128235,0.99,11403,10,25,3.4134400000000008e-18,0.00360845,0.9999999981524502,0.9399296246058009
687971.0,484,0.019148,0.432794,0.99,10000,10,18,0.00387012,9.06554e-06,0.937789711461849,0.9969890964811207
735930.0,316,0.0929591,0.216883,0.99,10000,10,12,6.1286e-11,0.000481337,0.999992171462461,0.9780606062070986
1000000.0,500,0.01,0.412029,0.99,10000,10,24,0.00558881,4.18636e-06,0.9252416559840977,0.9979539403723254
870711.0,497,0.01,0.491263,0.99,10000,10,19,0.00570004,3.9381e-06,0.9245013907412858,0.9980155353366714
669857.0,484,0.019148,0.423199,0.99,10000,10,13,0.00361326,1.00587e-05,0.9398896015651202,0.9968284546353552
736275.0,319,0.02258,0.541078,0.99,10000,10,10,0.00318385,1.2711e-05,0.9435743852492505,0.996434751060585
664992.0,484,0.019148,0.405164,0.99,10000,10,16,0.00335965,1.14368e-05,0.9420375121306892,0.9966181661779443
863940.0,500,0.01,0.544391,0.99,10000,10,17,0.00610767,3.37133e-06,0.9218484165227601,0.9981638818120829
832915.0,326,0.0366035,0.278592,0.99,10000,10,32,0.000538036,4.42495e-05,0.9768043969683907,0.9933479702345825
824305.0,500,0.01,0.623484,0.99,10000,10,12,0.00643902,2.97075e-06,0.9197564955899856,0.9982764136227041
832915.0,385,0.0366035,0.278592,0.99,10000,10,34,0.00131184,2.94812e-05,0.9637806681453123,0.994570340710505
735930.0,267,0.02258,0.549782,0.99,10000,10,28,0.00234544,1.95022e-05,0.9515702570727451,0.9955838704729141
793909.0,455,0.0795817,0.15932,0.99,10000,10,22,9.3168e-06,0.000118112,0.9969476566379255,0.9891320655136314
1000000.0,214,0.0416255,0.311988,0.99,10000,10,31,0.000144686,7.17704e-05,0.9879714506277772,0.9915282587386063
736275.0,319,0.0176891,0.63372,0.99,10000,10,23,0.00403627,8.88438e-06,0.9364683543421076,0.99701933228957
797390.0,326,0.0366035,0.304663,0.99,10000,10,35,0.000732456,3.81203e-05,0.9729360756725859,0.9938258360889914
906629.0,500,0.01,0.594368,0.99,10000,10,33,0.00663423,2.91675e-06,0.9185492173149945,0.9982921504750125
909669.0,326,0.0366035,0.274891,0.99,10000,10,34,0.000832545,3.55744e-05,0.9711461441051633,0.9940355721146115
735930.0,267,0.02258,0.543391,0.99,10000,10,10,0.00225924,2.07998e-05,0.9524685367361786,0.9954393202261066
559133.0,415,0.354712,0.128235,0.99,11403,10,25,5.1416800000000014e-18,0.00272038,0.9999999977324727,0.947842737801913
736905.0,244,0.0256298,0.560265,0.99,10000,10,30,0.00196646,2.28483e-05,0.9556552145117376,0.9952200104602625
803341.0,500,0.01,0.545063,0.99,10000,10,16,0.00581519,3.7466e-06,0.9237426069157881,0.998064386402197
898684.0,472,0.01,0.594368,0.99,10000,10,24,0.00638572,3.13581e-06,0.9200892998403843,0.9982291781569
664370.0,484,0.019148,0.405164,0.99,10000,10,16,0.00335534,1.14721e-05,0.9420747032808635,0.9966129511370516
722215.0,319,0.02258,0.541078,0.99,10000,10,12,0.0030917,1.30815e-05,0.944396942530109,0.9963831643664662
947118.0,500,0.01,0.594368,0.99,10000,10,24,0.00680002,2.85896e-06,0.9175377662199234,0.9983091540578751
898684.0,500,0.01,0.594368,0.99,10000,10,33,0.00660033,2.93093e-06,0.9187575849694263,0.9982880040887899
664370.0,474,0.019148,0.47583,0.99,10000,10,11,0.00407028,8.56417e-06,0.9362012539308178,0.9970735396807747
692938.0,324,0.0829597,0.268743,0.99,10000,10,31,0.000109786,0.000104603,0.9895221185347418,0.9897724391959764
1000000.0,500,0.01,0.594368,0.99,10000,10,24,0.00699953,2.81803e-06,0.9163368061809735,0.9983213010990651
1000000.0,500,0.01,0.594368,0.99,10000,10,24,0.00699953,2.81803e-06,0.9163368061809735,0.9983213010990651
490551.0,393,0.493004,0.1,0.99,28289,10,19,6.456609999999999e-20,0.00728419,0.9999999997459014,0.9146525337224356
586989.0,390,0.402638,0.1,0.99,28289,10,19,2.69794e-19,0.00621691,0.999999999480583,0.9211526157694498
793909.0,401,0.325814,0.1,0.99,16438,10,22,2.80635e-18,0.00368794,0.9999999983247836,0.9392715881979448
622501.0,393,0.402638,0.1,0.99,28289,10,19,1.07038e-18,0.00539607,0.9999999989654083,0.9265420528465436
640170.0,373,0.304969,0.123382,0.99,16069,11,24,1.8724400000000006e-18,0.00463371,0.9999999986316287,0.9319286403837855
559133.0,393,0.354712,0.128235,0.99,11403,10,25,3.57332e-18,0.00342958,0.9999999981096773,0.9414373839382153
793909.0,365,0.427283,0.1,0.99,16438,10,22,1.53e-18,0.00466576,0.9999999987630683,0.9316936313364559
559133.0,409,0.354712,0.128235,0.99,14962,10,23,3.8953200000000014e-18,0.00275854,0.9999999980263435,0.9474781950043604
700877.0,364,0.200509,0.162845,0.99,10000,10,29,1.10219e-15,0.00106416,0.999999966800753,0.9673785346742364
739679.0,459,0.121862,0.142611,0.99,10000,10,11,2.52288e-13,0.000598338,0.9999994977172111,0.9755390515310628
700877.0,400,0.238741,0.131933,0.99,10000,10,25,1.43638e-17,0.00190444,0.9999999962100395,0.9563601099909727
748022.0,423,0.0366402,0.263704,0.99,10000,10,28,0.000979574,3.19097e-05,0.9687018530899991,0.994351132856935
675796.0,311,0.0377362,0.447156,0.989976,10000,10,24,0.00166117,2.68463e-05,0.9592425466938868,0.9948186584748735
696757.0,401,0.325814,0.123382,0.99,10000,10,22,1.39571e-17,0.00215189,0.9999999962640798,0.9536115316053655
586989.0,393,0.402638,0.1,0.99,28289,10,19,3.4603600000000007e-19,0.00604507,0.9999999994117518,0.9222499517685037
705343.0,248,0.0470108,0.387376,0.989976,10000,10,24,0.000273642,6.616e-05,0.9834578719627733,0.9918661202369349
997211.0,446,0.01,0.398725,0.99,10000,10,10,0.00490722,5.72429e-06,0.9299484475546759,0.997607451149924
515491.0,330,0.323268,0.176502,0.99,11938,10,25,9.76742e-18,0.00236829,0.9999999968747129,0.9513349201171929
736427.0,253,0.0256298,0.560265,0.99,10000,10,30,0.00214822,2.0287e-05,0.9536511057305571,0.9954958907650902
715229.0,383,0.325814,0.1,0.99,16438,10,23,8.375300000000002e-19,0.00573089,0.9999999990848334,0.9242973580381768
767140.0,310,0.0377362,0.387376,0.989976,10000,10,24,0.00151246,2.88841e-05,0.9611096412976172,0.9946256070110198
776589.0,332,0.200509,0.162845,0.98353,10000,10,29,2.08978e-16,0.00135755,0.9999999855439287,0.9631550546207489
947118.0,500,0.01,0.594368,0.99,10000,10,24,0.00680002,2.85896e-06,0.9175377662199234,0.9983091540578751
639991.0,401,0.325814,0.123382,0.99,16438,10,22,7.671080000000001e-18,0.00256202,0.9999999972303285,0.9493835994958156
748022.0,306,0.0974018,0.228587,0.99,10000,10,30,2.69833e-09,0.000290003,0.9999480545478411,0.9829705255512685
736596.0,268,0.0256298,0.560265,0.99,10000,10,31,0.00245832,1.74061e-05,0.9504185518565663,0.9958279381596146
832915.0,385,0.0366035,0.278592,0.99,10000,10,34,0.00131184,2.94812e-05,0.9637806681453123,0.994570340710505
735930.0,267,0.02258,0.58752,0.99,10000,10,12,0.00267721,1.60471e-05,0.9482582373705727,0.9959941168264663
735930.0,267,0.02258,0.549782,0.99,10000,10,28,0.00234544,1.95022e-05,0.9515702570727451,0.9955838704729141
736905.0,244,0.0256298,0.560265,0.99,10000,10,30,0.00196646,2.28483e-05,0.9556552145117376,0.9952200104602625
797390.0,326,0.0366035,0.304663,0.99,10000,10,35,0.000732456,3.81203e-05,0.9729360756725859,0.9938258360889914
700877.0,418,0.20761,0.131933,0.99,10000,10,27,2.17208e-17,0.00164458,0.9999999953394421,0.9594465784427504
918263.0,338,0.01,0.597751,0.99,10000,10,23,0.0051289,5.48115e-06,0.9283836610821246,0.9976588144029146
982927.0,394,0.01,0.440869,0.99,10000,10,10,0.00473384,6.5507e-06,0.9311970930846668,0.9974405664689232
664370.0,500,0.019148,0.47583,0.99,10000,10,11,0.00434746,7.89428e-06,0.9340647287106514,0.9971903238620795
767348.0,334,0.200509,0.162845,0.99,10000,10,29,2.77149e-16,0.00123709,0.9999999833522073,0.9648277097703319
664370.0,484,0.019148,0.47583,0.99,10000,10,15,0.00418871,8.25184e-06,0.9352797558719067,0.9971273983917014
776589.0,332,0.200509,0.156572,0.99,10000,10,36,5.24873e-17,0.00159014,0.999999992755188,0.9601234404693685
832915.0,326,0.0366035,0.278592,0.99,10000,10,32,0.000538036,4.42495e-05,0.9768043969683907,0.9933479702345825
951182.0,486,0.01,0.479732,0.99,10000,10,18,0.00588716,3.73458e-06,0.9232721693255961,0.9980674938551197
736275.0,319,0.02258,0.541078,0.99,10000,10,10,0.00318385,1.2711e-05,0.9435743852492505,0.996434751060585
639991.0,393,0.325814,0.1,0.99,28289,10,19,9.85968e-19,0.00567167,0.9999999990070408,0.9246895093629048
664370.0,484,0.019148,0.503414,0.99,10000,10,16,0.00448136,7.65721e-06,0.9330570392050068,0.9972328335792728
736596.0,268,0.0256298,0.593383,0.99,10000,10,31,0.00278211,1.56792e-05,0.9472542892739134,0.9960403030418983
686705.0,490,0.019148,0.423199,0.99,10000,10,15,0.00380403,9.28187e-06,0.9383231810158792,0.9969533838443283
665088.0,484,0.019148,0.423199,0.99,10000,10,13,0.00357867,1.02427e-05,0.940178014075091,0.9967995781528055
997211.0,394,0.01,0.423091,0.99,10000,10,10,0.00461099,7.01501e-06,0.9320957291475713,0.99735141358457
909669.0,326,0.0366035,0.274891,0.99,10000,10,34,0.000832545,3.55744e-05,0.9711461441051633,0.9940355721146115
824305.0,500,0.01,0.594368,0.99,10000,10,10,0.00625366,3.16382e-06,0.9209199140111747,0.9982212869821132
559133.0,388,0.354712,0.128235,0.99,11403,10,25,3.4134400000000008e-18,0.00360845,0.9999999981524502,0.9399296246058009
687971.0,484,0.019148,0.432794,0.99,10000,10,18,0.00387012,9.06554e-06,0.937789711461849,0.9969890964811207
735930.0,316,0.0929591,0.216883,0.99,10000,10,12,6.1286e-11,0.000481337,0.999992171462461,0.9780606062070986
870711.0,497,0.01,0.491263,0.99,10000,10,19,0.00570004,3.9381e-06,0.9245013907412858,0.9980155353366714
669857.0,484,0.019148,0.423199,0.99,10000,10,13,0.00361326,1.00587e-05,0.9398896015651202,0.9968284546353552
664992.0,484,0.019148,0.405164,0.99,10000,10,16,0.00335965,1.14368e-05,0.9420375121306892,0.9966181661779443
863940.0,497,0.01,0.544391,0.99,10000,10,17,0.00608415,3.39592e-06,0.921999038467465,0.9981571977859792
722215.0,319,0.02258,0.541078,0.99,10000,10,12,0.0030917,1.30815e-05,0.944396942530109,0.9963831643664662
866949.0,500,0.01,0.449893,0.988872,10000,10,14,0.00532737,4.76506e-06,0.9270111652374146,0.9978170982614877
832915.0,326,0.0366035,0.278592,0.99,10000,10,32,0.000538036,4.42495e-05,0.9768043969683907,0.9933479702345825
824305.0,500,0.01,0.623484,0.99,10000,10,12,0.00643902,2.97075e-06,0.9197564955899856,0.9982764136227041
832915.0,385,0.0366035,0.278592,0.99,10000,10,34,0.00131184,2.94812e-05,0.9637806681453123,0.994570340710505
1000000.0,214,0.0416255,0.311988,0.99,10000,10,31,0.000144686,7.17704e-05,0.9879714506277772,0.9915282587386063
898684.0,500,0.01,0.594368,0.99,10000,10,33,0.00660033,2.93093e-06,0.9187575849694263,0.9982880040887899
559133.0,415,0.354712,0.128235,0.99,11403,10,25,5.1416800000000014e-18,0.00272038,0.9999999977324727,0.947842737801913
1000000.0,500,0.01,0.412029,0.99,10000,10,24,0.00558881,4.18636e-06,0.9252416559840977,0.9979539403723254
803341.0,500,0.01,0.545063,0.99,10000,10,16,0.00581519,3.7466e-06,0.9237426069157881,0.998064386402197
736905.0,244,0.0256298,0.560265,0.99,10000,10,30,0.00196646,2.28483e-05,0.9556552145117376,0.9952200104602625
898684.0,472,0.01,0.594368,0.99,10000,10,24,0.00638572,3.13581e-06,0.9200892998403843,0.9982291781569
718293.0,319,0.0188326,0.524325,0.99,10000,10,23,0.00293895,1.56562e-05,0.9457879164761213,0.9960432083704092
866949.0,500,0.01,0.466399,0.988872,10000,10,10,0.00547306,4.42885e-06,0.9260198675318839,0.9978955166904915
692938.0,324,0.0829597,0.268743,0.99,10000,10,31,0.000109786,0.000104603,0.9895221185347418,0.9897724391959764
664370.0,484,0.019148,0.405164,0.99,10000,10,16,0.00335534,1.14721e-05,0.9420747032808635,0.9966129511370516
748022.0,241,0.0813978,0.311988,0.99,10000,10,28,5.23752e-06,0.000135439,0.9977114371321723,0.9883621737424896
736275.0,319,0.0176891,0.63372,0.99,10000,10,23,0.00403627,8.88438e-06,0.9364683543421076,0.99701933228957
912993.0,500,0.01,0.594368,0.99,10000,10,24,0.0066609,2.90537e-06,0.9183856630241966,0.9982954854063399
586989.0,390,0.402638,0.1,0.99,28624,10,19,3.18848e-19,0.00618461,0.9999999994353337,0.9213577085786534
651745.0,316,0.02258,0.58752,0.989129,10000,10,12,0.00296611,1.43924e-05,0.9455379948955237,0.9962062683278862
664370.0,474,0.019148,0.47583,0.99,10000,10,11,0.00407028,8.56417e-06,0.9362012539308178,0.9970735396807747
1000000.0,500,0.01,0.594368,0.99,10000,10,24,0.00699953,2.81803e-06,0.9163368061809735,0.9983213010990651
436240.0,393,0.493004,0.1,0.99,28289,10,19,1.7467e-20,0.00836123,0.9999999998678373,0.9085602384080098
1000000.0,500,0.01,0.594368,0.99,10000,10,24,0.00699953,2.81803e-06,0.9163368061809735,0.9983213010990651
490551.0,393,0.493004,0.1,0.99,28289,10,19,6.456609999999999e-20,0.00728419,0.9999999997459014,0.9146525337224356
490551.0,397,0.493004,0.1,0.99,28289,10,19,8.60812e-20,0.00705597,0.999999999706604,0.9160001785716184
793909.0,401,0.325814,0.1,0.99,16438,10,22,2.80635e-18,0.00368794,0.9999999983247836,0.9392715881979448
622501.0,393,0.402638,0.1,0.99,28289,10,19,1.07038e-18,0.00539607,0.9999999989654083,0.9265420528465436
640170.0,373,0.304969,0.123382,0.99,16069,11,24,1.8724400000000006e-18,0.00463371,0.9999999986316287,0.9319286403837855
586989.0,390,0.402638,0.1,0.99,28289,10,19,2.69794e-19,0.00621691,0.999999999480583,0.9211526157694498
559133.0,393,0.354712,0.128235,0.99,11403,10,25,3.57332e-18,0.00342958,0.9999999981096773,0.9414373839382153
793909.0,365,0.427283,0.1,0.99,16438,10,22,1.53e-18,0.00466576,0.9999999987630683,0.9316936313364559
559133.0,409,0.354712,0.128235,0.99,14962,10,23,3.8953200000000014e-18,0.00275854,0.9999999980263435,0.9474781950043604
832915.0,385,0.0222664,0.336247,0.99,10000,10,34,0.00227189,1.70101e-05,0.9523356527370824,0.9958756697513415
735930.0,267,0.02258,0.58752,0.99,10000,10,12,0.00267721,1.60471e-05,0.9482582373705727,0.9959941168264663
700877.0,364,0.200509,0.162845,0.99,10000,10,29,1.10219e-15,0.00106416,0.999999966800753,0.9673785346742364
739679.0,459,0.121862,0.142611,0.99,10000,10,11,2.52288e-13,0.000598338,0.9999994977172111,0.9755390515310628
675796.0,311,0.0377362,0.447156,0.989976,10000,10,24,0.00166117,2.68463e-05,0.9592425466938868,0.9948186584748735
700877.0,400,0.238741,0.131933,0.99,10000,10,25,1.43638e-17,0.00190444,0.9999999962100395,0.9563601099909727
918263.0,338,0.01,0.597751,0.99,10000,10,23,0.0051289,5.48115e-06,0.9283836610821246,0.9976588144029146
705343.0,248,0.0470108,0.387376,0.989976,10000,10,24,0.000273642,6.616e-05,0.9834578719627733,0.9918661202369349
696757.0,401,0.325814,0.123382,0.99,10000,10,22,1.39571e-17,0.00215189,0.9999999962640798,0.9536115316053655
586989.0,393,0.402638,0.1,0.99,28289,10,19,3.4603600000000007e-19,0.00604507,0.9999999994117518,0.9222499517685037
863940.0,497,0.01,0.544391,0.99,10000,10,17,0.00608415,3.39592e-06,0.921999038467465,0.9981571977859792
767140.0,310,0.0377362,0.387376,0.989976,10000,10,24,0.00151246,2.88841e-05,0.9611096412976172,0.9946256070110198
866949.0,500,0.01,0.449893,0.988872,10000,10,14,0.00532737,4.76506e-06,0.9270111652374146,0.9978170982614877
515491.0,330,0.323268,0.176502,0.99,11938,10,25,9.76742e-18,0.00236829,0.9999999968747129,0.9513349201171929
947118.0,500,0.01,0.594368,0.99,10000,10,24,0.00680002,2.85896e-06,0.9175377662199234,0.9983091540578751
715229.0,383,0.325814,0.1,0.99,16438,10,23,8.375300000000002e-19,0.00573089,0.9999999990848334,0.9242973580381768
736905.0,244,0.0256298,0.560265,0.99,10000,10,30,0.00196646,2.28483e-05,0.9556552145117376,0.9952200104602625
824305.0,500,0.01,0.594368,0.99,10000,10,10,0.00625366,3.16382e-06,0.9209199140111747,0.9982212869821132
776589.0,332,0.200509,0.162845,0.98353,10000,10,29,2.08978e-16,0.00135755,0.9999999855439287,0.9631550546207489
639991.0,401,0.325814,0.123382,0.99,16438,10,22,7.671080000000001e-18,0.00256202,0.9999999972303285,0.9493835994958156
639991.0,393,0.325814,0.1,0.99,28289,10,19,9.85968e-19,0.00567167,0.9999999990070408,0.9246895093629048
664370.0,484,0.019148,0.47583,0.99,10000,10,15,0.00418871,8.25184e-06,0.9352797558719067,0.9971273983917014
832915.0,326,0.0366035,0.278592,0.99,10000,10,32,0.000538036,4.42495e-05,0.9768043969683907,0.9933479702345825
736275.0,319,0.02258,0.541078,0.99,10000,10,10,0.00318385,1.2711e-05,0.9435743852492505,0.996434751060585
664370.0,484,0.019148,0.503414,0.99,10000,10,16,0.00448136,7.65721e-06,0.9330570392050068,0.9972328335792728
997211.0,446,0.01,0.398725,0.99,10000,10,10,0.00490722,5.72429e-06,0.9299484475546759,0.997607451149924
700877.0,418,0.20761,0.131933,0.99,10000,10,27,2.17208e-17,0.00164458,0.9999999953394421,0.9594465784427504
736596.0,268,0.0256298,0.593383,0.99,10000,10,31,0.00278211,1.56792e-05,0.9472542892739134,0.9960403030418983
866949.0,500,0.01,0.466399,0.988872,10000,10,10,0.00547306,4.42885e-06,0.9260198675318839,0.9978955166904915
735930.0,316,0.0929591,0.216883,0.99,10000,10,12,6.1286e-11,0.000481337,0.999992171462461,0.9780606062070986
686705.0,490,0.019148,0.423199,0.99,10000,10,15,0.00380403,9.28187e-06,0.9383231810158792,0.9969533838443283
982927.0,394,0.01,0.440869,0.99,10000,10,10,0.00473384,6.5507e-06,0.9311970930846668,0.9974405664689232
748022.0,423,0.0366402,0.263704,0.99,10000,10,28,0.000979574,3.19097e-05,0.9687018530899991,0.994351132856935
665088.0,484,0.019148,0.423199,0.99,10000,10,13,0.00357867,1.02427e-05,0.940178014075091,0.9967995781528055
997211.0,394,0.01,0.423091,0.99,10000,10,10,0.00461099,7.01501e-06,0.9320957291475713,0.99735141358457
909669.0,326,0.0366035,0.274891,0.99,10000,10,34,0.000832545,3.55744e-05,0.9711461441051633,0.9940355721146115
776589.0,332,0.200509,0.156572,0.99,10000,10,36,5.24873e-17,0.00159014,0.999999992755188,0.9601234404693685
687971.0,484,0.019148,0.432794,0.99,10000,10,18,0.00387012,9.06554e-06,0.937789711461849,0.9969890964811207
832915.0,371,0.0366035,0.278592,0.99,10000,10,30,0.00111284,3.11673e-05,0.9666407434135591,0.9944172318694039
1000000.0,500,0.01,0.412029,0.99,10000,10,24,0.00558881,4.18636e-06,0.9252416559840977,0.9979539403723254
870711.0,497,0.01,0.491263,0.99,10000,10,19,0.00570004,3.9381e-06,0.9245013907412858,0.9980155353366714
669857.0,484,0.019148,0.423199,0.99,10000,10,13,0.00361326,1.00587e-05,0.9398896015651202,0.9968284546353552
664992.0,484,0.019148,0.405164,0.99,10000,10,16,0.00335965,1.14368e-05,0.9420375121306892,0.9966181661779443
898684.0,500,0.01,0.594368,0.99,10000,10,33,0.00660033,2.93093e-06,0.9187575849694263,0.9982880040887899
722215.0,319,0.02258,0.541078,0.99,10000,10,12,0.0030917,1.30815e-05,0.944396942530109,0.9963831643664662
559133.0,388,0.354712,0.128235,0.99,11403,10,25,3.4134400000000008e-18,0.00360845,0.9999999981524502,0.9399296246058009
748022.0,306,0.0974018,0.228587,0.99,10000,10,30,2.69833e-09,0.000290003,0.9999480545478411,0.9829705255512685
824305.0,500,0.01,0.623484,0.99,10000,10,12,0.00643902,2.97075e-06,0.9197564955899856,0.9982764136227041
736427.0,253,0.0256298,0.560265,0.99,10000,10,30,0.00214822,2.0287e-05,0.9536511057305571,0.9954958907650902
748022.0,241,0.0813978,0.311988,0.99,10000,10,28,5.23752e-06,0.000135439,0.9977114371321723,0.9883621737424896
832915.0,385,0.0366035,0.278592,0.99,10000,10,34,0.00131184,2.94812e-05,0.9637806681453123,0.994570340710505
736275.0,319,0.0176891,0.63372,0.99,10000,10,23,0.00403627,8.88438e-06,0.9364683543421076,0.99701933228957
912993.0,500,0.01,0.594368,0.99,10000,10,24,0.0066609,2.90537e-06,0.9183856630241966,0.9982954854063399
782991.0,326,0.0366035,0.304663,0.99,10000,10,35,0.000666177,4.08034e-05,0.9741895951213468,0.9936122460911522
832915.0,385,0.0366035,0.278592,0.99,10000,10,34,0.00131184,2.94812e-05,0.9637806681453123,0.994570340710505
951182.0,486,0.01,0.479732,0.99,10000,10,18,0.00588716,3.73458e-06,0.9232721693255961,0.9980674938551197
1000000.0,214,0.0416255,0.311988,0.99,10000,10,31,0.000144686,7.17704e-05,0.9879714506277772,0.9915282587386063
692938.0,324,0.0829597,0.268743,0.99,10000,10,31,0.000109786,0.000104603,0.9895221185347418,0.9897724391959764
803341.0,500,0.01,0.545063,0.99,10000,10,16,0.00581519,3.7466e-06,0.9237426069157881,0.998064386402197
898684.0,472,0.01,0.594368,0.99,10000,10,24,0.00638572,3.13581e-06,0.9200892998403843,0.9982291781569
718293.0,319,0.0188326,0.524325,0.99,10000,10,23,0.00293895,1.56562e-05,0.9457879164761213,0.9960432083704092
769174.0,244,0.0256298,0.548629,0.99,10000,10,30,0.00206226,2.09713e-05,0.9545878870784457,0.9954205568024049
664370.0,484,0.019148,0.405164,0.99,10000,10,16,0.00335534,1.14721e-05,0.9420747032808635,0.9966129511370516
873244.0,478,0.0109374,0.423091,0.99,10000,10,10,0.00486571,5.86061e-06,0.9302453585773678,0.997579130321558
797390.0,326,0.0366035,0.304663,0.99,10000,10,35,0.000732456,3.81203e-05,0.9729360756725859,0.9938258360889914
559133.0,415,0.354712,0.128235,0.99,11403,10,25,5.1416800000000014e-18,0.00272038,0.9999999977324727,0.947842737801913
788337.0,422,0.0182106,0.47583,0.99,10000,10,15,0.00434736,8.04797e-06,0.9340654870344824,0.9971631055712276
651745.0,316,0.02258,0.58752,0.989129,10000,10,12,0.00296611,1.43924e-05,0.9455379948955237,0.9962062683278862
1000000.0,500,0.01,0.594368,0.99,10000,10,24,0.00699953,2.81803e-06,0.9163368061809735,0.9983213010990651
436240.0,393,0.493004,0.1,0.99,28289,10,19,1.7467e-20,0.00836123,0.9999999998678373,0.9085602384080098
1000000.0,500,0.01,0.594368,0.99,10000,10,24,0.00699953,2.81803e-06,0.9163368061809735,0.9983213010990651
490551.0,393,0.493004,0.1,0.99,28289,10,19,6.456609999999999e-20,0.00728419,0.9999999997459014,0.9146525337224356
523293.0,370,0.493004,0.1,0.99,28289,10,16,3.5536499999999995e-20,0.00814537,0.9999999998114887,0.9097482964149707
793909.0,391,0.325814,0.1,0.99,16438,10,22,2.13334e-18,0.00414458,0.9999999985394042,0.9356215874690902
559133.0,393,0.354712,0.128235,0.99,11403,10,25,3.57332e-18,0.00342958,0.9999999981096773,0.9414373839382153
586989.0,393,0.402638,0.1,0.99,28289,10,19,3.4603600000000007e-19,0.00604507,0.9999999994117518,0.9222499517685037
700877.0,364,0.200509,0.162845,0.99,10000,10,29,1.10219e-15,0.00106416,0.999999966800753,0.9673785346742364
586989.0,387,0.402638,0.1,0.99,28289,10,26,2.54574e-19,0.00634463,0.9999999994954467,0.9203468142507784
490551.0,393,0.548666,0.1,0.99,28164,10,19,1.3373900000000001e-19,0.00695554,0.9999999996342965,0.9166001199041629
559133.0,409,0.354712,0.128235,0.99,14962,10,23,3.8953200000000014e-18,0.00275854,0.9999999980263435,0.9474781950043604
832915.0,385,0.0222664,0.336247,0.99,10000,10,34,0.00227189,1.70101e-05,0.9523356527370824,0.9958756697513415
622501.0,401,0.402638,0.1,0.99,22670,10,19,3.82794e-19,0.00541263,0.9999999993812965,0.9264294216415285
713476.0,401,0.325814,0.1,0.99,16438,10,22,1.2671e-18,0.00485248,0.9999999988743447,0.9303402555273134
735930.0,267,0.02258,0.58752,0.99,10000,10,12,0.00267721,1.60471e-05,0.9482582373705727,0.9959941168264663
739679.0,459,0.121862,0.142611,0.99,10000,10,11,2.52288e-13,0.000598338,0.9999994977172111,0.9755390515310628
700877.0,400,0.238741,0.131933,0.99,10000,10,25,1.43638e-17,0.00190444,0.9999999962100395,0.9563601099909727
700877.0,418,0.2206,0.131933,0.99,10000,10,27,2.15044e-17,0.00157091,0.9999999953627163,0.9603652929870801
790473.0,373,0.304969,0.1,0.99,16069,10,24,1.1628700000000002e-18,0.00530903,0.9999999989216355,0.9271369092063753
793909.0,401,0.325814,0.1,0.99,16438,10,22,2.80635e-18,0.00368794,0.9999999983247836,0.9392715881979448
776589.0,332,0.200509,0.162845,0.98353,10000,10,29,2.08978e-16,0.00135755,0.9999999855439287,0.9631550546207489
918263.0,338,0.01,0.597751,0.99,10000,10,23,0.0051289,5.48115e-06,0.9283836610821246,0.9976588144029146
705343.0,248,0.0470108,0.387376,0.989976,10000,10,24,0.000273642,6.616e-05,0.9834578719627733,0.9918661202369349
832915.0,326,0.0366035,0.278592,0.99,10000,10,32,0.000538036,4.42495e-05,0.9768043969683907,0.9933479702345825
640170.0,373,0.304969,0.123382,0.99,16069,11,24,1.8724400000000006e-18,0.00463371,0.9999999986316287,0.9319286403837855
696757.0,401,0.325814,0.123382,0.99,10000,10,22,1.39571e-17,0.00215189,0.9999999962640798,0.9536115316053655
767140.0,310,0.0377362,0.387376,0.989976,10000,10,24,0.00151246,2.88841e-05,0.9611096412976172,0.9946256070110198
947118.0,500,0.01,0.594368,0.99,10000,10,24,0.00680002,2.85896e-06,0.9175377662199234,0.9983091540578751
832915.0,371,0.0366035,0.278592,0.99,10000,10,30,0.00111284,3.11673e-05,0.9666407434135591,0.9944172318694039
736275.0,319,0.0176891,0.63372,0.99,10000,10,23,0.00403627,8.88438e-06,0.9364683543421076,0.99701933228957
664370.0,484,0.019148,0.47583,0.99,10000,10,15,0.00418871,8.25184e-06,0.9352797558719067,0.9971273983917014
832915.0,379,0.0222664,0.311283,0.99,10000,10,34,0.00179779,2.37932e-05,0.957599646227891,0.9951221726147802
824305.0,500,0.01,0.594368,0.99,10000,10,10,0.00625366,3.16382e-06,0.9209199140111747,0.9982212869821132
748022.0,306,0.0974018,0.228587,0.99,10000,10,30,2.69833e-09,0.000290003,0.9999480545478411,0.9829705255512685
639991.0,401,0.325814,0.123382,0.99,16438,10,22,7.671080000000001e-18,0.00256202,0.9999999972303285,0.9493835994958156
788337.0,422,0.0182106,0.47583,0.99,10000,10,15,0.00434736,8.04797e-06,0.9340654870344824,0.9971631055712276
675796.0,311,0.0377362,0.447156,0.989976,10000,10,24,0.00166117,2.68463e-05,0.9592425466938868,0.9948186584748735
748022.0,423,0.0366402,0.263704,0.99,10000,10,28,0.000979574,3.19097e-05,0.9687018530899991,0.994351132856935
866949.0,500,0.01,0.449893,0.988872,10000,10,14,0.00532737,4.76506e-06,0.9270111652374146,0.9978170982614877
490551.0,397,0.493004,0.1,0.99,28289,10,19,8.60812e-20,0.00705597,0.999999999706604,0.9160001785716184
736905.0,244,0.0256298,0.560265,0.99,10000,10,30,0.00196646,2.28483e-05,0.9556552145117376,0.9952200104602625
748022.0,241,0.0813978,0.311988,0.99,10000,10,28,5.23752e-06,0.000135439,0.9977114371321723,0.9883621737424896
736275.0,319,0.02258,0.541078,0.99,10000,10,10,0.00318385,1.2711e-05,0.9435743852492505,0.996434751060585
664370.0,484,0.019148,0.503414,0.99,10000,10,16,0.00448136,7.65721e-06,0.9330570392050068,0.9972328335792728
997211.0,446,0.01,0.398725,0.99,10000,10,10,0.00490722,5.72429e-06,0.9299484475546759,0.997607451149924
736596.0,268,0.0256298,0.593383,0.99,10000,10,31,0.00278211,1.56792e-05,0.9472542892739134,0.9960403030418983
735930.0,316,0.0929591,0.216883,0.99,10000,10,12,6.1286e-11,0.000481337,0.999992171462461,0.9780606062070986
686705.0,490,0.019148,0.423199,0.99,10000,10,15,0.00380403,9.28187e-06,0.9383231810158792,0.9969533838443283
982927.0,394,0.01,0.440869,0.99,10000,10,10,0.00473384,6.5507e-06,0.9311970930846668,0.9974405664689232
997211.0,394,0.01,0.423091,0.99,10000,10,10,0.00461099,7.01501e-06,0.9320957291475713,0.99735141358457
909669.0,326,0.0366035,0.274891,0.99,10000,10,34,0.000832545,3.55744e-05,0.9711461441051633,0.9940355721146115
586989.0,390,0.402638,0.1,0.99,28289,10,19,2.69794e-19,0.00621691,0.999999999480583,0.9211526157694498
951182.0,486,0.01,0.479732,0.99,10000,10,18,0.00588716,3.73458e-06,0.9232721693255961,0.9980674938551197
687971.0,484,0.019148,0.432794,0.99,10000,10,18,0.00387012,9.06554e-06,0.937789711461849,0.9969890964811207
665088.0,484,0.019148,0.423199,0.99,10000,10,13,0.00357867,1.02427e-05,0.940178014075091,0.9967995781528055
1000000.0,500,0.01,0.412029,0.99,10000,10,24,0.00558881,4.18636e-06,0.9252416559840977,0.9979539403723254
870711.0,497,0.01,0.491263,0.99,10000,10,19,0.00570004,3.9381e-06,0.9245013907412858,0.9980155353366714
669857.0,484,0.019148,0.423199,0.99,10000,10,13,0.00361326,1.00587e-05,0.9398896015651202,0.9968284546353552
898684.0,500,0.01,0.594368,0.99,10000,10,33,0.00660033,2.93093e-06,0.9187575849694263,0.9982880040887899
686705.0,490,0.019148,0.39077,0.99,10000,10,15,0.00338629,1.10283e-05,0.941808162084361,0.9966791115646563
722215.0,319,0.02258,0.541078,0.99,10000,10,12,0.0030917,1.30815e-05,0.944396942530109,0.9963831643664662
559133.0,388,0.354712,0.128235,0.99,11403,10,25,3.4134400000000008e-18,0.00360845,0.9999999981524502,0.9399296246058009
824305.0,500,0.01,0.623484,0.99,10000,10,12,0.00643902,2.97075e-06,0.9197564955899856,0.9982764136227041
832915.0,372,0.0222664,0.336247,0.99,10000,10,34,0.00209164,1.90025e-05,0.9542655490904286,0.9956408142962245
832915.0,385,0.0366035,0.278592,0.99,10000,10,34,0.00131184,2.94812e-05,0.9637806681453123,0.994570340710505
912993.0,500,0.01,0.594368,0.99,10000,10,24,0.0066609,2.90537e-06,0.9183856630241966,0.9982954854063399
782991.0,326,0.0366035,0.304663,0.99,10000,10,35,0.000666177,4.08034e-05,0.9741895951213468,0.9936122460911522
832915.0,385,0.0366035,0.278592,0.99,10000,10,34,0.00131184,2.94812e-05,0.9637806681453123,0.994570340710505
848262.0,497,0.01,0.551631,0.99,10000,10,17,0.00606174,3.40964e-06,0.9221428230668489,0.9981534789467759
1000000.0,214,0.0416255,0.311988,0.99,10000,10,31,0.000144686,7.17704e-05,0.9879714506277772,0.9915282587386063
692938.0,324,0.0829597,0.268743,0.99,10000,10,31,0.000109786,0.000104603,0.9895221185347418,0.9897724391959764
803341.0,500,0.01,0.545063,0.99,10000,10,16,0.00581519,3.7466e-06,0.9237426069157881,0.998064386402197
898684.0,472,0.01,0.594368,0.99,10000,10,24,0.00638572,3.13581e-06,0.9200892998403843,0.9982291781569
718293.0,319,0.0188326,0.524325,0.99,10000,10,23,0.00293895,1.56562e-05,0.9457879164761213,0.9960432083704092
793909.0,365,0.427283,0.1,0.99,16438,10,22,1.53e-18,0.00466576,0.9999999987630683,0.9316936313364559
515491.0,330,0.323268,0.176502,0.99,11938,10,25,9.76742e-18,0.00236829,0.9999999968747129,0.9513349201171929
866949.0,500,0.01,0.466399,0.988872,10000,10,10,0.00547306,4.42885e-06,0.9260198675318839,0.9978955166904915
664370.0,484,0.019148,0.405164,0.99,10000,10,16,0.00335534,1.14721e-05,0.9420747032808635,0.9966129511370516
873244.0,478,0.0109374,0.423091,0.99,10000,10,10,0.00486571,5.86061e-06,0.9302453585773678,0.997579130321558
1000000.0,500,0.01,0.594368,0.99,10000,10,24,0.00699953,2.81803e-06,0.9163368061809735,0.9983213010990651
436240.0,393,0.493004,0.1,0.99,28289,10,19,1.7467e-20,0.00836123,0.9999999998678373,0.9085602384080098
1000000.0,500,0.01,0.594368,0.99,10000,10,24,0.00699953,2.81803e-06,0.9163368061809735,0.9983213010990651
578298.0,401,0.325814,0.123382,0.99,16438,10,29,2.7990700000000004e-18,0.00335361,0.9999999983269579,0.942089638232869
490551.0,393,0.493004,0.1,0.99,28289,10,12,4.574e-20,0.00755696,0.9999999997861309,0.9130692229414691
793909.0,391,0.325814,0.1,0.99,16438,10,22,2.13334e-18,0.00414458,0.9999999985394042,0.9356215874690902
586989.0,393,0.402638,0.1,0.99,28289,10,19,3.4603600000000007e-19,0.00604507,0.9999999994117518,0.9222499517685037
523293.0,370,0.493004,0.1,0.99,28289,10,16,3.5536499999999995e-20,0.00814537,0.9999999998114887,0.9097482964149707
559133.0,409,0.354712,0.128235,0.99,14962,10,23,3.8953200000000014e-18,0.00275854,0.9999999980263435,0.9474781950043604
622501.0,401,0.402638,0.1,0.99,22670,10,19,3.82794e-19,0.00541263,0.9999999993812965,0.9264294216415285
793909.0,365,0.427283,0.1,0.99,16438,10,22,1.53e-18,0.00466576,0.9999999987630683,0.9316936313364559
700877.0,364,0.200509,0.162845,0.99,10000,10,29,1.10219e-15,0.00106416,0.999999966800753,0.9673785346742364
490551.0,393,0.548666,0.1,0.99,28164,10,19,1.3373900000000001e-19,0.00695554,0.9999999996342965,0.9166001199041629
713476.0,401,0.325814,0.1,0.99,16438,10,22,1.2671e-18,0.00485248,0.9999999988743447,0.9303402555273134
586989.0,387,0.402638,0.1,0.99,28289,10,26,2.54574e-19,0.00634463,0.9999999994954467,0.9203468142507784
735930.0,267,0.02258,0.58752,0.99,10000,10,12,0.00267721,1.60471e-05,0.9482582373705727,0.9959941168264663
739679.0,459,0.121862,0.142611,0.99,10000,10,11,2.52288e-13,0.000598338,0.9999994977172111,0.9755390515310628
700877.0,400,0.238741,0.131933,0.99,10000,10,25,1.43638e-17,0.00190444,0.9999999962100395,0.9563601099909727
790473.0,373,0.304969,0.1,0.99,16069,10,24,1.1628700000000002e-18,0.00530903,0.9999999989216355,0.9271369092063753
742062.0,401,0.372217,0.1,0.99,14917,10,22,1.79628e-18,0.00416752,0.9999999986597463,0.935443668010024
918263.0,338,0.01,0.597751,0.99,10000,10,23,0.0051289,5.48115e-06,0.9283836610821246,0.9976588144029146
490551.0,393,0.493004,0.1,0.99,28289,10,19,6.456609999999999e-20,0.00728419,0.9999999997459014,0.9146525337224356
832915.0,385,0.0222664,0.336247,0.99,10000,10,34,0.00227189,1.70101e-05,0.9523356527370824,0.9958756697513415
848262.0,497,0.01,0.551631,0.99,10000,10,17,0.00606174,3.40964e-06,0.9221428230668489,0.9981534789467759
700877.0,364,0.160282,0.162845,0.99,10000,10,31,1.89698e-16,0.00128208,0.9999999862269103,0.9641938552759446
767140.0,310,0.0377362,0.387376,0.989976,10000,10,24,0.00151246,2.88841e-05,0.9611096412976172,0.9946256070110198
700877.0,418,0.2206,0.131933,0.99,10000,10,27,2.15044e-17,0.00157091,0.9999999953627163,0.9603652929870801
866949.0,500,0.01,0.449893,0.988872,10000,10,14,0.00532737,4.76506e-06,0.9270111652374146,0.9978170982614877
515491.0,330,0.323268,0.176502,0.99,11938,10,25,9.76742e-18,0.00236829,0.9999999968747129,0.9513349201171929
832915.0,326,0.0366035,0.278592,0.99,10000,10,32,0.000538036,4.42495e-05,0.9768043969683907,0.9933479702345825
947118.0,500,0.01,0.594368,0.99,10000,10,24,0.00680002,2.85896e-06,0.9175377662199234,0.9983091540578751
832915.0,371,0.0366035,0.278592,0.99,10000,10,30,0.00111284,3.11673e-05,0.9666407434135591,0.9944172318694039
639991.0,401,0.325814,0.123382,0.99,16438,10,22,7.671080000000001e-18,0.00256202,0.9999999972303285,0.9493835994958156
824305.0,500,0.01,0.594368,0.99,10000,10,10,0.00625366,3.16382e-06,0.9209199140111747,0.9982212869821132
909669.0,326,0.0366035,0.274891,0.99,10000,10,34,0.000832545,3.55744e-05,0.9711461441051633,0.9940355721146115
736275.0,319,0.0176891,0.63372,0.99,10000,10,23,0.00403627,8.88438e-06,0.9364683543421076,0.99701933228957
664370.0,484,0.019148,0.47583,0.99,10000,10,15,0.00418871,8.25184e-06,0.9352797558719067,0.9971273983917014
832915.0,372,0.0222664,0.336247,0.99,10000,10,34,0.00209164,1.90025e-05,0.9542655490904286,0.9956408142962245
832915.0,379,0.0222664,0.311283,0.99,10000,10,34,0.00179779,2.37932e-05,0.957599646227891,0.9951221726147802
782991.0,326,0.0366035,0.304663,0.99,10000,10,35,0.000666177,4.08034e-05,0.9741895951213468,0.9936122460911522
736905.0,244,0.0256298,0.560265,0.99,10000,10,30,0.00196646,2.28483e-05,0.9556552145117376,0.9952200104602625
788337.0,422,0.0182106,0.47583,0.99,10000,10,15,0.00434736,8.04797e-06,0.9340654870344824,0.9971631055712276
748022.0,423,0.0366402,0.263704,0.99,10000,10,28,0.000979574,3.19097e-05,0.9687018530899991,0.994351132856935
832915.0,305,0.0366035,0.278592,0.99,10000,10,26,0.000340494,6.11436e-05,0.9815475204918147,0.99218056268009
736275.0,319,0.02258,0.541078,0.99,10000,10,10,0.00318385,1.2711e-05,0.9435743852492505,0.996434751060585
664370.0,484,0.019148,0.503414,0.99,10000,10,16,0.00448136,7.65721e-06,0.9330570392050068,0.9972328335792728
997211.0,446,0.01,0.398725,0.99,10000,10,10,0.00490722,5.72429e-06,0.9299484475546759,0.997607451149924
736596.0,268,0.0256298,0.593383,0.99,10000,10,31,0.00278211,1.56792e-05,0.9472542892739134,0.9960403030418983
866949.0,500,0.01,0.466399,0.988872,10000,10,10,0.00547306,4.42885e-06,0.9260198675318839,0.9978955166904915
997211.0,394,0.01,0.423091,0.99,10000,10,10,0.00461099,7.01501e-06,0.9320957291475713,0.99735141358457
586989.0,390,0.402638,0.1,0.99,28289,10,19,2.69794e-19,0.00621691,0.999999999480583,0.9211526157694498
951182.0,486,0.01,0.479732,0.99,10000,10,18,0.00588716,3.73458e-06,0.9232721693255961,0.9980674938551197
732510.0,400,0.248126,0.131933,0.99,11521,10,21,9.94352e-17,0.00149097,0.99999999002828,0.9613869193148229
722215.0,319,0.02258,0.541078,0.99,10000,10,12,0.0030917,1.30815e-05,0.944396942530109,0.9963831643664662
687971.0,484,0.019148,0.432794,0.99,10000,10,18,0.00387012,9.06554e-06,0.937789711461849,0.9969890964811207
665088.0,484,0.019148,0.423199,0.99,10000,10,13,0.00357867,1.02427e-05,0.940178014075091,0.9967995781528055
1000000.0,500,0.01,0.412029,0.99,10000,10,24,0.00558881,4.18636e-06,0.9252416559840977,0.9979539403723254
870711.0,497,0.01,0.491263,0.99,10000,10,19,0.00570004,3.9381e-06,0.9245013907412858,0.9980155353366714
686705.0,490,0.019148,0.39077,0.99,10000,10,15,0.00338629,1.10283e-05,0.941808162084361,0.9966791115646563
898684.0,500,0.01,0.594368,0.99,10000,10,33,0.00660033,2.93093e-06,0.9187575849694263,0.9982880040887899
490551.0,397,0.493004,0.1,0.99,28289,10,19,8.60812e-20,0.00705597,0.999999999706604,0.9160001785716184
824305.0,500,0.01,0.623484,0.99,10000,10,12,0.00643902,2.97075e-06,0.9197564955899856,0.9982764136227041
696757.0,401,0.325814,0.123382,0.99,10000,10,23,1.40614e-17,0.00215011,0.9999999962501467,0.9536307213771876
705343.0,248,0.0470108,0.387376,0.989976,10000,10,24,0.000273642,6.616e-05,0.9834578719627733,0.9918661202369349
664370.0,484,0.019148,0.405164,0.99,10000,10,16,0.00335534,1.14721e-05,0.9420747032808635,0.9966129511370516
832915.0,385,0.0366035,0.278592,0.99,10000,10,34,0.00131184,2.94812e-05,0.9637806681453123,0.994570340710505
748022.0,306,0.0974018,0.228587,0.99,10000,10,30,2.69833e-09,0.000290003,0.9999480545478411,0.9829705255512685
912993.0,500,0.01,0.594368,0.99,10000,10,24,0.0066609,2.90537e-06,0.9183856630241966,0.9982954854063399
1000000.0,500,0.01,0.594368,0.99,10000,10,23,0.00699946,2.81904e-06,0.9163372245260774,0.9983210002977964
832915.0,385,0.0366035,0.278592,0.99,10000,10,34,0.00131184,2.94812e-05,0.9637806681453123,0.994570340710505
1000000.0,214,0.0416255,0.311988,0.99,10000,10,31,0.000144686,7.17704e-05,0.9879714506277772,0.9915282587386063
643521.0,452,0.019148,0.47583,0.99,10000,10,16,0.00368175,1.00034e-05,0.939322574214128,0.9968371847983165
686705.0,490,0.019148,0.423199,0.99,10000,10,15,0.00380403,9.28187e-06,0.9383231810158792,0.9969533838443283
803341.0,500,0.01,0.545063,0.99,10000,10,16,0.00581519,3.7466e-06,0.9237426069157881,0.998064386402197
898684.0,472,0.01,0.594368,0.99,10000,10,24,0.00638572,3.13581e-06,0.9200892998403843,0.9982291781569
696757.0,401,0.325814,0.123382,0.99,10000,10,22,1.39571e-17,0.00215189,0.9999999962640798,0.9536115316053655
832915.0,385,0.0222664,0.336247,0.99,10000,10,34,0.00227189,1.70101e-05,0.9523356527370824,0.9958756697513415
718293.0,319,0.0188326,0.524325,0.99,10000,10,23,0.00293895,1.56562e-05,0.9457879164761213,0.9960432083704092
735930.0,316,0.0929591,0.216883,0.99,10000,10,12,6.1286e-11,0.000481337,0.999992171462461,0.9780606062070986
692938.0,324,0.0829597,0.268743,0.99,10000,10,31,0.000109786,0.000104603,0.9895221185347418,0.9897724391959764
1000000.0,500,0.01,0.594368,0.99,10000,10,24,0.00699953,2.81803e-06,0.9163368061809735,0.9983213010990651
436240.0,393,0.493004,0.1,0.99,28289,10,19,1.7467e-20,0.00836123,0.9999999998678373,0.9085602384080098
1000000.0,500,0.01,0.594368,0.99,10000,10,24,0.00699953,2.81803e-06,0.9163368061809735,0.9983213010990651
578298.0,401,0.325814,0.123382,0.99,16438,10,29,2.7990700000000004e-18,0.00335361,0.9999999983269579,0.942089638232869
622501.0,401,0.402638,0.1,0.99,22670,10,19,3.82794e-19,0.00541263,0.9999999993812965,0.9264294216415285
793909.0,391,0.325814,0.1,0.99,16438,10,22,2.13334e-18,0.00414458,0.9999999985394042,0.9356215874690902
586989.0,393,0.402638,0.1,0.99,28289,10,19,3.4603600000000007e-19,0.00604507,0.9999999994117518,0.9222499517685037
540132.0,393,0.402638,0.1,0.99,28289,10,19,1.15354e-19,0.00687712,0.9999999996603619,0.9170715971454895
436240.0,400,0.514006,0.1,0.99,28715,10,18,3.29507e-20,0.00781646,0.9999999998184768,0.9115892540468071
586989.0,387,0.402638,0.1,0.99,28289,10,26,2.54574e-19,0.00634463,0.9999999994954467,0.9203468142507784
793909.0,365,0.427283,0.1,0.99,16438,10,22,1.53e-18,0.00466576,0.9999999987630683,0.9316936313364559
735930.0,267,0.02258,0.58752,0.99,10000,10,12,0.00267721,1.60471e-05,0.9482582373705727,0.9959941168264663
586989.0,425,0.402638,0.1,0.99,22924,10,19,5.84864e-19,0.00486154,0.999999999235236,0.9302752554683776
559133.0,409,0.354712,0.128235,0.99,14962,10,23,3.8953200000000014e-18,0.00275854,0.9999999980263435,0.9474781950043604
490551.0,393,0.493004,0.1,0.99,28289,10,12,4.574e-20,0.00755696,0.9999999997861309,0.9130692229414691
997211.0,446,0.01,0.398725,0.99,10000,10,10,0.00490722,5.72429e-06,0.9299484475546759,0.997607451149924
742062.0,401,0.372217,0.1,0.99,14917,10,22,1.79628e-18,0.00416752,0.9999999986597463,0.935443668010024
997211.0,394,0.01,0.423091,0.99,10000,10,10,0.00461099,7.01501e-06,0.9320957291475713,0.99735141358457
748022.0,306,0.0974018,0.228587,0.99,10000,10,30,2.69833e-09,0.000290003,0.9999480545478411,0.9829705255512685
490551.0,393,0.493004,0.1,0.99,28289,10,19,6.456609999999999e-20,0.00728419,0.9999999997459014,0.9146525337224356
832915.0,385,0.0222664,0.336247,0.99,10000,10,34,0.00227189,1.70101e-05,0.9523356527370824,0.9958756697513415
700877.0,375,0.200509,0.162845,0.99,10000,10,27,1.90892e-13,0.00084417,0.9999995630881096,0.9709453962339873
832915.0,379,0.0222664,0.311283,0.99,10000,10,34,0.00179779,2.37932e-05,0.957599646227891,0.9951221726147802
490551.0,377,0.493004,0.1,0.99,28289,10,19,2.9903799999999995e-20,0.00825159,0.9999999998270729,0.909161737136821
700877.0,364,0.160282,0.162845,0.99,10000,10,31,1.89698e-16,0.00128208,0.9999999862269103,0.9641938552759446
832915.0,326,0.0366035,0.278592,0.99,10000,10,32,0.000538036,4.42495e-05,0.9768043969683907,0.9933479702345825
490551.0,397,0.493004,0.1,0.99,28289,10,19,8.60812e-20,0.00705597,0.999999999706604,0.9160001785716184
947118.0,500,0.01,0.594368,0.99,10000,10,24,0.00680002,2.85896e-06,0.9175377662199234,0.9983091540578751
832915.0,371,0.0366035,0.278592,0.99,10000,10,30,0.00111284,3.11673e-05,0.9666407434135591,0.9944172318694039
692938.0,324,0.0829597,0.268743,0.99,10000,10,31,0.000109786,0.000104603,0.9895221185347418,0.9897724391959764
639991.0,401,0.325814,0.123382,0.99,16438,10,22,7.671080000000001e-18,0.00256202,0.9999999972303285,0.9493835994958156
909669.0,326,0.0366035,0.274891,0.99,10000,10,34,0.000832545,3.55744e-05,0.9711461441051633,0.9940355721146115
736275.0,319,0.0176891,0.63372,0.99,10000,10,23,0.00403627,8.88438e-06,0.9364683543421076,0.99701933228957
700877.0,418,0.2206,0.131933,0.99,10000,10,27,2.15044e-17,0.00157091,0.9999999953627163,0.9603652929870801
664370.0,484,0.019148,0.47583,0.99,10000,10,15,0.00418871,8.25184e-06,0.9352797558719067,0.9971273983917014
718293.0,319,0.0188326,0.524325,0.99,10000,10,23,0.00293895,1.56562e-05,0.9457879164761213,0.9960432083704092
848262.0,497,0.01,0.551631,0.99,10000,10,17,0.00606174,3.40964e-06,0.9221428230668489,0.9981534789467759
739679.0,459,0.121862,0.142611,0.99,10000,10,11,2.52288e-13,0.000598338,0.9999994977172111,0.9755390515310628
782991.0,326,0.0366035,0.304663,0.99,10000,10,35,0.000666177,4.08034e-05,0.9741895951213468,0.9936122460911522
665088.0,484,0.019148,0.423199,0.99,10000,10,13,0.00357867,1.02427e-05,0.940178014075091,0.9967995781528055
788337.0,422,0.0182106,0.47583,0.99,10000,10,15,0.00434736,8.04797e-06,0.9340654870344824,0.9971631055712276
767140.0,310,0.0377362,0.387376,0.989976,10000,10,24,0.00151246,2.88841e-05,0.9611096412976172,0.9946256070110198
748022.0,423,0.0366402,0.263704,0.99,10000,10,28,0.000979574,3.19097e-05,0.9687018530899991,0.994351132856935
694791.0,400,0.248126,0.131933,0.99,11521,10,21,1.70831e-17,0.00186934,0.9999999958668293,0.9567641352578672
918263.0,338,0.01,0.597751,0.99,10000,10,23,0.0051289,5.48115e-06,0.9283836610821246,0.9976588144029146
515491.0,330,0.323268,0.176502,0.99,11938,10,25,9.76742e-18,0.00236829,0.9999999968747129,0.9513349201171929
736275.0,319,0.02258,0.541078,0.99,10000,10,10,0.00318385,1.2711e-05,0.9435743852492505,0.996434751060585
664370.0,484,0.019148,0.503414,0.99,10000,10,16,0.00448136,7.65721e-06,0.9330570392050068,0.9972328335792728
736596.0,268,0.0256298,0.593383,0.99,10000,10,31,0.00278211,1.56792e-05,0.9472542892739134,0.9960403030418983
735930.0,316,0.0929591,0.216883,0.99,10000,10,12,6.1286e-11,0.000481337,0.999992171462461,0.9780606062070986
586989.0,390,0.402638,0.1,0.99,28289,10,19,2.69794e-19,0.00621691,0.999999999480583,0.9211526157694498
722215.0,319,0.02258,0.541078,0.99,10000,10,12,0.0030917,1.30815e-05,0.944396942530109,0.9963831643664662
951182.0,486,0.01,0.479732,0.99,10000,10,18,0.00588716,3.73458e-06,0.9232721693255961,0.9980674938551197
700877.0,400,0.238741,0.131933,0.99,10000,10,25,1.43638e-17,0.00190444,0.9999999962100395,0.9563601099909727
687971.0,484,0.019148,0.432794,0.99,10000,10,18,0.00387012,9.06554e-06,0.937789711461849,0.9969890964811207
824305.0,500,0.01,0.623484,0.99,10000,10,12,0.00643902,2.97075e-06,0.9197564955899856,0.9982764136227041
870711.0,497,0.01,0.491263,0.99,10000,10,19,0.00570004,3.9381e-06,0.9245013907412858,0.9980155353366714
643521.0,452,0.019148,0.47583,0.99,10000,10,16,0.00368175,1.00034e-05,0.939322574214128,0.9968371847983165
686705.0,490,0.019148,0.39077,0.99,10000,10,15,0.00338629,1.10283e-05,0.941808162084361,0.9966791115646563
832915.0,305,0.0366035,0.278592,0.99,10000,10,26,0.000340494,6.11436e-05,0.9815475204918147,0.99218056268009
898684.0,500,0.01,0.594368,0.99,10000,10,33,0.00660033,2.93093e-06,0.9187575849694263,0.9982880040887899
824711.0,500,0.01,0.442873,0.99,10000,10,18,0.00505267,5.72398e-06,0.9289178644102472,0.9976075159352673
696757.0,401,0.325814,0.123382,0.99,10000,10,23,1.40614e-17,0.00215011,0.9999999962501467,0.9536307213771876
767140.0,310,0.0377362,0.387376,0.989976,10000,10,24,0.00151246,2.88841e-05,0.9611096412976172,0.9946256070110198
664370.0,484,0.019148,0.405164,0.99,10000,10,16,0.00335534,1.14721e-05,0.9420747032808635,0.9966129511370516
1000000.0,500,0.01,0.412029,0.99,10000,10,24,0.00558881,4.18636e-06,0.9252416559840977,0.9979539403723254
832915.0,385,0.0366035,0.278592,0.99,10000,10,34,0.00131184,2.94812e-05,0.9637806681453123,0.994570340710505
912993.0,500,0.01,0.594368,0.99,10000,10,24,0.0066609,2.90537e-06,0.9183856630241966,0.9982954854063399
1000000.0,500,0.01,0.594368,0.99,10000,10,23,0.00699946,2.81904e-06,0.9163372245260774,0.9983210002977964
832915.0,385,0.0366035,0.278592,0.99,10000,10,34,0.00131184,2.94812e-05,0.9637806681453123,0.994570340710505
866949.0,500,0.01,0.449893,0.988872,10000,10,14,0.00532737,4.76506e-06,0.9270111652374146,0.9978170982614877
1000000.0,214,0.0416255,0.311988,0.99,10000,10,31,0.000144686,7.17704e-05,0.9879714506277772,0.9915282587386063
736905.0,244,0.0256298,0.560265,0.99,10000,10,30,0.00196646,2.28483e-05,0.9556552145117376,0.9952200104602625
705343.0,248,0.0470108,0.387376,0.989976,10000,10,24,0.000273642,6.616e-05,0.9834578719627733,0.9918661202369349
912993.0,500,0.01,0.524845,0.99,10000,10,24,0.00619152,3.3317e-06,0.9213137877388929,0.9981747055032133
686705.0,490,0.019148,0.423199,0.99,10000,10,15,0.00380403,9.28187e-06,0.9383231810158792,0.9969533838443283
803341.0,500,0.01,0.545063,0.99,10000,10,16,0.00581519,3.7466e-06,0.9237426069157881,0.998064386402197
832915.0,372,0.0222664,0.336247,0.99,10000,10,34,0.00209164,1.90025e-05,0.9542655490904286,0.9956408142962245
824305.0,491,0.01,0.623484,0.99,10000,10,13,0.00637217,3.04122e-06,0.9201741270013287,0.9982560905986835
700877.0,364,0.200509,0.162845,0.99,10000,10,29,1.10219e-15,0.00106416,0.999999966800753,0.9673785346742364
432312.0,393,0.414841,0.1,0.99,26025,10,19,5.22714e-21,0.00906215,0.999999999927701,0.9048046744845105
1000000.0,500,0.01,0.594368,0.99,10000,10,24,0.00699953,2.81803e-06,0.9163368061809735,0.9983213010990651
1000000.0,500,0.01,0.594368,0.99,10000,10,24,0.00699953,2.81803e-06,0.9163368061809735,0.9983213010990651
578298.0,401,0.325814,0.123382,0.99,16438,10,29,2.7990700000000004e-18,0.00335361,0.9999999983269579,0.942089638232869
436240.0,393,0.493004,0.1,0.99,28289,10,19,1.7467e-20,0.00836123,0.9999999998678373,0.9085602384080098
622501.0,401,0.402638,0.1,0.99,22670,10,19,3.82794e-19,0.00541263,0.9999999993812965,0.9264294216415285
559133.0,409,0.354712,0.128235,0.99,14962,10,23,3.8953200000000014e-18,0.00275854,0.9999999980263435,0.9474781950043604
801677.0,391,0.325814,0.1,0.99,16438,10,22,2.29923e-18,0.00403563,0.9999999984836788,0.9364733914017126
832915.0,385,0.0222664,0.336247,0.99,10000,10,34,0.00227189,1.70101e-05,0.9523356527370824,0.9958756697513415
592994.0,431,0.402638,0.1,0.99,22670,10,19,7.92764e-19,0.00453112,0.999999999109627,0.9326864055335031
735930.0,267,0.02258,0.58752,0.99,10000,10,12,0.00267721,1.60471e-05,0.9482582373705727,0.9959941168264663
586989.0,387,0.402638,0.1,0.99,28289,10,26,2.54574e-19,0.00634463,0.9999999994954467,0.9203468142507784
616496.0,393,0.402638,0.1,0.99,25074,10,19,3.62463e-19,0.00575338,0.999999999397951,0.9241489617737503
832915.0,379,0.0222664,0.311283,0.99,10000,10,34,0.00179779,2.37932e-05,0.957599646227891,0.9951221726147802
700877.0,418,0.2206,0.131933,0.99,10000,10,27,2.15044e-17,0.00157091,0.9999999953627163,0.9603652929870801
436240.0,400,0.514006,0.1,0.99,28715,10,18,3.29507e-20,0.00781646,0.9999999998184768,0.9115892540468071
997211.0,394,0.01,0.423091,0.99,10000,10,10,0.00461099,7.01501e-06,0.9320957291475713,0.99735141358457
586989.0,414,0.473817,0.1,0.99,22924,10,19,5.52447e-19,0.00490267,0.9999999992567322,0.9299809311687166
449349.0,393,0.493004,0.1,0.99,28289,10,19,2.00415e-20,0.00812399,0.999999999858432,0.9098668207595005
586989.0,387,0.33001,0.1,0.99,28289,10,20,1.62822e-19,0.00686581,0.9999999995964879,0.9171398165582528
490551.0,393,0.493004,0.1,0.99,28289,10,12,4.574e-20,0.00755696,0.9999999997861309,0.9130692229414691
866949.0,500,0.01,0.449893,0.988872,10000,10,14,0.00532737,4.76506e-06,0.9270111652374146,0.9978170982614877
700877.0,364,0.160282,0.162845,0.99,10000,10,31,1.89698e-16,0.00128208,0.9999999862269103,0.9641938552759446
490551.0,393,0.493004,0.1,0.99,28289,10,19,6.456609999999999e-20,0.00728419,0.9999999997459014,0.9146525337224356
700877.0,375,0.200509,0.162845,0.99,10000,10,27,1.90892e-13,0.00084417,0.9999995630881096,0.9709453962339873
696757.0,401,0.325814,0.123382,0.99,10000,10,23,1.40614e-17,0.00215011,0.9999999962501467,0.9536307213771876
947118.0,500,0.01,0.594368,0.99,10000,10,24,0.00680002,2.85896e-06,0.9175377662199234,0.9983091540578751
700877.0,364,0.200509,0.162845,0.99,10000,10,29,1.10219e-15,0.00106416,0.999999966800753,0.9673785346742364
832915.0,371,0.0366035,0.278592,0.99,10000,10,30,0.00111284,3.11673e-05,0.9666407434135591,0.9944172318694039
909669.0,326,0.0366035,0.274891,0.99,10000,10,34,0.000832545,3.55744e-05,0.9711461441051633,0.9940355721146115
736275.0,319,0.0176891,0.63372,0.99,10000,10,23,0.00403627,8.88438e-06,0.9364683543421076,0.99701933228957
515491.0,330,0.323268,0.176502,0.99,11938,10,25,9.76742e-18,0.00236829,0.9999999968747129,0.9513349201171929
490551.0,397,0.493004,0.1,0.99,28289,10,19,8.60812e-20,0.00705597,0.999999999706604,0.9160001785716184
692938.0,324,0.0829597,0.268743,0.99,10000,10,31,0.000109786,0.000104603,0.9895221185347418,0.9897724391959764
664370.0,484,0.019148,0.47583,0.99,10000,10,15,0.00418871,8.25184e-06,0.9352797558719067,0.9971273983917014
718293.0,319,0.0188326,0.524325,0.99,10000,10,23,0.00293895,1.56562e-05,0.9457879164761213,0.9960432083704092
912993.0,500,0.01,0.524845,0.99,10000,10,24,0.00619152,3.3317e-06,0.9213137877388929,0.9981747055032133
832915.0,372,0.0222664,0.336247,0.99,10000,10,34,0.00209164,1.90025e-05,0.9542655490904286,0.9956408142962245
848262.0,497,0.01,0.551631,0.99,10000,10,17,0.00606174,3.40964e-06,0.9221428230668489,0.9981534789467759
639991.0,401,0.325814,0.123382,0.99,16438,10,22,7.671080000000001e-18,0.00256202,0.9999999972303285,0.9493835994958156
782991.0,326,0.0366035,0.304663,0.99,10000,10,35,0.000666177,4.08034e-05,0.9741895951213468,0.9936122460911522
742062.0,401,0.372217,0.1,0.99,14917,10,22,1.79628e-18,0.00416752,0.9999999986597463,0.935443668010024
736905.0,244,0.0256298,0.560265,0.99,10000,10,30,0.00196646,2.28483e-05,0.9556552145117376,0.9952200104602625
665088.0,484,0.019148,0.423199,0.99,10000,10,13,0.00357867,1.02427e-05,0.940178014075091,0.9967995781528055
997211.0,446,0.01,0.398725,0.99,10000,10,10,0.00490722,5.72429e-06,0.9299484475546759,0.997607451149924
788337.0,422,0.0182106,0.47583,0.99,10000,10,15,0.00434736,8.04797e-06,0.9340654870344824,0.9971631055712276
586989.0,425,0.402638,0.1,0.99,22924,10,19,5.84864e-19,0.00486154,0.999999999235236,0.9302752554683776
767140.0,310,0.0377362,0.387376,0.989976,10000,10,24,0.00151246,2.88841e-05,0.9611096412976172,0.9946256070110198
748022.0,423,0.0366402,0.263704,0.99,10000,10,28,0.000979574,3.19097e-05,0.9687018530899991,0.994351132856935
739679.0,459,0.121862,0.142611,0.99,10000,10,11,2.52288e-13,0.000598338,0.9999994977172111,0.9755390515310628
918263.0,338,0.01,0.597751,0.99,10000,10,23,0.0051289,5.48115e-06,0.9283836610821246,0.9976588144029146
748022.0,306,0.0974018,0.228587,0.99,10000,10,30,2.69833e-09,0.000290003,0.9999480545478411,0.9829705255512685
736275.0,319,0.02258,0.541078,0.99,10000,10,10,0.00318385,1.2711e-05,0.9435743852492505,0.996434751060585
664370.0,484,0.019148,0.503414,0.99,10000,10,16,0.00448136,7.65721e-06,0.9330570392050068,0.9972328335792728
736596.0,268,0.0256298,0.593383,0.99,10000,10,31,0.00278211,1.56792e-05,0.9472542892739134,0.9960403030418983
979516.0,379,0.01,0.549448,0.99,10000,10,10,0.00553303,4.40971e-06,0.925615660250292,0.9979000690487542
694791.0,400,0.248126,0.131933,0.99,11521,10,21,1.70831e-17,0.00186934,0.9999999958668293,0.9567641352578672
824305.0,491,0.01,0.623484,0.99,10000,10,13,0.00637217,3.04122e-06,0.9201741270013287,0.9982560905986835
722215.0,319,0.02258,0.541078,0.99,10000,10,12,0.0030917,1.30815e-05,0.944396942530109,0.9963831643664662
951182.0,486,0.01,0.479732,0.99,10000,10,18,0.00588716,3.73458e-06,0.9232721693255961,0.9980674938551197
687971.0,484,0.019148,0.432794,0.99,10000,10,18,0.00387012,9.06554e-06,0.937789711461849,0.9969890964811207
586989.0,390,0.402638,0.1,0.99,28289,10,19,2.69794e-19,0.00621691,0.999999999480583,0.9211526157694498
824305.0,500,0.01,0.623484,0.99,10000,10,12,0.00643902,2.97075e-06,0.9197564955899856,0.9982764136227041
870711.0,497,0.01,0.491263,0.99,10000,10,19,0.00570004,3.9381e-06,0.9245013907412858,0.9980155353366714
643521.0,452,0.019148,0.47583,0.99,10000,10,16,0.00368175,1.00034e-05,0.939322574214128,0.9968371847983165
586989.0,393,0.402638,0.1,0.99,28289,10,22,3.58168e-19,0.00602105,0.9999999994015286,0.922404574877123
686705.0,490,0.019148,0.39077,0.99,10000,10,15,0.00338629,1.10283e-05,0.941808162084361,0.9966791115646563
898684.0,500,0.01,0.594368,0.99,10000,10,33,0.00660033,2.93093e-06,0.9187575849694263,0.9982880040887899
824711.0,500,0.01,0.442873,0.99,10000,10,18,0.00505267,5.72398e-06,0.9289178644102472,0.9976075159352673
832915.0,305,0.0366035,0.278592,0.99,10000,10,26,0.000340494,6.11436e-05,0.9815475204918147,0.99218056268009
735930.0,316,0.0929591,0.216883,0.99,10000,10,12,6.1286e-11,0.000481337,0.999992171462461,0.9780606062070986
700877.0,400,0.238741,0.131933,0.99,10000,10,25,1.43638e-17,0.00190444,0.9999999962100395,0.9563601099909727
748022.0,423,0.0366402,0.232203,0.99,10000,10,28,0.00048249,5.16029e-05,0.9780343449904174,0.9928164841477171
767140.0,310,0.0377362,0.387376,0.989976,10000,10,24,0.00151246,2.88841e-05,0.9611096412976172,0.9946256070110198
705343.0,248,0.0470108,0.387376,0.989976,10000,10,24,0.000273642,6.616e-05,0.9834578719627733,0.9918661202369349
664370.0,484,0.019148,0.405164,0.99,10000,10,16,0.00335534,1.14721e-05,0.9420747032808635,0.9966129511370516
832915.0,385,0.0366035,0.278592,0.99,10000,10,34,0.00131184,2.94812e-05,0.9637806681453123,0.994570340710505
912993.0,500,0.01,0.594368,0.99,10000,10,24,0.0066609,2.90537e-06,0.9183856630241966,0.9982954854063399
1000000.0,500,0.01,0.594368,0.99,10000,10,23,0.00699946,2.81904e-06,0.9163372245260774,0.9983210002977964
832915.0,385,0.0366035,0.278592,0.99,10000,10,34,0.00131184,2.94812e-05,0.9637806681453123,0.994570340710505
1000000.0,500,0.01,0.594368,0.99,10000,10,24,0.00699953,2.81803e-06,0.9163368061809735,0.9983213010990651
1000000.0,500,0.01,0.594368,0.99,10000,10,24,0.00699953,2.81803e-06,0.9163368061809735,0.9983213010990651
432312.0,393,0.414841,0.1,0.99,26025,10,19,5.22714e-21,0.00906215,0.999999999927701,0.9048046744845105
578298.0,401,0.325814,0.123382,0.99,16438,10,29,2.7990700000000004e-18,0.00335361,0.9999999983269579,0.942089638232869
380646.0,397,0.414841,0.115136,0.99,26025,10,19,6.179179999999999e-20,0.00675493,0.9999999997514204,0.9178116188260166
436240.0,393,0.493004,0.1,0.99,28289,10,19,1.7467e-20,0.00836123,0.9999999998678373,0.9085602384080098
490551.0,393,0.493004,0.1,0.99,28289,10,12,4.574e-20,0.00755696,0.9999999997861309,0.9130692229414691
801677.0,391,0.325814,0.1,0.99,16438,10,22,2.29923e-18,0.00403563,0.9999999984836788,0.9364733914017126
559133.0,409,0.354712,0.128235,0.99,14962,10,23,3.8953200000000014e-18,0.00275854,0.9999999980263435,0.9474781950043604
592994.0,431,0.402638,0.1,0.99,22670,10,19,7.92764e-19,0.00453112,0.999999999109627,0.9326864055335031
616496.0,393,0.402638,0.1,0.99,25074,10,19,3.62463e-19,0.00575338,0.999999999397951,0.9241489617737503
832915.0,379,0.0222664,0.311283,0.99,10000,10,34,0.00179779,2.37932e-05,0.957599646227891,0.9951221726147802
700877.0,418,0.2206,0.131933,0.99,10000,10,27,2.15044e-17,0.00157091,0.9999999953627163,0.9603652929870801
997211.0,446,0.01,0.398725,0.99,10000,10,10,0.00490722,5.72429e-06,0.9299484475546759,0.997607451149924
436240.0,400,0.514006,0.1,0.99,28715,10,18,3.29507e-20,0.00781646,0.9999999998184768,0.9115892540468071
735930.0,267,0.02258,0.58752,0.99,10000,10,12,0.00267721,1.60471e-05,0.9482582373705727,0.9959941168264663
449349.0,393,0.493004,0.1,0.99,28289,10,19,2.00415e-20,0.00812399,0.999999999858432,0.9098668207595005
876496.0,372,0.0222664,0.336247,0.99,10000,10,34,0.00235183,1.66753e-05,0.9515043300902029,0.9959164598691821
866949.0,500,0.01,0.449893,0.988872,10000,10,14,0.00532737,4.76506e-06,0.9270111652374146,0.9978170982614877
586989.0,414,0.473817,0.1,0.99,22924,10,19,5.52447e-19,0.00490267,0.9999999992567322,0.9299809311687166
622501.0,401,0.414022,0.1,0.99,22670,10,16,4.13924e-19,0.00537691,0.9999999993566308,0.9266725835720363
700877.0,364,0.160282,0.162845,0.99,10000,10,31,1.89698e-16,0.00128208,0.9999999862269103,0.9641938552759446
586989.0,387,0.402638,0.1,0.99,28289,10,26,2.54574e-19,0.00634463,0.9999999994954467,0.9203468142507784
951182.0,486,0.01,0.479732,0.99,10000,10,18,0.00588716,3.73458e-06,0.9232721693255961,0.9980674938551197
700877.0,375,0.200509,0.162845,0.99,10000,10,27,1.90892e-13,0.00084417,0.9999995630881096,0.9709453962339873
687971.0,484,0.019148,0.432794,0.99,10000,10,18,0.00387012,9.06554e-06,0.937789711461849,0.9969890964811207
748022.0,423,0.0366402,0.232203,0.99,10000,10,28,0.00048249,5.16029e-05,0.9780343449904174,0.9928164841477171
947118.0,500,0.01,0.594368,0.99,10000,10,24,0.00680002,2.85896e-06,0.9175377662199234,0.9983091540578751
700877.0,364,0.200509,0.162845,0.99,10000,10,29,1.10219e-15,0.00106416,0.999999966800753,0.9673785346742364
832915.0,371,0.0366035,0.278592,0.99,10000,10,30,0.00111284,3.11673e-05,0.9666407434135591,0.9944172318694039
742062.0,401,0.372217,0.1,0.99,14917,10,22,1.79628e-18,0.00416752,0.9999999986597463,0.935443668010024
515491.0,330,0.323268,0.176502,0.99,11938,10,25,9.76742e-18,0.00236829,0.9999999968747129,0.9513349201171929
692938.0,324,0.059251,0.268743,0.99,10000,10,31,4.88865e-05,8.80342e-05,0.9930081118429998,0.9906173457913019
705343.0,248,0.0470108,0.387376,0.989976,10000,10,24,0.000273642,6.616e-05,0.9834578719627733,0.9918661202369349
718293.0,319,0.0188326,0.524325,0.99,10000,10,23,0.00293895,1.56562e-05,0.9457879164761213,0.9960432083704092
912993.0,500,0.01,0.524845,0.99,10000,10,24,0.00619152,3.3317e-06,0.9213137877388929,0.9981747055032133
848262.0,497,0.01,0.551631,0.99,10000,10,17,0.00606174,3.40964e-06,0.9221428230668489,0.9981534789467759
997211.0,394,0.01,0.423091,0.99,10000,10,10,0.00461099,7.01501e-06,0.9320957291475713,0.99735141358457
665088.0,484,0.019148,0.423199,0.99,10000,10,13,0.00357867,1.02427e-05,0.940178014075091,0.9967995781528055
788337.0,422,0.0182106,0.47583,0.99,10000,10,15,0.00434736,8.04797e-06,0.9340654870344824,0.9971631055712276
870711.0,497,0.01,0.491263,0.99,10000,10,19,0.00570004,3.9381e-06,0.9245013907412858,0.9980155353366714
643521.0,452,0.019148,0.47583,0.99,10000,10,16,0.00368175,1.00034e-05,0.939322574214128,0.9968371847983165
586989.0,425,0.402638,0.1,0.99,22924,10,19,5.84864e-19,0.00486154,0.999999999235236,0.9302752554683776
767140.0,310,0.0377362,0.387376,0.989976,10000,10,24,0.00151246,2.88841e-05,0.9611096412976172,0.9946256070110198
748022.0,423,0.0366402,0.263704,0.99,10000,10,28,0.000979574,3.19097e-05,0.9687018530899991,0.994351132856935
664370.0,484,0.019148,0.47583,0.99,10000,10,15,0.00418871,8.25184e-06,0.9352797558719067,0.9971273983917014
748022.0,306,0.0974018,0.228587,0.99,10000,10,30,2.69833e-09,0.000290003,0.9999480545478411,0.9829705255512685
739679.0,459,0.121862,0.142611,0.99,10000,10,11,2.52288e-13,0.000598338,0.9999994977172111,0.9755390515310628
586989.0,393,0.402638,0.1,0.99,28289,10,22,3.58168e-19,0.00602105,0.9999999994015286,0.922404574877123
918263.0,338,0.01,0.597751,0.99,10000,10,23,0.0051289,5.48115e-06,0.9283836610821246,0.9976588144029146
832915.0,372,0.0222664,0.336247,0.99,10000,10,34,0.00209164,1.90025e-05,0.9542655490904286,0.9956408142962245
979516.0,379,0.01,0.549448,0.99,10000,10,10,0.00553303,4.40971e-06,0.925615660250292,0.9979000690487542
664370.0,484,0.019148,0.503414,0.99,10000,10,16,0.00448136,7.65721e-06,0.9330570392050068,0.9972328335792728
622501.0,401,0.402638,0.1,0.99,22670,10,19,3.82794e-19,0.00541263,0.9999999993812965,0.9264294216415285
909669.0,326,0.0366035,0.274891,0.99,10000,10,34,0.000832545,3.55744e-05,0.9711461441051633,0.9940355721146115
736596.0,268,0.0256298,0.593383,0.99,10000,10,31,0.00278211,1.56792e-05,0.9472542892739134,0.9960403030418983
832915.0,385,0.0222664,0.336247,0.99,10000,10,34,0.00227189,1.70101e-05,0.9523356527370824,0.9958756697513415
694791.0,400,0.248126,0.131933,0.99,11521,10,21,1.70831e-17,0.00186934,0.9999999958668293,0.9567641352578672
782991.0,326,0.0366035,0.304663,0.99,10000,10,35,0.000666177,4.08034e-05,0.9741895951213468,0.9936122460911522
735930.0,316,0.0929591,0.216883,0.99,10000,10,12,6.1286e-11,0.000481337,0.999992171462461,0.9780606062070986
824305.0,491,0.01,0.623484,0.99,10000,10,13,0.00637217,3.04122e-06,0.9201741270013287,0.9982560905986835
686705.0,490,0.019148,0.39077,0.99,10000,10,15,0.00338629,1.10283e-05,0.941808162084361,0.9966791115646563
898684.0,500,0.01,0.594368,0.99,10000,10,33,0.00660033,2.93093e-06,0.9187575849694263,0.9982880040887899
824711.0,500,0.01,0.442873,0.99,10000,10,18,0.00505267,5.72398e-06,0.9289178644102472,0.9976075159352673
832915.0,305,0.0366035,0.278592,0.99,10000,10,26,0.000340494,6.11436e-05,0.9815475204918147,0.99218056268009
700877.0,400,0.238741,0.131933,0.99,10000,10,25,1.43638e-17,0.00190444,0.9999999962100395,0.9563601099909727
736275.0,319,0.02258,0.541078,0.99,10000,10,10,0.00318385,1.2711e-05,0.9435743852492505,0.996434751060585
736905.0,244,0.0256298,0.560265,0.99,10000,10,30,0.00196646,2.28483e-05,0.9556552145117376,0.9952200104602625
832915.0,305,0.0366035,0.232297,0.99,10000,10,26,3.50888e-05,0.000162906,0.9940764200013843,0.9872365365202074
722215.0,319,0.02258,0.541078,0.99,10000,10,12,0.0030917,1.30815e-05,0.944396942530109,0.9963831643664662
767140.0,310,0.0377362,0.387376,0.989976,10000,10,24,0.00151246,2.88841e-05,0.9611096412976172,0.9946256070110198
664370.0,484,0.019148,0.405164,0.99,10000,10,16,0.00335534,1.14721e-05,0.9420747032808635,0.9966129511370516
832915.0,385,0.0366035,0.278592,0.99,10000,10,34,0.00131184,2.94812e-05,0.9637806681453123,0.994570340710505
490551.0,393,0.493004,0.1,0.99,28289,10,12,4.574e-20,0.00755696,0.9999999997861309,0.9130692229414691
912993.0,500,0.01,0.594368,0.99,10000,10,24,0.0066609,2.90537e-06,0.9183856630241966,0.9982954854063399
1000000.0,500,0.01,0.594368,0.99,10000,10,23,0.00699946,2.81904e-06,0.9163372245260774,0.9983210002977964
832915.0,385,0.0366035,0.278592,0.99,10000,10,34,0.00131184,2.94812e-05,0.9637806681453123,0.994570340710505
736275.0,319,0.0176891,0.63372,0.99,10000,10,23,0.00403627,8.88438e-06,0.9364683543421076,0.99701933228957
696757.0,401,0.325814,0.123382,0.99,10000,10,23,1.40614e-17,0.00215011,0.9999999962501467,0.9536307213771876
824305.0,500,0.01,0.623484,0.99,10000,10,12,0.00643902,2.97075e-06,0.9197564955899856,0.9982764136227041
1000000.0,500,0.01,0.594368,0.99,10000,10,16,0.00699837,2.81796e-06,0.9163437390268965,0.9983213219486751
432312.0,393,0.414841,0.1,0.99,26025,10,19,5.22714e-21,0.00906215,0.999999999927701,0.9048046744845105
592994.0,431,0.402638,0.1,0.99,22670,10,19,7.92764e-19,0.00453112,0.999999999109627,0.9326864055335031
380646.0,397,0.414841,0.153212,0.99,13524,10,21,1.6251300000000001e-18,0.00325216,0.9999999987251942,0.9429722874384743
380646.0,397,0.414841,0.115136,0.99,26025,10,19,6.179179999999999e-20,0.00675493,0.9999999997514204,0.9178116188260166
559133.0,409,0.354712,0.128235,0.99,14962,10,23,3.8953200000000014e-18,0.00275854,0.9999999980263435,0.9474781950043604
490551.0,393,0.493004,0.1,0.99,28289,10,12,4.574e-20,0.00755696,0.9999999997861309,0.9130692229414691
436240.0,393,0.493004,0.1,0.99,28289,10,24,1.6358199999999998e-20,0.00833701,0.9999999998721009,0.9086927713704989
586989.0,387,0.402638,0.1,0.99,28289,10,26,2.54574e-19,0.00634463,0.9999999994954467,0.9203468142507784
380646.0,420,0.452318,0.1,0.99,19185,10,19,9.81185e-21,0.00890298,0.9999999999009452,0.9056443960328799
515491.0,330,0.323268,0.176502,0.99,11938,10,25,9.76742e-18,0.00236829,0.9999999968747129,0.9513349201171929
616496.0,393,0.402638,0.1,0.99,25074,10,19,3.62463e-19,0.00575338,0.999999999397951,0.9241489617737503
832915.0,379,0.0222664,0.311283,0.99,10000,10,34,0.00179779,2.37932e-05,0.957599646227891,0.9951221726147802
586989.0,393,0.402638,0.1,0.99,28289,10,22,3.58168e-19,0.00602105,0.9999999994015286,0.922404574877123
997211.0,446,0.01,0.398725,0.99,10000,10,10,0.00490722,5.72429e-06,0.9299484475546759,0.997607451149924
436240.0,400,0.514006,0.1,0.99,28715,10,18,3.29507e-20,0.00781646,0.9999999998184768,0.9115892540468071
735930.0,267,0.02258,0.58752,0.99,10000,10,12,0.00267721,1.60471e-05,0.9482582373705727,0.9959941168264663
997211.0,394,0.01,0.423091,0.99,10000,10,10,0.00461099,7.01501e-06,0.9320957291475713,0.99735141358457
876496.0,372,0.0222664,0.336247,0.99,10000,10,34,0.00235183,1.66753e-05,0.9515043300902029,0.9959164598691821
449349.0,393,0.493004,0.1,0.99,28289,10,19,2.00415e-20,0.00812399,0.999999999858432,0.9098668207595005
586989.0,414,0.473817,0.1,0.99,22924,10,19,5.52447e-19,0.00490267,0.9999999992567322,0.9299809311687166
700877.0,418,0.2206,0.131933,0.99,10000,10,27,2.15044e-17,0.00157091,0.9999999953627163,0.9603652929870801
622501.0,401,0.414022,0.1,0.99,22670,10,16,4.13924e-19,0.00537691,0.9999999993566308,0.9266725835720363
700877.0,364,0.160282,0.162845,0.99,10000,10,31,1.89698e-16,0.00128208,0.9999999862269103,0.9641938552759446
742062.0,421,0.372217,0.1,0.99,16242,10,22,2.72432e-18,0.00324199,0.9999999983494485,0.9430615244320679
782991.0,326,0.0366035,0.304663,0.99,10000,10,35,0.000666177,4.08034e-05,0.9741895951213468,0.9936122460911522
700877.0,375,0.200509,0.162845,0.99,10000,10,27,1.90892e-13,0.00084417,0.9999995630881096,0.9709453962339873
696757.0,401,0.325814,0.123382,0.99,10000,10,23,1.40614e-17,0.00215011,0.9999999962501467,0.9536307213771876
687971.0,484,0.019148,0.432794,0.99,10000,10,18,0.00387012,9.06554e-06,0.937789711461849,0.9969890964811207
748022.0,423,0.0366402,0.232203,0.99,10000,10,28,0.00048249,5.16029e-05,0.9780343449904174,0.9928164841477171
700877.0,364,0.200509,0.162845,0.99,10000,10,29,1.10219e-15,0.00106416,0.999999966800753,0.9673785346742364
870711.0,497,0.01,0.491263,0.99,10000,10,19,0.00570004,3.9381e-06,0.9245013907412858,0.9980155353366714
832915.0,371,0.0366035,0.278592,0.99,10000,10,30,0.00111284,3.11673e-05,0.9666407434135591,0.9944172318694039
909669.0,326,0.0366035,0.274891,0.99,10000,10,34,0.000832545,3.55744e-05,0.9711461441051633,0.9940355721146115
692938.0,324,0.059251,0.268743,0.99,10000,10,31,4.88865e-05,8.80342e-05,0.9930081118429998,0.9906173457913019
705343.0,248,0.0470108,0.387376,0.989976,10000,10,24,0.000273642,6.616e-05,0.9834578719627733,0.9918661202369349
912993.0,500,0.01,0.524845,0.99,10000,10,24,0.00619152,3.3317e-06,0.9213137877388929,0.9981747055032133
832915.0,372,0.0222664,0.336247,0.99,10000,10,34,0.00209164,1.90025e-05,0.9542655490904286,0.9956408142962245
848262.0,497,0.01,0.551631,0.99,10000,10,17,0.00606174,3.40964e-06,0.9221428230668489,0.9981534789467759
736905.0,244,0.0256298,0.560265,0.99,10000,10,30,0.00196646,2.28483e-05,0.9556552145117376,0.9952200104602625
665088.0,484,0.019148,0.423199,0.99,10000,10,13,0.00357867,1.02427e-05,0.940178014075091,0.9967995781528055
664370.0,484,0.019148,0.47583,0.99,10000,10,15,0.00418871,8.25184e-06,0.9352797558719067,0.9971273983917014
788337.0,422,0.0182106,0.47583,0.99,10000,10,15,0.00434736,8.04797e-06,0.9340654870344824,0.9971631055712276
643521.0,452,0.019148,0.47583,0.99,10000,10,16,0.00368175,1.00034e-05,0.939322574214128,0.9968371847983165
622501.0,401,0.402638,0.1,0.99,22670,10,19,3.82794e-19,0.00541263,0.9999999993812965,0.9264294216415285
586989.0,425,0.402638,0.1,0.99,22924,10,19,5.84864e-19,0.00486154,0.999999999235236,0.9302752554683776
938121.0,452,0.01,0.47583,0.99,10000,10,16,0.00548761,4.34721e-06,0.9259215955895377,0.9979150035971254
767140.0,310,0.0377362,0.387376,0.989976,10000,10,24,0.00151246,2.88841e-05,0.9611096412976172,0.9946256070110198
748022.0,423,0.0366402,0.263704,0.99,10000,10,28,0.000979574,3.19097e-05,0.9687018530899991,0.994351132856935
748022.0,306,0.0974018,0.228587,0.99,10000,10,30,2.69833e-09,0.000290003,0.9999480545478411,0.9829705255512685
739679.0,459,0.121862,0.142611,0.99,10000,10,11,2.52288e-13,0.000598338,0.9999994977172111,0.9755390515310628
718293.0,319,0.0188326,0.524325,0.99,10000,10,23,0.00293895,1.56562e-05,0.9457879164761213,0.9960432083704092
736275.0,319,0.02258,0.541078,0.99,10000,10,10,0.00318385,1.2711e-05,0.9435743852492505,0.996434751060585
664370.0,484,0.019148,0.503414,0.99,10000,10,16,0.00448136,7.65721e-06,0.9330570392050068,0.9972328335792728
736596.0,268,0.0256298,0.593383,0.99,10000,10,31,0.00278211,1.56792e-05,0.9472542892739134,0.9960403030418983
832915.0,385,0.0222664,0.336247,0.99,10000,10,34,0.00227189,1.70101e-05,0.9523356527370824,0.9958756697513415
824305.0,491,0.01,0.623484,0.99,10000,10,13,0.00637217,3.04122e-06,0.9201741270013287,0.9982560905986835
735930.0,316,0.0929591,0.216883,0.99,10000,10,12,6.1286e-11,0.000481337,0.999992171462461,0.9780606062070986
951182.0,486,0.01,0.479732,0.99,10000,10,18,0.00588716,3.73458e-06,0.9232721693255961,0.9980674938551197
578298.0,467,0.325814,0.123382,0.99,10580,10,29,2.05533e-17,0.00179253,0.9999999954664253,0.9576617194491793
824305.0,500,0.01,0.623484,0.99,10000,10,12,0.00643902,2.97075e-06,0.9197564955899856,0.9982764136227041
686705.0,490,0.019148,0.39077,0.99,10000,10,15,0.00338629,1.10283e-05,0.941808162084361,0.9966791115646563
898684.0,500,0.01,0.594368,0.99,10000,10,33,0.00660033,2.93093e-06,0.9187575849694263,0.9982880040887899
824711.0,500,0.01,0.442873,0.99,10000,10,18,0.00505267,5.72398e-06,0.9289178644102472,0.9976075159352673
832915.0,305,0.0366035,0.278592,0.99,10000,10,26,0.000340494,6.11436e-05,0.9815475204918147,0.99218056268009
700877.0,400,0.238741,0.131933,0.99,10000,10,25,1.43638e-17,0.00190444,0.9999999962100395,0.9563601099909727
832915.0,305,0.0366035,0.232297,0.99,10000,10,26,3.50888e-05,0.000162906,0.9940764200013843,0.9872365365202074
664370.0,484,0.019148,0.405164,0.99,10000,10,16,0.00335534,1.14721e-05,0.9420747032808635,0.9966129511370516
918263.0,338,0.01,0.597751,0.99,10000,10,23,0.0051289,5.48115e-06,0.9283836610821246,0.9976588144029146
761319.0,310,0.0377362,0.387376,0.989976,10000,10,24,0.00147093,2.90736e-05,0.9616472947499136,0.9946080059347213
490551.0,393,0.493004,0.1,0.99,28289,10,12,4.574e-20,0.00755696,0.9999999997861309,0.9130692229414691
912993.0,500,0.01,0.594368,0.99,10000,10,24,0.0066609,2.90537e-06,0.9183856630241966,0.9982954854063399
832915.0,385,0.0366035,0.278592,0.99,10000,10,34,0.00131184,2.94812e-05,0.9637806681453123,0.994570340710505
997211.0,419,0.01,0.458166,0.99,10000,10,10,0.00525547,4.87749e-06,0.9275053795099251,0.997791495981439
1000000.0,495,0.01,0.594368,0.99,10000,10,24,0.00696581,2.8431e-06,0.9165385717831285,0.9983138505404324
828334.0,480,0.01,0.551631,0.99,10000,10,17,0.00582497,3.74727e-06,0.9236785089244189,0.9980642133382007
736275.0,319,0.0176891,0.63372,0.99,10000,10,23,0.00403627,8.88438e-06,0.9364683543421076,0.99701933228957
947118.0,500,0.01,0.594368,0.99,10000,10,24,0.00680002,2.85896e-06,0.9175377662199234,0.9983091540578751
824305.0,386,0.01,0.623484,0.99,10000,10,26,0.00541494,4.73814e-06,0.9264137241056459,0.997823273099353
832915.0,385,0.0366035,0.278592,0.99,10000,10,34,0.00131184,2.94812e-05,0.9637806681453123,0.994570340710505
432312.0,393,0.414841,0.1,0.99,26025,10,19,5.22714e-21,0.00906215,0.999999999927701,0.9048046744845105
1000000.0,500,0.01,0.594368,0.99,10000,10,16,0.00699837,2.81796e-06,0.9163437390268965,0.9983213219486751
380646.0,397,0.414841,0.115136,0.99,26025,10,19,6.179179999999999e-20,0.00675493,0.9999999997514204,0.9178116188260166
617750.0,431,0.402638,0.1,0.99,22670,10,13,1.3724800000000001e-18,0.00434134,0.9999999988284711,0.9341111542064972
380646.0,397,0.414841,0.153212,0.99,13524,10,21,1.6251300000000001e-18,0.00325216,0.9999999987251942,0.9429722874384743
586989.0,387,0.402638,0.1,0.99,28289,10,26,2.54574e-19,0.00634463,0.9999999994954467,0.9203468142507784
586989.0,397,0.473817,0.1,0.99,22924,10,19,2.87753e-19,0.00575043,0.9999999994635739,0.9241684102764554
490551.0,393,0.493004,0.1,0.99,28289,10,12,4.574e-20,0.00755696,0.9999999997861309,0.9130692229414691
436240.0,393,0.493004,0.1,0.99,28289,10,24,1.6358199999999998e-20,0.00833701,0.9999999998721009,0.9086927713704989
515491.0,330,0.323268,0.176502,0.99,11938,10,25,9.76742e-18,0.00236829,0.9999999968747129,0.9513349201171929
436240.0,400,0.514006,0.1,0.99,28715,10,18,3.29507e-20,0.00781646,0.9999999998184768,0.9115892540468071
380646.0,420,0.452318,0.1,0.99,19185,10,19,9.81185e-21,0.00890298,0.9999999999009452,0.9056443960328799
735930.0,267,0.02258,0.58752,0.99,10000,10,12,0.00267721,1.60471e-05,0.9482582373705727,0.9959941168264663
736275.0,319,0.02258,0.541078,0.99,10000,10,10,0.00318385,1.2711e-05,0.9435743852492505,0.996434751060585
718293.0,319,0.0188326,0.524325,0.99,10000,10,23,0.00293895,1.56562e-05,0.9457879164761213,0.9960432083704092
449349.0,393,0.493004,0.1,0.99,28289,10,19,2.00415e-20,0.00812399,0.999999999858432,0.9098668207595005
586989.0,414,0.473817,0.1,0.99,22924,10,19,5.52447e-19,0.00490267,0.9999999992567322,0.9299809311687166
700877.0,418,0.2206,0.131933,0.99,10000,10,27,2.15044e-17,0.00157091,0.9999999953627163,0.9603652929870801
622501.0,401,0.414022,0.1,0.99,22670,10,16,4.13924e-19,0.00537691,0.9999999993566308,0.9266725835720363
700877.0,364,0.160282,0.162845,0.99,10000,10,31,1.89698e-16,0.00128208,0.9999999862269103,0.9641938552759446
742062.0,421,0.372217,0.1,0.99,17496,10,22,3.05305e-18,0.00317071,0.9999999982527021,0.943690942114079
782991.0,326,0.0366035,0.304663,0.99,10000,10,35,0.000666177,4.08034e-05,0.9741895951213468,0.9936122460911522
700877.0,375,0.200509,0.162845,0.99,10000,10,27,1.90892e-13,0.00084417,0.9999995630881096,0.9709453962339873
696757.0,401,0.325814,0.123382,0.99,10000,10,23,1.40614e-17,0.00215011,0.9999999962501467,0.9536307213771876
687971.0,484,0.019148,0.432794,0.99,10000,10,18,0.00387012,9.06554e-06,0.937789711461849,0.9969890964811207
997211.0,394,0.01,0.423091,0.99,10000,10,10,0.00461099,7.01501e-06,0.9320957291475713,0.99735141358457
748022.0,423,0.0366402,0.232203,0.99,10000,10,28,0.00048249,5.16029e-05,0.9780343449904174,0.9928164841477171
559133.0,409,0.354712,0.128235,0.99,14962,10,23,3.8953200000000014e-18,0.00275854,0.9999999980263435,0.9474781950043604
700877.0,364,0.200509,0.162845,0.99,10000,10,29,1.10219e-15,0.00106416,0.999999966800753,0.9673785346742364
870711.0,497,0.01,0.491263,0.99,10000,10,19,0.00570004,3.9381e-06,0.9245013907412858,0.9980155353366714
832915.0,371,0.0366035,0.278592,0.99,10000,10,30,0.00111284,3.11673e-05,0.9666407434135591,0.9944172318694039
767140.0,310,0.0377362,0.387376,0.989976,10000,10,24,0.00151246,2.88841e-05,0.9611096412976172,0.9946256070110198
876496.0,372,0.0222664,0.336247,0.99,10000,10,36,0.00235794,1.61844e-05,0.9514413756372774,0.9959770160328433
909669.0,326,0.0366035,0.274891,0.99,10000,10,34,0.000832545,3.55744e-05,0.9711461441051633,0.9940355721146115
592994.0,431,0.402638,0.1,0.99,22670,10,19,7.92764e-19,0.00453112,0.999999999109627,0.9326864055335031
736275.0,319,0.0176891,0.63372,0.99,10000,10,23,0.00403627,8.88438e-06,0.9364683543421076,0.99701933228957
705343.0,248,0.0470108,0.387376,0.989976,10000,10,24,0.000273642,6.616e-05,0.9834578719627733,0.9918661202369349
664370.0,484,0.019148,0.47583,0.99,10000,10,15,0.00418871,8.25184e-06,0.9352797558719067,0.9971273983917014
947118.0,500,0.01,0.594368,0.99,10000,10,24,0.00680002,2.85896e-06,0.9175377662199234,0.9983091540578751
559133.0,406,0.394625,0.128235,0.99,12956,10,27,4.5133900000000004e-18,0.00273093,0.999999997875526,0.947741699223951
692938.0,324,0.059251,0.268743,0.99,10000,10,31,4.88865e-05,8.80342e-05,0.9930081118429998,0.9906173457913019
997211.0,464,0.01,0.376584,0.99,10000,10,13,0.00483497,5.91631e-06,0.9304660514568603,0.9975676533964092
665088.0,484,0.019148,0.423199,0.99,10000,10,13,0.00357867,1.02427e-05,0.940178014075091,0.9967995781528055
748022.0,306,0.0974018,0.228587,0.99,10000,10,30,2.69833e-09,0.000290003,0.9999480545478411,0.9829705255512685
788337.0,422,0.0182106,0.47583,0.99,10000,10,15,0.00434736,8.04797e-06,0.9340654870344824,0.9971631055712276
643521.0,452,0.019148,0.47583,0.99,10000,10,16,0.00368175,1.00034e-05,0.939322574214128,0.9968371847983165
918263.0,338,0.01,0.597751,0.99,10000,10,23,0.0051289,5.48115e-06,0.9283836610821246,0.9976588144029146
832915.0,379,0.0222664,0.311283,0.99,10000,10,32,0.00179777,2.37947e-05,0.9575998820756357,0.9951220188602251
622501.0,401,0.402638,0.1,0.99,22670,10,19,3.82794e-19,0.00541263,0.9999999993812965,0.9264294216415285
586989.0,425,0.402638,0.1,0.99,22924,10,19,5.84864e-19,0.00486154,0.999999999235236,0.9302752554683776
997211.0,419,0.01,0.458166,0.99,10000,10,10,0.00525547,4.87749e-06,0.9275053795099251,0.997791495981439
938121.0,452,0.01,0.47583,0.99,10000,10,16,0.00548761,4.34721e-06,0.9259215955895377,0.9979150035971254
748022.0,423,0.0366402,0.263704,0.99,10000,10,28,0.000979574,3.19097e-05,0.9687018530899991,0.994351132856935
739679.0,459,0.121862,0.142611,0.99,10000,10,11,2.52288e-13,0.000598338,0.9999994977172111,0.9755390515310628
700877.0,400,0.238741,0.131933,0.99,10000,10,25,1.43638e-17,0.00190444,0.9999999962100395,0.9563601099909727
664370.0,484,0.019148,0.503414,0.99,10000,10,16,0.00448136,7.65721e-06,0.9330570392050068,0.9972328335792728
736596.0,268,0.0256298,0.593383,0.99,10000,10,31,0.00278211,1.56792e-05,0.9472542892739134,0.9960403030418983
832915.0,385,0.0222664,0.336247,0.99,10000,10,34,0.00227189,1.70101e-05,0.9523356527370824,0.9958756697513415
578298.0,467,0.325814,0.123382,0.99,10580,10,29,2.05533e-17,0.00179253,0.9999999954664253,0.9576617194491793
832915.0,372,0.0222664,0.336247,0.99,10000,10,34,0.00209164,1.90025e-05,0.9542655490904286,0.9956408142962245
735930.0,316,0.0929591,0.216883,0.99,10000,10,12,6.1286e-11,0.000481337,0.999992171462461,0.9780606062070986
824305.0,386,0.01,0.623484,0.99,10000,10,26,0.00541494,4.73814e-06,0.9264137241056459,0.997823273099353
824305.0,500,0.01,0.623484,0.99,10000,10,12,0.00643902,2.97075e-06,0.9197564955899856,0.9982764136227041
736905.0,244,0.0256298,0.560265,0.99,10000,10,30,0.00196646,2.28483e-05,0.9556552145117376,0.9952200104602625
848262.0,497,0.01,0.551631,0.99,10000,10,17,0.00606174,3.40964e-06,0.9221428230668489,0.9981534789467759
686705.0,490,0.019148,0.39077,0.99,10000,10,15,0.00338629,1.10283e-05,0.941808162084361,0.9966791115646563
898684.0,500,0.01,0.594368,0.99,10000,10,33,0.00660033,2.93093e-06,0.9187575849694263,0.9982880040887899
832915.0,305,0.0366035,0.278592,0.99,10000,10,26,0.000340494,6.11436e-05,0.9815475204918147,0.99218056268009
895472.0,422,0.0109263,0.47583,0.99,10000,10,17,0.00496625,5.59567e-06,0.9295283745043439,0.9976344831431587
654389.0,324,0.059251,0.268743,0.99,10000,10,30,1.58968e-05,0.000122452,0.9960129208686057,0.9889341968208358
664370.0,484,0.019148,0.405164,0.99,10000,10,16,0.00335534,1.14721e-05,0.9420747032808635,0.9966129511370516
761319.0,310,0.0377362,0.387376,0.989976,10000,10,24,0.00147093,2.90736e-05,0.9616472947499136,0.9946080059347213
490551.0,393,0.493004,0.1,0.99,28289,10,12,4.574e-20,0.00755696,0.9999999997861309,0.9130692229414691
912993.0,500,0.01,0.594368,0.99,10000,10,24,0.0066609,2.90537e-06,0.9183856630241966,0.9982954854063399
832915.0,385,0.0366035,0.278592,0.99,10000,10,34,0.00131184,2.94812e-05,0.9637806681453123,0.994570340710505
1000000.0,495,0.01,0.594368,0.99,10000,10,24,0.00696581,2.8431e-06,0.9165385717831285,0.9983138505404324
912993.0,500,0.01,0.524845,0.99,10000,10,24,0.00619152,3.3317e-06,0.9213137877388929,0.9981747055032133
828334.0,480,0.01,0.551631,0.99,10000,10,17,0.00582497,3.74727e-06,0.9236785089244189,0.9980642133382007
824305.0,491,0.01,0.623484,0.99,10000,10,13,0.00637217,3.04122e-06,0.9201741270013287,0.9982560905986835
862850.0,476,0.01,0.594368,0.99,10000,10,33,0.00625556,3.21381e-06,0.9209079017853237,0.9982072897612833
1000000.0,500,0.01,0.594368,0.99,10000,10,16,0.00699837,2.81796e-06,0.9163437390268965,0.9983213219486751
432312.0,393,0.414841,0.1,0.99,26025,10,19,5.22714e-21,0.00906215,0.999999999927701,0.9048046744845105
617750.0,431,0.402638,0.1,0.99,22670,10,13,1.3724800000000001e-18,0.00434134,0.9999999988284711,0.9341111542064972
380646.0,397,0.414841,0.153212,0.99,13524,10,21,1.6251300000000001e-18,0.00325216,0.9999999987251942,0.9429722874384743
586989.0,387,0.402638,0.1,0.99,28289,10,26,2.54574e-19,0.00634463,0.9999999994954467,0.9203468142507784
586989.0,397,0.473817,0.1,0.99,22924,10,19,2.87753e-19,0.00575043,0.9999999994635739,0.9241684102764554
380646.0,397,0.414841,0.115136,0.99,26025,10,19,6.179179999999999e-20,0.00675493,0.9999999997514204,0.9178116188260166
490551.0,393,0.493004,0.1,0.99,28289,10,12,4.574e-20,0.00755696,0.9999999997861309,0.9130692229414691
380646.0,420,0.452318,0.1,0.99,19185,10,19,9.81185e-21,0.00890298,0.9999999999009452,0.9056443960328799
436240.0,400,0.514006,0.1,0.99,28715,10,18,3.29507e-20,0.00781646,0.9999999998184768,0.9115892540468071
436240.0,393,0.493004,0.1,0.99,28289,10,20,1.58598e-20,0.00835038,0.9999999998740643,0.9086195863436809
736275.0,319,0.02258,0.541078,0.99,10000,10,10,0.00318385,1.2711e-05,0.9435743852492505,0.996434751060585
718293.0,319,0.0188326,0.524325,0.99,10000,10,23,0.00293895,1.56562e-05,0.9457879164761213,0.9960432083704092
449349.0,393,0.493004,0.1,0.99,28289,10,19,2.00415e-20,0.00812399,0.999999999858432,0.9098668207595005
592994.0,431,0.402638,0.1,0.99,22670,10,19,7.92764e-19,0.00453112,0.999999999109627,0.9326864055335031
586989.0,414,0.473817,0.1,0.99,22924,10,19,5.52447e-19,0.00490267,0.9999999992567322,0.9299809311687166
876496.0,372,0.0222664,0.336247,0.99,10000,10,36,0.00235794,1.61844e-05,0.9514413756372774,0.9959770160328433
622501.0,401,0.414022,0.1,0.99,22670,10,16,4.13924e-19,0.00537691,0.9999999993566308,0.9266725835720363
742062.0,421,0.372217,0.1,0.99,17496,10,22,3.05305e-18,0.00317071,0.9999999982527021,0.943690942114079
515491.0,330,0.323268,0.176502,0.99,11938,10,25,9.76742e-18,0.00236829,0.9999999968747129,0.9513349201171929
848262.0,497,0.01,0.551631,0.99,10000,10,17,0.00606174,3.40964e-06,0.9221428230668489,0.9981534789467759
828334.0,480,0.01,0.551631,0.99,10000,10,17,0.00582497,3.74727e-06,0.9236785089244189,0.9980642133382007
832915.0,385,0.0366035,0.278592,0.99,10000,10,34,0.00131184,2.94812e-05,0.9637806681453123,0.994570340710505
700877.0,375,0.200509,0.162845,0.99,10000,10,27,1.90892e-13,0.00084417,0.9999995630881096,0.9709453962339873
696757.0,401,0.325814,0.123382,0.99,10000,10,23,1.40614e-17,0.00215011,0.9999999962501467,0.9536307213771876
559133.0,409,0.354712,0.128235,0.99,14962,10,23,3.8953200000000014e-18,0.00275854,0.9999999980263435,0.9474781950043604
870711.0,497,0.01,0.491263,0.99,10000,10,19,0.00570004,3.9381e-06,0.9245013907412858,0.9980155353366714
832915.0,371,0.0366035,0.278592,0.99,10000,10,30,0.00111284,3.11673e-05,0.9666407434135591,0.9944172318694039
664370.0,484,0.019148,0.47583,0.99,10000,10,15,0.00418871,8.25184e-06,0.9352797558719067,0.9971273983917014
735938.0,267,0.02258,0.58752,0.99,10000,10,10,0.00266526,1.61531e-05,0.9483738438386122,0.9959809080627584
741431.0,422,0.0182106,0.47583,0.99,10000,10,15,0.00402471,8.63603e-06,0.9365593978590997,0.9970612876969666
383490.0,397,0.414841,0.115136,0.99,26025,10,19,7.187669999999999e-20,0.0067069,0.9999999997319017,0.9181043346690437
782991.0,326,0.0366035,0.304663,0.99,10000,10,35,0.000666177,4.08034e-05,0.9741895951213468,0.9936122460911522
832915.0,372,0.0222664,0.336247,0.99,10000,10,34,0.00209164,1.90025e-05,0.9542655490904286,0.9956408142962245
700877.0,418,0.2206,0.131933,0.99,10000,10,27,2.15044e-17,0.00157091,0.9999999953627163,0.9603652929870801
947118.0,500,0.01,0.594368,0.99,10000,10,24,0.00680002,2.85896e-06,0.9175377662199234,0.9983091540578751
736905.0,244,0.0256298,0.560265,0.99,10000,10,30,0.00196646,2.28483e-05,0.9556552145117376,0.9952200104602625
895472.0,422,0.0109263,0.47583,0.99,10000,10,17,0.00496625,5.59567e-06,0.9295283745043439,0.9976344831431587
788337.0,422,0.0182106,0.47583,0.99,10000,10,15,0.00434736,8.04797e-06,0.9340654870344824,0.9971631055712276
918263.0,338,0.01,0.597751,0.99,10000,10,23,0.0051289,5.48115e-06,0.9283836610821246,0.9976588144029146
832915.0,377,0.0222664,0.307753,0.99,10000,10,32,0.00171901,2.57708e-05,0.9585390545211521,0.9949235051462648
622501.0,401,0.402638,0.1,0.99,22670,10,19,3.82794e-19,0.00541263,0.9999999993812965,0.9264294216415285
586989.0,425,0.402638,0.1,0.99,22924,10,19,5.84864e-19,0.00486154,0.999999999235236,0.9302752554683776
997211.0,419,0.01,0.458166,0.99,10000,10,10,0.00525547,4.87749e-06,0.9275053795099251,0.997791495981439
938121.0,452,0.01,0.47583,0.99,10000,10,16,0.00548761,4.34721e-06,0.9259215955895377,0.9979150035971254
748022.0,423,0.0366402,0.263704,0.99,10000,10,28,0.000979574,3.19097e-05,0.9687018530899991,0.994351132856935
739679.0,459,0.121862,0.142611,0.99,10000,10,11,2.52288e-13,0.000598338,0.9999994977172111,0.9755390515310628
515491.0,323,0.323268,0.176502,0.99,11176,10,25,8.59032e-18,0.00262835,0.9999999970690753,0.9487325639416208
700877.0,400,0.238741,0.131933,0.99,10000,10,25,1.43638e-17,0.00190444,0.9999999962100395,0.9563601099909727
643521.0,452,0.019148,0.47583,0.99,10000,10,16,0.00368175,1.00034e-05,0.939322574214128,0.9968371847983165
832915.0,385,0.0222664,0.336247,0.99,10000,10,34,0.00227189,1.70101e-05,0.9523356527370824,0.9958756697513415
705343.0,248,0.0470108,0.387376,0.989976,10000,10,24,0.000273642,6.616e-05,0.9834578719627733,0.9918661202369349
664370.0,484,0.019148,0.503414,0.99,10000,10,16,0.00448136,7.65721e-06,0.9330570392050068,0.9972328335792728
736596.0,268,0.0256298,0.593383,0.99,10000,10,31,0.00278211,1.56792e-05,0.9472542892739134,0.9960403030418983
578298.0,467,0.325814,0.123382,0.99,10580,10,29,2.05533e-17,0.00179253,0.9999999954664253,0.9576617194491793
997211.0,394,0.01,0.423091,0.99,10000,10,10,0.00461099,7.01501e-06,0.9320957291475713,0.99735141358457
700877.0,364,0.160282,0.162845,0.99,10000,10,31,1.89698e-16,0.00128208,0.9999999862269103,0.9641938552759446
767140.0,310,0.0377362,0.387376,0.989976,10000,10,24,0.00151246,2.88841e-05,0.9611096412976172,0.9946256070110198
832915.0,379,0.0222664,0.311283,0.99,10000,10,32,0.00179777,2.37947e-05,0.9575998820756357,0.9951220188602251
692938.0,331,0.059251,0.268743,0.99,10762,10,31,9.43652e-05,8.52524e-05,0.9902858247905445,0.9907667773773183
997211.0,464,0.01,0.376584,0.99,10000,10,13,0.00483497,5.91631e-06,0.9304660514568603,0.9975676533964092
824305.0,386,0.01,0.623484,0.99,10000,10,26,0.00541494,4.73814e-06,0.9264137241056459,0.997823273099353
824305.0,500,0.01,0.623484,0.99,10000,10,12,0.00643902,2.97075e-06,0.9197564955899856,0.9982764136227041
850810.0,422,0.0109263,0.47583,0.99,10000,10,17,0.00473438,6.59837e-06,0.9311931689437742,0.9974312707421762
674044.0,364,0.180253,0.162845,0.99,10000,10,31,8.78474e-17,0.00139204,0.9999999906273056,0.9626899477352282
898684.0,500,0.01,0.594368,0.99,10000,10,33,0.00660033,2.93093e-06,0.9187575849694263,0.9982880040887899
832915.0,305,0.0366035,0.278592,0.99,10000,10,26,0.000340494,6.11436e-05,0.9815475204918147,0.99218056268009
735930.0,316,0.0929591,0.216883,0.99,10000,10,12,6.1286e-11,0.000481337,0.999992171462461,0.9780606062070986
654389.0,324,0.059251,0.268743,0.99,10000,10,30,1.58968e-05,0.000122452,0.9960129208686057,0.9889341968208358
664370.0,484,0.019148,0.405164,0.99,10000,10,16,0.00335534,1.14721e-05,0.9420747032808635,0.9966129511370516
761319.0,310,0.0377362,0.387376,0.989976,10000,10,24,0.00147093,2.90736e-05,0.9616472947499136,0.9946080059347213
490551.0,393,0.493004,0.1,0.99,28289,10,12,4.574e-20,0.00755696,0.9999999997861309,0.9130692229414691
912993.0,500,0.01,0.594368,0.99,10000,10,24,0.0066609,2.90537e-06,0.9183856630241966,0.9982954854063399
1000000.0,495,0.01,0.594368,0.99,10000,10,24,0.00696581,2.8431e-06,0.9165385717831285,0.9983138505404324
909669.0,326,0.0366035,0.274891,0.99,10000,10,34,0.000832545,3.55744e-05,0.9711461441051633,0.9940355721146115
912993.0,500,0.01,0.524845,0.99,10000,10,24,0.00619152,3.3317e-06,0.9213137877388929,0.9981747055032133
665088.0,484,0.019148,0.423199,0.99,10000,10,13,0.00357867,1.02427e-05,0.940178014075091,0.9967995781528055
788337.0,380,0.0182106,0.449721,0.99,10000,10,15,0.00348922,1.06056e-05,0.9409303800587815,0.9967433759811731
748022.0,423,0.0366402,0.232203,0.99,10000,10,28,0.00048249,5.16029e-05,0.9780343449904174,0.9928164841477171
705931.0,484,0.019148,0.42033,0.99,10000,10,21,0.00384736,9.14951e-06,0.9379729091444714,0.9969751843031351
436240.0,378,0.407106,0.1,0.99,28715,10,21,4.32817e-21,0.00971718,0.9999999999342112,0.9014242423310883
1000000.0,500,0.01,0.594368,0.99,10000,10,16,0.00699837,2.81796e-06,0.9163437390268965,0.9983213219486751
617750.0,431,0.402638,0.1,0.99,22670,10,13,1.3724800000000001e-18,0.00434134,0.9999999988284711,0.9341111542064972
380646.0,397,0.414841,0.153212,0.99,13524,10,19,1.5997100000000004e-18,0.00326057,0.9999999987352036,0.9428985989664002
592994.0,396,0.402638,0.1,0.99,22670,10,18,1.86237e-19,0.00620172,0.9999999995684481,0.9212490000063491
380646.0,397,0.414841,0.115136,0.99,26025,10,19,6.179179999999999e-20,0.00675493,0.9999999997514204,0.9178116188260166
432312.0,393,0.414841,0.1,0.99,26025,10,19,5.22714e-21,0.00906215,0.999999999927701,0.9048046744845105
490551.0,393,0.493004,0.1,0.99,28289,10,12,4.574e-20,0.00755696,0.9999999997861309,0.9130692229414691
380646.0,420,0.452318,0.1,0.99,19185,10,19,9.81185e-21,0.00890298,0.9999999999009452,0.9056443960328799
436240.0,400,0.421266,0.1,0.99,28715,10,18,1.4019e-20,0.00831314,0.9999999998815982,0.9088235776091209
736275.0,319,0.02258,0.541078,0.99,10000,10,10,0.00318385,1.2711e-05,0.9435743852492505,0.996434751060585
735938.0,267,0.02258,0.58752,0.99,10000,10,10,0.00266526,1.61531e-05,0.9483738438386122,0.9959809080627584
586989.0,397,0.473817,0.1,0.99,22924,10,19,2.87753e-19,0.00575043,0.9999999994635739,0.9241684102764554
436240.0,400,0.514006,0.1,0.99,28715,10,18,3.29507e-20,0.00781646,0.9999999998184768,0.9115892540468071
832915.0,500,0.0222664,0.288684,0.99,10000,10,32,0.00287323,1.31499e-05,0.9463974814024565,0.9963737209153183
380646.0,397,0.426115,0.115136,0.99,26025,10,19,6.969939999999999e-20,0.00669947,0.9999999997359935,0.9181497098355784
876496.0,372,0.0222664,0.336247,0.99,10000,10,36,0.00235794,1.61844e-05,0.9514413756372774,0.9959770160328433
559133.0,409,0.354712,0.128235,0.99,14962,10,23,3.8953200000000014e-18,0.00275854,0.9999999980263435,0.9474781950043604
654389.0,324,0.059251,0.268743,0.99,10000,10,30,1.58968e-05,0.000122452,0.9960129208686057,0.9889341968208358
592994.0,431,0.402638,0.1,0.99,22670,10,19,7.92764e-19,0.00453112,0.999999999109627,0.9326864055335031
848262.0,497,0.01,0.551631,0.99,10000,10,17,0.00606174,3.40964e-06,0.9221428230668489,0.9981534789467759
828334.0,480,0.01,0.551631,0.99,10000,10,17,0.00582497,3.74727e-06,0.9236785089244189,0.9980642133382007
735930.0,316,0.0929591,0.216883,0.99,10000,10,12,6.1286e-11,0.000481337,0.999992171462461,0.9780606062070986
515491.0,330,0.323268,0.176502,0.99,11938,10,25,9.76742e-18,0.00236829,0.9999999968747129,0.9513349201171929
628120.0,401,0.43008,0.1,0.99,22670,10,20,5.44908e-19,0.00511216,0.9999999992618211,0.9285006293733994
748022.0,423,0.0366402,0.232203,0.99,10000,10,28,0.00048249,5.16029e-05,0.9780343449904174,0.9928164841477171
696757.0,401,0.325814,0.123382,0.99,10000,10,23,1.40614e-17,0.00215011,0.9999999962501467,0.9536307213771876
664370.0,484,0.019148,0.47583,0.99,10000,10,15,0.00418871,8.25184e-06,0.9352797558719067,0.9971273983917014
909669.0,326,0.0366035,0.274891,0.99,10000,10,34,0.000832545,3.55744e-05,0.9711461441051633,0.9940355721146115
912993.0,500,0.01,0.524845,0.99,10000,10,24,0.00619152,3.3317e-06,0.9213137877388929,0.9981747055032133
700877.0,375,0.180345,0.162845,0.99,10000,10,27,1.71715e-15,0.00095571,0.9999999585614914,0.9690854403233686
700877.0,364,0.160282,0.162845,0.99,10000,10,31,1.89698e-16,0.00128208,0.9999999862269103,0.9641938552759446
832915.0,372,0.0222664,0.336247,0.99,10000,10,34,0.00209164,1.90025e-05,0.9542655490904286,0.9956408142962245
664370.0,484,0.019148,0.405164,0.99,10000,10,16,0.00335534,1.14721e-05,0.9420747032808635,0.9966129511370516
947118.0,500,0.01,0.594368,0.99,10000,10,24,0.00680002,2.85896e-06,0.9175377662199234,0.9983091540578751
870711.0,497,0.01,0.491263,0.99,10000,10,19,0.00570004,3.9381e-06,0.9245013907412858,0.9980155353366714
705931.0,484,0.019148,0.42033,0.99,10000,10,21,0.00384736,9.14951e-06,0.9379729091444714,0.9969751843031351
692938.0,331,0.059251,0.268743,0.99,10762,10,31,9.43652e-05,8.52524e-05,0.9902858247905445,0.9907667773773183
736905.0,244,0.0256298,0.560265,0.99,10000,10,30,0.00196646,2.28483e-05,0.9556552145117376,0.9952200104602625
742062.0,421,0.372217,0.1,0.99,17496,10,29,3.1237e-18,0.00316102,0.9999999982326008,0.943777050948923
895472.0,422,0.0109263,0.47583,0.99,10000,10,17,0.00496625,5.59567e-06,0.9295283745043439,0.9976344831431587
788337.0,422,0.0182106,0.47583,0.99,10000,10,15,0.00434736,8.04797e-06,0.9340654870344824,0.9971631055712276
918263.0,338,0.01,0.597751,0.99,10000,10,23,0.0051289,5.48115e-06,0.9283836610821246,0.9976588144029146
832915.0,377,0.0222664,0.307753,0.99,10000,10,32,0.00171901,2.57708e-05,0.9585390545211521,0.9949235051462648
700877.0,418,0.2206,0.131933,0.99,10000,10,27,2.15044e-17,0.00157091,0.9999999953627163,0.9603652929870801
997211.0,419,0.01,0.458166,0.99,10000,10,10,0.00525547,4.87749e-06,0.9275053795099251,0.997791495981439
748022.0,423,0.0366402,0.263704,0.99,10000,10,28,0.000979574,3.19097e-05,0.9687018530899991,0.994351132856935
515491.0,323,0.323268,0.176502,0.99,11176,10,25,8.59032e-18,0.00262835,0.9999999970690753,0.9487325639416208
449349.0,393,0.493004,0.1,0.99,28289,10,19,2.00415e-20,0.00812399,0.999999999858432,0.9098668207595005
643521.0,452,0.019148,0.47583,0.99,10000,10,16,0.00368175,1.00034e-05,0.939322574214128,0.9968371847983165
832915.0,385,0.0222664,0.336247,0.99,10000,10,34,0.00227189,1.70101e-05,0.9523356527370824,0.9958756697513415
586989.0,425,0.402638,0.1,0.99,22924,10,19,5.84864e-19,0.00486154,0.999999999235236,0.9302752554683776
664370.0,484,0.019148,0.503414,0.99,10000,10,16,0.00448136,7.65721e-06,0.9330570392050068,0.9972328335792728
739679.0,459,0.121862,0.142611,0.99,10000,10,11,2.52288e-13,0.000598338,0.9999994977172111,0.9755390515310628
700877.0,375,0.200509,0.162845,0.99,10000,10,27,1.90892e-13,0.00084417,0.9999995630881096,0.9709453962339873
997211.0,394,0.01,0.423091,0.99,10000,10,10,0.00461099,7.01501e-06,0.9320957291475713,0.99735141358457
767140.0,310,0.0377362,0.387376,0.989976,10000,10,24,0.00151246,2.88841e-05,0.9611096412976172,0.9946256070110198
832915.0,379,0.0222664,0.311283,0.99,10000,10,32,0.00179777,2.37947e-05,0.9575998820756357,0.9951220188602251
832915.0,371,0.0366035,0.278592,0.99,10000,10,30,0.00111284,3.11673e-05,0.9666407434135591,0.9944172318694039
824701.0,500,0.01,0.613054,0.99,10000,10,12,0.00637754,3.03214e-06,0.9201404983737064,0.9982586958910058
832915.0,385,0.0366035,0.278592,0.99,10000,10,34,0.00131184,2.94812e-05,0.9637806681453123,0.994570340710505
432312.0,393,0.409024,0.118069,0.99,26025,10,19,3.65491e-19,0.00561697,0.9999999993954415,0.9250535524524344
578298.0,467,0.325814,0.123382,0.99,10580,10,29,2.05533e-17,0.00179253,0.9999999954664253,0.9576617194491793
997211.0,464,0.01,0.376584,0.99,10000,10,13,0.00483497,5.91631e-06,0.9304660514568603,0.9975676533964092
824305.0,386,0.01,0.623484,0.99,10000,10,26,0.00541494,4.73814e-06,0.9264137241056459,0.997823273099353
850810.0,422,0.0109263,0.47583,0.99,10000,10,17,0.00473438,6.59837e-06,0.9311931689437742,0.9974312707421762
788337.0,380,0.0182106,0.449721,0.99,10000,10,15,0.00348922,1.06056e-05,0.9409303800587815,0.9967433759811731
824305.0,500,0.01,0.623484,0.99,10000,10,12,0.00643902,2.97075e-06,0.9197564955899856,0.9982764136227041
898684.0,500,0.01,0.594368,0.99,10000,10,33,0.00660033,2.93093e-06,0.9187575849694263,0.9982880040887899
832915.0,305,0.0366035,0.278592,0.99,10000,10,26,0.000340494,6.11436e-05,0.9815475204918147,0.99218056268009
622501.0,401,0.414022,0.1,0.99,22670,10,16,4.13924e-19,0.00537691,0.9999999993566308,0.9266725835720363
839986.0,480,0.01,0.505386,0.99,10000,10,17,0.00552051,4.3091e-06,0.9256998654106199,0.997924162819487
736596.0,268,0.0256298,0.593383,0.99,10000,10,31,0.00278211,1.56792e-05,0.9472542892739134,0.9960403030418983
741431.0,422,0.0182106,0.47583,0.99,10000,10,15,0.00402471,8.63603e-06,0.9365593978590997,0.9970612876969666
674044.0,364,0.180253,0.162845,0.99,10000,10,31,8.78474e-17,0.00139204,0.9999999906273056,0.9626899477352282
761319.0,310,0.0377362,0.387376,0.989976,10000,10,24,0.00147093,2.90736e-05,0.9616472947499136,0.9946080059347213
806786.0,391,0.0366035,0.278592,0.99,10000,10,34,0.00122585,2.97525e-05,0.9649878592485407,0.9945454147728723
912993.0,500,0.01,0.594368,0.99,10000,10,24,0.0066609,2.90537e-06,0.9183856630241966,0.9982954854063399
1000000.0,495,0.01,0.594368,0.99,10000,10,24,0.00696581,2.8431e-06,0.9165385717831285,0.9983138505404324
705343.0,248,0.0470108,0.387376,0.989976,10000,10,24,0.000273642,6.616e-05,0.9834578719627733,0.9918661202369349
1000000.0,500,0.01,0.594368,0.99,10000,10,16,0.00699837,2.81796e-06,0.9163437390268965,0.9983213219486751
436240.0,378,0.407106,0.1,0.99,28715,10,21,4.32817e-21,0.00971718,0.9999999999342112,0.9014242423310883
617750.0,431,0.402638,0.1,0.99,22670,10,13,1.3724800000000001e-18,0.00434134,0.9999999988284711,0.9341111542064972
380646.0,397,0.414841,0.153212,0.99,13524,10,19,1.5997100000000004e-18,0.00326057,0.9999999987352036,0.9428985989664002
380646.0,397,0.414841,0.115136,0.99,26025,10,19,6.179179999999999e-20,0.00675493,0.9999999997514204,0.9178116188260166
490551.0,393,0.493004,0.1,0.99,28289,10,12,4.574e-20,0.00755696,0.9999999997861309,0.9130692229414691
436240.0,400,0.421266,0.1,0.99,28715,10,18,1.4019e-20,0.00831314,0.9999999998815982,0.9088235776091209
380646.0,420,0.452318,0.1,0.99,19185,10,19,9.81185e-21,0.00890298,0.9999999999009452,0.9056443960328799
909669.0,326,0.0366035,0.274891,0.99,10000,10,34,0.000832545,3.55744e-05,0.9711461441051633,0.9940355721146115
748022.0,423,0.0366402,0.232203,0.99,10000,10,28,0.00048249,5.16029e-05,0.9780343449904174,0.9928164841477171
432312.0,393,0.414841,0.1,0.99,26025,10,19,5.22714e-21,0.00906215,0.999999999927701,0.9048046744845105
735938.0,267,0.02258,0.58752,0.99,10000,10,10,0.00266526,1.61531e-05,0.9483738438386122,0.9959809080627584
586989.0,397,0.473817,0.1,0.99,22924,10,19,2.87753e-19,0.00575043,0.9999999994635739,0.9241684102764554
586989.0,425,0.402638,0.1,0.99,22924,10,19,5.84864e-19,0.00486154,0.999999999235236,0.9302752554683776
578298.0,467,0.325814,0.123382,0.99,10580,10,29,2.05533e-17,0.00179253,0.9999999954664253,0.9576617194491793
696757.0,401,0.325814,0.123382,0.99,10000,10,23,1.40614e-17,0.00215011,0.9999999962501467,0.9536307213771876
832915.0,500,0.0222664,0.288684,0.99,10000,10,32,0.00287323,1.31499e-05,0.9463974814024565,0.9963737209153183
736275.0,319,0.02258,0.541078,0.99,10000,10,10,0.00318385,1.2711e-05,0.9435743852492505,0.996434751060585
559133.0,409,0.354712,0.128235,0.99,14962,10,23,3.8953200000000014e-18,0.00275854,0.9999999980263435,0.9474781950043604
380646.0,397,0.426115,0.115136,0.99,26025,10,19,6.969939999999999e-20,0.00669947,0.9999999997359935,0.9181497098355784
592994.0,431,0.402638,0.1,0.99,22670,10,19,7.92764e-19,0.00453112,0.999999999109627,0.9326864055335031
628120.0,401,0.43008,0.1,0.99,22670,10,20,5.44908e-19,0.00511216,0.9999999992618211,0.9285006293733994
622501.0,401,0.414022,0.1,0.99,22670,10,16,4.13924e-19,0.00537691,0.9999999993566308,0.9266725835720363
828334.0,480,0.01,0.551631,0.99,10000,10,17,0.00582497,3.74727e-06,0.9236785089244189,0.9980642133382007
643521.0,452,0.019148,0.47583,0.99,10000,10,16,0.00368175,1.00034e-05,0.939322574214128,0.9968371847983165
587283.0,403,0.361643,0.1,0.99,22670,10,18,1.39462e-19,0.00622791,0.9999999996265538,0.9210828915887056
449349.0,393,0.493004,0.1,0.99,28289,10,19,2.00415e-20,0.00812399,0.999999999858432,0.9098668207595005
515491.0,330,0.323268,0.176502,0.99,11938,10,25,9.76742e-18,0.00236829,0.9999999968747129,0.9513349201171929
592994.0,396,0.402638,0.1,0.99,22670,10,18,1.86237e-19,0.00620172,0.9999999995684481,0.9212490000063491
705931.0,484,0.019148,0.42033,0.99,10000,10,21,0.00384736,9.14951e-06,0.9379729091444714,0.9969751843031351
741431.0,422,0.0182106,0.47583,0.99,10000,10,15,0.00402471,8.63603e-06,0.9365593978590997,0.9970612876969666
788337.0,380,0.0182106,0.449721,0.99,10000,10,15,0.00348922,1.06056e-05,0.9409303800587815,0.9967433759811731
664370.0,484,0.019148,0.47583,0.99,10000,10,15,0.00418871,8.25184e-06,0.9352797558719067,0.9971273983917014
700877.0,375,0.180345,0.162845,0.99,10000,10,27,1.71715e-15,0.00095571,0.9999999585614914,0.9690854403233686
700877.0,364,0.160282,0.162845,0.99,10000,10,31,1.89698e-16,0.00128208,0.9999999862269103,0.9641938552759446
832915.0,372,0.0222664,0.336247,0.99,10000,10,34,0.00209164,1.90025e-05,0.9542655490904286,0.9956408142962245
876496.0,372,0.0222664,0.336247,0.99,10000,10,36,0.00235794,1.61844e-05,0.9514413756372774,0.9959770160328433
947118.0,500,0.01,0.594368,0.99,10000,10,24,0.00680002,2.85896e-06,0.9175377662199234,0.9983091540578751
736905.0,244,0.0256298,0.560265,0.99,10000,10,30,0.00196646,2.28483e-05,0.9556552145117376,0.9952200104602625
895472.0,422,0.0109263,0.47583,0.99,10000,10,17,0.00496625,5.59567e-06,0.9295283745043439,0.9976344831431587
788337.0,422,0.0182106,0.47583,0.99,10000,10,15,0.00434736,8.04797e-06,0.9340654870344824,0.9971631055712276
742062.0,421,0.372217,0.1,0.99,17496,10,29,3.1237e-18,0.00316102,0.9999999982326008,0.943777050948923
918263.0,338,0.01,0.597751,0.99,10000,10,23,0.0051289,5.48115e-06,0.9283836610821246,0.9976588144029146
700877.0,418,0.2206,0.131933,0.99,10000,10,27,2.15044e-17,0.00157091,0.9999999953627163,0.9603652929870801
692938.0,331,0.059251,0.268743,0.99,10762,10,31,9.43652e-05,8.52524e-05,0.9902858247905445,0.9907667773773183
997211.0,419,0.01,0.458166,0.99,10000,10,10,0.00525547,4.87749e-06,0.9275053795099251,0.997791495981439
515491.0,323,0.323268,0.176502,0.99,11176,10,25,8.59032e-18,0.00262835,0.9999999970690753,0.9487325639416208
432312.0,393,0.409024,0.118069,0.99,26025,10,19,3.65491e-19,0.00561697,0.9999999993954415,0.9250535524524344
832915.0,385,0.0222664,0.336247,0.99,10000,10,34,0.00227189,1.70101e-05,0.9523356527370824,0.9958756697513415
824305.0,386,0.01,0.623484,0.99,10000,10,26,0.00541494,4.73814e-06,0.9264137241056459,0.997823273099353
664370.0,484,0.019148,0.503414,0.99,10000,10,16,0.00448136,7.65721e-06,0.9330570392050068,0.9972328335792728
705343.0,248,0.0470108,0.387376,0.989976,10000,10,24,0.000273642,6.616e-05,0.9834578719627733,0.9918661202369349
739679.0,459,0.121862,0.142611,0.99,10000,10,11,2.52288e-13,0.000598338,0.9999994977172111,0.9755390515310628
700877.0,375,0.200509,0.162845,0.99,10000,10,27,1.90892e-13,0.00084417,0.9999995630881096,0.9709453962339873
997211.0,394,0.01,0.423091,0.99,10000,10,10,0.00461099,7.01501e-06,0.9320957291475713,0.99735141358457
832915.0,379,0.0222664,0.311283,0.99,10000,10,32,0.00179777,2.37947e-05,0.9575998820756357,0.9951220188602251
832915.0,371,0.0366035,0.278592,0.99,10000,10,30,0.00111284,3.11673e-05,0.9666407434135591,0.9944172318694039
832915.0,385,0.0366035,0.278592,0.99,10000,10,34,0.00131184,2.94812e-05,0.9637806681453123,0.994570340710505
767140.0,310,0.0377362,0.387376,0.989976,10000,10,24,0.00151246,2.88841e-05,0.9611096412976172,0.9946256070110198
848262.0,497,0.01,0.551631,0.99,10000,10,17,0.00606174,3.40964e-06,0.9221428230668489,0.9981534789467759
997211.0,464,0.01,0.376584,0.99,10000,10,13,0.00483497,5.91631e-06,0.9304660514568603,0.9975676533964092
840034.0,481,0.01,0.594368,0.99,10000,10,24,0.00618849,3.26076e-06,0.9213330437858436,0.9981942425412033
850810.0,422,0.0109263,0.47583,0.99,10000,10,17,0.00473438,6.59837e-06,0.9311931689437742,0.9974312707421762
824305.0,500,0.01,0.623484,0.99,10000,10,12,0.00643902,2.97075e-06,0.9197564955899856,0.9982764136227041
735930.0,316,0.11853,0.216883,0.99,10000,10,17,6.11781e-10,0.000352147,0.9999752657929175,0.9812344198064649
898684.0,500,0.01,0.594368,0.99,10000,10,33,0.00660033,2.93093e-06,0.9187575849694263,0.9982880040887899
436240.0,400,0.514006,0.1,0.99,28715,10,18,3.29507e-20,0.00781646,0.9999999998184768,0.9115892540468071
832915.0,305,0.0366035,0.278592,0.99,10000,10,26,0.000340494,6.11436e-05,0.9815475204918147,0.99218056268009
870711.0,497,0.01,0.491263,0.99,10000,10,19,0.00570004,3.9381e-06,0.9245013907412858,0.9980155353366714
736596.0,268,0.0256298,0.593383,0.99,10000,10,31,0.00278211,1.56792e-05,0.9472542892739134,0.9960403030418983
830809.0,377,0.0222664,0.307753,0.99,10000,10,32,0.00170853,2.61775e-05,0.9586656317333868,0.9948836047846165
674044.0,364,0.180253,0.162845,0.99,10000,10,31,8.78474e-17,0.00139204,0.9999999906273056,0.9626899477352282
761319.0,310,0.0377362,0.387376,0.989976,10000,10,24,0.00147093,2.90736e-05,0.9616472947499136,0.9946080059347213
806786.0,391,0.0366035,0.278592,0.99,10000,10,34,0.00122585,2.97525e-05,0.9649878592485407,0.9945454147728723
912993.0,500,0.01,0.594368,0.99,10000,10,24,0.0066609,2.90537e-06,0.9183856630241966,0.9982954854063399
1000000.0,495,0.01,0.594368,0.99,10000,10,24,0.00696581,2.8431e-06,0.9165385717831285,0.9983138505404324
839986.0,480,0.01,0.505386,0.99,10000,10,17,0.00552051,4.3091e-06,0.9256998654106199,0.997924162819487
654389.0,324,0.059251,0.268743,0.99,10000,10,30,1.58968e-05,0.000122452,0.9960129208686057,0.9889341968208358
664370.0,484,0.019148,0.405164,0.99,10000,10,16,0.00335534,1.14721e-05,0.9420747032808635,0.9966129511370516
824701.0,500,0.01,0.613054,0.99,10000,10,12,0.00637754,3.03214e-06,0.9201404983737064,0.9982586958910058
380646.0,350,0.414841,0.115136,0.99,26025,10,19,3.64532e-21,0.00948234,0.9999999999396235,0.9026226925818956
1000000.0,500,0.01,0.594368,0.99,10000,10,16,0.00699837,2.81796e-06,0.9163437390268965,0.9983213219486751
617750.0,431,0.410488,0.1,0.99,22670,10,13,8.89767e-19,0.00425776,0.9999999990567254,0.9347484866075889
490551.0,393,0.493004,0.1,0.99,28289,10,12,4.574e-20,0.00755696,0.9999999997861309,0.9130692229414691
380646.0,397,0.410228,0.153212,0.99,13524,10,19,1.55129e-18,0.00327527,0.9999999987544921,0.9427700253363677
909669.0,326,0.0366035,0.274891,0.99,10000,10,34,0.000832545,3.55744e-05,0.9711461441051633,0.9940355721146115
380646.0,397,0.414841,0.115136,0.99,26025,10,19,6.179179999999999e-20,0.00675493,0.9999999997514204,0.9178116188260166
436240.0,397,0.421266,0.1,0.99,24861,10,18,6.62818e-21,0.00882938,0.9999999999185863,0.9060352193638489
830809.0,377,0.0222664,0.307753,0.99,10000,10,32,0.00170853,2.61775e-05,0.9586656317333868,0.9948836047846165
436240.0,400,0.421266,0.1,0.99,28715,10,18,1.4019e-20,0.00831314,0.9999999998815982,0.9088235776091209
832915.0,309,0.0343275,0.345801,0.99,10000,10,27,0.00127629,2.88779e-05,0.9642747988109234,0.9946261838513026
705931.0,500,0.019148,0.353121,0.99,10000,10,21,0.00310316,1.26053e-05,0.9442939859620166,0.9964496056557053
432312.0,393,0.414841,0.1,0.99,26025,10,19,5.22714e-21,0.00906215,0.999999999927701,0.9048046744845105
586989.0,397,0.473817,0.1,0.99,22924,10,19,2.87753e-19,0.00575043,0.9999999994635739,0.9241684102764554
578298.0,467,0.325814,0.123382,0.99,10580,10,29,2.05533e-17,0.00179253,0.9999999954664253,0.9576617194491793
696757.0,401,0.325814,0.123382,0.99,10000,10,23,1.40614e-17,0.00215011,0.9999999962501467,0.9536307213771876
735938.0,267,0.02258,0.58752,0.99,10000,10,10,0.00266526,1.61531e-05,0.9483738438386122,0.9959809080627584
436240.0,400,0.514006,0.1,0.99,28715,10,18,3.29507e-20,0.00781646,0.9999999998184768,0.9115892540468071
409174.0,397,0.414841,0.153212,0.99,13524,10,20,2.875e-18,0.00284933,0.9999999983044175,0.9466208842336256
832915.0,371,0.0366035,0.278592,0.99,10000,10,30,0.00111284,3.11673e-05,0.9666407434135591,0.9944172318694039
876496.0,372,0.0222664,0.336247,0.99,10000,10,36,0.00235794,1.61844e-05,0.9514413756372774,0.9959770160328433
664370.0,484,0.019148,0.405164,0.99,10000,10,16,0.00335534,1.14721e-05,0.9420747032808635,0.9966129511370516
622501.0,401,0.414022,0.1,0.99,22670,10,16,4.13924e-19,0.00537691,0.9999999993566308,0.9266725835720363
735930.0,316,0.11853,0.216883,0.99,10000,10,17,6.11781e-10,0.000352147,0.9999752657929175,0.9812344198064649
449349.0,393,0.493004,0.1,0.99,28289,10,19,2.00415e-20,0.00812399,0.999999999858432,0.9098668207595005
848262.0,497,0.01,0.551631,0.99,10000,10,17,0.00606174,3.40964e-06,0.9221428230668489,0.9981534789467759
739679.0,459,0.121862,0.142611,0.99,10000,10,11,2.52288e-13,0.000598338,0.9999994977172111,0.9755390515310628
748022.0,423,0.0366402,0.232203,0.99,10000,10,28,0.00048249,5.16029e-05,0.9780343449904174,0.9928164841477171
828334.0,480,0.01,0.551631,0.99,10000,10,17,0.00582497,3.74727e-06,0.9236785089244189,0.9980642133382007
643521.0,452,0.019148,0.47583,0.99,10000,10,16,0.00368175,1.00034e-05,0.939322574214128,0.9968371847983165
515491.0,330,0.323268,0.176502,0.99,11938,10,25,9.76742e-18,0.00236829,0.9999999968747129,0.9513349201171929
592994.0,396,0.402638,0.1,0.99,22670,10,18,1.86237e-19,0.00620172,0.9999999995684481,0.9212490000063491
339460.0,397,0.426115,0.137403,0.99,16560,12,19,1.34729e-19,0.00656313,0.9999999996329455,0.9189868529188009
705931.0,484,0.019148,0.42033,0.99,10000,10,21,0.00384736,9.14951e-06,0.9379729091444714,0.9969751843031351
741431.0,422,0.0182106,0.47583,0.99,10000,10,15,0.00402471,8.63603e-06,0.9365593978590997,0.9970612876969666
788337.0,380,0.0182106,0.449721,0.99,10000,10,15,0.00348922,1.06056e-05,0.9409303800587815,0.9967433759811731
832915.0,500,0.0222664,0.288684,0.99,10000,10,32,0.00287323,1.31499e-05,0.9463974814024565,0.9963737209153183
700877.0,375,0.180345,0.162845,0.99,10000,10,27,1.71715e-15,0.00095571,0.9999999585614914,0.9690854403233686
664370.0,484,0.019148,0.47583,0.99,10000,10,15,0.00418871,8.25184e-06,0.9352797558719067,0.9971273983917014
700877.0,364,0.160282,0.162845,0.99,10000,10,31,1.89698e-16,0.00128208,0.9999999862269103,0.9641938552759446
840034.0,481,0.01,0.594368,0.99,10000,10,24,0.00618849,3.26076e-06,0.9213330437858436,0.9981942425412033
832915.0,372,0.0222664,0.336247,0.99,10000,10,34,0.00209164,1.90025e-05,0.9542655490904286,0.9956408142962245
947118.0,500,0.01,0.594368,0.99,10000,10,24,0.00680002,2.85896e-06,0.9175377662199234,0.9983091540578751
380646.0,397,0.414841,0.153212,0.99,13524,10,19,1.5997100000000004e-18,0.00326057,0.9999999987352036,0.9428985989664002
870711.0,497,0.01,0.491263,0.99,10000,10,19,0.00570004,3.9381e-06,0.9245013907412858,0.9980155353366714
692938.0,331,0.059251,0.268743,0.99,10762,10,31,9.43652e-05,8.52524e-05,0.9902858247905445,0.9907667773773183
736905.0,244,0.0256298,0.560265,0.99,10000,10,30,0.00196646,2.28483e-05,0.9556552145117376,0.9952200104602625
700877.0,418,0.2206,0.131933,0.99,10000,10,27,2.15044e-17,0.00157091,0.9999999953627163,0.9603652929870801
895472.0,422,0.0109263,0.47583,0.99,10000,10,17,0.00496625,5.59567e-06,0.9295283745043439,0.9976344831431587
788337.0,422,0.0182106,0.47583,0.99,10000,10,15,0.00434736,8.04797e-06,0.9340654870344824,0.9971631055712276
654389.0,324,0.059251,0.268743,0.99,10000,10,30,1.58968e-05,0.000122452,0.9960129208686057,0.9889341968208358
918263.0,338,0.01,0.597751,0.99,10000,10,23,0.0051289,5.48115e-06,0.9283836610821246,0.9976588144029146
997211.0,419,0.01,0.458166,0.99,10000,10,10,0.00525547,4.87749e-06,0.9275053795099251,0.997791495981439
432312.0,393,0.409024,0.118069,0.99,26025,10,19,3.65491e-19,0.00561697,0.9999999993954415,0.9250535524524344
832915.0,385,0.0222664,0.336247,0.99,10000,10,34,0.00227189,1.70101e-05,0.9523356527370824,0.9958756697513415
587283.0,403,0.361643,0.1,0.99,22670,10,18,1.39462e-19,0.00622791,0.9999999996265538,0.9210828915887056
824305.0,386,0.01,0.623484,0.99,10000,10,26,0.00541494,4.73814e-06,0.9264137241056459,0.997823273099353
705343.0,248,0.0470108,0.387376,0.989976,10000,10,24,0.000273642,6.616e-05,0.9834578719627733,0.9918661202369349
700877.0,375,0.200509,0.162845,0.99,10000,10,27,1.90892e-13,0.00084417,0.9999995630881096,0.9709453962339873
586989.0,425,0.402638,0.1,0.99,22924,10,19,5.84864e-19,0.00486154,0.999999999235236,0.9302752554683776
832915.0,379,0.0222664,0.311283,0.99,10000,10,32,0.00179777,2.37947e-05,0.9575998820756357,0.9951220188602251
824701.0,500,0.01,0.613054,0.99,10000,10,12,0.00637754,3.03214e-06,0.9201404983737064,0.9982586958910058
592994.0,431,0.402638,0.1,0.99,22670,10,19,7.92764e-19,0.00453112,0.999999999109627,0.9326864055335031
515491.0,323,0.323268,0.176502,0.99,11176,10,25,8.59032e-18,0.00262835,0.9999999970690753,0.9487325639416208
997211.0,464,0.01,0.376584,0.99,10000,10,13,0.00483497,5.91631e-06,0.9304660514568603,0.9975676533964092
850810.0,422,0.0109263,0.47583,0.99,10000,10,17,0.00473438,6.59837e-06,0.9311931689437742,0.9974312707421762
824305.0,500,0.01,0.623484,0.99,10000,10,12,0.00643902,2.97075e-06,0.9197564955899856,0.9982764136227041
898684.0,500,0.01,0.594368,0.99,10000,10,33,0.00660033,2.93093e-06,0.9187575849694263,0.9982880040887899
832915.0,305,0.0366035,0.278592,0.99,10000,10,26,0.000340494,6.11436e-05,0.9815475204918147,0.99218056268009
674044.0,364,0.180253,0.162845,0.99,10000,10,31,8.78474e-17,0.00139204,0.9999999906273056,0.9626899477352282
736596.0,268,0.0256298,0.593383,0.99,10000,10,31,0.00278211,1.56792e-05,0.9472542892739134,0.9960403030418983
592994.0,431,0.402638,0.1,0.99,22670,10,19,7.92764e-19,0.00453112,0.999999999109627,0.9326864055335031
912993.0,500,0.01,0.594368,0.99,10000,10,24,0.0066609,2.90537e-06,0.9183856630241966,0.9982954854063399
997211.0,394,0.01,0.423091,0.99,10000,10,10,0.00461099,7.01501e-06,0.9320957291475713,0.99735141358457
1000000.0,495,0.01,0.594368,0.99,10000,10,24,0.00696581,2.8431e-06,0.9165385717831285,0.9983138505404324
628120.0,401,0.43008,0.1,0.99,22670,10,20,5.44908e-19,0.00511216,0.9999999992618211,0.9285006293733994
664370.0,484,0.019148,0.503414,0.99,10000,10,16,0.00448136,7.65721e-06,0.9330570392050068,0.9972328335792728
884673.0,497,0.01,0.463556,0.99,10000,10,17,0.00552333,4.25154e-06,0.925680890748072,0.9979380737161576
586989.0,425,0.402638,0.1,0.99,22924,10,17,5.79017e-19,0.00488446,0.9999999992390683,0.9301110881469743
628120.0,401,0.43008,0.1,0.99,22670,10,25,5.70073e-19,0.00509084,0.9999999992449682,0.928649877365207
380646.0,350,0.414841,0.115136,0.99,26025,10,19,3.64532e-21,0.00948234,0.9999999999396235,0.9026226925818956
961320.0,500,0.01,0.609801,0.99,10000,10,23,0.00694344,2.78142e-06,0.9166726935512733,0.9983322410246082
380646.0,350,0.414841,0.115136,0.99,26025,10,19,3.64532e-21,0.00948234,0.9999999999396235,0.9026226925818956
432312.0,425,0.415788,0.1,0.99,26025,10,19,3.0893899999999997e-20,0.00725197,0.9999999998242334,0.9148415007177793
617750.0,431,0.410488,0.1,0.99,22670,10,13,8.89767e-19,0.00425776,0.9999999990567254,0.9347484866075889
449349.0,393,0.493004,0.1,0.99,28289,10,19,2.00415e-20,0.00812399,0.999999999858432,0.9098668207595005
380646.0,397,0.410228,0.153212,0.99,13524,10,19,1.55129e-18,0.00327527,0.9999999987544921,0.9427700253363677
832915.0,309,0.0343275,0.345801,0.99,10000,10,27,0.00127629,2.88779e-05,0.9642747988109234,0.9946261838513026
909669.0,326,0.0366035,0.274891,0.99,10000,10,34,0.000832545,3.55744e-05,0.9711461441051633,0.9940355721146115
409174.0,397,0.414841,0.153212,0.99,13524,10,20,2.875e-18,0.00284933,0.9999999983044175,0.9466208842336256
830809.0,377,0.0222664,0.307753,0.99,10000,10,32,0.00170853,2.61775e-05,0.9586656317333868,0.9948836047846165
380646.0,397,0.414841,0.115136,0.99,26025,10,19,6.179179999999999e-20,0.00675493,0.9999999997514204,0.9178116188260166
432312.0,393,0.414841,0.1,0.99,26025,10,19,5.22714e-21,0.00906215,0.999999999927701,0.9048046744845105
832915.0,371,0.0366035,0.278592,0.99,10000,10,30,0.00111284,3.11673e-05,0.9666407434135591,0.9944172318694039
586989.0,397,0.473817,0.1,0.99,22924,10,19,2.87753e-19,0.00575043,0.9999999994635739,0.9241684102764554
735938.0,267,0.02258,0.58752,0.99,10000,10,10,0.00266526,1.61531e-05,0.9483738438386122,0.9959809080627584
578298.0,467,0.325814,0.123382,0.99,10580,10,29,2.05533e-17,0.00179253,0.9999999954664253,0.9576617194491793
788337.0,422,0.0136897,0.47583,0.99,10000,10,15,0.00433639,7.51793e-06,0.9341487281823654,0.9972581156114818
696757.0,401,0.325814,0.123382,0.99,10000,10,23,1.40614e-17,0.00215011,0.9999999962501467,0.9536307213771876
997211.0,394,0.01,0.423091,0.99,10000,10,10,0.00461099,7.01501e-06,0.9320957291475713,0.99735141358457
876496.0,372,0.0222664,0.336247,0.99,10000,10,36,0.00235794,1.61844e-05,0.9514413756372774,0.9959770160328433
664370.0,484,0.019148,0.405164,0.99,10000,10,16,0.00335534,1.14721e-05,0.9420747032808635,0.9966129511370516
339460.0,397,0.426115,0.137403,0.99,16560,12,19,1.34729e-19,0.00656313,0.9999999996329455,0.9189868529188009
443229.0,415,0.421266,0.1,0.99,28715,11,18,1.21579e-20,0.0086098,0.9999999998897371,0.9072109920303056
622501.0,401,0.414022,0.1,0.99,22670,10,16,4.13924e-19,0.00537691,0.9999999993566308,0.9266725835720363
848262.0,497,0.01,0.551631,0.99,10000,10,17,0.00606174,3.40964e-06,0.9221428230668489,0.9981534789467759
832915.0,254,0.0343275,0.356869,0.99,10000,10,22,0.000555708,5.05379e-05,0.9764265403472464,0.9928909986636659
436240.0,400,0.421266,0.1,0.99,28715,10,18,1.4019e-20,0.00831314,0.9999999998815982,0.9088235776091209
578298.0,469,0.325814,0.11485,0.99,10580,10,29,4.57128e-18,0.00251173,0.9999999978619448,0.9498828372710505
592994.0,396,0.402638,0.1,0.99,22670,10,18,1.86237e-19,0.00620172,0.9999999995684481,0.9212490000063491
700877.0,375,0.180345,0.162845,0.99,10000,10,27,1.71715e-15,0.00095571,0.9999999585614914,0.9690854403233686
741431.0,422,0.0182106,0.47583,0.99,10000,10,15,0.00402471,8.63603e-06,0.9365593978590997,0.9970612876969666
643521.0,452,0.019148,0.47583,0.99,10000,10,16,0.00368175,1.00034e-05,0.939322574214128,0.9968371847983165
832915.0,500,0.0222664,0.288684,0.99,10000,10,32,0.00287323,1.31499e-05,0.9463974814024565,0.9963737209153183
700877.0,364,0.160282,0.162845,0.99,10000,10,31,1.89698e-16,0.00128208,0.9999999862269103,0.9641938552759446
840034.0,481,0.01,0.594368,0.99,10000,10,24,0.00618849,3.26076e-06,0.9213330437858436,0.9981942425412033
664370.0,484,0.019148,0.47583,0.99,10000,10,15,0.00418871,8.25184e-06,0.9352797558719067,0.9971273983917014
380646.0,397,0.414841,0.153212,0.99,13524,10,19,1.5997100000000004e-18,0.00326057,0.9999999987352036,0.9428985989664002
832915.0,372,0.0222664,0.336247,0.99,10000,10,34,0.00209164,1.90025e-05,0.9542655490904286,0.9956408142962245
870711.0,497,0.01,0.491263,0.99,10000,10,19,0.00570004,3.9381e-06,0.9245013907412858,0.9980155353366714
736905.0,244,0.0256298,0.560265,0.99,10000,10,30,0.00196646,2.28483e-05,0.9556552145117376,0.9952200104602625
895472.0,422,0.0109263,0.47583,0.99,10000,10,17,0.00496625,5.59567e-06,0.9295283745043439,0.9976344831431587
700877.0,418,0.2206,0.131933,0.99,10000,10,27,2.15044e-17,0.00157091,0.9999999953627163,0.9603652929870801
654389.0,324,0.059251,0.268743,0.99,10000,10,30,1.58968e-05,0.000122452,0.9960129208686057,0.9889341968208358
918263.0,338,0.01,0.597751,0.99,10000,10,23,0.0051289,5.48115e-06,0.9283836610821246,0.9976588144029146
997211.0,419,0.01,0.458166,0.99,10000,10,10,0.00525547,4.87749e-06,0.9275053795099251,0.997791495981439
884673.0,497,0.01,0.463556,0.99,10000,10,17,0.00552333,4.25154e-06,0.925680890748072,0.9979380737161576
692938.0,331,0.059251,0.268743,0.99,10762,10,31,9.43652e-05,8.52524e-05,0.9902858247905445,0.9907667773773183
432312.0,393,0.409024,0.118069,0.99,26025,10,19,3.65491e-19,0.00561697,0.9999999993954415,0.9250535524524344
832915.0,385,0.0222664,0.336247,0.99,10000,10,34,0.00227189,1.70101e-05,0.9523356527370824,0.9958756697513415
824305.0,386,0.01,0.623484,0.99,10000,10,26,0.00541494,4.73814e-06,0.9264137241056459,0.997823273099353
515491.0,330,0.323268,0.176502,0.99,11938,10,25,9.76742e-18,0.00236829,0.9999999968747129,0.9513349201171929
587283.0,403,0.361643,0.1,0.99,22670,10,18,1.39462e-19,0.00622791,0.9999999996265538,0.9210828915887056
909669.0,326,0.0366035,0.234378,0.99,10000,10,25,0.000256956,6.20146e-05,0.9839701528391566,0.9921250650796339
735930.0,316,0.11853,0.216883,0.99,10000,10,17,6.11781e-10,0.000352147,0.9999752657929175,0.9812344198064649
832915.0,379,0.0222664,0.311283,0.99,10000,10,32,0.00179777,2.37947e-05,0.9575998820756357,0.9951220188602251
586989.0,425,0.402638,0.1,0.99,22924,10,19,5.84864e-19,0.00486154,0.999999999235236,0.9302752554683776
705931.0,500,0.019148,0.353121,0.99,10000,10,21,0.00310316,1.26053e-05,0.9442939859620166,0.9964496056557053
824701.0,500,0.01,0.613054,0.99,10000,10,12,0.00637754,3.03214e-06,0.9201404983737064,0.9982586958910058
592994.0,431,0.402638,0.1,0.99,22670,10,19,7.92764e-19,0.00453112,0.999999999109627,0.9326864055335031
828334.0,480,0.01,0.551631,0.99,10000,10,18,0.00582534,3.74656e-06,0.9236760850060742,0.9980643967348654
832915.0,305,0.0366035,0.278592,0.99,10000,10,26,0.000340494,6.11436e-05,0.9815475204918147,0.99218056268009
705931.0,500,0.019148,0.353121,0.99,10000,10,19,0.00310241,1.26116e-05,0.9443007181374841,0.996448718541146
997211.0,464,0.01,0.376584,0.99,10000,10,13,0.00483497,5.91631e-06,0.9304660514568603,0.9975676533964092
748022.0,423,0.0366402,0.232203,0.99,10000,10,28,0.00048249,5.16029e-05,0.9780343449904174,0.9928164841477171
824305.0,500,0.01,0.623484,0.99,10000,10,12,0.00643902,2.97075e-06,0.9197564955899856,0.9982764136227041
898684.0,500,0.01,0.594368,0.99,10000,10,33,0.00660033,2.93093e-06,0.9187575849694263,0.9982880040887899
735930.0,291,0.11853,0.216883,0.99,10000,10,18,1.01715e-13,0.000809855,0.9999996810721085,0.9715420485628358
674044.0,364,0.180253,0.162845,0.99,10000,10,31,8.78474e-17,0.00139204,0.9999999906273056,0.9626899477352282
736596.0,268,0.0256298,0.593383,0.99,10000,10,31,0.00278211,1.56792e-05,0.9472542892739134,0.9960403030418983
592994.0,431,0.402638,0.1,0.99,22670,10,19,7.92764e-19,0.00453112,0.999999999109627,0.9326864055335031
628120.0,401,0.43008,0.1,0.99,22670,10,20,5.44908e-19,0.00511216,0.9999999992618211,0.9285006293733994
774944.0,316,0.11853,0.216883,0.99,10000,11,17,5.62447e-10,0.00045758,0.9999762840349131,0.9786088803472095
705931.0,484,0.019148,0.42033,0.99,10000,10,21,0.00384736,9.14951e-06,0.9379729091444714,0.9969751843031351
436240.0,397,0.421266,0.1,0.99,24861,10,18,6.62818e-21,0.00882938,0.9999999999185863,0.9060352193638489
912993.0,500,0.01,0.594368,0.99,10000,10,24,0.0066609,2.90537e-06,0.9183856630241966,0.9982954854063399
947118.0,500,0.01,0.594368,0.99,10000,10,24,0.00680002,2.85896e-06,0.9175377662199234,0.9983091540578751
586989.0,425,0.402638,0.1,0.99,22924,10,17,5.79017e-19,0.00488446,0.9999999992390683,0.9301110881469743
628120.0,401,0.43008,0.1,0.99,22670,10,25,5.70073e-19,0.00509084,0.9999999992449682,0.928649877365207
636532.0,452,0.019148,0.497455,0.99,10000,10,16,0.0038467,9.8539e-06,0.9379782296286215,0.996860907774531
380646.0,397,0.414841,0.1,0.99,26025,10,19,1.31965e-21,0.009853,0.9999999999636731,0.9007377211625684
961320.0,500,0.01,0.609801,0.99,10000,10,23,0.00694344,2.78142e-06,0.9166726935512733,0.9983322410246082
961320.0,500,0.01,0.609801,0.99,10000,10,23,0.00694344,2.78142e-06,0.9166726935512733,0.9983322410246082
432312.0,425,0.415788,0.1,0.99,26025,10,19,3.0893899999999997e-20,0.00725197,0.9999999998242334,0.9148415007177793
346813.0,397,0.426115,0.137403,0.99,16560,10,17,1.90813e-19,0.00501931,0.9999999995631785,0.9291529111395536
617750.0,431,0.410488,0.1,0.99,22670,10,13,8.89767e-19,0.00425776,0.9999999990567254,0.9347484866075889
592994.0,396,0.402638,0.1,0.99,22670,10,18,1.86237e-19,0.00620172,0.9999999995684481,0.9212490000063491
449349.0,393,0.493004,0.1,0.99,28289,10,19,2.00415e-20,0.00812399,0.999999999858432,0.9098668207595005
380646.0,397,0.410228,0.153212,0.99,13524,10,19,1.55129e-18,0.00327527,0.9999999987544921,0.9427700253363677
909669.0,326,0.0366035,0.274891,0.99,10000,10,34,0.000832545,3.55744e-05,0.9711461441051633,0.9940355721146115
664370.0,484,0.019148,0.405164,0.99,10000,10,16,0.00335534,1.14721e-05,0.9420747032808635,0.9966129511370516
876496.0,372,0.0222664,0.336247,0.99,10000,10,36,0.00235794,1.61844e-05,0.9514413756372774,0.9959770160328433
997211.0,394,0.01,0.423091,0.99,10000,10,10,0.00461099,7.01501e-06,0.9320957291475713,0.99735141358457
643521.0,452,0.019148,0.47583,0.99,10000,10,16,0.00368175,1.00034e-05,0.939322574214128,0.9968371847983165
380646.0,397,0.414841,0.115136,0.99,26025,10,19,6.179179999999999e-20,0.00675493,0.9999999997514204,0.9178116188260166
832915.0,371,0.0340236,0.278592,0.99,10000,10,30,0.00109499,2.97709e-05,0.9669093668842677,0.9945437283791951
409174.0,397,0.414841,0.153212,0.99,13524,10,20,2.875e-18,0.00284933,0.9999999983044175,0.9466208842336256
745028.0,371,0.0355347,0.333827,0.99,10000,10,31,0.00149916,2.65316e-05,0.9612810124099299,0.9948491165806242
735938.0,267,0.02258,0.58752,0.99,10000,10,10,0.00266526,1.61531e-05,0.9483738438386122,0.9959809080627584
788337.0,422,0.0136897,0.47583,0.99,10000,10,15,0.00433639,7.51793e-06,0.9341487281823654,0.9972581156114818
578298.0,467,0.325814,0.123382,0.99,10580,10,29,2.05533e-17,0.00179253,0.9999999954664253,0.9576617194491793
832915.0,309,0.0343275,0.345801,0.99,10000,10,27,0.00127629,2.88779e-05,0.9642747988109234,0.9946261838513026
339460.0,397,0.426115,0.137403,0.99,16560,12,19,1.34729e-19,0.00656313,0.9999999996329455,0.9189868529188009
443229.0,415,0.421266,0.1,0.99,28715,11,18,1.21579e-20,0.0086098,0.9999999998897371,0.9072109920303056
848262.0,497,0.01,0.551631,0.99,10000,10,17,0.00606174,3.40964e-06,0.9221428230668489,0.9981534789467759
828334.0,480,0.01,0.551631,0.99,10000,10,18,0.00582534,3.74656e-06,0.9236760850060742,0.9980643967348654
832915.0,254,0.0343275,0.356869,0.99,10000,10,22,0.000555708,5.05379e-05,0.9764265403472464,0.9928909986636659
997211.0,464,0.01,0.376584,0.99,10000,10,13,0.00483497,5.91631e-06,0.9304660514568603,0.9975676533964092
735930.0,291,0.11853,0.216883,0.99,10000,10,18,1.01715e-13,0.000809855,0.9999996810721085,0.9715420485628358
436240.0,400,0.421266,0.1,0.99,28715,10,18,1.4019e-20,0.00831314,0.9999999998815982,0.9088235776091209
741431.0,422,0.0182106,0.47583,0.99,10000,10,15,0.00402471,8.63603e-06,0.9365593978590997,0.9970612876969666
578298.0,469,0.325814,0.11485,0.99,10580,10,29,4.57128e-18,0.00251173,0.9999999978619448,0.9498828372710505
700877.0,375,0.180345,0.162845,0.99,10000,10,27,1.71715e-15,0.00095571,0.9999999585614914,0.9690854403233686
774944.0,316,0.11853,0.216883,0.99,10000,11,17,5.62447e-10,0.00045758,0.9999762840349131,0.9786088803472095
832915.0,500,0.0222664,0.288684,0.99,10000,10,32,0.00287323,1.31499e-05,0.9463974814024565,0.9963737209153183
436240.0,397,0.421266,0.1,0.99,24861,10,18,6.62818e-21,0.00882938,0.9999999999185863,0.9060352193638489
840034.0,481,0.01,0.594368,0.99,10000,10,24,0.00618849,3.26076e-06,0.9213330437858436,0.9981942425412033
664370.0,484,0.019148,0.47583,0.99,10000,10,15,0.00418871,8.25184e-06,0.9352797558719067,0.9971273983917014
700877.0,364,0.160282,0.162845,0.99,10000,10,31,1.89698e-16,0.00128208,0.9999999862269103,0.9641938552759446
870711.0,497,0.01,0.491263,0.99,10000,10,19,0.00570004,3.9381e-06,0.9245013907412858,0.9980155353366714
830809.0,377,0.0222664,0.307753,0.99,10000,10,32,0.00170853,2.61775e-05,0.9586656317333868,0.9948836047846165
736905.0,244,0.0256298,0.560265,0.99,10000,10,30,0.00196646,2.28483e-05,0.9556552145117376,0.9952200104602625
437234.0,391,0.421266,0.1,0.99,24861,10,18,5.08487e-21,0.00917498,0.9999999999286917,0.904213884095867
895472.0,422,0.0109263,0.47583,0.99,10000,10,17,0.00496625,5.59567e-06,0.9295283745043439,0.9976344831431587
884673.0,497,0.01,0.463556,0.99,10000,10,17,0.00552333,4.25154e-06,0.925680890748072,0.9979380737161576
947118.0,500,0.01,0.594368,0.99,10000,10,24,0.00680002,2.85896e-06,0.9175377662199234,0.9983091540578751
654389.0,324,0.059251,0.268743,0.99,10000,10,30,1.58968e-05,0.000122452,0.9960129208686057,0.9889341968208358
700877.0,418,0.2206,0.131933,0.99,10000,10,27,2.15044e-17,0.00157091,0.9999999953627163,0.9603652929870801
824305.0,386,0.01,0.623484,0.99,10000,10,26,0.00541494,4.73814e-06,0.9264137241056459,0.997823273099353
380646.0,350,0.414841,0.115136,0.99,26025,10,19,3.64532e-21,0.00948234,0.9999999999396235,0.9026226925818956
832915.0,379,0.0222664,0.311283,0.99,10000,10,32,0.00179777,2.37947e-05,0.9575998820756357,0.9951220188602251
515491.0,330,0.323268,0.176502,0.99,11938,10,25,9.76742e-18,0.00236829,0.9999999968747129,0.9513349201171929
587283.0,403,0.361643,0.1,0.99,22670,10,18,1.39462e-19,0.00622791,0.9999999996265538,0.9210828915887056
881621.0,500,0.0222664,0.239496,0.99,10000,10,40,0.00214058,1.69243e-05,0.9537335975031557,0.9958860845900772
753845.0,476,0.0233441,0.349676,0.99,10000,10,26,0.00313059,1.25456e-05,0.9440483244218728,0.996458023150838
735930.0,316,0.11853,0.216883,0.99,10000,10,17,6.11781e-10,0.000352147,0.9999752657929175,0.9812344198064649
696757.0,401,0.325814,0.123382,0.99,10000,10,23,1.40614e-17,0.00215011,0.9999999962501467,0.9536307213771876
824701.0,500,0.01,0.613054,0.99,10000,10,12,0.00637754,3.03214e-06,0.9201404983737064,0.9982586958910058
586989.0,425,0.402638,0.1,0.99,22924,10,19,5.84864e-19,0.00486154,0.999999999235236,0.9302752554683776
432312.0,393,0.414841,0.1,0.99,26025,10,19,5.22714e-21,0.00906215,0.999999999927701,0.9048046744845105
592994.0,431,0.402638,0.1,0.99,22670,10,19,7.92764e-19,0.00453112,0.999999999109627,0.9326864055335031
832915.0,305,0.0366035,0.278592,0.99,10000,10,26,0.000340494,6.11436e-05,0.9815475204918147,0.99218056268009
705931.0,500,0.019148,0.353121,0.99,10000,10,19,0.00310241,1.26116e-05,0.9443007181374841,0.996448718541146
692938.0,331,0.059251,0.268743,0.99,10762,10,31,9.43652e-05,8.52524e-05,0.9902858247905445,0.9907667773773183
824305.0,500,0.01,0.623484,0.99,10000,10,12,0.00643902,2.97075e-06,0.9197564955899856,0.9982764136227041
748022.0,423,0.0366402,0.232203,0.99,10000,10,28,0.00048249,5.16029e-05,0.9780343449904174,0.9928164841477171
898684.0,500,0.01,0.594368,0.99,10000,10,33,0.00660033,2.93093e-06,0.9187575849694263,0.9982880040887899
380646.0,350,0.414841,0.115136,0.99,26025,10,19,3.64532e-21,0.00948234,0.9999999999396235,0.9026226925818956
736596.0,268,0.0256298,0.593383,0.99,10000,10,31,0.00278211,1.56792e-05,0.9472542892739134,0.9960403030418983
409174.0,397,0.332868,0.153212,0.99,13524,10,19,2.4407500000000007e-18,0.00313017,0.99999999843771,0.9440520777865701
674044.0,364,0.180253,0.162845,0.99,10000,10,31,8.78474e-17,0.00139204,0.9999999906273056,0.9626899477352282
997211.0,419,0.01,0.458166,0.99,10000,10,10,0.00525547,4.87749e-06,0.9275053795099251,0.997791495981439
912993.0,500,0.01,0.594368,0.99,10000,10,24,0.0066609,2.90537e-06,0.9183856630241966,0.9982954854063399
592994.0,431,0.402638,0.1,0.99,22670,10,19,7.92764e-19,0.00453112,0.999999999109627,0.9326864055335031
705931.0,484,0.019148,0.42033,0.99,10000,10,21,0.00384736,9.14951e-06,0.9379729091444714,0.9969751843031351
832915.0,371,0.0366035,0.217086,0.99,10000,10,32,0.000208798,7.91806e-05,0.9855501557101816,0.9911016518386838
636532.0,452,0.019148,0.497455,0.99,10000,10,16,0.0038467,9.8539e-06,0.9379782296286215,0.996860907774531
918263.0,338,0.01,0.597751,0.99,10000,10,20,0.00512837,5.4838e-06,0.9283873614506489,0.9976582485187364
696757.0,401,0.325814,0.123382,0.99,10000,10,23,1.40614e-17,0.00215011,0.9999999962501467,0.9536307213771876
832915.0,372,0.0222664,0.336247,0.99,10000,10,34,0.00209164,1.90025e-05,0.9542655490904286,0.9956408142962245
961320.0,500,0.01,0.609801,0.99,10000,10,19,0.00694303,2.78141e-06,0.9166751537655184,0.998332244022646
380646.0,397,0.414841,0.1,0.99,26025,10,23,9.32313e-22,0.00980907,0.9999999999694662,0.900959250810588
432312.0,425,0.415788,0.1,0.99,26025,10,19,3.0893899999999997e-20,0.00725197,0.9999999998242334,0.9148415007177793
346813.0,397,0.426115,0.137403,0.99,16560,10,17,1.90813e-19,0.00501931,0.9999999995631785,0.9291529111395536
617750.0,431,0.410488,0.1,0.99,22670,10,13,8.89767e-19,0.00425776,0.9999999990567254,0.9347484866075889
592994.0,396,0.402638,0.1,0.99,22670,10,18,1.86237e-19,0.00620172,0.9999999995684481,0.9212490000063491
380646.0,397,0.410228,0.153212,0.99,13524,10,19,1.55129e-18,0.00327527,0.9999999987544921,0.9427700253363677
449349.0,393,0.493004,0.1,0.99,28289,10,19,2.00415e-20,0.00812399,0.999999999858432,0.9098668207595005
664370.0,484,0.019148,0.405164,0.99,10000,10,16,0.00335534,1.14721e-05,0.9420747032808635,0.9966129511370516
876496.0,372,0.0222664,0.336247,0.99,10000,10,36,0.00235794,1.61844e-05,0.9514413756372774,0.9959770160328433
997211.0,394,0.01,0.423091,0.99,10000,10,10,0.00461099,7.01501e-06,0.9320957291475713,0.99735141358457
643521.0,452,0.019148,0.47583,0.99,10000,10,16,0.00368175,1.00034e-05,0.939322574214128,0.9968371847983165
380646.0,397,0.414841,0.115136,0.99,26025,10,19,6.179179999999999e-20,0.00675493,0.9999999997514204,0.9178116188260166
409174.0,397,0.414841,0.153212,0.99,13524,10,20,2.875e-18,0.00284933,0.9999999983044175,0.9466208842336256
745028.0,371,0.0355347,0.333827,0.99,10000,10,31,0.00149916,2.65316e-05,0.9612810124099299,0.9948491165806242
735938.0,267,0.02258,0.58752,0.99,10000,10,10,0.00266526,1.61531e-05,0.9483738438386122,0.9959809080627584
788337.0,422,0.0136897,0.47583,0.99,10000,10,15,0.00433639,7.51793e-06,0.9341487281823654,0.9972581156114818
832915.0,309,0.0343275,0.345801,0.99,10000,10,27,0.00127629,2.88779e-05,0.9642747988109234,0.9946261838513026
339460.0,397,0.426115,0.137403,0.99,16560,12,19,1.34729e-19,0.00656313,0.9999999996329455,0.9189868529188009
443229.0,415,0.421266,0.1,0.99,28715,11,18,1.21579e-20,0.0086098,0.9999999998897371,0.9072109920303056
828334.0,480,0.01,0.551631,0.99,10000,10,18,0.00582534,3.74656e-06,0.9236760850060742,0.9980643967348654
997211.0,464,0.01,0.376584,0.99,10000,10,13,0.00483497,5.91631e-06,0.9304660514568603,0.9975676533964092
586989.0,425,0.402638,0.1,0.99,22924,10,19,5.84864e-19,0.00486154,0.999999999235236,0.9302752554683776
436240.0,400,0.421266,0.1,0.99,28715,10,18,1.4019e-20,0.00831314,0.9999999998815982,0.9088235776091209
741431.0,422,0.0182106,0.47583,0.99,10000,10,15,0.00402471,8.63603e-06,0.9365593978590997,0.9970612876969666
578298.0,469,0.325814,0.11485,0.99,10580,10,29,4.57128e-18,0.00251173,0.9999999978619448,0.9498828372710505
832915.0,359,0.0343275,0.270864,0.99,10000,10,23,0.000808254,3.49338e-05,0.9715701916995559,0.99408951778617
774944.0,316,0.11853,0.216883,0.99,10000,11,17,5.62447e-10,0.00045758,0.9999762840349131,0.9786088803472095
832915.0,500,0.0222664,0.288684,0.99,10000,10,32,0.00287323,1.31499e-05,0.9463974814024565,0.9963737209153183
436240.0,397,0.421266,0.1,0.99,24861,10,18,6.62818e-21,0.00882938,0.9999999999185863,0.9060352193638489
700877.0,375,0.180345,0.162845,0.99,10000,10,27,1.71715e-15,0.00095571,0.9999999585614914,0.9690854403233686
664370.0,484,0.019148,0.47583,0.99,10000,10,15,0.00418871,8.25184e-06,0.9352797558719067,0.9971273983917014
870711.0,497,0.01,0.491263,0.99,10000,10,19,0.00570004,3.9381e-06,0.9245013907412858,0.9980155353366714
409174.0,397,0.332868,0.153212,0.99,13524,10,19,2.4407500000000007e-18,0.00313017,0.99999999843771,0.9440520777865701
830809.0,377,0.0222664,0.307753,0.99,10000,10,32,0.00170853,2.61775e-05,0.9586656317333868,0.9948836047846165
437234.0,391,0.421266,0.1,0.99,24861,10,18,5.08487e-21,0.00917498,0.9999999999286917,0.904213884095867
736905.0,244,0.0256298,0.560265,0.99,10000,10,30,0.00196646,2.28483e-05,0.9556552145117376,0.9952200104602625
835174.0,325,0.0366035,0.30989,0.99,10000,10,32,0.000997715,3.29605e-05,0.9684133730829011,0.9942588764165888
918263.0,338,0.01,0.597751,0.99,10000,10,20,0.00512837,5.4838e-06,0.9283873614506489,0.9976582485187364
997211.0,419,0.01,0.458166,0.99,10000,10,10,0.00525547,4.87749e-06,0.9275053795099251,0.997791495981439
832915.0,254,0.0343275,0.356869,0.99,10000,10,22,0.000555708,5.05379e-05,0.9764265403472464,0.9928909986636659
700877.0,418,0.2206,0.131933,0.99,10000,10,27,2.15044e-17,0.00157091,0.9999999953627163,0.9603652929870801
913924.0,500,0.01,0.609801,0.99,10000,10,25,0.00675659,2.83185e-06,0.9178015206953316,0.9983171898502802
848262.0,497,0.01,0.551631,0.99,10000,10,17,0.00606174,3.40964e-06,0.9221428230668489,0.9981534789467759
735930.0,291,0.11853,0.216883,0.99,10000,10,18,1.01715e-13,0.000809855,0.9999996810721085,0.9715420485628358
881621.0,500,0.0222664,0.239496,0.99,10000,10,40,0.00214058,1.69243e-05,0.9537335975031557,0.9958860845900772
906771.0,377,0.0455625,0.227609,0.99,10000,10,34,0.000678709,4.57022e-05,0.9739479559343226,0.9932396597718753
832915.0,371,0.0366035,0.217086,0.99,10000,10,32,0.000208798,7.91806e-05,0.9855501557101816,0.9911016518386838
832915.0,379,0.0222664,0.311283,0.99,10000,10,32,0.00179777,2.37947e-05,0.9575998820756357,0.9951220188602251
705931.0,500,0.019148,0.353121,0.99,10000,10,19,0.00310241,1.26116e-05,0.9443007181374841,0.996448718541146
515491.0,330,0.323268,0.176502,0.99,11938,10,25,9.76742e-18,0.00236829,0.9999999968747129,0.9513349201171929
587283.0,403,0.361643,0.1,0.99,22670,10,18,1.39462e-19,0.00622791,0.9999999996265538,0.9210828915887056
578298.0,467,0.325814,0.123382,0.99,10580,10,28,2.04904e-17,0.00179279,0.9999999954733677,0.957658649053201
696757.0,401,0.325814,0.123382,0.99,10000,10,23,1.40614e-17,0.00215011,0.9999999962501467,0.9536307213771876
824701.0,500,0.01,0.613054,0.99,10000,10,12,0.00637754,3.03214e-06,0.9201404983737064,0.9982586958910058
432312.0,393,0.414841,0.1,0.99,26025,10,19,5.22714e-21,0.00906215,0.999999999927701,0.9048046744845105
840034.0,481,0.01,0.594368,0.99,10000,10,24,0.00618849,3.26076e-06,0.9213330437858436,0.9981942425412033
824305.0,386,0.01,0.623484,0.99,10000,10,26,0.00541494,4.73814e-06,0.9264137241056459,0.997823273099353
592994.0,431,0.402638,0.1,0.99,22670,10,19,7.92764e-19,0.00453112,0.999999999109627,0.9326864055335031
380646.0,350,0.414841,0.115136,0.99,26025,10,19,3.64532e-21,0.00948234,0.9999999999396235,0.9026226925818956
700877.0,364,0.160282,0.162845,0.99,10000,10,31,1.89698e-16,0.00128208,0.9999999862269103,0.9641938552759446
753845.0,476,0.0233441,0.349676,0.99,10000,10,26,0.00313059,1.25456e-05,0.9440483244218728,0.996458023150838
692938.0,331,0.059251,0.268743,0.99,10762,10,31,9.43652e-05,8.52524e-05,0.9902858247905445,0.9907667773773183
824305.0,500,0.01,0.623484,0.99,10000,10,12,0.00643902,2.97075e-06,0.9197564955899856,0.9982764136227041
890716.0,298,0.0366035,0.274891,0.99,10000,10,34,0.000397357,5.09699e-05,0.9800661845097333,0.9928606793040233
898684.0,500,0.01,0.594368,0.99,10000,10,33,0.00660033,2.93093e-06,0.9187575849694263,0.9982880040887899
654389.0,324,0.059251,0.268743,0.99,10000,10,30,1.58968e-05,0.000122452,0.9960129208686057,0.9889341968208358
380646.0,350,0.414841,0.115136,0.99,26025,10,19,3.64532e-21,0.00948234,0.9999999999396235,0.9026226925818956
736596.0,268,0.0256298,0.593383,0.99,10000,10,31,0.00278211,1.56792e-05,0.9472542892739134,0.9960403030418983
832915.0,305,0.0366035,0.278592,0.99,10000,10,26,0.000340494,6.11436e-05,0.9815475204918147,0.99218056268009
674044.0,364,0.180253,0.162845,0.99,10000,10,31,8.78474e-17,0.00139204,0.9999999906273056,0.9626899477352282
884673.0,497,0.01,0.463556,0.99,10000,10,17,0.00552333,4.25154e-06,0.925680890748072,0.9979380737161576
592994.0,431,0.402638,0.1,0.99,22670,10,19,7.92764e-19,0.00453112,0.999999999109627,0.9326864055335031
832915.0,371,0.0340236,0.278592,0.99,10000,10,30,0.00109499,2.97709e-05,0.9669093668842677,0.9945437283791951
705931.0,484,0.019148,0.42033,0.99,10000,10,21,0.00384736,9.14951e-06,0.9379729091444714,0.9969751843031351
832915.0,372,0.0222664,0.336247,0.99,10000,10,34,0.00209164,1.90025e-05,0.9542655490904286,0.9956408142962245
731250.0,302,0.11853,0.248056,0.99,10000,11,17,4.86333e-07,0.000261184,0.999302624204607,0.9838388119248614
636532.0,452,0.019148,0.497455,0.99,10000,10,16,0.0038467,9.8539e-06,0.9379782296286215,0.996860907774531
895472.0,422,0.0109263,0.47583,0.99,10000,10,17,0.00496625,5.59567e-06,0.9295283745043439,0.9976344831431587
578298.0,467,0.325814,0.123382,0.99,10580,10,29,2.05533e-17,0.00179253,0.9999999954664253,0.9576617194491793
961320.0,500,0.01,0.609801,0.99,10000,10,19,0.00694303,2.78141e-06,0.9166751537655184,0.998332244022646
380646.0,397,0.414841,0.1,0.99,26025,10,23,9.32313e-22,0.00980907,0.9999999999694662,0.900959250810588
961320.0,500,0.01,0.609801,0.99,10000,10,19,0.00694303,2.78141e-06,0.9166751537655184,0.998332244022646
432312.0,425,0.415788,0.1,0.99,26025,10,19,3.0893899999999997e-20,0.00725197,0.9999999998242334,0.9148415007177793
592994.0,396,0.402638,0.1,0.99,22670,10,18,1.86237e-19,0.00620172,0.9999999995684481,0.9212490000063491
346813.0,397,0.426115,0.137403,0.99,16560,10,17,1.90813e-19,0.00501931,0.9999999995631785,0.9291529111395536
380646.0,397,0.410228,0.153212,0.99,13524,10,19,1.55129e-18,0.00327527,0.9999999987544921,0.9427700253363677
449349.0,393,0.493004,0.1,0.99,28289,10,19,2.00415e-20,0.00812399,0.999999999858432,0.9098668207595005
617750.0,431,0.410488,0.1,0.99,22670,10,13,8.89767e-19,0.00425776,0.9999999990567254,0.9347484866075889
832915.0,500,0.0222664,0.288684,0.99,10000,10,32,0.00287323,1.31499e-05,0.9463974814024565,0.9963737209153183
997211.0,400,0.0214546,0.278471,0.99,10000,10,16,0.00242898,1.54567e-05,0.9507153167809714,0.9960684990143712
643521.0,452,0.019148,0.47583,0.99,10000,10,16,0.00368175,1.00034e-05,0.939322574214128,0.9968371847983165
409174.0,397,0.414841,0.153212,0.99,13524,10,20,2.875e-18,0.00284933,0.9999999983044175,0.9466208842336256
664370.0,484,0.019148,0.405164,0.99,10000,10,16,0.00335534,1.14721e-05,0.9420747032808635,0.9966129511370516
788337.0,422,0.0136897,0.47583,0.99,10000,10,15,0.00433639,7.51793e-06,0.9341487281823654,0.9972581156114818
696757.0,401,0.325814,0.123382,0.99,10000,10,23,1.40614e-17,0.00215011,0.9999999962501467,0.9536307213771876
436240.0,397,0.421266,0.1,0.99,24861,10,18,6.62818e-21,0.00882938,0.9999999999185863,0.9060352193638489
380646.0,397,0.414841,0.115136,0.99,26025,10,19,6.179179999999999e-20,0.00675493,0.9999999997514204,0.9178116188260166
436240.0,400,0.401332,0.1,0.99,28715,10,16,1.0751099999999999e-20,0.0084886,0.9999999998963125,0.9078664013510814
848262.0,497,0.01,0.551631,0.99,10000,10,17,0.00606174,3.40964e-06,0.9221428230668489,0.9981534789467759
832915.0,309,0.0343275,0.345801,0.99,10000,10,27,0.00127629,2.88779e-05,0.9642747988109234,0.9946261838513026
339460.0,397,0.426115,0.137403,0.99,16560,12,19,1.34729e-19,0.00656313,0.9999999996329455,0.9189868529188009
774944.0,316,0.11853,0.216883,0.99,10000,11,17,5.62447e-10,0.00045758,0.9999762840349131,0.9786088803472095
997211.0,394,0.01,0.423091,0.99,10000,10,10,0.00461099,7.01501e-06,0.9320957291475713,0.99735141358457
586989.0,425,0.402638,0.1,0.99,22924,10,19,5.84864e-19,0.00486154,0.999999999235236,0.9302752554683776
700877.0,375,0.180345,0.162845,0.99,10000,10,27,1.71715e-15,0.00095571,0.9999999585614914,0.9690854403233686
898684.0,500,0.01,0.594368,0.99,10000,10,33,0.00660033,2.93093e-06,0.9187575849694263,0.9982880040887899
840034.0,481,0.01,0.594368,0.99,10000,10,24,0.00618849,3.26076e-06,0.9213330437858436,0.9981942425412033
741431.0,422,0.0182106,0.47583,0.99,10000,10,15,0.00402471,8.63603e-06,0.9365593978590997,0.9970612876969666
664370.0,484,0.019148,0.47583,0.99,10000,10,15,0.00418871,8.25184e-06,0.9352797558719067,0.9971273983917014
700877.0,364,0.160282,0.162845,0.99,10000,10,31,1.89698e-16,0.00128208,0.9999999862269103,0.9641938552759446
409174.0,397,0.332868,0.153212,0.99,13524,10,19,2.4407500000000007e-18,0.00313017,0.99999999843771,0.9440520777865701
437234.0,391,0.421266,0.1,0.99,24861,10,18,5.08487e-21,0.00917498,0.9999999999286917,0.904213884095867
736905.0,244,0.0256298,0.560265,0.99,10000,10,30,0.00196646,2.28483e-05,0.9556552145117376,0.9952200104602625
828334.0,480,0.01,0.551631,0.99,10000,10,18,0.00582534,3.74656e-06,0.9236760850060742,0.9980643967348654
835174.0,325,0.0366035,0.30989,0.99,10000,10,32,0.000997715,3.29605e-05,0.9684133730829011,0.9942588764165888
876496.0,372,0.0222664,0.336247,0.99,10000,10,36,0.00235794,1.61844e-05,0.9514413756372774,0.9959770160328433
997211.0,419,0.01,0.458166,0.99,10000,10,10,0.00525547,4.87749e-06,0.9275053795099251,0.997791495981439
884673.0,497,0.01,0.463556,0.99,10000,10,17,0.00552333,4.25154e-06,0.925680890748072,0.9979380737161576
832915.0,254,0.0343275,0.356869,0.99,10000,10,22,0.000555708,5.05379e-05,0.9764265403472464,0.9928909986636659
700877.0,418,0.2206,0.131933,0.99,10000,10,27,2.15044e-17,0.00157091,0.9999999953627163,0.9603652929870801
997211.0,464,0.01,0.376584,0.99,10000,10,13,0.00483497,5.91631e-06,0.9304660514568603,0.9975676533964092
832915.0,371,0.0340236,0.278592,0.99,10000,10,30,0.00109499,2.97709e-05,0.9669093668842677,0.9945437283791951
824305.0,386,0.01,0.623484,0.99,10000,10,26,0.00541494,4.73814e-06,0.9264137241056459,0.997823273099353
881621.0,500,0.0222664,0.239496,0.99,10000,10,40,0.00214058,1.69243e-05,0.9537335975031557,0.9958860845900772
832915.0,371,0.0366035,0.217086,0.99,10000,10,32,0.000208798,7.91806e-05,0.9855501557101816,0.9911016518386838
918263.0,338,0.01,0.597751,0.99,10000,10,20,0.00512837,5.4838e-06,0.9283873614506489,0.9976582485187364
745028.0,371,0.0355347,0.333827,0.99,10000,10,31,0.00149916,2.65316e-05,0.9612810124099299,0.9948491165806242
705931.0,500,0.019148,0.353121,0.99,10000,10,19,0.00310241,1.26116e-05,0.9443007181374841,0.996448718541146
515491.0,330,0.323268,0.176502,0.99,11938,10,25,9.76742e-18,0.00236829,0.9999999968747129,0.9513349201171929
587283.0,403,0.361643,0.1,0.99,22670,10,18,1.39462e-19,0.00622791,0.9999999996265538,0.9210828915887056
578298.0,467,0.325814,0.123382,0.99,10580,10,28,2.04904e-17,0.00179279,0.9999999954733677,0.957658649053201
906771.0,377,0.0455625,0.227609,0.99,10000,10,34,0.000678709,4.57022e-05,0.9739479559343226,0.9932396597718753
830809.0,377,0.0222664,0.307753,0.99,10000,10,32,0.00170853,2.61775e-05,0.9586656317333868,0.9948836047846165
726539.0,375,0.180345,0.162845,0.99,10000,10,28,2.40691e-13,0.000762042,0.9999995093973094,0.9723948917770642
870711.0,497,0.01,0.491263,0.99,10000,10,19,0.00570004,3.9381e-06,0.9245013907412858,0.9980155353366714
432312.0,393,0.414841,0.1,0.99,26025,10,19,5.22714e-21,0.00906215,0.999999999927701,0.9048046744845105
578298.0,469,0.325814,0.11485,0.99,10580,10,29,4.57128e-18,0.00251173,0.9999999978619448,0.9498828372710505
592994.0,431,0.402638,0.1,0.99,22670,10,19,7.92764e-19,0.00453112,0.999999999109627,0.9326864055335031
380646.0,350,0.414841,0.115136,0.99,26025,10,19,3.64532e-21,0.00948234,0.9999999999396235,0.9026226925818956
664370.0,474,0.019148,0.405164,0.99,10000,10,16,0.00325062,1.2253e-05,0.942985791244638,0.9964995714548073
997211.0,449,0.01,0.376584,0.99,10000,10,13,0.00468353,6.51632e-06,0.9315636792339039,0.9974472916343616
832915.0,267,0.0343275,0.412844,0.99,10000,10,27,0.00145196,2.81011e-05,0.9618954071009806,0.9946989529336178
692938.0,331,0.059251,0.268743,0.99,10762,10,31,9.43652e-05,8.52524e-05,0.9902858247905445,0.9907667773773183
824305.0,500,0.01,0.623484,0.99,10000,10,12,0.00643902,2.97075e-06,0.9197564955899856,0.9982764136227041
890716.0,298,0.0366035,0.274891,0.99,10000,10,34,0.000397357,5.09699e-05,0.9800661845097333,0.9928606793040233
832915.0,379,0.0222664,0.311283,0.99,10000,10,32,0.00179777,2.37947e-05,0.9575998820756357,0.9951220188602251
380646.0,350,0.414841,0.115136,0.99,26025,10,19,3.64532e-21,0.00948234,0.9999999999396235,0.9026226925818956
832915.0,305,0.0366035,0.278592,0.99,10000,10,26,0.000340494,6.11436e-05,0.9815475204918147,0.99218056268009
674044.0,364,0.180253,0.162845,0.99,10000,10,31,8.78474e-17,0.00139204,0.9999999906273056,0.9626899477352282
654389.0,324,0.059251,0.268743,0.99,10000,10,30,1.58968e-05,0.000122452,0.9960129208686057,0.9889341968208358
832915.0,359,0.0343275,0.270864,0.99,10000,10,23,0.000808254,3.49338e-05,0.9715701916995559,0.99408951778617
617750.0,431,0.410488,0.1,0.99,22670,10,13,8.89767e-19,0.00425776,0.9999999990567254,0.9347484866075889
592994.0,431,0.402638,0.1,0.99,22670,10,19,7.92764e-19,0.00453112,0.999999999109627,0.9326864055335031
824701.0,500,0.01,0.613054,0.99,10000,10,12,0.00637754,3.03214e-06,0.9201404983737064,0.9982586958910058
913924.0,500,0.01,0.609801,0.99,10000,10,25,0.00675659,2.83185e-06,0.9178015206953316,0.9983171898502802
832915.0,372,0.0222664,0.336247,0.99,10000,10,34,0.00209164,1.90025e-05,0.9542655490904286,0.9956408142962245
741431.0,410,0.0182106,0.47583,0.99,10000,10,15,0.00387343,9.09543e-06,0.937763113831105,0.9969841369394483
636532.0,452,0.019148,0.497455,0.99,10000,10,16,0.0038467,9.8539e-06,0.9379782296286215,0.996860907774531
895472.0,422,0.0109263,0.47583,0.99,10000,10,17,0.00496625,5.59567e-06,0.9295283745043439,0.9976344831431587
961320.0,500,0.01,0.609801,0.99,10000,10,19,0.00694303,2.78141e-06,0.9166751537655184,0.998332244022646
380646.0,397,0.414841,0.1,0.99,26025,10,23,9.32313e-22,0.00980907,0.9999999999694662,0.900959250810588
961320.0,500,0.01,0.609801,0.99,10000,10,19,0.00694303,2.78141e-06,0.9166751537655184,0.998332244022646
346813.0,397,0.426115,0.137403,0.99,16560,10,17,1.90813e-19,0.00501931,0.9999999995631785,0.9291529111395536
592994.0,396,0.402638,0.1,0.99,22670,10,18,1.86237e-19,0.00620172,0.9999999995684481,0.9212490000063491
380646.0,397,0.354235,0.153212,0.99,13524,10,17,1.37247e-18,0.00345708,0.9999999988284753,0.9412030613041802
832915.0,500,0.0222664,0.288684,0.99,10000,10,32,0.00287323,1.31499e-05,0.9463974814024565,0.9963737209153183
449349.0,393,0.493004,0.1,0.99,28289,10,19,2.00415e-20,0.00812399,0.999999999858432,0.9098668207595005
432312.0,425,0.356851,0.1,0.99,26025,10,20,2.0536099999999998e-20,0.00759494,0.9999999998566957,0.912851047051614
432312.0,425,0.415788,0.1,0.99,26025,10,19,3.0893899999999997e-20,0.00725197,0.9999999998242334,0.9148415007177793
617750.0,431,0.410488,0.1,0.99,22670,10,13,8.89767e-19,0.00425776,0.9999999990567254,0.9347484866075889
379967.0,397,0.426115,0.137403,0.99,16560,10,17,4.54296e-19,0.0044754,0.9999999993259852,0.9331015695251376
436240.0,400,0.401332,0.1,0.99,28715,10,16,1.0751099999999999e-20,0.0084886,0.9999999998963125,0.9078664013510814
380646.0,397,0.414841,0.115136,0.99,26025,10,19,6.179179999999999e-20,0.00675493,0.9999999997514204,0.9178116188260166
380646.0,397,0.493025,0.102482,0.99,26025,10,23,4.1657e-21,0.0088466,0.9999999999354577,0.9059436339209301
380646.0,350,0.414841,0.115136,0.99,26025,10,19,3.64532e-21,0.00948234,0.9999999999396235,0.9026226925818956
940225.0,500,0.0222664,0.236861,0.99,10000,10,43,0.00244149,1.51059e-05,0.9505885640767241,0.9961133690682031
409174.0,397,0.414841,0.153212,0.99,13524,10,20,2.875e-18,0.00284933,0.9999999983044175,0.9466208842336256
788337.0,422,0.0136897,0.47583,0.99,10000,10,15,0.00433639,7.51793e-06,0.9341487281823654,0.9972581156114818
578298.0,467,0.325814,0.123382,0.99,10580,10,28,2.04904e-17,0.00179279,0.9999999954733677,0.957658649053201
696757.0,401,0.325814,0.123382,0.99,10000,10,23,1.40614e-17,0.00215011,0.9999999962501467,0.9536307213771876
705931.0,500,0.019148,0.353121,0.99,10000,10,19,0.00310241,1.26116e-05,0.9443007181374841,0.996448718541146
339460.0,397,0.426115,0.137403,0.99,16560,12,19,1.34729e-19,0.00656313,0.9999999996329455,0.9189868529188009
700877.0,375,0.180345,0.162845,0.99,10000,10,27,1.71715e-15,0.00095571,0.9999999585614914,0.9690854403233686
848262.0,497,0.01,0.551631,0.99,10000,10,17,0.00606174,3.40964e-06,0.9221428230668489,0.9981534789467759
832915.0,309,0.0343275,0.345801,0.99,10000,10,27,0.00127629,2.88779e-05,0.9642747988109234,0.9946261838513026
726539.0,375,0.180345,0.162845,0.99,10000,10,28,2.40691e-13,0.000762042,0.9999995093973094,0.9723948917770642
997211.0,394,0.01,0.423091,0.99,10000,10,10,0.00461099,7.01501e-06,0.9320957291475713,0.99735141358457
913924.0,500,0.01,0.609801,0.99,10000,10,25,0.00675659,2.83185e-06,0.9178015206953316,0.9983171898502802
578298.0,469,0.325814,0.11485,0.99,10580,10,29,4.57128e-18,0.00251173,0.9999999978619448,0.9498828372710505
774944.0,316,0.11853,0.216883,0.99,10000,11,17,5.62447e-10,0.00045758,0.9999762840349131,0.9786088803472095
832915.0,359,0.0343275,0.270864,0.99,10000,10,23,0.000808254,3.49338e-05,0.9715701916995559,0.99408951778617
645969.0,484,0.019148,0.432155,0.99,10000,10,16,0.00355451,1.05058e-05,0.9403802884944921,0.9967587348149218
840034.0,481,0.01,0.594368,0.99,10000,10,24,0.00618849,3.26076e-06,0.9213330437858436,0.9981942425412033
741431.0,422,0.0182106,0.47583,0.99,10000,10,15,0.00402471,8.63603e-06,0.9365593978590997,0.9970612876969666
664370.0,484,0.019148,0.47583,0.99,10000,10,15,0.00418871,8.25184e-06,0.9352797558719067,0.9971273983917014
700877.0,364,0.160282,0.162845,0.99,10000,10,31,1.89698e-16,0.00128208,0.9999999862269103,0.9641938552759446
664370.0,484,0.019148,0.405164,0.99,10000,10,16,0.00335534,1.14721e-05,0.9420747032808635,0.9966129511370516
409174.0,397,0.332868,0.153212,0.99,13524,10,19,2.4407500000000007e-18,0.00313017,0.99999999843771,0.9440520777865701
830809.0,377,0.0222664,0.307753,0.99,10000,10,32,0.00170853,2.61775e-05,0.9586656317333868,0.9948836047846165
895472.0,422,0.0109263,0.47583,0.99,10000,10,17,0.00496625,5.59567e-06,0.9295283745043439,0.9976344831431587
643521.0,452,0.019148,0.47583,0.99,10000,10,16,0.00368175,1.00034e-05,0.939322574214128,0.9968371847983165
835174.0,325,0.0366035,0.30989,0.99,10000,10,32,0.000997715,3.29605e-05,0.9684133730829011,0.9942588764165888
918263.0,338,0.01,0.597751,0.99,10000,10,20,0.00512837,5.4838e-06,0.9283873614506489,0.9976582485187364
876496.0,372,0.0222664,0.336247,0.99,10000,10,36,0.00235794,1.61844e-05,0.9514413756372774,0.9959770160328433
832915.0,254,0.0343275,0.356869,0.99,10000,10,22,0.000555708,5.05379e-05,0.9764265403472464,0.9928909986636659
700877.0,418,0.2206,0.131933,0.99,10000,10,27,2.15044e-17,0.00157091,0.9999999953627163,0.9603652929870801
997211.0,464,0.01,0.376584,0.99,10000,10,13,0.00483497,5.91631e-06,0.9304660514568603,0.9975676533964092
832915.0,371,0.0340236,0.278592,0.99,10000,10,30,0.00109499,2.97709e-05,0.9669093668842677,0.9945437283791951
828334.0,480,0.01,0.551631,0.99,10000,10,18,0.00582534,3.74656e-06,0.9236760850060742,0.9980643967348654
881621.0,500,0.0222664,0.239496,0.99,10000,10,40,0.00214058,1.69243e-05,0.9537335975031557,0.9958860845900772
906771.0,377,0.0455625,0.227609,0.99,10000,10,34,0.000678709,4.57022e-05,0.9739479559343226,0.9932396597718753
832915.0,371,0.0366035,0.217086,0.99,10000,10,32,0.000208798,7.91806e-05,0.9855501557101816,0.9911016518386838
832915.0,379,0.0222664,0.311283,0.99,10000,10,32,0.00179777,2.37947e-05,0.9575998820756357,0.9951220188602251
745028.0,371,0.0355347,0.333827,0.99,10000,10,31,0.00149916,2.65316e-05,0.9612810124099299,0.9948491165806242
844206.0,499,0.01,0.466337,0.99,10000,10,11,0.00535625,4.67828e-06,0.9268135941584777,0.9978370668063946
515491.0,330,0.323268,0.176502,0.99,11938,10,25,9.76742e-18,0.00236829,0.9999999968747129,0.9513349201171929
587283.0,403,0.361643,0.1,0.99,22670,10,18,1.39462e-19,0.00622791,0.9999999996265538,0.9210828915887056
664370.0,474,0.019148,0.405164,0.99,10000,10,16,0.00325062,1.2253e-05,0.942985791244638,0.9964995714548073
436240.0,397,0.421266,0.1,0.99,24861,10,18,6.62818e-21,0.00882938,0.9999999999185863,0.9060352193638489
718673.0,347,0.11853,0.216883,0.99,10000,11,17,6.13046e-08,0.000292246,0.999752402342499,0.9829047959941977
824701.0,500,0.01,0.613054,0.99,10000,10,12,0.00637754,3.03214e-06,0.9201404983737064,0.9982586958910058
654389.0,324,0.059251,0.268743,0.99,10000,10,30,1.58968e-05,0.000122452,0.9960129208686057,0.9889341968208358
380646.0,397,0.410228,0.153212,0.99,13524,10,19,1.55129e-18,0.00327527,0.9999999987544921,0.9427700253363677
380646.0,350,0.414841,0.115136,0.99,26025,10,19,3.64532e-21,0.00948234,0.9999999999396235,0.9026226925818956
997211.0,419,0.01,0.458166,0.99,10000,10,10,0.00525547,4.87749e-06,0.9275053795099251,0.997791495981439
997211.0,449,0.01,0.376584,0.99,10000,10,13,0.00468353,6.51632e-06,0.9315636792339039,0.9974472916343616
692938.0,331,0.059251,0.268743,0.99,10762,10,31,9.43652e-05,8.52524e-05,0.9902858247905445,0.9907667773773183
890716.0,298,0.0366035,0.274891,0.99,10000,10,34,0.000397357,5.09699e-05,0.9800661845097333,0.9928606793040233
832915.0,305,0.0366035,0.278592,0.99,10000,10,26,0.000340494,6.11436e-05,0.9815475204918147,0.99218056268009
898684.0,500,0.01,0.594368,0.99,10000,10,33,0.00660033,2.93093e-06,0.9187575849694263,0.9982880040887899
636532.0,452,0.019148,0.497455,0.99,10000,10,16,0.0038467,9.8539e-06,0.9379782296286215,0.996860907774531
736905.0,244,0.0256298,0.560265,0.99,10000,10,30,0.00196646,2.28483e-05,0.9556552145117376,0.9952200104602625
741431.0,410,0.0182106,0.47583,0.99,10000,10,15,0.00387343,9.09543e-06,0.937763113831105,0.9969841369394483
870711.0,489,0.01,0.491263,0.99,10000,10,17,0.00563176,4.06363e-06,0.924954946865233,0.9979841552639154
832915.0,267,0.0343275,0.412844,0.99,10000,10,27,0.00145196,2.81011e-05,0.9618954071009806,0.9946989529336178
824305.0,500,0.01,0.623484,0.99,10000,10,12,0.00643902,2.97075e-06,0.9197564955899856,0.9982764136227041
884673.0,497,0.01,0.462577,0.99,10000,10,14,0.005512,4.27437e-06,0.9257571552269177,0.9979325450428123
898684.0,500,0.01,0.586724,0.99,10000,10,33,0.00655285,2.97041e-06,0.9190503242748929,0.9982765122570787
870711.0,497,0.01,0.491263,0.99,10000,10,19,0.00570004,3.9381e-06,0.9245013907412858,0.9980155353366714
961320.0,500,0.01,0.625575,0.99,10000,10,24,0.00702904,2.72142e-06,0.9161606297733577,0.9983503273051905
380646.0,397,0.414841,0.1,0.99,26025,10,23,9.32313e-22,0.00980907,0.9999999999694662,0.900959250810588
432312.0,425,0.356851,0.1,0.99,26025,10,20,2.0536099999999998e-20,0.00759494,0.9999999998566957,0.912851047051614
273272.0,425,0.47135,0.137403,0.99,12596,10,17,1.5402000000000002e-19,0.00537179,0.9999999996075462,0.9267075037947267
587283.0,403,0.361643,0.1,0.99,22670,10,18,1.39462e-19,0.00622791,0.9999999996265538,0.9210828915887056
346813.0,396,0.426115,0.12181,0.99,21243,10,17,3.04786e-20,0.00670918,0.9999999998254188,0.9180904157012135
832915.0,500,0.0222664,0.288684,0.99,10000,10,32,0.00287323,1.31499e-05,0.9463974814024565,0.9963737209153183
346813.0,397,0.426115,0.137403,0.99,16560,10,17,1.90813e-19,0.00501931,0.9999999995631785,0.9291529111395536
449349.0,393,0.493004,0.1,0.99,28289,10,19,2.00415e-20,0.00812399,0.999999999858432,0.9098668207595005
379967.0,397,0.426115,0.137403,0.99,16560,10,17,4.54296e-19,0.0044754,0.9999999993259852,0.9331015695251376
940225.0,500,0.0222664,0.236861,0.99,10000,10,43,0.00244149,1.51059e-05,0.9505885640767241,0.9961133690682031
436240.0,400,0.401332,0.1,0.99,28715,10,16,1.0751099999999999e-20,0.0084886,0.9999999998963125,0.9078664013510814
380646.0,397,0.493025,0.102482,0.99,26025,10,23,4.1657e-21,0.0088466,0.9999999999354577,0.9059436339209301
380646.0,350,0.414841,0.115136,0.99,26025,10,19,3.64532e-21,0.00948234,0.9999999999396235,0.9026226925818956
617750.0,431,0.410488,0.1,0.99,22670,10,13,8.89767e-19,0.00425776,0.9999999990567254,0.9347484866075889
409174.0,397,0.414841,0.153212,0.99,13524,10,20,2.875e-18,0.00284933,0.9999999983044175,0.9466208842336256
700877.0,364,0.160282,0.162845,0.99,10000,10,31,1.89698e-16,0.00128208,0.9999999862269103,0.9641938552759446
578298.0,467,0.325814,0.123382,0.99,10580,10,28,2.04904e-17,0.00179279,0.9999999954733677,0.957658649053201
881621.0,500,0.0222664,0.239496,0.99,10000,10,40,0.00214058,1.69243e-05,0.9537335975031557,0.9958860845900772
696757.0,401,0.325814,0.123382,0.99,10000,10,23,1.40614e-17,0.00215011,0.9999999962501467,0.9536307213771876
705931.0,500,0.019148,0.353121,0.99,10000,10,19,0.00310241,1.26116e-05,0.9443007181374841,0.996448718541146
578298.0,469,0.325814,0.11485,0.99,10580,10,29,4.57128e-18,0.00251173,0.9999999978619448,0.9498828372710505
700877.0,375,0.180345,0.162845,0.99,10000,10,27,1.71715e-15,0.00095571,0.9999999585614914,0.9690854403233686
700877.0,418,0.2206,0.131933,0.99,10000,10,27,2.15044e-17,0.00157091,0.9999999953627163,0.9603652929870801
832915.0,309,0.0343275,0.345801,0.99,10000,10,27,0.00127629,2.88779e-05,0.9642747988109234,0.9946261838513026
997211.0,394,0.01,0.423091,0.99,10000,10,10,0.00461099,7.01501e-06,0.9320957291475713,0.99735141358457
736905.0,244,0.0256298,0.560265,0.99,10000,10,30,0.00196646,2.28483e-05,0.9556552145117376,0.9952200104602625
726539.0,375,0.180345,0.162845,0.99,10000,10,28,2.40691e-13,0.000762042,0.9999995093973094,0.9723948917770642
339460.0,397,0.426115,0.137403,0.99,16560,12,19,1.34729e-19,0.00656313,0.9999999996329455,0.9189868529188009
832915.0,359,0.0343275,0.270864,0.99,10000,10,23,0.000808254,3.49338e-05,0.9715701916995559,0.99408951778617
645969.0,484,0.019148,0.432155,0.99,10000,10,16,0.00355451,1.05058e-05,0.9403802884944921,0.9967587348149218
408672.0,397,0.468531,0.137403,0.99,16560,10,19,1.0380600000000002e-18,0.00385632,0.9999999989811477,0.9379007246419091
741431.0,422,0.0182106,0.47583,0.99,10000,10,15,0.00402471,8.63603e-06,0.9365593978590997,0.9970612876969666
380646.0,397,0.354235,0.153212,0.99,13524,10,17,1.37247e-18,0.00345708,0.9999999988284753,0.9412030613041802
409174.0,397,0.332868,0.153212,0.99,13524,10,19,2.4407500000000007e-18,0.00313017,0.99999999843771,0.9440520777865701
664370.0,484,0.019148,0.405164,0.99,10000,10,16,0.00335534,1.14721e-05,0.9420747032808635,0.9966129511370516
876496.0,372,0.0222664,0.336247,0.99,10000,10,36,0.00235794,1.61844e-05,0.9514413756372774,0.9959770160328433
830809.0,377,0.0222664,0.307753,0.99,10000,10,32,0.00170853,2.61775e-05,0.9586656317333868,0.9948836047846165
788337.0,422,0.0136897,0.47583,0.99,10000,10,15,0.00433639,7.51793e-06,0.9341487281823654,0.9972581156114818
664370.0,484,0.019148,0.47583,0.99,10000,10,15,0.00418871,8.25184e-06,0.9352797558719067,0.9971273983917014
643521.0,452,0.019148,0.47583,0.99,10000,10,16,0.00368175,1.00034e-05,0.939322574214128,0.9968371847983165
835174.0,325,0.0366035,0.30989,0.99,10000,10,32,0.000997715,3.29605e-05,0.9684133730829011,0.9942588764165888
832915.0,254,0.0343275,0.356869,0.99,10000,10,22,0.000555708,5.05379e-05,0.9764265403472464,0.9928909986636659
832915.0,371,0.0340236,0.278592,0.99,10000,10,30,0.00109499,2.97709e-05,0.9669093668842677,0.9945437283791951
884673.0,497,0.01,0.462577,0.99,10000,10,14,0.005512,4.27437e-06,0.9257571552269177,0.9979325450428123
943108.0,500,0.01,0.609801,0.99,10000,10,15,0.00687268,2.77483e-06,0.9170983715479606,0.9983342179014049
906771.0,377,0.0455625,0.227609,0.99,10000,10,34,0.000678709,4.57022e-05,0.9739479559343226,0.9932396597718753
832915.0,371,0.0366035,0.217086,0.99,10000,10,32,0.000208798,7.91806e-05,0.9855501557101816,0.9911016518386838
832915.0,379,0.0222664,0.311283,0.99,10000,10,32,0.00179777,2.37947e-05,0.9575998820756357,0.9951220188602251
682755.0,401,0.325814,0.123382,0.99,10000,10,19,8.826620000000001e-18,0.00232716,0.9999999970290372,0.9517593532381665
745028.0,371,0.0355347,0.333827,0.99,10000,10,31,0.00149916,2.65316e-05,0.9612810124099299,0.9948491165806242
844206.0,499,0.01,0.466337,0.99,10000,10,11,0.00535625,4.67828e-06,0.9268135941584777,0.9978370668063946
436240.0,397,0.421266,0.1,0.99,24861,10,18,6.62818e-21,0.00882938,0.9999999999185863,0.9060352193638489
718673.0,347,0.11853,0.216883,0.99,10000,11,17,6.13046e-08,0.000292246,0.999752402342499,0.9829047959941977
429016.0,397,0.426115,0.137403,0.99,16560,10,18,1.2938e-18,0.00370311,0.9999999988625468,0.9391468160241389
664370.0,474,0.019148,0.405164,0.99,10000,10,16,0.00325062,1.2253e-05,0.942985791244638,0.9964995714548073
824701.0,500,0.01,0.613054,0.99,10000,10,12,0.00637754,3.03214e-06,0.9201404983737064,0.9982586958910058
997211.0,464,0.01,0.376584,0.99,10000,10,13,0.00483497,5.91631e-06,0.9304660514568603,0.9975676533964092
840034.0,481,0.01,0.594368,0.99,10000,10,24,0.00618849,3.26076e-06,0.9213330437858436,0.9981942425412033
654389.0,324,0.059251,0.268743,0.99,10000,10,30,1.58968e-05,0.000122452,0.9960129208686057,0.9889341968208358
863583.0,500,0.01,0.529274,0.99,10000,10,25,0.00599533,3.50329e-06,0.9225704836641736,0.9981282922236631
380646.0,397,0.410228,0.153212,0.99,13524,10,19,1.55129e-18,0.00327527,0.9999999987544921,0.9427700253363677
380646.0,350,0.414841,0.115136,0.99,26025,10,19,3.64532e-21,0.00948234,0.9999999999396235,0.9026226925818956
997211.0,449,0.01,0.376584,0.99,10000,10,13,0.00468353,6.51632e-06,0.9315636792339039,0.9974472916343616
832915.0,267,0.0343275,0.412844,0.99,10000,10,27,0.00145196,2.81011e-05,0.9618954071009806,0.9946989529336178
692938.0,331,0.059251,0.268743,0.99,10762,10,31,9.43652e-05,8.52524e-05,0.9902858247905445,0.9907667773773183
890716.0,298,0.0366035,0.274891,0.99,10000,10,34,0.000397357,5.09699e-05,0.9800661845097333,0.9928606793040233
738583.0,327,0.11853,0.216883,0.99,10000,11,17,4.47645e-10,0.000471312,0.9999788423772602,0.978290278675211
997211.0,419,0.01,0.458166,0.99,10000,10,10,0.00525547,4.87749e-06,0.9275053795099251,0.997791495981439
832915.0,305,0.0366035,0.278592,0.99,10000,10,26,0.000340494,6.11436e-05,0.9815475204918147,0.99218056268009
898684.0,500,0.01,0.594368,0.99,10000,10,33,0.00660033,2.93093e-06,0.9187575849694263,0.9982880040887899
895472.0,422,0.0109263,0.47583,0.99,10000,10,17,0.00496625,5.59567e-06,0.9295283745043439,0.9976344831431587
870711.0,497,0.01,0.491263,0.99,10000,10,19,0.00570004,3.9381e-06,0.9245013907412858,0.9980155353366714
870711.0,489,0.01,0.491263,0.99,10000,10,17,0.00563176,4.06363e-06,0.924954946865233,0.9979841552639154
741431.0,410,0.0182106,0.47583,0.99,10000,10,15,0.00387343,9.09543e-06,0.937763113831105,0.9969841369394483
824305.0,500,0.01,0.623484,0.99,10000,10,12,0.00643902,2.97075e-06,0.9197564955899856,0.9982764136227041
918263.0,338,0.01,0.597751,0.99,10000,10,20,0.00512837,5.4838e-06,0.9283873614506489,0.9976582485187364
828334.0,480,0.01,0.551631,0.99,10000,10,23,0.0058262,3.74481e-06,0.9236704513310867,0.9980648488431133
636532.0,452,0.019148,0.497455,0.99,10000,10,16,0.0038467,9.8539e-06,0.9379782296286215,0.996860907774531
898684.0,500,0.01,0.586724,0.99,10000,10,33,0.00655285,2.97041e-06,0.9190503242748929,0.9982765122570787
961320.0,500,0.01,0.700474,0.99,10000,10,24,0.00738199,2.49102e-06,0.9140814920986171,0.9984217034499182
380646.0,397,0.414841,0.1,0.99,26025,10,23,9.32313e-22,0.00980907,0.9999999999694662,0.900959250810588
346813.0,396,0.426115,0.12181,0.99,21243,10,17,3.04786e-20,0.00670918,0.9999999998254188,0.9180904157012135
432312.0,425,0.356851,0.1,0.99,26025,10,20,2.0536099999999998e-20,0.00759494,0.9999999998566957,0.912851047051614
273272.0,425,0.47135,0.137403,0.99,12596,10,17,1.5402000000000002e-19,0.00537179,0.9999999996075462,0.9267075037947267
436240.0,400,0.401332,0.1,0.99,28715,10,16,1.0751099999999999e-20,0.0084886,0.9999999998963125,0.9078664013510814
587283.0,403,0.361643,0.1,0.99,22670,10,18,1.39462e-19,0.00622791,0.9999999996265538,0.9210828915887056
346813.0,397,0.426115,0.115192,0.99,20104,10,17,1.20131e-20,0.00781176,0.9999999998903957,0.911615838522957
379967.0,397,0.426115,0.137403,0.99,16560,10,17,4.54296e-19,0.0044754,0.9999999993259852,0.9331015695251376
346813.0,397,0.426115,0.137403,0.99,16560,10,17,1.90813e-19,0.00501931,0.9999999995631785,0.9291529111395536
380646.0,397,0.493025,0.102482,0.99,26025,10,21,3.91637e-21,0.008862,0.9999999999374191,0.9058618037139016
380646.0,350,0.414841,0.115136,0.99,26025,10,19,3.64532e-21,0.00948234,0.9999999999396235,0.9026226925818956
409174.0,397,0.414841,0.153212,0.99,13524,10,20,2.875e-18,0.00284933,0.9999999983044175,0.9466208842336256
940225.0,500,0.0222664,0.236861,0.99,10000,10,43,0.00244149,1.51059e-05,0.9505885640767241,0.9961133690682031
700877.0,364,0.160282,0.162845,0.99,10000,10,31,1.89698e-16,0.00128208,0.9999999862269103,0.9641938552759446
578298.0,467,0.325814,0.123382,0.99,10580,10,28,2.04904e-17,0.00179279,0.9999999954733677,0.957658649053201
1000000.0,500,0.0222664,0.236861,0.99,10000,10,43,0.00281406,1.4194e-05,0.9469522856288793,0.99623250746517
943108.0,500,0.01,0.609801,0.99,10000,10,15,0.00687268,2.77483e-06,0.9170983715479606,0.9983342179014049
788337.0,422,0.0136897,0.47583,0.99,10000,10,15,0.00433639,7.51793e-06,0.9341487281823654,0.9972581156114818
408672.0,397,0.468531,0.137403,0.99,16560,10,19,1.0380600000000002e-18,0.00385632,0.9999999989811477,0.9379007246419091
696757.0,401,0.325814,0.123382,0.99,10000,10,23,1.40614e-17,0.00215011,0.9999999962501467,0.9536307213771876
700877.0,375,0.180345,0.162845,0.99,10000,10,27,1.71715e-15,0.00095571,0.9999999585614914,0.9690854403233686
840034.0,481,0.01,0.594368,0.99,10000,10,24,0.00618849,3.26076e-06,0.9213330437858436,0.9981942425412033
705931.0,500,0.019148,0.353121,0.99,10000,10,19,0.00310241,1.26116e-05,0.9443007181374841,0.996448718541146
578298.0,469,0.325814,0.11485,0.99,10580,10,29,4.57128e-18,0.00251173,0.9999999978619448,0.9498828372710505
269600.0,397,0.426115,0.137403,0.99,16560,10,17,3.1248699999999997e-20,0.00629807,0.999999999823227,0.9206396194565576
832915.0,309,0.0343275,0.345801,0.99,10000,10,27,0.00127629,2.88779e-05,0.9642747988109234,0.9946261838513026
961320.0,500,0.01,0.625575,0.99,10000,10,24,0.00702904,2.72142e-06,0.9161606297733577,0.9983503273051905
997211.0,394,0.01,0.423091,0.99,10000,10,10,0.00461099,7.01501e-06,0.9320957291475713,0.99735141358457
645969.0,484,0.019148,0.432155,0.99,10000,10,16,0.00355451,1.05058e-05,0.9403802884944921,0.9967587348149218
380646.0,397,0.354235,0.153212,0.99,13524,10,17,1.37247e-18,0.00345708,0.9999999988284753,0.9412030613041802
409174.0,397,0.332868,0.153212,0.99,13524,10,19,2.4407500000000007e-18,0.00313017,0.99999999843771,0.9440520777865701
898684.0,500,0.01,0.594368,0.99,10000,10,33,0.00660033,2.93093e-06,0.9187575849694263,0.9982880040887899
664370.0,484,0.019148,0.405164,0.99,10000,10,16,0.00335534,1.14721e-05,0.9420747032808635,0.9966129511370516
876496.0,372,0.0222664,0.336247,0.99,10000,10,36,0.00235794,1.61844e-05,0.9514413756372774,0.9959770160328433
373695.0,397,0.257359,0.146572,0.99,16560,10,29,9.15014e-19,0.00425635,0.9999999990434364,0.9347592918493369
830809.0,377,0.0222664,0.307753,0.99,10000,10,32,0.00170853,2.61775e-05,0.9586656317333868,0.9948836047846165
429016.0,397,0.426115,0.137403,0.99,16560,10,18,1.2938e-18,0.00370311,0.9999999988625468,0.9391468160241389
828334.0,480,0.01,0.551631,0.99,10000,10,23,0.0058262,3.74481e-06,0.9236704513310867,0.9980648488431133
895472.0,422,0.0109263,0.47583,0.99,10000,10,17,0.00496625,5.59567e-06,0.9295283745043439,0.9976344831431587
835174.0,325,0.0366035,0.30989,0.99,10000,10,32,0.000997715,3.29605e-05,0.9684133730829011,0.9942588764165888
918263.0,338,0.01,0.597751,0.99,10000,10,20,0.00512837,5.4838e-06,0.9283873614506489,0.9976582485187364
832915.0,500,0.0222664,0.288684,0.99,10000,10,32,0.00287323,1.31499e-05,0.9463974814024565,0.9963737209153183
881621.0,500,0.0222664,0.239496,0.99,10000,10,40,0.00214058,1.69243e-05,0.9537335975031557,0.9958860845900772
832915.0,254,0.0343275,0.356869,0.99,10000,10,22,0.000555708,5.05379e-05,0.9764265403472464,0.9928909986636659
997211.0,464,0.01,0.376584,0.99,10000,10,13,0.00483497,5.91631e-06,0.9304660514568603,0.9975676533964092
832915.0,371,0.0340236,0.278592,0.99,10000,10,30,0.00109499,2.97709e-05,0.9669093668842677,0.9945437283791951
718673.0,347,0.11853,0.216883,0.99,10000,11,17,6.13046e-08,0.000292246,0.999752402342499,0.9829047959941977
736905.0,244,0.0256298,0.560265,0.99,10000,10,30,0.00196646,2.28483e-05,0.9556552145117376,0.9952200104602625
884673.0,497,0.01,0.462577,0.99,10000,10,14,0.005512,4.27437e-06,0.9257571552269177,0.9979325450428123
436240.0,397,0.421266,0.1,0.99,24861,10,18,6.62818e-21,0.00882938,0.9999999999185863,0.9060352193638489
339460.0,397,0.426115,0.137403,0.99,16560,10,17,1.66415e-19,0.00513703,0.9999999995920601,0.928326922767332
835153.0,353,0.0374276,0.227609,0.99,10000,10,32,0.000204127,7.71232e-05,0.9857126979453782,0.9912180184468424
832915.0,379,0.0222664,0.311283,0.99,10000,10,32,0.00179777,2.37947e-05,0.9575998820756357,0.9951220188602251
745028.0,371,0.0355347,0.333827,0.99,10000,10,31,0.00149916,2.65316e-05,0.9612810124099299,0.9948491165806242
844206.0,499,0.01,0.466337,0.99,10000,10,11,0.00535625,4.67828e-06,0.9268135941584777,0.9978370668063946
664370.0,474,0.019148,0.405164,0.99,10000,10,16,0.00325062,1.2253e-05,0.942985791244638,0.9964995714548073
741431.0,422,0.0182106,0.47583,0.99,10000,10,15,0.00402471,8.63603e-06,0.9365593978590997,0.9970612876969666
824701.0,500,0.01,0.613054,0.99,10000,10,12,0.00637754,3.03214e-06,0.9201404983737064,0.9982586958910058
738583.0,327,0.11853,0.216883,0.99,10000,11,17,4.47645e-10,0.000471312,0.9999788423772602,0.978290278675211
380646.0,397,0.410228,0.153212,0.99,13524,10,19,1.55129e-18,0.00327527,0.9999999987544921,0.9427700253363677
273272.0,470,0.46832,0.1,0.984111,16566,10,17,1.45787e-21,0.00978642,0.999999999961818,0.9010736637694492
380646.0,350,0.414841,0.115136,0.99,26025,10,19,3.64532e-21,0.00948234,0.9999999999396235,0.9026226925818956
997211.0,419,0.01,0.458166,0.99,10000,10,10,0.00525547,4.87749e-06,0.9275053795099251,0.997791495981439
997211.0,449,0.01,0.376584,0.99,10000,10,13,0.00468353,6.51632e-06,0.9315636792339039,0.9974472916343616
832915.0,267,0.0343275,0.412844,0.99,10000,10,27,0.00145196,2.81011e-05,0.9618954071009806,0.9946989529336178
890716.0,298,0.0366035,0.274891,0.99,10000,10,34,0.000397357,5.09699e-05,0.9800661845097333,0.9928606793040233
692938.0,331,0.059251,0.268743,0.99,10762,10,31,9.43652e-05,8.52524e-05,0.9902858247905445,0.9907667773773183
652578.0,369,0.160282,0.162845,0.99,10000,10,26,9.39503e-17,0.00155576,0.9999999903072037,0.9605568763914418
832915.0,305,0.0366035,0.278592,0.99,10000,10,26,0.000340494,6.11436e-05,0.9815475204918147,0.99218056268009
664370.0,484,0.019148,0.47583,0.99,10000,10,15,0.00418871,8.25184e-06,0.9352797558719067,0.9971273983917014
654389.0,324,0.059251,0.268743,0.99,10000,10,30,1.58968e-05,0.000122452,0.9960129208686057,0.9889341968208358
906771.0,377,0.0455625,0.227609,0.99,10000,10,34,0.000678709,4.57022e-05,0.9739479559343226,0.9932396597718753
726539.0,383,0.180345,0.162845,0.99,10000,10,28,2.4885e-11,0.000622068,0.9999950115132555,0.9750587089347804
870711.0,497,0.01,0.491263,0.99,10000,10,19,0.00570004,3.9381e-06,0.9245013907412858,0.9980155353366714
863583.0,500,0.01,0.529274,0.99,10000,10,25,0.00599533,3.50329e-06,0.9225704836641736,0.9981282922236631
832915.0,359,0.0343275,0.270864,0.99,10000,10,23,0.000808254,3.49338e-05,0.9715701916995559,0.99408951778617
636532.0,452,0.019148,0.497455,0.99,10000,10,16,0.0038467,9.8539e-06,0.9379782296286215,0.996860907774531
870711.0,489,0.01,0.491263,0.99,10000,10,17,0.00563176,4.06363e-06,0.924954946865233,0.9979841552639154
741431.0,410,0.0182106,0.47583,0.99,10000,10,15,0.00387343,9.09543e-06,0.937763113831105,0.9969841369394483
961320.0,500,0.01,0.700474,0.99,10000,10,24,0.00738199,2.49102e-06,0.9140814920986171,0.9984217034499182
380646.0,397,0.414841,0.1,0.99,26025,10,23,9.32313e-22,0.00980907,0.9999999999694662,0.900959250810588
961320.0,500,0.01,0.700474,0.99,10000,10,24,0.00738199,2.49102e-06,0.9140814920986171,0.9984217034499182
253875.0,494,0.47135,0.137403,0.99,12596,10,17,2.47153e-19,0.0038486,0.9999999995028551,0.9379629143173215
346813.0,396,0.426115,0.12181,0.99,21243,10,17,3.04786e-20,0.00670918,0.9999999998254188,0.9180904157012135
346813.0,397,0.426115,0.137403,0.99,16560,10,17,1.90813e-19,0.00501931,0.9999999995631785,0.9291529111395536
432312.0,425,0.356851,0.1,0.99,26025,10,20,2.0536099999999998e-20,0.00759494,0.9999999998566957,0.912851047051614
436240.0,400,0.401332,0.1,0.99,28715,10,16,1.0751099999999999e-20,0.0084886,0.9999999998963125,0.9078664013510814
346813.0,397,0.426115,0.115192,0.99,20104,10,17,1.20131e-20,0.00781176,0.9999999998903957,0.911615838522957
273272.0,425,0.47135,0.137403,0.99,12596,10,13,1.53902e-19,0.00560443,0.9999999996076966,0.925137258933432
696757.0,401,0.325814,0.123382,0.99,10000,10,23,1.40614e-17,0.00215011,0.9999999962501467,0.9536307213771876
578298.0,469,0.325814,0.11485,0.99,10580,10,29,4.57128e-18,0.00251173,0.9999999978619448,0.9498828372710505
587283.0,403,0.361643,0.1,0.99,22670,10,18,1.39462e-19,0.00622791,0.9999999996265538,0.9210828915887056
961320.0,500,0.01,0.625575,0.99,10000,10,24,0.00702904,2.72142e-06,0.9161606297733577,0.9983503273051905
700877.0,375,0.180345,0.162845,0.99,10000,10,27,1.71715e-15,0.00095571,0.9999999585614914,0.9690854403233686
898684.0,500,0.01,0.594368,0.99,10000,10,33,0.00660033,2.93093e-06,0.9187575849694263,0.9982880040887899
645969.0,484,0.019148,0.432155,0.99,10000,10,16,0.00355451,1.05058e-05,0.9403802884944921,0.9967587348149218
380646.0,397,0.493025,0.102482,0.99,26025,10,21,3.91637e-21,0.008862,0.9999999999374191,0.9058618037139016
380646.0,350,0.414841,0.115136,0.99,26025,10,19,3.64532e-21,0.00948234,0.9999999999396235,0.9026226925818956
409174.0,397,0.414841,0.153212,0.99,13524,10,20,2.875e-18,0.00284933,0.9999999983044175,0.9466208842336256
940225.0,500,0.0222664,0.236861,0.99,10000,10,43,0.00244149,1.51059e-05,0.9505885640767241,0.9961133690682031
943108.0,500,0.01,0.609801,0.99,10000,10,15,0.00687268,2.77483e-06,0.9170983715479606,0.9983342179014049
788337.0,422,0.0136897,0.47583,0.99,10000,10,15,0.00433639,7.51793e-06,0.9341487281823654,0.9972581156114818
824701.0,500,0.01,0.613054,0.99,10000,10,12,0.00637754,3.03214e-06,0.9201404983737064,0.9982586958910058
881621.0,500,0.0222664,0.239496,0.99,10000,10,40,0.00214058,1.69243e-05,0.9537335975031557,0.9958860845900772
705931.0,500,0.019148,0.353121,0.99,10000,10,19,0.00310241,1.26116e-05,0.9443007181374841,0.996448718541146
1000000.0,500,0.0222664,0.236861,0.99,10000,10,29,0.0028137,1.42204e-05,0.9469556789090482,0.9962290054362277
726539.0,383,0.180345,0.162845,0.99,10000,10,28,2.4885e-11,0.000622068,0.9999950115132555,0.9750587089347804
269600.0,397,0.426115,0.137403,0.99,16560,10,17,3.1248699999999997e-20,0.00629807,0.999999999823227,0.9206396194565576
832915.0,309,0.0343275,0.345801,0.99,10000,10,27,0.00127629,2.88779e-05,0.9642747988109234,0.9946261838513026
273272.0,425,0.47135,0.137403,0.99,12596,10,17,1.5402000000000002e-19,0.00537179,0.9999999996075462,0.9267075037947267
736905.0,244,0.0256298,0.560265,0.99,10000,10,30,0.00196646,2.28483e-05,0.9556552145117376,0.9952200104602625
997211.0,394,0.01,0.423091,0.99,10000,10,10,0.00461099,7.01501e-06,0.9320957291475713,0.99735141358457
832915.0,359,0.0343275,0.270864,0.99,10000,10,23,0.000808254,3.49338e-05,0.9715701916995559,0.99408951778617
380646.0,397,0.354235,0.153212,0.99,13524,10,17,1.37247e-18,0.00345708,0.9999999988284753,0.9412030613041802
409174.0,397,0.332868,0.153212,0.99,13524,10,19,2.4407500000000007e-18,0.00313017,0.99999999843771,0.9440520777865701
636532.0,452,0.019148,0.497455,0.99,10000,10,16,0.0038467,9.8539e-06,0.9379782296286215,0.996860907774531
741431.0,422,0.0182106,0.47583,0.99,10000,10,15,0.00402471,8.63603e-06,0.9365593978590997,0.9970612876969666
664370.0,484,0.019148,0.47583,0.99,10000,10,15,0.00418871,8.25184e-06,0.9352797558719067,0.9971273983917014
876496.0,372,0.0222664,0.336247,0.99,10000,10,36,0.00235794,1.61844e-05,0.9514413756372774,0.9959770160328433
830809.0,377,0.0222664,0.307753,0.99,10000,10,32,0.00170853,2.61775e-05,0.9586656317333868,0.9948836047846165
840034.0,481,0.01,0.594368,0.99,10000,10,24,0.00618849,3.26076e-06,0.9213330437858436,0.9981942425412033
828334.0,480,0.01,0.551631,0.99,10000,10,23,0.0058262,3.74481e-06,0.9236704513310867,0.9980648488431133
652578.0,369,0.160282,0.162845,0.99,10000,10,26,9.39503e-17,0.00155576,0.9999999903072037,0.9605568763914418
429016.0,397,0.426115,0.137403,0.99,16560,10,18,1.2938e-18,0.00370311,0.9999999988625468,0.9391468160241389
895472.0,422,0.0109263,0.47583,0.99,10000,10,17,0.00496625,5.59567e-06,0.9295283745043439,0.9976344831431587
835174.0,325,0.0366035,0.30989,0.99,10000,10,32,0.000997715,3.29605e-05,0.9684133730829011,0.9942588764165888
832915.0,500,0.0222664,0.288684,0.99,10000,10,32,0.00287323,1.31499e-05,0.9463974814024565,0.9963737209153183
832915.0,254,0.0343275,0.356869,0.99,10000,10,22,0.000555708,5.05379e-05,0.9764265403472464,0.9928909986636659
997211.0,464,0.01,0.376584,0.99,10000,10,13,0.00483497,5.91631e-06,0.9304660514568603,0.9975676533964092
832915.0,371,0.0340236,0.278592,0.99,10000,10,30,0.00109499,2.97709e-05,0.9669093668842677,0.9945437283791951
436240.0,397,0.421266,0.1,0.99,24861,10,18,6.62818e-21,0.00882938,0.9999999999185863,0.9060352193638489
884673.0,497,0.01,0.462577,0.99,10000,10,14,0.005512,4.27437e-06,0.9257571552269177,0.9979325450428123
700877.0,364,0.160282,0.162845,0.99,10000,10,31,1.89698e-16,0.00128208,0.9999999862269103,0.9641938552759446
578298.0,467,0.325814,0.123382,0.99,10580,10,28,2.04904e-17,0.00179279,0.9999999954733677,0.957658649053201
339460.0,397,0.426115,0.137403,0.99,16560,10,17,1.66415e-19,0.00513703,0.9999999995920601,0.928326922767332
906771.0,377,0.0455625,0.227609,0.99,10000,10,34,0.000678709,4.57022e-05,0.9739479559343226,0.9932396597718753
835153.0,353,0.0374276,0.227609,0.99,10000,10,32,0.000204127,7.71232e-05,0.9857126979453782,0.9912180184468424
832915.0,379,0.0222664,0.311283,0.99,10000,10,32,0.00179777,2.37947e-05,0.9575998820756357,0.9951220188602251
745028.0,371,0.0355347,0.333827,0.99,10000,10,31,0.00149916,2.65316e-05,0.9612810124099299,0.9948491165806242
844206.0,499,0.01,0.466337,0.99,10000,10,11,0.00535625,4.67828e-06,0.9268135941584777,0.9978370668063946
863583.0,500,0.01,0.529274,0.99,10000,10,25,0.00599533,3.50329e-06,0.9225704836641736,0.9981282922236631
654389.0,324,0.059251,0.268743,0.99,10000,10,30,1.58968e-05,0.000122452,0.9960129208686057,0.9889341968208358
738583.0,327,0.11853,0.216883,0.99,10000,11,17,4.47645e-10,0.000471312,0.9999788423772602,0.978290278675211
664370.0,484,0.019148,0.405164,0.99,10000,10,16,0.00335534,1.14721e-05,0.9420747032808635,0.9966129511370516
380646.0,397,0.410228,0.153212,0.99,13524,10,19,1.55129e-18,0.00327527,0.9999999987544921,0.9427700253363677
273272.0,470,0.46832,0.1,0.984111,16566,10,17,1.45787e-21,0.00978642,0.999999999961818,0.9010736637694492
918263.0,338,0.01,0.597751,0.99,10000,10,20,0.00512837,5.4838e-06,0.9283873614506489,0.9976582485187364
380646.0,350,0.414841,0.115136,0.99,26025,10,19,3.64532e-21,0.00948234,0.9999999999396235,0.9026226925818956
997211.0,449,0.01,0.376584,0.99,10000,10,13,0.00468353,6.51632e-06,0.9315636792339039,0.9974472916343616
832915.0,267,0.0343275,0.412844,0.99,10000,10,27,0.00145196,2.81011e-05,0.9618954071009806,0.9946989529336178
890716.0,298,0.0366035,0.274891,0.99,10000,10,34,0.000397357,5.09699e-05,0.9800661845097333,0.9928606793040233
692938.0,331,0.059251,0.268743,0.99,10762,10,31,9.43652e-05,8.52524e-05,0.9902858247905445,0.9907667773773183
832915.0,305,0.0366035,0.278592,0.99,10000,10,26,0.000340494,6.11436e-05,0.9815475204918147,0.99218056268009
664370.0,474,0.019148,0.405164,0.99,10000,10,16,0.00325062,1.2253e-05,0.942985791244638,0.9964995714548073
870711.0,497,0.01,0.491263,0.99,10000,10,19,0.00570004,3.9381e-06,0.9245013907412858,0.9980155353366714
665711.0,500,0.01,0.700474,0.99,10000,10,24,0.00608169,3.3864e-06,0.922014809098137,0.9981597826215363
870711.0,489,0.01,0.491263,0.99,10000,10,17,0.00563176,4.06363e-06,0.924954946865233,0.9979841552639154
741431.0,410,0.0182106,0.47583,0.99,10000,10,15,0.00387343,9.09543e-06,0.937763113831105,0.9969841369394483
578298.0,467,0.325814,0.123382,0.99,10580,10,34,2.07388e-17,0.00179192,0.9999999954460127,0.9576689239446952
1000000.0,500,0.01,0.700474,0.99,10000,10,28,0.00750248,2.48923e-06,0.9133831425183296,0.9984222706188957
380646.0,397,0.414841,0.1,0.99,26025,10,23,9.32313e-22,0.00980907,0.9999999999694662,0.900959250810588
253875.0,494,0.47135,0.137403,0.99,12596,10,17,2.47153e-19,0.0038486,0.9999999995028551,0.9379629143173215
346813.0,396,0.426115,0.12181,0.99,21243,10,17,3.04786e-20,0.00670918,0.9999999998254188,0.9180904157012135
346813.0,397,0.426115,0.137403,0.99,16560,10,17,1.90813e-19,0.00501931,0.9999999995631785,0.9291529111395536
436240.0,400,0.401332,0.1,0.99,28715,10,16,1.0751099999999999e-20,0.0084886,0.9999999998963125,0.9078664013510814
346813.0,397,0.426115,0.115192,0.99,20104,10,17,1.20131e-20,0.00781176,0.9999999998903957,0.911615838522957
432312.0,425,0.356851,0.1,0.99,26025,10,20,2.0536099999999998e-20,0.00759494,0.9999999998566957,0.912851047051614
696757.0,401,0.325814,0.123382,0.99,10000,10,23,1.40614e-17,0.00215011,0.9999999962501467,0.9536307213771876
578298.0,469,0.325814,0.11485,0.99,10580,10,29,4.57128e-18,0.00251173,0.9999999978619448,0.9498828372710505
230722.0,425,0.430347,0.137403,0.99,12596,10,20,4.398869999999999e-20,0.00622482,0.9999999997902652,0.9211024715215996
961320.0,500,0.01,0.625575,0.99,10000,10,24,0.00702904,2.72142e-06,0.9161606297733577,0.9983503273051905
700877.0,375,0.180345,0.162845,0.99,10000,10,27,1.71715e-15,0.00095571,0.9999999585614914,0.9690854403233686
380646.0,397,0.493025,0.102482,0.99,26025,10,21,3.91637e-21,0.008862,0.9999999999374191,0.9058618037139016
898684.0,500,0.01,0.594368,0.99,10000,10,33,0.00660033,2.93093e-06,0.9187575849694263,0.9982880040887899
645969.0,484,0.019148,0.432155,0.99,10000,10,16,0.00355451,1.05058e-05,0.9403802884944921,0.9967587348149218
273272.0,425,0.47135,0.137403,0.99,12596,10,13,1.53902e-19,0.00560443,0.9999999996076966,0.925137258933432
380646.0,350,0.414841,0.115136,0.99,26025,10,19,3.64532e-21,0.00948234,0.9999999999396235,0.9026226925818956
409174.0,397,0.414841,0.153212,0.99,13524,10,20,2.875e-18,0.00284933,0.9999999983044175,0.9466208842336256
700877.0,364,0.160282,0.162845,0.99,10000,10,31,1.89698e-16,0.00128208,0.9999999862269103,0.9641938552759446
940225.0,500,0.0222664,0.236861,0.99,10000,10,43,0.00244149,1.51059e-05,0.9505885640767241,0.9961133690682031
943108.0,500,0.01,0.609801,0.99,10000,10,15,0.00687268,2.77483e-06,0.9170983715479606,0.9983342179014049
788337.0,422,0.0136897,0.47583,0.99,10000,10,15,0.00433639,7.51793e-06,0.9341487281823654,0.9972581156114818
824701.0,500,0.01,0.613054,0.99,10000,10,12,0.00637754,3.03214e-06,0.9201404983737064,0.9982586958910058
881621.0,500,0.0222664,0.239496,0.99,10000,10,40,0.00214058,1.69243e-05,0.9537335975031557,0.9958860845900772
652578.0,369,0.160282,0.162845,0.99,10000,10,26,9.39503e-17,0.00155576,0.9999999903072037,0.9605568763914418
1000000.0,500,0.0222664,0.236861,0.99,10000,10,29,0.0028137,1.42204e-05,0.9469556789090482,0.9962290054362277
918263.0,338,0.01,0.597751,0.99,10000,10,20,0.00512837,5.4838e-06,0.9283873614506489,0.9976582485187364
726539.0,383,0.180345,0.162845,0.99,10000,10,28,2.4885e-11,0.000622068,0.9999950115132555,0.9750587089347804
269600.0,397,0.426115,0.137403,0.99,16560,10,17,3.1248699999999997e-20,0.00629807,0.999999999823227,0.9206396194565576
832915.0,309,0.0343275,0.345801,0.99,10000,10,27,0.00127629,2.88779e-05,0.9642747988109234,0.9946261838513026
273272.0,425,0.47135,0.137403,0.99,12596,10,17,1.5402000000000002e-19,0.00537179,0.9999999996075462,0.9267075037947267
961320.0,500,0.01,0.700474,0.99,10000,10,24,0.00738199,2.49102e-06,0.9140814920986171,0.9984217034499182
736905.0,244,0.0256298,0.560265,0.99,10000,10,30,0.00196646,2.28483e-05,0.9556552145117376,0.9952200104602625
997211.0,394,0.01,0.423091,0.99,10000,10,10,0.00461099,7.01501e-06,0.9320957291475713,0.99735141358457
832915.0,359,0.0343275,0.270864,0.99,10000,10,23,0.000808254,3.49338e-05,0.9715701916995559,0.99408951778617
380646.0,397,0.354235,0.153212,0.99,13524,10,17,1.37247e-18,0.00345708,0.9999999988284753,0.9412030613041802
409174.0,397,0.332868,0.153212,0.99,13524,10,19,2.4407500000000007e-18,0.00313017,0.99999999843771,0.9440520777865701
636532.0,452,0.019148,0.497455,0.99,10000,10,16,0.0038467,9.8539e-06,0.9379782296286215,0.996860907774531
830809.0,377,0.0222664,0.307753,0.99,10000,10,32,0.00170853,2.61775e-05,0.9586656317333868,0.9948836047846165
741431.0,422,0.0182106,0.47583,0.99,10000,10,15,0.00402471,8.63603e-06,0.9365593978590997,0.9970612876969666
664370.0,484,0.019148,0.47583,0.99,10000,10,15,0.00418871,8.25184e-06,0.9352797558719067,0.9971273983917014
654389.0,324,0.059251,0.268743,0.99,10000,10,30,1.58968e-05,0.000122452,0.9960129208686057,0.9889341968208358
876496.0,372,0.0222664,0.336247,0.99,10000,10,36,0.00235794,1.61844e-05,0.9514413756372774,0.9959770160328433
429016.0,397,0.426115,0.137403,0.99,16560,10,18,1.2938e-18,0.00370311,0.9999999988625468,0.9391468160241389
840034.0,481,0.01,0.594368,0.99,10000,10,24,0.00618849,3.26076e-06,0.9213330437858436,0.9981942425412033
828334.0,480,0.01,0.551631,0.99,10000,10,23,0.0058262,3.74481e-06,0.9236704513310867,0.9980648488431133
835174.0,325,0.0366035,0.30989,0.99,10000,10,32,0.000997715,3.29605e-05,0.9684133730829011,0.9942588764165888
832915.0,500,0.0222664,0.288684,0.99,10000,10,32,0.00287323,1.31499e-05,0.9463974814024565,0.9963737209153183
436240.0,397,0.421266,0.1,0.99,24861,10,18,6.62818e-21,0.00882938,0.9999999999185863,0.9060352193638489
832915.0,254,0.0343275,0.356869,0.99,10000,10,22,0.000555708,5.05379e-05,0.9764265403472464,0.9928909986636659
671502.0,424,0.0445041,0.192244,0.928538,10000,10,30,7.16277e-06,0.000375141,0.9973236648191978,0.98063144300677
832915.0,371,0.0340236,0.278592,0.99,10000,10,30,0.00109499,2.97709e-05,0.9669093668842677,0.9945437283791951
884673.0,497,0.01,0.462577,0.99,10000,10,14,0.005512,4.27437e-06,0.9257571552269177,0.9979325450428123
578298.0,467,0.325814,0.123382,0.99,10580,10,28,2.04904e-17,0.00179279,0.9999999954733677,0.957658649053201
339460.0,397,0.426115,0.137403,0.99,16560,10,17,1.66415e-19,0.00513703,0.9999999995920601,0.928326922767332
835153.0,353,0.0374276,0.227609,0.99,10000,10,32,0.000204127,7.71232e-05,0.9857126979453782,0.9912180184468424
906771.0,377,0.0455625,0.227609,0.99,10000,10,34,0.000678709,4.57022e-05,0.9739479559343226,0.9932396597718753
832915.0,379,0.0222664,0.311283,0.99,10000,10,32,0.00179777,2.37947e-05,0.9575998820756357,0.9951220188602251
745028.0,371,0.0276638,0.333827,0.99,10000,10,30,0.0014797,2.62575e-05,0.9615331311386018,0.9948757927442384
863583.0,500,0.01,0.529274,0.99,10000,10,25,0.00599533,3.50329e-06,0.9225704836641736,0.9981282922236631
380646.0,397,0.410228,0.153212,0.99,13524,10,19,1.55129e-18,0.00327527,0.9999999987544921,0.9427700253363677
664370.0,474,0.019148,0.405164,0.99,10000,10,16,0.00325062,1.2253e-05,0.942985791244638,0.9964995714548073
380646.0,397,0.450053,0.1,0.99,26025,10,22,2.3916e-21,0.00959874,0.999999999951096,0.902026840410243
705931.0,500,0.019148,0.353121,0.99,10000,10,19,0.00310241,1.26116e-05,0.9443007181374841,0.996448718541146
849392.0,497,0.01,0.462577,0.99,10000,10,14,0.00533655,4.71001e-06,0.9269483059744676,0.9978297442547017
997211.0,449,0.01,0.376584,0.99,10000,10,13,0.00468353,6.51632e-06,0.9315636792339039,0.9974472916343616
890716.0,298,0.0366035,0.274891,0.99,10000,10,34,0.000397357,5.09699e-05,0.9800661845097333,0.9928606793040233
692938.0,331,0.059251,0.268743,0.99,10762,10,31,9.43652e-05,8.52524e-05,0.9902858247905445,0.9907667773773183
832915.0,305,0.0366035,0.278592,0.99,10000,10,26,0.000340494,6.11436e-05,0.9815475204918147,0.99218056268009
664370.0,484,0.019148,0.405164,0.99,10000,10,16,0.00335534,1.14721e-05,0.9420747032808635,0.9966129511370516
832915.0,267,0.0343275,0.412844,0.99,10000,10,27,0.00145196,2.81011e-05,0.9618954071009806,0.9946989529336178
738583.0,327,0.11853,0.216883,0.99,10000,11,17,4.47645e-10,0.000471312,0.9999788423772602,0.978290278675211
870711.0,497,0.01,0.491263,0.99,10000,10,19,0.00570004,3.9381e-06,0.9245013907412858,0.9980155353366714
665711.0,500,0.01,0.700474,0.99,10000,10,24,0.00608169,3.3864e-06,0.922014809098137,0.9981597826215363
895472.0,422,0.0109263,0.47583,0.99,10000,10,17,0.00496625,5.59567e-06,0.9295283745043439,0.9976344831431587
578298.0,467,0.325814,0.123382,0.99,10580,10,34,2.07388e-17,0.00179192,0.9999999954460127,0.9576689239446952
741431.0,410,0.0182106,0.47583,0.99,10000,10,15,0.00387343,9.09543e-06,0.937763113831105,0.9969841369394483
273272.0,425,0.47135,0.137403,0.99,12596,10,13,1.53902e-19,0.00560443,0.9999999996076966,0.925137258933432
844206.0,499,0.01,0.466337,0.99,10000,10,11,0.00535625,4.67828e-06,0.9268135941584777,0.9978370668063946
380646.0,397,0.414841,0.1,0.99,26025,10,23,9.32313e-22,0.00980907,0.9999999999694662,0.900959250810588
1000000.0,500,0.01,0.700474,0.99,10000,10,28,0.00750248,2.48923e-06,0.9133831425183296,0.9984222706188957
253875.0,494,0.47135,0.137403,0.99,12596,10,17,2.47153e-19,0.0038486,0.9999999995028551,0.9379629143173215
346813.0,397,0.426115,0.137403,0.99,16560,10,17,1.90813e-19,0.00501931,0.9999999995631785,0.9291529111395536
346813.0,411,0.426115,0.115192,0.99,20104,10,17,1.89341e-20,0.00714904,0.9999999998623987,0.9154480041631187
346813.0,396,0.426115,0.12181,0.99,21243,10,17,3.04786e-20,0.00670918,0.9999999998254188,0.9180904157012135
358061.0,396,0.39464,0.108023,0.99,26892,10,18,9.33839e-21,0.0084733,0.9999999999033646,0.9079494703980472
273272.0,425,0.290412,0.137403,0.99,12596,10,29,4.7642099999999997e-20,0.00583905,0.9999999997817293,0.9235863232137074
380646.0,397,0.493025,0.102482,0.99,26025,10,21,3.91637e-21,0.008862,0.9999999999374191,0.9058618037139016
339640.0,425,0.430347,0.170334,0.99,12596,10,20,7.28207e-18,0.00209301,0.9999999973014689,0.9542505737740898
380646.0,350,0.414841,0.115136,0.99,26025,10,19,3.64532e-21,0.00948234,0.9999999999396235,0.9026226925818956
881621.0,500,0.0222664,0.239496,0.99,10000,10,40,0.00214058,1.69243e-05,0.9537335975031557,0.9958860845900772
346813.0,397,0.426115,0.115192,0.99,20104,10,17,1.20131e-20,0.00781176,0.9999999998903957,0.911615838522957
961320.0,500,0.01,0.625575,0.99,10000,10,24,0.00702904,2.72142e-06,0.9161606297733577,0.9983503273051905
346813.0,397,0.426115,0.115192,0.99,20104,10,18,1.2152299999999999e-20,0.00779246,0.9999999998897625,0.9117250885018852
898684.0,500,0.01,0.594368,0.99,10000,10,33,0.00660033,2.93093e-06,0.9187575849694263,0.9982880040887899
645969.0,484,0.019148,0.432155,0.99,10000,10,16,0.00355451,1.05058e-05,0.9403802884944921,0.9967587348149218
961320.0,500,0.01,0.700474,0.99,10000,10,24,0.00738199,2.49102e-06,0.9140814920986171,0.9984217034499182
700877.0,364,0.160282,0.162845,0.99,10000,10,31,1.89698e-16,0.00128208,0.9999999862269103,0.9641938552759446
895472.0,422,0.0109263,0.47583,0.99,10000,10,17,0.00496625,5.59567e-06,0.9295283745043439,0.9976344831431587
788337.0,422,0.0136897,0.47583,0.99,10000,10,15,0.00433639,7.51793e-06,0.9341487281823654,0.9972581156114818
832915.0,379,0.0285553,0.311283,0.99,10000,10,36,0.00177224,2.13668e-05,0.9579020190507905,0.995377576393276
578298.0,469,0.325814,0.11485,0.99,10580,10,29,4.57128e-18,0.00251173,0.9999999978619448,0.9498828372710505
409174.0,397,0.414841,0.153212,0.99,13524,10,20,2.875e-18,0.00284933,0.9999999983044175,0.9466208842336256
705931.0,500,0.019148,0.353121,0.99,10000,10,19,0.00310241,1.26116e-05,0.9443007181374841,0.996448718541146
1000000.0,474,0.0222664,0.242201,0.99,10000,10,32,0.00263134,1.47587e-05,0.9487034114194716,0.9961582946495079
918263.0,338,0.01,0.597751,0.99,10000,10,20,0.00512837,5.4838e-06,0.9283873614506489,0.9976582485187364
269600.0,397,0.426115,0.137403,0.99,16560,10,17,3.1248699999999997e-20,0.00629807,0.999999999823227,0.9206396194565576
832915.0,309,0.0343275,0.345801,0.99,10000,10,27,0.00127629,2.88779e-05,0.9642747988109234,0.9946261838513026
700877.0,375,0.180345,0.162845,0.99,10000,10,27,1.71715e-15,0.00095571,0.9999999585614914,0.9690854403233686
269556.0,425,0.47135,0.137403,0.99,12596,10,17,1.46989e-19,0.0053908,0.9999999996166086,0.9265779324725869
846013.0,422,0.0136897,0.47583,0.99,10000,10,13,0.00467586,6.35673e-06,0.9316197396904633,0.9974787443604426
230722.0,425,0.430347,0.137403,0.99,12596,10,20,4.398869999999999e-20,0.00622482,0.9999999997902652,0.9211024715215996
884673.0,497,0.01,0.462577,0.99,10000,10,14,0.005512,4.27437e-06,0.9257571552269177,0.9979325450428123
940225.0,500,0.0222664,0.236861,0.99,10000,10,43,0.00244149,1.51059e-05,0.9505885640767241,0.9961133690682031
997211.0,394,0.01,0.423091,0.99,10000,10,10,0.00461099,7.01501e-06,0.9320957291475713,0.99735141358457
832915.0,359,0.0343275,0.270864,0.99,10000,10,23,0.000808254,3.49338e-05,0.9715701916995559,0.99408951778617
380646.0,397,0.354235,0.153212,0.99,13524,10,17,1.37247e-18,0.00345708,0.9999999988284753,0.9412030613041802
409174.0,397,0.332868,0.153212,0.99,13524,10,19,2.4407500000000007e-18,0.00313017,0.99999999843771,0.9440520777865701
636532.0,452,0.019148,0.497455,0.99,10000,10,16,0.0038467,9.8539e-06,0.9379782296286215,0.996860907774531
870711.0,497,0.01,0.491263,0.99,10000,10,19,0.00570004,3.9381e-06,0.9245013907412858,0.9980155353366714
664370.0,484,0.019148,0.405164,0.99,10000,10,16,0.00335534,1.14721e-05,0.9420747032808635,0.9966129511370516
906090.0,500,0.0222664,0.239496,0.99,10000,10,44,0.00229111,1.58132e-05,0.9521344591590151,0.9960234185535815
429016.0,397,0.426115,0.137403,0.99,16560,10,18,1.2938e-18,0.00370311,0.9999999988625468,0.9391468160241389
346813.0,397,0.426115,0.110552,0.99,20104,10,17,6.28613e-21,0.0086544,0.9999999999207149,0.9069709722720913
828334.0,480,0.01,0.551631,0.99,10000,10,23,0.0058262,3.74481e-06,0.9236704513310867,0.9980648488431133
835174.0,325,0.0366035,0.30989,0.99,10000,10,32,0.000997715,3.29605e-05,0.9684133730829011,0.9942588764165888
832915.0,500,0.0222664,0.288684,0.99,10000,10,32,0.00287323,1.31499e-05,0.9463974814024565,0.9963737209153183
832915.0,254,0.0343275,0.356869,0.99,10000,10,22,0.000555708,5.05379e-05,0.9764265403472464,0.9928909986636659
832915.0,371,0.0340236,0.278592,0.99,10000,10,30,0.00109499,2.97709e-05,0.9669093668842677,0.9945437283791951
943108.0,500,0.01,0.609801,0.99,10000,10,15,0.00687268,2.77483e-06,0.9170983715479606,0.9983342179014049
652578.0,369,0.160282,0.162845,0.99,10000,10,26,9.39503e-17,0.00155576,0.9999999903072037,0.9605568763914418
835153.0,353,0.0374276,0.227609,0.99,10000,10,32,0.000204127,7.71232e-05,0.9857126979453782,0.9912180184468424
906771.0,377,0.0455625,0.227609,0.99,10000,10,34,0.000678709,4.57022e-05,0.9739479559343226,0.9932396597718753
726539.0,383,0.180345,0.162845,0.99,10000,10,28,2.4885e-11,0.000622068,0.9999950115132555,0.9750587089347804
830809.0,377,0.0222664,0.307753,0.99,10000,10,32,0.00170853,2.61775e-05,0.9586656317333868,0.9948836047846165
429016.0,397,0.426115,0.152403,0.99,13341,10,18,3.8808700000000014e-18,0.00261479,0.9999999980300076,0.9488649826439846
745028.0,371,0.0276638,0.333827,0.99,10000,10,30,0.0014797,2.62575e-05,0.9615331311386018,0.9948757927442384
726539.0,396,0.180345,0.152198,0.99,11502,10,25,6.50988e-14,0.000814549,0.9999997448553352,0.9714596951663091
664370.0,474,0.019148,0.405164,0.99,10000,10,16,0.00325062,1.2253e-05,0.942985791244638,0.9964995714548073
380646.0,397,0.410228,0.153212,0.99,13524,10,19,1.55129e-18,0.00327527,0.9999999987544921,0.9427700253363677
664370.0,484,0.019148,0.47583,0.99,10000,10,15,0.00418871,8.25184e-06,0.9352797558719067,0.9971273983917014
1000000.0,500,0.0222664,0.236861,0.99,10000,10,29,0.0028137,1.42204e-05,0.9469556789090482,0.9962290054362277
578298.0,467,0.325814,0.123382,0.99,10580,10,28,2.04904e-17,0.00179279,0.9999999954733677,0.957658649053201
863583.0,500,0.01,0.529274,0.99,10000,10,25,0.00599533,3.50329e-06,0.9225704836641736,0.9981282922236631
835153.0,353,0.0374276,0.187897,0.956336,10000,10,32,4.06163e-06,0.000341294,0.9979846513949194,0.981525855906159
849392.0,497,0.01,0.462577,0.99,10000,10,14,0.00533655,4.71001e-06,0.9269483059744676,0.9978297442547017
890716.0,298,0.0366035,0.274891,0.99,10000,10,34,0.000397357,5.09699e-05,0.9800661845097333,0.9928606793040233
692938.0,331,0.059251,0.268743,0.99,10762,10,31,9.43652e-05,8.52524e-05,0.9902858247905445,0.9907667773773183
824701.0,500,0.01,0.613054,0.99,10000,10,12,0.00637754,3.03214e-06,0.9201404983737064,0.9982586958910058
741431.0,422,0.0182106,0.47583,0.99,10000,10,15,0.00402471,8.63603e-06,0.9365593978590997,0.9970612876969666
738583.0,327,0.11853,0.216883,0.99,10000,11,17,4.47645e-10,0.000471312,0.9999788423772602,0.978290278675211
832915.0,305,0.0366035,0.278592,0.99,10000,10,26,0.000340494,6.11436e-05,0.9815475204918147,0.99218056268009
840034.0,481,0.01,0.594368,0.99,10000,10,24,0.00618849,3.26076e-06,0.9213330437858436,0.9981942425412033
832915.0,267,0.0343275,0.412844,0.99,10000,10,27,0.00145196,2.81011e-05,0.9618954071009806,0.9946989529336178
829748.0,500,0.01,0.594368,0.99,10000,10,33,0.00628874,3.1286e-06,0.9206984237231062,0.9982312151063513
409174.0,397,0.332868,0.180977,0.99,12371,10,19,3.16039e-17,0.0016282,0.9999999943782654,0.959649039664464
335933.0,397,0.426115,0.137403,0.99,16560,10,17,1.57103e-19,0.0051937,0.9999999996036378,0.9279326703699936
550224.0,340,0.122889,0.268743,0.99,10000,10,30,7.63896e-06,0.000182405,0.9972361331435831,0.986494260479337
741431.0,410,0.0182106,0.47583,0.99,10000,10,15,0.00387343,9.09543e-06,0.937763113831105,0.9969841369394483
392647.0,397,0.414841,0.1,0.99,26025,10,23,8.80832e-22,0.00958517,0.9999999999703212,0.9020961185651968
1000000.0,500,0.01,0.700474,0.99,10000,10,28,0.00750248,2.48923e-06,0.9133831425183296,0.9984222706188957
346813.0,397,0.426115,0.137403,0.99,16560,10,17,1.90813e-19,0.00501931,0.9999999995631785,0.9291529111395536
253875.0,494,0.47135,0.137403,0.99,12596,10,17,2.47153e-19,0.0038486,0.9999999995028551,0.9379629143173215
346813.0,411,0.426115,0.115192,0.99,20104,10,17,1.89341e-20,0.00714904,0.9999999998623987,0.9154480041631187
346813.0,396,0.426115,0.12181,0.99,21243,10,17,3.04786e-20,0.00670918,0.9999999998254188,0.9180904157012135
273272.0,425,0.290412,0.137403,0.99,12596,10,29,4.7642099999999997e-20,0.00583905,0.9999999997817293,0.9235863232137074
380646.0,397,0.493025,0.102482,0.99,26025,10,21,3.91637e-21,0.008862,0.9999999999374191,0.9058618037139016
380646.0,350,0.414841,0.115136,0.99,26025,10,19,3.64532e-21,0.00948234,0.9999999999396235,0.9026226925818956
339640.0,425,0.430347,0.170334,0.99,12596,10,20,7.28207e-18,0.00209301,0.9999999973014689,0.9542505737740898
881621.0,500,0.0222664,0.239496,0.99,10000,10,40,0.00214058,1.69243e-05,0.9537335975031557,0.9958860845900772
346813.0,397,0.426115,0.115192,0.99,20104,10,18,1.2152299999999999e-20,0.00779246,0.9999999998897625,0.9117250885018852
380646.0,430,0.349114,0.1,0.99,26025,10,21,1.00985e-20,0.00824855,0.9999999998995087,0.9091784717151269
961320.0,500,0.01,0.625575,0.99,10000,10,24,0.00702904,2.72142e-06,0.9161606297733577,0.9983503273051905
269556.0,425,0.47135,0.137403,0.99,12596,10,17,1.46989e-19,0.0053908,0.9999999996166086,0.9265779324725869
898684.0,500,0.01,0.594368,0.99,10000,10,33,0.00660033,2.93093e-06,0.9187575849694263,0.9982880040887899
992687.0,500,0.0181805,0.269214,0.99,10000,10,24,0.00346506,1.04297e-05,0.9411352397439691,0.9967704953940272
961320.0,500,0.01,0.700474,0.99,10000,10,24,0.00738199,2.49102e-06,0.9140814920986171,0.9984217034499182
700877.0,364,0.160282,0.162845,0.99,10000,10,31,1.89698e-16,0.00128208,0.9999999862269103,0.9641938552759446
895472.0,422,0.0109263,0.47583,0.99,10000,10,17,0.00496625,5.59567e-06,0.9295283745043439,0.9976344831431587
745028.0,371,0.0276638,0.333827,0.99,10000,10,30,0.0014797,2.62575e-05,0.9615331311386018,0.9948757927442384
943108.0,500,0.01,0.609801,0.99,10000,10,15,0.00687268,2.77483e-06,0.9170983715479606,0.9983342179014049
788337.0,422,0.0136897,0.47583,0.99,10000,10,15,0.00433639,7.51793e-06,0.9341487281823654,0.9972581156114818
832915.0,379,0.0285553,0.311283,0.99,10000,10,36,0.00177224,2.13668e-05,0.9579020190507905,0.995377576393276
636532.0,452,0.019148,0.497455,0.99,10000,10,16,0.0038467,9.8539e-06,0.9379782296286215,0.996860907774531
578298.0,469,0.325814,0.11485,0.99,10580,10,29,4.57128e-18,0.00251173,0.9999999978619448,0.9498828372710505
409174.0,397,0.414841,0.153212,0.99,13524,10,20,2.875e-18,0.00284933,0.9999999983044175,0.9466208842336256
269600.0,397,0.426115,0.137403,0.99,16560,10,17,3.1248699999999997e-20,0.00629807,0.999999999823227,0.9206396194565576
705931.0,500,0.019148,0.353121,0.99,10000,10,19,0.00310241,1.26116e-05,0.9443007181374841,0.996448718541146
1000000.0,474,0.0222664,0.242201,0.99,10000,10,32,0.00263134,1.47587e-05,0.9487034114194716,0.9961582946495079
918263.0,338,0.01,0.597751,0.99,10000,10,20,0.00512837,5.4838e-06,0.9283873614506489,0.9976582485187364
700877.0,375,0.180345,0.162845,0.99,10000,10,27,1.71715e-15,0.00095571,0.9999999585614914,0.9690854403233686
578298.0,467,0.325814,0.123382,0.99,10580,10,28,2.04904e-17,0.00179279,0.9999999954733677,0.957658649053201
230722.0,425,0.430347,0.137403,0.99,12596,10,20,4.398869999999999e-20,0.00622482,0.9999999997902652,0.9211024715215996
346813.0,397,0.426115,0.115192,0.99,20104,10,17,1.20131e-20,0.00781176,0.9999999998903957,0.911615838522957
846013.0,422,0.0136897,0.47583,0.99,10000,10,13,0.00467586,6.35673e-06,0.9316197396904633,0.9974787443604426
849392.0,497,0.01,0.462577,0.99,10000,10,14,0.00533655,4.71001e-06,0.9269483059744676,0.9978297442547017
940225.0,500,0.0222664,0.236861,0.99,10000,10,43,0.00244149,1.51059e-05,0.9505885640767241,0.9961133690682031
997211.0,394,0.01,0.423091,0.99,10000,10,10,0.00461099,7.01501e-06,0.9320957291475713,0.99735141358457
380646.0,397,0.354235,0.153212,0.99,13524,10,17,1.37247e-18,0.00345708,0.9999999988284753,0.9412030613041802
409174.0,397,0.332868,0.153212,0.99,13524,10,19,2.4407500000000007e-18,0.00313017,0.99999999843771,0.9440520777865701
358061.0,396,0.39464,0.108023,0.99,26892,10,18,9.33839e-21,0.0084733,0.9999999999033646,0.9079494703980472
741431.0,422,0.0182106,0.47583,0.99,10000,10,15,0.00402471,8.63603e-06,0.9365593978590997,0.9970612876969666
870711.0,497,0.01,0.491263,0.99,10000,10,19,0.00570004,3.9381e-06,0.9245013907412858,0.9980155353366714
664370.0,484,0.019148,0.47583,0.99,10000,10,15,0.00418871,8.25184e-06,0.9352797558719067,0.9971273983917014
824701.0,500,0.01,0.613054,0.99,10000,10,12,0.00637754,3.03214e-06,0.9201404983737064,0.9982586958910058
429016.0,397,0.426115,0.137403,0.99,16560,10,18,1.2938e-18,0.00370311,0.9999999988625468,0.9391468160241389
346813.0,397,0.426115,0.110552,0.99,20104,10,17,6.28613e-21,0.0086544,0.9999999999207149,0.9069709722720913
906090.0,500,0.0222664,0.239496,0.99,10000,10,44,0.00229111,1.58132e-05,0.9521344591590151,0.9960234185535815
863583.0,500,0.01,0.529274,0.99,10000,10,25,0.00599533,3.50329e-06,0.9225704836641736,0.9981282922236631
828334.0,480,0.01,0.551631,0.99,10000,10,23,0.0058262,3.74481e-06,0.9236704513310867,0.9980648488431133
335933.0,397,0.426115,0.137403,0.99,16560,10,17,1.57103e-19,0.0051937,0.9999999996036378,0.9279326703699936
835174.0,325,0.0366035,0.30989,0.99,10000,10,32,0.000997715,3.29605e-05,0.9684133730829011,0.9942588764165888
550224.0,340,0.122889,0.268743,0.99,10000,10,30,7.63896e-06,0.000182405,0.9972361331435831,0.986494260479337
832915.0,500,0.0222664,0.288684,0.99,10000,10,32,0.00287323,1.31499e-05,0.9463974814024565,0.9963737209153183
832915.0,254,0.0343275,0.356869,0.99,10000,10,22,0.000555708,5.05379e-05,0.9764265403472464,0.9928909986636659
832915.0,371,0.0340236,0.278592,0.99,10000,10,30,0.00109499,2.97709e-05,0.9669093668842677,0.9945437283791951
692938.0,331,0.059251,0.268743,0.99,10762,10,31,9.43652e-05,8.52524e-05,0.9902858247905445,0.9907667773773183
726539.0,383,0.180345,0.162845,0.99,10000,10,28,2.4885e-11,0.000622068,0.9999950115132555,0.9750587089347804
835153.0,353,0.0374276,0.227609,0.99,10000,10,32,0.000204127,7.71232e-05,0.9857126979453782,0.9912180184468424
429016.0,397,0.426115,0.152403,0.99,13341,10,18,3.8808700000000014e-18,0.00261479,0.9999999980300076,0.9488649826439846
726539.0,396,0.180345,0.152198,0.99,11502,10,25,6.50988e-14,0.000814549,0.9999997448553352,0.9714596951663091
830809.0,377,0.0222664,0.307753,0.99,10000,10,32,0.00170853,2.61775e-05,0.9586656317333868,0.9948836047846165
832915.0,359,0.0343275,0.270864,0.99,10000,10,23,0.000808254,3.49338e-05,0.9715701916995559,0.99408951778617
380646.0,397,0.410228,0.153212,0.99,13524,10,19,1.55129e-18,0.00327527,0.9999999987544921,0.9427700253363677
664370.0,474,0.019148,0.405164,0.99,10000,10,16,0.00325062,1.2253e-05,0.942985791244638,0.9964995714548073
1000000.0,500,0.0222664,0.236861,0.99,10000,10,29,0.0028137,1.42204e-05,0.9469556789090482,0.9962290054362277
835153.0,353,0.0374276,0.187897,0.956336,10000,10,32,4.06163e-06,0.000341294,0.9979846513949194,0.981525855906159
884673.0,497,0.01,0.462577,0.99,10000,10,14,0.005512,4.27437e-06,0.9257571552269177,0.9979325450428123
738583.0,327,0.11853,0.216883,0.99,10000,11,17,4.47645e-10,0.000471312,0.9999788423772602,0.978290278675211
890716.0,298,0.0366035,0.274891,0.99,10000,10,34,0.000397357,5.09699e-05,0.9800661845097333,0.9928606793040233
664370.0,484,0.019148,0.405164,0.99,10000,10,16,0.00335534,1.14721e-05,0.9420747032808635,0.9966129511370516
652578.0,369,0.160282,0.162845,0.99,10000,10,26,9.39503e-17,0.00155576,0.9999999903072037,0.9605568763914418
832915.0,305,0.0366035,0.278592,0.99,10000,10,26,0.000340494,6.11436e-05,0.9815475204918147,0.99218056268009
832915.0,379,0.0285553,0.283427,0.99,10000,10,36,0.00127781,2.67511e-05,0.964253531642972,0.9948278534436851
906771.0,377,0.0455625,0.227609,0.99,10000,10,34,0.000678709,4.57022e-05,0.9739479559343226,0.9932396597718753
917087.0,497,0.01,0.517076,0.99,10000,10,19,0.00612686,3.40793e-06,0.9217257385854073,0.9981539420377463
829748.0,500,0.01,0.594368,0.99,10000,10,33,0.00628874,3.1286e-06,0.9206984237231062,0.9982312151063513
409174.0,397,0.332868,0.180977,0.99,12371,10,19,3.16039e-17,0.0016282,0.9999999943782654,0.959649039664464
832915.0,309,0.0343275,0.345801,0.99,10000,10,27,0.00127629,2.88779e-05,0.9642747988109234,0.9946261838513026
1000000.0,500,0.01,0.700474,0.99,10000,10,28,0.00750248,2.48923e-06,0.9133831425183296,0.9984222706188957
392647.0,397,0.414841,0.1,0.99,26025,10,23,8.80832e-22,0.00958517,0.9999999999703212,0.9020961185651968
269556.0,425,0.47135,0.137403,0.99,18570,10,22,1.56364e-19,0.00501008,0.9999999996045711,0.9292180814049238
253875.0,494,0.47135,0.137403,0.99,12596,10,17,2.47153e-19,0.0038486,0.9999999995028551,0.9379629143173215
380646.0,397,0.493025,0.102482,0.99,26025,10,21,3.91637e-21,0.008862,0.9999999999374191,0.9058618037139016
346813.0,396,0.426115,0.12181,0.99,21243,10,17,3.04786e-20,0.00670918,0.9999999998254188,0.9180904157012135
346813.0,411,0.426115,0.115192,0.99,20104,10,17,1.89341e-20,0.00714904,0.9999999998623987,0.9154480041631187
380646.0,350,0.414841,0.115136,0.99,26025,10,19,3.64532e-21,0.00948234,0.9999999999396235,0.9026226925818956
636532.0,452,0.019148,0.497455,0.99,10000,10,16,0.0038467,9.8539e-06,0.9379782296286215,0.996860907774531
269556.0,425,0.47135,0.137403,0.99,12596,10,17,1.46989e-19,0.0053908,0.9999999996166086,0.9265779324725869
346813.0,397,0.426115,0.115192,0.99,20104,10,18,1.2152299999999999e-20,0.00779246,0.9999999998897625,0.9117250885018852
380646.0,430,0.349114,0.1,0.99,26025,10,21,1.00985e-20,0.00824855,0.9999999998995087,0.9091784717151269
961320.0,500,0.01,0.625575,0.99,10000,10,24,0.00702904,2.72142e-06,0.9161606297733577,0.9983503273051905
898684.0,500,0.01,0.594368,0.99,10000,10,33,0.00660033,2.93093e-06,0.9187575849694263,0.9982880040887899
992687.0,500,0.0181805,0.269214,0.99,10000,10,24,0.00346506,1.04297e-05,0.9411352397439691,0.9967704953940272
961320.0,500,0.01,0.700474,0.99,10000,10,24,0.00738199,2.49102e-06,0.9140814920986171,0.9984217034499182
700877.0,364,0.160282,0.162845,0.99,10000,10,31,1.89698e-16,0.00128208,0.9999999862269103,0.9641938552759446
832915.0,379,0.0285553,0.311283,0.99,10000,10,36,0.00177224,2.13668e-05,0.9579020190507905,0.995377576393276
745028.0,371,0.0276638,0.333827,0.99,10000,10,30,0.0014797,2.62575e-05,0.9615331311386018,0.9948757927442384
943108.0,500,0.01,0.609801,0.99,10000,10,15,0.00687268,2.77483e-06,0.9170983715479606,0.9983342179014049
788337.0,422,0.0136897,0.47583,0.99,10000,10,15,0.00433639,7.51793e-06,0.9341487281823654,0.9972581156114818
273272.0,425,0.290412,0.137403,0.99,12596,10,29,4.7642099999999997e-20,0.00583905,0.9999999997817293,0.9235863232137074
849392.0,497,0.01,0.462577,0.99,10000,10,14,0.00533655,4.71001e-06,0.9269483059744676,0.9978297442547017
269600.0,397,0.426115,0.137403,0.99,16560,10,17,3.1248699999999997e-20,0.00629807,0.999999999823227,0.9206396194565576
1000000.0,474,0.0222664,0.242201,0.99,10000,10,32,0.00263134,1.47587e-05,0.9487034114194716,0.9961582946495079
918263.0,338,0.01,0.597751,0.99,10000,10,20,0.00512837,5.4838e-06,0.9283873614506489,0.9976582485187364
881621.0,500,0.0222664,0.239496,0.99,10000,10,40,0.00214058,1.69243e-05,0.9537335975031557,0.9958860845900772
895472.0,422,0.0109263,0.47583,0.99,10000,10,17,0.00496625,5.59567e-06,0.9295283745043439,0.9976344831431587
700877.0,375,0.180345,0.162845,0.99,10000,10,27,1.71715e-15,0.00095571,0.9999999585614914,0.9690854403233686
884673.0,497,0.01,0.462577,0.99,10000,10,14,0.005512,4.27437e-06,0.9257571552269177,0.9979325450428123
578298.0,467,0.325814,0.123382,0.99,10580,10,28,2.04904e-17,0.00179279,0.9999999954733677,0.957658649053201
346813.0,397,0.426115,0.115192,0.99,20104,10,17,1.20131e-20,0.00781176,0.9999999998903957,0.911615838522957
273272.0,425,0.302435,0.13825,0.99,12956,10,29,5.0776e-20,0.00568785,0.9999999997746647,0.9245821639133023
346813.0,396,0.326085,0.12181,0.99,21243,10,17,2.77696e-20,0.00705505,0.9999999998333579,0.9160056549522528
741431.0,422,0.0182106,0.47583,0.99,10000,10,15,0.00402471,8.63603e-06,0.9365593978590997,0.9970612876969666
940225.0,500,0.0222664,0.236861,0.99,10000,10,43,0.00244149,1.51059e-05,0.9505885640767241,0.9961133690682031
997211.0,394,0.01,0.423091,0.99,10000,10,10,0.00461099,7.01501e-06,0.9320957291475713,0.99735141358457
380646.0,397,0.354235,0.153212,0.99,13524,10,17,1.37247e-18,0.00345708,0.9999999988284753,0.9412030613041802
832915.0,359,0.0343275,0.270864,0.99,10000,10,23,0.000808254,3.49338e-05,0.9715701916995559,0.99408951778617
358061.0,396,0.39464,0.108023,0.99,26892,10,18,9.33839e-21,0.0084733,0.9999999999033646,0.9079494703980472
870711.0,497,0.01,0.491263,0.99,10000,10,19,0.00570004,3.9381e-06,0.9245013907412858,0.9980155353366714
664370.0,484,0.019148,0.47583,0.99,10000,10,15,0.00418871,8.25184e-06,0.9352797558719067,0.9971273983917014
824701.0,500,0.01,0.613054,0.99,10000,10,12,0.00637754,3.03214e-06,0.9201404983737064,0.9982586958910058
429016.0,397,0.426115,0.137403,0.99,16560,10,18,1.2938e-18,0.00370311,0.9999999988625468,0.9391468160241389
346813.0,397,0.426115,0.110552,0.99,20104,10,17,6.28613e-21,0.0086544,0.9999999999207149,0.9069709722720913
906090.0,500,0.0222664,0.239496,0.99,10000,10,44,0.00229111,1.58132e-05,0.9521344591590151,0.9960234185535815
230722.0,425,0.430347,0.137403,0.99,12596,10,20,4.398869999999999e-20,0.00622482,0.9999999997902652,0.9211024715215996
863583.0,500,0.01,0.529274,0.99,10000,10,25,0.00599533,3.50329e-06,0.9225704836641736,0.9981282922236631
830809.0,377,0.0222664,0.307753,0.99,10000,10,32,0.00170853,2.61775e-05,0.9586656317333868,0.9948836047846165
828334.0,480,0.01,0.551631,0.99,10000,10,23,0.0058262,3.74481e-06,0.9236704513310867,0.9980648488431133
917087.0,497,0.01,0.517076,0.99,10000,10,19,0.00612686,3.40793e-06,0.9217257385854073,0.9981539420377463
997211.0,407,0.01,0.423091,0.99,10000,10,10,0.00476072,6.33036e-06,0.9310020290153399,0.9974839793323583
835174.0,325,0.0366035,0.30989,0.99,10000,10,32,0.000997715,3.29605e-05,0.9684133730829011,0.9942588764165888
832915.0,500,0.0222664,0.288684,0.99,10000,10,32,0.00287323,1.31499e-05,0.9463974814024565,0.9963737209153183
832915.0,254,0.0343275,0.356869,0.99,10000,10,22,0.000555708,5.05379e-05,0.9764265403472464,0.9928909986636659
832915.0,371,0.0340236,0.278592,0.99,10000,10,30,0.00109499,2.97709e-05,0.9669093668842677,0.9945437283791951
705931.0,500,0.019148,0.353121,0.99,10000,10,19,0.00310241,1.26116e-05,0.9443007181374841,0.996448718541146
339640.0,425,0.301203,0.173191,0.99,12596,10,20,4.6187e-18,0.00226949,0.9999999978508839,0.952360835439735
652578.0,369,0.160282,0.162845,0.99,10000,10,26,9.39503e-17,0.00155576,0.9999999903072037,0.9605568763914418
578298.0,469,0.325814,0.11485,0.99,10580,10,29,4.57128e-18,0.00251173,0.9999999978619448,0.9498828372710505
726539.0,383,0.180345,0.162845,0.99,10000,10,28,2.4885e-11,0.000622068,0.9999950115132555,0.9750587089347804
906771.0,377,0.0455625,0.227609,0.99,10000,10,34,0.000678709,4.57022e-05,0.9739479559343226,0.9932396597718753
726539.0,396,0.180345,0.152198,0.99,11502,10,25,6.50988e-14,0.000814549,0.9999997448553352,0.9714596951663091
835153.0,353,0.0374276,0.227609,0.99,10000,10,32,0.000204127,7.71232e-05,0.9857126979453782,0.9912180184468424
829748.0,500,0.01,0.594368,0.99,10000,10,33,0.00628874,3.1286e-06,0.9206984237231062,0.9982312151063513
409174.0,397,0.332868,0.153212,0.99,13524,10,19,2.4407500000000007e-18,0.00313017,0.99999999843771,0.9440520777865701
1000000.0,500,0.0222664,0.236861,0.99,10000,10,29,0.0028137,1.42204e-05,0.9469556789090482,0.9962290054362277
409174.0,397,0.414841,0.153212,0.99,13524,10,20,2.875e-18,0.00284933,0.9999999983044175,0.9466208842336256
429016.0,397,0.426115,0.152403,0.99,13341,10,18,3.8808700000000014e-18,0.00261479,0.9999999980300076,0.9488649826439846
339640.0,425,0.430347,0.170334,0.99,12596,10,22,7.48291e-18,0.00208885,0.9999999972645092,0.954296061438865
835153.0,353,0.0374276,0.187897,0.956336,10000,10,32,4.06163e-06,0.000341294,0.9979846513949194,0.981525855906159
550224.0,340,0.122889,0.268743,0.99,10000,10,30,7.63896e-06,0.000182405,0.9972361331435831,0.986494260479337
380646.0,397,0.410228,0.153212,0.99,13524,10,19,1.55129e-18,0.00327527,0.9999999987544921,0.9427700253363677
890716.0,298,0.0366035,0.274891,0.99,10000,10,34,0.000397357,5.09699e-05,0.9800661845097333,0.9928606793040233
738583.0,327,0.11853,0.216883,0.99,10000,11,17,4.47645e-10,0.000471312,0.9999788423772602,0.978290278675211
664370.0,484,0.019148,0.405164,0.99,10000,10,16,0.00335534,1.14721e-05,0.9420747032808635,0.9966129511370516
745028.0,340,0.0417096,0.276393,0.99,10039,10,22,0.000334061,5.82048e-05,0.9817226643079469,0.9923707929638789
832915.0,379,0.0285553,0.283427,0.99,10000,10,36,0.00127781,2.67511e-05,0.964253531642972,0.9948278534436851
664370.0,474,0.019148,0.405164,0.99,10000,10,16,0.00325062,1.2253e-05,0.942985791244638,0.9964995714548073
409174.0,397,0.332868,0.180977,0.99,12371,10,19,3.16039e-17,0.0016282,0.9999999943782654,0.959649039664464
392647.0,397,0.414841,0.1,0.99,26025,10,23,8.80832e-22,0.00958517,0.9999999999703212,0.9020961185651968
1000000.0,500,0.01,0.700474,0.99,10000,10,28,0.00750248,2.48923e-06,0.9133831425183296,0.9984222706188957
269556.0,425,0.47135,0.137403,0.99,18570,10,22,1.56364e-19,0.00501008,0.9999999996045711,0.9292180814049238
253875.0,494,0.47135,0.137403,0.99,12596,10,17,2.47153e-19,0.0038486,0.9999999995028551,0.9379629143173215
221577.0,425,0.34947,0.145257,0.99,12596,10,20,3.0713799999999996e-20,0.00570194,0.9999999998247465,0.9244888087764469
346813.0,396,0.426115,0.12181,0.99,21243,10,17,3.04786e-20,0.00670918,0.9999999998254188,0.9180904157012135
348209.0,411,0.426115,0.115192,0.99,20104,10,17,1.8786699999999998e-20,0.00712043,0.9999999998629354,0.915617359605189
705931.0,500,0.019148,0.392852,0.99,10000,10,28,0.00366114,9.70381e-06,0.9394926450751646,0.9968849061009337
346813.0,397,0.426115,0.115192,0.99,20104,10,18,1.2152299999999999e-20,0.00779246,0.9999999998897625,0.9117250885018852
269556.0,425,0.47135,0.137403,0.99,12596,10,17,1.46989e-19,0.0053908,0.9999999996166086,0.9265779324725869
741431.0,422,0.0182106,0.47583,0.99,10000,10,15,0.00402471,8.63603e-06,0.9365593978590997,0.9970612876969666
380646.0,430,0.349114,0.1,0.99,26025,10,21,1.00985e-20,0.00824855,0.9999999998995087,0.9091784717151269
961320.0,500,0.01,0.625575,0.99,10000,10,24,0.00702904,2.72142e-06,0.9161606297733577,0.9983503273051905
898684.0,500,0.01,0.594368,0.99,10000,10,33,0.00660033,2.93093e-06,0.9187575849694263,0.9982880040887899
380646.0,397,0.493025,0.102482,0.99,26025,10,21,3.91637e-21,0.008862,0.9999999999374191,0.9058618037139016
961320.0,500,0.01,0.700474,0.99,10000,10,24,0.00738199,2.49102e-06,0.9140814920986171,0.9984217034499182
346813.0,397,0.435132,0.107365,0.99,20104,10,19,2.26116e-21,0.00928059,0.9999999999524484,0.9036641811162639
745028.0,371,0.0276638,0.333827,0.99,10000,10,30,0.0014797,2.62575e-05,0.9615331311386018,0.9948757927442384
943108.0,500,0.01,0.609801,0.99,10000,10,15,0.00687268,2.77483e-06,0.9170983715479606,0.9983342179014049
997211.0,394,0.01,0.423091,0.99,10000,10,10,0.00461099,7.01501e-06,0.9320957291475713,0.99735141358457
835153.0,353,0.0374276,0.227609,0.99,10000,10,32,0.000204127,7.71232e-05,0.9857126979453782,0.9912180184468424
550224.0,340,0.122889,0.268743,0.99,10000,10,30,7.63896e-06,0.000182405,0.9972361331435831,0.986494260479337
409174.0,397,0.414841,0.153212,0.99,13524,10,20,2.875e-18,0.00284933,0.9999999983044175,0.9466208842336256
832915.0,379,0.0285553,0.283427,0.99,10000,10,36,0.00127781,2.67511e-05,0.964253531642972,0.9948278534436851
700877.0,364,0.160282,0.162845,0.99,10000,10,31,1.89698e-16,0.00128208,0.9999999862269103,0.9641938552759446
705931.0,500,0.019148,0.353121,0.99,10000,10,19,0.00310241,1.26116e-05,0.9443007181374841,0.996448718541146
339640.0,425,0.430347,0.170334,0.99,12596,10,22,7.48291e-18,0.00208885,0.9999999972645092,0.954296061438865
895472.0,422,0.0109263,0.47583,0.99,10000,10,17,0.00496625,5.59567e-06,0.9295283745043439,0.9976344831431587
700877.0,375,0.180345,0.162845,0.99,10000,10,27,1.71715e-15,0.00095571,0.9999999585614914,0.9690854403233686
578298.0,467,0.325814,0.123382,0.99,10580,10,28,2.04904e-17,0.00179279,0.9999999954733677,0.957658649053201
346813.0,397,0.426115,0.115192,0.99,20104,10,17,1.20131e-20,0.00781176,0.9999999998903957,0.911615838522957
997211.0,407,0.01,0.423091,0.99,10000,10,10,0.00476072,6.33036e-06,0.9310020290153399,0.9974839793323583
940225.0,500,0.0222664,0.236861,0.99,10000,10,43,0.00244149,1.51059e-05,0.9505885640767241,0.9961133690682031
409174.0,397,0.332868,0.153212,0.99,13524,10,19,2.4407500000000007e-18,0.00313017,0.99999999843771,0.9440520777865701
339640.0,425,0.301203,0.173191,0.99,12596,10,20,4.6187e-18,0.00226949,0.9999999978508839,0.952360835439735
832915.0,359,0.0343275,0.270864,0.99,10000,10,23,0.000808254,3.49338e-05,0.9715701916995559,0.99408951778617
849392.0,497,0.01,0.462577,0.99,10000,10,14,0.00533655,4.71001e-06,0.9269483059744676,0.9978297442547017
346813.0,396,0.326085,0.12181,0.99,21243,10,17,2.77696e-20,0.00705505,0.9999999998333579,0.9160056549522528
881621.0,500,0.0222664,0.239496,0.99,10000,10,40,0.00214058,1.69243e-05,0.9537335975031557,0.9958860845900772
358061.0,396,0.39464,0.108023,0.99,26892,10,18,9.33839e-21,0.0084733,0.9999999999033646,0.9079494703980472
870711.0,497,0.01,0.491263,0.99,10000,10,19,0.00570004,3.9381e-06,0.9245013907412858,0.9980155353366714
824701.0,500,0.01,0.613054,0.99,10000,10,12,0.00637754,3.03214e-06,0.9201404983737064,0.9982586958910058
664370.0,484,0.019148,0.47583,0.99,10000,10,15,0.00418871,8.25184e-06,0.9352797558719067,0.9971273983917014
992687.0,500,0.0181805,0.269214,0.99,10000,10,24,0.00346506,1.04297e-05,0.9411352397439691,0.9967704953940272
380646.0,397,0.354235,0.151287,0.99,13524,10,20,1.23527e-18,0.00358796,0.9999999988885729,0.9401004173637245
346813.0,397,0.426115,0.110552,0.99,20104,10,17,6.28613e-21,0.0086544,0.9999999999207149,0.9069709722720913
906090.0,500,0.0222664,0.239496,0.99,10000,10,44,0.00229111,1.58132e-05,0.9521344591590151,0.9960234185535815
917087.0,497,0.01,0.517076,0.99,10000,10,19,0.00612686,3.40793e-06,0.9217257385854073,0.9981539420377463
835174.0,325,0.0366035,0.30989,0.99,10000,10,32,0.000997715,3.29605e-05,0.9684133730829011,0.9942588764165888
832915.0,500,0.0222664,0.288684,0.99,10000,10,32,0.00287323,1.31499e-05,0.9463974814024565,0.9963737209153183
832915.0,254,0.0343275,0.356869,0.99,10000,10,22,0.000555708,5.05379e-05,0.9764265403472464,0.9928909986636659
788337.0,422,0.0136897,0.47583,0.99,10000,10,15,0.00433639,7.51793e-06,0.9341487281823654,0.9972581156114818
409174.0,397,0.332868,0.180977,0.99,12371,10,19,3.16039e-17,0.0016282,0.9999999943782654,0.959649039664464
828334.0,480,0.01,0.551631,0.99,10000,10,23,0.0058262,3.74481e-06,0.9236704513310867,0.9980648488431133
726539.0,344,0.180345,0.162845,0.99,10000,10,28,8.54603e-17,0.00144135,0.9999999907555259,0.9620348844332063
346813.0,396,0.421809,0.12181,0.99,21243,10,18,3.0275899999999995e-20,0.0067092,0.9999999998260003,0.9180902936154695
578298.0,469,0.325814,0.11485,0.99,10580,10,29,4.57128e-18,0.00251173,0.9999999978619448,0.9498828372710505
726539.0,383,0.180345,0.162845,0.99,10000,10,28,2.4885e-11,0.000622068,0.9999950115132555,0.9750587089347804
906771.0,377,0.0455625,0.227609,0.99,10000,10,34,0.000678709,4.57022e-05,0.9739479559343226,0.9932396597718753
429016.0,397,0.426115,0.152403,0.99,13341,10,18,3.8808700000000014e-18,0.00261479,0.9999999980300076,0.9488649826439846
726539.0,396,0.180345,0.152198,0.99,11502,10,25,6.50988e-14,0.000814549,0.9999997448553352,0.9714596951663091
664370.0,474,0.019148,0.405164,0.99,10000,10,16,0.00325062,1.2253e-05,0.942985791244638,0.9964995714548073
380646.0,397,0.410228,0.153212,0.99,13524,10,19,1.55129e-18,0.00327527,0.9999999987544921,0.9427700253363677
829748.0,500,0.01,0.594368,0.99,10000,10,33,0.00628874,3.1286e-06,0.9206984237231062,0.9982312151063513
884673.0,497,0.01,0.462577,0.99,10000,10,14,0.005512,4.27437e-06,0.9257571552269177,0.9979325450428123
273272.0,425,0.302435,0.13825,0.99,12956,10,29,5.0776e-20,0.00568785,0.9999999997746647,0.9245821639133023
1000000.0,500,0.0222664,0.236861,0.99,10000,10,29,0.0028137,1.42204e-05,0.9469556789090482,0.9962290054362277
306612.0,408,0.326085,0.109224,0.99,21243,10,17,1.63081e-21,0.00942048,0.9999999999596167,0.9029408427813223
835153.0,353,0.0374276,0.187897,0.956336,10000,10,32,4.06163e-06,0.000341294,0.9979846513949194,0.981525855906159
830809.0,377,0.0222664,0.307753,0.99,10000,10,32,0.00170853,2.61775e-05,0.9586656317333868,0.9948836047846165
890716.0,298,0.0366035,0.274891,0.99,10000,10,34,0.000397357,5.09699e-05,0.9800661845097333,0.9928606793040233
738583.0,327,0.11853,0.216883,0.99,10000,11,17,4.47645e-10,0.000471312,0.9999788423772602,0.978290278675211
664370.0,484,0.019148,0.405164,0.99,10000,10,16,0.00335534,1.14721e-05,0.9420747032808635,0.9966129511370516
745028.0,340,0.0417096,0.276393,0.99,10039,10,22,0.000334061,5.82048e-05,0.9817226643079469,0.9923707929638789
918263.0,338,0.01,0.597751,0.99,10000,10,20,0.00512837,5.4838e-06,0.9283873614506489,0.9976582485187364
908689.0,377,0.0222664,0.298016,0.99,10000,10,32,0.00196578,1.92182e-05,0.955662882367028,0.9956161432505156
832915.0,379,0.0285553,0.311283,0.99,10000,10,36,0.00177224,2.13668e-05,0.9579020190507905,0.995377576393276
1000000.0,474,0.0222664,0.242201,0.99,10000,10,32,0.00263134,1.47587e-05,0.9487034114194716,0.9961582946495079
832915.0,371,0.0340236,0.278592,0.99,10000,10,30,0.00109499,2.97709e-05,0.9669093668842677,0.9945437283791951
1000000.0,474,0.0222664,0.242201,0.99,10000,10,32,0.00263134,1.47587e-05,0.9487034114194716,0.9961582946495079
1000000.0,500,0.01,0.700474,0.99,10000,10,28,0.00750248,2.48923e-06,0.9133831425183296,0.9984222706188957
1000000.0,500,0.01,0.700474,0.99,10000,10,28,0.00750248,2.48923e-06,0.9133831425183296,0.9984222706188957
392647.0,397,0.414841,0.1,0.99,26025,10,23,8.80832e-22,0.00958517,0.9999999999703212,0.9020961185651968
221577.0,425,0.34947,0.139769,0.99,12596,10,20,1.44018e-20,0.00628927,0.9999999998799926,0.9206950821197071
253875.0,494,0.47135,0.137403,0.99,12596,10,17,2.47153e-19,0.0038486,0.9999999995028551,0.9379629143173215
269556.0,425,0.47135,0.137403,0.99,18570,10,30,1.53043e-19,0.00499618,0.9999999996087929,0.9293163385215508
380646.0,430,0.349114,0.1,0.99,24329,10,21,5.99019e-21,0.00840836,0.9999999999226037,0.9083028899037707
298419.0,396,0.426115,0.12181,0.99,21243,10,17,9.23536e-21,0.00757077,0.9999999999038992,0.9129898281808385
346813.0,435,0.359485,0.110552,0.99,20104,10,17,1.4292399999999994e-20,0.00711787,0.9999999998804492,0.9156325299656319
380646.0,397,0.493025,0.102482,0.99,26025,10,21,3.91637e-21,0.008862,0.9999999999374191,0.9058618037139016
705931.0,500,0.019148,0.392852,0.99,10000,10,28,0.00366114,9.70381e-06,0.9394926450751646,0.9968849061009337
269556.0,425,0.47135,0.135661,0.99,18570,10,22,1.11959e-19,0.00518237,0.9999999996653972,0.9280113203343748
741431.0,422,0.0182106,0.47583,0.99,10000,10,15,0.00402471,8.63603e-06,0.9365593978590997,0.9970612876969666
898684.0,500,0.01,0.594368,0.99,10000,10,33,0.00660033,2.93093e-06,0.9187575849694263,0.9982880040887899
221577.0,425,0.34947,0.145257,0.99,12596,10,20,3.0713799999999996e-20,0.00570194,0.9999999998247465,0.9244888087764469
380646.0,397,0.354235,0.151287,0.99,13524,10,20,1.23527e-18,0.00358796,0.9999999988885729,0.9401004173637245
943108.0,500,0.01,0.609801,0.99,10000,10,15,0.00687268,2.77483e-06,0.9170983715479606,0.9983342179014049
997211.0,394,0.01,0.423091,0.99,10000,10,10,0.00461099,7.01501e-06,0.9320957291475713,0.99735141358457
788337.0,422,0.0136897,0.47583,0.99,10000,10,15,0.00433639,7.51793e-06,0.9341487281823654,0.9972581156114818
273272.0,425,0.302435,0.13825,0.99,12956,10,29,5.0776e-20,0.00568785,0.9999999997746647,0.9245821639133023
828334.0,480,0.01,0.551631,0.99,10000,10,23,0.0058262,3.74481e-06,0.9236704513310867,0.9980648488431133
832915.0,379,0.0285553,0.311283,0.99,10000,10,36,0.00177224,2.13668e-05,0.9579020190507905,0.995377576393276
832915.0,379,0.0285553,0.283427,0.99,10000,10,36,0.00127781,2.67511e-05,0.964253531642972,0.9948278534436851
339640.0,425,0.301203,0.173191,0.99,12596,10,20,4.6187e-18,0.00226949,0.9999999978508839,0.952360835439735
700877.0,364,0.160282,0.162845,0.99,10000,10,31,1.89698e-16,0.00128208,0.9999999862269103,0.9641938552759446
705931.0,500,0.019148,0.353121,0.99,10000,10,19,0.00310241,1.26116e-05,0.9443007181374841,0.996448718541146
339640.0,444,0.291154,0.173191,0.99,10000,10,26,4.864620000000001e-18,0.00202421,0.9999999977944116,0.9550087786340491
908689.0,377,0.0222664,0.298016,0.99,10000,10,32,0.00196578,1.92182e-05,0.955662882367028,0.9956161432505156
918263.0,338,0.01,0.597751,0.99,10000,10,20,0.00512837,5.4838e-06,0.9283873614506489,0.9976582485187364
700877.0,375,0.180345,0.162845,0.99,10000,10,27,1.71715e-15,0.00095571,0.9999999585614914,0.9690854403233686
380646.0,397,0.410228,0.153212,0.99,13524,10,19,1.55129e-18,0.00327527,0.9999999987544921,0.9427700253363677
997211.0,407,0.01,0.423091,0.99,10000,10,10,0.00476072,6.33036e-06,0.9310020290153399,0.9974839793323583
1000000.0,490,0.01,0.648362,0.99,10000,10,29,0.0072148,2.67366e-06,0.9150600211914319,0.9983648669778883
961320.0,500,0.01,0.625575,0.99,10000,10,24,0.00702904,2.72142e-06,0.9161606297733577,0.9983503273051905
940225.0,500,0.0222664,0.236861,0.99,10000,10,43,0.00244149,1.51059e-05,0.9505885640767241,0.9961133690682031
738583.0,327,0.11853,0.216883,0.99,10000,11,17,4.47645e-10,0.000471312,0.9999788423772602,0.978290278675211
409174.0,397,0.332868,0.153212,0.99,13524,10,19,2.4407500000000007e-18,0.00313017,0.99999999843771,0.9440520777865701
346813.0,397,0.435132,0.107365,0.99,20104,10,19,2.26116e-21,0.00928059,0.9999999999524484,0.9036641811162639
881621.0,500,0.0222664,0.239496,0.99,10000,10,40,0.00214058,1.69243e-05,0.9537335975031557,0.9958860845900772
870711.0,497,0.01,0.491263,0.99,10000,10,19,0.00570004,3.9381e-06,0.9245013907412858,0.9980155353366714
664370.0,484,0.019148,0.47583,0.99,10000,10,15,0.00418871,8.25184e-06,0.9352797558719067,0.9971273983917014
578298.0,467,0.325814,0.123382,0.99,10580,10,28,2.04904e-17,0.00179279,0.9999999954733677,0.957658649053201
992687.0,500,0.0181805,0.269214,0.99,10000,10,24,0.00346506,1.04297e-05,0.9411352397439691,0.9967704953940272
943108.0,407,0.01,0.609801,0.99,10000,10,15,0.0061056,3.53092e-06,0.9218616611387214,0.9981209257598488
881689.0,379,0.0285553,0.283427,0.99,10000,10,36,0.00156363,2.29963e-05,0.9604572383362011,0.9952045542438684
550224.0,340,0.122889,0.268743,0.99,10000,10,30,7.63896e-06,0.000182405,0.9972361331435831,0.986494260479337
835174.0,325,0.0366035,0.30989,0.99,10000,10,32,0.000997715,3.29605e-05,0.9684133730829011,0.9942588764165888
832915.0,500,0.0222664,0.288684,0.99,10000,10,32,0.00287323,1.31499e-05,0.9463974814024565,0.9963737209153183
745028.0,371,0.0276638,0.333827,0.99,10000,10,30,0.0014797,2.62575e-05,0.9615331311386018,0.9948757927442384
961320.0,500,0.01,0.700474,0.99,10000,10,24,0.00738199,2.49102e-06,0.9140814920986171,0.9984217034499182
832915.0,254,0.0343275,0.356869,0.99,10000,10,22,0.000555708,5.05379e-05,0.9764265403472464,0.9928909986636659
832915.0,371,0.0340236,0.278592,0.99,10000,10,30,0.00109499,2.97709e-05,0.9669093668842677,0.9945437283791951
409174.0,397,0.332868,0.180977,0.99,12371,10,19,3.16039e-17,0.0016282,0.9999999943782654,0.959649039664464
726539.0,344,0.180345,0.162845,0.99,10000,10,28,8.54603e-17,0.00144135,0.9999999907555259,0.9620348844332063
578298.0,469,0.325814,0.11485,0.99,10580,10,29,4.57128e-18,0.00251173,0.9999999978619448,0.9498828372710505
726539.0,383,0.180345,0.162845,0.99,10000,10,28,2.4885e-11,0.000622068,0.9999950115132555,0.9750587089347804
849392.0,497,0.01,0.462577,0.99,10000,10,14,0.00533655,4.71001e-06,0.9269483059744676,0.9978297442547017
906771.0,377,0.0455625,0.227609,0.99,10000,10,34,0.000678709,4.57022e-05,0.9739479559343226,0.9932396597718753
429016.0,397,0.426115,0.152403,0.99,13341,10,18,3.8808700000000014e-18,0.00261479,0.9999999980300076,0.9488649826439846
726539.0,396,0.180345,0.152198,0.99,11502,10,25,6.50988e-14,0.000814549,0.9999997448553352,0.9714596951663091
884673.0,497,0.01,0.462577,0.99,10000,10,14,0.005512,4.27437e-06,0.9257571552269177,0.9979325450428123
890716.0,298,0.0366035,0.274891,0.99,10000,10,34,0.000397357,5.09699e-05,0.9800661845097333,0.9928606793040233
664370.0,474,0.019148,0.405164,0.99,10000,10,16,0.00325062,1.2253e-05,0.942985791244638,0.9964995714548073
829748.0,500,0.01,0.594368,0.99,10000,10,33,0.00628874,3.1286e-06,0.9206984237231062,0.9982312151063513
1000000.0,500,0.0222664,0.236861,0.99,10000,10,29,0.0028137,1.42204e-05,0.9469556789090482,0.9962290054362277
306612.0,408,0.326085,0.109224,0.99,21243,10,17,1.63081e-21,0.00942048,0.9999999999596167,0.9029408427813223
550224.0,340,0.122889,0.264357,0.99,10000,10,30,1.74141e-06,0.000196854,0.9986803750532822,0.9859695331510316
824701.0,500,0.01,0.613054,0.99,10000,10,15,0.00638035,3.02864e-06,0.9201229069131832,0.9982597011750851
409174.0,397,0.414841,0.153212,0.99,13524,10,20,2.875e-18,0.00284933,0.9999999983044175,0.9466208842336256
664370.0,484,0.019148,0.405164,0.99,10000,10,16,0.00335534,1.14721e-05,0.9420747032808635,0.9966129511370516
835153.0,353,0.0374276,0.227609,0.99,10000,10,32,0.000204127,7.71232e-05,0.9857126979453782,0.9912180184468424
758644.0,404,0.0455625,0.227609,0.99,10000,10,34,0.000303915,5.33811e-05,0.9825668419384209,0.9926937629384204
895472.0,422,0.0109263,0.47583,0.99,10000,10,17,0.00496625,5.59567e-06,0.9295283745043439,0.9976344831431587
832915.0,359,0.0343275,0.270864,0.99,10000,10,23,0.000808254,3.49338e-05,0.9715701916995559,0.99408951778617
1000000.0,474,0.0222664,0.242201,0.99,10000,10,32,0.00263134,1.47587e-05,0.9487034114194716,0.9961582946495079
409174.0,397,0.414841,0.153212,0.99,13524,10,20,2.875e-18,0.00284933,0.9999999983044175,0.9466208842336256
917087.0,497,0.01,0.517076,0.99,10000,10,19,0.00612686,3.40793e-06,0.9217257385854073,0.9981539420377463
1000000.0,474,0.0222664,0.242201,0.99,10000,10,32,0.00263134,1.47587e-05,0.9487034114194716,0.9961582946495079
835153.0,353,0.0374276,0.227609,0.99,10000,10,32,0.000204127,7.71232e-05,0.9857126979453782,0.9912180184468424
895472.0,422,0.0109263,0.47583,0.99,10000,10,17,0.00496625,5.59567e-06,0.9295283745043439,0.9976344831431587
1000000.0,500,0.01,0.700474,0.99,10000,10,27,0.00750269,2.48343e-06,0.9133819302916534,0.9984241097753968
392647.0,397,0.414841,0.1,0.99,26025,10,23,8.80832e-22,0.00958517,0.9999999999703212,0.9020961185651968
253875.0,494,0.47135,0.137403,0.99,12596,10,17,2.47153e-19,0.0038486,0.9999999995028551,0.9379629143173215
269556.0,425,0.47135,0.137403,0.99,18570,10,30,1.53043e-19,0.00499618,0.9999999996087929,0.9293163385215508
380646.0,430,0.349114,0.1,0.99,24329,10,21,5.99019e-21,0.00840836,0.9999999999226037,0.9083028899037707
298419.0,396,0.426115,0.12181,0.99,21243,10,17,9.23536e-21,0.00757077,0.9999999999038992,0.9129898281808385
346813.0,435,0.359485,0.110552,0.99,20104,10,17,1.4292399999999994e-20,0.00711787,0.9999999998804492,0.9156325299656319
380646.0,397,0.493025,0.102482,0.99,26025,10,21,3.91637e-21,0.008862,0.9999999999374191,0.9058618037139016
221577.0,425,0.34947,0.139769,0.99,12596,10,20,1.44018e-20,0.00628927,0.9999999998799926,0.9206950821197071
269556.0,425,0.47135,0.135661,0.99,18570,10,22,1.11959e-19,0.00518237,0.9999999996653972,0.9280113203343748
741431.0,422,0.0182106,0.47583,0.99,10000,10,15,0.00402471,8.63603e-06,0.9365593978590997,0.9970612876969666
409174.0,397,0.332868,0.153212,0.99,13524,10,19,2.4407500000000007e-18,0.00313017,0.99999999843771,0.9440520777865701
940225.0,500,0.0222664,0.236861,0.99,10000,10,43,0.00244149,1.51059e-05,0.9505885640767241,0.9961133690682031
339640.0,414,0.291154,0.173191,0.99,10000,10,26,2.7385200000000007e-18,0.00260706,0.9999999983451526,0.9489406228005081
881621.0,500,0.0222664,0.239496,0.99,10000,10,40,0.00214058,1.69243e-05,0.9537335975031557,0.9958860845900772
221577.0,425,0.34947,0.145257,0.99,12596,10,20,3.0713799999999996e-20,0.00570194,0.9999999998247465,0.9244888087764469
221577.0,425,0.34947,0.139769,0.99,12596,10,20,1.44018e-20,0.00628927,0.9999999998799926,0.9206950821197071
380646.0,397,0.354235,0.151287,0.99,13524,10,20,1.23527e-18,0.00358796,0.9999999988885729,0.9401004173637245
346813.0,397,0.435132,0.107365,0.99,20104,10,19,2.26116e-21,0.00928059,0.9999999999524484,0.9036641811162639
997211.0,394,0.0126392,0.423091,0.99,10000,10,12,0.00459057,6.54763e-06,0.9322462547160675,0.9974411662812914
906502.0,500,0.01,0.625575,0.99,10000,10,24,0.00681598,2.77396e-06,0.9174410513632835,0.9983344790604739
273272.0,425,0.302435,0.13825,0.99,12956,10,29,5.0776e-20,0.00568785,0.9999999997746647,0.9245821639133023
788337.0,422,0.0136897,0.47583,0.99,10000,10,15,0.00433639,7.51793e-06,0.9341487281823654,0.9972581156114818
961320.0,500,0.01,0.700474,0.99,10000,10,24,0.00738199,2.49102e-06,0.9140814920986171,0.9984217034499182
849392.0,497,0.01,0.462577,0.99,10000,10,14,0.00533655,4.71001e-06,0.9269483059744676,0.9978297442547017
339640.0,425,0.301203,0.173191,0.99,12596,10,20,4.6187e-18,0.00226949,0.9999999978508839,0.952360835439735
700877.0,364,0.160282,0.162845,0.99,10000,10,31,1.89698e-16,0.00128208,0.9999999862269103,0.9641938552759446
705931.0,500,0.019148,0.353121,0.99,10000,10,19,0.00310241,1.26116e-05,0.9443007181374841,0.996448718541146
997211.0,407,0.01,0.423091,0.99,10000,10,10,0.00476072,6.33036e-06,0.9310020290153399,0.9974839793323583
339640.0,444,0.291154,0.173191,0.99,10000,10,26,4.864620000000001e-18,0.00202421,0.9999999977944116,0.9550087786340491
908689.0,377,0.0222664,0.298016,0.99,10000,10,32,0.00196578,1.92182e-05,0.955662882367028,0.9956161432505156
918263.0,338,0.01,0.597751,0.99,10000,10,20,0.00512837,5.4838e-06,0.9283873614506489,0.9976582485187364
705931.0,500,0.019148,0.392852,0.99,10000,10,28,0.00366114,9.70381e-06,0.9394926450751646,0.9968849061009337
884673.0,497,0.01,0.462577,0.99,10000,10,14,0.005512,4.27437e-06,0.9257571552269177,0.9979325450428123
380646.0,397,0.410228,0.153212,0.99,13524,10,19,1.55129e-18,0.00327527,0.9999999987544921,0.9427700253363677
961320.0,500,0.01,0.640222,0.99,10000,10,24,0.00710479,2.66944e-06,0.9157100836398564,0.9983661579023664
738583.0,327,0.11853,0.216883,0.99,10000,11,17,4.47645e-10,0.000471312,0.9999788423772602,0.978290278675211
700877.0,375,0.180345,0.162845,0.99,10000,10,27,1.71715e-15,0.00095571,0.9999999585614914,0.9690854403233686
832915.0,359,0.0343275,0.270864,0.99,10000,10,23,0.000808254,3.49338e-05,0.9715701916995559,0.99408951778617
870711.0,497,0.01,0.491263,0.99,10000,10,19,0.00570004,3.9381e-06,0.9245013907412858,0.9980155353366714
664370.0,484,0.019148,0.47583,0.99,10000,10,15,0.00418871,8.25184e-06,0.9352797558719067,0.9971273983917014
824701.0,500,0.01,0.613054,0.99,10000,10,15,0.00638035,3.02864e-06,0.9201229069131832,0.9982597011750851
578298.0,467,0.325814,0.123382,0.99,10580,10,28,2.04904e-17,0.00179279,0.9999999954733677,0.957658649053201
943108.0,407,0.01,0.609801,0.99,10000,10,15,0.0061056,3.53092e-06,0.9218616611387214,0.9981209257598488
881689.0,379,0.0285553,0.283427,0.99,10000,10,36,0.00156363,2.29963e-05,0.9604572383362011,0.9952045542438684
550224.0,340,0.122889,0.268743,0.99,10000,10,30,7.63896e-06,0.000182405,0.9972361331435831,0.986494260479337
835174.0,325,0.0366035,0.30989,0.99,10000,10,32,0.000997715,3.29605e-05,0.9684133730829011,0.9942588764165888
832915.0,500,0.0222664,0.288684,0.99,10000,10,32,0.00287323,1.31499e-05,0.9463974814024565,0.9963737209153183
745028.0,371,0.0276638,0.333827,0.99,10000,10,30,0.0014797,2.62575e-05,0.9615331311386018,0.9948757927442384
832915.0,254,0.0343275,0.356869,0.99,10000,10,22,0.000555708,5.05379e-05,0.9764265403472464,0.9928909986636659
832915.0,371,0.0340236,0.278592,0.99,10000,10,30,0.00109499,2.97709e-05,0.9669093668842677,0.9945437283791951
828334.0,480,0.01,0.551631,0.99,10000,10,23,0.0058262,3.74481e-06,0.9236704513310867,0.9980648488431133
409174.0,397,0.332868,0.180977,0.99,12371,10,19,3.16039e-17,0.0016282,0.9999999943782654,0.959649039664464
726539.0,344,0.180345,0.162845,0.99,10000,10,28,8.54603e-17,0.00144135,0.9999999907555259,0.9620348844332063
906771.0,377,0.0455625,0.227609,0.99,10000,10,34,0.000678709,4.57022e-05,0.9739479559343226,0.9932396597718753
578298.0,469,0.325814,0.11485,0.99,10580,10,29,4.57128e-18,0.00251173,0.9999999978619448,0.9498828372710505
890716.0,298,0.0366035,0.274891,0.99,10000,10,34,0.000397357,5.09699e-05,0.9800661845097333,0.9928606793040233
664370.0,474,0.019148,0.405164,0.99,10000,10,16,0.00325062,1.2253e-05,0.942985791244638,0.9964995714548073
829748.0,500,0.01,0.594368,0.99,10000,10,33,0.00628874,3.1286e-06,0.9206984237231062,0.9982312151063513
1000000.0,500,0.0222664,0.236861,0.99,10000,10,29,0.0028137,1.42204e-05,0.9469556789090482,0.9962290054362277
306612.0,408,0.326085,0.109224,0.99,21243,10,17,1.63081e-21,0.00942048,0.9999999999596167,0.9029408427813223
550224.0,340,0.122889,0.264357,0.99,10000,10,30,1.74141e-06,0.000196854,0.9986803750532822,0.9859695331510316
898684.0,500,0.01,0.594368,0.99,10000,10,33,0.00660033,2.93093e-06,0.9187575849694263,0.9982880040887899
664370.0,484,0.019148,0.405164,0.99,10000,10,16,0.00335534,1.14721e-05,0.9420747032808635,0.9966129511370516
898684.0,500,0.01,0.594368,0.99,10000,10,33,0.00660033,2.93093e-06,0.9187575849694263,0.9982880040887899
835153.0,353,0.0374276,0.227609,0.99,10000,10,32,0.000204127,7.71232e-05,0.9857126979453782,0.9912180184468424
758644.0,404,0.0455625,0.227609,0.99,10000,10,34,0.000303915,5.33811e-05,0.9825668419384209,0.9926937629384204
956677.0,500,0.01,0.625575,0.99,10000,10,24,0.00701185,2.72457e-06,0.9162632099970389,0.9983493728464611
832915.0,379,0.0285553,0.311283,0.99,10000,10,36,0.00177224,2.13668e-05,0.9579020190507905,0.995377576393276
895472.0,422,0.0109263,0.47583,0.99,10000,10,17,0.00496625,5.59567e-06,0.9295283745043439,0.9976344831431587
832915.0,379,0.0285553,0.283427,0.99,10000,10,36,0.00127781,2.67511e-05,0.964253531642972,0.9948278534436851
705931.0,500,0.019148,0.392852,0.99,10000,10,28,0.00366114,9.70381e-06,0.9394926450751646,0.9968849061009337
992687.0,500,0.0181805,0.269214,0.99,10000,10,24,0.00346506,1.04297e-05,0.9411352397439691,0.9967704953940272
832915.0,379,0.0285553,0.311283,0.99,10000,10,36,0.00177224,2.13668e-05,0.9579020190507905,0.995377576393276
1000000.0,474,0.0222664,0.242201,0.99,10000,10,32,0.00263134,1.47587e-05,0.9487034114194716,0.9961582946495079
726539.0,396,0.180345,0.152198,0.99,11502,10,25,6.50988e-14,0.000814549,0.9999997448553352,0.9714596951663091
917087.0,497,0.01,0.517076,0.99,10000,10,19,0.00612686,3.40793e-06,0.9217257385854073,0.9981539420377463
832915.0,379,0.0285553,0.283427,0.99,10000,10,36,0.00127781,2.67511e-05,0.964253531642972,0.9948278534436851
1000000.0,474,0.0222664,0.242201,0.99,10000,10,32,0.00263134,1.47587e-05,0.9487034114194716,0.9961582946495079
835153.0,353,0.0374276,0.227609,0.99,10000,10,32,0.000204127,7.71232e-05,0.9857126979453782,0.9912180184468424
392647.0,397,0.414841,0.1,0.99,26025,10,23,8.80832e-22,0.00958517,0.9999999999703212,0.9020961185651968
1000000.0,500,0.01,0.700474,0.99,10000,10,27,0.00750269,2.48343e-06,0.9133819302916534,0.9984241097753968
221577.0,425,0.34947,0.145257,0.99,12596,10,20,3.0713799999999996e-20,0.00570194,0.9999999998247465,0.9244888087764469
289248.0,397,0.426115,0.123138,0.99,21243,10,21,1.0721099999999999e-20,0.00742125,0.9999999998964573,0.9138533227570558
269556.0,452,0.491606,0.137403,0.99,15257,10,24,2.24605e-19,0.00437365,0.9999999995260749,0.933866423051524
221577.0,454,0.314452,0.130168,0.99,12596,10,20,1.2364e-20,0.00641577,0.9999999998888065,0.919901498141351
298419.0,396,0.426115,0.12181,0.99,21243,10,17,9.23536e-21,0.00757077,0.9999999999038992,0.9129898281808385
253875.0,494,0.47135,0.137403,0.99,12596,10,17,2.47153e-19,0.0038486,0.9999999995028551,0.9379629143173215
380646.0,397,0.493025,0.102482,0.99,26025,10,21,3.91637e-21,0.008862,0.9999999999374191,0.9058618037139016
380646.0,430,0.349114,0.1,0.99,24329,10,21,5.99019e-21,0.00840836,0.9999999999226037,0.9083028899037707
221577.0,447,0.34947,0.145257,0.99,12596,10,34,4.6682399999999996e-20,0.00504216,0.9999999997839389,0.9289918314558107
269556.0,425,0.47135,0.137403,0.99,18570,10,30,1.53043e-19,0.00499618,0.9999999996087929,0.9293163385215508
221577.0,425,0.34947,0.139769,0.99,12596,10,20,1.44018e-20,0.00628927,0.9999999998799926,0.9206950821197071
346813.0,397,0.435132,0.107365,0.99,20104,10,19,2.26116e-21,0.00928059,0.9999999999524484,0.9036641811162639
997211.0,394,0.0126392,0.423091,0.99,10000,10,12,0.00459057,6.54763e-06,0.9322462547160675,0.9974411662812914
339640.0,414,0.291154,0.173191,0.99,10000,10,26,2.7385200000000007e-18,0.00260706,0.9999999983451526,0.9489406228005081
409174.0,397,0.332868,0.153212,0.99,13524,10,19,2.4407500000000007e-18,0.00313017,0.99999999843771,0.9440520777865701
788337.0,422,0.0136897,0.47583,0.99,10000,10,15,0.00433639,7.51793e-06,0.9341487281823654,0.9972581156114818
961320.0,500,0.01,0.700474,0.99,10000,10,24,0.00738199,2.49102e-06,0.9140814920986171,0.9984217034499182
849392.0,497,0.01,0.462577,0.99,10000,10,14,0.00533655,4.71001e-06,0.9269483059744676,0.9978297442547017
665086.0,344,0.180345,0.176614,0.99,10000,10,23,1.61194e-16,0.00126863,0.99999998730378,0.9643821673876695
726539.0,396,0.180345,0.152198,0.99,11502,10,25,6.50988e-14,0.000814549,0.9999997448553352,0.9714596951663091
705931.0,500,0.019148,0.353121,0.99,10000,10,19,0.00310241,1.26116e-05,0.9443007181374841,0.996448718541146
961320.0,500,0.01,0.640222,0.99,10000,10,24,0.00710479,2.66944e-06,0.9157100836398564,0.9983661579023664
738583.0,327,0.11853,0.216883,0.99,10000,11,17,4.47645e-10,0.000471312,0.9999788423772602,0.978290278675211
339640.0,425,0.301203,0.173191,0.99,12596,10,20,4.6187e-18,0.00226949,0.9999999978508839,0.952360835439735
997211.0,394,0.0126392,0.37015,0.99,10000,10,12,0.00391573,8.8596e-06,0.9374242059578946,0.997023491978845
884673.0,497,0.01,0.462577,0.99,10000,10,14,0.005512,4.27437e-06,0.9257571552269177,0.9979325450428123
339640.0,444,0.291154,0.173191,0.99,10000,10,26,4.864620000000001e-18,0.00202421,0.9999999977944116,0.9550087786340491
918263.0,338,0.01,0.597751,0.99,10000,10,20,0.00512837,5.4838e-06,0.9283873614506489,0.9976582485187364
700877.0,375,0.180345,0.162845,0.99,10000,10,27,1.71715e-15,0.00095571,0.9999999585614914,0.9690854403233686
380646.0,430,0.349114,0.1,0.99,24329,10,21,5.99019e-21,0.00840836,0.9999999999226037,0.9083028899037707
832915.0,359,0.0343275,0.270864,0.99,10000,10,23,0.000808254,3.49338e-05,0.9715701916995559,0.99408951778617
664370.0,484,0.019148,0.47583,0.99,10000,10,15,0.00418871,8.25184e-06,0.9352797558719067,0.9971273983917014
908689.0,377,0.0222664,0.298016,0.99,10000,10,32,0.00196578,1.92182e-05,0.955662882367028,0.9956161432505156
881621.0,500,0.0222664,0.239496,0.99,10000,10,40,0.00214058,1.69243e-05,0.9537335975031557,0.9958860845900772
992687.0,500,0.0181805,0.269214,0.99,10000,10,24,0.00346506,1.04297e-05,0.9411352397439691,0.9967704953940272
212250.0,425,0.47135,0.177109,0.99,10504,10,22,5.190600000000002e-19,0.00349768,0.9999999992795419,0.9408588129980467
835174.0,325,0.0366035,0.30989,0.99,10000,10,32,0.000997715,3.29605e-05,0.9684133730829011,0.9942588764165888
832915.0,500,0.0222664,0.288684,0.99,10000,10,32,0.00287323,1.31499e-05,0.9463974814024565,0.9963737209153183
956677.0,500,0.01,0.625575,0.99,10000,10,24,0.00701185,2.72457e-06,0.9162632099970389,0.9983493728464611
745028.0,371,0.0276638,0.333827,0.99,10000,10,30,0.0014797,2.62575e-05,0.9615331311386018,0.9948757927442384
726539.0,344,0.180345,0.162845,0.99,10000,10,28,8.54603e-17,0.00144135,0.9999999907555259,0.9620348844332063
828196.0,500,0.01,0.543252,0.99,10000,10,15,0.00592575,3.57891e-06,0.9230211067889386,0.9981081992705362
409174.0,397,0.332868,0.180977,0.99,12371,10,19,3.16039e-17,0.0016282,0.9999999943782654,0.959649039664464
741431.0,422,0.0182106,0.47583,0.99,10000,10,15,0.00402471,8.63603e-06,0.9365593978590997,0.9970612876969666
906771.0,377,0.0455625,0.227609,0.99,10000,10,34,0.000678709,4.57022e-05,0.9739479559343226,0.9932396597718753
517708.0,467,0.325814,0.123382,0.99,10580,10,25,4.41567e-18,0.00249106,0.9999999978986505,0.9500894800668236
940225.0,500,0.0222664,0.236861,0.99,10000,10,43,0.00244149,1.51059e-05,0.9505885640767241,0.9961133690682031
380646.0,397,0.410228,0.153212,0.99,13524,10,19,1.55129e-18,0.00327527,0.9999999987544921,0.9427700253363677
705931.0,500,0.019148,0.392852,0.99,10000,10,28,0.00366114,9.70381e-06,0.9394926450751646,0.9968849061009337
890716.0,298,0.0366035,0.274891,0.99,10000,10,34,0.000397357,5.09699e-05,0.9800661845097333,0.9928606793040233
664370.0,474,0.019148,0.405164,0.99,10000,10,16,0.00325062,1.2253e-05,0.942985791244638,0.9964995714548073
829748.0,500,0.01,0.594368,0.99,10000,10,33,0.00628874,3.1286e-06,0.9206984237231062,0.9982312151063513
906502.0,500,0.01,0.625575,0.99,10000,10,24,0.00681598,2.77396e-06,0.9174410513632835,0.9983344790604739
1000000.0,500,0.0222664,0.236861,0.99,10000,10,29,0.0028137,1.42204e-05,0.9469556789090482,0.9962290054362277
306612.0,408,0.326085,0.109224,0.99,21243,10,17,1.63081e-21,0.00942048,0.9999999999596167,0.9029408427813223
870711.0,497,0.01,0.491263,0.99,10000,10,19,0.00570004,3.9381e-06,0.9245013907412858,0.9980155353366714
913180.0,500,0.0222664,0.236861,0.99,10000,10,24,0.00227252,1.59123e-05,0.952329044481991,0.9960109775633622
861079.0,500,0.01,0.594368,0.99,10000,10,34,0.00643434,3.01911e-06,0.9197856621295171,0.9982624413678958
758644.0,404,0.0455625,0.170252,0.99,10000,10,22,1.68114e-07,0.000346685,0.9995899829271847,0.9813805209525078
664370.0,484,0.019148,0.405164,0.99,10000,10,16,0.00335534,1.14721e-05,0.9420747032808635,0.9966129511370516
961320.0,452,0.01,0.640222,0.99,10000,10,29,0.00676259,2.93072e-06,0.9177650317687177,0.9982880654218107
903078.0,298,0.0366035,0.240927,0.99,10000,10,33,0.000124805,9.50382e-05,0.9888283841813281,0.9902512462334923
758644.0,404,0.0455625,0.227609,0.99,10000,10,34,0.000303915,5.33811e-05,0.9825668419384209,0.9926937629384204
745028.0,386,0.0276638,0.333827,0.99,10000,10,30,0.00167329,2.27649e-05,0.9590941324502218,0.9952287423041718
1000000.0,407,0.01,0.423091,0.99,10000,10,10,0.00477388,6.26985e-06,0.9309067297054192,0.9974960331471843
895472.0,422,0.0109263,0.47583,0.99,10000,10,17,0.00496625,5.59567e-06,0.9295283745043439,0.9976344831431587
832915.0,379,0.0285553,0.283427,0.99,10000,10,36,0.00127781,2.67511e-05,0.964253531642972,0.9948278534436851
943108.0,407,0.01,0.609801,0.99,10000,10,15,0.0061056,3.53092e-06,0.9218616611387214,0.9981209257598488
705931.0,500,0.019148,0.392852,0.99,10000,10,28,0.00366114,9.70381e-06,0.9394926450751646,0.9968849061009337
881689.0,379,0.0285553,0.283427,0.99,10000,10,36,0.00156363,2.29963e-05,0.9604572383362011,0.9952045542438684
829420.0,379,0.0285553,0.316001,0.99,10000,10,36,0.00183352,2.09581e-05,0.9571803783295555,0.9954219982525123
1000000.0,474,0.0222664,0.242201,0.99,10000,10,32,0.00263134,1.47587e-05,0.9487034114194716,0.9961582946495079
898897.0,500,0.0419484,0.140664,0.957086,10000,10,43,5.16801e-05,0.000155681,0.9928111127425727,0.9875227807585183
886032.0,365,0.0343275,0.270864,0.99,10000,10,24,0.00117992,2.94723e-05,0.9656500363901211,0.9945711603449724
832915.0,371,0.0340236,0.278592,0.99,10000,10,30,0.00109499,2.97709e-05,0.9669093668842677,0.9945437283791951
997211.0,407,0.01,0.423091,0.99,10000,10,10,0.00476072,6.33036e-06,0.9310020290153399,0.9974839793323583
917087.0,497,0.01,0.517076,0.99,10000,10,19,0.00612686,3.40793e-06,0.9217257385854073,0.9981539420377463
1000000.0,474,0.0222664,0.242201,0.99,10000,10,32,0.00263134,1.47587e-05,0.9487034114194716,0.9961582946495079
1000000.0,500,0.01,0.77112,0.99,10000,10,27,0.00775883,2.32093e-06,0.9119157789385636,0.9984765401219592
346813.0,397,0.435132,0.107365,0.99,20104,10,17,1.05838e-22,0.00957605,0.9999999999897122,0.9021427059438082
289248.0,397,0.426115,0.123138,0.99,21243,10,21,1.0721099999999999e-20,0.00742125,0.9999999998964573,0.9138533227570558
269556.0,452,0.491606,0.137403,0.99,15257,10,24,2.24605e-19,0.00437365,0.9999999995260749,0.933866423051524
221577.0,454,0.314452,0.130168,0.99,12596,10,20,1.2364e-20,0.00641577,0.9999999998888065,0.919901498141351
298419.0,396,0.426115,0.12181,0.99,21243,10,17,9.23536e-21,0.00757077,0.9999999999038992,0.9129898281808385
221577.0,425,0.34947,0.145257,0.99,12596,10,20,3.0713799999999996e-20,0.00570194,0.9999999998247465,0.9244888087764469
253875.0,494,0.47135,0.137403,0.99,12596,10,17,2.47153e-19,0.0038486,0.9999999995028551,0.9379629143173215
380646.0,397,0.493025,0.102482,0.99,26025,10,21,3.91637e-21,0.008862,0.9999999999374191,0.9058618037139016
380646.0,430,0.349114,0.1,0.99,24329,10,21,5.99019e-21,0.00840836,0.9999999999226037,0.9083028899037707
221577.0,425,0.34947,0.139769,0.99,12596,10,20,1.44018e-20,0.00628927,0.9999999998799926,0.9206950821197071
269556.0,425,0.47135,0.137403,0.99,18570,10,30,1.53043e-19,0.00499618,0.9999999996087929,0.9293163385215508
409174.0,397,0.332868,0.153212,0.99,13524,10,19,2.4407500000000007e-18,0.00313017,0.99999999843771,0.9440520777865701
221577.0,435,0.34947,0.145257,0.99,12596,10,21,3.3411299999999994e-20,0.00539888,0.9999999998172124,0.9265229287464449
339640.0,414,0.291154,0.173191,0.99,10000,10,26,2.7385200000000007e-18,0.00260706,0.9999999983451526,0.9489406228005081
861079.0,500,0.01,0.594368,0.99,10000,10,34,0.00643434,3.01911e-06,0.9197856621295171,0.9982624413678958
212250.0,425,0.47135,0.177109,0.99,10504,10,22,5.190600000000002e-19,0.00349768,0.9999999992795419,0.9408588129980467
346813.0,397,0.435132,0.107365,0.99,20104,10,19,2.26116e-21,0.00928059,0.9999999999524484,0.9036641811162639
906771.0,377,0.0455625,0.227609,0.99,10000,10,34,0.000678709,4.57022e-05,0.9739479559343226,0.9932396597718753
961320.0,500,0.01,0.700474,0.99,10000,10,24,0.00738199,2.49102e-06,0.9140814920986171,0.9984217034499182
665086.0,344,0.180345,0.176614,0.99,10000,10,23,1.61194e-16,0.00126863,0.99999998730378,0.9643821673876695
849392.0,497,0.01,0.462577,0.99,10000,10,14,0.00533655,4.71001e-06,0.9269483059744676,0.9978297442547017
961320.0,452,0.01,0.640222,0.99,10000,10,29,0.00676259,2.93072e-06,0.9177650317687177,0.9982880654218107
890716.0,298,0.0366035,0.274891,0.99,10000,10,34,0.000397357,5.09699e-05,0.9800661845097333,0.9928606793040233
339640.0,425,0.301203,0.173191,0.99,12596,10,20,4.6187e-18,0.00226949,0.9999999978508839,0.952360835439735
738583.0,327,0.11853,0.216883,0.99,10000,11,17,4.47645e-10,0.000471312,0.9999788423772602,0.978290278675211
1000000.0,500,0.01,0.700474,0.99,10000,10,27,0.00750269,2.48343e-06,0.9133819302916534,0.9984241097753968
828196.0,500,0.01,0.543252,0.99,10000,10,15,0.00592575,3.57891e-06,0.9230211067889386,0.9981081992705362
961320.0,500,0.01,0.640222,0.99,10000,10,24,0.00710479,2.66944e-06,0.9157100836398564,0.9983661579023664
700877.0,375,0.180345,0.162845,0.99,10000,10,27,1.71715e-15,0.00095571,0.9999999585614914,0.9690854403233686
380646.0,430,0.349114,0.1,0.99,24329,10,21,5.99019e-21,0.00840836,0.9999999999226037,0.9083028899037707
997211.0,394,0.0126392,0.37015,0.99,10000,10,12,0.00391573,8.8596e-06,0.9374242059578946,0.997023491978845
884673.0,497,0.01,0.462577,0.99,10000,10,14,0.005512,4.27437e-06,0.9257571552269177,0.9979325450428123
940225.0,500,0.0222664,0.236861,0.99,10000,10,43,0.00244149,1.51059e-05,0.9505885640767241,0.9961133690682031
992687.0,500,0.0181805,0.269214,0.99,10000,10,24,0.00346506,1.04297e-05,0.9411352397439691,0.9967704953940272
409174.0,397,0.332868,0.180977,0.99,12371,10,19,3.16039e-17,0.0016282,0.9999999943782654,0.959649039664464
895472.0,422,0.0109263,0.47583,0.99,10000,10,17,0.00496625,5.59567e-06,0.9295283745043439,0.9976344831431587
903078.0,298,0.0366035,0.240927,0.99,10000,10,33,0.000124805,9.50382e-05,0.9888283841813281,0.9902512462334923
832915.0,359,0.0343275,0.270864,0.99,10000,10,23,0.000808254,3.49338e-05,0.9715701916995559,0.99408951778617
898897.0,500,0.0419484,0.140664,0.957086,10000,10,43,5.16801e-05,0.000155681,0.9928111127425727,0.9875227807585183
221577.0,447,0.34947,0.145257,0.99,12596,10,34,4.6682399999999996e-20,0.00504216,0.9999999997839389,0.9289918314558107
221577.0,447,0.307899,0.210523,0.99,10134,10,34,8.02836e-18,0.0018796,0.999999997166564,0.9566456461240627
339640.0,444,0.291154,0.173191,0.99,10000,10,26,4.864620000000001e-18,0.00202421,0.9999999977944116,0.9550087786340491
908689.0,377,0.0222664,0.298016,0.99,10000,10,32,0.00196578,1.92182e-05,0.955662882367028,0.9956161432505156
881621.0,500,0.0222664,0.239496,0.99,10000,10,40,0.00214058,1.69243e-05,0.9537335975031557,0.9958860845900772
758644.0,404,0.0455625,0.227609,0.99,10000,10,34,0.000303915,5.33811e-05,0.9825668419384209,0.9926937629384204
829748.0,500,0.01,0.594368,0.99,10000,10,33,0.00628874,3.1286e-06,0.9206984237231062,0.9982312151063513
758644.0,404,0.0455625,0.170252,0.99,10000,10,22,1.68114e-07,0.000346685,0.9995899829271847,0.9813805209525078
913180.0,500,0.0222664,0.236861,0.99,10000,10,24,0.00227252,1.59123e-05,0.952329044481991,0.9960109775633622
832915.0,379,0.0285553,0.283427,0.99,10000,10,36,0.00127781,2.67511e-05,0.964253531642972,0.9948278534436851
380646.0,397,0.410228,0.153212,0.99,13524,10,19,1.55129e-18,0.00327527,0.9999999987544921,0.9427700253363677
829420.0,379,0.0285553,0.316001,0.99,10000,10,36,0.00183352,2.09581e-05,0.9571803783295555,0.9954219982525123
726539.0,344,0.180345,0.162845,0.99,10000,10,28,8.54603e-17,0.00144135,0.9999999907555259,0.9620348844332063
835174.0,325,0.0366035,0.30989,0.99,10000,10,32,0.000997715,3.29605e-05,0.9684133730829011,0.9942588764165888
832915.0,500,0.0222664,0.288684,0.99,10000,10,32,0.00287323,1.31499e-05,0.9463974814024565,0.9963737209153183
956677.0,500,0.01,0.625575,0.99,10000,10,24,0.00701185,2.72457e-06,0.9162632099970389,0.9983493728464611
745028.0,371,0.0276638,0.333827,0.99,10000,10,30,0.0014797,2.62575e-05,0.9615331311386018,0.9948757927442384
788337.0,422,0.0136897,0.47583,0.99,10000,10,15,0.00433639,7.51793e-06,0.9341487281823654,0.9972581156114818
700877.0,391,0.180345,0.18494,0.99,10000,13,27,6.5234e-11,0.000813201,0.9999919232432252,0.9714833206701762
517708.0,467,0.325814,0.123382,0.99,10580,10,25,4.41567e-18,0.00249106,0.9999999978986505,0.9500894800668236
745028.0,386,0.0276638,0.333827,0.99,10000,10,30,0.00167329,2.27649e-05,0.9590941324502218,0.9952287423041718
705931.0,500,0.019148,0.392852,0.99,10000,10,28,0.00366114,9.70381e-06,0.9394926450751646,0.9968849061009337
788337.0,422,0.0136897,0.489193,0.99,10000,10,15,0.00447052,7.01997e-06,0.9331380526756811,0.9973504774014929
906502.0,500,0.01,0.625575,0.99,10000,10,24,0.00681598,2.77396e-06,0.9174410513632835,0.9983344790604739
1000000.0,500,0.0222664,0.236861,0.99,10000,10,29,0.0028137,1.42204e-05,0.9469556789090482,0.9962290054362277
306612.0,408,0.326085,0.109224,0.99,21243,10,17,1.63081e-21,0.00942048,0.9999999999596167,0.9029408427813223
705931.0,500,0.019148,0.353121,0.99,10000,10,19,0.00310241,1.26116e-05,0.9443007181374841,0.996448718541146
870711.0,497,0.01,0.491263,0.99,10000,10,20,0.00570029,3.93679e-06,0.9244997350998024,0.9980158654279511
705931.0,467,0.019148,0.392852,0.99,10000,10,30,0.0033038,1.14005e-05,0.9425213082960302,0.9966235373539754
664370.0,484,0.019148,0.47583,0.99,10000,10,15,0.00418871,8.25184e-06,0.9352797558719067,0.9971273983917014
741431.0,422,0.0182106,0.47583,0.99,10000,10,15,0.00402471,8.63603e-06,0.9365593978590997,0.9970612876969666
918263.0,338,0.01,0.597751,0.99,10000,10,20,0.00512837,5.4838e-06,0.9283873614506489,0.9976582485187364
1000000.0,407,0.01,0.423091,0.99,10000,10,10,0.00477388,6.26985e-06,0.9309067297054192,0.9974960331471843
664370.0,474,0.019148,0.405164,0.99,10000,10,16,0.00325062,1.2253e-05,0.942985791244638,0.9964995714548073
705931.0,500,0.019148,0.392852,0.99,10000,10,28,0.00366114,9.70381e-06,0.9394926450751646,0.9968849061009337
881689.0,379,0.0285553,0.283427,0.99,10000,10,36,0.00156363,2.29963e-05,0.9604572383362011,0.9952045542438684
1000000.0,474,0.0222664,0.242201,0.99,10000,10,32,0.00263134,1.47587e-05,0.9487034114194716,0.9961582946495079
870711.0,497,0.01,0.491263,0.99,10000,10,19,0.00570004,3.9381e-06,0.9245013907412858,0.9980155353366714
886032.0,365,0.0343275,0.270864,0.99,10000,10,24,0.00117992,2.94723e-05,0.9656500363901211,0.9945711603449724
832915.0,371,0.0340236,0.278592,0.99,10000,10,30,0.00109499,2.97709e-05,0.9669093668842677,0.9945437283791951
346813.0,397,0.435132,0.107365,0.99,20104,10,17,1.05838e-22,0.00957605,0.9999999999897122,0.9021427059438082
1000000.0,500,0.01,0.77112,0.99,10000,10,27,0.00775883,2.32093e-06,0.9119157789385636,0.9984765401219592
289248.0,397,0.426115,0.123138,0.99,21243,10,21,1.0721099999999999e-20,0.00742125,0.9999999998964573,0.9138533227570558
221577.0,454,0.314452,0.130168,0.99,12596,10,20,1.2364e-20,0.00641577,0.9999999998888065,0.919901498141351
269556.0,452,0.491606,0.137403,0.99,15257,10,24,2.24605e-19,0.00437365,0.9999999995260749,0.933866423051524
253875.0,494,0.47135,0.137403,0.99,12596,10,17,2.47153e-19,0.0038486,0.9999999995028551,0.9379629143173215
380646.0,397,0.493025,0.102482,0.99,26025,10,21,3.91637e-21,0.008862,0.9999999999374191,0.9058618037139016
298419.0,396,0.426115,0.12181,0.99,21243,10,17,9.23536e-21,0.00757077,0.9999999999038992,0.9129898281808385
380646.0,430,0.349114,0.1,0.99,24329,10,21,5.99019e-21,0.00840836,0.9999999999226037,0.9083028899037707
221577.0,471,0.34947,0.140977,0.99,12596,10,34,5.167889999999999e-20,0.00477914,0.9999999997726701,0.9308686756961795
409174.0,397,0.332868,0.153212,0.99,13524,10,19,2.4407500000000007e-18,0.00313017,0.99999999843771,0.9440520777865701
221577.0,435,0.34947,0.145257,0.99,12596,10,21,3.3411299999999994e-20,0.00539888,0.9999999998172124,0.9265229287464449
339640.0,414,0.291154,0.173191,0.99,10000,10,26,2.7385200000000007e-18,0.00260706,0.9999999983451526,0.9489406228005081
221577.0,447,0.34947,0.145257,0.99,12596,10,34,4.6682399999999996e-20,0.00504216,0.9999999997839389,0.9289918314558107
861079.0,500,0.01,0.594368,0.99,10000,10,34,0.00643434,3.01911e-06,0.9197856621295171,0.9982624413678958
253875.0,494,0.499243,0.141683,0.99,12009,10,20,4.44717e-19,0.00348775,0.999999999333129,0.9409428243140598
1000000.0,407,0.01,0.423091,0.99,10000,10,10,0.00477388,6.26985e-06,0.9309067297054192,0.9974960331471843
339640.0,444,0.291154,0.173191,0.99,10000,10,26,4.864620000000001e-18,0.00202421,0.9999999977944116,0.9550087786340491
346813.0,397,0.435132,0.107365,0.99,20104,10,19,2.26116e-21,0.00928059,0.9999999999524484,0.9036641811162639
906771.0,377,0.0455625,0.227609,0.99,10000,10,34,0.000678709,4.57022e-05,0.9739479559343226,0.9932396597718753
221577.0,425,0.34947,0.145257,0.99,12596,10,20,3.0713799999999996e-20,0.00570194,0.9999999998247465,0.9244888087764469
961320.0,500,0.01,0.700474,0.99,10000,10,24,0.00738199,2.49102e-06,0.9140814920986171,0.9984217034499182
665086.0,344,0.180345,0.176614,0.99,10000,10,23,1.61194e-16,0.00126863,0.99999998730378,0.9643821673876695
829748.0,500,0.01,0.594368,0.99,10000,10,33,0.00628874,3.1286e-06,0.9206984237231062,0.9982312151063513
849392.0,497,0.01,0.462577,0.99,10000,10,14,0.00533655,4.71001e-06,0.9269483059744676,0.9978297442547017
961320.0,452,0.01,0.640222,0.99,10000,10,29,0.00676259,2.93072e-06,0.9177650317687177,0.9982880654218107
890716.0,298,0.0366035,0.274891,0.99,10000,10,34,0.000397357,5.09699e-05,0.9800661845097333,0.9928606793040233
339640.0,425,0.301203,0.173191,0.99,12596,10,20,4.6187e-18,0.00226949,0.9999999978508839,0.952360835439735
705931.0,500,0.019148,0.353121,0.99,10000,10,19,0.00310241,1.26116e-05,0.9443007181374841,0.996448718541146
1000000.0,500,0.01,0.700474,0.99,10000,10,20,0.00750253,2.48338e-06,0.9133828538913917,0.9984241256395258
221577.0,425,0.34947,0.139769,0.99,12596,10,20,1.44018e-20,0.00628927,0.9999999998799926,0.9206950821197071
1000000.0,474,0.0222664,0.242201,0.99,10000,10,32,0.00263134,1.47587e-05,0.9487034114194716,0.9961582946495079
918263.0,338,0.01,0.597751,0.99,10000,10,20,0.00512837,5.4838e-06,0.9283873614506489,0.9976582485187364
961320.0,500,0.01,0.640222,0.99,10000,10,24,0.00710479,2.66944e-06,0.9157100836398564,0.9983661579023664
380646.0,430,0.349114,0.1,0.99,24329,10,21,5.99019e-21,0.00840836,0.9999999999226037,0.9083028899037707
884673.0,497,0.01,0.462577,0.99,10000,10,14,0.005512,4.27437e-06,0.9257571552269177,0.9979325450428123
676043.0,487,0.01,0.702717,0.99,10000,10,27,0.00604989,3.44196e-06,0.9222189611794751,0.9981447479955542
895472.0,422,0.0109263,0.47583,0.99,10000,10,17,0.00496625,5.59567e-06,0.9295283745043439,0.9976344831431587
339640.0,458,0.291154,0.175449,0.99,10000,10,26,7.73495e-18,0.00170907,0.9999999972188222,0.9586591001549313
664370.0,484,0.019148,0.47583,0.99,10000,10,15,0.00418871,8.25184e-06,0.9352797558719067,0.9971273983917014
788515.0,437,0.0155593,0.47583,0.99,10000,10,15,0.00450691,6.86385e-06,0.9328664763326101,0.9973801049639346
832915.0,379,0.0285553,0.283427,0.99,10000,10,36,0.00127781,2.67511e-05,0.964253531642972,0.9948278534436851
221577.0,417,0.34947,0.145257,0.99,12596,10,20,2.70252e-20,0.00595412,0.9999999998356066,0.9228370555253365
829420.0,379,0.0285553,0.316001,0.99,10000,10,36,0.00183352,2.09581e-05,0.9571803783295555,0.9954219982525123
726539.0,344,0.180345,0.162845,0.99,10000,10,28,8.54603e-17,0.00144135,0.9999999907555259,0.9620348844332063
835174.0,325,0.0366035,0.30989,0.99,10000,10,32,0.000997715,3.29605e-05,0.9684133730829011,0.9942588764165888
832915.0,500,0.0222664,0.288684,0.99,10000,10,32,0.00287323,1.31499e-05,0.9463974814024565,0.9963737209153183
380646.0,397,0.410228,0.153212,0.99,13524,10,19,1.55129e-18,0.00327527,0.9999999987544921,0.9427700253363677
246241.0,500,0.122783,0.235513,0.99,10000,10,37,3.44931e-12,0.000802847,0.999998142768189,0.9716654451243716
745028.0,371,0.0276638,0.333827,0.99,10000,10,30,0.0014797,2.62575e-05,0.9615331311386018,0.9948757927442384
788337.0,422,0.0136897,0.47583,0.99,10000,10,15,0.00433639,7.51793e-06,0.9341487281823654,0.9972581156114818
741431.0,422,0.0182106,0.47583,0.99,10000,10,15,0.00402471,8.63603e-06,0.9365593978590997,0.9970612876969666
745028.0,386,0.0276638,0.333827,0.99,10000,10,30,0.00167329,2.27649e-05,0.9590941324502218,0.9952287423041718
758644.0,404,0.0455625,0.227609,0.99,10000,10,34,0.000303915,5.33811e-05,0.9825668419384209,0.9926937629384204
715704.0,389,0.180345,0.162845,0.99,10003,10,28,4.93986e-11,0.00059676,0.9999929715862387,0.9755713283210077
700877.0,375,0.180345,0.162845,0.99,10000,10,27,1.71715e-15,0.00095571,0.9999999585614914,0.9690854403233686
705931.0,500,0.019148,0.392852,0.99,10000,10,28,0.00366114,9.70381e-06,0.9394926450751646,0.9968849061009337
997211.0,394,0.0126392,0.37015,0.99,10000,10,12,0.00391573,8.8596e-06,0.9374242059578946,0.997023491978845
913180.0,500,0.0222664,0.236861,0.99,10000,10,24,0.00227252,1.59123e-05,0.952329044481991,0.9960109775633622
940225.0,500,0.0222664,0.236861,0.99,10000,10,43,0.00244149,1.51059e-05,0.9505885640767241,0.9961133690682031
1000000.0,500,0.0222664,0.236861,0.99,10000,10,29,0.0028137,1.42204e-05,0.9469556789090482,0.9962290054362277
956677.0,500,0.01,0.625575,0.99,10000,10,24,0.00701185,2.72457e-06,0.9162632099970389,0.9983493728464611
247594.0,396,0.426115,0.12181,0.99,21243,11,17,7.73704e-22,0.00940956,0.9999999999721845,0.9029971134450113
758644.0,404,0.0455625,0.170252,0.99,10000,10,22,1.68114e-07,0.000346685,0.9995899829271847,0.9813805209525078
828196.0,500,0.01,0.543252,0.99,10000,10,15,0.00592575,3.57891e-06,0.9230211067889386,0.9981081992705362
828196.0,487,0.01,0.543252,0.99,10000,10,27,0.00582205,3.74443e-06,0.9236976409276882,0.9980649470291488
992687.0,500,0.0181805,0.269214,0.99,10000,10,24,0.00346506,1.04297e-05,0.9411352397439691,0.9967704953940272
409174.0,397,0.332868,0.180977,0.99,12371,10,19,3.16039e-17,0.0016282,0.9999999943782654,0.959649039664464
844028.0,359,0.0403709,0.217264,0.99,10000,10,24,0.000146927,7.66684e-05,0.9878786551901202,0.9912439506625419
819188.0,404,0.0455625,0.170252,0.99,10000,10,22,3.16313e-06,0.000189634,0.9982214809531523,0.986229233862998
235154.0,425,0.34947,0.141039,0.99,12596,10,20,2.87609e-20,0.00591978,0.9999999998304097,0.9230598934235207
738583.0,327,0.11853,0.216883,0.99,10000,11,17,4.47645e-10,0.000471312,0.9999788423772602,0.978290278675211
664370.0,474,0.019148,0.405164,0.99,10000,10,16,0.00325062,1.2253e-05,0.942985791244638,0.9964995714548073
705931.0,500,0.019148,0.392852,0.99,10000,10,28,0.00366114,9.70381e-06,0.9394926450751646,0.9968849061009337
881689.0,379,0.0285553,0.283427,0.99,10000,10,36,0.00156363,2.29963e-05,0.9604572383362011,0.9952045542438684
898126.0,500,0.01,0.640222,0.99,10000,10,24,0.00686217,2.72662e-06,0.917161784181454,0.9983487519871321
832988.0,359,0.0343275,0.270864,0.99,10000,10,23,0.000808608,3.49241e-05,0.9715639665213307,0.9940903384191647
705931.0,467,0.019148,0.392852,0.99,10000,10,30,0.0033038,1.14005e-05,0.9425213082960302,0.9966235373539754
870711.0,497,0.01,0.491263,0.99,10000,10,19,0.00570004,3.9381e-06,0.9245013907412858,0.9980155353366714
886032.0,365,0.0343275,0.270864,0.99,10000,10,24,0.00117992,2.94723e-05,0.9656500363901211,0.9945711603449724
1000000.0,500,0.01,0.77112,0.99,10000,10,22,0.00775883,2.31975e-06,0.9119157789385636,0.9984769274475587
346813.0,397,0.435132,0.107365,0.99,20104,10,17,1.05838e-22,0.00957605,0.9999999999897122,0.9021427059438082
289248.0,397,0.426115,0.123138,0.99,21243,10,21,1.0721099999999999e-20,0.00742125,0.9999999998964573,0.9138533227570558
221577.0,454,0.314452,0.130168,0.99,12596,10,21,1.2204199999999997e-20,0.00639719,0.9999999998895274,0.920017564428182
253875.0,494,0.47135,0.137403,0.99,12596,10,17,2.47153e-19,0.0038486,0.9999999995028551,0.9379629143173215
380646.0,397,0.493025,0.102482,0.99,26025,10,21,3.91637e-21,0.008862,0.9999999999374191,0.9058618037139016
339640.0,414,0.291154,0.173191,0.99,10000,10,26,2.7385200000000007e-18,0.00260706,0.9999999983451526,0.9489406228005081
380646.0,430,0.349114,0.1,0.99,24329,10,22,6.06312e-21,0.00840137,0.999999999922134,0.9083410124428597
298419.0,396,0.426115,0.12181,0.99,21243,10,17,9.23536e-21,0.00757077,0.9999999999038992,0.9129898281808385
913180.0,500,0.0222664,0.236861,0.99,10000,10,24,0.00227252,1.59123e-05,0.952329044481991,0.9960109775633622
210870.0,447,0.34947,0.137959,0.99,12596,10,34,2.6371899999999998e-20,0.00582834,0.9999999998376057,0.9236564344558102
339640.0,425,0.301203,0.173191,0.99,12596,10,20,4.6187e-18,0.00226949,0.9999999978508839,0.952360835439735
829420.0,379,0.0285553,0.316001,0.99,10000,10,36,0.00183352,2.09581e-05,0.9571803783295555,0.9954219982525123
221577.0,435,0.34947,0.145257,0.99,12596,10,21,3.3411299999999994e-20,0.00539888,0.9999999998172124,0.9265229287464449
221577.0,425,0.34947,0.139769,0.99,12596,10,20,1.44018e-20,0.00628927,0.9999999998799926,0.9206950821197071
1000000.0,407,0.01,0.423091,0.99,10000,10,10,0.00477388,6.26985e-06,0.9309067297054192,0.9974960331471843
221577.0,471,0.34947,0.140977,0.99,12596,10,34,5.167889999999999e-20,0.00477914,0.9999999997726701,0.9308686756961795
346813.0,397,0.435132,0.107365,0.99,20104,10,19,2.26116e-21,0.00928059,0.9999999999524484,0.9036641811162639
788515.0,437,0.0155593,0.47583,0.99,10000,10,15,0.00450691,6.86385e-06,0.9328664763326101,0.9973801049639346
269556.0,452,0.491606,0.137403,0.99,15257,10,24,2.24605e-19,0.00437365,0.9999999995260749,0.933866423051524
906771.0,377,0.0455625,0.227609,0.99,10000,10,34,0.000678709,4.57022e-05,0.9739479559343226,0.9932396597718753
409174.0,397,0.332868,0.153212,0.99,13524,10,21,2.4645900000000002e-18,0.00312244,0.9999999984300987,0.9441212025898911
961320.0,500,0.01,0.700474,0.99,10000,10,24,0.00738199,2.49102e-06,0.9140814920986171,0.9984217034499182
829748.0,500,0.01,0.594368,0.99,10000,10,33,0.00628874,3.1286e-06,0.9206984237231062,0.9982312151063513
849392.0,497,0.01,0.462577,0.99,10000,10,14,0.00533655,4.71001e-06,0.9269483059744676,0.9978297442547017
890716.0,298,0.0366035,0.274891,0.99,10000,10,34,0.000397357,5.09699e-05,0.9800661845097333,0.9928606793040233
705931.0,500,0.019148,0.353121,0.99,10000,10,19,0.00310241,1.26116e-05,0.9443007181374841,0.996448718541146
1000000.0,500,0.01,0.700474,0.99,10000,10,20,0.00750253,2.48338e-06,0.9133828538913917,0.9984241256395258
1000000.0,474,0.0222664,0.242201,0.99,10000,10,32,0.00263134,1.47587e-05,0.9487034114194716,0.9961582946495079
918263.0,338,0.01,0.597751,0.99,10000,10,20,0.00512837,5.4838e-06,0.9283873614506489,0.9976582485187364
961320.0,500,0.01,0.640222,0.99,10000,10,24,0.00710479,2.66944e-06,0.9157100836398564,0.9983661579023664
380646.0,430,0.349114,0.1,0.99,24329,10,21,5.99019e-21,0.00840836,0.9999999999226037,0.9083028899037707
997211.0,394,0.0126392,0.37015,0.99,10000,10,12,0.00391573,8.8596e-06,0.9374242059578946,0.997023491978845
884673.0,497,0.01,0.462577,0.99,10000,10,14,0.005512,4.27437e-06,0.9257571552269177,0.9979325450428123
676043.0,487,0.01,0.702717,0.99,10000,10,27,0.00604989,3.44196e-06,0.9222189611794751,0.9981447479955542
940225.0,500,0.0222664,0.236861,0.99,10000,10,43,0.00244149,1.51059e-05,0.9505885640767241,0.9961133690682031
992687.0,500,0.0181805,0.269214,0.99,10000,10,24,0.00346506,1.04297e-05,0.9411352397439691,0.9967704953940272
895472.0,422,0.0109263,0.47583,0.99,10000,10,17,0.00496625,5.59567e-06,0.9295283745043439,0.9976344831431587
819188.0,404,0.0455625,0.170252,0.99,10000,10,22,3.16313e-06,0.000189634,0.9982214809531523,0.986229233862998
253875.0,494,0.499243,0.141683,0.99,12009,10,20,4.44717e-19,0.00348775,0.999999999333129,0.9409428243140598
339640.0,444,0.291154,0.173191,0.99,10000,10,26,4.864620000000001e-18,0.00202421,0.9999999977944116,0.9550087786340491
832988.0,359,0.0343275,0.270864,0.99,10000,10,23,0.000808608,3.49241e-05,0.9715639665213307,0.9940903384191647
285541.0,487,0.314452,0.130168,0.99,12596,10,20,1.48283e-19,0.00448678,0.9999999996149247,0.9330165692129763
795971.0,500,0.01,0.666533,0.99,10669,10,19,0.00658526,3.01394e-06,0.9188503850902544,0.9982639297249247
788337.0,422,0.0136897,0.47583,0.99,10000,10,15,0.00433639,7.51793e-06,0.9341487281823654,0.9972581156114818
664370.0,484,0.019148,0.47583,0.99,10000,10,15,0.00418871,8.25184e-06,0.9352797558719067,0.9971273983917014
870711.0,497,0.01,0.491263,0.99,10000,10,19,0.00570004,3.9381e-06,0.9245013907412858,0.9980155353366714
832915.0,379,0.0285553,0.283427,0.99,10000,10,36,0.00127781,2.67511e-05,0.964253531642972,0.9948278534436851
835174.0,325,0.0366035,0.30989,0.99,10000,10,32,0.000997715,3.29605e-05,0.9684133730829011,0.9942588764165888
861079.0,500,0.01,0.594368,0.99,10000,10,34,0.00643434,3.01911e-06,0.9197856621295171,0.9982624413678958
700877.0,375,0.180345,0.162845,0.99,10000,10,27,1.71715e-15,0.00095571,0.9999999585614914,0.9690854403233686
246241.0,500,0.122783,0.235513,0.99,10000,10,37,3.44931e-12,0.000802847,0.999998142768189,0.9716654451243716
221577.0,458,0.34947,0.140977,0.99,12596,10,32,3.9012799999999996e-20,0.00511472,0.9999999998024834,0.9284827293585668
832915.0,500,0.0222664,0.288684,0.99,10000,10,32,0.00287323,1.31499e-05,0.9463974814024565,0.9963737209153183
726539.0,344,0.180345,0.162845,0.99,10000,10,28,8.54603e-17,0.00144135,0.9999999907555259,0.9620348844332063
961320.0,452,0.01,0.640222,0.99,10000,10,29,0.00676259,2.93072e-06,0.9177650317687177,0.9982880654218107
741431.0,422,0.0182106,0.47583,0.99,10000,10,15,0.00402471,8.63603e-06,0.9365593978590997,0.9970612876969666
221577.0,447,0.348791,0.145257,0.99,12644,10,34,4.56507e-20,0.00504046,0.9999999997863398,0.9290038029187478
715704.0,389,0.180345,0.162845,0.99,10003,10,28,4.93986e-11,0.00059676,0.9999929715862387,0.9755713283210077
1000000.0,500,0.01,0.77112,0.99,10000,10,27,0.00775883,2.32093e-06,0.9119157789385636,0.9984765401219592
339640.0,454,0.291154,0.173191,0.99,10270,10,26,6.0772700000000016e-18,0.00185203,0.9999999975347881,0.9569647818641522
705931.0,500,0.019148,0.392852,0.99,10000,10,28,0.00366114,9.70381e-06,0.9394926450751646,0.9968849061009337
339640.0,500,0.291154,0.175449,0.99,10000,10,26,1.81919e-16,0.00116643,0.9999999865122648,0.965846962067775
898126.0,500,0.01,0.640222,0.99,10000,10,24,0.00686217,2.72662e-06,0.917161784181454,0.9983487519871321
221577.0,425,0.34947,0.145257,0.99,12596,10,21,3.1178399999999996e-20,0.00569524,0.9999999998234259,0.9245331861014393
745028.0,386,0.0276638,0.333827,0.99,10000,10,30,0.00167329,2.27649e-05,0.9590941324502218,0.9952287423041718
1000000.0,500,0.0222664,0.236861,0.99,10000,10,29,0.0028137,1.42204e-05,0.9469556789090482,0.9962290054362277
745028.0,371,0.0276638,0.333827,0.99,10000,10,30,0.0014797,2.62575e-05,0.9615331311386018,0.9948757927442384
956677.0,500,0.01,0.625575,0.99,10000,10,24,0.00701185,2.72457e-06,0.9162632099970389,0.9983493728464611
247594.0,396,0.426115,0.12181,0.99,21243,11,17,7.73704e-22,0.00940956,0.9999999999721845,0.9029971134450113
380646.0,397,0.410228,0.153212,0.99,13524,10,19,1.55129e-18,0.00327527,0.9999999987544921,0.9427700253363677
758644.0,374,0.0455625,0.227609,0.99,10000,10,34,0.000129983,7.66967e-05,0.9885989912726987,0.9912423347860289
758644.0,404,0.0455625,0.170252,0.99,10000,10,22,1.68114e-07,0.000346685,0.9995899829271847,0.9813805209525078
828196.0,500,0.01,0.543252,0.99,10000,10,15,0.00592575,3.57891e-06,0.9230211067889386,0.9981081992705362
828196.0,487,0.01,0.543252,0.99,10000,10,27,0.00582205,3.74443e-06,0.9236976409276882,0.9980649470291488
665086.0,344,0.180345,0.176614,0.99,10000,10,23,1.61194e-16,0.00126863,0.99999998730378,0.9643821673876695
705931.0,467,0.019148,0.392852,0.99,10000,10,30,0.0033038,1.14005e-05,0.9425213082960302,0.9966235373539754
738583.0,327,0.11853,0.216883,0.99,10000,11,17,4.47645e-10,0.000471312,0.9999788423772602,0.978290278675211
664370.0,474,0.019148,0.405164,0.99,10000,10,16,0.00325062,1.2253e-05,0.942985791244638,0.9964995714548073
705931.0,500,0.019148,0.392852,0.99,10000,10,28,0.00366114,9.70381e-06,0.9394926450751646,0.9968849061009337
346813.0,397,0.435132,0.107365,0.99,20104,10,17,1.05838e-22,0.00957605,0.9999999999897122,0.9021427059438082
1000000.0,500,0.01,0.77112,0.99,10000,10,22,0.00775883,2.31975e-06,0.9119157789385636,0.9984769274475587
289248.0,397,0.426115,0.123138,0.99,21243,10,21,1.0721099999999999e-20,0.00742125,0.9999999998964573,0.9138533227570558
221577.0,454,0.314452,0.130168,0.99,12596,10,21,1.2204199999999997e-20,0.00639719,0.9999999998895274,0.920017564428182
298419.0,396,0.426115,0.12181,0.99,21243,10,17,9.23536e-21,0.00757077,0.9999999999038992,0.9129898281808385
380646.0,397,0.493025,0.102482,0.99,26025,10,21,3.91637e-21,0.008862,0.9999999999374191,0.9058618037139016
339640.0,414,0.291154,0.173191,0.99,10000,10,26,2.7385200000000007e-18,0.00260706,0.9999999983451526,0.9489406228005081
253875.0,494,0.47135,0.137403,0.99,12596,10,17,2.47153e-19,0.0038486,0.9999999995028551,0.9379629143173215
380646.0,430,0.349114,0.1,0.99,24329,10,22,6.06312e-21,0.00840137,0.999999999922134,0.9083410124428597
913180.0,500,0.0222664,0.236861,0.99,10000,10,24,0.00227252,1.59123e-05,0.952329044481991,0.9960109775633622
829420.0,379,0.0285553,0.316001,0.99,10000,10,36,0.00183352,2.09581e-05,0.9571803783295555,0.9954219982525123
832915.0,379,0.0285553,0.283427,0.99,10000,10,36,0.00127781,2.67511e-05,0.964253531642972,0.9948278534436851
835174.0,325,0.0366035,0.30989,0.99,10000,10,32,0.000997715,3.29605e-05,0.9684133730829011,0.9942588764165888
726539.0,344,0.180345,0.162845,0.99,10000,10,28,8.54603e-17,0.00144135,0.9999999907555259,0.9620348844332063
339640.0,454,0.291154,0.173191,0.99,10270,10,26,6.0772700000000016e-18,0.00185203,0.9999999975347881,0.9569647818641522
221577.0,435,0.34947,0.145257,0.99,12596,10,21,3.3411299999999994e-20,0.00539888,0.9999999998172124,0.9265229287464449
253875.0,494,0.499243,0.141683,0.99,12009,10,20,4.44717e-19,0.00348775,0.999999999333129,0.9409428243140598
409174.0,397,0.332868,0.153212,0.99,13524,10,21,2.4645900000000002e-18,0.00312244,0.9999999984300987,0.9441212025898911
221577.0,471,0.34947,0.140977,0.99,12596,10,34,5.167889999999999e-20,0.00477914,0.9999999997726701,0.9308686756961795
346813.0,397,0.435132,0.107365,0.99,20104,10,19,2.26116e-21,0.00928059,0.9999999999524484,0.9036641811162639
269556.0,452,0.492878,0.137403,0.99,15257,10,21,2.2583000000000002e-19,0.00433631,0.9999999995247842,0.9341493356145892
890716.0,298,0.0366035,0.274891,0.99,10000,10,34,0.000397357,5.09699e-05,0.9800661845097333,0.9928606793040233
898126.0,500,0.01,0.640222,0.99,10000,10,24,0.00686217,2.72662e-06,0.917161784181454,0.9983487519871321
745028.0,371,0.0276638,0.333827,0.99,10000,10,30,0.0014797,2.62575e-05,0.9615331311386018,0.9948757927442384
961320.0,500,0.01,0.700474,0.99,10000,10,24,0.00738199,2.49102e-06,0.9140814920986171,0.9984217034499182
722631.0,481,0.01,0.77112,0.99,10000,10,22,0.00659052,2.72694e-06,0.9188179822867157,0.9983486550935676
200000.0,453,0.398406,0.130168,0.99,17365,10,22,2.1628399999999998e-20,0.00609799,0.999999999852934,0.9219103720075451
380646.0,430,0.349114,0.1,0.99,24329,10,21,5.99019e-21,0.00840836,0.9999999999226037,0.9083028899037707
918263.0,338,0.01,0.597751,0.99,10000,10,20,0.00512837,5.4838e-06,0.9283873614506489,0.9976582485187364
961320.0,500,0.01,0.640222,0.99,10000,10,24,0.00710479,2.66944e-06,0.9157100836398564,0.9983661579023664
758644.0,374,0.0455625,0.227609,0.99,10000,10,34,0.000129983,7.66967e-05,0.9885989912726987,0.9912423347860289
997211.0,394,0.0126392,0.37015,0.99,10000,10,12,0.00391573,8.8596e-06,0.9374242059578946,0.997023491978845
940225.0,500,0.0222664,0.236861,0.99,10000,10,43,0.00244149,1.51059e-05,0.9505885640767241,0.9961133690682031
992687.0,500,0.0181805,0.269214,0.99,10000,10,24,0.00346506,1.04297e-05,0.9411352397439691,0.9967704953940272
819188.0,404,0.0455625,0.170252,0.99,10000,10,22,3.16313e-06,0.000189634,0.9982214809531523,0.986229233862998
221577.0,425,0.34947,0.145257,0.99,12596,10,21,3.1178399999999996e-20,0.00569524,0.9999999998234259,0.9245331861014393
884673.0,497,0.01,0.462577,0.99,10000,10,14,0.005512,4.27437e-06,0.9257571552269177,0.9979325450428123
339640.0,444,0.291154,0.173191,0.99,10000,10,26,4.864620000000001e-18,0.00202421,0.9999999977944116,0.9550087786340491
832988.0,359,0.0343275,0.270864,0.99,10000,10,23,0.000808608,3.49241e-05,0.9715639665213307,0.9940903384191647
285541.0,487,0.314452,0.130168,0.99,12596,10,20,1.48283e-19,0.00448678,0.9999999996149247,0.9330165692129763
210870.0,447,0.34947,0.137959,0.99,12596,10,34,2.6371899999999998e-20,0.00582834,0.9999999998376057,0.9236564344558102
829748.0,500,0.01,0.594368,0.99,10000,10,33,0.00628874,3.1286e-06,0.9206984237231062,0.9982312151063513
788337.0,422,0.0136897,0.47583,0.99,10000,10,15,0.00433639,7.51793e-06,0.9341487281823654,0.9972581156114818
664370.0,484,0.019148,0.47583,0.99,10000,10,15,0.00418871,8.25184e-06,0.9352797558719067,0.9971273983917014
870711.0,497,0.01,0.491263,0.99,10000,10,19,0.00570004,3.9381e-06,0.9245013907412858,0.9980155353366714
700877.0,375,0.180345,0.162845,0.99,10000,10,27,1.71715e-15,0.00095571,0.9999999585614914,0.9690854403233686
745028.0,386,0.0276638,0.333827,0.99,10000,10,30,0.00167329,2.27649e-05,0.9590941324502218,0.9952287423041718
246241.0,500,0.122783,0.235513,0.99,10000,10,37,3.44931e-12,0.000802847,0.999998142768189,0.9716654451243716
221577.0,458,0.34947,0.140977,0.99,12596,10,32,3.9012799999999996e-20,0.00511472,0.9999999998024834,0.9284827293585668
906771.0,377,0.0455625,0.227609,0.99,10000,10,34,0.000678709,4.57022e-05,0.9739479559343226,0.9932396597718753
744242.0,397,0.0455625,0.232089,0.99,10000,10,34,0.000264086,5.72268e-05,0.9837492769391636,0.9924351602792921
339640.0,425,0.301203,0.173191,0.99,12596,10,20,4.6187e-18,0.00226949,0.9999999978508839,0.952360835439735
741431.0,422,0.0182106,0.47583,0.99,10000,10,15,0.00402471,8.63603e-06,0.9365593978590997,0.9970612876969666
221577.0,447,0.348791,0.145257,0.99,12644,10,34,4.56507e-20,0.00504046,0.9999999997863398,0.9290038029187478
715704.0,389,0.180345,0.162845,0.99,10003,10,28,4.93986e-11,0.00059676,0.9999929715862387,0.9755713283210077
848096.0,414,0.0136897,0.47583,0.99,10000,10,15,0.00459787,6.55856e-06,0.9321924045552418,0.9974390314332269
1000000.0,474,0.0222664,0.242201,0.99,10000,10,32,0.00263134,1.47587e-05,0.9487034114194716,0.9961582946495079
1000000.0,500,0.01,0.700474,0.99,10000,10,23,0.00750267,2.48316e-06,0.9133820457410821,0.9984241954435908
1000000.0,500,0.01,0.77112,0.99,10000,10,27,0.00775883,2.32093e-06,0.9119157789385636,0.9984765401219592
705931.0,500,0.019148,0.392852,0.99,10000,10,28,0.00366114,9.70381e-06,0.9394926450751646,0.9968849061009337
339640.0,500,0.291154,0.175449,0.99,10000,10,26,1.81919e-16,0.00116643,0.9999999865122648,0.965846962067775
380646.0,397,0.410228,0.153212,0.99,13524,10,19,1.55129e-18,0.00327527,0.9999999987544921,0.9427700253363677
705931.0,500,0.019148,0.353121,0.99,10000,10,19,0.00310241,1.26116e-05,0.9443007181374841,0.996448718541146
878900.0,500,0.0222664,0.265401,0.99,10000,10,21,0.00270048,1.38983e-05,0.948033857176042,0.9962719576182667
956677.0,500,0.01,0.625575,0.99,10000,10,24,0.00701185,2.72457e-06,0.9162632099970389,0.9983493728464611
221577.0,425,0.34947,0.139769,0.99,12596,10,20,1.44018e-20,0.00628927,0.9999999998799926,0.9206950821197071
247594.0,396,0.426115,0.12181,0.99,21243,11,17,7.73704e-22,0.00940956,0.9999999999721845,0.9029971134450113
676043.0,496,0.01,0.702717,0.99,10000,10,27,0.00611921,3.31374e-06,0.9217746204866988,0.9981796319053554
758644.0,404,0.0455625,0.170252,0.99,10000,10,22,1.68114e-07,0.000346685,0.9995899829271847,0.9813805209525078
852490.0,500,0.0222664,0.288684,0.99,10000,10,33,0.00300806,1.27992e-05,0.9451542162058012,0.9964224030411462
849392.0,497,0.01,0.462577,0.99,10000,10,14,0.00533655,4.71001e-06,0.9269483059744676,0.9978297442547017
828196.0,487,0.01,0.543252,0.99,10000,10,27,0.00582205,3.74443e-06,0.9236976409276882,0.9980649470291488
665086.0,344,0.180345,0.176614,0.99,10000,10,23,1.61194e-16,0.00126863,0.99999998730378,0.9643821673876695
705931.0,467,0.019148,0.392852,0.99,10000,10,30,0.0033038,1.14005e-05,0.9425213082960302,0.9966235373539754
738583.0,327,0.11853,0.216883,0.99,10000,11,17,4.47645e-10,0.000471312,0.9999788423772602,0.978290278675211
664370.0,474,0.019148,0.405164,0.99,10000,10,16,0.00325062,1.2253e-05,0.942985791244638,0.9964995714548073
339640.0,425,0.301203,0.173191,0.99,12596,10,21,4.64257e-18,0.00226718,0.9999999978453377,0.9523850863699198
705931.0,500,0.019148,0.392852,0.99,10000,10,28,0.00366114,9.70381e-06,0.9394926450751646,0.9968849061009337
861079.0,500,0.01,0.594368,0.99,10000,10,34,0.00643434,3.01911e-06,0.9197856621295171,0.9982624413678958
858634.0,437,0.01,0.47583,0.99,10000,10,30,0.00495423,6.07578e-06,0.929613708721087,0.9975350902653444
283530.0,421,0.435132,0.107365,0.99,20104,10,19,4.95605e-25,0.00956469,0.999999999999296,0.9022007668741723
1000000.0,500,0.01,0.77112,0.99,10000,10,22,0.00775883,2.31975e-06,0.9119157789385636,0.9984769274475587
342518.0,445,0.349114,0.1,0.99,24329,10,21,4.21093e-21,0.00839856,0.9999999999351084,0.9083563422816396
289248.0,397,0.426115,0.123138,0.99,21243,10,21,1.0721099999999999e-20,0.00742125,0.9999999998964573,0.9138533227570558
221577.0,454,0.314452,0.130168,0.99,12596,10,21,1.2204199999999997e-20,0.00639719,0.9999999998895274,0.920017564428182
298419.0,396,0.426115,0.12181,0.99,21243,10,17,9.23536e-21,0.00757077,0.9999999999038992,0.9129898281808385
253875.0,494,0.47135,0.137403,0.99,12596,10,17,2.47153e-19,0.0038486,0.9999999995028551,0.9379629143173215
380646.0,397,0.493025,0.102482,0.99,26025,10,21,3.91637e-21,0.008862,0.9999999999374191,0.9058618037139016
848096.0,414,0.0136897,0.47583,0.99,10000,10,15,0.00459787,6.55856e-06,0.9321924045552418,0.9974390314332269
339640.0,443,0.305354,0.173191,0.99,10000,10,26,3.97052e-18,0.00201403,0.9999999980073836,0.9551220544142226
339640.0,390,0.301203,0.173191,0.99,12596,10,20,2.3238300000000007e-18,0.00304418,0.9999999984755886,0.9448259118788539
858634.0,437,0.01,0.47583,0.99,10000,10,30,0.00495423,6.07578e-06,0.929613708721087,0.9975350902653444
832915.0,379,0.0285553,0.283427,0.99,10000,10,36,0.00127781,2.67511e-05,0.964253531642972,0.9948278534436851
321017.0,397,0.332868,0.180604,0.99,13524,10,21,3.4262e-18,0.00259637,0.9999999981490003,0.9490454123753317
835174.0,325,0.0366035,0.30989,0.99,10000,10,32,0.000997715,3.29605e-05,0.9684133730829011,0.9942588764165888
676043.0,496,0.01,0.702717,0.99,10000,10,27,0.00611921,3.31374e-06,0.9217746204866988,0.9981796319053554
253875.0,494,0.499243,0.141683,0.99,12009,10,20,4.44717e-19,0.00348775,0.999999999333129,0.9409428243140598
913180.0,475,0.0222664,0.236861,0.99,10262,10,26,0.00201494,1.90711e-05,0.9551119169489273,0.995632952942777
898126.0,500,0.01,0.640222,0.99,10000,10,24,0.00686217,2.72662e-06,0.917161784181454,0.9983487519871321
828196.0,487,0.01,0.543252,0.99,10000,10,27,0.00582205,3.74443e-06,0.9236976409276882,0.9980649470291488
788337.0,422,0.0136897,0.47583,0.99,10000,10,15,0.00433639,7.51793e-06,0.9341487281823654,0.9972581156114818
745028.0,371,0.0276638,0.333827,0.99,10000,10,30,0.0014797,2.62575e-05,0.9615331311386018,0.9948757927442384
269556.0,452,0.492878,0.137403,0.99,15257,10,20,2.26791e-19,0.00429749,0.9999999995237742,0.9344447561212682
221577.0,471,0.34947,0.140977,0.99,12596,10,34,5.167889999999999e-20,0.00477914,0.9999999997726701,0.9308686756961795
1000000.0,500,0.01,0.700474,0.99,10000,10,23,0.00750267,2.48316e-06,0.9133820457410821,0.9984241954435908
200000.0,453,0.398406,0.130168,0.99,17365,10,22,2.1628399999999998e-20,0.00609799,0.999999999852934,0.9219103720075451
884673.0,497,0.01,0.462577,0.99,10000,10,14,0.005512,4.27437e-06,0.9257571552269177,0.9979325450428123
339640.0,414,0.291154,0.173191,0.99,10000,10,26,2.7385200000000007e-18,0.00260706,0.9999999983451526,0.9489406228005081
380646.0,397,0.410228,0.153212,0.99,13524,10,19,1.55129e-18,0.00327527,0.9999999987544921,0.9427700253363677
992687.0,500,0.0181805,0.269214,0.99,10000,10,24,0.00346506,1.04297e-05,0.9411352397439691,0.9967704953940272
819188.0,404,0.0455625,0.170252,0.99,10000,10,22,3.16313e-06,0.000189634,0.9982214809531523,0.986229233862998
221577.0,425,0.34947,0.145257,0.99,12596,10,21,3.1178399999999996e-20,0.00569524,0.9999999998234259,0.9245331861014393
200000.0,398,0.398406,0.120875,0.99,20410,10,22,2.84486e-21,0.00919594,0.9999999999466628,0.9041045360822526
352931.0,461,0.291154,0.173191,0.99,10008,10,26,9.32839e-18,0.00161925,0.9999999969457587,0.9597600944335104
832988.0,359,0.0343275,0.270864,0.99,10000,10,23,0.000808608,3.49241e-05,0.9715639665213307,0.9940903384191647
745028.0,386,0.0276638,0.333827,0.99,10000,10,30,0.00167329,2.27649e-05,0.9590941324502218,0.9952287423041718
210870.0,447,0.34947,0.137959,0.99,12596,10,34,2.6371899999999998e-20,0.00582834,0.9999999998376057,0.9236564344558102
339640.0,454,0.291154,0.173191,0.99,10270,10,26,6.0772700000000016e-18,0.00185203,0.9999999975347881,0.9569647818641522
829748.0,500,0.01,0.594368,0.99,10000,10,33,0.00628874,3.1286e-06,0.9206984237231062,0.9982312151063513
664370.0,484,0.019148,0.47583,0.99,10000,10,15,0.00418871,8.25184e-06,0.9352797558719067,0.9971273983917014
870711.0,497,0.01,0.491263,0.99,10000,10,19,0.00570004,3.9381e-06,0.9245013907412858,0.9980155353366714
722631.0,481,0.01,0.77112,0.99,10000,10,22,0.00659052,2.72694e-06,0.9188179822867157,0.9983486550935676
906771.0,377,0.0455625,0.227609,0.99,10000,10,34,0.000678709,4.57022e-05,0.9739479559343226,0.9932396597718753
700877.0,375,0.180345,0.162845,0.99,10000,10,27,1.71715e-15,0.00095571,0.9999999585614914,0.9690854403233686
246241.0,500,0.122783,0.235513,0.99,10000,10,37,3.44931e-12,0.000802847,0.999998142768189,0.9716654451243716
221577.0,458,0.34947,0.140977,0.99,12596,10,32,3.9012799999999996e-20,0.00511472,0.9999999998024834,0.9284827293585668
744242.0,397,0.0455625,0.232089,0.99,10000,10,34,0.000264086,5.72268e-05,0.9837492769391636,0.9924351602792921
910685.0,398,0.0455625,0.206806,0.99,10000,10,34,0.000511147,4.78508e-05,0.9773914396743181,0.9930825727325833
726539.0,344,0.180345,0.162845,0.99,10000,10,28,8.54603e-17,0.00144135,0.9999999907555259,0.9620348844332063
961320.0,500,0.01,0.668937,0.99,10000,10,24,0.00724347,2.57669e-06,0.9148914222889373,0.9983947928482592
221577.0,447,0.348791,0.145257,0.99,12644,10,34,4.56507e-20,0.00504046,0.9999999997863398,0.9290038029187478
715704.0,389,0.180345,0.162845,0.99,10003,10,28,4.93986e-11,0.00059676,0.9999929715862387,0.9755713283210077
861079.0,500,0.01,0.594368,0.99,10000,10,34,0.00643434,3.01911e-06,0.9197856621295171,0.9982624413678958
911728.0,500,0.0222664,0.236861,0.99,10000,10,40,0.00226401,1.59636e-05,0.9524183859037968,0.9960045525907604
1000000.0,474,0.0222664,0.242201,0.99,10000,10,32,0.00263134,1.47587e-05,0.9487034114194716,0.9961582946495079
961320.0,500,0.01,0.700474,0.99,10000,10,24,0.00738199,2.49102e-06,0.9140814920986171,0.9984217034499182
1000000.0,500,0.01,0.77112,0.99,10000,10,27,0.00775883,2.32093e-06,0.9119157789385636,0.9984765401219592
705931.0,500,0.0196214,0.411439,0.99,10000,10,28,0.00391008,9.06049e-06,0.9374693675067971,0.996989935216644
890716.0,298,0.0366035,0.274891,0.99,10000,10,34,0.000397357,5.09699e-05,0.9800661845097333,0.9928606793040233
878900.0,500,0.0222664,0.265401,0.99,10000,10,21,0.00270048,1.38983e-05,0.948033857176042,0.9962719576182667
339640.0,500,0.291154,0.175449,0.99,10000,10,26,1.81919e-16,0.00116643,0.9999999865122648,0.965846962067775
741431.0,422,0.0182106,0.47583,0.99,10000,10,15,0.00402471,8.63603e-06,0.9365593978590997,0.9970612876969666
849392.0,497,0.01,0.462577,0.99,10000,10,14,0.00533655,4.71001e-06,0.9269483059744676,0.9978297442547017
705931.0,500,0.019148,0.392852,0.99,10000,10,28,0.00366114,9.70381e-06,0.9394926450751646,0.9968849061009337
705931.0,500,0.019148,0.353121,0.99,10000,10,19,0.00310241,1.26116e-05,0.9443007181374841,0.996448718541146
221577.0,425,0.34947,0.139769,0.99,12596,10,20,1.44018e-20,0.00628927,0.9999999998799926,0.9206950821197071
956677.0,500,0.01,0.625575,0.99,10000,10,24,0.00701185,2.72457e-06,0.9162632099970389,0.9983493728464611
221577.0,435,0.34947,0.145257,0.99,12596,10,21,3.3411299999999994e-20,0.00539888,0.9999999998172124,0.9265229287464449
269556.0,452,0.412116,0.137403,0.99,15257,10,21,1.34615e-19,0.00456555,0.9999999996331008,0.9324311462284582
961320.0,500,0.01,0.640222,0.99,10000,10,24,0.00710479,2.66944e-06,0.9157100836398564,0.9983661579023664
758644.0,404,0.0455625,0.170252,0.99,10000,10,22,1.68114e-07,0.000346685,0.9995899829271847,0.9813805209525078
221577.0,435,0.34947,0.145257,0.99,12596,10,21,3.3411299999999994e-20,0.00539888,0.9999999998172124,0.9265229287464449
247594.0,396,0.426115,0.12181,0.99,21243,11,17,7.73704e-22,0.00940956,0.9999999999721845,0.9029971134450113
758644.0,374,0.0455625,0.227609,0.99,10000,10,34,0.000129983,7.66967e-05,0.9885989912726987,0.9912423347860289
665086.0,344,0.180345,0.176614,0.99,10000,10,23,1.61194e-16,0.00126863,0.99999998730378,0.9643821673876695
705931.0,467,0.019148,0.392852,0.99,10000,10,30,0.0033038,1.14005e-05,0.9425213082960302,0.9966235373539754
852490.0,500,0.0222664,0.288684,0.99,10000,10,33,0.00300806,1.27992e-05,0.9451542162058012,0.9964224030411462
859479.0,470,0.0126718,0.47583,0.99,10000,10,16,0.00526239,5.01116e-06,0.9274576675312959,0.9977614379615476
738583.0,327,0.11853,0.216883,0.99,10000,11,17,4.47645e-10,0.000471312,0.9999788423772602,0.978290278675211
664370.0,474,0.019148,0.405164,0.99,10000,10,16,0.00325062,1.2253e-05,0.942985791244638,0.9964995714548073
1000000.0,500,0.01,0.77112,0.99,10000,10,22,0.00775883,2.31975e-06,0.9119157789385636,0.9984769274475587
1000000.0,500,0.01,0.77112,0.99,10000,10,22,0.00775883,2.31975e-06,0.9119157789385636,0.9984769274475587
283530.0,421,0.435132,0.107365,0.99,20104,10,19,4.95605e-25,0.00956469,0.999999999999296,0.9022007668741723
342518.0,445,0.349114,0.1,0.99,24329,10,21,4.21093e-21,0.00839856,0.9999999999351084,0.9083563422816396
289248.0,397,0.426115,0.123138,0.99,21243,10,21,1.0721099999999999e-20,0.00742125,0.9999999998964573,0.9138533227570558
221577.0,454,0.314452,0.130168,0.99,12596,10,21,1.2204199999999997e-20,0.00639719,0.9999999998895274,0.920017564428182
253875.0,494,0.499243,0.141683,0.99,12009,10,20,4.44717e-19,0.00348775,0.999999999333129,0.9409428243140598
298419.0,396,0.426115,0.12181,0.99,21243,10,17,9.23536e-21,0.00757077,0.9999999999038992,0.9129898281808385
250714.0,447,0.436787,0.173191,0.99,10000,10,26,1.3071300000000001e-18,0.00276338,0.9999999988567021,0.947432139096212
253875.0,494,0.47135,0.137403,0.99,12596,10,17,2.47153e-19,0.0038486,0.9999999995028551,0.9379629143173215
911728.0,500,0.0222664,0.236861,0.99,10000,10,40,0.00226401,1.59636e-05,0.9524183859037968,0.9960045525907604
339640.0,443,0.305354,0.173191,0.99,10000,10,26,3.97052e-18,0.00201403,0.9999999980073836,0.9551220544142226
913180.0,475,0.0222664,0.236861,0.99,10262,10,26,0.00201494,1.90711e-05,0.9551119169489273,0.995632952942777
269556.0,452,0.492878,0.137403,0.99,15257,10,20,2.26791e-19,0.00429749,0.9999999995237742,0.9344447561212682
745028.0,386,0.0276638,0.333827,0.99,10000,10,30,0.00167329,2.27649e-05,0.9590941324502218,0.9952287423041718
832915.0,379,0.0285553,0.283427,0.99,10000,10,36,0.00127781,2.67511e-05,0.964253531642972,0.9948278534436851
321017.0,397,0.332868,0.180604,0.99,13524,10,21,3.4262e-18,0.00259637,0.9999999981490003,0.9490454123753317
835174.0,325,0.0366035,0.30989,0.99,10000,10,32,0.000997715,3.29605e-05,0.9684133730829011,0.9942588764165888
676043.0,496,0.01,0.702717,0.99,10000,10,27,0.00611921,3.31374e-06,0.9217746204866988,0.9981796319053554
705931.0,500,0.019148,0.392852,0.99,10000,10,28,0.00366114,9.70381e-06,0.9394926450751646,0.9968849061009337
1000000.0,474,0.0222664,0.242201,0.99,10000,10,32,0.00263134,1.47587e-05,0.9487034114194716,0.9961582946495079
200000.0,398,0.398406,0.120875,0.99,20410,10,22,2.84486e-21,0.00919594,0.9999999999466628,0.9041045360822526
722631.0,481,0.01,0.77112,0.99,10000,10,22,0.00659052,2.72694e-06,0.9188179822867157,0.9983486550935676
898126.0,500,0.01,0.640222,0.99,10000,10,24,0.00686217,2.72662e-06,0.917161784181454,0.9983487519871321
852490.0,500,0.0222664,0.288684,0.99,10000,10,33,0.00300806,1.27992e-05,0.9451542162058012,0.9964224030411462
745028.0,371,0.0276638,0.333827,0.99,10000,10,30,0.0014797,2.62575e-05,0.9615331311386018,0.9948757927442384
858634.0,437,0.01,0.47583,0.99,10000,10,30,0.00495423,6.07578e-06,0.929613708721087,0.9975350902653444
269556.0,452,0.412116,0.137403,0.99,15257,10,21,1.34615e-19,0.00456555,0.9999999996331008,0.9324311462284582
380646.0,397,0.493025,0.102482,0.99,26025,10,21,3.91637e-21,0.008862,0.9999999999374191,0.9058618037139016
221577.0,471,0.34947,0.140977,0.99,12596,10,34,5.167889999999999e-20,0.00477914,0.9999999997726701,0.9308686756961795
788337.0,422,0.0136897,0.47583,0.99,10000,10,15,0.00433639,7.51793e-06,0.9341487281823654,0.9972581156114818
878900.0,500,0.0222664,0.265401,0.99,10000,10,21,0.00270048,1.38983e-05,0.948033857176042,0.9962719576182667
1000000.0,500,0.01,0.700474,0.99,10000,10,23,0.00750267,2.48316e-06,0.9133820457410821,0.9984241954435908
200000.0,453,0.398406,0.130168,0.99,17365,10,22,2.1628399999999998e-20,0.00609799,0.999999999852934,0.9219103720075451
758644.0,374,0.0455625,0.227609,0.99,10000,10,34,0.000129983,7.66967e-05,0.9885989912726987,0.9912423347860289
705931.0,500,0.0196214,0.411439,0.99,10000,10,28,0.00391008,9.06049e-06,0.9374693675067971,0.996989935216644
884673.0,497,0.01,0.462577,0.99,10000,10,14,0.005512,4.27437e-06,0.9257571552269177,0.9979325450428123
992687.0,500,0.0181805,0.269214,0.99,10000,10,24,0.00346506,1.04297e-05,0.9411352397439691,0.9967704953940272
788337.0,460,0.0136897,0.47583,0.99,10000,10,15,0.00475106,6.13473e-06,0.9310720666202736,0.9975231612890622
221577.0,425,0.34947,0.145257,0.99,12596,10,21,3.1178399999999996e-20,0.00569524,0.9999999998234259,0.9245331861014393
819188.0,404,0.0455625,0.170252,0.99,10000,10,22,3.16313e-06,0.000189634,0.9982214809531523,0.986229233862998
352931.0,461,0.291154,0.173191,0.99,10008,10,26,9.32839e-18,0.00161925,0.9999999969457587,0.9597600944335104
832988.0,359,0.0343275,0.270864,0.99,10000,10,23,0.000808608,3.49241e-05,0.9715639665213307,0.9940903384191647
210870.0,447,0.34947,0.137959,0.99,12596,10,34,2.6371899999999998e-20,0.00582834,0.9999999998376057,0.9236564344558102
828196.0,487,0.01,0.543252,0.99,10000,10,27,0.00582205,3.74443e-06,0.9236976409276882,0.9980649470291488
339640.0,454,0.291154,0.173191,0.99,10270,10,26,6.0772700000000016e-18,0.00185203,0.9999999975347881,0.9569647818641522
829748.0,500,0.01,0.594368,0.99,10000,10,33,0.00628874,3.1286e-06,0.9206984237231062,0.9982312151063513
664370.0,484,0.019148,0.47583,0.99,10000,10,15,0.00418871,8.25184e-06,0.9352797558719067,0.9971273983917014
761527.0,497,0.01,0.491263,0.99,10000,10,15,0.00514355,5.75418e-06,0.9282814528869973,0.9976012128064374
906771.0,377,0.0455625,0.227609,0.99,10000,10,34,0.000678709,4.57022e-05,0.9739479559343226,0.9932396597718753
861079.0,500,0.01,0.594368,0.99,10000,10,34,0.00643434,3.01911e-06,0.9197856621295171,0.9982624413678958
247594.0,396,0.426115,0.12181,0.99,21243,11,17,7.73704e-22,0.00940956,0.9999999999721845,0.9029971134450113
221577.0,458,0.34947,0.140977,0.99,12596,10,32,3.9012799999999996e-20,0.00511472,0.9999999998024834,0.9284827293585668
744242.0,397,0.0455625,0.232089,0.99,10000,10,34,0.000264086,5.72268e-05,0.9837492769391636,0.9924351602792921
910685.0,398,0.0455625,0.206806,0.99,10000,10,34,0.000511147,4.78508e-05,0.9773914396743181,0.9930825727325833
870711.0,497,0.01,0.491263,0.99,10000,10,19,0.00570004,3.9381e-06,0.9245013907412858,0.9980155353366714
741431.0,422,0.0182106,0.47583,0.99,10000,10,15,0.00402471,8.63603e-06,0.9365593978590997,0.9970612876969666
961320.0,500,0.01,0.668937,0.99,10000,10,24,0.00724347,2.57669e-06,0.9148914222889373,0.9983947928482592
726539.0,344,0.180345,0.162845,0.99,10000,10,28,8.54603e-17,0.00144135,0.9999999907555259,0.9620348844332063
221577.0,447,0.348791,0.145257,0.99,12644,10,34,4.56507e-20,0.00504046,0.9999999997863398,0.9290038029187478
380646.0,397,0.493025,0.102482,0.99,26025,10,20,3.39646e-21,0.00887374,0.9999999999417208,0.9057994692159328
827840.0,422,0.0136897,0.47583,0.99,10000,10,15,0.00457183,6.62453e-06,0.9323846910825662,0.9974261837672437
961320.0,500,0.01,0.700474,0.99,10000,10,24,0.00738199,2.49102e-06,0.9140814920986171,0.9984217034499182
1000000.0,500,0.01,0.77112,0.99,10000,10,27,0.00775883,2.32093e-06,0.9119157789385636,0.9984765401219592
246241.0,500,0.122783,0.235513,0.99,10000,10,37,3.44931e-12,0.000802847,0.999998142768189,0.9716654451243716
890716.0,298,0.0366035,0.274891,0.99,10000,10,34,0.000397357,5.09699e-05,0.9800661845097333,0.9928606793040233
339640.0,500,0.291154,0.175449,0.99,10000,10,26,1.81919e-16,0.00116643,0.9999999865122648,0.965846962067775
849392.0,497,0.01,0.462577,0.99,10000,10,14,0.00533655,4.71001e-06,0.9269483059744676,0.9978297442547017
705931.0,500,0.019148,0.353121,0.99,10000,10,19,0.00310241,1.26116e-05,0.9443007181374841,0.996448718541146
221577.0,425,0.34947,0.139769,0.99,12596,10,20,1.44018e-20,0.00628927,0.9999999998799926,0.9206950821197071
956677.0,500,0.01,0.625575,0.99,10000,10,24,0.00701185,2.72457e-06,0.9162632099970389,0.9983493728464611
221577.0,435,0.34947,0.145257,0.99,12596,10,21,3.3411299999999994e-20,0.00539888,0.9999999998172124,0.9265229287464449
961320.0,500,0.01,0.640222,0.99,10000,10,24,0.00710479,2.66944e-06,0.9157100836398564,0.9983661579023664
676043.0,426,0.119876,0.182593,0.99,10000,11,27,5.71066e-09,0.000342797,0.9999244310910493,0.9814852221185346
221577.0,435,0.34947,0.145257,0.99,12596,10,21,3.3411299999999994e-20,0.00539888,0.9999999998172124,0.9265229287464449
705931.0,467,0.019148,0.392852,0.99,10000,10,30,0.0033038,1.14005e-05,0.9425213082960302,0.9966235373539754
700877.0,375,0.180345,0.162845,0.99,10000,10,27,1.71715e-15,0.00095571,0.9999999585614914,0.9690854403233686
664370.0,474,0.019148,0.405164,0.99,10000,10,16,0.00325062,1.2253e-05,0.942985791244638,0.9964995714548073
859479.0,470,0.0126718,0.47583,0.99,10000,10,16,0.00526239,5.01116e-06,0.9274576675312959,0.9977614379615476
715704.0,389,0.180345,0.162845,0.99,10003,10,28,4.93986e-11,0.00059676,0.9999929715862387,0.9755713283210077
1000000.0,500,0.01,0.77112,0.99,10000,10,22,0.00775883,2.31975e-06,0.9119157789385636,0.9984769274475587
283530.0,421,0.435132,0.107365,0.99,20104,10,19,4.95605e-25,0.00956469,0.999999999999296,0.9022007668741723
1000000.0,500,0.01,0.77112,0.99,10000,10,22,0.00775883,2.31975e-06,0.9119157789385636,0.9984769274475587
289248.0,397,0.426115,0.123138,0.99,21243,10,21,1.0721099999999999e-20,0.00742125,0.9999999998964573,0.9138533227570558
250714.0,447,0.436787,0.173191,0.99,10000,10,26,1.3071300000000001e-18,0.00276338,0.9999999988567021,0.947432139096212
221577.0,454,0.314452,0.130168,0.99,12596,10,21,1.2204199999999997e-20,0.00639719,0.9999999998895274,0.920017564428182
253875.0,494,0.499243,0.141683,0.99,12009,10,20,4.44717e-19,0.00348775,0.999999999333129,0.9409428243140598
342518.0,445,0.349114,0.1,0.99,24329,10,21,4.21093e-21,0.00839856,0.9999999999351084,0.9083563422816396
200000.0,398,0.425666,0.138495,0.979372,16274,10,32,6.969109999999999e-21,0.00791889,0.9999999999165188,0.9110118547221036
253875.0,494,0.47135,0.137403,0.99,12596,10,17,2.47153e-19,0.0038486,0.9999999995028551,0.9379629143173215
284602.0,447,0.436787,0.173191,0.99,10000,10,26,2.6321800000000007e-18,0.00232052,0.9999999983776006,0.9518282240310781
269556.0,452,0.492878,0.137403,0.99,15257,10,20,2.26791e-19,0.00429749,0.9999999995237742,0.9344447561212682
911728.0,500,0.0222664,0.236861,0.99,10000,10,40,0.00226401,1.59636e-05,0.9524183859037968,0.9960045525907604
676043.0,496,0.01,0.702717,0.99,10000,10,27,0.00611921,3.31374e-06,0.9217746204866988,0.9981796319053554
705931.0,500,0.019148,0.392852,0.99,10000,10,28,0.00366114,9.70381e-06,0.9394926450751646,0.9968849061009337
200000.0,398,0.398406,0.120875,0.99,20410,10,22,2.84486e-21,0.00919594,0.9999999999466628,0.9041045360822526
722631.0,481,0.01,0.77112,0.99,10000,10,22,0.00659052,2.72694e-06,0.9188179822867157,0.9983486550935676
828196.0,487,0.01,0.543252,0.99,10000,10,27,0.00582205,3.74443e-06,0.9236976409276882,0.9980649470291488
298419.0,396,0.426115,0.12181,0.99,21243,10,17,9.23536e-21,0.00757077,0.9999999999038992,0.9129898281808385
852490.0,500,0.0222664,0.288684,0.99,10000,10,33,0.00300806,1.27992e-05,0.9451542162058012,0.9964224030411462
913180.0,475,0.0222664,0.236861,0.99,10262,10,26,0.00201494,1.90711e-05,0.9551119169489273,0.995632952942777
339640.0,500,0.291154,0.175449,0.99,10000,10,26,1.81919e-16,0.00116643,0.9999999865122648,0.965846962067775
269556.0,452,0.412116,0.137403,0.99,15257,10,21,1.34615e-19,0.00456555,0.9999999996331008,0.9324311462284582
827840.0,422,0.0136897,0.47583,0.99,10000,10,15,0.00457183,6.62453e-06,0.9323846910825662,0.9974261837672437
380646.0,397,0.493025,0.102482,0.99,26025,10,21,3.91637e-21,0.008862,0.9999999999374191,0.9058618037139016
221577.0,471,0.34947,0.140977,0.99,12596,10,34,5.167889999999999e-20,0.00477914,0.9999999997726701,0.9308686756961795
788337.0,422,0.0136897,0.47583,0.99,10000,10,15,0.00433639,7.51793e-06,0.9341487281823654,0.9972581156114818
961320.0,500,0.01,0.640222,0.99,10000,10,24,0.00710479,2.66944e-06,0.9157100836398564,0.9983661579023664
339640.0,443,0.305354,0.173191,0.99,10000,10,26,3.97052e-18,0.00201403,0.9999999980073836,0.9551220544142226
835174.0,325,0.0366035,0.30989,0.99,10000,10,32,0.000997715,3.29605e-05,0.9684133730829011,0.9942588764165888
878900.0,500,0.0222664,0.265401,0.99,10000,10,21,0.00270048,1.38983e-05,0.948033857176042,0.9962719576182667
1000000.0,500,0.01,0.700474,0.99,10000,10,23,0.00750267,2.48316e-06,0.9133820457410821,0.9984241954435908
200000.0,453,0.398406,0.130168,0.99,17365,10,22,2.1628399999999998e-20,0.00609799,0.999999999852934,0.9219103720075451
758644.0,374,0.0455625,0.227609,0.99,10000,10,34,0.000129983,7.66967e-05,0.9885989912726987,0.9912423347860289
913180.0,475,0.0222664,0.259001,0.99,10262,10,26,0.00250963,1.53843e-05,0.9499037925587176,0.9960777175012501
726539.0,344,0.180345,0.162845,0.99,10000,10,28,8.54603e-17,0.00144135,0.9999999907555259,0.9620348844332063
705931.0,500,0.0196214,0.411439,0.99,10000,10,28,0.00391008,9.06049e-06,0.9374693675067971,0.996989935216644
884673.0,497,0.01,0.462577,0.99,10000,10,14,0.005512,4.27437e-06,0.9257571552269177,0.9979325450428123
992687.0,500,0.0181805,0.269214,0.99,10000,10,24,0.00346506,1.04297e-05,0.9411352397439691,0.9967704953940272
858634.0,437,0.01,0.47583,0.99,10000,10,30,0.00495423,6.07578e-06,0.929613708721087,0.9975350902653444
221577.0,425,0.34947,0.145257,0.99,12596,10,21,3.1178399999999996e-20,0.00569524,0.9999999998234259,0.9245331861014393
715704.0,389,0.180345,0.162845,0.99,10003,10,28,4.93986e-11,0.00059676,0.9999929715862387,0.9755713283210077
819188.0,404,0.0455625,0.170252,0.99,10000,10,22,3.16313e-06,0.000189634,0.9982214809531523,0.986229233862998
676043.0,426,0.119876,0.182593,0.99,10000,11,27,5.71066e-09,0.000342797,0.9999244310910493,0.9814852221185346
352931.0,461,0.291154,0.173191,0.99,10008,10,26,9.32839e-18,0.00161925,0.9999999969457587,0.9597600944335104
832988.0,359,0.0343275,0.270864,0.99,10000,10,23,0.000808608,3.49241e-05,0.9715639665213307,0.9940903384191647
210870.0,447,0.34947,0.137959,0.99,12596,10,34,2.6371899999999998e-20,0.00582834,0.9999999998376057,0.9236564344558102
339640.0,454,0.291154,0.173191,0.99,10270,10,26,6.0772700000000016e-18,0.00185203,0.9999999975347881,0.9569647818641522
829748.0,500,0.01,0.594368,0.99,10000,10,33,0.00628874,3.1286e-06,0.9206984237231062,0.9982312151063513
664370.0,484,0.019148,0.47583,0.99,10000,10,15,0.00418871,8.25184e-06,0.9352797558719067,0.9971273983917014
870711.0,497,0.01,0.491263,0.99,10000,10,19,0.00570004,3.9381e-06,0.9245013907412858,0.9980155353366714
841436.0,462,0.01,0.47583,0.99,10000,10,15,0.00510583,5.50261e-06,0.9285449092086505,0.9976542357322186
854528.0,495,0.0222664,0.236861,0.99,10000,10,40,0.00187144,2.03631e-05,0.9567398566807737,0.9954874508312928
861079.0,500,0.01,0.594368,0.99,10000,10,34,0.00643434,3.01911e-06,0.9197856621295171,0.9982624413678958
832915.0,379,0.0285553,0.283427,0.99,10000,10,36,0.00127781,2.67511e-05,0.964253531642972,0.9948278534436851
247594.0,396,0.426115,0.12181,0.99,21243,11,17,7.73704e-22,0.00940956,0.9999999999721845,0.9029971134450113
221577.0,458,0.34947,0.140977,0.99,12596,10,32,3.9012799999999996e-20,0.00511472,0.9999999998024834,0.9284827293585668
744242.0,397,0.0455625,0.232089,0.99,10000,10,34,0.000264086,5.72268e-05,0.9837492769391636,0.9924351602792921
832915.0,379,0.0285553,0.277813,0.99,10000,10,36,0.00118223,2.8643e-05,0.9656164283414302,0.9946480844550759
741431.0,422,0.0182106,0.47583,0.99,10000,10,15,0.00402471,8.63603e-06,0.9365593978590997,0.9970612876969666
961320.0,500,0.01,0.668937,0.99,10000,10,24,0.00724347,2.57669e-06,0.9148914222889373,0.9983947928482592
898126.0,500,0.01,0.640222,0.99,10000,10,24,0.00686217,2.72662e-06,0.917161784181454,0.9983487519871321
221577.0,447,0.348791,0.145257,0.99,12644,10,34,4.56507e-20,0.00504046,0.9999999997863398,0.9290038029187478
380646.0,397,0.493025,0.102482,0.99,26025,10,20,3.39646e-21,0.00887374,0.9999999999417208,0.9057994692159328
961320.0,500,0.01,0.700474,0.99,10000,10,24,0.00738199,2.49102e-06,0.9140814920986171,0.9984217034499182
1000000.0,500,0.01,0.77112,0.99,10000,10,27,0.00775883,2.32093e-06,0.9119157789385636,0.9984765401219592
890716.0,298,0.0366035,0.274891,0.99,10000,10,34,0.000397357,5.09699e-05,0.9800661845097333,0.9928606793040233
849392.0,497,0.01,0.462577,0.99,10000,10,14,0.00533655,4.71001e-06,0.9269483059744676,0.9978297442547017
705931.0,500,0.019148,0.353121,0.99,10000,10,19,0.00310241,1.26116e-05,0.9443007181374841,0.996448718541146
221577.0,425,0.34947,0.139769,0.99,12596,10,20,1.44018e-20,0.00628927,0.9999999998799926,0.9206950821197071
856788.0,450,0.01,0.74771,0.99,10000,10,22,0.00686329,2.6733e-06,0.9171550242923567,0.9983649770643811
221577.0,435,0.34947,0.145257,0.99,12596,10,21,3.3411299999999994e-20,0.00539888,0.9999999998172124,0.9265229287464449
700877.0,375,0.180345,0.162845,0.99,10000,10,27,1.71715e-15,0.00095571,0.9999999585614914,0.9690854403233686
906771.0,377,0.0455625,0.227609,0.99,10000,10,34,0.000678709,4.57022e-05,0.9739479559343226,0.9932396597718753
745028.0,386,0.0276638,0.333827,0.99,10000,10,30,0.00167329,2.27649e-05,0.9590941324502218,0.9952287423041718
788337.0,460,0.0136897,0.47583,0.99,10000,10,15,0.00475106,6.13473e-06,0.9310720666202736,0.9975231612890622
859479.0,470,0.0126718,0.47583,0.99,10000,10,16,0.00526239,5.01116e-06,0.9274576675312959,0.9977614379615476
221577.0,435,0.34947,0.145257,0.99,12596,10,21,3.3411299999999994e-20,0.00539888,0.9999999998172124,0.9265229287464449
321017.0,398,0.226211,0.249624,0.99,13524,10,21,5.42443e-13,0.000769414,0.999999263492702,0.9722616871457546
705931.0,467,0.019148,0.392852,0.99,10000,10,30,0.0033038,1.14005e-05,0.9425213082960302,0.9966235373539754
283530.0,421,0.435132,0.107365,0.99,20104,10,19,4.95605e-25,0.00956469,0.999999999999296,0.9022007668741723
1000000.0,500,0.01,0.77112,0.99,10000,10,22,0.00775883,2.31975e-06,0.9119157789385636,0.9984769274475587
283530.0,421,0.435132,0.107365,0.99,20104,10,19,4.95605e-25,0.00956469,0.999999999999296,0.9022007668741723
1000000.0,500,0.01,0.77112,0.99,10000,10,22,0.00775883,2.31975e-06,0.9119157789385636,0.9984769274475587
221577.0,454,0.314452,0.130168,0.99,12596,10,21,1.2204199999999997e-20,0.00639719,0.9999999998895274,0.920017564428182
289248.0,397,0.426115,0.123138,0.99,21243,10,21,1.0721099999999999e-20,0.00742125,0.9999999998964573,0.9138533227570558
380646.0,397,0.493025,0.102482,0.99,26025,10,20,3.39646e-21,0.00887374,0.9999999999417208,0.9057994692159328
278909.0,397,0.426115,0.119657,0.99,21243,10,21,3.56896e-21,0.00811359,0.9999999999402592,0.9099245316415174
221577.0,500,0.34947,0.141155,0.99,12596,10,28,1.19363e-19,0.00406937,0.9999999996545105,0.9362083861310908
745028.0,386,0.0276638,0.333827,0.99,10000,10,30,0.00167329,2.27649e-05,0.9590941324502218,0.9952287423041718
961320.0,500,0.01,0.700474,0.99,10000,10,24,0.00738199,2.49102e-06,0.9140814920986171,0.9984217034499182
266508.0,460,0.34947,0.166487,0.99,10000,10,22,8.97063e-19,0.00281643,0.9999999990528659,0.9469299519502762
200000.0,494,0.47135,0.137403,0.99,12596,10,22,6.720579999999999e-20,0.00463549,0.9999999997407591,0.9319155671243419
253875.0,494,0.499243,0.141683,0.99,12009,10,20,4.44717e-19,0.00348775,0.999999999333129,0.9409428243140598
210870.0,441,0.34947,0.137959,0.99,12596,10,19,1.2890899999999997e-20,0.00610954,0.9999999998864619,0.9218364535093244
803115.0,500,0.01,0.730494,0.99,10000,10,19,0.00691215,2.53669e-06,0.9168606591317925,0.9984073010328377
878900.0,500,0.0222664,0.265401,0.99,10000,10,21,0.00270048,1.38983e-05,0.948033857176042,0.9962719576182667
832915.0,379,0.0285553,0.283427,0.99,10000,10,36,0.00127781,2.67511e-05,0.964253531642972,0.9948278534436851
253875.0,494,0.47135,0.137403,0.99,12596,10,17,2.47153e-19,0.0038486,0.9999999995028551,0.9379629143173215
722631.0,481,0.01,0.77112,0.99,10000,10,22,0.00659052,2.72694e-06,0.9188179822867157,0.9983486550935676
705931.0,500,0.019148,0.392852,0.99,10000,10,28,0.00366114,9.70381e-06,0.9394926450751646,0.9968849061009337
200000.0,398,0.425666,0.138495,0.979372,16274,10,32,6.969109999999999e-21,0.00791889,0.9999999999165188,0.9110118547221036
284602.0,447,0.436787,0.173191,0.99,10000,10,26,2.6321800000000007e-18,0.00232052,0.9999999983776006,0.9518282240310781
221577.0,454,0.314452,0.111307,0.99,12596,10,21,1.63613e-21,0.00907557,0.9999999999595509,0.9047342139065656
906771.0,377,0.0455625,0.227609,0.99,10000,10,34,0.000678709,4.57022e-05,0.9739479559343226,0.9932396597718753
890716.0,298,0.0366035,0.274891,0.99,10000,10,34,0.000397357,5.09699e-05,0.9800661845097333,0.9928606793040233
827840.0,422,0.0136897,0.47583,0.99,10000,10,15,0.00457183,6.62453e-06,0.9323846910825662,0.9974261837672437
298419.0,396,0.426115,0.12181,0.99,21243,10,17,9.23536e-21,0.00757077,0.9999999999038992,0.9129898281808385
852490.0,500,0.0222664,0.288684,0.99,10000,10,33,0.00300806,1.27992e-05,0.9451542162058012,0.9964224030411462
247594.0,396,0.426115,0.12181,0.99,21243,11,17,7.73704e-22,0.00940956,0.9999999999721845,0.9029971134450113
913180.0,475,0.0222664,0.236861,0.99,10262,10,26,0.00201494,1.90711e-05,0.9551119169489273,0.995632952942777
339640.0,500,0.291154,0.175449,0.99,10000,10,26,1.81919e-16,0.00116643,0.9999999865122648,0.965846962067775
788337.0,422,0.0136897,0.47583,0.99,10000,10,15,0.00433639,7.51793e-06,0.9341487281823654,0.9972581156114818
788337.0,460,0.0136897,0.47583,0.99,10000,10,15,0.00475106,6.13473e-06,0.9310720666202736,0.9975231612890622
913180.0,475,0.0222664,0.259001,0.99,10262,10,26,0.00250963,1.53843e-05,0.9499037925587176,0.9960777175012501
339640.0,443,0.305354,0.173191,0.99,10000,10,26,3.97052e-18,0.00201403,0.9999999980073836,0.9551220544142226
835174.0,325,0.0366035,0.30989,0.99,10000,10,32,0.000997715,3.29605e-05,0.9684133730829011,0.9942588764165888
1000000.0,500,0.01,0.700474,0.99,10000,10,23,0.00750267,2.48316e-06,0.9133820457410821,0.9984241954435908
758644.0,374,0.0455625,0.227609,0.99,10000,10,34,0.000129983,7.66967e-05,0.9885989912726987,0.9912423347860289
726539.0,344,0.180345,0.162845,0.99,10000,10,28,8.54603e-17,0.00144135,0.9999999907555259,0.9620348844332063
705931.0,500,0.0196214,0.411439,0.99,10000,10,28,0.00391008,9.06049e-06,0.9374693675067971,0.996989935216644
705931.0,467,0.019148,0.392852,0.99,10000,10,30,0.0033038,1.14005e-05,0.9425213082960302,0.9966235373539754
284602.0,447,0.436787,0.16865,0.99,10000,10,26,1.6730500000000001e-18,0.00255051,0.9999999987065357,0.9494974258081827
992687.0,500,0.0144221,0.269214,0.99,10000,10,24,0.00346155,1.00108e-05,0.9411650614005589,0.9968360151707064
858634.0,437,0.01,0.47583,0.99,10000,10,30,0.00495423,6.07578e-06,0.929613708721087,0.9975350902653444
819188.0,404,0.0455625,0.170252,0.99,10000,10,22,3.16313e-06,0.000189634,0.9982214809531523,0.986229233862998
854528.0,495,0.0222664,0.236861,0.99,10000,10,40,0.00187144,2.03631e-05,0.9567398566807737,0.9954874508312928
200000.0,486,0.314452,0.130168,0.99,12596,10,22,2.06653e-20,0.0057453,0.9999999998562457,0.924202242777243
832988.0,359,0.0343275,0.270864,0.99,10000,10,23,0.000808608,3.49241e-05,0.9715639665213307,0.9940903384191647
221577.0,471,0.34947,0.140977,0.99,12596,10,34,5.167889999999999e-20,0.00477914,0.9999999997726701,0.9308686756961795
700877.0,375,0.180345,0.162845,0.99,10000,10,27,1.71715e-15,0.00095571,0.9999999585614914,0.9690854403233686
339640.0,454,0.291154,0.173191,0.99,10270,10,26,6.0772700000000016e-18,0.00185203,0.9999999975347881,0.9569647818641522
662767.0,484,0.0157541,0.47583,0.99,10000,10,15,0.00417922,8.21953e-06,0.9353531129906474,0.9971330277294679
841436.0,462,0.01,0.47583,0.99,10000,10,15,0.00510583,5.50261e-06,0.9285449092086505,0.9976542357322186
911728.0,500,0.0222664,0.236861,0.99,10000,10,40,0.00226401,1.59636e-05,0.9524183859037968,0.9960045525907604
676043.0,496,0.01,0.702717,0.99,10000,10,27,0.00611921,3.31374e-06,0.9217746204866988,0.9981796319053554
722631.0,458,0.01,0.77112,0.99,10000,10,22,0.00641245,2.94593e-06,0.9199222253056443,0.9982836288280211
705931.0,500,0.019148,0.353121,0.99,10000,10,19,0.00310241,1.26116e-05,0.9443007181374841,0.996448718541146
829748.0,500,0.01,0.594368,0.99,10000,10,33,0.00628874,3.1286e-06,0.9206984237231062,0.9982312151063513
200000.0,447,0.436787,0.173191,0.99,10000,10,26,3.19681e-19,0.00349435,0.9999999994345966,0.9408869726709924
321017.0,398,0.226211,0.249624,0.99,13524,10,21,5.42443e-13,0.000769414,0.999999263492702,0.9722616871457546
744242.0,397,0.0455625,0.232089,0.99,10000,10,34,0.000264086,5.72268e-05,0.9837492769391636,0.9924351602792921
832915.0,379,0.0285553,0.277813,0.99,10000,10,36,0.00118223,2.8643e-05,0.9656164283414302,0.9946480844550759
221577.0,425,0.34947,0.145257,0.99,12596,10,21,3.1178399999999996e-20,0.00569524,0.9999999998234259,0.9245331861014393
676043.0,426,0.119876,0.182593,0.99,10000,11,27,5.71066e-09,0.000342797,0.9999244310910493,0.9814852221185346
898126.0,500,0.01,0.640222,0.99,10000,10,24,0.00686217,2.72662e-06,0.917161784181454,0.9983487519871321
741431.0,422,0.0182106,0.47583,0.99,10000,10,15,0.00402471,8.63603e-06,0.9365593978590997,0.9970612876969666
221577.0,458,0.34947,0.140977,0.99,12596,10,32,3.9012799999999996e-20,0.00511472,0.9999999998024834,0.9284827293585668
1000000.0,500,0.01,0.77112,0.99,10000,10,27,0.00775883,2.32093e-06,0.9119157789385636,0.9984765401219592
852490.0,466,0.0222664,0.274356,0.99,10000,10,35,0.00232055,1.59409e-05,0.9518279126464297,0.9960073943345229
870711.0,497,0.01,0.491263,0.99,10000,10,19,0.00570004,3.9381e-06,0.9245013907412858,0.9980155353366714
221577.0,435,0.34947,0.145257,0.99,12596,10,21,3.3411299999999994e-20,0.00539888,0.9999999998172124,0.9265229287464449
221577.0,447,0.348791,0.145257,0.99,12644,10,34,4.56507e-20,0.00504046,0.9999999997863398,0.9290038029187478
859479.0,470,0.0126718,0.47583,0.99,10000,10,16,0.00526239,5.01116e-06,0.9274576675312959,0.9977614379615476
221577.0,435,0.34947,0.145257,0.99,12596,10,21,3.3411299999999994e-20,0.00539888,0.9999999998172124,0.9265229287464449
250714.0,447,0.436787,0.173191,0.99,10000,10,26,1.3071300000000001e-18,0.00276338,0.9999999988567021,0.947432139096212
870711.0,497,0.01,0.526692,0.99,10000,10,19,0.00598494,3.52457e-06,0.9226376060349732,0.9981226161820235
884673.0,497,0.01,0.462577,0.99,10000,10,14,0.005512,4.27437e-06,0.9257571552269177,0.9979325450428123
828196.0,487,0.01,0.543252,0.99,10000,10,27,0.00582205,3.74443e-06,0.9236976409276882,0.9980649470291488
715704.0,389,0.19069,0.162845,0.99,10003,10,23,3.22483e-09,0.000531125,0.9999432124133283,0.976953850647017
992216.0,500,0.01,0.787313,0.99,10000,10,27,0.00779044,2.28507e-06,0.9117365307729183,0.9984883552004522
283530.0,421,0.435132,0.107365,0.99,20104,10,19,4.95605e-25,0.00956469,0.999999999999296,0.9022007668741723
283530.0,421,0.435132,0.107365,0.99,20104,10,19,4.95605e-25,0.00956469,0.999999999999296,0.9022007668741723
232676.0,459,0.435132,0.114351,0.99,20104,10,19,3.94158e-21,0.00719899,0.999999999937218,0.9151531379484191
278909.0,397,0.426115,0.119657,0.99,21243,10,21,3.56896e-21,0.00811359,0.9999999999402592,0.9099245316415174
221577.0,454,0.314452,0.130168,0.99,12596,10,21,1.2204199999999997e-20,0.00639719,0.9999999998895274,0.920017564428182
380646.0,397,0.493025,0.102482,0.99,26025,10,20,3.39646e-21,0.00887374,0.9999999999417208,0.9057994692159328
935017.0,500,0.0174634,0.261144,0.99,10000,10,19,0.00295014,1.2146e-05,0.9456848087548244,0.996514888810956
221577.0,500,0.34947,0.141155,0.99,12596,10,28,1.19363e-19,0.00406937,0.9999999996545105,0.9362083861310908
961320.0,500,0.01,0.700474,0.99,10000,10,24,0.00738199,2.49102e-06,0.9140814920986171,0.9984217034499182
266508.0,460,0.34947,0.166487,0.99,10000,10,22,8.97063e-19,0.00281643,0.9999999990528659,0.9469299519502762
200000.0,494,0.47135,0.137403,0.99,12596,10,22,6.720579999999999e-20,0.00463549,0.9999999997407591,0.9319155671243419
803115.0,500,0.01,0.730494,0.99,10000,10,19,0.00691215,2.53669e-06,0.9168606591317925,0.9984073010328377
253875.0,494,0.499243,0.141683,0.99,12009,10,20,4.44717e-19,0.00348775,0.999999999333129,0.9409428243140598
210870.0,441,0.34947,0.137959,0.99,12596,10,19,1.2890899999999997e-20,0.00610954,0.9999999998864619,0.9218364535093244
726539.0,344,0.180345,0.162845,0.99,10000,10,28,8.54603e-17,0.00144135,0.9999999907555259,0.9620348844332063
705931.0,500,0.019148,0.392852,0.99,10000,10,28,0.00366114,9.70381e-06,0.9394926450751646,0.9968849061009337
969398.0,500,0.0192251,0.236861,0.99,10000,10,40,0.00260829,1.37947e-05,0.9489285794205801,0.9962858783003246
884673.0,497,0.01,0.462577,0.99,10000,10,14,0.005512,4.27437e-06,0.9257571552269177,0.9979325450428123
326706.0,460,0.296005,0.164066,0.99,10000,10,22,2.5341900000000002e-18,0.00231437,0.9999999984080861,0.95189210044078
221577.0,454,0.314452,0.111307,0.99,12596,10,21,1.63613e-21,0.00907557,0.9999999999595509,0.9047342139065656
906771.0,377,0.0455625,0.227609,0.99,10000,10,34,0.000678709,4.57022e-05,0.9739479559343226,0.9932396597718753
890716.0,298,0.0366035,0.274891,0.99,10000,10,34,0.000397357,5.09699e-05,0.9800661845097333,0.9928606793040233
827840.0,422,0.0136897,0.47583,0.99,10000,10,15,0.00457183,6.62453e-06,0.9323846910825662,0.9974261837672437
722631.0,481,0.01,0.77112,0.99,10000,10,22,0.00659052,2.72694e-06,0.9188179822867157,0.9983486550935676
859479.0,470,0.0126718,0.47583,0.99,10000,10,16,0.00526239,5.01116e-06,0.9274576675312959,0.9977614379615476
745028.0,386,0.0276638,0.327259,0.99,10000,10,30,0.00157352,2.42568e-05,0.9603323809638138,0.9950748807121045
247594.0,396,0.426115,0.12181,0.99,21243,11,17,7.73704e-22,0.00940956,0.9999999999721845,0.9029971134450113
913180.0,475,0.0222664,0.236861,0.99,10262,10,26,0.00201494,1.90711e-05,0.9551119169489273,0.995632952942777
832915.0,379,0.0285553,0.283427,0.99,10000,10,36,0.00127781,2.67511e-05,0.964253531642972,0.9948278534436851
788337.0,422,0.0136897,0.47583,0.99,10000,10,15,0.00433639,7.51793e-06,0.9341487281823654,0.9972581156114818
788337.0,460,0.0136897,0.47583,0.99,10000,10,15,0.00475106,6.13473e-06,0.9310720666202736,0.9975231612890622
835174.0,325,0.0366035,0.30989,0.99,10000,10,32,0.000997715,3.29605e-05,0.9684133730829011,0.9942588764165888
1000000.0,500,0.01,0.700474,0.99,10000,10,23,0.00750267,2.48316e-06,0.9133820457410821,0.9984241954435908
339640.0,443,0.305354,0.173191,0.99,10000,10,26,3.97052e-18,0.00201403,0.9999999980073836,0.9551220544142226
758644.0,374,0.0455625,0.227609,0.99,10000,10,34,0.000129983,7.66967e-05,0.9885989912726987,0.9912423347860289
705931.0,500,0.0196214,0.411439,0.99,10000,10,28,0.00391008,9.06049e-06,0.9374693675067971,0.996989935216644
992687.0,500,0.0144221,0.269214,0.99,10000,10,24,0.00346155,1.00108e-05,0.9411650614005589,0.9968360151707064
705931.0,467,0.019148,0.392852,0.99,10000,10,30,0.0033038,1.14005e-05,0.9425213082960302,0.9966235373539754
858634.0,437,0.01,0.47583,0.99,10000,10,30,0.00495423,6.07578e-06,0.929613708721087,0.9975350902653444
715704.0,389,0.19069,0.162845,0.99,10003,10,23,3.22483e-09,0.000531125,0.9999432124133283,0.976953850647017
321017.0,398,0.226211,0.249624,0.99,13524,10,21,5.42443e-13,0.000769414,0.999999263492702,0.9722616871457546
200000.0,486,0.314452,0.130168,0.99,12596,10,22,2.06653e-20,0.0057453,0.9999999998562457,0.924202242777243
339640.0,443,0.395902,0.173191,0.99,10000,10,26,1.43462e-17,0.00179758,0.9999999962123622,0.9576021226946443
221577.0,471,0.34947,0.140977,0.99,12596,10,34,5.167889999999999e-20,0.00477914,0.9999999997726701,0.9308686756961795
832988.0,359,0.0343275,0.270864,0.99,10000,10,23,0.000808608,3.49241e-05,0.9715639665213307,0.9940903384191647
700877.0,375,0.180345,0.162845,0.99,10000,10,27,1.71715e-15,0.00095571,0.9999999585614914,0.9690854403233686
782804.0,500,0.01,0.730494,0.99,10000,10,19,0.00682196,2.56547e-06,0.9174048427569752,0.9983982915371392
662767.0,484,0.0157541,0.47583,0.99,10000,10,15,0.00417922,8.21953e-06,0.9353531129906474,0.9971330277294679
870711.0,497,0.01,0.491263,0.99,10000,10,19,0.00570004,3.9381e-06,0.9245013907412858,0.9980155353366714
841436.0,462,0.01,0.47583,0.99,10000,10,15,0.00510583,5.50261e-06,0.9285449092086505,0.9976542357322186
911728.0,500,0.0222664,0.236861,0.99,10000,10,40,0.00226401,1.59636e-05,0.9524183859037968,0.9960045525907604
676043.0,496,0.01,0.702717,0.99,10000,10,27,0.00611921,3.31374e-06,0.9217746204866988,0.9981796319053554
722631.0,458,0.01,0.77112,0.99,10000,10,22,0.00641245,2.94593e-06,0.9199222253056443,0.9982836288280211
870711.0,497,0.01,0.526692,0.99,10000,10,19,0.00598494,3.52457e-06,0.9226376060349732,0.9981226161820235
854528.0,495,0.0222664,0.236861,0.99,10000,10,40,0.00187144,2.03631e-05,0.9567398566807737,0.9954874508312928
829748.0,500,0.01,0.594368,0.99,10000,10,33,0.00628874,3.1286e-06,0.9206984237231062,0.9982312151063513
221577.0,458,0.34947,0.140977,0.99,12596,10,32,3.9012799999999996e-20,0.00511472,0.9999999998024834,0.9284827293585668
913180.0,475,0.0222664,0.259001,0.99,10262,10,26,0.00250963,1.53843e-05,0.9499037925587176,0.9960777175012501
200000.0,433,0.450217,0.173191,0.99,10000,10,21,3.15369e-19,0.00377409,0.9999999994384228,0.9385663772840963
744242.0,397,0.0455625,0.232089,0.99,10000,10,34,0.000264086,5.72268e-05,0.9837492769391636,0.9924351602792921
828196.0,487,0.01,0.543252,0.99,10000,10,27,0.00582205,3.74443e-06,0.9236976409276882,0.9980649470291488
832915.0,379,0.0285553,0.277813,0.99,10000,10,36,0.00118223,2.8643e-05,0.9656164283414302,0.9946480844550759
221577.0,425,0.34947,0.145257,0.99,12596,10,21,3.1178399999999996e-20,0.00569524,0.9999999998234259,0.9245331861014393
221577.0,447,0.348791,0.145257,0.99,12644,10,34,4.56507e-20,0.00504046,0.9999999997863398,0.9290038029187478
741431.0,422,0.0182106,0.47583,0.99,10000,10,15,0.00402471,8.63603e-06,0.9365593978590997,0.9970612876969666
676043.0,426,0.119876,0.182593,0.99,10000,11,27,5.71066e-09,0.000342797,0.9999244310910493,0.9814852221185346
284602.0,447,0.436787,0.16865,0.99,10000,10,26,1.6730500000000001e-18,0.00255051,0.9999999987065357,0.9494974258081827
1000000.0,500,0.01,0.77112,0.99,10000,10,27,0.00775883,2.32093e-06,0.9119157789385636,0.9984765401219592
852490.0,466,0.0222664,0.274356,0.99,10000,10,35,0.00232055,1.59409e-05,0.9518279126464297,0.9960073943345229
221577.0,435,0.34947,0.145257,0.99,12596,10,21,3.3411299999999994e-20,0.00539888,0.9999999998172124,0.9265229287464449
819188.0,404,0.0455625,0.170252,0.99,10000,10,22,3.16313e-06,0.000189634,0.9982214809531523,0.986229233862998
200000.0,447,0.436787,0.173191,0.99,10000,10,26,3.19681e-19,0.00349435,0.9999999994345966,0.9408869726709924
221577.0,435,0.34947,0.145257,0.99,12596,10,21,3.3411299999999994e-20,0.00539888,0.9999999998172124,0.9265229287464449
339640.0,500,0.291154,0.175449,0.99,10000,10,26,1.81919e-16,0.00116643,0.9999999865122648,0.965846962067775
752812.0,386,0.0276638,0.333827,0.99,10000,10,30,0.00172272,2.2016e-05,0.9584943377356776,0.9953078789444432
253875.0,494,0.45792,0.137403,0.99,12596,10,17,2.14679e-19,0.00387921,0.9999999995366653,0.9377166956560589
339640.0,454,0.291154,0.173191,0.99,10270,10,26,6.0772700000000016e-18,0.00185203,0.9999999975347881,0.9569647818641522
284602.0,441,0.428943,0.168207,0.99,11507,10,26,1.3534400000000004e-18,0.00263902,0.9999999988366256,0.9486286071825962
339640.0,500,0.291154,0.175449,0.99,10000,10,26,1.81919e-16,0.00116643,0.9999999865122648,0.965846962067775
283530.0,421,0.435132,0.107365,0.99,20104,10,19,4.95605e-25,0.00956469,0.999999999999296,0.9022007668741723
283530.0,421,0.435132,0.107365,0.99,20104,10,19,4.95605e-25,0.00956469,0.999999999999296,0.9022007668741723
992216.0,500,0.01,0.787313,0.99,10000,10,27,0.00779044,2.28507e-06,0.9117365307729183,0.9984883552004522
232676.0,459,0.435132,0.114351,0.99,20104,10,19,3.94158e-21,0.00719899,0.999999999937218,0.9151531379484191
278909.0,397,0.426115,0.119657,0.99,21243,10,21,3.56896e-21,0.00811359,0.9999999999402592,0.9099245316415174
221577.0,454,0.314452,0.130168,0.99,12596,10,21,1.2204199999999997e-20,0.00639719,0.9999999998895274,0.920017564428182
266508.0,460,0.34947,0.166487,0.99,10000,10,22,8.97063e-19,0.00281643,0.9999999990528659,0.9469299519502762
380646.0,397,0.493025,0.102482,0.99,26025,10,20,3.39646e-21,0.00887374,0.9999999999417208,0.9057994692159328
961320.0,500,0.01,0.700474,0.99,10000,10,24,0.00738199,2.49102e-06,0.9140814920986171,0.9984217034499182
803115.0,500,0.01,0.730494,0.99,10000,10,19,0.00691215,2.53669e-06,0.9168606591317925,0.9984073010328377
200000.0,486,0.314452,0.130168,0.99,12596,10,22,2.06653e-20,0.0057453,0.9999999998562457,0.924202242777243
253875.0,494,0.499243,0.141683,0.99,12009,10,20,4.44717e-19,0.00348775,0.999999999333129,0.9409428243140598
935017.0,500,0.0174634,0.261144,0.99,10000,10,19,0.00295014,1.2146e-05,0.9456848087548244,0.996514888810956
210870.0,441,0.34947,0.137959,0.99,12596,10,19,1.2890899999999997e-20,0.00610954,0.9999999998864619,0.9218364535093244
218619.0,483,0.357521,0.140977,0.99,12596,10,34,6.34555e-20,0.00451318,0.9999999997480963,0.9328197945820348
221577.0,500,0.303824,0.128419,0.99,12596,10,28,3.3172099999999994e-20,0.00526093,0.9999999998178679,0.927467731319088
726539.0,344,0.180345,0.162845,0.99,10000,10,28,8.54603e-17,0.00144135,0.9999999907555259,0.9620348844332063
705931.0,500,0.019148,0.392852,0.99,10000,10,28,0.00366114,9.70381e-06,0.9394926450751646,0.9968849061009337
745028.0,386,0.0276638,0.327259,0.99,10000,10,30,0.00157352,2.42568e-05,0.9603323809638138,0.9950748807121045
247594.0,396,0.426115,0.12181,0.99,21243,11,17,7.73704e-22,0.00940956,0.9999999999721845,0.9029971134450113
884673.0,497,0.01,0.462577,0.99,10000,10,14,0.005512,4.27437e-06,0.9257571552269177,0.9979325450428123
326706.0,460,0.296005,0.164066,0.99,10000,10,22,2.5341900000000002e-18,0.00231437,0.9999999984080861,0.95189210044078
283530.0,421,0.423064,0.107365,0.99,22233,10,21,9.04362e-22,0.00902632,0.9999999999699274,0.9049930528855916
906771.0,377,0.0455625,0.227609,0.99,10000,10,34,0.000678709,4.57022e-05,0.9739479559343226,0.9932396597718753
827840.0,422,0.0136897,0.47583,0.99,10000,10,15,0.00457183,6.62453e-06,0.9323846910825662,0.9974261837672437
722631.0,481,0.01,0.77112,0.99,10000,10,22,0.00659052,2.72694e-06,0.9188179822867157,0.9983486550935676
832915.0,379,0.0285553,0.283427,0.99,10000,10,36,0.00127781,2.67511e-05,0.964253531642972,0.9948278534436851
221577.0,486,0.34947,0.129745,0.99,12596,10,24,2.44155e-20,0.00542887,0.9999999998437454,0.9263191340984649
788337.0,422,0.0136897,0.47583,0.99,10000,10,15,0.00433639,7.51793e-06,0.9341487281823654,0.9972581156114818
200000.0,494,0.382998,0.137403,0.99,12596,10,22,3.4470099999999997e-20,0.00478993,0.9999999998143387,0.9307906798183944
890716.0,298,0.0366035,0.274891,0.99,10000,10,34,0.000397357,5.09699e-05,0.9800661845097333,0.9928606793040233
835174.0,325,0.0366035,0.30989,0.99,10000,10,32,0.000997715,3.29605e-05,0.9684133730829011,0.9942588764165888
1000000.0,500,0.01,0.700474,0.99,10000,10,23,0.00750267,2.48316e-06,0.9133820457410821,0.9984241954435908
339640.0,443,0.305354,0.173191,0.99,10000,10,26,3.97052e-18,0.00201403,0.9999999980073836,0.9551220544142226
758644.0,374,0.0455625,0.227609,0.99,10000,10,34,0.000129983,7.66967e-05,0.9885989912726987,0.9912423347860289
705931.0,500,0.0196214,0.411439,0.99,10000,10,28,0.00391008,9.06049e-06,0.9374693675067971,0.996989935216644
228094.0,500,0.339469,0.141155,0.99,10605,10,27,1.17013e-19,0.00413941,0.9999999996579284,0.935661753210085
913180.0,475,0.0222664,0.236861,0.99,10262,10,26,0.00201494,1.90711e-05,0.9551119169489273,0.995632952942777
992687.0,500,0.0144221,0.253607,0.99,10000,10,24,0.00315035,1.20213e-05,0.9438720212371762,0.99653282535773
788337.0,460,0.0136897,0.47583,0.99,10000,10,15,0.00475106,6.13473e-06,0.9310720666202736,0.9975231612890622
715704.0,389,0.19069,0.162845,0.99,10003,10,23,3.22483e-09,0.000531125,0.9999432124133283,0.976953850647017
819188.0,404,0.0455625,0.170252,0.99,10000,10,22,3.16313e-06,0.000189634,0.9982214809531523,0.986229233862998
321017.0,398,0.226211,0.249624,0.99,13524,10,21,5.42443e-13,0.000769414,0.999999263492702,0.9722616871457546
969398.0,500,0.0192251,0.236861,0.99,10000,10,30,0.00260869,1.37658e-05,0.9489246634861795,0.9962897708965618
859479.0,470,0.0126718,0.47583,0.99,10000,10,16,0.00526239,5.01116e-06,0.9274576675312959,0.9977614379615476
339640.0,443,0.395902,0.173191,0.99,10000,10,26,1.43462e-17,0.00179758,0.9999999962123622,0.9576021226946443
832988.0,359,0.0343275,0.270864,0.99,10000,10,23,0.000808608,3.49241e-05,0.9715639665213307,0.9940903384191647
700877.0,375,0.180345,0.162845,0.99,10000,10,27,1.71715e-15,0.00095571,0.9999999585614914,0.9690854403233686
782804.0,500,0.01,0.730494,0.99,10000,10,19,0.00682196,2.56547e-06,0.9174048427569752,0.9983982915371392
200000.0,433,0.450217,0.173191,0.99,10000,10,21,3.15369e-19,0.00377409,0.9999999994384228,0.9385663772840963
870711.0,497,0.01,0.491263,0.99,10000,10,19,0.00570004,3.9381e-06,0.9245013907412858,0.9980155353366714
676043.0,496,0.01,0.702717,0.99,10000,10,27,0.00611921,3.31374e-06,0.9217746204866988,0.9981796319053554
752812.0,386,0.0276638,0.333827,0.99,10000,10,30,0.00172272,2.2016e-05,0.9584943377356776,0.9953078789444432
870711.0,497,0.01,0.526692,0.99,10000,10,19,0.00598494,3.52457e-06,0.9226376060349732,0.9981226161820235
854528.0,495,0.0222664,0.236861,0.99,10000,10,40,0.00187144,2.03631e-05,0.9567398566807737,0.9954874508312928
992687.0,500,0.0144221,0.269214,0.99,10000,10,24,0.00346155,1.00108e-05,0.9411650614005589,0.9968360151707064
913180.0,475,0.0222664,0.259001,0.99,10262,10,26,0.00250963,1.53843e-05,0.9499037925587176,0.9960777175012501
1000000.0,500,0.01,0.77112,0.99,10000,10,27,0.00775883,2.32093e-06,0.9119157789385636,0.9984765401219592
828196.0,487,0.01,0.543252,0.99,10000,10,27,0.00582205,3.74443e-06,0.9236976409276882,0.9980649470291488
832915.0,379,0.0285553,0.277813,0.99,10000,10,36,0.00118223,2.8643e-05,0.9656164283414302,0.9946480844550759
676043.0,426,0.119876,0.182593,0.99,10000,11,27,5.71066e-09,0.000342797,0.9999244310910493,0.9814852221185346
722631.0,458,0.01,0.77112,0.99,10000,10,22,0.00641245,2.94593e-06,0.9199222253056443,0.9982836288280211
905042.0,500,0.0222664,0.236861,0.99,10000,10,40,0.00222276,1.62295e-05,0.9528538442712452,0.9959714146403483
852490.0,466,0.0222664,0.274356,0.99,10000,10,35,0.00232055,1.59409e-05,0.9518279126464297,0.9960073943345229
253875.0,494,0.45792,0.137403,0.99,12596,10,17,2.14679e-19,0.00387921,0.9999999995366653,0.9377166956560589
200000.0,447,0.436787,0.173191,0.99,10000,10,26,3.19681e-19,0.00349435,0.9999999994345966,0.9408869726709924
221577.0,471,0.34947,0.140977,0.99,12596,10,34,5.167889999999999e-20,0.00477914,0.9999999997726701,0.9308686756961795
339640.0,500,0.291154,0.175449,0.99,10000,10,26,1.81919e-16,0.00116643,0.9999999865122648,0.965846962067775
841436.0,462,0.01,0.47583,0.99,10000,10,15,0.00510583,5.50261e-06,0.9285449092086505,0.9976542357322186
705931.0,467,0.019148,0.392852,0.99,10000,10,30,0.0033038,1.14005e-05,0.9425213082960302,0.9966235373539754
266508.0,474,0.34947,0.166487,0.99,10000,10,22,1.02785e-18,0.00256583,0.9999999989861706,0.949345977454895
662767.0,484,0.0157541,0.47583,0.99,10000,10,15,0.00417922,8.21953e-06,0.9353531129906474,0.9971330277294679
221577.0,500,0.34947,0.141155,0.99,12596,10,28,1.19363e-19,0.00406937,0.9999999996545105,0.9362083861310908
741431.0,422,0.0182106,0.47583,0.99,10000,10,15,0.00402471,8.63603e-06,0.9365593978590997,0.9970612876969666
284602.0,447,0.436787,0.16865,0.99,10000,10,26,1.6730500000000001e-18,0.00255051,0.9999999987065357,0.9494974258081827
869181.0,462,0.01,0.441885,0.99,10000,10,15,0.00492106,6.0903e-06,0.9298497327161186,0.9975321466818305
829748.0,500,0.01,0.594368,0.99,10000,10,33,0.00628874,3.1286e-06,0.9206984237231062,0.9982312151063513
744242.0,397,0.0455625,0.232089,0.99,10000,10,34,0.000264086,5.72268e-05,0.9837492769391636,0.9924351602792921
858634.0,437,0.01,0.47583,0.99,10000,10,30,0.00495423,6.07578e-06,0.929613708721087,0.9975350902653444
339640.0,454,0.291154,0.173191,0.99,10270,10,26,6.0772700000000016e-18,0.00185203,0.9999999975347881,0.9569647818641522
992216.0,500,0.01,0.787313,0.99,10000,10,27,0.00779044,2.28507e-06,0.9117365307729183,0.9984883552004522
283530.0,421,0.435132,0.107365,0.99,20104,10,19,4.95605e-25,0.00956469,0.999999999999296,0.9022007668741723
283530.0,421,0.435132,0.107365,0.99,20104,10,19,4.95605e-25,0.00956469,0.999999999999296,0.9022007668741723
200000.0,433,0.435132,0.114351,0.99,20104,10,23,1.09476e-21,0.00857904,0.9999999999669128,0.907376892731889
255510.0,439,0.435132,0.114351,0.99,20104,10,19,1.68761e-21,0.0076394,0.9999999999589194,0.9125963387494551
210870.0,471,0.34947,0.122936,0.99,12596,10,19,6.84667e-21,0.00683126,0.9999999999172554,0.9173485632308791
266508.0,460,0.34947,0.166487,0.99,10000,10,22,8.97063e-19,0.00281643,0.9999999990528659,0.9469299519502762
283530.0,421,0.423064,0.107365,0.99,22233,10,21,9.04362e-22,0.00902632,0.9999999999699274,0.9049930528855916
232676.0,459,0.435132,0.114351,0.99,20104,10,19,3.94158e-21,0.00719899,0.999999999937218,0.9151531379484191
200000.0,486,0.314452,0.130168,0.99,12596,10,22,2.06653e-20,0.0057453,0.9999999998562457,0.924202242777243
253875.0,494,0.499243,0.141683,0.99,12009,10,20,4.44717e-19,0.00348775,0.999999999333129,0.9409428243140598
935017.0,500,0.0174634,0.261144,0.99,10000,10,19,0.00295014,1.2146e-05,0.9456848087548244,0.996514888810956
218619.0,483,0.357521,0.140977,0.99,12596,10,34,6.34555e-20,0.00451318,0.9999999997480963,0.9328197945820348
221577.0,500,0.303824,0.128419,0.99,12596,10,28,3.3172099999999994e-20,0.00526093,0.9999999998178679,0.927467731319088
200000.0,441,0.34947,0.137959,0.99,12062,10,18,1.1274499999999997e-20,0.00627207,0.9999999998938186,0.9208035985666015
705931.0,500,0.019148,0.392852,0.99,10000,10,28,0.00366114,9.70381e-06,0.9394926450751646,0.9968849061009337
969398.0,500,0.0192251,0.236861,0.99,10000,10,30,0.00260869,1.37658e-05,0.9489246634861795,0.9962897708965618
903939.0,500,0.01,0.700474,0.99,10000,10,24,0.00718271,2.51069e-06,0.9152491297979779,0.9984154843011191
247594.0,396,0.426115,0.12181,0.99,21243,11,17,7.73704e-22,0.00940956,0.9999999999721845,0.9029971134450113
745028.0,442,0.0294313,0.284455,0.99,10000,10,23,0.0015383,2.3453e-05,0.9607788322458395,0.9951571702487079
906771.0,377,0.0455625,0.227609,0.99,10000,10,34,0.000678709,4.57022e-05,0.9739479559343226,0.9932396597718753
890716.0,298,0.0366035,0.274891,0.99,10000,10,34,0.000397357,5.09699e-05,0.9800661845097333,0.9928606793040233
884673.0,497,0.01,0.462577,0.99,10000,10,14,0.005512,4.27437e-06,0.9257571552269177,0.9979325450428123
339640.0,500,0.291154,0.175449,0.99,10000,10,26,1.81919e-16,0.00116643,0.9999999865122648,0.965846962067775
221577.0,486,0.34947,0.129745,0.99,12596,10,24,2.44155e-20,0.00542887,0.9999999998437454,0.9263191340984649
200000.0,494,0.382998,0.137403,0.99,12596,10,22,3.4470099999999997e-20,0.00478993,0.9999999998143387,0.9307906798183944
210870.0,441,0.34947,0.137959,0.99,12596,10,19,1.2890899999999997e-20,0.00610954,0.9999999998864619,0.9218364535093244
835174.0,325,0.0366035,0.30989,0.99,10000,10,32,0.000997715,3.29605e-05,0.9684133730829011,0.9942588764165888
1000000.0,500,0.01,0.700474,0.99,10000,10,23,0.00750267,2.48316e-06,0.9133820457410821,0.9984241954435908
722631.0,481,0.01,0.77112,0.99,10000,10,22,0.00659052,2.72694e-06,0.9188179822867157,0.9983486550935676
758644.0,374,0.0455625,0.227609,0.99,10000,10,34,0.000129983,7.66967e-05,0.9885989912726987,0.9912423347860289
705931.0,500,0.0196214,0.411439,0.99,10000,10,28,0.00391008,9.06049e-06,0.9374693675067971,0.996989935216644
228094.0,500,0.339469,0.141155,0.99,10605,10,27,1.17013e-19,0.00413941,0.9999999996579284,0.935661753210085
803115.0,500,0.01,0.730494,0.99,10000,10,19,0.00691215,2.53669e-06,0.9168606591317925,0.9984073010328377
726539.0,344,0.180345,0.162845,0.99,10000,10,28,8.54603e-17,0.00144135,0.9999999907555259,0.9620348844332063
992687.0,500,0.0144221,0.269214,0.99,10000,10,24,0.00346155,1.00108e-05,0.9411650614005589,0.9968360151707064
913180.0,475,0.0222664,0.236861,0.99,10262,10,26,0.00201494,1.90711e-05,0.9551119169489273,0.995632952942777
715704.0,389,0.19069,0.162845,0.99,10003,10,23,3.22483e-09,0.000531125,0.9999432124133283,0.976953850647017
819188.0,404,0.0455625,0.170252,0.99,10000,10,22,3.16313e-06,0.000189634,0.9982214809531523,0.986229233862998
321017.0,398,0.226211,0.249624,0.99,13524,10,21,5.42443e-13,0.000769414,0.999999263492702,0.9722616871457546
827840.0,422,0.0136897,0.47583,0.99,10000,10,15,0.00457183,6.62453e-06,0.9323846910825662,0.9974261837672437
317364.0,481,0.291154,0.175449,0.99,10000,10,26,9.98743e-18,0.00160674,0.9999999968397104,0.9599158385393931
339640.0,454,0.291154,0.173191,0.99,10270,10,26,6.0772700000000016e-18,0.00185203,0.9999999975347881,0.9569647818641522
832988.0,359,0.0343275,0.270864,0.99,10000,10,23,0.000808608,3.49241e-05,0.9715639665213307,0.9940903384191647
700877.0,375,0.180345,0.162845,0.99,10000,10,27,1.71715e-15,0.00095571,0.9999999585614914,0.9690854403233686
200000.0,433,0.450217,0.173191,0.99,10000,10,21,3.15369e-19,0.00377409,0.9999999994384228,0.9385663772840963
662767.0,484,0.0157541,0.47583,0.99,10000,10,15,0.00417922,8.21953e-06,0.9353531129906474,0.9971330277294679
870711.0,497,0.01,0.491263,0.99,10000,10,19,0.00570004,3.9381e-06,0.9245013907412858,0.9980155353366714
841436.0,462,0.01,0.47583,0.99,10000,10,15,0.00510583,5.50261e-06,0.9285449092086505,0.9976542357322186
905042.0,500,0.0222664,0.236861,0.99,10000,10,40,0.00222276,1.62295e-05,0.9528538442712452,0.9959714146403483
870711.0,497,0.01,0.526692,0.99,10000,10,19,0.00598494,3.52457e-06,0.9226376060349732,0.9981226161820235
854528.0,495,0.0222664,0.236861,0.99,10000,10,40,0.00187144,2.03631e-05,0.9567398566807737,0.9954874508312928
339640.0,443,0.305354,0.173191,0.99,10000,10,26,3.97052e-18,0.00201403,0.9999999980073836,0.9551220544142226
913180.0,475,0.0222664,0.259001,0.99,10262,10,26,0.00250963,1.53843e-05,0.9499037925587176,0.9960777175012501
744242.0,397,0.0455625,0.232089,0.99,10000,10,34,0.000264086,5.72268e-05,0.9837492769391636,0.9924351602792921
1000000.0,500,0.01,0.77112,0.99,10000,10,27,0.00775883,2.32093e-06,0.9119157789385636,0.9984765401219592
852490.0,466,0.0222664,0.274356,0.99,10000,10,35,0.00232055,1.59409e-05,0.9518279126464297,0.9960073943345229
828196.0,487,0.01,0.543252,0.99,10000,10,27,0.00582205,3.74443e-06,0.9236976409276882,0.9980649470291488
832915.0,379,0.0285553,0.277813,0.99,10000,10,36,0.00118223,2.8643e-05,0.9656164283414302,0.9946480844550759
722631.0,458,0.01,0.77112,0.99,10000,10,22,0.00641245,2.94593e-06,0.9199222253056443,0.9982836288280211
676043.0,426,0.119876,0.182593,0.99,10000,11,27,5.71066e-09,0.000342797,0.9999244310910493,0.9814852221185346
326706.0,460,0.296005,0.164066,0.99,10000,10,22,2.5341900000000002e-18,0.00231437,0.9999999984080861,0.95189210044078
705931.0,467,0.019148,0.392852,0.99,10000,10,30,0.0033038,1.14005e-05,0.9425213082960302,0.9966235373539754
741431.0,422,0.0182106,0.47583,0.99,10000,10,15,0.00402471,8.63603e-06,0.9365593978590997,0.9970612876969666
835539.0,379,0.0285553,0.283427,0.99,10000,10,36,0.00129232,2.64534e-05,0.9640511474452939,0.9948567131131931
841436.0,483,0.01,0.47583,0.99,10000,10,16,0.00529766,4.84575e-06,0.9272149740674636,0.9977986935697182
788337.0,460,0.0136897,0.47583,0.99,10000,10,15,0.00475106,6.13473e-06,0.9310720666202736,0.9975231612890622
335850.0,460,0.296005,0.164066,0.99,10000,10,22,2.9009e-18,0.00221116,0.9999999982967971,0.9529770268911035
253875.0,494,0.45792,0.137403,0.99,12596,10,17,2.14679e-19,0.00387921,0.9999999995366653,0.9377166956560589
992687.0,500,0.0144221,0.253607,0.99,10000,10,24,0.00315035,1.20213e-05,0.9438720212371762,0.99653282535773
788337.0,422,0.0136897,0.47583,0.99,10000,10,15,0.00433639,7.51793e-06,0.9341487281823654,0.9972581156114818
200000.0,447,0.436787,0.173191,0.99,10000,10,26,3.19681e-19,0.00349435,0.9999999994345966,0.9408869726709924
782804.0,479,0.01,0.755213,0.99,10000,10,18,0.00678818,2.61318e-06,0.9176095879364595,0.9983834666721654
221577.0,471,0.34947,0.140977,0.99,12596,10,34,5.167889999999999e-20,0.00477914,0.9999999997726701,0.9308686756961795
266508.0,474,0.34947,0.166487,0.99,10000,10,22,1.02785e-18,0.00256583,0.9999999989861706,0.949345977454895
676043.0,496,0.01,0.702717,0.99,10000,10,27,0.00611921,3.31374e-06,0.9217746204866988,0.9981796319053554
221577.0,500,0.34947,0.141155,0.99,12596,10,28,1.19363e-19,0.00406937,0.9999999996545105,0.9362083861310908
284602.0,447,0.436787,0.16865,0.99,10000,10,26,1.6730500000000001e-18,0.00255051,0.9999999987065357,0.9494974258081827
869181.0,462,0.01,0.441885,0.99,10000,10,15,0.00492106,6.0903e-06,0.9298497327161186,0.9975321466818305
961320.0,500,0.01,0.693195,0.99,10000,10,24,0.00735137,2.50622e-06,0.914259869372621,0.9984168954551262
283530.0,421,0.435132,0.107365,0.99,20104,10,19,4.95605e-25,0.00956469,0.999999999999296,0.9022007668741723
283530.0,421,0.435132,0.107365,0.99,20104,10,19,4.95605e-25,0.00956469,0.999999999999296,0.9022007668741723
992216.0,500,0.01,0.787313,0.99,10000,10,27,0.00779044,2.28507e-06,0.9117365307729183,0.9984883552004522
200000.0,433,0.435132,0.114351,0.99,20104,10,23,1.09476e-21,0.00857904,0.9999999999669128,0.907376892731889
255510.0,439,0.435132,0.114351,0.99,20104,10,19,1.68761e-21,0.0076394,0.9999999999589194,0.9125963387494551
210870.0,471,0.34947,0.122936,0.99,12596,10,19,6.84667e-21,0.00683126,0.9999999999172554,0.9173485632308791
266508.0,460,0.34947,0.166487,0.99,10000,10,22,8.97063e-19,0.00281643,0.9999999990528659,0.9469299519502762
283530.0,421,0.423064,0.107365,0.99,22233,10,21,9.04362e-22,0.00902632,0.9999999999699274,0.9049930528855916
232676.0,459,0.435132,0.114351,0.99,20104,10,19,3.94158e-21,0.00719899,0.999999999937218,0.9151531379484191
200000.0,441,0.34947,0.137959,0.99,12062,10,18,1.1274499999999997e-20,0.00627207,0.9999999998938186,0.9208035985666015
745028.0,442,0.0294313,0.284455,0.99,10000,10,23,0.0015383,2.3453e-05,0.9607788322458395,0.9951571702487079
878044.0,500,0.01,0.730494,0.99,10000,10,29,0.00721793,2.4418e-06,0.9150415984142828,0.9984373740050799
1000000.0,500,0.01,0.77112,0.99,10000,10,27,0.00775883,2.32093e-06,0.9119157789385636,0.9984765401219592
200000.0,486,0.314452,0.130168,0.99,12596,10,22,2.06653e-20,0.0057453,0.9999999998562457,0.924202242777243
253875.0,494,0.499243,0.141683,0.99,12009,10,20,4.44717e-19,0.00348775,0.999999999333129,0.9409428243140598
935017.0,500,0.0174634,0.261144,0.99,10000,10,19,0.00295014,1.2146e-05,0.9456848087548244,0.996514888810956
218619.0,483,0.357521,0.140977,0.99,12596,10,34,6.34555e-20,0.00451318,0.9999999997480963,0.9328197945820348
221577.0,500,0.303824,0.128419,0.99,12596,10,28,3.3172099999999994e-20,0.00526093,0.9999999998178679,0.927467731319088
969398.0,500,0.0192251,0.236861,0.99,10000,10,30,0.00260869,1.37658e-05,0.9489246634861795,0.9962897708965618
854528.0,495,0.0222664,0.236861,0.99,10000,10,40,0.00187144,2.03631e-05,0.9567398566807737,0.9954874508312928
722631.0,458,0.01,0.77112,0.99,10000,10,22,0.00641245,2.94593e-06,0.9199222253056443,0.9982836288280211
247594.0,396,0.426115,0.12181,0.99,21243,11,17,7.73704e-22,0.00940956,0.9999999999721845,0.9029971134450113
210870.0,441,0.34947,0.137959,0.99,12596,10,19,1.2890899999999997e-20,0.00610954,0.9999999998864619,0.9218364535093244
676043.0,496,0.01,0.702717,0.99,10000,10,27,0.00611921,3.31374e-06,0.9217746204866988,0.9981796319053554
890716.0,298,0.0366035,0.274891,0.99,10000,10,34,0.000397357,5.09699e-05,0.9800661845097333,0.9928606793040233
827840.0,422,0.0136897,0.47583,0.99,10000,10,15,0.00457183,6.62453e-06,0.9323846910825662,0.9974261837672437
884673.0,497,0.01,0.462577,0.99,10000,10,14,0.005512,4.27437e-06,0.9257571552269177,0.9979325450428123
221577.0,486,0.34947,0.129745,0.99,12596,10,24,2.44155e-20,0.00542887,0.9999999998437454,0.9263191340984649
788337.0,422,0.0136897,0.47583,0.99,10000,10,15,0.00433639,7.51793e-06,0.9341487281823654,0.9972581156114818
200000.0,494,0.382998,0.137403,0.99,12596,10,22,3.4470099999999997e-20,0.00478993,0.9999999998143387,0.9307906798183944
841436.0,462,0.01,0.47583,0.99,10000,10,15,0.00510583,5.50261e-06,0.9285449092086505,0.9976542357322186
722631.0,481,0.01,0.77112,0.99,10000,10,22,0.00659052,2.72694e-06,0.9188179822867157,0.9983486550935676
803115.0,500,0.01,0.730494,0.99,10000,10,19,0.00691215,2.53669e-06,0.9168606591317925,0.9984073010328377
705931.0,500,0.0196214,0.411439,0.99,10000,10,28,0.00391008,9.06049e-06,0.9374693675067971,0.996989935216644
228094.0,500,0.339469,0.141155,0.99,10605,10,27,1.17013e-19,0.00413941,0.9999999996579284,0.935661753210085
835539.0,379,0.0285553,0.283427,0.99,10000,10,36,0.00129232,2.64534e-05,0.9640511474452939,0.9948567131131931
992687.0,500,0.0144221,0.269214,0.99,10000,10,24,0.00346155,1.00108e-05,0.9411650614005589,0.9968360151707064
869181.0,462,0.01,0.441885,0.99,10000,10,15,0.00492106,6.0903e-06,0.9298497327161186,0.9975321466818305
992687.0,500,0.0144221,0.253607,0.99,10000,10,24,0.00315035,1.20213e-05,0.9438720212371762,0.99653282535773
715704.0,389,0.19069,0.162845,0.99,10003,10,23,3.22483e-09,0.000531125,0.9999432124133283,0.976953850647017
317364.0,481,0.291154,0.175449,0.99,10000,10,26,9.98743e-18,0.00160674,0.9999999968397104,0.9599158385393931
321017.0,398,0.226211,0.249624,0.99,13524,10,21,5.42443e-13,0.000769414,0.999999263492702,0.9722616871457546
913180.0,475,0.0222664,0.236861,0.99,10262,10,26,0.00201494,1.90711e-05,0.9551119169489273,0.995632952942777
339640.0,454,0.291154,0.173191,0.99,10270,10,26,6.0772700000000016e-18,0.00185203,0.9999999975347881,0.9569647818641522
832988.0,359,0.0343275,0.270864,0.99,10000,10,23,0.000808608,3.49241e-05,0.9715639665213307,0.9940903384191647
782804.0,479,0.01,0.755213,0.99,10000,10,18,0.00678818,2.61318e-06,0.9176095879364595,0.9983834666721654
662767.0,484,0.0157541,0.47583,0.99,10000,10,15,0.00417922,8.21953e-06,0.9353531129906474,0.9971330277294679
870711.0,497,0.01,0.491263,0.99,10000,10,19,0.00570004,3.9381e-06,0.9245013907412858,0.9980155353366714
339640.0,443,0.305354,0.173191,0.99,10000,10,26,3.97052e-18,0.00201403,0.9999999980073836,0.9551220544142226
906771.0,377,0.0455625,0.227609,0.99,10000,10,34,0.000678709,4.57022e-05,0.9739479559343226,0.9932396597718753
941832.0,500,0.0192251,0.236861,0.99,10000,10,30,0.00244955,1.4887e-05,0.9505070712121418,0.996141632469554
744242.0,397,0.0455625,0.232089,0.99,10000,10,34,0.000264086,5.72268e-05,0.9837492769391636,0.9924351602792921
828196.0,487,0.01,0.543252,0.99,10000,10,27,0.00582205,3.74443e-06,0.9236976409276882,0.9980649470291488
726539.0,344,0.180345,0.162845,0.99,10000,10,28,8.54603e-17,0.00144135,0.9999999907555259,0.9620348844332063
326706.0,460,0.296005,0.164066,0.99,10000,10,22,2.5341900000000002e-18,0.00231437,0.9999999984080861,0.95189210044078
903939.0,497,0.01,0.700474,0.99,10000,10,24,0.00716357,2.52427e-06,0.9153621243177736,0.9984112048590206
741431.0,422,0.0182106,0.47583,0.99,10000,10,15,0.00402471,8.63603e-06,0.9365593978590997,0.9970612876969666
835174.0,325,0.0366035,0.30989,0.99,10000,10,32,0.000997715,3.29605e-05,0.9684133730829011,0.9942588764165888
339640.0,500,0.291154,0.175449,0.99,10000,10,26,1.81919e-16,0.00116643,0.9999999865122648,0.965846962067775
705931.0,500,0.019148,0.392852,0.99,10000,10,28,0.00366114,9.70381e-06,0.9394926450751646,0.9968849061009337
335850.0,460,0.296005,0.164066,0.99,10000,10,22,2.9009e-18,0.00221116,0.9999999982967971,0.9529770268911035
253875.0,494,0.45792,0.137403,0.99,12596,10,17,2.14679e-19,0.00387921,0.9999999995366653,0.9377166956560589
676043.0,426,0.119876,0.182593,0.99,10000,11,27,5.71066e-09,0.000342797,0.9999244310910493,0.9814852221185346
200000.0,447,0.436787,0.173191,0.99,10000,10,26,3.19681e-19,0.00349435,0.9999999994345966,0.9408869726709924
832915.0,379,0.0285553,0.277813,0.99,10000,10,36,0.00118223,2.8643e-05,0.9656164283414302,0.9946480844550759
200000.0,433,0.450217,0.173191,0.99,10000,10,21,3.15369e-19,0.00377409,0.9999999994384228,0.9385663772840963
852490.0,466,0.0222664,0.274356,0.99,10000,10,35,0.00232055,1.59409e-05,0.9518279126464297,0.9960073943345229
221577.0,471,0.34947,0.140977,0.99,12596,10,34,5.167889999999999e-20,0.00477914,0.9999999997726701,0.9308686756961795
758644.0,374,0.0455625,0.227609,0.99,10000,10,34,0.000129983,7.66967e-05,0.9885989912726987,0.9912423347860289
715704.0,391,0.210814,0.144732,0.99,10000,10,23,1.04204e-16,0.00126687,0.9999999897919639,0.9644068826878004
266508.0,474,0.34947,0.166487,0.99,10000,10,22,1.02785e-18,0.00256583,0.9999999989861706,0.949345977454895
841436.0,483,0.01,0.47583,0.99,10000,10,16,0.00529766,4.84575e-06,0.9272149740674636,0.9977986935697182
221577.0,500,0.34947,0.141155,0.99,12596,10,28,1.19363e-19,0.00406937,0.9999999996545105,0.9362083861310908
905042.0,498,0.0222664,0.236861,0.99,10003,10,40,0.00220079,1.63888e-05,0.9530874217293486,0.9959516917113441
284602.0,447,0.436787,0.16865,0.99,10000,10,26,1.6730500000000001e-18,0.00255051,0.9999999987065357,0.9494974258081827
705931.0,500,0.019148,0.392852,0.99,10000,10,28,0.00366114,9.70381e-06,0.9394926450751646,0.9968849061009337
841436.0,483,0.01,0.47583,0.99,10000,10,16,0.00529766,4.84575e-06,0.9272149740674636,0.9977986935697182
846651.0,325,0.0366035,0.30989,0.99,10000,10,32,0.00106487,3.22913e-05,0.9673676540837163,0.9943174565553794
700877.0,375,0.180345,0.162845,0.99,10000,10,27,1.71715e-15,0.00095571,0.9999999585614914,0.9690854403233686
788337.0,460,0.0136897,0.47583,0.99,10000,10,13,0.00474798,6.14436e-06,0.93109441241815,0.9975212180410532
