# Fix print output for fix thermo_output
310200 302.940354572881 -9.60275577138993 25063.6449078447 10157.9330937874 35221.5780016321 155190.243482629 53.7388215132599 53.7388215132599 53.7388215132599
310300 301.652799159693 621.660828479869 24994.8841070874 10114.7599029454 35109.6440100328 155261.069568598 53.7469954195568 53.7469954195568 53.7469954195568
310400 296.987819859336 -16.5551743502681 24998.0707378551 9958.33786507021 34956.4086029253 155161.089112853 53.735456139342 53.735456139342 53.735456139342
310500 299.687530712179 -701.611672454395 24914.9143743425 10048.8622267203 34963.7766010628 155086.573699623 53.7268526917893 53.7268526917893 53.7268526917893
310600 300.195895590191 804.803052623375 24979.9559949689 10065.9082766774 35045.8642716463 154825.132734271 53.696645261366 53.696645261366 53.696645261366
310700 300.226426415158 394.311961167911 25043.8311225779 10066.9320098071 35110.763132385 154841.20911718 53.6985037407528 53.6985037407528 53.6985037407528
310800 301.863614620771 549.899743907086 24984.5261546889 10121.8287840517 35106.3549387405 154923.845640326 53.708054747887 53.708054747887 53.708054747887
310900 295.199637191057 -839.021033772609 25185.0063705507 9898.37807552859 35083.3844460793 155269.284694455 53.7479433509899 53.7479433509899 53.7479433509899
311000 299.308716378609 744.890403606026 25056.2753998812 10036.1601532022 35092.4355530834 155253.729606519 53.7461484437155 53.7461484437155 53.7461484437155
311100 303.612635836703 -526.008812495841 24948.8993752579 10180.4754457554 35129.3748210133 155116.32318649 53.7302878572163 53.7302878572163 53.7302878572163
311200 297.517149192715 -447.861974713913 25027.9047162822 9976.08687695284 35003.991593235 154991.865043793 53.7159137819295 53.7159137819295 53.7159137819295
311300 298.445563356398 242.920249589371 24878.8957480819 10007.2176550603 34886.1134031423 154839.367328292 53.6982908308085 53.6982908308085 53.6982908308085
311400 300.71384627429 313.832845256331 24830.7201711994 10083.2757495661 34913.9959207656 154904.568814369 53.7058270646373 53.7058270646373 53.7058270646373
311500 299.964900181551 -679.792480984928 25077.578558932 10058.1627390805 35135.7412980126 155106.777725085 53.7291856931559 53.7291856931559 53.7291856931559
311600 303.379264474903 -339.15671635485 25011.7643926247 10172.650239759 35184.4146323837 155271.849375608 53.7482392789721 53.7482392789721 53.7482392789721
311700 300.684077352905 589.446517768226 25048.5840509209 10082.2775639262 35130.861614847 155539.342215848 53.7790862977972 53.7790862977972 53.7790862977972
311800 296.263055959668 -185.709896415187 25090.6197557807 9934.03571089862 35024.6554666793 155904.326592881 53.8211189496003 53.8211189496003 53.8211189496003
311900 297.090430020628 52.0697804215025 24965.5103581916 9961.77849995892 34927.2888581505 155984.628539843 53.8303579465954 53.8303579465954 53.8303579465954
312000 298.964104843014 164.853875873847 24908.3668436142 10024.6049382264 34932.9717818406 155740.787410964 53.8022934271706 53.8022934271706 53.8022934271706
312100 298.253130387326 9.51609112399897 25122.6326179247 10000.7651597246 35123.3977776494 155390.03595067 53.7618728069083 53.7618728069083 53.7618728069083
312200 301.628350404902 86.7642167215767 25093.4465930235 10113.9401085151 35207.3867015386 155235.251720851 53.7440161179404 53.7440161179404 53.7440161179404
312300 296.880737699683 198.176342466314 25158.1245378091 9954.74727901299 35112.8718168221 155091.26449235 53.7273943655632 53.7273943655632 53.7273943655632
312400 297.642538995881 -276.685769782318 25002.310864822 9980.29133902588 34982.6022038479 155337.778244732 53.7558454209961 53.7558454209961 53.7558454209961
312500 301.236220326175 218.69968984423 24867.4901560222 10100.7915429851 34968.2816990073 155332.705350342 53.7552602431162 53.7552602431162 53.7552602431162
312600 298.007686194827 742.098108718925 24982.3304427691 9992.53513804536 34974.8655808145 155301.328817618 53.7516405562498 53.7516405562498 53.7516405562498
312700 296.675408416772 -320.175243944691 25089.1439986934 9947.86235567239 35037.0063543658 155470.879474715 53.7711946095367 53.7711946095367 53.7711946095367
312800 301.905694429086 -359.372734605865 24959.0421633642 10123.2397676694 35082.2819310337 155504.717022707 53.7750953473026 53.7750953473026 53.7750953473026
312900 302.73664135908 135.099563060165 24962.2435913074 10151.1023590738 35113.3459503812 155058.611219007 53.7236234709703 53.7236234709703 53.7236234709703
313000 298.630653627701 295.876415261969 25068.8317178165 10013.423941426 35082.2556592425 154937.110413817 53.7095875544217 53.7095875544217 53.7095875544217
313100 298.642021472103 -691.526145005092 24870.9775942933 10013.8051181201 34884.7827124134 154776.04035474 53.690969234674 53.690969234674 53.690969234674
313200 296.823375688909 50.9751004689552 24904.6144289497 9952.82386584347 34857.4382947932 154651.72362644 53.6765904512789 53.6765904512789 53.6765904512789
313300 299.549770963842 707.419166894913 24951.9840873005 10044.2429863797 34996.2270736802 154543.072296677 53.6640172554108 53.6640172554108 53.6640172554108
313400 301.156683819601 -507.459192851456 25001.0117461638 10098.1245938643 35099.1363400281 154629.676579779 53.6740396304057 53.6740396304057 53.6740396304057
313500 301.87932958483 744.953416683815 24960.5062279887 10122.3557245899 35082.8619525786 154856.509130018 53.7002723499022 53.7002723499022 53.7002723499022
313600 300.961967579246 -54.7511371989658 24958.5866254847 10091.5955378573 35050.182163342 155315.255593149 53.7532472492136 53.7532472492136 53.7532472492136
313700 302.279766956306 280.635734265213 24867.3547050445 10135.7828430517 35003.1375480961 155529.774332924 53.777983548818 53.777983548818 53.777983548818
313800 296.388183865466 -300.76719028421 24936.3283818002 9938.2313912564 34874.5597730567 155715.324387707 53.7993611109376 53.7993611109376 53.7993611109376
313900 297.889447351777 437.311308806857 24855.6677043912 9988.57045576167 34844.2381601529 155333.268688924 53.7553252270173 53.7553252270173 53.7553252270173
314000 299.991671459642 -425.656665900622 24963.0559250016 10059.0604103468 35022.1163353483 154971.413296852 53.7135510071706 53.7135510071706 53.7135510071706
314100 301.588869468871 -318.52310971026 25004.8654234441 10112.6162680276 35117.4816914717 154822.820148546 53.6963779087483 53.6963779087483 53.6963779087483
314200 301.371218385233 -178.052844499964 25018.3304759793 10105.3181807572 35123.6486567366 154901.062488204 53.7054218440362 53.7054218440362 53.7054218440362
314300 298.712056574904 -186.527868531036 25021.8866632904 10016.1534744144 35038.0401377048 154872.801877933 53.7021555864608 53.7021555864608 53.7021555864608
314400 294.291549143477 1211.25662187791 25006.6383683443 9867.92885510833 34874.5672234527 154330.799069739 53.6394358587596 53.6394358587596 53.6394358587596
314500 294.664965897592 710.792642082366 24863.0202147176 9880.44994167581 34743.4701563934 154295.373924787 53.6353314064833 53.6353314064833 53.6353314064833
314600 300.434772657416 -845.23294624561 24716.5625357134 10073.9180952106 34790.480630924 154612.350211376 53.6720348170523 53.6720348170523 53.6720348170523
314700 298.367572160608 268.967341577204 25032.1795414181 10004.6025219598 35036.7820633779 154637.461120413 53.6749403215286 53.6749403215286 53.6749403215286
314800 303.088436249192 789.734031177197 24987.8785385351 10162.8984400599 35150.776978595 154731.255700841 53.6857902172486 53.6857902172486 53.6857902172486
314900 300.851104553981 -836.893329388635 25064.5595957397 10087.8781750952 35152.4377708349 155020.152394635 53.7191814555123 53.7191814555123 53.7191814555123
315000 300.91223119752 -1265.26628278135 24947.0272595079 10089.9278206639 35036.9550801717 154993.741565161 53.7161305646043 53.7161305646043 53.7161305646043
315100 298.811683703611 1077.79521538966 24895.1532894269 10019.494084843 34914.6473742699 154643.295167192 53.675615315743 53.675615315743 53.675615315743
315200 299.229757220459 -75.8147854397801 24916.5780578799 10033.5125632277 34950.0906211076 154632.542632624 53.674371243515 53.674371243515 53.674371243515
315300 300.999127411261 62.5099856793363 25061.3498653156 10092.8415490991 35154.1914144147 154661.544493883 53.6777266376058 53.6777266376058 53.6777266376058
315400 304.163533804491 107.122745792497 25032.1368861991 10198.9476783709 35231.08456457 154644.608253775 53.6757672363953 53.6757672363953 53.6757672363953
315500 298.280794751188 -378.716440031416 25135.6023760769 10001.692777168 35137.2951532449 154757.662734599 53.6888441182995 53.6888441182995 53.6888441182995
315600 297.267614473964 -467.255232826842 25055.3838523518 9967.7196952968 35023.1035476486 155057.581045846 53.7235044949755 53.7235044949755 53.7235044949755
315700 298.917657840679 -77.9205020401621 24938.1798585418 10023.0475176484 34961.2273761902 155176.530638048 53.737238652128 53.737238652128 53.737238652128
315800 299.592432816864 -491.240158770326 24989.1130861956 10045.6734866155 35034.7865728111 155004.713275937 53.7173980221086 53.7173980221086 53.7173980221086
315900 306.010493873296 358.75626007848 24998.368564114 10260.878340703 35259.246904817 154795.984671546 53.6932753274117 53.6932753274117 53.6932753274117
316000 302.850344931553 566.843392462247 25082.0439157073 10154.9149686 35236.9588843073 154812.938584015 53.6952354942303 53.6952354942303 53.6952354942303
316100 301.486395926209 -98.164085366724 25033.6995705154 10109.1802141162 35142.8797846316 154944.803740279 53.7104765141446 53.7104765141446 53.7104765141446
316200 298.255657193449 619.59716200124 25042.5422575446 10000.8498863949 35043.3921439395 155239.949953876 53.7445583044204 53.7445583044204 53.7445583044204
316300 297.300413101456 -745.01097692188 25068.848705731 9968.81947041293 35037.6681761439 155808.697902229 53.8101124220064 53.8101124220064 53.8101124220064
316400 299.023739834274 -973.173066585015 25022.888502296 10026.6045670052 35049.4930693012 155985.978867849 53.8305132790595 53.8305132790595 53.8305132790595
316500 300.405159021487 202.592100070809 25084.6245094975 10072.9251164678 35157.5496259652 155747.807423854 53.8031017941264 53.8031017941264 53.8031017941264
316600 302.960335220685 680.077565316629 25178.399469207 10158.6030675314 35337.0025367383 155583.314041288 53.7841537012214 53.7841537012214 53.7841537012214
316700 301.044884978866 -893.300096466951 25153.9908896754 10094.37585215 35248.3667418254 155642.388167949 53.7909600220752 53.7909600220752 53.7909600220752
316800 300.103093160814 20.7502313743417 25030.3514325495 10062.7965061446 35093.1479386941 155535.12776786 53.7786005660076 53.7786005660076 53.7786005660076
316900 301.044399286708 -393.367003432333 24950.0972782458 10094.359566342 35044.4568445878 155556.762772128 53.7810939926821 53.7810939926821 53.7810939926821
317000 297.938254470669 305.857443895184 25018.3922472223 9990.2070137201 35008.5992609424 155411.092415862 53.7643010704439 53.7643010704439 53.7643010704439
317100 301.569137014237 -166.076795794482 24862.5184444948 10111.9546164816 34974.4730609764 155093.943556192 53.7277037281209 53.7277037281209 53.7277037281209
317200 299.330268578793 148.131606702553 24900.5566898857 10036.8828228769 34937.4395127626 154863.451886835 53.701074861342 53.701074861342 53.701074861342
317300 296.169385768112 -48.226264526444 24994.6248122176 9930.89484331744 34925.519655535 155127.157040533 53.731538730395 53.731538730395 53.731538730395
317400 298.929768722236 -282.7531028447 25026.8587694839 10023.4536092196 35050.3123787035 155206.954402089 53.7407503133932 53.7407503133932 53.7407503133932
317500 301.557304476581 -14.4385247015145 25068.5278802615 10111.5578580966 35180.085738358 155197.132774217 53.7396167027092 53.7396167027092 53.7396167027092
317600 303.059119223458 401.297261267795 25019.683445972 10161.9154069928 35181.5988529648 155146.31897573 53.7337510184566 53.7337510184566 53.7337510184566
317700 299.017914131094 -226.071880850769 25006.0123355399 10026.4092245814 35032.4215601213 155119.729811707 53.7306811913066 53.7306811913066 53.7306811913066
317800 297.947663725699 94.9994654482502 24910.5872029835 9990.52251669492 34901.1097196784 154827.966582154 53.6969728722507 53.6969728722507 53.6969728722507
317900 299.646467645073 -212.871791320445 24885.045456786 10047.4853355864 34932.5307923724 154653.939701866 53.6768468355427 53.6768468355427 53.6768468355427
318000 299.877484993619 -109.523533535607 24978.8171273787 10055.2316088531 35034.0487362318 154522.832255419 53.6616744148298 53.6616744148298 53.6616744148298
318100 302.467952847567 -632.052759410941 24974.5527210076 10142.0929290596 35116.6456500672 154745.631529062 53.6874527854527 53.6874527854527 53.6874527854527
318200 299.025851868224 709.035182706222 25098.4001095416 10026.6753858949 35125.0754954366 154637.318950366 53.674923872364 53.674923872364 53.674923872364
318300 298.299893597922 149.506455300962 24931.4886757418 10002.3331831237 34933.8218588655 154952.006679923 53.7113087832634 53.7113087832634 53.7113087832634
318400 297.656789899882 102.102897198987 24880.0660262652 9980.76918797266 34860.8352142378 155196.327632949 53.7395237713147 53.7395237713147 53.7395237713147
318500 300.993550007938 -320.392554083902 24893.5824006992 10092.6545324506 34986.2369331498 155377.642492043 53.7604434718869 53.7604434718869 53.7604434718869
318600 298.573797608454 53.2276319618199 25093.7924613188 10011.5174947253 35105.3099560441 155166.448827529 53.7360748584603 53.7360748584603 53.7360748584603
318700 299.79828819203 -221.161774187786 25061.3753071197 10052.5760504251 35113.9513575447 155053.585079745 53.7230429908351 53.7230429908351 53.7230429908351
318800 299.812695678399 126.76377942691 25013.305763207 10053.0591497559 35066.3649129629 154900.270981172 53.7053303699672 53.7053303699672 53.7053303699672
318900 298.390564269725 798.098252069002 24921.5038336669 10005.3734734113 34926.8773070782 154774.214707028 53.690758131413 53.690758131413 53.690758131413
319000 296.154790339907 -525.993641078548 24818.6356887434 9930.40544208402 34749.0411308274 154873.486006519 53.7022346602238 53.7022346602238 53.7022346602238
319100 297.285112175705 159.409851744675 24875.3725269216 9968.30641304799 34843.6789399696 154928.763008784 53.7086229829857 53.7086229829857 53.7086229829857
319200 301.85455237679 -15.5117217014105 24905.0019204634 10121.5249167503 35026.5268372136 155007.065224893 53.7176697126409 53.7176697126409 53.7176697126409
319300 302.502602050623 -882.841151528538 24946.3658977693 10143.2547560697 35089.620653839 155059.341426358 53.7237078032171 53.7237078032171 53.7237078032171
319400 300.05306907585 576.572145169527 25038.8043100886 10061.1191419358 35099.9234520245 155119.637057694 53.7306704818645 53.7306704818645 53.7306704818645
319500 300.918010048813 763.905110765915 24938.4994332351 10090.1215920908 35028.6210253259 155262.2887764 53.7471361042862 53.7471361042862 53.7471361042862
319600 299.388722814363 -679.05401069485 24906.5758304161 10038.8428595805 34945.4186899966 155192.328410484 53.7390621664127 53.7390621664127 53.7390621664127
319700 296.987564892205 608.608785731692 24947.869253193 9958.3293157336 34906.1985689266 155020.787720206 53.7192548419344 53.7192548419344 53.7192548419344
319800 301.727711021635 776.146817619828 24907.4557004026 10117.2717824954 35024.7274828981 154837.119006306 53.6980309235374 53.6980309235374 53.6980309235374
319900 301.708064252819 -420.888228487211 25053.6652716335 10116.613004092 35170.2782757255 155082.054860428 53.7263308641846 53.7263308641846 53.7263308641846
320000 301.951592288263 803.348054217691 25058.4935754422 10124.7787748556 35183.2723502978 155203.27059967 53.7403251351248 53.7403251351248 53.7403251351248
320100 300.324483738399 -904.328669385275 25007.8850672955 10070.219982881 35078.1050501765 155217.761854376 53.7419976525062 53.7419976525062 53.7419976525062
320200 298.967956976477 64.349569388589 24855.9111727713 10024.734104623 34880.6452773943 155096.547030656 53.728004358648 53.728004358648 53.728004358648
320300 298.92048657505 -551.306511768669 24898.2859299943 10023.1423683147 34921.428298309 155094.028192616 53.72771350138 53.72771350138 53.72771350138
320400 301.491899259242 -608.665669575294 24917.4225785857 10109.364747104 35026.7873256897 155134.845655377 53.732426419972 53.732426419972 53.732426419972
320500 303.503027469296 345.066880514617 24939.3258363345 10176.8001530919 35116.1259894264 155073.889875358 53.7253879603593 53.7253879603593 53.7253879603593
320600 299.480423618754 -803.370642983825 25095.6385212925 10041.9176913802 35137.5562126727 155164.157062657 53.7358103015797 53.7358103015797 53.7358103015797
320700 300.848675200339 98.4692534559815 24940.3578981304 10087.7967161169 35028.1546142474 155109.891536879 53.7295452335426 53.7295452335426 53.7295452335426
320800 297.231528253748 330.669888282768 24909.1659085168 9966.50968347425 34875.6755919911 154824.990727759 53.6966288444025 53.6966288444025 53.6966288444025
320900 295.762129102359 618.941979210575 25002.2521141761 9917.23906619738 34919.4911803735 154468.395747384 53.6553722237038 53.6553722237038 53.6553722237038
321000 300.854158321373 -1.49862171152268 25007.751548482 10087.9805713735 35095.7321198554 154778.545117011 53.6912588625954 53.6912588625954 53.6912588625954
321100 302.011920832858 -385.575693313311 25027.4844010091 10126.801659263 35154.2860602721 155258.749525374 53.7467277070861 53.7467277070861 53.7467277070861
321200 300.640671034975 -582.995286125034 25011.0078281801 10080.8221009391 35091.8299291192 155336.508274615 53.7556989262538 53.7556989262538 53.7556989262538
321300 297.556308668573 648.898519742109 24979.9795177415 9977.39993851676 34957.3794562582 155242.508223382 53.7448535297784 53.7448535297784 53.7448535297784
321400 297.717856233995 -294.78252129748 24946.6183967473 9982.81681129797 34929.4352080453 155261.217508666 53.7470124904419 53.7470124904419 53.7470124904419
321500 302.503662735563 -144.991558240828 24981.5403199484 10143.2903220367 35124.8306419851 155105.484690487 53.7290363897962 53.7290363897962 53.7290363897962
321600 301.587937227241 -716.601986621673 25145.6071435031 10112.5850089102 35258.1921524133 154876.06656404 53.7025329271929 53.7025329271929 53.7025329271929
321700 302.28914987624 967.338122590337 25012.7349691084 10136.0974629809 35148.8324320893 154611.287896522 53.6719118929988 53.6719118929988 53.6719118929988
321800 298.156910185624 164.615960661942 25006.11494009 9997.53878741602 35003.653727506 154792.459929655 53.6928677880436 53.6928677880436 53.6928677880436
321900 300.516467362342 -163.836169635823 24878.6615411969 10076.6574111658 34955.3189523627 154953.069458249 53.7114315806069 53.7114315806069 53.7114315806069
322000 302.637920470909 -298.960174612535 24855.803129521 10147.7921359165 35003.5952654375 155155.690440897 53.7348329086373 53.7348329086373 53.7348329086373
322100 300.49956064552 -620.150080012347 25127.0628791532 10076.0905098081 35203.1533889612 155196.902138496 53.7395900821973 53.7395900821973 53.7395900821973
322200 300.051362737069 -672.61588609075 25190.5619373852 10061.0619264645 35251.6238638497 155224.133289721 53.7427329828236 53.7427329828236 53.7427329828236
322300 303.411155596351 -244.767529196551 24992.833107599 10173.7195851699 35166.5526927689 155424.841774567 53.7658865489975 53.7658865489975 53.7658865489975
322400 301.644265351199 178.357940286174 24996.1380643946 10114.4737546842 35110.6118190787 155431.657985593 53.7666725114543 53.7666725114543 53.7666725114543
322500 299.823424286472 -551.020693975687 25037.5831989149 10053.4188921321 35091.002091047 155189.809718491 53.7387714456895 53.7387714456895 53.7387714456895
322600 300.996281559678 -701.348868655875 24951.2147999217 10092.7461244732 35043.960924395 154927.685452679 53.7084984651371 53.7084984651371 53.7084984651371
322700 299.816615349315 385.297093133199 24903.8035874781 10053.1905807598 34956.9941682379 154742.674527295 53.6871108158553 53.6871108158553 53.6871108158553
322800 296.18478848143 -834.064871444081 24864.014126716 9931.41131373476 34795.4254404508 154956.642149066 53.7118443784177 53.7118443784177 53.7118443784177
322900 295.219650030042 -79.5778082621371 24859.4099322854 9899.04912867935 34758.4590609648 155134.104062979 53.7323408006467 53.7323408006467 53.7323408006467
323000 298.896966999782 45.6110006312192 24975.7589421079 10022.3537303259 34998.1126724337 155111.723619354 53.7297567751141 53.7297567751141 53.7297567751141
323100 303.711903060333 -402.702474383263 24896.5650522186 10183.8039881593 35080.3690403779 155356.585228417 53.7580147677394 53.7580147677394 53.7580147677394
323200 301.81974681665 -129.45861114084 25007.7840593765 10120.3578469101 35128.1419062866 155541.79765642 53.7793692929839 53.7793692929839 53.7793692929839
323300 303.287037166555 387.508424797036 24969.2752399793 10169.5577536855 35138.8329936648 155741.16382398 53.8023367724144 53.8023367724144 53.8023367724144
323400 297.169954278872 188.071326915749 25097.1502373055 9964.44503837939 35061.5952756848 155706.98703709 53.7984009139801 53.7984009139801 53.7984009139801
323500 299.686418019043 -455.768399190746 24869.3497514228 10048.8249168595 34918.1746682823 155663.118905101 53.7933481391782 53.7933481391782 53.7933481391782
323600 296.973715926732 230.820640812384 24954.8754677562 9957.86494424075 34912.7404119969 155453.909665274 53.7692381442689 53.7692381442689 53.7692381442689
323700 299.210906691696 -858.339150191808 25074.0686782169 10032.8804836547 35106.9491618716 155500.035699875 53.774555725713 53.774555725713 53.774555725713
323800 301.17188782138 -151.858718635134 25119.1691611536 10098.6344012587 35217.8035624123 155243.903550923 53.7450145497861 53.7450145497861 53.7450145497861
323900 301.154401487888 158.734482053667 25054.3458959041 10098.0480646978 35152.3939606019 155358.319351195 53.7582147864059 53.7582147864059 53.7582147864059
324000 300.981566626508 -495.449185008353 24946.0640212906 10092.252716103 35038.3167373936 155671.380339522 53.7942997719077 53.7942997719077 53.7942997719077
324100 298.593955314464 -139.747887101342 24971.1032473691 10012.1934054315 34983.2966528006 155552.275529685 53.7805768585637 53.7805768585637 53.7805768585637
324200 297.516959789843 -406.976347302611 25013.4915056759 9976.08052606007 34989.5720317359 155247.41347166 53.7454195883847 53.7454195883847 53.7454195883847
324300 304.406287625365 400.409472756111 25010.5089365417 10207.0874888434 35217.5964253851 154832.823280497 53.6975343282506 53.6975343282506 53.6975343282506
324400 302.809210584198 272.82693917374 25092.9972831283 10153.5356873587 35246.5329704871 154663.536199452 53.6779570542197 53.6779570542197 53.6779570542197
324500 301.351682911846 189.548044411262 24980.809928878 10104.6631342155 35085.4730630935 154858.628228536 53.7005172984875 53.7005172984875 53.7005172984875
324600 297.591662501747 -289.584276064599 25003.6932710537 9978.58539257254 34982.2786636262 155186.645846129 53.7384062503856 53.7384062503856 53.7384062503856
324700 297.937007861913 -386.813155236378 24982.8189853 9990.16521351705 34972.9841988171 155469.420419936 53.7710263993352 53.7710263993352 53.7710263993352
324800 298.894148497392 -202.847298876897 25054.9396348762 10022.2592227495 35077.1988576257 155408.545830095 53.7640074059665 53.7640074059665 53.7640074059665
324900 302.535625463354 219.468997882877 25107.371868812 10144.3620684894 35251.7339373015 155220.082307628 53.7422654594253 53.7422654594253 53.7422654594253
325000 302.38341956892 655.66961508404 25093.8513827509 10139.2584325135 35233.1098152644 154955.585412975 53.7117222810949 53.7117222810949 53.7117222810949
325100 299.379958230686 227.925452412238 25094.9634247329 10038.5489731661 35133.512397899 154756.190863936 53.6886739096354 53.6886739096354 53.6886739096354
325200 301.753673773843 -214.870722062087 24924.0469068178 10118.1423429734 35042.1892497912 154784.743668543 53.691975593268 53.691975593268 53.691975593268
325300 299.49831922279 93.4691011401084 24938.0381604731 10042.5177512459 34980.555911719 154835.479996054 53.6978414514558 53.6978414514558 53.6978414514558
325400 296.389518206318 -622.103011417001 25040.0560081235 9938.276133216 34978.3321413395 154996.16945541 53.7164110408509 53.7164110408509 53.7164110408509
325500 302.060743583786 -384.65113227157 25030.8039909749 10128.4387413813 35159.2427323562 154937.850307247 53.7096730499873 53.7096730499873 53.7096730499873
325600 304.762125024593 -621.529128413635 24999.4321922881 10219.0191197373 35218.4513120254 154855.976153026 53.7002107422401 53.7002107422401 53.7002107422401
325700 299.02105072623 44.852691193089 25068.0292548847 10026.5143981678 35094.5436530524 154668.185279444 53.6784948897084 53.6784948897084 53.6784948897084
325800 301.383337180524 -538.86865851957 24874.8771602052 10105.7245376849 34980.6016978901 154565.989654501 53.6666697558457 53.6666697558457 53.6666697558457
325900 300.911207209835 798.303389734654 24890.721704553 10089.8934851974 34980.6151897504 154175.983419404 53.6214938741489 53.6214938741489 53.6214938741489
326000 297.304768863294 27.3590629607297 25061.4681587271 9968.96552403919 35030.4336827663 154107.95342439 53.6136059040705 53.6136059040705 53.6136059040705
326100 302.889586939111 95.4883087235789 25058.1205873271 10156.2307975453 35214.3513848723 154235.321914199 53.6283721841402 53.6283721841402 53.6283721841402
326200 305.018698491445 262.191324539105 25107.8105651042 10227.6223185868 35335.432883691 154475.749578062 53.6562236735188 53.6562236735188 53.6562236735188
326300 301.818345232443 203.800352007474 25139.8696663387 10120.3108502046 35260.1805165434 155049.117590394 53.722527019905 53.722527019905 53.722527019905
326400 302.96230557373 -249.259958719118 25008.0574787301 10158.6691356999 35166.72661443 155605.390320096 53.7866974569041 53.7866974569041 53.7866974569041
326500 298.054339976201 272.830564096683 25073.5865045232 9994.09949215869 35067.6859966819 155652.329752506 53.7921052884732 53.7921052884732 53.7921052884732
326600 298.503370898285 -536.229676486452 24990.527885712 10009.1560073925 34999.6838931045 155670.742633965 53.7942263159506 53.7942263159506 53.7942263159506
326700 300.886249969237 -917.712334543494 24863.0016998585 10089.0566406622 34952.0583405207 155616.146083523 53.7879367105985 53.7879367105985 53.7879367105985
326800 302.379025856715 9.8508870735406 24884.4092533519 10139.1111063685 35023.5203597204 155331.695886029 53.7551437960051 53.7551437960051 53.7551437960051
326900 301.933787933365 -378.753292554149 25055.8575344085 10124.1817746769 35180.0393090853 155183.292095973 53.7380191326976 53.7380191326976 53.7380191326976
327000 303.137826567368 129.269726168949 25016.554391988 10164.5545533507 35181.1089453387 155247.252369195 53.7454009975811 53.7454009975811 53.7454009975811
327100 301.273877208393 1002.35210213583 24921.4273188086 10102.054220883 35023.4815396916 155318.443286909 53.7536149909785 53.7536149909785 53.7536149909785
327200 299.924536304007 -266.105095733375 24874.783624569 10056.8092925644 34931.5929171334 155494.816170847 53.7739540516922 53.7739540516922 53.7739540516922
327300 300.816085479363 -778.774230602803 24909.2600633972 10086.7039458728 34995.9640092701 155660.174345954 53.7930089479487 53.7930089479487 53.7930089479487
327400 299.043061087705 -138.905356973433 25044.8799519001 10027.2524305093 35072.1323824094 155589.155989825 53.7848268675084 53.7848268675084 53.7848268675084
327500 299.799830893157 -589.592905397637 25050.9609861506 10052.6277789406 35103.5887650912 155394.397902837 53.7623758518684 53.7623758518684 53.7623758518684
327600 300.081237690301 -392.915191709207 25007.5922305256 10062.0636674724 35069.6558979979 155238.061644827 53.7443403906955 53.7443403906955 53.7443403906955
327700 300.705300168129 373.543343532894 24813.573567705 10082.9891889502 34896.5627566552 155148.406201092 53.7339919822679 53.7339919822679 53.7339919822679
327800 295.665211461204 -40.8769317315422 24951.2762570422 9913.98930795421 34865.2655649965 155006.149125892 53.7175638877861 53.7175638877861 53.7175638877861
327900 301.832099869616 -643.725909703231 24880.9796387156 10120.7720587628 35001.7516974784 155113.190675539 53.7299261676906 53.7299261676906 53.7299261676906
328000 302.561942910781 599.459457843331 24972.1884996725 10145.2445222996 35117.4330219721 154817.439611825 53.6957558672004 53.6957558672004 53.6957558672004
328100 301.353248999574 439.750881029599 25000.0133417223 10104.7156469102 35104.7289886325 154782.776071944 53.6917480846353 53.6917480846353 53.6917480846353
328200 299.329004250112 -302.475523880969 25002.1152443239 10036.8404285047 35038.9556728286 155158.624811971 53.7351716585834 53.7351716585834 53.7351716585834
328300 297.982714437188 78.9602258489694 24925.2162267615 9991.69780673739 34916.9140334989 155395.958488323 53.7625558251144 53.7625558251144 53.7625558251144
328400 291.994178551983 -385.42634636714 24944.7606122657 9790.89541797204 34735.6560302377 155629.969803891 53.7895293632013 53.7895293632013 53.7895293632013
328500 296.711438235825 -508.92601959061 24863.3138441294 9949.07047630008 34812.3843204295 155557.212628587 53.781145836028 53.781145836028 53.781145836028
328600 299.002782411959 374.354777835638 24955.2694288158 10025.9018409059 34981.1712697217 155258.514520832 53.7467005894915 53.7467005894915 53.7467005894915
328700 298.413088811727 240.425578423717 25043.9833119696 10006.1287468081 35050.1120587777 155047.254492577 53.7223118392248 53.7223118392248 53.7223118392248
328800 299.926020777117 -620.575481896297 25072.2594509256 10056.8590686286 35129.1185195541 155181.696746175 53.7378349822207 53.7378349822207 53.7378349822207
328900 301.30796207987 435.275918684464 25100.8660561248 10103.1971252163 35204.0631813411 155118.779785398 53.7305715004139 53.7305715004139 53.7305715004139
329000 298.946433104996 32.1196486227917 25183.5241097023 10024.0123848418 35207.5364945441 155125.290694725 53.7313232468821 53.7313232468821 53.7313232468821
329100 298.687440578961 138.435778187577 25012.4262809422 10015.3280721989 35027.7543531412 154971.461667356 53.7135565956234 53.7135565956234 53.7135565956234
329200 297.181431622243 235.866212320132 24973.4258401707 9964.82988669787 34938.2557268686 154820.716894098 53.6961347541173 53.6961347541173 53.6961347541173
329300 301.649096175386 -315.931616044788 24851.1913521933 10114.6357376889 34965.8270898822 154389.668020721 53.6462551843615 53.6462551843615 53.6462551843615
329400 299.494688910954 -585.594243232172 25078.0534782285 10042.3960227796 35120.449501008 154047.967779426 53.606648737522 53.606648737522 53.606648737522
329500 302.243279740749 158.78518664782 25107.6594903457 10134.5593854013 35242.218875747 154266.651207701 53.6320030542588 53.6320030542588 53.6320030542588
329600 299.727069356208 -62.524610705982 25112.6603180484 10050.1880022223 35162.8483202706 154646.619221969 53.6759998984412 53.6759998984412 53.6759998984412
329700 299.88790211352 -208.228344914556 24987.4461236933 10055.5809066782 35043.0270303715 154862.646199465 53.7009817333805 53.7009817333805 53.7009817333805
329800 299.942596933772 324.706863431275 24962.4967853842 10057.4148859296 35019.9116713139 155010.153918926 53.7180265057192 53.7180265057192 53.7180265057192
329900 299.731496617244 -581.77977155146 24948.3320945541 10050.3364532976 34998.6685478517 155466.979602394 53.770745002194 53.770745002194 53.770745002194
330000 298.837144882726 -829.693222675001 25018.767108543 10020.3478270073 35039.1149355503 155624.139465176 53.7888576521929 53.7888576521929 53.7888576521929
330100 301.245924432272 208.424839846986 25035.0240202684 10101.1169326501 35136.1409529185 155421.655958271 53.7655191915748 53.7655191915748 53.7655191915748
330200 304.689024259892 821.893897075555 25003.9460063028 10216.5679683284 35220.5139746312 155162.391575921 53.7356064954474 53.7356064954474 53.7356064954474
330300 302.731939712164 -96.7148177305907 25021.9481261571 10150.9447075293 35172.8928336864 154979.386112013 53.7144721251602 53.7144721251602 53.7144721251602
330400 299.489456963222 517.386422961929 24920.3227668788 10042.2205896482 34962.543356527 155041.454306749 53.7216419288837 53.7216419288837 53.7216419288837
330500 297.521942089589 396.025904820574 24952.719309248 9976.24758821177 34928.9668974598 155185.176195718 53.7382366118197 53.7382366118197 53.7382366118197
330600 301.630260128228 -961.987114422596 24883.1342520786 10114.0041437005 34997.1383957791 155220.895999738 53.7423593681952 53.7423593681952 53.7423593681952
330700 302.237387113892 -29.2497355501565 25010.246505697 10134.3617989508 35144.6083046479 155433.595379613 53.766895903948 53.766895903948 53.766895903948
330800 300.383013711636 -553.318381671908 25094.8107058747 10072.1825591544 35166.993265029 155662.874223214 53.7933199538145 53.7933199538145 53.7933199538145
330900 301.406687529131 279.1698812138 24964.0240920931 10106.5075013122 35070.5315934053 155621.696876569 53.7885762375429 53.7885762375429 53.7885762375429
331000 295.955928359891 802.29409310555 24896.4657149886 9923.73737473213 34820.2030897207 155487.790374287 53.7731441414092 53.7731441414092 53.7731441414092
331100 295.690193237123 386.559975046563 24928.8171675574 9914.82697518646 34843.6441427438 155499.326711905 53.7744739988912 53.7744739988912 53.7744739988912
331200 302.109681174437 -203.090930311611 24849.7340396093 10130.0796742056 34979.8137138149 155628.732955896 53.7893868678369 53.7893868678369 53.7893868678369
331300 300.34876220213 -420.88960077588 25032.8902333945 10071.0340672593 35103.9243006538 155543.863460717 53.7796073793847 53.7796073793847 53.7796073793847
331400 301.169099349707 1100.67660215338 25049.8106890507 10098.5409006463 35148.351589697 155454.203819651 53.7692720588158 53.7692720588158 53.7692720588158
331500 298.944496368797 -195.957227387614 25061.5753836662 10023.9474438842 35085.5228275504 155545.400828414 53.779784561471 53.779784561471 53.779784561471
331600 293.350779293095 -144.635588726107 25063.8128089084 9836.38377683603 34900.1965857444 155570.5373585 53.7826813884894 53.7826813884894 53.7826813884894
331700 298.48480649809 925.389196487285 24913.0201995491 10008.5335220344 34921.5537215835 155359.786226571 53.758383978833 53.758383978833 53.758383978833
331800 300.901571642325 -797.275947936076 24955.0209384458 10089.5703937088 35044.5913321547 155473.170672911 53.7714587530198 53.7714587530198 53.7714587530198
331900 298.644236132396 434.837920609072 25046.3220866177 10013.8793781873 35060.201464805 155212.237652671 53.7413600855302 53.7413600855302 53.7413600855302
332000 301.321160046806 -168.595015403229 24954.3631247676 10103.6396679911 35058.0027927587 155002.879928067 53.7171862370099 53.7171862370099 53.7171862370099
332100 299.316220927346 85.490513579538 24973.8793167106 10036.4117892184 35010.291105929 154820.454160146 53.6961043796171 53.6961043796171 53.6961043796171
332200 297.090418520111 86.3936356312704 24931.3482966689 9961.77811433356 34893.1264110024 155017.387145256 53.7188620393716 53.7188620393716 53.7188620393716
332300 297.538297505939 -738.720569578235 24864.3516150908 9976.79600384046 34841.1476189312 155346.814927469 53.7568878055473 53.7568878055473 53.7568878055473
332400 298.782284801738 80.6928071399882 24942.9554008803 10018.5083063763 34961.4637072566 155500.186939229 53.7745731594204 53.7745731594204 53.7745731594204
332500 300.04573759505 -26.0192363550628 25075.1730834335 10060.8733090835 35136.046392517 155634.263323487 53.7900240071634 53.7900240071634 53.7900240071634
332600 300.25151392109 438.182319115078 25094.2132303838 10067.7732222864 35161.9864526702 155744.565137574 53.8027284421198 53.8027284421198 53.8027284421198
332700 301.499855275028 54.0505963544212 24977.9460451961 10109.6315213215 35087.5775665176 155783.210086858 53.8071781035739 53.8071781035739 53.8071781035739
332800 298.214810045505 -127.993830189501 24946.6668756255 9999.48023527508 34946.1471109005 155545.022621679 53.7797409731402 53.7797409731402 53.7797409731402
332900 298.624609119137 278.727131381644 24845.631256954 10013.22126221 34858.852519164 155201.978770774 53.740176032817 53.740176032817 53.740176032817
333000 299.990943328258 572.582851169371 24942.1601259812 10059.0359952771 35001.1961212583 154982.490966252 53.7148308276883 53.7148308276883 53.7148308276883
333100 301.04648270408 -994.8900820725 25072.0163967296 10094.4294256854 35166.445822415 155411.296591782 53.7643246152472 53.7643246152472 53.7643246152472
333200 300.341517264096 104.021357302161 25073.2029637913 10070.7911362839 35143.9941000752 155572.731836159 53.7829342734289 53.7829342734289 53.7829342734289
333300 300.322156270354 192.451999348117 24985.5760848792 10070.1419402422 35055.7180251214 155445.551920145 53.7682745196528 53.7682745196528 53.7682745196528
333400 297.073915607121 -451.416464450732 24956.7563075211 9961.22475297553 34917.9810604966 155365.852170862 53.7590836260333 53.7590836260333 53.7590836260333
333500 300.060228526205 129.364147272641 24820.8452406369 10061.3592064125 34882.2044470494 155306.444257539 53.7522307213417 53.7522307213417 53.7522307213417
333600 301.82602882921 -725.389442978123 25000.5023568583 10120.568489904 35121.0708467624 155676.974279427 53.794944117441 53.794944117441 53.794944117441
333700 301.018207144749 440.581254894388 25098.3473945444 10093.481314166 35191.8287087104 155848.855444061 53.8147349628752 53.8147349628752 53.8147349628752
333800 301.594381578805 390.612781511672 25003.3454305017 10112.8010953148 35116.1465258165 155748.994701755 53.8032385088846 53.8032385088846 53.8032385088846
333900 298.757575890405 101.894573969818 24967.5924477102 10017.6797886025 34985.2722363128 155613.958176294 53.7876846297143 53.7876846297143 53.7876846297143
334000 298.292963896127 862.040185079906 24931.8473513874 10002.1008223763 34933.9481737638 155045.187119569 53.7220730635229 53.7220730635229 53.7220730635229
334100 300.031046890251 63.8373199523072 24962.3834043491 10060.380713118 35022.7641174672 154863.410629586 53.7010700924983 53.7010700924983 53.7010700924983
334200 302.837165732225 287.364468608181 25075.9639196935 10154.4730551244 35230.4369748179 154971.594735863 53.7135719695954 53.7135719695954 53.7135719695954
334300 302.285270588529 202.013125657088 25058.2871009123 10135.9673860716 35194.2544869839 155205.380259833 53.7405686293694 53.7405686293694 53.7405686293694
334400 300.671898924218 -243.861705984392 25004.6187278196 10081.8692074232 35086.4879352428 155473.819026024 53.7715334987012 53.7715334987012 53.7715334987012
334500 297.797019896006 -758.489039169754 25035.2849227169 9985.47125851846 35020.7561812354 155533.601119673 53.7784246116046 53.7784246116046 53.7784246116046
334600 299.220750521159 583.850136657 25017.4180086586 10033.2105584023 35050.628567061 155459.277163856 53.7698569836159 53.7698569836159 53.7698569836159
334700 301.340981959051 -186.424172640017 24984.0836092975 10104.3043191521 35088.3879284496 155423.162872408 53.765692954917 53.765692954917 53.765692954917
334800 300.630664356514 16.6531856498509 24998.198999842 10080.4865656802 35078.6855655221 155091.568027134 53.7274294161563 53.7274294161563 53.7274294161563
334900 300.439780796437 -250.81336783273 24961.5168455909 10074.0860237824 35035.6028693733 154749.149751676 53.6878596531129 53.6878596531129 53.6878596531129
335000 301.581075936648 -610.278774260588 24842.0117127653 10112.3549420679 34954.3666548332 154615.632701393 53.6724146415434 53.6724146415434 53.6724146415434
335100 296.771306491524 440.540197482043 24863.2638587499 9951.07792669968 34814.3417854496 154638.820806459 53.6750976375566 53.6750976375566 53.6750976375566
335200 293.580135501195 299.2516399007 25007.447559532 9844.07435018277 34851.5219097148 154813.179922118 53.6952633960745 53.6952633960745 53.6952633960745
335300 298.571574087334 -410.651798929268 25051.0276899931 10011.4429375446 35062.4706275376 155295.212865035 53.7509349456305 53.7509349456305 53.7509349456305
335400 301.610982565131 -181.232905451294 24998.796726172 10113.3577451828 35112.1544713548 155635.090490281 53.7901193016098 53.7901193016098 53.7901193016098
335500 299.509027245171 -203.749060478586 25080.1040247015 10042.8768033605 35122.980828062 155520.472072028 53.7769113708178 53.7769113708178 53.7769113708178
335600 303.388319063457 -787.433618100636 24891.7903942318 10172.9538503653 35064.744244597 155408.421206475 53.7639930346697 53.7639930346697 53.7639930346697
335700 300.507852117945 530.51530590139 24843.9260414086 10076.3685322665 34920.2945736751 155147.608814831 53.7338999267077 53.7338999267077 53.7338999267077
335800 296.447885571971 314.559764112156 24916.4620340684 9940.23325707291 34856.6952911413 154950.303394167 53.7111119781486 53.7111119781486 53.7111119781486
335900 298.99799386278 -74.0272865582516 24985.5773845364 10025.7412754301 35011.3186599665 155181.296246018 53.7377887524777 53.7377887524777 53.7377887524777
336000 301.344470563198 764.456912918192 25001.3409845988 10104.4212959991 35105.7622805979 155356.307142053 53.7579826923266 53.7579826923266 53.7579826923266
336100 300.526206246141 -175.545142628909 25005.3887591404 10076.9839669664 35082.3727261068 155597.095435171 53.7857417008236 53.7857417008236 53.7857417008236
336200 301.644785922242 -159.292912534073 24909.9547764964 10114.4912100207 35024.4459865171 155516.890434765 53.7764985401345 53.7764985401345 53.7764985401345
336300 300.082369813976 287.539025591399 24855.366924076 10062.101628861 34917.4685529371 155355.730288886 53.757916156028 53.757916156028 53.757916156028
336400 296.425337206544 1229.05610657343 24921.3064392334 9939.47718484972 34860.7836240831 155293.396656377 53.750725402159 53.750725402159 53.750725402159
336500 298.466718231417 337.403627007396 25019.0493345304 10007.9270019724 35026.9763365028 155530.017917488 53.778011623785 53.778011623785 53.778011623785
336600 299.531719837005 -60.2538591689993 25104.9345076779 10043.6377116584 35148.5722193363 155815.421079486 53.8108863833353 53.8108863833353 53.8108863833353
336700 298.735852149035 -830.733494284635 25111.2107437214 10016.9513669576 35128.1621106791 155910.82424231 53.8218666429929 53.8218666429929 53.8218666429929
336800 296.461324976653 -942.335967699846 25070.5680225063 9940.68389552871 35011.251918035 155643.806119824 53.7911233725221 53.7911233725221 53.7911233725221
336900 300.84394516866 -456.957209381993 24777.432863482 10087.6381127992 34865.0709762812 155359.040452993 53.7582979599056 53.7582979599056 53.7582979599056
337000 294.127958126762 732.27678513393 24921.7518441981 9862.44346309154 34784.1953072897 154911.339292552 53.7066095008512 53.7066095008512 53.7066095008512
337100 300.598009967424 872.097318404971 24938.7824592251 10079.391627041 35018.1740862661 154607.976528786 53.6715287197979 53.6715287197979 53.6715287197979
337200 302.58043368851 -89.7367731753366 24981.3389575296 10145.8645390131 35127.2034965427 154730.517658847 53.6857048597245 53.6857048597245 53.6857048597245
337300 304.167910027017 560.620277014631 24936.9489538427 10199.0944180672 35136.0433719099 154701.476566733 53.6823459251612 53.6823459251612 53.6823459251612
337400 300.7941702662 67.0031086724543 24987.4630764266 10085.9691039619 35073.4321803886 154742.628329542 53.6871054731703 53.6871054731703 53.6871054731703
337500 299.138244711254 520.616862294958 24937.7832993443 10030.4440451788 34968.2273445231 154584.267730497 53.6687851086623 53.6687851086623 53.6687851086623
337600 295.99648153936 128.374672363614 24924.5946151838 9925.09716875614 34849.69178394 154424.652139443 53.6503068916338 53.6503068916338 53.6503068916338
337700 297.051614453761 -658.638506166743 24950.9061286692 9960.47697005285 34911.3830987221 154306.383019746 53.6366070170184 53.6366070170184 53.6366070170184
337800 299.571727159138 -287.602771346756 25086.3079896078 10044.9792024679 35131.2871920757 154186.528073863 53.6227163024028 53.6227163024028 53.6227163024028
337900 302.470985703954 -180.409764897749 24993.3126993276 10142.1946241682 35135.5073234958 154215.332471134 53.6260552751593 53.6260552751593 53.6260552751593
338000 301.860676805704 485.252145985386 24912.6275287736 10121.7302757861 35034.3578045598 154444.122336407 53.6525615794485 53.6525615794485 53.6525615794485
338100 298.197746020974 879.220091825003 24927.8155999875 9998.90805921177 34926.7236591993 154772.646188481 53.6905767591807 53.6905767591807 53.6905767591807
338200 299.949400181165 -266.12427397629 24922.847708088 10057.6430065177 34980.4907146057 155265.599035413 53.7475180722852 53.7475180722852 53.7475180722852
338300 304.974528673395 -337.344257496491 24945.3836314608 10226.1412545762 35171.524886037 155694.51463051 53.7969644264272 53.7969644264272 53.7969644264272
338400 300.819798809524 41.7128039244583 25113.7346960511 10086.8284580375 35200.5631540887 155832.57964063 53.8128615483257 53.8128615483257 53.8128615483257
338500 300.16916919837 -773.121557943513 25075.6344191055 10065.0121104986 35140.646529604 155908.139090885 53.8215576614703 53.8215576614703 53.8215576614703
338600 301.338425642837 422.533755141058 24932.127387877 10104.2186029751 35036.3459908521 155698.640178427 53.7974395876638 53.7974395876638 53.7974395876638
338700 302.009718651231 391.319788674083 24837.0964469743 10126.7278176196 34963.8242645939 155524.926545684 53.7774247985031 53.7774247985031 53.7774247985031
338800 298.905581100453 52.7381466658778 24964.6887360808 10022.6425708747 34987.3313069555 155445.96762917 53.768322450556 53.768322450556 53.768322450556
338900 302.279096823023 555.573026316426 25036.1785902772 10135.7603727239 35171.9389630012 155246.897651045 53.7453600639876 53.7453600639876 53.7453600639876
339000 302.986954212066 -638.858856063671 25060.0201049519 10159.4956324518 35219.5157374037 155209.010545972 53.7409876271301 53.7409876271301 53.7409876271301
339100 299.502843898688 -356.332767175463 25019.6193248285 10042.6694687518 35062.2887935803 154929.26424798 53.7086809038809 53.7086809038809 53.7086809038809
339200 299.386812201996 208.837576185766 24954.1633709674 10038.7787945845 34992.9421655519 154771.370979178 53.6904293022222 53.6904293022222 53.6904293022222
339300 302.076876496867 337.500513429697 24879.2506039813 10128.9796962234 35008.2303002048 154712.29593348 53.6835973578384 53.6835973578384 53.6835973578384
339400 298.319592168782 -196.144583605348 25043.1711102858 10002.9936985084 35046.1648087942 154983.165846544 53.7149087956958 53.7149087956958 53.7149087956958
339500 305.231898670045 -939.427535093917 24951.2609099751 10234.7711619717 35186.0320719468 155360.953245517 53.7585185844411 53.7585185844411 53.7585185844411
339600 300.543512819596 602.758980792969 25232.529685268 10077.5642759698 35310.0939612378 155174.546329079 53.7370095974321 53.7370095974321 53.7370095974321
339700 302.96196876248 609.82721477544 25027.4153376014 10158.6578420373 35186.0731796388 155103.968036336 53.7288612646078 53.7288612646078 53.7288612646078
339800 301.701257925881 404.28612324608 24895.5406364129 10116.3847802432 35011.9254166561 155003.553224963 53.7172640152687 53.7172640152687 53.7172640152687
339900 299.597047848098 -553.638941505266 24959.6927720574 10045.8282338382 35005.5210058956 154921.820488526 53.7078207244388 53.7078207244388 53.7078207244388
340000 299.163926443908 -954.761142182815 24963.0404413218 10031.3051827529 34994.3456240747 154965.384362576 53.71285444931 53.71285444931 53.71285444931
340100 301.694918311467 -743.054151272489 24947.9297293005 10116.1722057939 35064.1019350944 154972.888397392 53.7137214313692 53.7137214313692 53.7137214313692
340200 298.863630549799 1195.09263318192 25189.013666664 10021.2359214127 35210.2495880766 154644.653231302 53.6757724401612 53.6757724401612 53.6757724401612
340300 301.218364894001 230.293045939777 25162.2455658872 10100.1928301275 35262.4383960146 154845.641955155 53.6990161678524 53.6990161678524 53.6990161678524
340400 301.48934095305 -549.762913050358 24973.8699642839 10109.2789642007 35083.1489284846 155197.736640364 53.739686402221 53.739686402221 53.739686402221
340500 300.1205810081 -943.504315702878 24930.6288729809 10063.3828934647 34994.0117664456 155429.495559718 53.7664231693222 53.7664231693222 53.7664231693222
340600 299.933553690269 -144.388914153957 24954.5864866993 10057.1116557357 35011.698142435 155362.611398623 53.7587098369954 53.7587098369954 53.7587098369954
340700 300.788054902488 -352.942722297087 24986.1663364087 10085.7640488925 35071.9303853012 155642.131983568 53.7909305090967 53.7909305090967 53.7909305090967
340800 303.297488992574 371.171723818599 24980.3695812134 10169.908215246 35150.2777964594 155791.492399682 53.808131650886 53.808131650886 53.808131650886
340900 303.282556811772 -83.4516644907335 25066.7625846718 10169.4075223167 35236.1701069885 155907.899708377 53.8215301154504 53.8215301154504 53.8215301154504
341000 302.325247642495 -346.829779526447 25141.8481332884 10137.3078619552 35279.1559952435 155912.175336121 53.8220221125937 53.8220221125937 53.8220221125937
341100 301.161427701129 716.98990101479 25001.124038709 10098.2836615832 35099.4077002922 155851.897188983 53.8150850662524 53.8150850662524 53.8150850662524
341200 297.011285298125 -328.538346724507 25030.0985593206 9959.12468780159 34989.2232471222 155937.268846901 53.8249094454537 53.8249094454537 53.8249094454537
341300 298.551971960947 120.000482929838 24988.6587069567 10010.7856560523 34999.4443630089 155808.467477886 53.8100858955328 53.8100858955328 53.8100858955328
341400 300.818428688933 -6.1627194363463 24995.6242952474 10086.7825163428 35082.4068115902 155828.118512941 53.8123480306815 53.8123480306815 53.8123480306815
341500 300.832621625968 176.937735614132 25158.7861050901 10087.2584215916 35246.0445266817 155822.905984062 53.8117480072956 53.8117480072956 53.8117480072956
341600 303.79397651609 -77.9036339091202 25122.3634569019 10186.5560040587 35308.9194609606 155928.167034362 53.8238622000426 53.8238622000426 53.8238622000426
341700 299.353782585127 17.4970378989053 25054.0080740503 10037.6712741331 35091.6793481834 156008.115235433 53.8330595670316 53.8330595670316 53.8330595670316
341800 296.343537150835 311.400650970823 25055.461688886 9936.73433636348 34992.1960252495 156010.657773403 53.8333520130457 53.8333520130457 53.8333520130457
341900 296.943533940543 98.6871874085585 25062.2446067515 9956.85290807023 35019.0975148217 155838.191570755 53.8135075202066 53.8135075202066 53.8135075202066
342000 298.781007616175 -772.450852747732 25086.5165142479 10018.4654808982 35104.9819951462 155690.277675074 53.796476425059 53.796476425059 53.796476425059
342100 301.546640530342 -110.327203651224 25121.5949366695 10111.2002839049 35232.7952205744 155640.916901813 53.7907905286867 53.7907905286867 53.7907905286867
342200 303.945956114167 -319.59780224562 25049.4708948254 10191.6520520615 35241.1229468869 155719.149762368 53.7998016606573 53.7998016606573 53.7998016606573
342300 297.235320239488 -711.154731979946 25035.8045780301 9966.6368330496 35002.4414110797 155851.212576087 53.8150062680347 53.8150062680347 53.8150062680347
342400 299.433556712347 452.155010442417 24917.3474004099 10040.3461909432 34957.693591353 155554.562499836 53.7808404226309 53.7808404226309 53.7808404226309
342500 301.564311215144 -838.267689662433 24951.7591005809 10111.792801974 35063.5519025549 155175.883137763 53.7371639094557 53.7371639094557 53.7371639094557
342600 302.31856148979 476.312222917831 25025.1977138857 10137.0836676846 35162.2813815703 154499.738329248 53.6590009793009 53.6590009793009 53.6590009793009
342700 300.658666118323 653.848352081139 25055.2995071572 10081.4254964587 35136.7250036159 154409.441885638 53.6485453819119 53.6485453819119 53.6485453819119
342800 298.576225597782 186.774090538033 24888.7711220047 10011.5989079566 34900.3700299613 154485.784515895 53.6573855068198 53.6573855068198 53.6573855068198
342900 295.511167945171 32.6934339015495 24973.7003461481 9908.82405444549 34882.5244005936 154947.484681704 53.7107862885664 53.7107862885664 53.7107862885664
343000 298.148769350796 -563.335904003237 25012.0735592102 9997.26581600674 35009.3393752169 155217.793480216 53.7420013025088 53.7420013025088 53.7420013025088
343100 301.776582269548 -273.917994948807 25001.1405348486 10118.9104907726 35120.0510256211 155423.127066333 53.7656888261059 53.7656888261059 53.7656888261059
343200 302.838784509453 -148.637920891009 24980.1247764735 10154.5273345577 35134.6521110312 155584.50115931 53.7842904939021 53.7842904939021 53.7842904939021
343300 296.816179333374 -1051.95631398452 25100.5905537271 9952.5825638943 35053.1731176214 155753.006613276 53.8037004743685 53.8037004743685 53.8037004743685
343400 298.054453709759 -343.032337888299 24852.8498598089 9994.10330577367 34846.9531655826 155526.36494764 53.7775905882499 53.7775905882499 53.7775905882499
343500 298.178155298809 -599.420645386969 24829.8608976833 9998.25116011595 34828.1120577992 155406.230604772 53.7637404184833 53.7637404184833 53.7637404184833
343600 299.18057604547 391.45487319642 24927.304812073 10031.8634627448 34959.1682748179 155401.230619081 53.7631638203748 53.7631638203748 53.7631638203748
343700 300.018816781518 394.907981314368 24974.4539063285 10059.9706237246 35034.4245300531 155422.860497446 53.7656580879348 53.7656580879348 53.7656580879348
343800 298.630137075061 283.656936395374 25098.5821632417 10013.4066208311 35111.9887840728 155457.285623268 53.7696273729813 53.7696273729813 53.7696273729813
343900 303.319493507653 -484.909501612556 25016.0558235087 10170.6460515513 35186.7018750599 155583.895946321 53.7842207547503 53.7842207547503 53.7842207547503
344000 302.764290839514 -75.8297351844441 24990.4661385563 10152.029477459 35142.4956160153 155417.004267603 53.7649827947269 53.7649827947269 53.7649827947269
344100 299.112558075036 191.282389715919 24896.998677207 10029.5827431827 34926.5814203897 155323.2803152 53.754172995235 53.754172995235 53.754172995235
344200 298.587312496241 -25.8310291827447 24892.6393886859 10011.9706642151 34904.6100529009 155481.485906171 53.772417362683 53.772417362683 53.772417362683
344300 298.809302687689 -378.627067965941 25012.637093597 10019.4142466833 35032.0513402803 155701.922058814 53.7978175732414 53.7978175732414 53.7978175732414
344400 298.299432400526 893.797331154405 25121.8027834919 10002.3177186528 35124.1205021448 155996.010142112 53.8316671799238 53.8316671799238 53.8316671799238
344500 300.108210461503 774.99984176571 25087.6470657653 10062.9680950307 35150.615160796 156340.828670003 53.8713017325248 53.8713017325248 53.8713017325248
344600 298.846429508059 211.855843623324 25100.6007712721 10020.6591510072 35121.2599222793 156402.86040328 53.8784256731644 53.8784256731644 53.8784256731644
344700 299.580967308404 260.138557163776 25039.9993826375 10045.289035135 35085.2884177725 156076.054301563 53.8408729148782 53.8408729148782 53.8408729148782
344800 301.650065463915 558.644587488391 24956.0960863479 10114.6682390307 35070.7643253786 155622.026854516 53.7886142550168 53.7886142550168 53.7886142550168
344900 299.641188081058 -138.117560206587 25015.0662778106 10047.3083058272 35062.3745836378 155251.829516048 53.7459291833658 53.7459291833658 53.7459291833658
345000 300.290197631663 359.974634107747 24996.3201672561 10069.0703309016 35065.3904981577 155180.183421061 53.7376602986479 53.7376602986479 53.7376602986479
345100 299.621432540678 627.752792950402 24983.4872406164 10046.64588019 35030.1331208064 155435.305392992 53.7670930766247 53.7670930766247 53.7670930766247
345200 299.076033174493 -1027.51587819731 24952.8263655911 10028.358021912 34981.1843875032 155564.912315627 53.7820331647745 53.7820331647745 53.7820331647745
345300 300.317685350357 -102.255525525877 24922.7910966377 10069.9920252325 34992.7831218702 155375.155927262 53.7601566877303 53.7601566877303 53.7601566877303
345400 299.799688053308 645.862025161934 25061.1394889658 10052.6229893587 35113.7624783245 155324.567042384 53.7543214313752 53.7543214313752 53.7543214313752
345500 303.235224915741 45.4569567670449 25017.2568862235 10167.8204302511 35185.0773164747 155429.864592385 53.7664657214147 53.7664657214147 53.7664657214147
345600 300.675540231893 559.350936422418 24965.3714734586 10081.9913045925 35047.3627780511 155180.777476652 53.7377288707988 53.7377288707988 53.7377288707988
345700 300.672259358376 -943.275629105046 24825.3438370482 10081.8812931887 34907.2251302369 155026.540861028 53.7199193777887 53.7199193777887 53.7199193777887
345800 298.164191939335 48.4074118275067 24967.7247173658 9997.78295286272 34965.5076702285 154869.60013306 53.7017855154862 53.7017855154862 53.7017855154862
345900 297.399136899013 -183.38257399534 25090.1535130847 9972.1297911253 35062.28330421 154968.622138787 53.7132285306829 53.7132285306829 53.7132285306829
346000 301.490595074154 -595.30153064534 25042.4562003658 10109.3210163013 35151.7772166671 155147.560420885 53.7338943397793 53.7338943397793 53.7338943397793
346100 299.53225074291 -112.015266503632 25162.5425901624 10043.6555135345 35206.1981036969 155206.443526596 53.7406913494063 53.7406913494063 53.7406913494063
346200 299.977568940602 -297.818144300335 25076.8368914689 10058.5875369158 35135.4244283847 155332.72914418 53.7552629878566 53.7552629878566 53.7552629878566
346300 300.080675431917 279.638438591544 24863.6751441596 10062.0448143121 34925.7199584717 155190.469050464 53.7388475495696 53.7388475495696 53.7388475495696
346400 296.956222001665 430.572577843982 24940.4105916865 9957.27835312572 34897.6889448122 155129.001178186 53.7317516481135 53.7317516481135 53.7317516481135
346500 301.35526578349 143.57579076564 24904.4608066301 10104.7832719584 35009.2440785885 155248.21048861 53.74551156187 53.74551156187 53.74551156187
346600 299.701145670899 -405.027377370611 25100.6639976086 10049.3187517017 35149.9827493103 155292.530120017 53.7506254257154 53.7506254257154 53.7506254257154
346700 298.92121402013 -179.271080308011 25152.5700087216 10023.1667603719 35175.7367690934 155309.533608203 53.7525871315117 53.7525871315117 53.7525871315117
346800 299.309712219234 -438.121577355955 25085.6807641427 10036.1935448659 35121.8743090086 155584.786543331 53.7843233788566 53.7843233788566 53.7843233788566
346900 296.913894551283 28.859761916207 24929.434875271 9955.85906578905 34885.2939410601 155463.946620559 53.7703953314712 53.7703953314712 53.7703953314712
347000 293.816539755315 -348.970380991908 25005.0436371168 9852.00125249271 34857.0448896095 155270.353171391 53.7480666385335 53.7480666385335 53.7480666385335
347100 298.159587257491 -120.672788841045 24979.4717500327 9997.62855266684 34977.1003026995 154854.683125966 53.7000612785888 53.7000612785888 53.7000612785888
347200 300.014498358679 507.627647833898 25002.8754564572 10059.8258221173 35062.7012785745 154602.980070027 53.670950546807 53.670950546807 53.670950546807
347300 298.97584769848 238.851531717405 25045.9279741786 10024.9986894661 35070.9266636447 154674.47396172 53.6792223877905 53.6792223877905 53.6792223877905
347400 298.791703078055 -1131.05206651155 24945.8668504766 10018.824111845 34964.6909623217 155068.865307176 53.7248076997909 53.7248076997909 53.7248076997909
347500 293.865021604556 -314.914112756657 24950.7216838755 9853.62690379144 34804.3485876669 155084.142592532 53.7265719530768 53.7265719530768 53.7265719530768
347600 299.15078147628 -410.808517018902 24848.2909840803 10030.8644171049 34879.1554011852 155112.8158757 53.7298828918011 53.7298828918011 53.7298828918011
347700 297.405063800274 -441.938708714434 25061.9593391003 9972.32852683532 35034.2878659357 154998.353226457 53.7166633133053 53.7166633133053 53.7166633133053
347800 295.728590522518 -448.303755343803 25176.7399428921 9916.11447964119 35092.8544225332 155083.433155919 53.7264900283988 53.7264900283988 53.7264900283988
347900 300.963497704737 420.230268163813 25020.4827408182 10091.6468446975 35112.1295855157 155231.192444167 53.7435476596258 53.7435476596258 53.7435476596258
348000 300.179848128406 -752.872894048999 25115.0396972641 10065.3701871139 35180.4098843781 155611.852692494 53.7874420430579 53.7874420430579 53.7874420430579
348100 300.299352882336 -634.818733989233 25126.3333225702 10069.3773168227 35195.710639393 155784.228318118 53.807295334931 53.807295334931 53.807295334931
348200 300.033719705857 -217.524380280157 25000.3761401366 10060.4703356516 35060.8464757882 155541.733406657 53.7793618880885 53.7793618880885 53.7793618880885
348300 299.143771076042 -108.401908210913 24898.5809109201 10030.6293504474 34929.2102613675 155412.198873308 53.7644286627308 53.7644286627308 53.7644286627308
348400 299.393640104712 506.333712647138 24926.2430732891 10039.0077418935 34965.2508151826 155274.507422247 53.7485459765741 53.7485459765741 53.7485459765741
348500 301.501679195663 73.5927915695908 25001.209046576 10109.6926794455 35110.9017260215 155207.146040706 53.7407724318153 53.7407724318153 53.7407724318153
348600 300.547166371341 462.801155631237 25115.2000813581 10077.6867836965 35192.8868650547 155013.327959383 53.7183931527234 53.7183931527234 53.7183931527234
348700 302.714029308468 578.148691672529 25000.8905127396 10150.3441514143 35151.2346641538 154996.403930033 53.7164381278189 53.7164381278189 53.7164381278189
348800 300.844234839659 -407.183014233972 24995.4235927128 10087.6478257957 35083.0714185085 155075.947486461 53.725625579269 53.725625579269 53.725625579269
348900 301.202229057742 24.9124854292817 24891.751209137 10099.6517772679 34991.4029864049 154890.519481129 53.7042033684493 53.7042033684493 53.7042033684493
349000 300.339528814836 312.88708347271 24892.6783092142 10070.7244613288 34963.402770543 154776.252357369 53.6909937488503 53.6909937488503 53.6909937488503
349100 296.302903505288 -308.090940545859 25033.061749373 9935.37184422073 34968.4335935937 154796.832865248 53.6933733967402 53.6933733967402 53.6933733967402
349200 300.385914345974 475.823920509618 24988.4714112656 10072.279820708 35060.7512319736 155075.476780722 53.7255712209878 53.7255712209878 53.7255712209878
349300 303.865357455209 270.229054165756 24974.2665882918 10188.9494877686 35163.2160760604 155443.612265333 53.7680508779449 53.7680508779449 53.7680508779449
349400 301.893875433373 -337.988107047894 25024.568648874 10122.8434633611 35147.4121122351 155580.699498954 53.7838524226957 53.7838524226957 53.7838524226957
349500 298.458948974565 -479.874797455494 24990.4915710566 10007.6664899934 34998.15806105 155631.640979401 53.7897218955748 53.7897218955748 53.7897218955748
349600 298.117010769096 592.562469161497 24896.0139498737 9996.20091480362 34892.2148646773 155558.140554771 53.7812527738192 53.7812527738192 53.7812527738192
349700 300.546128704582 23.9688031439528 24880.666619999 10077.6519895552 34958.3186095542 155706.724948219 53.7983707291431 53.7983707291431 53.7983707291431
349800 302.460158947375 -416.224244572781 24951.5551346297 10141.8315907615 35093.3867253912 155545.761886844 53.7798261733937 53.7798261733937 53.7798261733937
349900 301.877848375361 237.836712241414 24987.7129377883 10122.3060579593 35110.0189957476 155380.103462762 53.7607273011788 53.7607273011788 53.7607273011788
350000 298.066894938904 -994.927784676423 25094.7193313553 9994.52047427352 35089.2398056288 155336.265415992 53.7556709117152 53.7556709117152 53.7556709117152
350100 299.841901480516 -584.728434647433 24971.3924569613 10054.0384533693 35025.4309103305 155394.661368094 53.7624062358685 53.7624062358685 53.7624062358685
350200 297.643110146281 428.26180601799 24977.8409714505 9980.3104903455 34958.151461796 155376.29197002 53.7602877118687 53.7602877118687 53.7602877118687
350300 300.939321127767 368.512629887898 24834.2743156212 10090.8361766977 34925.1104923189 155349.880643457 53.7572414277879 53.7572414277879 53.7572414277879
350400 299.27471436213 -244.256753402924 24975.5573769599 10035.0200270908 35010.5774040507 155145.799151212 53.733691005963 53.733691005963 53.733691005963
350500 304.628697584064 206.448184156664 24941.6102986945 10214.5451465829 35156.1554452773 154750.236529388 53.6879853331414 53.6879853331414 53.6879853331414
350600 302.35775699607 603.65661818707 25023.2536843007 10138.3979373894 35161.65162169 154695.476827634 53.6816519342985 53.6816519342985 53.6816519342985
350700 298.175938743057 -280.358169074386 25046.5004660339 9998.17683649188 35044.6773025258 155034.256924689 53.720810621827 53.720810621827 53.720810621827
350800 297.92895177007 -786.195643833662 24894.2645048107 9989.89508363602 34884.1595884467 155510.4235504 53.7757531308156 53.7757531308156 53.7757531308156
350900 297.17788946687 -190.639462160408 24961.8238818582 9964.71111421759 34926.5349960758 155540.947082475 53.7792712627131 53.7792712627131 53.7792712627131
351000 299.775780938858 -176.314132066503 24957.9038446393 10051.8213567423 35009.7252013816 155124.102680638 53.7311860809143 53.7311860809143 53.7311860809143
351100 300.910864770407 304.884265506934 24995.4859621239 10089.8820028156 35085.3679649395 154777.461459022 53.6911335586279 53.6911335586279 53.6911335586279
351200 301.743165323087 -757.823036103829 24976.9893645576 10117.7899827213 35094.7793472789 154795.937631099 53.6932698885196 53.6932698885196 53.6932698885196
351300 299.55838431603 -701.189479648011 24954.1665443455 10044.5318018311 34998.6983461766 154751.6898862 53.6881534051622 53.6881534051622 53.6881534051622
351400 296.315191414312 490.19982889412 24893.1656782079 9935.78387172332 34828.9495499312 154893.191578671 53.7045121931277 53.7045121931277 53.7045121931277
351500 299.398347373841 167.694280670963 24839.7665938098 10039.1655819572 34878.932175767 155080.72444023 53.7261772276678 53.7261772276678 53.7261772276678
351600 302.652598671806 24.3224357212331 24889.817604949 10148.284312612 35038.101917561 155205.925199406 53.7406315252309 53.7406315252309 53.7406315252309
351700 296.864763877288 362.512284414243 25117.866321113 9954.21165866169 35072.0779797747 155238.031120837 53.7443368681663 53.7443368681663 53.7443368681663
351800 298.086891022364 -403.691871871811 25074.3201233629 9995.19096559254 35069.5110889554 155303.804919117 53.7519262241434 53.7519262241434 53.7519262241434
351900 299.378105248585 190.626137237904 25052.2689607688 10038.4868405782 35090.755801347 155134.953505317 53.732438871586 53.732438871586 53.732438871586
352000 299.114051357198 -289.934059567973 25086.5588988727 10029.6328146243 35116.191713497 155207.492050784 53.740812367337 53.740812367337 53.740812367337
352100 301.957304464458 455.331622076475 24942.6229810939 10124.9703105911 35067.593291685 155042.933252022 53.7218127458138 53.7218127458138 53.7218127458138
352200 299.608297994863 -689.740979867306 24925.4400912414 10046.2054639972 34971.6455552386 155051.091108022 53.7227549517713 53.7227549517713 53.7227549517713
352300 299.38767394271 420.909092456467 24928.4400743663 10038.8076897264 34967.2477640927 154828.327625541 53.6970146108812 53.6970146108812 53.6970146108812
352400 301.516672929315 -395.966003493172 25025.7352585428 10110.1954363116 35135.9306948544 154576.539762016 53.6678907580762 53.6678907580762 53.6678907580762
352500 299.980962334727 241.257741718293 25141.6673266173 10058.7013212629 35200.3686478802 154554.40506022 53.665328964706 53.665328964706 53.665328964706
352600 303.649657778502 1105.09231203349 24941.0839984259 10181.7168333821 35122.8008318081 154904.794993011 53.7058532035373 53.7058532035373 53.7058532035373
352700 300.547600923967 530.108541394488 24971.7358401418 10077.7013547381 35049.4371948799 155315.159961046 53.7532362167341 53.7532362167341 53.7532362167341
352800 300.039988388127 84.4064958695736 24990.2912962457 10060.6805316658 35050.9718279115 155806.223948547 53.8098276188426 53.8098276188426 53.8098276188426
352900 302.332839813738 -1037.9782541226 24906.781002127 10137.5624360532 35044.3434381802 155873.397828054 53.8175596495758 53.8175596495758 53.8175596495758
353000 301.17793157718 303.714253486028 24980.4472461119 10098.8370552338 35079.2843013457 155269.986329063 53.7480243100377 53.7480243100377 53.7480243100377
353100 301.486366683611 -712.336284232459 25085.0388180656 10109.1792335788 35194.2180516444 155074.988649158 53.7255148502123 53.7255148502123 53.7255148502123
353200 303.901721679539 1110.20053540384 25044.573864407 10190.1688213839 35234.7426857908 154811.671038553 53.6950889489039 53.6950889489039 53.6950889489039
353300 297.229901334208 168.958069348534 25115.5154888829 9966.45513102 35081.9706199029 154918.024422445 53.7073820513474 53.7073820513474 53.7073820513474
353400 294.757998928048 -356.963308133169 25073.1439833561 9883.5694445239 34956.71342788 154959.625655088 53.7121890954527 53.7121890954527 53.7121890954527
353500 299.865207694701 -94.7225830143593 24940.3060562763 10054.8199371194 34995.1259933957 154899.448969483 53.7052353701604 53.7052353701604 53.7052353701604
353600 300.182671787791 -235.432151707046 25045.7984882738 10065.4648676102 35111.2633558841 154948.739222777 53.7109312456481 53.7109312456481 53.7109312456481
353700 302.168525683565 -135.146119964244 25033.6755815581 10132.0527972235 35165.7283787815 154939.658750603 53.709882016622 53.709882016622 53.709882016622
353800 303.966362394097 966.962425376282 24816.0346044007 10192.3362977326 35008.3709021333 154934.321267739 53.7092652628286 53.7092652628286 53.7092652628286
353900 298.659100263036 -458.153777864818 24864.5986418757 10014.3777893176 34878.9764311933 154980.140364306 53.7145592640567 53.7145592640567 53.7145592640567
354000 297.948482669936 338.807622208006 24967.7166166813 9990.54997682241 34958.2665935037 154863.636853334 53.7010962412431 53.7010962412431 53.7010962412431
354100 300.462684236322 -45.3137495093682 25029.3926676138 10074.8540020542 35104.2466696681 155288.014693233 53.7501044533158 53.7501044533158 53.7501044533158
354200 298.347215755485 126.027893089003 25133.6622040312 10003.9199486474 35137.5821526786 155271.420884665 53.7481898373959 53.7481898373959 53.7481898373959
354300 297.111486831423 -807.804947212413 25125.1918984726 9962.48455866652 35087.6764571391 155193.518383431 53.7391995182766 53.7391995182766 53.7391995182766
354400 298.857054949807 -782.180124119396 24992.3589321882 10021.0154340997 35013.3743662879 155082.987281016 53.7264385393046 53.7264385393046 53.7264385393046
354500 293.768850107495 -88.8508076693636 24920.9061214308 9850.40216460458 34771.3082860354 154818.922616937 53.6959273182255 53.6959273182255 53.6959273182255
354600 296.181956384412 98.6434609427627 24864.2186662115 9931.3163503151 34795.5350165266 154587.674686157 53.6691793829969 53.6691793829969 53.6691793829969
354700 298.327493355131 206.038547731528 24952.5684713022 10003.2586342328 34955.827105535 154477.69374687 53.6564487710267 53.6564487710267 53.6564487710267
354800 300.617107578842 -533.967127974522 24969.3465370465 10080.0319915751 35049.3785286217 154500.617934977 53.6591028104877 53.6591028104877 53.6591028104877
354900 302.117292351183 133.876712741745 24990.0396534878 10130.3348855796 35120.3745390674 154639.621800164 53.6751903123042 53.6751903123042 53.6751903123042
355000 301.633630135302 -650.57794353572 25074.527184352 10114.1171438534 35188.6443282054 154981.565826349 53.7147239471585 53.7147239471585 53.7147239471585
355100 304.234350422482 548.073978775498 24970.4948825271 10201.3222397545 35171.8171222815 155139.47016618 53.7329603290719 53.7329603290719 53.7329603290719
355200 297.981196051892 -313.74570749448 24998.0117818792 9991.64689355923 34989.6586754385 155435.233279542 53.7670847616301 53.7670847616301 53.7670847616301
355300 295.266983283147 -586.363714789446 25022.4546303987 9900.63626624916 34923.0908966479 155242.769134227 53.7448836388154 53.7448836388154 53.7448836388154
355400 297.970444518185 462.672355101141 25037.6767323351 9991.28638246058 35028.9631147956 155090.366337716 53.7272906511438 53.7272906511438 53.7272906511438
355500 300.992327261839 -320.817027853665 25049.0144249998 10092.6135323894 35141.6279573893 155132.301274728 53.7321326615692 53.7321326615692 53.7321326615692
355600 304.682251881822 272.685087678004 24915.6651500325 10216.3408828236 35132.0060328561 154940.720285386 53.7100046767987 53.7100046767987 53.7100046767987
355700 302.731285733407 -381.018695982969 24936.8849793762 10150.9227788811 35087.8077582573 155065.298925429 53.724395829787 53.724395829787 53.724395829787
355800 300.660904484828 -1223.00125037642 24960.9830540982 10081.500551422 35042.4836055202 155259.847608435 53.7468544164928 53.7468544164928 53.7468544164928
355900 297.855482932206 -18.4647768147191 25025.1852501312 9987.43159031718 35012.6168404484 154943.54790504 53.7103314050698 53.7103314050698 53.7103314050698
356000 300.44427474885 201.617056577257 24965.7047325831 10074.2367110951 35039.9414436782 154947.569466361 53.7107960851107 53.7107960851107 53.7107960851107
356100 299.721209398588 781.106404930605 25143.0885748975 10049.9915112083 35193.0800861058 155053.299979373 53.7230100635756 53.7230100635756 53.7230100635756
356200 306.398486489376 -550.385908149789 25023.0758101049 10273.8881724258 35296.9639825307 154909.741920629 53.7064249012272 53.7064249012272 53.7064249012272
356300 302.767293926561 -761.474292986435 25012.862872293 10152.1301743679 35164.9930466609 154692.949961729 53.6813596459107 53.6813596459107 53.6813596459107
356400 298.49752851217 310.838472880597 25026.2845787622 10008.960105571 35035.2446843332 154538.224146002 53.6634560872345 53.6634560872345 53.6634560872345
356500 301.413503723498 -1014.28982243084 24927.1655182301 10106.7360560269 35033.9015742571 154694.417464278 53.6815293956914 53.6815293956914 53.6815293956914
356600 301.306042081652 -889.139722343013 24964.0723458951 10103.1327455021 35067.2050913972 154882.969161581 53.7033307295328 53.7033307295328 53.7033307295328
356700 299.730025443748 854.378057829273 25082.1701506285 10050.2871231845 35132.457273813 154783.972529157 53.6918864284384 53.6918864284384 53.6918864284384
356800 301.546244284429 -578.708441500519 25133.6097022238 10111.1869973308 35244.7966995546 154822.809654076 53.6963766955011 53.6963766955011 53.6963766955011
356900 302.010206037309 240.888116424173 25122.329837575 10126.7441602267 35249.0739978017 154517.769658138 53.6610883732506 53.6610883732506 53.6610883732506
357000 295.474348421655 128.651182012673 25118.0301729168 9907.58945413299 35025.6196270498 154201.431719216 53.6244439678235 53.6244439678235 53.6244439678235
357100 298.607286630395 -163.901486617908 24958.9176276421 10012.640419549 34971.5580471911 154074.68854113 53.6097480485019 53.6097480485019 53.6097480485019
357200 300.495715628713 251.032863982982 24921.569442483 10075.961582041 34997.531024524 154176.724484332 53.6215797866755 53.6215797866755 53.6215797866755
357300 298.842873132741 23.9051185915422 25064.5115441719 10020.5399017161 35085.051445888 154363.427855023 53.6432157616653 53.6432157616653 53.6432157616653
357400 302.704138458393 -207.41127546 25063.8077804927 10150.0125000123 35213.820280505 154824.287313955 53.6965475246126 53.6965475246126 53.6965475246126
357500 304.995987426756 761.885186198142 25009.54506861 10226.8607908731 35236.4058594831 154890.397106239 53.7041892250234 53.7041892250234 53.7041892250234
357600 300.206381451616 -196.768588094221 24970.5557972716 10066.2598794836 35036.8156767552 154894.528998356 53.7046667625751 53.7046667625751 53.7046667625751
357700 296.442732291399 557.683870958141 25016.2868228047 9940.06046174054 34956.3472845452 154880.453875683 53.7030400154915 53.7030400154915 53.7030400154915
357800 297.086030112465 -245.196767074868 25033.1668465158 9961.63096605642 34994.7978125722 155050.895046607 53.7227323077002 53.7227323077002 53.7227323077002
357900 297.747562625213 -186.933039093071 25136.9907217277 9983.81290023065 35120.8036219584 155081.975892243 53.7263217449873 53.7263217449873 53.7263217449873
358000 301.379148767452 385.688856342963 25109.9250856984 10105.5840954522 35215.5091811506 155364.518620107 53.7589298155902 53.7589298155902 53.7589298155902
358100 304.60402764139 63.0584246225481 25127.6545783158 10213.7179354724 35341.3725137882 155671.560912601 53.7943205717032 53.7943205717032 53.7943205717032
358200 301.598672358441 -670.268823666208 25238.2574903465 10112.9449700142 35351.2024603607 155633.029250067 53.7898818340691 53.7898818340691 53.7898818340691
358300 301.366249018399 37.7635746041842 25021.6262968353 10105.1515522607 35126.7778490961 155217.593432273 53.74197821456 53.74197821456 53.74197821456
358400 299.117258040174 -138.563355407729 25003.5294700353 10029.7403383353 35033.2698083706 154722.494431355 53.6847769236913 53.6847769236913 53.6847769236913
358500 298.988025352253 903.280927088455 24962.3691089481 10025.4070199853 34987.7761289334 154632.274076197 53.6743401706989 53.6743401706989 53.6743401706989
358600 299.999784910244 487.485391737824 24902.4135076281 10059.3324635319 34961.74597116 154834.543218478 53.6977331579407 53.6977331579407 53.6977331579407
358700 297.619117321883 568.07498068641 24945.9359420205 9979.50598377749 34925.441925798 155167.327268869 53.73617626333 53.73617626333 53.73617626333
358800 298.67777802235 95.128538223 25022.7233829092 10015.0040757353 35037.7274586445 155486.620991226 53.7730093364804 53.7730093364804 53.7730093364804
358900 302.207357491545 32.9255177325407 25035.8889000951 10133.3548717124 35169.2437718075 155482.463785408 53.7725300938332 53.7725300938332 53.7725300938332
359000 305.386486769335 -580.253152303147 24933.9808879147 10239.9546759736 35173.9355638884 155567.934098736 53.7823813936579 53.7823813936579 53.7823813936579
359100 302.444170245515 494.127557202918 24848.8401193275 10141.2954714849 34990.1355908123 155429.039932038 53.7663706321155 53.7663706321155 53.7663706321155
359200 294.636981810658 158.462556609093 25033.8905237158 9879.51160355586 34913.4021272716 155490.980555599 53.7735118978441 53.7735118978441 53.7735118978441
359300 299.139314712761 386.368394590877 24942.2866420935 10030.4799235408 34972.7665656343 155584.145533842 53.7842495149315 53.7842495149315 53.7842495149315
359400 299.762697301458 -239.554191046678 25031.5703304391 10051.3826475663 35082.9529780054 155719.790962966 53.799875503893 53.799875503893 53.799875503893
359500 302.515123037764 374.039412012548 25052.6331797189 10143.6745989454 35196.3077786644 155600.565382291 53.7861415203954 53.7861415203954 53.7861415203954
359600 302.483190738175 409.907405420763 25054.4336329106 10142.6038727848 35197.0375056954 155631.397848953 53.7896938851482 53.7896938851482 53.7896938851482
359700 299.691947055903 185.776313200082 25075.8898158897 10049.0103117257 35124.9001276155 155601.640778443 53.7862654301344 53.7862654301344 53.7862654301344
359800 303.177671873042 -852.244084767824 24898.3919552705 10165.8906115649 35064.2825668353 155418.330867983 53.7651357690727 53.7651357690727 53.7651357690727
359900 299.400519649258 286.922037151821 24987.3053873482 10039.2384208115 35026.5438081597 155304.75196031 53.7520354835073 53.7520354835073 53.7520354835073
360000 300.812024108638 57.3834672501664 24883.8165594531 10086.5677635139 34970.384322967 155266.323939362 53.7476017176165 53.7476017176165 53.7476017176165
360100 295.577811708024 -288.805225305179 24937.4741466458 9911.05869527151 34848.5328419173 155065.93849844 53.7244696924901 53.7244696924901 53.7244696924901
360200 299.143488798926 -485.427975247415 24810.5418803572 10030.6198853761 34841.1617657333 154995.323340264 53.7163132957435 53.7163132957435 53.7163132957435
360300 296.928575893404 519.929078087966 25069.2675416097 9956.35134781335 35025.6188894231 154700.472226893 53.6822297542481 53.6822297542481 53.6822297542481
360400 298.823291674871 100.095339949641 25111.8695469303 10019.8833132625 35131.7528601928 154602.825828384 53.6709326982974 53.6709326982974 53.6709326982974
360500 302.301553002794 -7.67192456887091 24965.2455385482 10136.5133538577 35101.7588924059 154634.711079468 53.6746221382597 53.6746221382597 53.6746221382597
360600 299.448969655025 -432.279692493378 24963.4157945153 10040.8630043625 35004.2787988778 154706.810112227 53.682962842229 53.682962842229 53.682962842229
360700 300.378519497377 472.152363571445 24785.3145059867 10072.0318630617 34857.3463690484 154708.525903566 53.6831613002501 53.6831613002501 53.6831613002501
360800 297.187316405052 -265.532781423657 24811.8919726772 9965.02721012849 34776.9191828057 154751.227279442 53.6880999075724 53.6880999075724 53.6880999075724
360900 298.588180978026 -182.686192657952 24945.5189055399 10011.9997853927 34957.5186909325 154850.726719868 53.6996039443211 53.6996039443211 53.6996039443211
361000 304.029746017254 560.850995822558 24924.3430928247 10194.4616223833 35118.8047152081 154840.973684527 53.698476524941 53.698476524941 53.698476524941
361100 300.250251642463 -298.221765520392 25083.1190269622 10067.7308966548 35150.849923617 154893.224928799 53.7045160475089 53.7045160475089 53.7045160475089
361200 303.191245691729 360.339519925743 24906.8948890198 10166.3457570744 35073.2406460942 154837.808535422 53.6981106337539 53.6981106337539 53.6981106337539
361300 301.485994792236 37.4626528596005 24855.1316565695 10109.1667636399 34964.2984202094 154861.89975126 53.7008954524797 53.7008954524797 53.7008954524797
361400 297.995374189783 473.978537223726 24921.8326702731 9992.12230257593 34913.954972849 154940.526188806 53.7099822490113 53.7099822490113 53.7099822490113
361500 303.675434127908 -474.290281869875 24859.8464942755 10182.5811435631 35042.4276378386 155246.274397724 53.7452881419514 53.7452881419514 53.7452881419514
361600 301.484295272973 201.123398933643 25093.782531399 10109.1097768347 35202.8923082337 155018.505328965 53.7189912021128 53.7189912021128 53.7189912021128
361700 301.787787267698 -730.788978886601 25038.6125621151 10119.2862070474 35157.8987691625 154865.927728907 53.7013610374762 53.7013610374762 53.7013610374762
361800 299.234421986428 426.647702897585 24991.8445335583 10033.6689781124 35025.5135116707 154865.82588841 53.7013492660586 53.7013492660586 53.7013492660586
361900 298.457261961663 -584.603196599167 24942.3081993648 10007.6099225406 34949.9181219054 155147.861697744 53.733929121223 53.733929121223 53.733929121223
362000 298.854215265405 -661.261315536243 24963.4501325074 10020.9202162665 34984.3703487739 155307.969199505 53.7524066504315 53.7524066504315 53.7524066504315
362100 301.55831954036 80.5444811125746 24920.2129243655 10111.5918943344 35031.8048186999 155411.54613508 53.7643533916189 53.7643533916189 53.7643533916189
362200 300.295249553546 -1047.42170040107 25008.0616218146 10069.2397275624 35077.301349377 155725.831512506 53.8005711478853 53.8005711478853 53.8005711478853
362300 300.257340199888 96.7255599582678 25064.4337596042 10067.9685840113 35132.4023436156 155610.515733294 53.7872880020467 53.7872880020467 53.7872880020467
362400 302.330004103698 0.316951113987793 25071.2331965235 10137.4673514848 35208.7005480083 155379.476337621 53.7606549737093 53.7606549737093 53.7606549737093
362500 305.002993689427 293.022192290854 24993.964826392 10227.0957187933 35221.0605451854 155165.39449482 53.735953148666 53.735953148666 53.735953148666
362600 298.012563104929 -540.292601522354 25075.6216693742 9992.69866636298 35068.3203357371 155071.085331353 53.7250640800827 53.7250640800827 53.7250640800827
362700 300.607421680296 209.179718118702 24865.7786582143 10079.70721243 34945.4858706443 154801.226610409 53.6938814018958 53.6938814018958 53.6938814018958
362800 303.301856561857 -57.5874737735166 24776.7776160821 10170.0546647892 34946.8322808713 154663.939018923 53.6780036553946 53.6780036553946 53.6780036553946
362900 301.022754234227 79.0567393901231 24976.2286710143 10093.6337832246 35069.8624542389 154731.637218038 53.68583434114 53.68583434114 53.68583434114
363000 299.233248192171 412.57329413384 25199.2332563614 10033.6296194619 35232.8628758233 154944.877404448 53.7104850258573 53.7104850258573 53.7104850258573
363100 299.061317659292 220.685011326548 25207.470181985 10027.8645940257 35235.3347760107 155412.052585572 53.7644117934437 53.7644117934437 53.7644117934437
363200 300.770652422916 -944.67586182583 25094.0892600249 10085.1805240485 35179.2697840734 155978.940752206 53.8297036527102 53.8297036527102 53.8297036527102
363300 301.18015062126 -553.410198536111 24986.6919584348 10098.9114622943 35085.6034207291 155944.648817497 53.8257585475439 53.8257585475439 53.8257585475439
363400 300.018217024631 -561.171418459113 24923.0027589875 10059.9505131971 34982.9532721847 155695.107420369 53.797032701696 53.797032701696 53.797032701696
363500 299.028075317951 195.731541840361 24940.1852735005 10026.7499406818 34966.9352141822 155436.914131831 53.767278570545 53.767278570545 53.767278570545
363600 304.844021429907 -17.1845615404269 24879.521405177 10221.7651989349 35101.2866041119 155156.216071045 53.7348935887971 53.7348935887971 53.7348935887971
363700 301.808444506544 202.715390462194 25104.6266941839 10119.9788676551 35224.6055618391 154895.585343636 53.7047888468145 53.7047888468145 53.7047888468145
363800 298.434785714415 -360.600300991679 25136.9239805833 10006.8562685216 35143.7802491049 154904.620288443 53.7058330133696 53.7058330133696 53.7058330133696
363900 300.10560725467 222.111489497054 24936.023706302 10062.8808065581 34998.9045128601 155040.136593067 53.7214897331512 53.7214897331512 53.7214897331512
364000 297.518041815267 581.725508360508 25015.2257249198 9976.11680759768 34991.3425325175 154849.705126476 53.6994858536446 53.6994858536446 53.6994858536446
364100 300.57966013253 24.5718439513138 24919.3729029719 10078.7763363003 34998.1492392722 154646.510992633 53.6759873767337 53.6759873767337 53.6759873767337
364200 298.624497279241 228.46295638106 25027.0050432207 10013.2175120916 35040.2225553123 154610.92952757 53.6718704247854 53.6718704247854 53.6718704247854
364300 301.116047846475 -190.595585770264 25040.0787293208 10096.7620236752 35136.840752996 154522.649378559 53.6616532453965 53.6616532453965 53.6616532453965
364400 303.971423436114 18.2666105481995 25106.1511232378 10192.5060002018 35298.6571234396 154515.728528245 53.660852090321 53.660852090321 53.660852090321
364500 302.457188731833 338.236208976342 25126.7605388817 10141.7319960713 35268.492534953 154569.920779276 53.6671247256767 53.6671247256767 53.6671247256767
364600 301.556231910183 -403.662028998486 24984.028162317 10111.5218937308 35095.5500560479 154763.988697336 53.6895756469655 53.6895756469655 53.6895756469655
364700 303.278246026228 1071.41816104707 24879.9845479014 10169.2629767965 35049.247524698 154446.902676857 53.6528835329805 53.6528835329805 53.6528835329805
364800 297.149009728459 -161.66950919263 25026.2306812555 9963.74274388951 34989.973425145 154139.224647086 53.6172320409956 53.6172320409956 53.6172320409956
364900 297.80629506677 -32.726712956875 24928.7177842152 9985.78226549602 34914.5000497112 154046.934769906 53.6065289127188 53.6065289127188 53.6065289127188
365000 298.962267714585 826.931870749528 24848.2265797224 10024.5433372301 34872.7699169525 153993.732757466 53.6003569764255 53.6003569764255 53.6003569764255
365100 299.940014085464 -825.762258698346 24991.9935537975 10057.3282801014 35049.3218338989 154534.528779193 53.6630283446566 53.6630283446566 53.6630283446566
365200 302.745026541668 425.15145376091 25010.3179316677 10151.3835237402 35161.7014554078 154855.174704743 53.7001181012865 53.7001181012865 53.7001181012865
365300 301.142370953738 -32.213105294999 25018.8838092784 10097.6446672661 35116.5284765446 155084.629114959 53.726628135814 53.726628135814 53.726628135814
365400 297.851835652278 -163.682123080539 25034.6514772501 9987.30929289154 35021.9607701416 155091.806502664 53.7274569540184 53.7274569540184 53.7274569540184
365500 294.258381477937 -600.348914689889 24985.5492990657 9866.81670572859 34852.3660047943 155099.908241996 53.7283924822102 53.7283924822102 53.7283924822102
365600 296.538875184926 -412.185229054001 24941.5692987453 9943.28424181852 34884.8535405638 154968.366423518 53.713198986422 53.713198986422 53.713198986422
365700 299.875309723875 -225.587440818153 25056.9236315034 10055.1586695957 35112.0823010991 154711.611183756 53.6835181573187 53.6835181573187 53.6835181573187
365800 300.689925381935 -83.5487879015276 25043.1242225305 10082.473654961 35125.5978774915 154403.287764265 53.6478326361064 53.6478326361064 53.6478326361064
365900 299.253460827897 -124.727685225107 25014.620301718 10034.3073720236 35048.9276737416 154448.624201021 53.6530828774169 53.6530828774169 53.6530828774169
366000 298.449405884532 -185.182773032692 24958.8495564911 10007.3464993794 34966.1960558704 154552.523443163 53.6651111816151 53.6651111816151 53.6651111816151
366100 296.220510764481 4.65219860183476 24963.5152460764 9932.60912233211 34896.1243684086 154877.233068443 53.7026677534559 53.7026677534559 53.7026677534559
366200 297.944869291623 -451.147671150061 24928.215993726 9990.42881615634 34918.6448098823 155268.2364332 53.7478223955083 53.7478223955083 53.7478223955083
366300 300.192012930111 650.770202796929 25040.0401182155 10065.7780866887 35105.8182049042 155377.322096161 53.7604065196882 53.7604065196882 53.7604065196882
366400 301.018040679834 -51.1036056795527 25075.9867010947 10093.4757324089 35169.4624335036 155353.89766552 53.7577047736295 53.7577047736295 53.7577047736295
366500 300.71556202064 190.961563634641 25013.3747896833 10083.3332804839 35096.7080701672 155005.196823017 53.7174538803325 53.7174538803325 53.7174538803325
366600 299.107968567629 1170.91162789133 24912.6441802182 10029.4288518028 34942.073032021 154956.969000065 53.7118821432991 53.7118821432991 53.7118821432991
366700 296.089773885619 466.025780812448 24969.5366611165 9928.22536675669 34897.7620278732 155212.787073516 53.7414234967428 53.7414234967428 53.7414234967428
366800 299.614576938004 17.8972098276981 24914.6536533858 10046.4160040701 34961.0696574559 155224.075161269 53.7427262742829 53.7427262742829 53.7427262742829
366900 298.561352841286 305.34808011592 24983.8449581982 10011.1002075915 34994.9451657897 155032.894732813 53.7206532839853 53.7206532839853 53.7206532839853
367000 301.785362101554 -885.15592981876 24956.5166406947 10119.2048884807 35075.7215291754 154956.384927455 53.7118146585885 53.7118146585885 53.7118146585885
367100 303.975976700141 -291.022248322273 24963.6019839704 10192.6586763001 35156.2606602705 154821.493966543 53.6962245907527 53.6962245907527 53.6962245907527
367200 301.742586322501 824.03195800361 25031.484568264 10117.7705681761 35149.25513644 154898.356577686 53.7051091220322 53.7051091220322 53.7051091220322
367300 297.033849424511 -117.58204374733 24970.7888773013 9959.88128850761 34930.670165809 154907.28765846 53.7061412729644 53.7061412729644 53.7061412729644
367400 298.478234899222 650.803476522251 24880.0264454489 10008.3131688837 34888.3396143325 154596.903406777 53.6702473594867 53.6702473594867 53.6702473594867
367500 300.10179257315 -252.544174709269 24950.6440707125 10062.7528959676 35013.3969666801 154629.893660005 53.6740647475489 53.6740647475489 53.6740647475489
367600 299.841887558485 188.69821212416 25042.0653784265 10054.0379865478 35096.1033649743 154768.371717139 53.6900824837599 53.6900824837599 53.6900824837599
367700 299.73246252327 -170.083278767159 25043.3972040877 10050.3688412203 35093.7660453079 154950.496171625 53.7111342525749 53.7111342525749 53.7111342525749
367800 299.596738509558 597.27267948979 25019.3642101444 10045.8178613667 35065.1820715111 154809.971485349 53.694892456409 53.694892456409 53.694892456409
367900 300.514616088165 -303.716526409526 24982.7265714267 10076.5953358465 35059.3219072732 155042.04718917 53.7217104064332 53.7217104064332 53.7217104064332
368000 299.296756426585 -1326.35564892355 25006.22922888 10035.7591224691 35041.9883513492 155077.022419846 53.7257497148642 53.7257497148642 53.7257497148642
368100 298.221505777114 328.726800038891 25044.5279002379 9999.70475073718 35044.2326509751 155036.696248402 53.7210923697937 53.7210923697937 53.7210923697937
368200 299.843428371294 450.541778480606 24963.978939094 10054.0896517459 35018.0685908399 155261.407459033 53.7470344089024 53.7470344089024 53.7470344089024
368300 299.18273187753 -873.052757321524 24984.6023286525 10031.9357502347 35016.5380788872 155492.997042428 53.7737443510049 53.7737443510049 53.7737443510049
368400 298.644682775015 -18.533903993759 25096.8760240538 10013.89435462 35110.7703786738 155405.05569 53.7636049284802 53.7636049284802 53.7636049284802
368500 301.309201929493 -217.912520084893 25078.251700623 10103.238698778 35181.490399401 155259.276963765 53.7467885690462 53.7467885690462 53.7467885690462
368600 299.960088684985 -633.229164637139 25062.5896665276 10058.0014041529 35120.5910706804 155117.745208634 53.73045204674 53.73045204674 53.73045204674
368700 299.703904881412 236.798112400698 24899.0171305014 10049.4112711543 34948.4284016557 154834.94572586 53.6977796887186 53.6977796887186 53.6977796887186
368800 295.809375795146 102.160378242104 24958.902087621 9918.82330130173 34877.7253889227 154715.700328408 53.6839911184526 53.6839911184526 53.6839911184526
368900 298.062665890814 -538.625591854856 24967.5946074233 9994.37866950271 34961.973276926 154684.80806297 53.6804178321136 53.6804178321136 53.6804178321136
369000 301.876511243642 -344.382398336457 24907.8353201271 10122.2612224188 35030.0965425459 154683.98582056 53.6803227174202 53.6803227174202 53.6803227174202
369100 300.65843167123 -283.892368415651 24993.4292396158 10081.4176351822 35074.846874798 154661.930082845 53.6777712458109 53.6777712458109 53.6777712458109
369200 300.143508868262 -331.663269501176 25037.3040984616 10064.1516905761 35101.4557890377 154801.503036649 53.6939133619976 53.6939133619976 53.6939133619976
369300 294.667540836204 527.293875096173 25108.9176044739 9880.53628228296 34989.4538867568 154948.081494011 53.7108552478811 53.7108552478811 53.7108552478811
369400 297.104397683953 159.070622898026 24905.7283170858 9962.24685152513 34867.9751686109 155142.919758283 53.733358584529 53.733358584529 53.733358584529
369500 296.745775098868 263.376438719509 24952.3300492695 9950.22183019592 34902.5518794655 155041.96077053 53.721700425145 53.721700425145 53.721700425145
369600 306.420366659206 -495.621992799961 24830.9860273489 10274.6218392941 35105.607866643 155058.261535787 53.7235830856743 53.7235830856743 53.7235830856743
369700 300.541627666468 -291.251084457204 25044.9417994124 10077.5010646509 35122.4428640633 155116.466207841 53.7303043707932 53.7303043707932 53.7303043707932
369800 299.067328667639 -564.696736604986 25016.3822871988 10028.0661499415 35044.4484371404 155132.616039828 53.7321690025688 53.7321690025688 53.7321690025688
369900 298.305928804548 574.622486258131 24917.0185137517 10002.5355504352 34919.5540641869 155232.407204774 53.7436878491785 53.7436878491785 53.7436878491785
370000 298.597514771502 -470.493251601654 24902.481724004 10012.3127580561 34914.7944820601 155391.883495646 53.762085877379 53.762085877379 53.762085877379
370100 301.830119802434 -76.3072037926582 25051.8258675527 10120.7056648683 35172.531532421 155353.62077778 53.7576728361019 53.7576728361019 53.7576728361019
370200 300.7807534776 -315.930021711254 25129.5284185552 10085.519223849 35215.0476424042 155234.55942366 53.743936224389 53.743936224389 53.743936224389
370300 304.301002912857 73.7055271460893 24902.8452638192 10203.5571732242 35106.4024370434 154945.879346448 53.7106007975125 53.7106007975125 53.7106007975125
370400 299.995602168641 -176.073165841062 24911.235737391 10059.1922114701 34970.4279488611 154922.391450331 53.7078867041192 53.7078867041192 53.7078867041192
370500 296.111182310874 33.3554899303329 25007.4388835084 9928.94321549526 34936.3820990036 155156.678636646 53.7349469885024 53.7349469885024 53.7349469885024
370600 297.613250654488 -62.1969963085433 25053.4607051261 9979.3092677772 35032.7699729033 155009.953240085 53.7180033242788 53.7180033242788 53.7180033242788
370700 301.080289302398 -255.890741873527 25111.8177977807 10095.5629992046 35207.3807969853 154856.774981691 53.700303080069 53.700303080069 53.700303080069
370800 298.074710226158 163.575874666449 25192.5682801287 9994.78252970402 35187.3508098328 155086.974539501 53.7268989795842 53.7268989795842 53.7268989795842
370900 300.109385165392 228.174478602004 25021.8880288097 10063.0074841822 35084.8955129919 155219.074537758 53.7421491515518 53.7421491515518 53.7421491515518
371000 301.281641098634 -361.403127861849 24892.6676368252 10102.3145529135 34994.9821897386 155215.662038846 53.7417553074102 53.7417553074102 53.7417553074102
371100 295.305264799118 741.760837294741 25052.6918996014 9901.91988882398 34954.6117884254 154962.081661503 53.7124728613766 53.7124728613766 53.7124728613766
371200 299.618302550231 277.139482564279 24984.2119682178 10046.5409280664 35030.7528962842 154707.073546946 53.6829933126571 53.6829933126571 53.6829933126571
371300 302.081381478776 -1078.15498885823 25076.1532350804 10129.1307533676 35205.2839884481 154670.079284837 53.6787139973498 53.6787139973498 53.6787139973498
371400 305.106295567765 -88.3117301044949 24977.8231137685 10230.5595477378 35208.3826615064 154424.61334504 53.650302398975 53.650302398975 53.650302398975
371500 298.655494891292 -231.005090651596 25034.5560109164 10014.2568971208 35048.8129080372 154475.129645223 53.6561518967736 53.6561518967736 53.6561518967736
371600 293.186508351841 231.624299169813 25136.3012323747 9830.87558617961 34967.1768185543 154684.478505349 53.6803797098538 53.6803797098538 53.6803797098538
371700 299.136987513987 206.926609447913 24964.8450384334 10030.401889931 34995.2469283644 154830.052607357 53.6972140275109 53.6972140275109 53.6972140275109
371800 298.020184538098 -173.670600685933 25075.807810971 9992.95422164651 35068.7620326175 154843.339934022 53.6987500600884 53.6987500600884 53.6987500600884
371900 300.135822576243 440.442834889121 25073.7931875908 10063.8939605019 35137.6871480927 154835.908310877 53.6978909654308 53.6978909654308 53.6978909654308
372000 303.294163316711 647.247920512137 25124.6220453897 10169.7967015688 35294.4187469585 154996.524040277 53.7164520031791 53.7164520031791 53.7164520031791
372100 302.602516971934 6.07153654833245 25167.5123644475 10146.6050165102 35314.1173809576 155034.646182857 53.7208555823134 53.7208555823134 53.7208555823134
372200 302.168066239693 750.75874004122 24985.7479662662 10132.0373915502 35117.7853578165 154986.995722096 53.7153512517529 53.7153512517529 53.7153512517529
372300 297.454285440951 -24.76719984812 25055.5844265244 9973.97898417852 35029.5634107029 155095.005475725 53.7278263513657 53.7278263513657 53.7278263513657
372400 299.948144268916 -378.92595505517 24943.6486511363 10057.600894358 35001.2495454943 155400.081700696 53.7630313254148 53.7630313254148 53.7630313254148
372500 297.830397120056 475.236039454589 25028.6182926941 9986.59043463232 35015.2087273264 155302.440634889 53.7517688270125 53.7517688270125 53.7517688270125
372600 303.049702217736 -190.803850243313 25000.9298833016 10161.5996441285 35162.5295274301 155178.789080406 53.7374993484819 53.7374993484819 53.7374993484819
372700 302.902483595221 814.307094063104 25092.1098990939 10156.6632370269 35248.7731361208 155057.470060783 53.7234916771394 53.7234916771394 53.7234916771394
372800 300.360205376543 -695.141439933436 25031.3300886411 10071.4177698539 35102.747858495 155198.523742346 53.7397772509303 53.7397772509303 53.7397772509303
372900 298.72190672209 -140.189665363539 24954.1939831439 10016.4837610024 34970.6777441463 154899.27183151 53.705214898299 53.705214898299 53.705214898299
373000 300.88255060817 515.903782455022 24911.69148516 10088.932596897 35000.624082057 154837.492177931 53.6980740625588 53.6980740625588 53.6980740625588
373100 301.153077973435 527.924805058395 25001.6696320528 10098.0036857596 35099.6733178124 154870.268863761 53.7018628105803 53.7018628105803 53.7018628105803
373200 299.819402515203 302.697312293557 25113.4453843411 10053.2840375878 35166.7294219289 155103.377326721 53.728793056176 53.728793056176 53.728793056176
373300 303.113262438133 619.91354548041 25003.6205888998 10163.7308902846 35167.3514791844 155155.105207186 53.7347653475204 53.7347653475204 53.7347653475204
373400 302.305874409416 246.6179805366 24874.8436878375 10136.6582555147 35011.5019433522 155243.419178682 53.7449586536133 53.7449586536133 53.7449586536133
373500 298.714076503153 11.474263455214 24882.791380634 10016.2212048957 34899.0125855297 155371.641432042 53.7597513435658 53.7597513435658 53.7597513435658
373600 294.669808570376 85.5913541612523 25066.9904683257 9880.6123219774 34947.6027903031 155899.331066005 53.8205440933753 53.8205440933753 53.8205440933753
373700 302.909640650265 -39.3498619014996 24967.8221270875 10156.9032211861 35124.7253482736 156464.283850548 53.8854779003325 53.8854779003325 53.8854779003325
373800 301.186498845586 260.850786855988 25039.2698183893 10099.1243254437 35138.394143833 156215.166325589 53.8568644532454 53.8568644532454 53.8568644532454
373900 298.797714467432 144.639966373724 25058.7619305197 10019.0256805372 35077.7876110569 155848.722978605 53.8147197160615 53.8147197160615 53.8147197160615
374000 300.015503615859 395.569561643227 24908.6499743761 10059.8595295287 34968.5095039048 155966.073656607 53.8282234294053 53.8282234294053 53.8282234294053
374100 298.754053434157 -109.708359703271 24820.070789692 10017.5616766562 34837.6324663482 156053.862769556 53.8383210220588 53.8383210220588 53.8383210220588
374200 297.381230633951 214.082966406204 24809.7997936698 9971.52937378333 34781.3291674531 155836.144496271 53.8132718896049 53.8132718896049 53.8132718896049
374300 296.82306378724 368.338052965157 24988.2215007545 9952.81340742736 34941.0349081819 155804.868347446 53.8096715598798 53.8096715598798 53.8096715598798
374400 302.105048724227 411.745462160306 24969.0760141369 10129.9243429049 35099.0003570418 155757.322553716 53.8041974394606 53.8041974394606 53.8041974394606
374500 299.689580305963 -904.498459607839 25093.5866214557 10048.9309519205 35142.5175733762 155889.303817003 53.8193901787216 53.8193901787216 53.8193901787216
374600 301.569992519242 -614.411072093247 25027.6891775897 10111.9833025331 35139.6724801228 155748.747527267 53.8032100468604 53.8032100468604 53.8032100468604
374700 299.707858016741 704.285713669399 25008.3293907002 10049.5438242578 35057.873214958 155234.210335705 53.7438959383107 53.7438959383107 53.7438959383107
374800 297.647510924774 377.454904240011 24930.6561034824 9980.45805343117 34911.1141569136 155016.902079907 53.7188060086983 53.7188060086983 53.7188060086983
374900 297.031059526691 -1330.56746846789 24949.4921511235 9959.78774007483 34909.2798911984 155082.55456625 53.7263885698327 53.7263885698327 53.7263885698327
375000 300.480365332598 291.81518946018 25035.0405849496 10075.4468692318 35110.4874541814 154869.121794961 53.7017302267434 53.7017302267434 53.7017302267434
375100 296.944824562011 -648.396489224251 25227.2399203724 9956.89618406935 35184.1361044417 154997.435450139 53.7165572907192 53.7165572907192 53.7165572907192
375200 303.014511309764 191.643186281861 24967.3022244546 10160.4196531392 35127.7218775938 155265.831430524 53.7475448879572 53.7475448879572 53.7475448879572
375300 298.889031528645 535.857840128037 25001.9423956738 10022.0876449937 35024.0300406675 155362.071939234 53.7586476155166 53.7586476155166 53.7586476155166
375400 297.293443740049 -444.540834039093 24973.0801152622 9968.58577983389 34941.6658950961 155464.109714727 53.7704141346194 53.7704141346194 53.7704141346194
375500 302.732005601259 27.4526385151057 24802.8852327031 10150.9469168652 34953.8321495683 155305.91873913 53.7521700932101 53.7521700932101 53.7521700932101
375600 300.698869361588 -453.144308137343 25101.2730247246 10082.7735567256 35184.0465814502 155317.740161873 53.7535338768307 53.7535338768307 53.7535338768307
375700 302.241051719399 -649.141374873768 25072.4432601558 10134.4846773227 35206.9279374785 155032.519917708 53.7206099913913 53.7206099913913 53.7206099913913
375800 301.273110756688 297.936886025083 24954.1348588352 10102.0285208895 35056.1633797247 154681.255338843 53.6800068605428 53.6800068605428 53.6800068605428
375900 299.648485578791 1202.92202764783 24916.3417059866 10047.5529991888 34963.8947051755 154715.861340026 53.6840097413057 53.6840097413057 53.6840097413057
376000 298.227667705268 -587.726265251976 24983.1293478554 9999.91136716506 34983.0407150204 154861.693611483 53.7008716250233 53.7008716250233 53.7008716250233
376100 298.757347246328 -551.467831989136 25105.2611260605 10017.6721219077 35122.9332479683 154695.277730644 53.6816289044075 53.6816289044075 53.6816289044075
376200 304.736690265602 261.27515137865 25067.8078905845 10218.1662634698 35285.9741540543 154712.063670443 53.683570493519 53.683570493519 53.683570493519
376300 304.813739931142 -300.432624487883 25030.0832026605 10220.749825995 35250.8330286555 154715.031625001 53.6839137750427 53.6839137750427 53.6839137750427
376400 301.037029829124 -351.437061648432 25064.2614559081 10094.1124600851 35158.3739159932 154682.862674511 53.6801927944938 53.6801927944938 53.6801927944938
376500 297.670189511136 211.050486757981 25061.5337200546 9981.21849210975 35042.7522121644 155022.747923089 53.7194812635989 53.7194812635989 53.7194812635989
376600 298.577718266925 507.114887088111 24941.5222390248 10011.648958843 34953.1711978678 155221.657085031 53.7424472052788 53.7424472052788 53.7424472052788
376700 300.821881550739 -403.338589734147 24875.3583959927 10086.8982947087 34962.2566907014 155571.439543654 53.782785353854 53.782785353854 53.782785353854
376800 303.361860964882 -515.69676645307 25019.3374785351 10172.0666803628 35191.4041588979 155848.714279297 53.8147187147682 53.8147187147682 53.8147187147682
376900 302.854999999239 -89.2687457391127 25086.7230634683 10155.0710582902 35241.7941217585 155839.441017145 53.8136513379967 53.8136513379967 53.8136513379967
377000 301.288815053914 81.6778390966845 24996.720736547 10102.5551037568 35099.2758403038 155419.796042378 53.7653047218003 53.7653047218003 53.7653047218003
377100 298.924075515937 -81.8142699443421 24983.3547112293 10023.2627095662 35006.6174207955 155074.66927751 53.7254779682321 53.7254779682321 53.7254779682321
377200 298.261706151832 130.331151093863 24968.6882251116 10001.0527148185 34969.74093993 154872.425625037 53.7021120978523 53.7021120978523 53.7021120978523
377300 303.085377289913 365.825850977711 24881.1988655279 10162.7958696918 35043.9947352197 154453.598655232 53.6536588875953 53.6536588875953 53.6536588875953
377400 304.215295986488 -50.5854471697496 25059.4426453072 10200.6833229411 35260.1259682484 154472.072356599 53.6557979165452 53.6557979165452 53.6557979165452
377500 302.238135892539 520.566771534249 25056.02740321 10134.3869063467 35190.4143095567 154985.780698653 53.7152108838869 53.7152108838869 53.7152108838869
377600 298.116755990051 -615.300766557083 25094.8698470493 9996.19237177377 35091.0622188231 155478.532055841 53.7720768362258 53.7720768362258 53.7720768362258
377700 300.845109889303 806.989538032696 24961.2120793605 10087.6771672011 35048.8892465616 155419.798331435 53.7653049857561 53.7653049857561 53.7653049857561
377800 302.442792642522 850.240321234507 24915.1303144245 10141.2492788967 35056.3795933212 155408.469290043 53.7639985795522 53.7639985795522 53.7639985795522
377900 304.834005758383 -665.064999376107 24955.0449053311 10221.4293621284 35176.4742674595 155583.531570027 53.7841787673064 53.7841787673064 53.7841787673064
378000 303.224436426914 67.4981005173918 25091.1645838439 10167.4586800055 35258.6232638494 155492.916519315 53.7737350686362 53.7737350686362 53.7737350686362
378100 303.008805262622 856.215200798121 24950.2592492626 10160.2283229179 35110.4875721805 155224.66522243 53.7427943725149 53.7427943725149 53.7427943725149
378200 298.328752915776 476.629856581098 24982.6328281026 10003.3008687274 34985.93369683 155472.38112241 53.7713677290533 53.7713677290533 53.7713677290533
378300 300.036998680768 -1167.87201453149 24944.3921279234 10060.580283393 35004.9724113164 155884.936576958 53.818887590485 53.818887590485 53.818887590485
378400 301.37310071899 114.924797311309 24997.5150799315 10105.3812975394 35102.8963774709 155737.311001018 53.8018931033959 53.8018931033959 53.8018931033959
378500 302.620320281662 578.936628186814 25020.9233783655 10147.2019816432 35168.1253600087 155738.176435253 53.8019927624813 53.8019927624813 53.8019927624813
378600 299.018193397107 -426.019528581871 25087.6310126806 10026.4185886871 35114.0496013677 155882.463263 53.8186029538105 53.8186029538105 53.8186029538105
378700 299.149439046862 638.010406909104 24886.2533879816 10030.8194039265 34917.0727919081 155831.97291297 53.8127917088565 53.8127917088565 53.8127917088565
378800 296.564991458831 18.7770411341341 24986.2306561168 9944.15995005278 34930.3906061696 156047.798326259 53.8376236054345 53.8376236054345 53.8376236054345
378900 301.837271760676 350.149762982517 24970.438119415 10120.9454781259 35091.3835975409 156112.525136287 53.8450663163096 53.8450663163096 53.8450663163096
379000 300.753707708028 -309.387246340371 25072.0897550714 10084.6123485726 35156.702103644 156261.893056895 53.8622337662251 53.8622337662251 53.8622337662251
379100 300.986638136578 572.315777425969 25042.3976450937 10092.4227695779 35134.8204146716 155753.332107992 53.8037379542399 53.8037379542399 53.8037379542399
379200 298.661947565889 303.384568460572 24993.7500334188 10014.4732626061 35008.2232960249 155283.794768463 53.7496175656612 53.7496175656612 53.7496175656612
379300 297.453425421355 328.003692995842 24858.621655088 9973.95014674773 34832.5718018357 155189.212154556 53.7387024712446 53.7387024712446 53.7387024712446
379400 297.986934765336 -328.929775873796 24891.2713640065 9991.83931911869 34883.1106831252 155205.921793897 53.7406311321741 53.7406311321741 53.7406311321741
379500 298.343089991932 -240.896356730298 24992.4507569707 10003.7816071241 34996.2323640948 155030.764403852 53.7204072218235 53.7204072218235 53.7204072218235
379600 302.281353905681 280.370018916191 24965.9363277641 10135.836055261 35101.7723830252 155085.127783674 53.7266857210607 53.7266857210607 53.7266857210607
379700 301.096434167126 -155.873059364027 25029.3548180478 10096.104354799 35125.4591728469 155299.340724876 53.7514111877413 53.7514111877413 53.7514111877413
379800 299.93018123129 -537.468178629531 25005.046205912 10056.9985733677 35062.0447792797 155327.848988783 53.7547000311946 53.7547000311946 53.7547000311946
379900 298.116475996966 -404.963022059736 24844.1809615803 9996.18298328861 34840.3639448689 155087.992428822 53.7270165220518 53.7270165220518 53.7270165220518
380000 300.095400515938 235.192558910175 24760.1884167496 10062.5385630519 34822.7269798014 154881.762368737 53.7031912501054 53.7031912501054 53.7031912501054
380100 297.522435469061 525.697181918834 24973.3026550001 9976.26413178412 34949.5667867842 154717.193818741 53.6841638573615 53.6841638573615 53.6841638573615
380200 299.589520448437 -191.292127764726 25010.4444225248 10045.5758316046 35056.0202541294 154720.520064563 53.6845485710051 53.6845485710051 53.6845485710051
380300 304.392459393829 221.400890312105 24920.8665689855 10206.623812583 35127.4903815685 154741.242465822 53.6869452000883 53.6869452000883 53.6869452000883
380400 300.535888722395 -455.038750867033 25015.7331825448 10077.3086313582 35093.041813903 154753.070748194 53.6883130926162 53.6883130926162 53.6883130926162
380500 300.653670211589 -313.631783860595 24805.1628465424 10081.2579780493 34886.4208245917 154661.369536372 53.6777063970109 53.6777063970109 53.6777063970109
380600 296.457020449083 28.3697323771355 24910.7105131655 9940.53955984547 34851.2500730109 154596.903256992 53.6702473421534 53.6702473421534 53.6702473421534
380700 297.769210531642 988.153104455769 24956.5160025624 9984.53877904411 34941.0547816065 154605.620193034 53.6712560542963 53.6712560542963 53.6712560542963
380800 302.759275428963 112.514935484061 24902.2587834475 10151.8613050645 35054.120088512 155025.325502721 53.719778995115 53.719778995115 53.719778995115
380900 298.985657570541 -519.213886215604 25100.0943966556 10025.3276255835 35125.4220222391 155194.980008095 53.7393682244048 53.7393682244048 53.7393682244048
381000 298.978691549158 -374.3765303991 25077.2775661931 10025.0940469993 35102.3716131923 155019.514532063 53.7191077758396 53.7191077758396 53.7191077758396
381100 299.309659613821 -213.855688822037 24927.0167101606 10036.1917809468 34963.2084911074 155361.155575532 53.7585419214014 53.7585419214014 53.7585419214014
381200 298.013328740597 552.969254810662 24808.2476845918 9992.72433899381 34800.9720235856 155448.775458492 53.7686461886918 53.7686461886918 53.7686461886918
381300 298.487136623561 333.102608652818 24867.0333391798 10008.6116537797 34875.6449929595 155272.747737497 53.7483429364753 53.7483429364753 53.7483429364753
381400 297.071314136033 216.848084753298 25047.2714291564 9961.13752270444 35008.4089518608 155337.565266232 53.7558208533632 53.7558208533632 53.7558208533632
381500 300.455883245554 75.7267744396481 25019.2611472605 10074.6259571333 35093.8871043939 155463.305734943 53.7703214435569 53.7703214435569 53.7703214435569
381600 300.232011498169 -495.28209632136 25039.0295751237 10067.1192839642 35106.1488590879 155701.788827916 53.7978022286789 53.7978022286789 53.7978022286789
381700 299.515764902947 -185.687120000408 25009.2832747618 10043.1027246544 35052.3859994162 155803.329703388 53.8094944276228 53.8094944276228 53.8094944276228
381800 297.87046918321 712.400295191903 24901.9715504467 9987.93409628155 34889.9056467282 155676.818719392 53.7949261992566 53.7949261992566 53.7949261992566
381900 296.777005637257 -291.645992033336 24901.8939503603 9951.26902550897 34853.1629758693 155626.190059335 53.7890939022445 53.7890939022445 53.7890939022445
382000 300.112930099157 -261.441550483088 24983.8265155736 10063.1263498251 35046.9528653987 155425.50119831 53.765962586718 53.765962586718 53.765962586718
382100 301.918824686771 -329.198561238455 24995.2598254963 10123.6800400764 35118.9398655727 155143.77817698 53.7334576880624 53.7334576880624 53.7334576880624
382200 298.775050983673 267.512813326755 25051.4630760836 10018.265748266 35069.7288243496 154997.313923361 53.7165432517732 53.7165432517732 53.7165432517732
382300 300.481479918771 -463.971768508529 24937.2770094774 10075.4842425682 35012.7612520456 155116.545306927 53.7303135037528 53.7303135037528 53.7303135037528
382400 298.062434444175 127.914770865912 24973.8922175782 9994.37090883484 34968.2631264131 155211.90262647 53.7413214185262 53.7413214185262 53.7413214185262
382500 297.33312802777 31.9077959588776 24962.9204591816 9969.91643893381 34932.8368981154 155224.652448578 53.7427928983023 53.7427928983023 53.7427928983023
382600 299.742022589737 -653.502529395807 24967.1142637224 10050.6894010733 35017.8036647957 155107.275736082 53.7292431969758 53.7292431969758 53.7292431969758
382700 302.685232644732 106.243460591129 24993.9182300623 10149.3785666741 35143.2967967364 154776.693063682 53.6910447082989 53.6910447082989 53.6910447082989
382800 302.869471240573 -119.31085026257 24973.6161809849 10155.5562953972 35129.1724763821 154638.695089506 53.6750830921113 53.6750830921113 53.6750830921113
382900 299.096144624823 1296.20865002487 24926.5564914746 10029.0323816129 34955.5888730875 154818.563905502 53.6958858475024 53.6958858475024 53.6958858475024
383000 297.257659647385 -460.587443275508 24909.2848251976 9967.38589869024 34876.6707238879 155008.044536695 53.7177828391771 53.7177828391771 53.7177828391771
383100 298.956443374171 -526.007152284905 24915.6558254636 10024.3480405014 34940.003865965 155114.105557952 53.7300318033829 53.7300318033829 53.7300318033829
383200 300.565451656541 -109.233666043208 24937.4725202779 10078.2999100128 35015.7724302907 155109.784655755 53.7295328924524 53.7295328924524 53.7295328924524
383300 300.092528311062 -640.119752102579 25018.446133741 10062.4422547703 35080.8883885113 155073.594009793 53.7253537927713 53.7253537927713 53.7253537927713
383400 300.897355907074 -309.59747874391 25007.2280998872 10089.4290353326 35096.6571352198 154827.513038922 53.6969204400299 53.6969204400299 53.6969204400299
383500 301.820425630778 -1299.1191317003 24950.6591370678 10120.3806083164 35071.0397453842 154675.761203694 53.6793712982834 53.6793712982834 53.6793712982834
383600 297.143084670084 650.860394878378 24968.3426842053 9963.54406997353 34931.8867541788 154365.983205991 53.6435117654724 53.6435117654724 53.6435117654724
383700 299.249895802225 -69.5066114084792 24858.6694095059 10034.1878326763 34892.8572421822 154405.619892491 53.6481027361296 53.6481027361296 53.6481027361296
383800 299.095383549981 1021.22513887436 24998.9714796084 10029.0068619117 35027.9783415201 154474.366825185 53.6560635760726 53.6560635760726 53.6560635760726
383900 300.236375646636 49.2757254064808 25087.6382351267 10067.2656188036 35154.9038539303 155061.594810218 53.7239680467009 53.7239680467009 53.7239680467009
384000 299.967094307658 500.018165310207 25070.321389041 10058.2363106132 35128.5576996542 155223.809285681 53.7426955898522 53.7426955898522 53.7426955898522
384100 301.989513961899 -1240.27086531397 24964.2248046849 10126.0503315095 35090.2751361944 155528.837116374 53.7778755272347 53.7778755272347 53.7778755272347
384200 301.457378796239 -317.976917401566 24938.7931085446 10108.2072368936 35047.0003454382 155395.158990412 53.7624636238216 53.7624636238216 53.7624636238216
384300 298.429245347651 1002.59763792323 24918.4697635713 10006.6704937509 34925.1402573222 155146.666604973 53.7337911513439 53.7337911513439 53.7337911513439
384400 298.293272030144 192.706345118024 24806.3590765649 10002.1111544588 34808.4702310237 155049.377520612 53.722557040715 53.722557040715 53.722557040715
384500 300.952262694423 -550.902147553406 24833.8466085293 10091.2701220808 34925.1167306101 155063.134342428 53.7241458459504 53.7241458459504 53.7241458459504
384600 301.166812764464 -604.083852604575 24977.0461223156 10098.4642288541 35075.5103511697 155036.769977627 53.7211008856569 53.7211008856569 53.7211008856569
384700 300.599925473067 -137.606595940445 25043.7147579861 10079.455856114 35123.1706141001 154783.686944776 53.6918534069885 53.6918534069885 53.6918534069885
384800 298.816429322885 403.669788391752 25069.581088785 10019.6532108305 35089.2342996156 154434.893903525 53.6514929320567 53.6514929320567 53.6514929320567
384900 301.825832555506 1540.71167846219 24825.1217407545 10120.5619086245 34945.683649379 154045.854961209 53.6064036588334 53.6064036588334 53.6064036588334
385000 297.678763596086 248.171373592283 24825.2447481942 9981.50599088617 34806.7507390804 154371.8585336 53.6441923325263 53.6441923325263 53.6441923325263
385100 297.785629082339 -441.769345562507 24888.3279716316 9985.08931163894 34873.4172832705 154636.867806355 53.6748716746493 53.6748716746493 53.6748716746493
385200 296.321537890804 0.975132045123825 25045.6995778104 9935.99667626591 34981.6962540763 154426.239788289 53.6504907516475 53.6504907516475 53.6504907516475
385300 300.407619394657 -53.7688593615944 24960.4330071574 10073.0076155659 35033.4406227233 154421.589136662 53.6499521725234 53.6499521725234 53.6499521725234
385400 299.99451945925 231.240168225561 25000.3825400728 10059.1559069983 35059.5384470711 154526.233123825 53.6620680890237 53.6620680890237 53.6620680890237
385500 302.504176423562 15.226972695959 25012.9398399642 10143.3075465769 35156.2473865412 154601.057320127 53.6707280494948 53.6707280494948 53.6707280494948
385600 302.031880004326 -73.960807881347 25177.7268672766 10127.4709128812 35305.1977801577 154715.665202865 53.6839870557762 53.6839870557762 53.6839870557762
385700 303.305156997025 31.7987195059 25029.7734969794 10170.1653321173 35199.9388290967 154992.345167103 53.7159692477129 53.7159692477129 53.7159692477129
385800 298.843720700695 -901.527425349319 25009.0477148206 10020.5683216292 35029.6160364498 155331.408668036 53.7551106637802 53.7551106637802 53.7551106637802
385900 298.493570245579 196.003870962138 25008.069666947 10008.8273804105 35016.8970473575 155408.846084138 53.7640420305107 53.7640420305107 53.7640420305107
386000 301.099295658024 275.463812476817 24979.6766298121 10096.2003038288 35075.8769336409 155299.864063296 53.7514715660766 53.7514715660766 53.7514715660766
386100 301.781364309337 -149.523606942867 25042.7118733882 10119.0708379812 35161.7827113694 155374.428946534 53.7600728419387 53.7600728419387 53.7600728419387
386200 302.861486787085 11.552597371568 25074.0945204949 10155.2885676314 35229.3830881262 155614.269304212 53.7877204766254 53.7877204766254 53.7877204766254
386300 301.209178942453 -356.378829550442 25073.6692046674 10099.8848147713 35173.5540194387 155505.382955043 53.7751721092264 53.7751721092264 53.7751721092264
386400 298.727521285471 -364.121560545385 24960.6473854914 10016.6720236697 34977.3194091611 155103.506218835 53.728807939187 53.728807939187 53.728807939187
386500 299.30574995504 53.0719050399543 24905.2972070409 10036.0606856612 34941.3578927021 154733.17330943 53.6860119951233 53.6860119951233 53.6860119951233
386600 300.760035598829 -183.250320285392 24912.5068701467 10084.8245299159 34997.3314000626 154558.904035174 53.6658496802174 53.6658496802174 53.6658496802174
386700 301.283285387849 222.42554048559 25020.9847871168 10102.3696877926 35123.3544749094 154555.547395947 53.6654611806539 53.6654611806539 53.6654611806539
386800 301.81833696946 420.073931909002 25150.3755425681 10120.3105731375 35270.6861157056 155007.597365509 53.7177311836478 53.7177311836478 53.7177311836478
386900 299.769071724846 680.322583868505 25161.3119351964 10051.5963892 35212.9083243963 155437.724913302 53.767372056355 53.767372056355 53.767372056355
387000 297.601973173086 -907.997097421312 25082.9463972038 9978.93112105684 35061.8775182607 155574.853047782 53.7831787131527 53.7831787131527 53.7831787131527
387100 300.051513226939 486.153949001479 24975.9382022717 10061.0669725602 35037.005174832 155208.582572658 53.740938231953 53.740938231953 53.740938231953
387200 299.912527714395 -97.4832313315924 25006.6328966239 10056.406630958 35063.0395275818 154917.369152212 53.7073063276465 53.7073063276465 53.7073063276465
387300 301.993952149887 337.127471356363 24969.225010218 10126.1991489779 35095.4241591959 154807.399703567 53.6945951191648 53.6945951191648 53.6945951191648
387400 298.627092652262 335.282577741516 25074.3178290726 10013.3045378876 35087.6223669603 154974.27265797 53.713881359484 53.713881359484 53.713881359484
387500 300.471629448212 762.012375968178 24964.5959579113 10075.1539451371 35039.7499030484 154931.926612031 53.708988552327 53.708988552327 53.708988552327
387600 297.422502924007 -653.124843545815 24966.9472681689 9972.91328039959 34939.8605485685 154773.310437038 53.6906535682681 53.6906535682681 53.6906535682681
387700 296.026392142103 -36.8936442724793 24944.4245523337 9926.10010513246 34870.5246574662 154456.066341656 53.6539446254084 53.6539446254084 53.6539446254084
387800 298.051526207423 -377.390363491979 24971.4786238955 9994.00514330566 34965.4837672012 154427.333516475 53.6506174117182 53.6506174117182 53.6506174117182
387900 299.827653305002 -423.797396493225 25102.5198531283 10053.5606959118 35156.08054904 154599.210507359 53.6705143377599 53.6705143377599 53.6705143377599
388000 300.292366833982 435.686854885887 25092.5823085808 10069.1430667115 35161.7253752923 154787.843442254 53.692334009004 53.692334009004 53.692334009004
388100 299.843446615374 1053.3160535857 24999.38816915 10054.0902634905 35053.4784326405 154810.410996129 53.6949432702368 53.6949432702368 53.6949432702368
388200 296.410667545499 -33.3973994360703 25059.4950702678 9938.98529450513 34998.4803647729 154933.496445789 53.7091699522067 53.7091699522067 53.7091699522067
388300 303.69499348269 655.165157288216 24813.7364698741 10183.236990875 34996.9734607491 154875.312698242 53.7024457939355 53.7024457939355 53.7024457939355
388400 299.290927879764 -127.073886387285 24977.2758257528 10035.5636846949 35012.8395104476 154973.732073587 53.71381890413 53.71381890413 53.71381890413
388500 298.766340113934 -196.728340596309 25028.5304125051 10017.9736629408 35046.5040754458 155034.86714283 53.72088110382 53.72088110382 53.72088110382
388600 300.661177298421 -87.2498472612266 24999.9344223075 10081.5096991707 35081.4441214782 155292.433338063 53.7506142594954 53.7506142594954 53.7506142594954
388700 301.187013866076 20.8067736674462 25045.1925588876 10099.1415946639 35144.3341535515 155265.380739216 53.747492883438 53.747492883438 53.747492883438
388800 301.458757326489 323.732385357575 25172.1902261934 10108.2534605737 35280.4436867672 155172.127988698 53.7367304385571 53.7367304385571 53.7367304385571
388900 303.051980718236 863.213292848625 25150.4492059113 10161.6760448301 35312.1252507414 155250.572483007 53.7457841274453 53.7457841274453 53.7457841274453
389000 300.671699581794 -878.239880880158 25017.4199328435 10081.862523246 35099.2824560895 155469.634723384 53.7710511058252 53.7710511058252 53.7710511058252
389100 299.348130752373 954.342316520441 24970.5056354438 10037.4817617815 35007.9873972253 155216.10819467 53.7418067995811 53.7418067995811 53.7418067995811
389200 302.721671148368 494.545486178411 24866.9999619539 10150.6003909586 35017.6003529125 155034.659574252 53.7208571290584 53.7208571290584 53.7208571290584
389300 301.999928404299 288.967916744295 24958.0257910003 10126.399539555 35084.4253305552 154674.725171542 53.6792514482645 53.6792514482645 53.6792514482645
389400 302.923291810592 388.809109161367 25037.8735684633 10157.3609600485 35195.2345285117 154502.264813427 53.6592934671276 53.6592934671276 53.6592934671276
389500 301.032441271704 -694.585037468741 25066.6541875585 10093.9586005594 35160.6127881179 155151.753436432 53.7343784058819 53.7343784058819 53.7343784058819
389600 299.462410688259 263.538103343993 24921.4276865153 10041.3136974255 34962.7413839408 155816.46110523 53.8110061074341 53.8110061074341 53.8110061074341
389700 298.900086248979 -537.904411922847 24904.9558600287 10022.4583222832 34927.4141823119 155883.132826577 53.8186800095698 53.8186800095698 53.8186800095698
389800 297.98303131352 -131.324010670102 25029.0250578519 9991.70843195958 35020.7334898115 155610.366240434 53.7872707778078 53.7872707778078 53.7872707778078
389900 298.327583354093 -463.29052333064 25154.1970111888 10003.2616519999 35157.4586631887 155459.397340772 53.7698708391071 53.7698708391071 53.7698708391071
390000 301.592642082436 -240.774604786045 25047.2081056525 10112.742768032 35159.9508736845 155180.739621269 53.7377245011372 53.7377245011372 53.7377245011372
390100 299.084909114508 590.757058050306 25049.5649108634 10028.6556422306 35078.2205530939 154914.94162164 53.707025797861 53.707025797861 53.707025797861
390200 303.430911910407 163.161712500529 24820.7027760399 10174.3820367494 34995.0848127893 154780.619314112 53.6914987015126 53.6914987015126 53.6914987015126
390300 299.998594173597 -317.597464680032 24932.7306601632 10059.292536784 34992.0231969471 154861.223413526 53.7008172753106 53.7008172753106 53.7008172753106
390400 300.11874108408 67.3217366511338 25093.7325329886 10063.3211987291 35157.0537317177 154988.999088745 53.7155826928471 53.7155826928471 53.7155826928471
390500 301.893919751697 256.030497451241 25164.1760752868 10122.8449494047 35287.0210246915 155184.605246716 53.7381707081234 53.7381707081234 53.7381707081234
390600 303.503031350779 262.313289961024 25027.072672385 10176.8002832424 35203.8729556275 155302.773062268 53.7518071791612 53.7518071791612 53.7518071791612
390700 302.150211145076 620.884921086111 24921.5862467567 10131.4386900112 35053.0249367679 155341.828793997 53.7563126582861 53.7563126582861 53.7563126582861
390800 301.956993051099 -517.062071925391 24893.9605660476 10124.9598685485 35018.9204345961 155275.251193029 53.7486317956285 53.7486317956285 53.7486317956285
390900 297.28881454164 -770.583703895886 25078.6579325292 9968.43055756983 35047.088490099 155111.622346246 53.729745081649 53.729745081649 53.729745081649
391000 302.09955661207 -294.245182327843 24986.9975224584 10129.7401861658 35116.7377086242 154682.633356986 53.6801662674978 53.6801662674978 53.6801662674978
391100 301.181928508404 196.713895026309 25138.2913436128 10098.9710768632 35237.2624204761 154364.070703583 53.6432902275251 53.6432902275251 53.6432902275251
391200 302.542675969632 165.327158782314 25113.1917619104 10144.5984799479 35257.7902418582 154368.565868859 53.6438109296847 53.6438109296847 53.6438109296847
391300 300.458279806635 -148.38679158735 24968.0764894107 10074.7063165399 35042.7828059506 154552.41674806 53.6650988324025 53.6650988324025 53.6650988324025
391400 298.111459713127 830.097771548565 24970.9924883252 9996.01478161178 34967.007269937 154751.820688119 53.6881685315701 53.6881685315701 53.6881685315701
391500 298.892711215459 280.361329388801 24964.0315499186 10022.2110290589 34986.2425789775 154923.646559521 53.7080317425037 53.7080317425037 53.7080317425037
391600 299.335597134165 180.129813362241 25044.1432594448 10037.0614953718 35081.2047548166 155009.327724045 53.7179310675898 53.7179310675898 53.7179310675898
391700 304.454271903015 -786.629359875737 25023.2703115549 10208.6964560034 35231.9667675582 155249.494037696 53.7456596791159 53.7456596791159 53.7456596791159
391800 302.486924208469 -65.8187026246144 25039.5072644347 10142.729060271 35182.2363247057 155461.885040945 53.7701576505528 53.7701576505528 53.7701576505528
391900 300.195275786649 -225.888049859528 25035.1412926511 10065.8874939628 35101.0287866139 155357.951161881 53.7581723185249 53.7581723185249 53.7581723185249
392000 300.721858467851 940.757169100364 24978.0138144843 10083.5444074881 35061.5582219723 155092.679590395 53.7275577732181 53.7275577732181 53.7275577732181
392100 300.178370731353 689.493877672029 24973.1990652858 10065.320648318 35038.5197136038 155044.180832902 53.7219568395071 53.7219568395071 53.7219568395071
392200 300.203702549467 -513.49483697604 24960.711905454 10066.1700528614 35026.8819583154 155155.358192218 53.7347945528843 53.7347945528843 53.7347945528843
392300 299.326204912864 196.603368665074 24931.7476433918 10036.7465635572 34968.494206949 154974.003482016 53.7138502607874 53.7138502607874 53.7138502607874
392400 296.933876366294 -856.409653416241 24981.3508896626 9956.52907867084 34937.8799683334 154725.824106263 53.6851620251447 53.6851620251447 53.6851620251447
392500 302.838169667656 536.488890689031 24880.2489496417 10154.506718216 35034.7556678578 154323.875184884 53.6386336882834 53.6386336882834 53.6386336882834
392600 301.901388362436 -346.841383720495 25040.4211431428 10123.0953803791 35163.5165235219 154326.655164857 53.6389557672701 53.6389557672701 53.6389557672701
392700 301.133909908746 426.152699274818 25060.3798559445 10097.3609588475 35157.7408147921 154281.392952611 53.6337113606641 53.6337113606641 53.6337113606641
392800 297.701542797633 102.566431368185 24971.1301425985 9982.26980330583 34953.3999459043 154802.299178558 53.6940054108485 53.6940054108485 53.6940054108485
392900 296.151412957762 175.865197339739 24958.572975943 9930.29219463666 34888.8651705797 155103.300362591 53.7287841692204 53.7287841692204 53.7287841692204
393000 298.204559208992 238.507813600596 24966.5362138029 9999.13651312026 34965.6727269231 155525.158624364 53.7774515478863 53.7774515478863 53.7774515478863
393100 299.996298826161 -249.722311004713 25023.3517458135 10059.2155711855 35082.567316999 155546.801535113 53.7799459923202 53.7799459923202 53.7799459923202
393200 300.218029048498 -656.743602194108 25088.5723532315 10066.6504365951 35155.2227898265 155475.728607157 53.7717536444168 53.7717536444168 53.7717536444168
393300 301.656994170926 -501.929599451012 25006.2352052222 10114.9005664219 35121.1357716441 155555.300684033 53.7809254948248 53.7809254948248 53.7809254948248
393400 299.392961279937 227.29012739147 24997.765184336 10038.9849801302 35036.7501644662 155415.292136752 53.764785362397 53.764785362397 53.764785362397
393500 298.076932405328 52.9737312733189 25025.0349641413 9994.85704188765 35019.892006029 155046.325619593 53.7222045572998 53.7222045572998 53.7222045572998
393600 299.103579895521 -10.5521141114926 24995.6592556812 10029.281694658 35024.9409503391 154916.064295956 53.7071555364823 53.7071555364823 53.7071555364823
393700 298.878693274292 838.464635937371 25028.6310763257 10021.7409916197 35050.3720679454 154892.923365668 53.7044811948709 53.7044811948709 53.7044811948709
393800 302.510484734563 -1059.09894809835 24952.9501341657 10143.5190713874 35096.4692055531 154884.227798781 53.7034762002864 53.7034762002864 53.7034762002864
393900 303.532291000759 216.530343062936 24935.1887713171 10177.7813924356 35112.9701637527 154839.194527856 53.6982708550713 53.6982708550713 53.6982708550713
394000 297.865143875256 220.588379454136 24998.6704166956 9987.75553267625 34986.4259493719 155319.594580271 53.7537478063434 53.7537478063434 53.7537478063434
394100 299.10895804353 -159.307457022381 24880.4808228729 10029.4620300501 34909.942852923 155615.511956519 53.7878636495648 53.7878636495648 53.7878636495648
394200 300.366168947568 275.013249207811 24980.7733081217 10071.6177351427 35052.3910432644 155551.890278693 53.7805324596896 53.7805324596896 53.7805324596896
394300 299.928680431718 -107.053441984022 25109.8423961896 10056.9482498587 35166.7906460484 155283.056700741 53.7495324077718 53.7495324077718 53.7495324077718
394400 302.310062930015 -71.5072876955621 24991.9904174158 10136.7987013528 35128.7891187686 154858.642224482 53.7005189162846 53.7005189162846 53.7005189162846
394500 303.163658079307 278.401583247736 24883.7681542537 10165.4207131938 35049.1888674475 154468.381262798 53.6553705466059 53.6553705466059 53.6553705466059
394600 299.936233914331 686.57182637264 24894.0209240839 10057.2015266832 34951.2224507671 154488.561031003 53.6577069595875 53.6577069595875 53.6577069595875
394700 298.946325342262 808.93876424507 24861.414798641 10024.0087714353 34885.4235700764 154670.200996556 53.6787280774849 53.6787280774849 53.6787280774849
394800 296.252476849511 561.650760774588 24927.5778295932 9933.68098135683 34861.25881095 154699.665785857 53.6821364737137 53.6821364737137 53.6821364737137
394900 304.26779939669 -11.270497265438 24815.4031594031 10202.4438217323 35017.8469811354 154813.63278744 53.6953157531565 53.6953157531565 53.6953157531565
395000 302.420065652471 634.133664664759 24982.5917284715 10140.4872171876 35123.0789456591 154841.494206582 53.698536696805 53.698536696805 53.698536696805
395100 303.855099789371 -116.336974124776 24971.1757152868 10188.6055366188 35159.7812519055 154883.43348041 53.70338439466 53.70338439466 53.70338439466
395200 300.856605627891 -261.676664663287 24973.2832106498 10088.062632332 35061.3458429818 154968.865997377 53.713256705043 53.713256705043 53.713256705043
395300 294.598958206948 -1357.44421449805 25016.1481826327 9878.23662907117 34894.3848117038 155228.459717917 53.7432322864439 53.7432322864439 53.7432322864439
395400 296.834192884171 124.375595817786 24959.7939003691 9953.1865786484 34912.9804790175 155143.173453426 53.7333878734038 53.7333878734038 53.7333878734038
395500 298.816737977304 451.099594084629 25015.1152988722 10019.6635603627 35034.7788592349 155046.988189802 53.7222810821309 53.7222810821309 53.7222810821309
395600 298.779752847635 185.363839801619 25049.3911881385 10018.4234070884 35067.8145952269 154683.61174866 53.6802794457215 53.6802794457215 53.6802794457215
395700 299.938502847414 -65.7803120008821 25003.4161372597 10057.2776065785 35060.6937438382 154498.198388532 53.658822700779 53.658822700779 53.658822700779
395800 299.896935731708 -89.912233287698 24988.3082177751 10055.8838141244 35044.1920318995 154318.633040667 53.6380263408312 53.6380263408312 53.6380263408312
395900 298.612796887707 -970.26226945275 25020.1142332327 10012.8251847157 35032.9394179485 154445.691993543 53.6527433406351 53.6527433406351 53.6527433406351
396000 302.534108114714 -324.518406905805 24899.5379575592 10144.3111900715 35043.8491476307 154651.852567385 53.676605368902 53.676605368902 53.676605368902
396100 299.141070230754 -312.740077726797 24994.7343191619 10030.5387880468 35025.2731072087 154666.216825067 53.6782671675554 53.6782671675554 53.6782671675554
396200 301.353201785905 -138.919357185393 24973.2369105029 10104.7140637824 35077.9509742854 154522.121790713 53.6615921728646 53.6615921728646 53.6615921728646
396300 302.927073766638 462.362172671427 24977.8964738968 10157.4877733168 35135.3842472136 154625.4150415 53.6735465467992 53.6735465467992 53.6735465467992
396400 299.354996599215 269.641137650025 25051.6556686419 10037.7119814 35089.3676500419 154771.623708782 53.6904585263039 53.6904585263039 53.6904585263039
396500 297.561518264958 134.34183171167 24970.8188286207 9977.57462218214 34948.3934508029 154903.25652639 53.7056754062952 53.7056754062952 53.7056754062952
396600 298.47295183152 -980.397501793387 24892.480433246 10008.1360216418 34900.6164548878 155272.033415555 53.7482605144574 53.7482605144574 53.7482605144574
396700 301.148744008409 -131.766195232109 24939.9140727707 10097.8583630052 35037.7724357759 155226.370417449 53.7429911660026 53.7429911660026 53.7429911660026
396800 299.393112138116 413.867414022825 25159.4131411181 10038.9900385758 35198.4031796939 155112.360285803 53.7298302874742 53.7298302874742 53.7298302874742
396900 304.650343624267 584.271735719071 24951.4652882077 10215.2709628196 35166.7362510273 155109.50197169 53.7295002521475 53.7295002521475 53.7295002521475
397000 298.538736908397 401.479115802669 25042.86177325 10010.3418697548 35053.2036430048 155059.737827789 53.7237535838331 53.7237535838331 53.7237535838331
397100 300.625321921657 165.542313650142 24912.0482182447 10080.3074277905 34992.3556460351 155061.841454111 53.7239965314709 53.7239965314709 53.7239965314709
397200 299.736973262695 -1292.27935247299 24939.1458041497 10050.5200914205 34989.6658955701 155186.091914129 53.7383423113395 53.7383423113395 53.7383423113395
397300 299.497212974861 -344.582084504402 25008.6059679969 10042.4806575002 35051.0866254971 155141.119818769 53.7331507822232 53.7331507822232 53.7331507822232
397400 301.241257244033 -127.032451754008 25047.7667488793 10100.960436544 35148.7271854233 155002.617589101 53.7171559319406 53.7171559319406 53.7171559319406
397500 304.120144234327 358.529206169874 24971.0744110573 10197.4927769554 35168.5671880127 154805.751106137 53.6944045143963 53.6944045143963 53.6944045143963
397600 299.143824275409 270.386627948917 24998.0965321444 10030.6311342824 35028.7276664268 154757.056981484 53.6887740685058 53.6887740685058 53.6887740685058
397700 295.047802791247 -255.636488594217 25026.5869360685 9893.2868961881 34919.8738322566 154718.067708388 53.6842649319857 53.6842649319857 53.6842649319857
397800 297.076763095384 -658.040233350279 25016.9263237184 9961.32023248107 34978.2465561995 154701.579264797 53.6823578041079 53.6823578041079 53.6823578041079
397900 301.609148441133 62.9465242397682 24959.137092305 10113.2962449284 35072.4333372335 154781.206630967 53.6915666124316 53.6915666124316 53.6915666124316
398000 298.52503653103 317.300615193133 25056.8943657915 10009.8824805894 35066.776846381 154719.983777481 53.6844865444057 53.6844865444057 53.6844865444057
398100 298.830532166 629.43062725484 25009.5576865873 10020.1260951282 35029.6837817155 154626.802510057 53.6737070855985 53.6737070855985 53.6737070855985
398200 298.818622335295 448.204794592356 25028.8954622813 10019.7267450197 35048.622207301 154881.843115533 53.7032005827297 53.7032005827297 53.7032005827297
398300 301.501797500001 -517.224244946899 25018.5060153161 10109.6966463239 35128.2026616401 155179.528950979 53.737584752618 53.737584752618 53.737584752618
398400 301.761980696646 -1528.82121768438 25191.0691161628 10118.4208835005 35309.4899996633 155380.707795563 53.7607969997826 53.7607969997826 53.7607969997826
398500 302.88407365119 369.598268398918 25088.775385497 10156.0459307589 35244.8213162559 155236.726112825 53.7441862672123 53.7441862672123 53.7441862672123
398600 300.407395418044 1134.59652188914 25015.1397448578 10073.0001053765 35088.1398502343 155212.618640988 53.7414040571781 53.7414040571781 53.7414040571781
398700 301.158356691401 -338.655749273448 24922.4898425335 10098.1806871499 35020.6705296834 155436.864712145 53.7672728722798 53.7672728722798 53.7672728722798
398800 295.413843783889 -284.922232908359 25119.0296637324 9905.56066512218 35024.5903288546 155586.751898754 53.7845498467284 53.7845498467284 53.7845498467284
398900 299.848771266696 -586.748742653458 25026.9907718575 10054.2688050782 35081.2595769357 155421.427023159 53.7654927928057 53.7654927928057 53.7654927928057
399000 303.076916875177 278.269318396362 25086.1177079501 10162.5121824063 35248.6298903564 154803.120050255 53.6941003185935 53.6941003185935 53.6941003185935
399100 301.497683426379 -146.595516843292 25156.4184400726 10109.5586967772 35265.9771368498 154434.736353336 53.6514746874629 53.6514746874629 53.6514746874629
399200 301.815739743101 752.112923465017 24965.9377006058 10120.2234851969 35086.1611858027 154185.864228252 53.6226393452773 53.6226393452773 53.6226393452773
399300 301.168435737411 -552.107764960712 24907.9386792789 10098.5186489746 35006.4573282535 154356.717687671 53.6424384614634 53.6424384614634 53.6424384614634
399400 297.392952804538 190.696598556285 25007.1530063437 9971.92243143557 34979.0754377793 154637.826104305 53.6749825503501 53.6749825503501 53.6749825503501
399500 298.637001128482 518.329703390206 25006.5939871047 10013.6367803142 35020.2307674188 154930.494332708 53.7088230462829 53.7088230462829 53.7088230462829
399600 304.57606998217 -609.313692983233 24998.5151916946 10212.7804835036 35211.2956751982 154894.092231139 53.7046162842269 53.7046162842269 53.7046162842269
399700 305.936629429585 301.399647387505 24972.4495914223 10258.4015822722 35230.8511736945 154742.637504712 53.6871065342618 53.6871065342618 53.6871065342618
399800 298.714000924705 -551.07934801605 25108.8181439943 10016.2186706647 35125.0368146591 154816.613043583 53.6956603067226 53.6956603067226 53.6956603067226
399900 299.839088685235 -748.60672787864 25002.1653405433 10053.9441371587 35056.109477702 154753.903093196 53.6884093472898 53.6884093472898 53.6884093472898
400000 300.226158904269 49.5551121411312 24959.8576133892 10066.9230398641 35026.7806532533 154691.481199655 53.6811897493626 53.6811897493626 53.6811897493626
400100 299.727865501548 458.179569448287 24959.4228587089 10050.214697877 35009.6375565858 154612.135740204 53.6720099999111 53.6720099999111 53.6720099999111
400200 298.623916695395 -223.403078391095 25087.6387234979 10013.1980444579 35100.8367679558 154845.529138502 53.699003126597 53.699003126597 53.699003126597
400300 306.74309424755 297.425225953348 24971.4775013483 10285.4432607403 35256.9207620886 155177.151893581 53.7373103651038 53.7373103651038 53.7373103651038
400400 302.730142679933 733.535747982137 25037.1997035814 10150.8844510039 35188.0841545854 155324.287021002 53.7542891283323 53.7542891283323 53.7542891283323
400500 303.017994822825 -26.7422286757382 24870.6577466831 10160.5364592763 35031.1942059594 155543.173502304 53.7795278610919 53.7795278610919 53.7795278610919
400600 296.520164847141 -341.803065120102 25073.8914333716 9942.65686300775 35016.5482963793 155831.501501922 53.812737445345 53.812737445345 53.812737445345
400700 300.492349888037 749.231071931583 24970.5962662895 10075.8487249452 35046.4449912347 155756.966669426 53.8041564610057 53.8041564610057 53.8041564610057
400800 300.145169451881 -517.583693649398 25049.5023503615 10064.207371825 35113.7097221865 155715.339700788 53.7993628744848 53.7993628744848 53.7993628744848
400900 302.65076163947 462.162365133129 25141.0301645001 10148.2227148378 35289.2528793379 155327.039891443 53.7546066955809 53.7546066955809 53.7546066955809
401000 304.804777119271 -486.161054427302 25078.2799119578 10220.4492927648 35298.7292047226 155239.359488589 53.7444901640216 53.7444901640216 53.7444901640216
401100 301.492109697647 316.12767417603 24978.9239649135 10109.371803342 35088.2957682555 155029.182305743 53.7202244812255 53.7202244812255 53.7202244812255
401200 299.235372980881 -89.8935366782366 24995.2792658289 10033.7008660331 35028.9801318621 155100.461963409 53.7284564206232 53.7284564206232 53.7284564206232
401300 302.066883502374 81.4454204866819 24893.6118623744 10128.6446198035 35022.2564821779 155195.682847213 53.73944934832 53.73944934832 53.73944934832
401400 298.640893841845 557.732892728599 25027.2851581797 10013.7673074008 35041.0524655805 155417.808005125 53.7650754762619 53.7650754762619 53.7650754762619
401500 299.824499286132 -301.990638773961 25053.7332138306 10053.4549380879 35107.1881519185 155344.628242583 53.7566355743794 53.7566355743794 53.7566355743794
401600 303.48462579334 469.37571549225 25019.9155556895 10176.1831240618 35196.0986797512 154904.220289277 53.7057867864142 53.7057867864142 53.7057867864142
401700 302.344945442748 857.142261732152 24978.7954728209 10137.9683515006 35116.7638243214 154572.689758021 53.6674451895796 53.6674451895796 53.6674451895796
401800 301.194799624874 -245.398221419464 24861.1523316648 10099.4026599718 34960.5549916367 154732.554911045 53.685940475473 53.685940475473 53.685940475473
401900 297.453986896892 -679.595870769673 24972.3869126779 9973.96897365823 34946.3558863361 155057.739839999 53.7235228343465 53.7235228343465 53.7235228343465
402000 300.746117935457 69.2411042409217 24965.2501281747 10084.3578549047 35049.6079830794 155323.43739575 53.7541911160047 53.7541911160047 53.7541911160047
402100 301.853547979223 -288.282024549198 24995.8218572086 10121.4912381626 35117.3130953712 155585.973795128 53.7844601860889 53.7844601860889 53.7844601860889
402200 301.300163585483 309.671224592807 24985.8430736149 10102.9356328696 35088.7787064845 155603.556882893 53.7864862068969 53.7864862068969 53.7864862068969
402300 298.924227764666 184.964343772039 25009.0096385166 10023.2678146385 35032.2774531551 155654.940598717 53.7924060487837 53.7924060487837 53.7924060487837
402400 297.073845949924 399.505380005551 24985.5381959897 9961.22241729084 34946.7606132805 155792.544884642 53.8082528216485 53.8082528216485 53.8082528216485
402500 299.224597341423 23.5331961565449 24963.0323198051 10033.3395466413 34996.3718664465 155997.739980848 53.8318661588567 53.8318661588567 53.8318661588567
402600 305.349166915405 358.592972745778 24955.7100572484 10238.7032990159 35194.4133562643 156086.616216779 53.8420873866956 53.8420873866956 53.8420873866956
402700 300.450337198142 303.842891087212 25148.4620587931 10074.4399918841 35222.9020506772 155940.135612455 53.8252392841808 53.8252392841808 53.8252392841808
402800 303.989970860024 -695.938312047124 24893.220212341 10193.1279163259 35086.3481286668 155642.594609368 53.7909838045364 53.7909838045364 53.7909838045364
402900 299.14717409438 261.538121829769 24957.2565197412 10030.7434575054 34987.9999772466 154919.570008659 53.707560660031 53.707560660031 53.707560660031
403000 298.148854914475 -212.912503900332 24983.6779878516 9997.2686850538 34980.9466729054 154779.586446234 53.6913792715135 53.6913792715135 53.6913792715135
403100 298.7380254897 -23.9256768747573 25010.7048136208 10017.0242415309 35027.7290551517 154784.168113144 53.6919090433312 53.6919090433312 53.6919090433312
403200 302.621040730896 1180.33061605568 25016.7024735818 10147.2261391217 35163.9286127035 154490.98625392 53.6579877381314 53.6579877381314 53.6579877381314
403300 303.258209358887 -574.309324459011 25120.6130698617 10168.591124654 35289.2041945157 154534.718242413 53.6630502753885 53.6630502753885 53.6630502753885
403400 302.570324736702 -80.1628233561721 25175.3430420647 10145.5255744131 35320.8686164778 154721.105053564 53.684616230272 53.684616230272 53.684616230272
403500 303.909633598973 -415.500913492676 24918.8229128659 10190.4341170008 35109.2570298667 154937.629681825 53.709647556486 53.709647556486 53.709647556486
403600 299.470622562809 347.449224879549 24930.0232525573 10041.5890508771 34971.6123034344 154793.803519165 53.6930231379128 53.6930231379128 53.6930231379128
403700 298.478124034644 -568.524771242734 24940.0117004746 10008.3094514688 34948.3211519434 154499.287192592 53.6589487514544 53.6589487514544 53.6589487514544
403800 302.522416328446 -138.681962908842 24914.2088733071 10143.9191512399 35058.1280245469 154248.088992355 53.6298518683865 53.6298518683865 53.6298518683865
403900 300.361996286026 822.206049316301 25086.0599710436 10071.4778210766 35157.5377921202 154095.91465685 53.6122097863232 53.6122097863232 53.6122097863232
404000 299.685429774271 -1151.75268913795 25044.7392580201 10048.7917798934 35093.5310379135 154687.735845425 53.6807565070314 53.6807565070314 53.6807565070314
404100 298.167569004671 -212.932116539742 24886.5928115364 9997.89618968712 34884.4890012236 154993.763112048 53.7161330537701 53.7161330537701 53.7161330537701
404200 298.507034583337 200.310698056015 24874.6732268203 10009.2788549005 34883.9520817208 154957.396605559 53.7119315494341 53.7119315494341 53.7119315494341
404300 299.887335978728 264.357027080973 24934.915427182 10055.5619235376 34990.4773507196 155158.182283012 53.7351205723864 53.7351205723864 53.7351205723864
404400 300.079368052828 -103.307408282248 24992.0710401463 10062.000976411 35054.0720165573 155167.235064668 53.7361656195467 53.7361656195467 53.7361656195467
404500 301.956467676439 -65.7420344722799 24983.7504471398 10124.9422521413 35108.6926992811 155028.722858054 53.7201714123839 53.7201714123839 53.7201714123839
404600 301.968399513345 -89.310016880769 24998.2020754172 10125.3423401426 35123.5444155598 155137.773065144 53.7327643965667 53.7327643965667 53.7327643965667
404700 300.842005755291 -167.216143646918 24999.9542182581 10087.573082073 35087.5273003311 155491.190010447 53.7735360431195 53.7735360431195 53.7735360431195
404800 300.915059919123 -14.9933726950663 24870.7470515955 10090.022670902 34960.7697224975 155357.045646323 53.7580678737989 53.7580678737989 53.7580678737989
404900 294.444714050938 161.420222776275 25061.7638482318 9873.06464787683 34934.8284961086 155334.45222461 53.7554617532203 53.7554617532203 53.7554617532203
405000 296.333671223564 1092.62374673111 25086.6914907539 9936.40352065135 35023.0950114052 155213.152048473 53.7414656201158 53.7414656201158 53.7414656201158
405100 304.015699115626 -344.416920129642 24976.8641560886 10193.9906138671 35170.8547699557 155273.882607617 53.7484738829135 53.7484738829135 53.7484738829135
405200 302.086666085581 460.264452451541 25037.8274346502 10129.3079522173 35167.1353868675 155133.490017741 53.7322699068616 53.7322699068616 53.7322699068616
405300 299.765897598878 -68.332593854198 25013.8916469303 10051.4899571624 35065.3816040927 155458.060432248 53.769716703245 53.769716703245 53.769716703245
405400 297.523188757561 231.199225771865 25046.0486458061 9976.28939040042 35022.3380362065 155708.029158114 53.7985209349688 53.7985209349688 53.7985209349688
405500 301.866287721254 -152.466978016738 24915.1768781314 10121.9184161375 35037.0952942689 155982.600640272 53.8301246692657 53.8301246692657 53.8301246692657
405600 301.83864462359 328.177756288654 24957.9775188669 10120.9915117739 35078.9690306408 155912.958138432 53.8221121888021 53.8221121888021 53.8221121888021
405700 300.659266402857 -826.925500932553 25071.2181198261 10081.4456246788 35152.6637445049 155868.856887899 53.8170370359372 53.8170370359372 53.8170370359372
405800 300.276023338213 -589.266505197164 25097.3789554284 10068.5950507934 35165.9740062218 155574.16659432 53.7830996093155 53.7830996093155 53.7830996093155
405900 303.744366004994 912.908305517877 24844.1111917152 10184.89250745 35029.0036991653 155079.760438711 53.7260659045188 53.7260659045188 53.7260659045188
406000 298.705485747786 317.247750819279 24894.2762511711 10015.9331471413 34910.2093983125 154664.292860097 53.6780445903264 53.6780445903264 53.6780445903264
406100 299.202522367779 443.17537625618 24902.5523142154 10032.5993477806 34935.1516619961 154477.259125158 53.6563984503215 53.6563984503215 53.6563984503215
406200 298.420740497652 -1141.97594348608 25091.3935208367 10006.3853165008 35097.7788373375 154585.725219287 53.66895377914 53.66895377914 53.66895377914
406300 304.486090240284 354.380137479304 25007.3085942072 10209.7633608784 35217.0719550856 154530.762730087 53.6625924135127 53.6625924135127 53.6625924135127
406400 304.088942195146 -490.528874012539 25004.0765988392 10196.4465372531 35200.5231360922 154587.562347382 53.6691663825397 53.6691663825397 53.6691663825397
406500 300.550227157531 123.490486629425 25067.0681714812 10077.7894153231 35144.8575868043 154717.145355372 53.6841582520467 53.6841582520467 53.6841582520467
406600 301.797481704081 613.801550940994 24918.7470006236 10119.6112724759 35038.3582730995 154641.08106349 53.6753591478403 53.6753591478403 53.6753591478403
406700 299.502541124858 -853.487568546197 24925.8018353192 10042.6593164024 34968.4611517217 154739.222538506 53.6867115967791 53.6867115967791 53.6867115967791
406800 297.483894521235 -747.784292656963 25030.1360620748 9974.9718101654 35005.1078722402 154926.559406021 53.7083683433074 53.7083683433074 53.7083683433074
406900 303.215329825979 788.419573371577 25055.4968558689 10167.1533253651 35222.650181234 154827.368946712 53.6969037821155 53.6969037821155 53.6969037821155
407000 302.427909812357 -180.315314210488 25080.5127532294 10140.7502407502 35221.2629939796 154984.221804806 53.7150307886719 53.7150307886719 53.7150307886719
407100 300.012887277659 122.177367063475 25020.2519886045 10059.7718007465 35080.023789351 155245.102639611 53.7451529231705 53.7451529231705 53.7451529231705
407200 299.14538232004 -775.302983449228 24954.8733039544 10030.683377283 34985.5566812374 155618.73861984 53.7882354079777 53.7882354079777 53.7882354079777
407300 297.815001377861 -400.168464357915 25028.8310212157 9986.07419796463 35014.9052191803 155702.023642327 53.7978292728831 53.7978292728831 53.7978292728831
407400 300.91715918997 64.7691828735791 24976.4877743167 10090.0930618304 35066.5808361472 155540.499963616 53.7792197312676 53.7792197312676 53.7792197312676
407500 302.430853891775 -227.968122486901 25005.7194946606 10140.8489590665 35146.5684537272 155166.798296912 53.7361152002975 53.7361152002975 53.7361152002975
407600 303.090372547048 -32.8982224931536 25162.3953271653 10162.9633663194 35325.3586934848 154901.627394166 53.705487129743 53.705487129743 53.705487129743
407700 303.388949742001 -165.313720420722 25127.0883398896 10172.9749977309 35300.0633376206 154835.153963408 53.6978037614259 53.6978037614259 53.6978037614259
407800 299.611455941109 140.611118530838 25053.1827210445 10046.3113535104 35099.4940745549 154867.871926197 53.7015857600372 53.7015857600372 53.7015857600372
407900 300.459648370393 -224.428139524134 24956.1318986645 10074.7522060323 35030.8841046968 154980.120719081 53.7145569944441 53.7145569944441 53.7145569944441
408000 301.236136616801 -1028.88190765318 24884.3089755898 10100.7887361151 34985.0977117049 154917.76774062 53.7073523889576 53.7073523889576 53.7073523889576
408100 301.46349010536 335.303128558365 24899.9571209541 10108.412156008 35008.369276962 154862.769857443 53.7009960268059 53.7009960268059 53.7009960268059
408200 299.005547982717 9.82450313128374 25137.1757537474 10025.9945736248 35163.1703273722 155146.116200806 53.733727608594 53.733727608594 53.733727608594
408300 301.749939229652 632.644075194348 25145.1399350794 10118.0171194782 35263.1570545576 155276.052828579 53.7487242910295 53.7487242910295 53.7487242910295
408400 302.743501918493 257.227282714812 25002.8331043937 10151.3324013988 35154.1655057925 155265.076009925 53.7474577211758 53.7474577211758 53.7474577211758
408500 300.898836103073 458.773445608011 24931.0445110955 10089.4786679804 35020.5231790759 155224.38845926 53.7427624316398 53.7427624316398 53.7427624316398
408600 298.033917366687 167.315602072976 25040.6604498138 9993.41469893812 35034.075148752 155341.543025218 53.7562796946699 53.7562796946699 53.7562796946699
408700 299.642881632421 -337.947103922513 25002.5564727403 10047.3650925219 35049.9215652622 155526.800802249 53.77764082451 53.77764082451 53.77764082451
408800 299.961882765819 264.973846941659 25056.6282953875 10058.0615617146 35114.689857102 155532.622107581 53.7783117745969 53.7783117745969 53.7783117745969
408900 298.671018386639 1187.49213191795 25217.4517964071 10014.7774174963 35232.2292139034 155372.138767065 53.7598087040519 53.7598087040519 53.7598087040519
409000 302.767757311662 281.01685547874 25064.6505643343 10152.145712195 35216.7962765294 155417.141309401 53.7649985974759 53.7649985974759 53.7649985974759
409100 299.600026812711 430.581504368841 24963.3459673181 10045.9281218946 35009.2740892127 155321.132826151 53.7539252602536 53.7539252602536 53.7539252602536
409200 295.392793947181 -524.350601989972 25045.5145165117 9904.85484026364 34950.3693567753 155252.477604839 53.7460039695715 53.7460039695715 53.7460039695715
409300 296.356898918275 -46.8121561833358 25091.8445406183 9937.18237155464 35029.0269121729 154990.835542977 53.715794849452 53.715794849452 53.715794849452
409400 301.668530820494 -134.092726303674 25030.2535564913 10115.2874033443 35145.5409598355 155234.334973958 53.7439103220463 53.7439103220463 53.7439103220463
409500 299.428162614522 -237.201914680221 25135.9388673271 10040.1653207356 35176.1041880627 155327.449290769 53.7546539229888 53.7546539229888 53.7546539229888
409600 300.362911489735 465.140506060732 24918.7445831659 10071.5085088932 34990.2530920591 154853.013597203 53.6998682931023 53.6998682931023 53.6998682931023
409700 297.686041555544 68.8061921617872 24884.7593344383 9981.75002910727 34866.5093635456 154511.531535427 53.6603662363304 53.6603662363304 53.6603662363304
409800 296.943123632678 688.620791891173 24992.3879410713 9956.83914998293 34949.2270910543 154371.703640978 53.644174390801 53.644174390801 53.644174390801
409900 301.151752366255 -519.157543923709 25004.7543154634 10097.95923665 35102.7135521134 154661.507840108 53.6777223971821 53.6777223971821 53.6777223971821
410000 298.666650310318 -126.2792012506 25143.406293419 10014.6309509515 35158.0372443705 154957.301471393 53.7119205575077 53.7119205575077 53.7119205575077
410100 299.412868149048 29.4544421198973 25060.4973094176 10039.6524799911 35100.1497894087 155339.569535175 53.756052050195 53.756052050195 53.756052050195
410200 299.144237081471 39.8447009616772 24907.2367866609 10030.644976137 34937.881762798 155551.236557595 53.7804571203758 53.7804571203758 53.7804571203758
410300 297.859557709658 89.118030079547 24817.0218880986 9987.56822221881 34804.5901103174 155742.089736337 53.8024433940862 53.8024433940862 53.8024433940862
410400 299.160171649904 -218.054474560162 24923.3382471406 10031.1792802586 34954.5175273991 155965.717666288 53.8281824753257 53.8281824753257 53.8281824753257
410500 300.458886323462 -90.3792654735579 25080.4284160541 10074.7266537358 35155.15506979 156025.7718059 53.8350903830822 53.8350903830822 53.8350903830822
410600 304.23049749982 196.276656144099 24973.3924273936 10201.1930468951 35174.5854742888 155926.544362193 53.8236754927319 53.8236754927319 53.8236754927319
410700 300.468097085686 -314.807985123914 25011.8681477891 10075.0355010221 35086.9036488112 155820.719027406 53.8114962588759 53.8114962588759 53.8114962588759
410800 296.838824923603 -166.655102289594 25024.4840982872 9953.34189617518 34977.8259944624 155841.391443215 53.8138758406641 53.8138758406641 53.8138758406641
410900 301.064166652741 252.180357684453 24868.6602233558 10095.0223885067 34963.6826118626 155866.721019728 53.8167912168475 53.8167912168475 53.8167912168475
411000 299.173646832439 -122.011154525699 25088.7428237313 10031.6311183863 35120.3739421176 155707.37190261 53.7984452389713 53.7984452389713 53.7984452389713
411100 302.921327275949 139.029590695383 25083.5373882976 10157.2950869775 35240.8324752752 155330.23151578 53.7549748721628 53.7549748721628 53.7549748721628
411200 302.484774791398 -118.385293575316 25018.1288774236 10142.6569878829 35160.7858653065 155413.336459326 53.7645598440099 53.7645598440099 53.7645598440099
411300 302.40047672991 779.032843942189 24922.5025533967 10139.8303784345 35062.3329318312 155403.261860921 53.7633980645774 53.7633980645774 53.7633980645774
411400 301.197278923116 -135.313602684638 24904.7285803487 10099.4857936491 35004.2143739978 155520.316608557 53.7768934517448 53.7768934517448 53.7768934517448
411500 299.162359032972 267.907437590338 24968.8228793304 10031.2526256895 35000.07550502 155401.751348529 53.7632238714467 53.7632238714467 53.7632238714467
411600 298.661695639079 -37.1244170817372 25018.8395734493 10014.4648152149 35033.3043886642 155206.496674204 53.740697483578 53.740697483578 53.740697483578
411700 299.510748217785 -409.945463442818 25040.1694092143 10042.9345095208 35083.1039187351 155018.75760476 53.7190203427066 53.7190203427066 53.7190203427066
411800 299.366249252924 -208.075396419731 25068.3908026937 10038.0892956197 35106.4800983134 154845.991792925 53.6990566079744 53.6990566079744 53.6990566079744
411900 301.188894370125 15.8662958657329 25044.0318201068 10099.2046500939 35143.2364702007 155017.756860407 53.7189047456808 53.7189047456808 53.7189047456808
412000 300.48771014582 -9.75046492734915 25058.8120087849 10075.6931491354 35134.5051579203 155510.119895666 53.775718129362 53.775718129362 53.775718129362
412100 299.561441870416 -242.670908169747 24977.3165795141 10044.6343250915 35021.9509046056 155954.255769305 53.8268638346955 53.8268638346955 53.8268638346955
412200 298.732754790624 -181.111646711998 24907.5979125573 10016.8475090231 34924.4454215805 156068.10590355 53.8399589246785 53.8399589246785 53.8399589246785
412300 297.181441492691 -946.160722294659 24959.5894127176 9964.83021766517 34924.4196303828 156264.189855749 53.8624976610414 53.8624976610414 53.8624976610414
412400 297.890434262078 -4.27693650987977 25159.4313902439 9988.60354798149 35148.0349382254 155839.454856613 53.8136529309872 53.8136529309872 53.8136529309872
412500 303.688014326447 284.019641287946 25021.9297888342 10183.002971864 35204.9327606982 155608.537408584 53.7870600629271 53.7870600629271 53.7870600629271
412600 300.97671157243 250.729523874812 25008.9885842245 10092.0899206426 35101.0785048672 155706.319433371 53.7983240258359 53.7983240258359 53.7983240258359
412700 298.119960087965 699.034678452275 25007.5936137252 9996.29980880469 35003.8934225299 155852.961766872 53.8152075975792 53.8152075975792 53.8152075975792
412800 300.417964697393 -764.332192055801 24930.7910941836 10073.3545052801 35004.1455994637 155785.213390972 53.8074087481968 53.8074087481968 53.8074087481968
412900 299.256979916698 -650.382193985023 24997.0240258615 10034.4253710556 35031.4493969171 155470.10751158 53.7711056122728 53.7711056122728 53.7711056122728
413000 300.608289306006 107.623162860367 25109.636034551 10079.7363049024 35189.3723394535 155098.288118226 53.7282054050549 53.7282054050549 53.7282054050549
413100 304.792400222298 -28.3608949082097 25034.2740192432 10220.0342813955 35254.3083006387 155059.132879841 53.7236837180355 53.7236837180355 53.7236837180355
413200 297.736764393283 231.03808505198 25123.4683881612 9983.45082328771 35106.9192114489 155004.235269291 53.7173428037884 53.7173428037884 53.7173428037884
413300 298.872805072871 -223.323923276989 24975.2834324854 10021.5435535591 34996.8269860445 154940.441050269 53.7099724112793 53.7099724112793 53.7099724112793
413400 300.354405882646 288.760757818956 24918.6760146577 10071.2233062571 34989.8993209148 154892.392075523 53.7044197918198 53.7044197918198 53.7044197918198
413500 299.154682511649 -91.9831387957664 25031.2724829262 10030.9952232378 35062.267706164 154998.179979719 53.716643299673 53.716643299673 53.716643299673
413600 303.492961762284 -660.439649569682 25105.9263601229 10176.4626385389 35282.3889986618 155114.375551163 53.7300629777138 53.7300629777138 53.7300629777138
413700 303.329918686174 47.6640025399758 25134.5646387766 10170.995619591 35305.5602583676 155067.896612064 53.72469582892 53.72469582892 53.72469582892
413800 301.655525403254 -24.9062419127967 25065.5366961074 10114.8513169788 35180.3880130862 155048.435716537 53.7224482662795 53.7224482662795 53.7224482662795
413900 299.261974448455 -862.877027111348 25025.9601036754 10034.5928433604 35060.5529470358 155060.238871911 53.7238114495786 53.7238114495786 53.7238114495786
414000 299.563933281155 -7.91584134054977 24918.7497814656 10044.7178649145 34963.4676463801 155072.352522776 53.7252104210437 53.7252104210437 53.7252104210437
414100 296.732482246819 299.37148405263 24993.0394801551 9949.77610581585 34942.8155859709 155330.534012683 53.7550097670718 53.7550097670718 53.7550097670718
414200 301.80668204831 -128.872296890575 24939.5765186875 10119.919770435 35059.4962891225 155546.973689223 53.779965832941 53.779965832941 53.779965832941
414300 302.50894549631 -336.023278342216 25117.2595546517 10143.467458986 35260.7270136377 155861.557872132 53.8161969760274 53.8161969760274 53.8161969760274
414400 301.095035526818 -1001.60361878583 25097.2409785893 10096.0574568059 35193.2984353951 156038.503133881 53.8365546145856 53.8365546145856 53.8365546145856
414500 298.460425074466 1.53769828006461 25055.4430963677 10007.7159852944 35063.159081662 155852.287356414 53.8151299740065 53.8151299740065 53.8151299740065
414600 298.325254390378 601.346199336535 25013.0699160536 10003.1835592096 35016.2534752632 155503.380621059 53.7749412998171 53.7749412998171 53.7749412998171
414700 299.390561233565 77.6723767391505 24996.366017525 10038.9045038579 35035.2705213828 155254.040915008 53.7461843668913 53.7461843668913 53.7461843668913
414800 302.437313522847 -37.5657602555583 25083.0279498645 10141.0655578103 35224.0935076748 155098.31223312 53.728208189633 53.728208189633 53.728208189633
414900 305.646827153195 236.566884875472 25024.5007470844 10248.6841838155 35273.1849308999 154862.515575594 53.7009666347705 53.7009666347705 53.7009666347705
415000 299.095292939951 -1234.33562625085 25098.8806979869 10029.0038236548 35127.8845216416 154716.292138116 53.6840595680164 53.6840595680164 53.6840595680164
415100 296.88117849567 117.919605733736 25102.8510682222 9954.76205940153 35057.6131276238 154441.51126135 53.6522592227284 53.6522592227284 53.6522592227284
415200 297.394401858392 167.070626846602 25075.6220789747 9971.97101985199 35047.5930988267 154436.497485528 53.6516786290161 53.6516786290161 53.6516786290161
415300 297.279980718816 266.720539472996 25057.9831554572 9968.13434948841 35026.1175049456 154299.492823457 53.6358086654008 53.6358086654008 53.6358086654008
415400 298.53191975663 -253.28170998122 24999.8448717199 10010.1132829374 35009.9581546572 154372.757840581 53.6442965019939 53.6442965019939 53.6442965019939
415500 301.018926820957 214.764645949371 24934.4939042549 10093.5054457241 35027.999349979 154451.752988326 53.6534451725424 53.6534451725424 53.6534451725424
415600 297.731261576855 -690.101689105571 25084.84333309 9983.2663076223 35068.1096407123 154808.496760489 53.6947219560994 53.6947219560994 53.6947219560994
415700 298.931190290044 304.18640374347 25083.6391871729 10023.5012759978 35107.1404631707 154924.239601816 53.7081002732379 53.7081002732379 53.7081002732379
415800 301.070600588902 -176.206983711572 25049.5747588896 10095.238125671 35144.8128845606 155098.157852655 53.7281903631151 53.7281903631151 53.7281903631151
415900 300.598581534194 -28.3382070026295 25040.8577012431 10079.4107923219 35120.268493565 155484.213232429 53.7727317711102 53.7727317711102 53.7727317711102
416000 298.37913647887 -246.56605782634 25002.7467745137 10004.9902866448 35007.7370611585 155872.245840783 53.8174270691243 53.8174270691243 53.8174270691243
416100 298.205182525988 -1154.21572666544 24897.914965445 9999.1574136449 34897.0723790899 156107.463344424 53.844484352618 53.844484352618 53.844484352618
416200 299.532711337378 404.960731895916 24937.88933605 10043.6709577886 34981.5602938385 155867.948468083 53.8169324853151 53.8169324853151 53.8169324853151
416300 300.702960307199 -74.6378511592037 25073.0115645832 10082.9107307639 35155.9222953471 155526.02177516 53.7775510343931 53.7775510343931 53.7775510343931
416400 301.688832602752 -159.939178116811 25021.7010947167 10115.9681450901 35137.6692398068 155130.258088765 53.7318967656698 53.7318967656698 53.7318967656698
416500 300.476844491355 841.63250631027 24975.0287281593 10075.3288114385 35050.3575395978 154875.340294556 53.7024489835755 53.7024489835755 53.7024489835755
416600 297.303030128674 -608.377593759467 25009.231705235 9968.90722229871 34978.1389275337 154979.099330972 53.7144389932233 53.7144389932233 53.7144389932233
416700 295.646229066698 280.660340320371 25027.9809376085 9913.35280677359 34941.3337443821 154872.262268736 53.7020932165453 53.7020932165453 53.7020932165453
416800 300.238210503038 49.063121658796 24863.3891959176 10067.3271436163 34930.7163395339 155110.720242792 53.7296409203534 53.7296409203534 53.7296409203534
416900 301.670243646316 -913.425875871448 24944.5912369861 10115.3448363334 35059.9360733195 155237.970379931 53.7443298585435 53.7443298585435 53.7443298585435
417000 300.98203022944 138.939642809211 25066.169643415 10092.2682612343 35158.4379046492 155229.653056927 53.7433700054579 53.7433700054579 53.7433700054579
417100 300.934218746187 544.423925439137 25038.8960910095 10090.6650880661 35129.5611790756 155090.988825533 53.7273625329761 53.7273625329761 53.7273625329761
417200 298.70994036171 -1212.61555403124 24955.6856830184 10016.0825153899 34971.7681984084 155457.894864769 53.7696976144532 53.7696976144532 53.7696976144532
417300 294.606884553683 569.432537030675 25012.7766920426 9878.50240845181 34891.2791004944 155574.323855692 53.7831177314356 53.7831177314356 53.7831177314356
417400 299.145277209857 -224.309465939657 24970.1098063112 10030.6798528195 35000.7896591308 155695.635820781 53.7970935606884 53.7970935606884 53.7970935606884
417500 299.791923983221 -372.881297870715 25010.1831057269 10052.3626512978 35062.5457570248 155629.890726084 53.7895202527909 53.7895202527909 53.7895202527909
417600 301.077542302646 -364.212687240319 24976.8734006031 10095.4708891926 35072.3442897957 155567.097815716 53.782285021242 53.782285021242 53.782285021242
417700 297.380549834427 219.963510011492 25027.1265440234 9971.50654580447 34998.6330898279 155408.753188633 53.7640313180384 53.7640313180384 53.7640313180384
417800 298.400158919757 -778.927213524199 24893.2450221301 10005.6951928905 34898.9402150206 155260.168353209 53.7468914275876 53.7468914275876 53.7468914275876
417900 295.284341642977 -115.991854507932 24898.6280493735 9901.21831170828 34799.8463610818 154945.367358547 53.7105416387745 53.7105416387745 53.7105416387745
418000 301.637492225378 502.708725650141 24805.7182589576 10114.2466441065 34919.9649030641 154935.082533794 53.7093532290782 53.7093532290782 53.7093532290782
418100 298.636579475352 -862.523729297153 25074.957213405 10013.6226418073 35088.5798552123 155101.976676519 53.7286313243197 53.7286313243197 53.7286313243197
418200 299.142875709221 519.981969738257 25087.8282605505 10030.5993277841 35118.4275883346 155030.018927121 53.7203211155208 53.7203211155208 53.7203211155208
418300 300.936534168053 185.570600428225 24977.7722117344 10090.7427267829 35068.5149385173 155165.588085026 53.7359754963249 53.7359754963249 53.7359754963249
418400 299.280183290904 317.897240987218 24902.5132638342 10035.2034064648 34937.716670299 154939.855885094 53.7099047955237 53.7099047955237 53.7099047955237
418500 298.920144522664 446.305784920378 24831.2886219897 10023.1308989109 34854.4195209006 154829.828952718 53.6971881719859 53.6971881719859 53.6971881719859
418600 298.011132048418 261.842851316493 24980.8308360486 9992.65068141786 34973.4815174665 154952.467374013 53.7113620136336 53.7113620136336 53.7113620136336
418700 301.78122347635 43.2744005984559 25033.5613220138 10119.0661156917 35152.6274377054 155003.004956921 53.7172006801746 53.7172006801746 53.7172006801746
418800 298.98860642662 277.102259636558 25157.7248312325 10025.4265040667 35183.1513352992 154972.103070495 53.7136306995819 53.7136306995819 53.7136306995819
418900 297.225846842939 415.124257584896 25145.8281062539 9966.31917933705 35112.147285591 154966.849352899 53.7130237098288 53.7130237098288 53.7130237098288
419000 297.237510094349 620.183066312678 24978.0027704193 9966.71026136255 34944.7130317818 155359.042203585 53.7582981618225 53.7582981618225 53.7582981618225
419100 300.752594478045 312.141048361414 24870.3253439695 10084.5750207108 34954.9003646803 155623.738511763 53.7888114578929 53.7888114578929 53.7888114578929
419200 297.695001762571 -168.128721163863 25068.5366949737 9982.05047499412 35050.5871699679 155614.460663399 53.7877425242399 53.7877425242399 53.7877425242399
419300 298.028961316312 -1148.57931799703 25094.5383135954 9993.24851695756 35087.786830553 155556.090641555 53.7810165333483 53.7810165333483 53.7810165333483
419400 300.122310771678 753.786347422317 25050.3038767318 10063.440894396 35113.7447711278 155185.111288995 53.7382291197524 53.7382291197524 53.7382291197524
419500 301.453570688362 -233.59216505946 25013.505299472 10108.0795467247 35121.5848461968 155377.274666595 53.7604010494926 53.7604010494926 53.7604010494926
419600 298.894956632434 -64.286150878307 25035.1730928438 10022.2863204324 35057.4594132763 155325.013448965 53.7543729284012 53.7543729284012 53.7543729284012
419700 297.223757243048 312.76006748016 24948.2619932809 9966.24911268674 34914.5111059677 154837.462524866 53.6980706346366 53.6980706346366 53.6980706346366
419800 296.890010996473 -165.821204249945 24963.0892807272 9955.05822315407 34918.1475038813 154736.846380801 53.6864367930494 53.6864367930494 53.6864367930494
419900 300.558383626609 -653.141257424183 24960.7992210122 10078.0629109664 35038.8621319786 154865.101536259 53.7012655403598 53.7012655403598 53.7012655403598
420000 302.145053306934 -45.939750328065 25022.2082829788 10131.2657418584 35153.4740248371 155062.116832791 53.7240283347704 53.7240283347704 53.7240283347704
420100 301.919651264137 415.69034704571 25002.5199204461 10123.7077561514 35126.2276765975 155251.576730228 53.7459000130897 53.7459000130897 53.7459000130897
420200 294.409319830025 -276.403014316036 25016.4934168019 9871.87783957441 34888.3712563763 155484.946219019 53.7728162697838 53.7728162697838 53.7728162697838
420300 296.29828610169 -175.32281805293 24929.4034011951 9935.21701745002 34864.6204186452 155305.667548216 53.7521411137092 53.7521411137092 53.7521411137092
420400 298.217137291048 391.306725260371 24991.3556830966 9999.55827045317 34990.9139535498 155363.022459451 53.7587572488321 53.7587572488321 53.7587572488321
420500 299.040557672771 1160.30869977641 25071.7491437462 10027.1684881721 35098.9176319183 155515.068689797 53.7762885576949 53.7762885576949 53.7762885576949
420600 298.262518877771 -246.08807408859 25110.0532606107 10001.0799664394 35111.1332270501 155689.196520084 53.7963518990568 53.7963518990568 53.7963518990568
420700 299.364487231443 -387.687604633958 25050.9383230256 10038.0302130444 35088.96853607 155756.840959005 53.8041419860085 53.8041419860085 53.8041419860085
420800 297.741438029576 241.885802090069 24973.2372167818 9983.60753560436 34956.8447523862 155631.686688809 53.7897271616336 53.7897271616336 53.7897271616336
420900 296.71335944762 612.328351185904 24889.9700181532 9949.13489670687 34839.10491486 155804.314519335 53.809607802043 53.809607802043 53.809607802043
421000 297.432861833818 956.03748975271 24961.6680816503 9973.26062637446 34934.9287080248 155660.027963873 53.7929920857142 53.7929920857142 53.7929920857142
421100 302.18515492842 -264.782895498041 24951.9063008411 10132.6103946319 35084.5166954731 155481.263784105 53.7723917561056 53.7723917561056 53.7723917561056
421200 301.523128790665 -48.1338732996978 25003.6491633945 10110.4119086523 35114.0610720469 155498.922575707 53.7744274129869 53.7744274129869 53.7744274129869
421300 303.965878624843 125.501949718949 24898.8892649874 10192.3200764018 35091.2093413892 155462.296588211 53.7702050982854 53.7702050982854 53.7702050982854
421400 301.886822453336 -252.130715673818 24859.2672432749 10122.6069689547 34981.8742122296 155572.145064308 53.7828666558561 53.7828666558561 53.7828666558561
421500 293.825089052696 592.785069840664 24955.4890917792 9852.28792011386 34807.7770118931 155692.235406819 53.7967019125456 53.7967019125456 53.7967019125456
421600 296.190749329738 580.820382623725 24969.4995207747 9931.61118772772 34901.1107085024 155813.910979304 53.8107125449751 53.8107125449751 53.8107125449751
421700 299.544774489084 -636.496526033848 25035.4327691998 10044.0754489238 35079.5082181236 155676.057118487 53.7948384740756 53.7948384740756 53.7948384740756
421800 302.184139899637 94.2221355999674 24953.1545207977 10132.5763595676 35085.7308803652 155334.517537899 53.7554692873838 53.7554692873838 53.7554692873838
421900 300.214381762546 -294.145312131938 25006.8913869353 10066.5281389674 35073.4195259027 155326.908878381 53.7545915821841 53.7545915821841 53.7545915821841
422000 299.367828611001 34.9530640380997 24955.5639075337 10038.1422532843 34993.706160818 155184.317121538 53.7381374502505 53.7381374502505 53.7381374502505
422100 297.030909509923 293.695391831063 24972.4768166915 9959.78270984273 34932.2595265342 155236.338628449 53.7441415504533 53.7441415504533 53.7441415504533
422200 298.469269862581 -260.395333561476 24952.9275331722 10008.0125610544 34960.9400942266 155684.22703515 53.7957795129381 53.7957795129381 53.7957795129381
422300 304.732811437044 -693.727773865176 24929.1028913663 10218.0362019564 35147.1390933228 156219.171518426 53.8573247271298 53.8573247271298 53.8573247271298
422400 299.545856590307 194.017980604481 25159.4216308228 10044.111733003 35203.5333638258 156462.173140502 53.8852355934235 53.8852355934235 53.8852355934235
422500 299.849461479304 -96.6114858032539 25071.872465958 10054.2919486885 35126.1644146465 156459.563233576 53.8849359763152 53.8849359763152 53.8849359763152
422600 298.606649492068 202.19321112277 24944.545681485 10012.6190555795 34957.1647370645 156274.176933214 53.8636451141196 53.8636451141196 53.8636451141196
422700 296.688862211035 -655.434251533942 24871.2078407995 9948.31347662711 34819.5213174266 155974.06655371 53.8291429372862 53.8291429372862 53.8291429372862
422800 297.466978487181 694.867628585145 24916.7273028174 9974.40459639036 34891.1318992078 155506.381692653 53.7752872331552 53.7752872331552 53.7752872331552
422900 302.01339262657 -227.826389685602 24866.922799456 10126.8510101726 34993.7738096286 155609.684067626 53.7871921792156 53.7871921792156 53.7871921792156
423000 299.531252613687 -481.673086761534 25046.8885459336 10043.6220451315 35090.5105910651 155651.125069272 53.7919665120634 53.7919665120634 53.7919665120634
423100 301.498820144043 75.8916263436168 25046.6041606832 10109.5968122076 35156.2009728907 155126.568863114 53.7314708211213 53.7314708211213 53.7314708211213
423200 303.050810067962 1080.41954398999 25000.9374113013 10161.636791601 35162.5742029023 154732.928694367 53.6859837046715 53.6859837046715 53.6859837046715
423300 301.433150127997 314.428254542195 24843.8747209633 10107.3948222145 34951.2695431778 154700.90097739 53.6822793474202 53.6822793474202 53.6822793474202
423400 294.886830383584 -198.846866511399 24989.4413125123 9887.88930909773 34877.3306216101 154993.888691647 53.7161475611251 53.7161475611251 53.7161475611251
423500 299.145677087976 86.7517488133165 24951.3056232963 10030.6932611856 34981.9988844819 155212.958318589 53.7414432609019 53.7414432609019 53.7414432609019
423600 303.206693706442 -272.218818346489 24944.3049122008 10166.8637464988 35111.1686586996 155319.476079428 53.7537341358939 53.7537341358939 53.7537341358939
423700 300.333782032818 -2.03406177211845 25057.8218107613 10070.5317652209 35128.3535759822 155388.481237882 53.7616935063729 53.7616935063729 53.7616935063729
423800 300.84454470501 -690.874865769526 24998.6656031186 10087.6582159318 35086.3238190504 155551.828334038 53.7805253207706 53.7805253207706 53.7805253207706
423900 299.536186050488 -264.471788904207 25018.6722426636 10043.7874688534 35062.4597115169 155588.294483434 53.784727597399 53.784727597399 53.784727597399
424000 297.18254395532 124.182560605124 25094.9683470291 9964.86718448538 35059.8355315145 155472.32573172 53.7713613432813 53.7713613432813 53.7713613432813
424100 298.986229555562 1027.70327301563 25036.5793063311 10025.3468048889 35061.92611122 155230.744696341 53.7434959870649 53.7434959870649 53.7434959870649
424200 298.851660181556 -3.73520421143823 25060.9826027576 10020.834541412 35081.8171441696 155489.143485212 53.7733001253991 53.7733001253991 53.7733001253991
424300 300.0246792806 -250.090814556494 25073.6068088507 10060.1671999567 35133.7740088074 155603.849394059 53.7865199103638 53.7865199103638 53.7865199103638
424400 303.963503791314 -372.546801373561 24959.0606699387 10192.2404455446 35151.3011154833 155615.367598776 53.7878470173389 53.7878470173389 53.7878470173389
424500 299.584958048997 5.2404294229544 24969.024787525 10045.4228491856 35014.4476367107 155503.247393633 53.7749259425967 53.7749259425967 53.7749259425967
424600 298.088525639018 -1130.88547731407 24913.5378877837 9995.24577613975 34908.7836639234 155499.439651354 53.7744870177215 53.7744870177215 53.7744870177215
424700 299.413733024106 140.997024747183 24913.3567272187 10039.6814802311 34953.0382074497 155068.941272589 53.7248164727243 53.7248164727243 53.7248164727243
424800 300.888338459106 846.654941505163 24986.3296111381 10089.1266700922 35075.4562812303 154759.461042807 53.6890520750783 53.6890520750783 53.6890520750783
424900 302.691626151136 101.431236914505 25002.6649282727 10149.5929481829 35152.2578764555 154896.898707142 53.7049406344639 53.7049406344639 53.7049406344639
425000 298.94502428242 -644.758137455268 25099.7360372116 10023.9651454257 35123.7011826373 155383.18434748 53.761082622323 53.761082622323 53.761082622323
425100 299.151926704169 -522.67590126061 25042.8810891223 10030.9028178927 35073.783907015 155803.62444448 53.8095283589882 53.8095283589882 53.8095283589882
425200 300.591711185109 393.32935185543 24954.1332848249 10079.1804217381 35033.313706563 155889.657414986 53.819430870873 53.819430870873 53.819430870873
425300 296.974892011044 -205.853798070088 25033.5607028173 9957.90437967937 34991.4650824967 155525.839818839 53.7775300621916 53.7775300621916 53.7775300621916
425400 299.23673777677 305.247611679981 24891.3120124035 10033.7466291846 34925.058641588 155328.659240946 53.7547934997012 53.7547934997012 53.7547934997012
425500 297.387397838003 -53.3781480364269 25002.7863244738 9971.73616711803 34974.5224915918 155450.738372716 53.7688725071813 53.7688725071813 53.7688725071813
425600 299.162587356339 -122.47864969469 25106.1501511034 10031.2602816305 35137.4104327339 155652.170732811 53.7920869698545 53.7920869698545 53.7920869698545
425700 299.398488109769 -108.487495012661 25155.7131551019 10039.1703009922 35194.8834560942 155796.113613829 53.8086636791691 53.8086636791691 53.8086636791691
425800 297.833813302558 337.517703903542 25155.3046215887 9986.70498309957 35142.0096046882 155648.419621972 53.7916548488835 53.7916548488835 53.7916548488835
425900 297.602708383172 -388.852724806911 24961.3636784148 9978.95577348344 34940.3194518983 155473.997206349 53.771554040264 53.771554040264 53.771554040264
426000 297.210041188562 174.609612913472 24934.3640931295 9965.78919784978 34900.1532909793 155120.242356245 53.7307403699743 53.7307403699743 53.7307403699743
426100 300.089333518135 142.014299322907 24936.9805867899 10062.3351297462 34999.3157165361 154804.696042745 53.6942825311391 53.6942825311391 53.6942825311391
426200 300.940521921365 -764.660428592572 25029.8020770537 10090.8764406666 35120.6785177203 154929.677284858 53.7087286324282 53.7087286324282 53.7087286324282
426300 300.41633994195 288.515334347479 25066.965768612 10073.3000253905 35140.2657940025 154876.030394376 53.7025287466401 53.7025287466401 53.7025287466401
426400 299.651626087297 -196.879356725783 24982.543780494 10047.6583039949 35030.2020844888 154928.294692254 53.7085688663692 53.7085688663692 53.7085688663692
426500 296.583468926142 -364.615864371402 24894.1495816687 9944.77952045286 34838.9291021216 155004.204506709 53.7173392501558 53.7173392501558 53.7173392501558
426600 296.818172396777 -137.767724669461 24923.6219742808 9952.64939356683 34876.2713678477 155139.021296492 53.732908506626 53.732908506626 53.732908506626
426700 295.918176392981 94.0342346772046 25075.5035616765 9922.47150853686 34997.9750702134 155032.403118368 53.7205965006015 53.7205965006015 53.7205965006015
426800 300.300731312543 -574.945420691976 25011.0661103815 10069.4235371483 35080.4896475298 155259.162651035 53.746775378329 53.746775378329 53.746775378329
426900 299.709784701049 186.942443572852 25060.098780383 10049.6084281642 35109.7072085472 155346.817342757 53.7568880841462 53.7568880841462 53.7568880841462
427000 299.393941808288 159.905814081347 25054.4947583908 10039.017858356 35093.5126167468 155259.477680158 53.7468117299958 53.7468117299958 53.7468117299958
427100 298.220634607626 -180.856861703157 24950.3976894457 9999.67553943787 34950.0732288836 155335.056521788 53.7555314613699 53.7555314613699 53.7555314613699
427200 296.944914491618 749.301940048616 24909.4089759291 9956.89919951088 34866.30817544 155138.304677638 53.732825772069 53.732825772069 53.732825772069
427300 299.144069687746 -247.777026528112 24936.5494896634 10030.6393632359 34967.1888528994 155056.921737985 53.7234283504044 53.7234283504044 53.7234283504044
427400 300.819397917127 168.907442035238 25030.462968525 10086.8150156616 35117.2779841865 154963.980036847 53.7126921967923 53.7126921967923 53.7126921967923
427500 301.430000953267 226.058236829207 25032.3105369493 10107.2892268201 35139.5997637695 155191.097880422 53.7389201325313 53.7389201325313 53.7389201325313
427600 301.333696868638 163.116538921557 24975.9304922637 10104.060041822 35079.9905340856 155304.162835883 53.7519675167587 53.7519675167587 53.7519675167587
427700 296.219088789891 526.875593497569 25088.8713852655 9932.56144191406 35021.4328271795 155324.858074051 53.7543550045145 53.7543550045145 53.7543550045145
427800 296.186360336048 -558.61782039488 24921.0002170134 9931.46401979984 34852.4642368132 155325.491203469 53.7544280415838 53.7544280415838 53.7544280415838
427900 293.131885339207 164.030284444417 24942.7320637407 9829.04401471897 34771.7760784597 154872.42053814 53.7021115098907 53.7021115098907 53.7021115098907
428000 295.554133423844 40.3362009465654 25062.9464821626 9910.26473559316 34973.2112177558 154480.342199265 53.6567554080449 53.6567554080449 53.6567554080449
428100 301.618677682817 -34.3856621098428 24936.2499893257 10113.6157711916 35049.8657605173 154360.560367479 53.6428835970509 53.6428835970509 53.6428835970509
428200 302.938103138691 866.63019949731 24937.6463265378 10157.8576006498 35095.5039271876 154357.675310943 53.6425493931244 53.6425493931244 53.6425493931244
428300 298.760760051462 32.0639914041522 25014.9162614503 10017.786557128 35032.7028185783 154861.019065251 53.700793654863 53.700793654863 53.700793654863
428400 297.866246423053 -259.220747582606 24929.4515548926 9987.79250235226 34917.2440572448 155390.382030935 53.7619127191829 53.7619127191829 53.7619127191829
428500 296.843099220332 -96.6127799179458 24918.8736095106 9953.48521818408 34872.3588276947 155678.648371397 53.7951369469877 53.7951369469877 53.7951369469877
428600 302.347966465212 -566.370628984432 24922.8128226801 10138.0696498043 35060.8824724845 155757.838555437 53.8042568545972 53.8042568545972 53.8042568545972
428700 303.833697215005 1096.90488170593 24964.1001438493 10187.8878840672 35151.9880279165 155140.136939372 53.7330373085066 53.7330373085066 53.7330373085066
428800 301.812107792418 -152.608739244285 24990.1984817019 10120.1017017783 35110.3001834801 154941.564941051 53.7101022762272 53.7101022762272 53.7101022762272
428900 297.31919121067 324.410553060726 25008.410486712 9969.44912167646 34977.8596083884 154872.517987047 53.7021227733788 53.7021227733788 53.7021227733788
429000 295.343845418701 478.351370563996 24972.6576501158 9903.2135406816 34875.8711907974 155120.872701044 53.7308131497446 53.7308131497446 53.7308131497446
429100 297.861131249947 -519.890414695415 25008.3524657808 9987.62098480632 34995.9734505871 155504.850182852 53.7751106966707 53.7751106966707 53.7751106966707
429200 300.385433017318 -183.751965803346 25153.8416232901 10072.2636812132 35226.1053045033 155720.274222099 53.7999311578214 53.7999311578214 53.7999311578214
429300 304.888570721179 -220.874931433202 24956.8620699261 10223.2589871123 35180.1210570384 155690.095495673 53.7964554419168 53.7964554419168 53.7964554419168
429400 299.751813395905 -620.193871166513 24992.4138509741 10051.0176978898 35043.4315488639 155506.876910833 53.7753443164966 53.7753443164966 53.7753443164966
429500 294.982777136765 1.27717654548014 25069.5741456778 9891.10651236785 34960.6806580457 155193.616263088 53.739210815942 53.739210815942 53.739210815942
429600 300.778830209271 226.25080575724 24926.2147513798 10085.4547344843 35011.6694858641 155341.23468388 53.7562441272489 53.7562441272489 53.7562441272489
429700 301.382087306336 -203.66415716428 25089.8275041702 10105.6826279882 35195.5101321584 155526.814516829 53.7776424052402 53.7776424052402 53.7776424052402
429800 305.424131065678 -696.099725996935 25028.8843230633 10241.2169318529 35270.1012549161 155413.132110418 53.7645362794644 53.7645362794644 53.7645362794644
429900 301.319858964854 111.086881311181 25092.4670460776 10103.5960412401 35196.0630873177 154931.326080168 53.7089191584082 53.7089191584082 53.7089191584082
430000 298.588499455122 -95.2454462130306 25063.9014975618 10012.0104642903 35075.911961852 154681.20600788 53.6800011539977 53.6800011539977 53.6800011539977
430100 299.735677623627 -544.517919287736 24934.5164544989 10050.4766471756 34984.9931016744 154586.475091222 53.6690405589878 53.6690405589878 53.6690405589878
430200 296.975746840209 134.050557846194 24965.9832823246 9957.93304306915 34923.9163253938 154492.331781726 53.6581435144362 53.6581435144362 53.6581435144362
430300 297.771284089993 568.483901022448 24920.4471066453 9984.60830780341 34905.0554144487 154747.928245596 53.6877183917669 53.6877183917669 53.6877183917669
430400 300.74237230104 -609.821326395872 24976.4408182762 10084.2322595417 35060.6730778179 155419.064188983 53.7652203301858 53.7652203301858 53.7652203301858
430500 300.723137886557 -105.848772898169 25121.3967633826 10083.5873078459 35204.9840712285 155825.317935307 53.8120256529177 53.8120256529177 53.8120256529177
430600 304.411503468455 -31.5592129496851 24978.391700149 10207.2623819679 35185.6540821169 156097.202573313 53.8433046139455 53.8433046139455 53.8433046139455
430700 299.665361907469 646.03920110256 24989.698134385 10048.1188815976 35037.8170159826 156144.513404541 53.8487437765129 53.8487437765129 53.8487437765129
430800 297.388021055585 -90.2934529311715 24978.9720896682 9971.75706430921 34950.7291539774 156065.551790098 53.8396652193275 53.8396652193275 53.8396652193275
430900 297.709288357366 37.3127156258694 24999.9945213434 9982.52952069361 34982.524042037 155703.392000916 53.7979868698631 53.7979868698631 53.7979868698631
431000 302.670137475724 -452.67595049493 24945.195170072 10148.8724085657 35094.0675786377 155766.155427176 53.8052144846017 53.8052144846017 53.8052144846017
431100 302.678959653167 58.3682679827658 25132.7341432426 10149.1682261643 35281.9023694069 155878.410053176 53.8181364912885 53.8181364912885 53.8181364912885
431200 304.650171263468 -809.027641841112 25256.3218522309 10215.2651833669 35471.5870355978 155792.402235867 53.8082363987751 53.8082363987751 53.8082363987751
431300 304.51213404642 -556.960008583413 25130.334038961 10210.6366391863 35340.9706781473 155727.764397219 53.8007937396678 53.8007937396678 53.8007937396678
431400 303.453691990377 62.7950538501621 24983.7430854875 10175.1458786235 35158.8889641111 155873.261232639 53.8175439290527 53.8175439290527 53.8175439290527
431500 300.333066811409 85.9569377820929 24940.4977737038 10070.5077830372 35011.0055567411 155549.611799621 53.7802698711823 53.7802698711823 53.7802698711823
431600 296.334036241596 418.389523117103 24994.1609576845 9936.41576011927 34930.5767178038 155129.102527169 53.7317633494657 53.7317633494657 53.7317633494657
431700 298.493523013544 41.3544461568866 24971.5957352757 10008.8257966669 34980.4215319425 155105.889451182 53.7290831265556 53.7290831265556 53.7290831265556
431800 300.780208610897 373.100736702844 25057.8993028644 10085.5009538515 35143.4002567159 155014.80688591 53.7185639881499 53.7185639881499 53.7185639881499
431900 301.906704700116 92.9090199111539 25110.5133715038 10123.2736432009 35233.7870147048 154998.905510591 53.7167271136082 53.7167271136082 53.7167271136082
432000 304.763860260511 185.169982046054 24945.6461732658 10219.0773041624 35164.7234774282 155456.77622008 53.7695686420586 53.7695686420586 53.7695686420586
432100 300.690108560664 174.331780753306 25015.1549940378 10082.4797971512 35097.634791189 155821.9984298 53.8116435357574 53.8116435357574 53.8116435357574
432200 299.991705409937 -100.51243528459 24974.4671793094 10059.0615487386 35033.528728048 155905.903086615 53.8213003607957 53.8213003607957 53.8213003607957
432300 300.158681823938 67.8580497991703 24944.9585265873 10064.6604569595 35009.6189835468 155507.533764054 53.7754200311725 53.7754200311725 53.7754200311725
432400 302.192758284697 -139.047934650096 24989.4896706779 10132.8653437768 35122.3550144547 155221.047240046 53.7423768229077 53.7423768229077 53.7423768229077
432500 299.720329443083 -750.360435927107 25265.3936060794 10049.9620053039 35315.3556113833 155318.827775457 53.7536593463727 53.7536593463727 53.7536593463727
432600 302.094618702887 -137.191201627471 25109.1203525289 10129.5746124799 35238.6949650088 155540.424374148 53.7792110194032 53.7792110194032 53.7792110194032
432700 300.449757849913 -1030.93848945607 25022.9025307722 10074.420565682 35097.3230964542 155876.003261597 53.8178595025245 53.8178595025245 53.8178595025245
432800 298.072009867609 -746.818009966626 25050.9070783637 9994.69198362439 35045.5990619881 155707.190479785 53.7984243444999 53.7984243444999 53.7984243444999
432900 300.380255833987 127.016312935726 24961.226318109 10072.0900843942 35033.3164025032 155391.473365828 53.7620385787827 53.7620385787827 53.7620385787827
433000 300.965674669937 -57.3981581269308 24986.3807295415 10091.7198408055 35078.1005703469 155256.560686999 53.7464751320496 53.7464751320496 53.7464751320496
433100 302.472856488472 -23.9709455013142 25106.7768468917 10142.2573536913 35249.034200583 155093.459450278 53.7276478266769 53.7276478266769 53.7276478266769
433200 304.597683149319 578.049165497584 25041.0507248962 10213.5051974697 35254.5559223659 154810.664998919 53.6949726366037 53.6949726366037 53.6949726366037
433300 299.870288912809 328.271491488196 25020.5701578505 10054.9903161158 35075.5604739663 154635.981659022 53.6747691464145 53.6747691464145 53.6747691464145
433400 298.879305184875 -844.069914877488 25011.1498481806 10021.7615096744 35032.911357855 154993.565330874 53.7161102054434 53.7161102054434 53.7161102054434
433500 301.055899358561 588.124687656205 24966.9868096692 10094.7451767722 35061.7319864414 155316.834541472 53.7534294019834 53.7534294019834 53.7534294019834
433600 298.708448520111 -142.933525668184 25117.8058224401 10016.032492252 35133.8383146921 155529.768423432 53.777982867704 53.777982867704 53.777982867704
433700 301.600072677962 -129.319263096529 25150.9731589944 10112.9919243133 35263.9650833077 155304.454197461 53.7520011309002 53.7520011309002 53.7520011309002
433800 302.862374401259 236.320057494482 25157.364941035 10155.3183303397 35312.6832713746 155437.438624296 53.7673390463141 53.7673390463141 53.7673390463141
433900 300.21130657804 -13.2390307864179 25035.4468109399 10066.4250245491 35101.871835489 155807.852721998 53.8100151246453 53.8100151246453 53.8100151246453
434000 297.887258146852 -320.001211706846 25027.3556265145 9988.49704924182 35015.8526757564 155788.304832831 53.8077646685305 53.8077646685305 53.8077646685305
434100 299.839582275445 336.521629942246 24998.1246818546 10053.9606877973 35052.0853696519 155572.867132715 53.7829498645152 53.7829498645152 53.7829498645152
434200 302.057728900252 360.493530948193 24976.1739105323 10128.337655629 35104.5115661613 155483.657897932 53.7726677519881 53.7726677519881 53.7726677519881
434300 302.110931524066 -50.2848342614978 25036.2277463419 10130.1215998443 35166.3493461862 155329.169531468 53.7548523652743 53.7548523652743 53.7548523652743
434400 299.253561419025 327.871001500471 25061.6352885576 10034.310744958 35095.9460335156 155456.503477664 53.7695371965532 53.7695371965532 53.7695371965532
434500 297.196733182789 -348.508391406211 24977.3707524136 9965.34296534819 34942.7137177618 155734.941673493 53.801620261579 53.801620261579 53.801620261579
434600 293.208207908278 -41.944683471059 25120.281623887 9831.60319687631 34951.8848207633 155797.068516965 53.8087736133548 53.8087736133548 53.8087736133548
434700 302.798539532613 -5.11786481036706 24938.0517585396 10153.1778749168 35091.2296334563 155746.33212571 53.8029319129402 53.8029319129402 53.8029319129402
434800 300.834286896428 -525.842531390811 25133.7615225386 10087.3142599956 35221.0757825342 155807.320852242 53.8099538954844 53.8099538954844 53.8099538954844
434900 302.99221248451 599.231074984413 25148.2307128821 10159.6719482806 35307.9026611626 155569.412976158 53.7825518171622 53.7825518171622 53.7825518171622
435000 303.482542726582 786.445467417022 25176.3191222773 10176.1132764748 35352.4323987521 155280.157147597 53.7491978561493 53.7491978561493 53.7491978561493
435100 300.733044944251 -517.028479875467 25093.2467234905 10083.9195027077 35177.1662261981 155315.829220467 53.7533134249261 53.7533134249261 53.7533134249261
435200 300.649085671532 124.593348997626 24951.5186684942 10081.1042532303 35032.6229217245 155327.386568359 53.7546466874747 53.7546466874747 53.7546466874747
435300 297.040679976467 44.5631883821872 25001.3453517429 9960.11032464859 34961.4556763915 155312.154385677 53.7528894799335 53.7528894799335 53.7528894799335
435400 303.640680297806 104.156843453032 24825.0326444761 10181.4158082896 35006.4484527657 155482.276671157 53.7725085231032 53.7725085231032 53.7725085231032
435500 300.234191636521 -607.759540140475 25110.9477927122 10067.1923864716 35178.1401791838 155632.665428665 53.78983991939 53.78983991939 53.78983991939
435600 303.240315102983 44.1079032700127 25085.4494474749 10167.9911099927 35253.4405574676 155597.1804872 53.7857515008901 53.7857515008901 53.7857515008901
435700 304.970941855044 448.428776640949 24962.6732978979 10226.0209844957 35188.6942823936 155630.421031669 53.789581348275 53.789581348275 53.789581348275
435800 301.299837626063 384.895991235296 25007.7376637751 10102.9247030812 35110.6623668563 155449.236940739 53.7686993964683 53.7686993964683 53.7686993964683
435900 298.332863268933 585.351876922389 25025.9876108169 10003.4386935227 35029.4263043396 155133.992783753 53.732327953064 53.732327953064 53.732327953064
436000 296.443094904637 300.918712090241 25030.543675893 9940.07262057296 34970.6162964659 154931.605975851 53.7089515015242 53.7089515015242 53.7089515015242
436100 295.98140375397 -706.814861410209 25021.4858488332 9924.59159354017 34946.0774423734 155184.437399218 53.7381513337343 53.7381513337343 53.7381513337343
436200 300.832284371934 796.177969616995 24927.4025545702 10087.247113082 35014.6496676522 155251.829804739 53.7459292166793 53.7459292166793 53.7459292166793
436300 300.579122731171 -511.372501905386 25065.8315959808 10078.7583166243 35144.5899126051 155204.857791579 53.7405083269656 53.7405083269656 53.7405083269656
436400 303.763846897927 -488.724166147082 24995.5918291114 10185.5457238474 35181.1375529587 155081.466560636 53.7262629276133 53.7262629276133 53.7262629276133
436500 297.413957401049 396.105952535683 25090.8379687744 9972.6267393391 35063.4647081135 154689.302475791 53.6809377272143 53.6809377272143 53.6809377272143
436600 300.674332998115 -346.112670788276 24846.7157086862 10081.950824677 34928.6665333632 154475.2852466 53.6561699125503 53.6561699125503 53.6561699125503
436700 301.861494089304 -590.663072855724 24780.9759346886 10121.7576802306 34902.7336149192 154328.082162467 53.6391210928382 53.6391210928382 53.6391210928382
436800 300.700692281313 79.6839494081371 25034.4357657516 10082.834681288 35117.2704470395 154403.609946673 53.6478699504584 53.6478699504584 53.6478699504584
436900 303.398779415304 180.214159809977 25028.3142219864 10173.3045978065 35201.6188197929 154927.461422585 53.7084725770897 53.7084725770897 53.7084725770897
437000 298.979804357341 -667.991193379213 25102.0702000584 10025.1313607176 35127.2015607761 155266.326785931 53.7476020460764 53.7476020460764 53.7476020460764
437100 302.502775828865 -727.472311743968 24848.0138144513 10143.2605830509 34991.2743975022 155173.919290444 53.7369372160883 53.7369372160883 53.7369372160883
437200 300.440551997266 48.4283255015448 24877.4927702963 10074.1118830194 34951.6046533157 154525.955597692 53.6620359636582 53.6620359636582 53.6620359636582
437300 299.003016581664 -59.787661319775 25053.9885747677 10025.9096928813 35079.8982676489 153990.03808058 53.5999283062014 53.5999283062014 53.5999283062014
437400 301.873642167835 121.613457959033 25136.217940013 10122.1650190585 35258.3829590715 154034.195932105 53.6050512165383 53.6050512165383 53.6050512165383
437500 302.647745810372 39.4302458354623 25016.6497223828 10148.1215906734 35164.7713130562 154347.742533308 53.6413987518339 53.6413987518339 53.6413987518339
437600 299.462295990053 86.8776300570508 24991.0212364664 10041.3098514648 35032.3310879312 154573.818539906 53.6675758264828 53.6675758264828 53.6675758264828
437700 295.563578361373 367.337051107677 25052.4029074603 9910.58143504257 34962.9843425029 154803.526548302 53.6941473170602 53.6941473170602 53.6941473170602
437800 300.762044026172 -828.987867702907 24933.4371415809 10084.8918747588 35018.3290163397 155077.958441909 53.7258578082169 53.7258578082169 53.7258578082169
437900 303.345656891106 -586.580055904882 25010.9756824835 10171.523339422 35182.4990219055 154978.152883424 53.7143296494413 53.7143296494413 53.7143296494413
438000 306.609696356248 -486.641078628619 25012.7676786664 10280.9702784049 35293.7379570713 154928.259971038 53.7085648541327 53.7085648541327 53.7085648541327
438100 300.24683316988 874.018113802054 25137.2851314384 10067.6162713985 35204.9014028369 154998.943730848 53.716731528837 53.716731528837 53.716731528837
438200 300.539862828947 -166.505883645642 25026.6928843339 10077.4418876506 35104.1347719846 155377.861304839 53.7604687081805 53.7604687081805 53.7604687081805
438300 298.592698260797 -638.050268562324 25028.1084837504 10012.1512549987 35040.2597387491 155309.576558697 53.7525920865627 53.7525920865627 53.7525920865627
438400 296.31507528573 10.7897090497675 25083.9582213256 9935.77997780047 35019.7381991261 155141.560645363 53.7332016756279 53.7332016756279 53.7332016756279
438500 300.416590974458 -431.91910804272 25098.5905594709 10073.3084427947 35171.8990022656 155150.509791828 53.7342348332251 53.7342348332251 53.7342348332251
438600 305.333815644532 -206.645115348386 25065.2620865663 10238.188553522 35303.4506400883 155274.453406739 53.7485397440521 53.7485397440521 53.7485397440521
438700 302.5654031201 453.528169415485 25057.3642922837 10145.3605470359 35202.7248393197 155339.162106666 53.7560050525812 53.7560050525812 53.7560050525812
438800 301.180903045129 271.662797380714 25006.0680487447 10098.9366919185 35105.0047406633 155203.923361897 53.7404004763317 53.7404004763317 53.7404004763317
438900 301.703021642186 -259.580520521348 24937.7923685804 10116.4439196479 35054.2362882283 155199.980622795 53.7399454058499 53.7399454058499 53.7399454058499
439000 299.730832057404 31.001988319782 24942.2495002727 10050.3141698537 34992.5636701264 155387.995406584 53.7616374766072 53.7616374766072 53.7616374766072
439100 300.123146136228 -298.010280087326 24832.0073330014 10063.4689051152 34895.4762381166 155371.851031555 53.7597755178886 53.7597755178886 53.7597755178886
439200 296.373467479244 -452.92006199451 24891.1626886952 9937.7379341637 34828.9006228589 155414.868907967 53.7647365580503 53.7647365580503 53.7647365580503
439300 297.511035259391 843.312344341671 24974.4100182708 9975.88186984595 34950.2918881168 155330.126847452 53.7549627980062 53.7549627980062 53.7549627980062
439400 302.338537680629 -827.662952489171 24968.3112682156 10137.7534919815 35106.0647601971 155388.813690463 53.7617318472694 53.7617318472694 53.7617318472694
439500 298.359965070325 -204.985654369334 25103.1828557825 10004.3474476094 35107.5303033919 155125.507591096 53.7313482892711 53.7313482892711 53.7313482892711
439600 298.592885849711 384.976037728087 25050.2470353471 10012.1575450674 35062.4045804144 155012.73552932 53.71832471897 53.71832471897 53.71832471897
439700 296.329481364663 -444.30668558305 25006.7445855484 9936.26302993842 34943.0076154868 155129.429844432 53.7318011401855 53.7318011401855 53.7318011401855
439800 295.186099221113 -383.764557023478 24939.9309089493 9897.92413206796 34837.8550410173 155469.711519154 53.7710599594053 53.7710599594053 53.7710599594053
439900 299.189974375727 1275.34451154082 24891.9138442731 10032.1785993996 34924.0924436728 155343.255978605 53.7564772843618 53.7564772843618 53.7564772843618
440000 299.819061721017 -946.365230234566 25069.911229356 10053.2726103729 35123.1838397289 155381.878954611 53.7609320707888 53.7609320707888 53.7609320707888
440100 302.794633703436 192.198936518461 24989.9385613905 10153.0469080421 35142.9854694326 155431.492439945 53.7666534230183 53.7666534230183 53.7666534230183
440200 300.425015482959 429.901660922071 25013.1422603961 10073.5909261034 35086.7331864995 155205.264757991 53.7405552983535 53.7405552983535 53.7405552983535
440300 298.494501321024 -125.482472090539 24953.0863733344 10008.8586004244 34961.9449737587 155077.944206598 53.7258561643033 53.7258561643033 53.7258561643033
440400 295.753278236597 74.1235992195091 24904.7117436256 9916.94228664699 34821.6540302726 154837.395430003 53.698062878406 53.698062878406 53.698062878406
440500 297.129020003575 800.201319548774 24797.8525364447 9963.07246578074 34760.9250022255 154682.049640515 53.680098744217 53.680098744217 53.680098744217
440600 296.979370070256 -48.191563605784 25002.3055508533 9958.05453407503 34960.3600849283 154995.24606987 53.7163043692776 53.7163043692776 53.7163043692776
440700 300.709316917203 -506.144819316169 25013.1429183359 10083.1238750946 35096.2667934306 155400.892060645 53.7631247773853 53.7631247773853 53.7631247773853
440800 300.700139899935 381.408224511999 25052.2117756764 10082.8161593149 35135.0279349914 155661.512781689 53.7931631262828 53.7931631262828 53.7931631262828
440900 300.987524225412 -1244.9403476835 24989.0056907174 10092.4524811398 35081.4581718572 155983.442125977 53.8302214689489 53.8302214689489 53.8302214689489
441000 297.666124867421 1239.09772686088 24963.6615118246 9981.08220000379 34944.7437118284 155805.993750597 53.8098011181509 53.8098011181509 53.8098011181509
441100 301.220727568895 105.288060468994 24811.6389991618 10100.2720532918 34911.9110524537 155801.193755594 53.8092485304472 53.8092485304472 53.8092485304472
441200 301.318610530893 -792.178570480692 25010.5443924803 10103.5541798358 35114.0985723161 155499.242313107 53.7744642700136 53.7744642700136 53.7744642700136
441300 303.069664445238 190.107287776368 25037.3616400308 10162.2690002189 35199.6306402497 155018.765408381 53.719021244109 53.719021244109 53.719021244109
441400 302.450609254584 344.094113887336 24964.8933582352 10141.5113787495 35106.4047369847 154650.578775402 53.676457999146 53.676457999146 53.676457999146
441500 296.063627255015 388.891154501211 25060.32865971 9927.34864062797 34987.6773003379 154309.698381656 53.6369911521114 53.6369911521114 53.6369911521114
441600 300.71411414301 942.925055027341 24848.4195720402 10083.2847315076 34931.7043035478 154571.766475701 53.6673383352101 53.6673383352101 53.6673383352101
441700 296.99389165443 -73.7917271722103 25008.6769539912 9958.54145923451 34967.2184132257 155159.618575218 53.7352863797271 53.7352863797271 53.7352863797271
441800 302.380166598291 -806.795522629291 25098.15009397 10139.1493567252 35237.2994506951 155752.572069228 53.8036504376681 53.8036504376681 53.8036504376681
441900 302.830586221292 -906.787793476472 25087.0522542104 10154.2524366731 35241.3046908835 155982.992829622 53.8301697845196 53.8301697845196 53.8301697845196
442000 302.122841901113 245.304159380951 24994.7100596461 10130.5209682723 35125.2310279184 155762.446779528 53.8047874637997 53.8047874637997 53.8047874637997
442100 302.789821648249 242.265608294018 24851.2094782081 10152.8855543832 35004.0950325912 155465.241079609 53.7705445694633 53.7705445694633 53.7705445694633
442200 297.720663037981 633.66383924664 24997.2660862392 9982.91092661365 34980.1770128529 155129.467745768 53.7318055161162 53.7318055161162 53.7318055161162
442300 300.644662767875 605.172099542053 24957.8043688211 10080.9559482628 35038.7603170839 154888.850250826 53.7040104472256 53.7040104472256 53.7040104472256
442400 304.115862091581 -458.253710029803 25078.0267587617 10197.3491918606 35275.3759506224 154812.198078391 53.6951498819043 53.6951498819043 53.6951498819043
442500 302.328225775307 33.2743154546908 25102.8850115777 10137.4077221204 35240.2927336981 154841.139135017 53.6984956508779 53.6984956508779 53.6984956508779
442600 298.712821270474 -402.98980761453 25075.5809361477 10016.1791155227 35091.7600516705 154960.242957278 53.7122604185641 53.7122604185641 53.7122604185641
442700 297.56625111314 283.935623958753 25066.4750390226 9977.73331994043 35044.208358963 155069.505314304 53.7248816114956 53.7248816114956 53.7248816114956
442800 302.043934065545 -140.896838482762 24927.7452592408 10127.8750992021 35055.6203584429 155250.500626411 53.7457758354958 53.7457758354958 53.7457758354958
442900 299.30896633445 243.296165135459 25028.7924217069 10036.1685345046 35064.9609562115 155218.792664272 53.7421166201203 53.7421166201203 53.7421166201203
443000 301.534138824285 313.913255133075 25048.8367597714 10110.7810875457 35159.6178473171 155083.408773989 53.7264872128055 53.7264872128055 53.7264872128055
443100 301.260205040831 -479.711620462215 25077.2949103045 10101.5957776243 35178.8906879288 154840.637299467 53.6984376390702 53.6984376390702 53.6984376390702
443200 299.516948620163 752.489981493119 25025.233291291 10043.1424160329 35068.3757073239 154597.316554331 53.6702951692233 53.6702951692233 53.6702951692233
443300 299.634273988246 67.7065941297889 24886.1458707432 10047.0764684667 34933.22233921 155021.529303618 53.7193405019403 53.7193405019403 53.7193405019403
443400 296.445521833585 -541.471220571498 25013.2108989094 9940.1539982485 34953.3648971579 155316.72159318 53.753416371931 53.753416371931 53.753416371931
443500 305.143356928654 -393.277578460767 24836.4867187565 10231.8022571312 35068.2889758877 155422.235882034 53.7655860631298 53.7655860631298 53.7655860631298
443600 301.639446046115 443.339534230187 25084.632608109 10114.312157928 35198.944766037 155304.484755579 53.7520046563621 53.7520046563621 53.7520046563621
443700 303.238533958278 -402.561540626539 25025.7409259766 10167.9313861941 35193.6723121706 155373.544405577 53.7599708237005 53.7599708237005 53.7599708237005
443800 301.957786399548 -1270.08153695826 25014.2285386361 10124.9864704203 35139.2150090564 155640.527565132 53.7907456759883 53.7907456759883 53.7907456759883
443900 299.262134386846 228.218112798627 24996.8119781163 10034.5982062758 35031.4101843921 155831.991802898 53.8127938832492 53.8127938832492 53.8127938832492
444000 298.332786411018 -353.875412402016 24944.9472948751 10003.4361163898 34948.3834112649 155931.63234388 53.8242609198802 53.8242609198802 53.8242609198802
444100 299.4375465529 -262.516662870036 24982.3269113798 10040.4799748145 35022.8068861942 155703.18023154 53.7979624799614 53.7979624799614 53.7979624799614
444200 302.38679199894 -796.851295177291 25067.4256128097 10139.3715139105 35206.7971267202 155253.698576167 53.7461448629921 53.7461448629921 53.7461448629921
444300 300.235774988187 1092.20787067916 25104.6965312835 10067.2454780457 35171.9420093292 154796.587577931 53.6933450363182 53.6933450363182 53.6933450363182
444400 302.218729737588 457.984794791648 24915.7908345577 10133.7361959985 35049.5270305562 154785.942999384 53.6921142681666 53.6921142681666 53.6921142681666
444500 298.148591878651 -449.615668170588 24970.1525252353 9997.25986516479 34967.4123904001 154822.496984332 53.6963405482786 53.6963405482786 53.6963405482786
444600 296.720221962233 -135.124223237837 25062.0615756996 9949.36500459196 35011.4265802916 154978.726274091 53.7143958937404 53.7143958937404 53.7143958937404
444700 300.561581864897 136.209135726241 25044.347076032 10078.1701515174 35122.5172275495 155005.864072422 53.7175309592272 53.7175309592272 53.7175309592272
444800 297.145242098654 -621.388005045707 25247.7249342819 9963.61641099625 35211.3413452782 154999.26258445 53.716768362984 53.716768362984 53.716768362984
444900 302.44554221442 -133.481076557409 25038.1885043848 10141.3414751557 35179.5299795404 154805.16508984 53.6943367610224 53.6943367610224 53.6943367610224
445000 304.018520705115 790.205847384992 24909.7150082552 10194.0852249574 35103.8002332127 154560.116677399 53.6659900308183 53.6659900308183 53.6659900308183
445100 300.311452641073 221.007957707042 24907.6583137994 10069.7830354332 34977.4413492326 154725.920949487 53.6851732256949 53.6851732256949 53.6851732256949
445200 299.837967973667 341.865287795827 24854.0318348408 10053.9065584309 34907.9383932717 154892.48635721 53.7044306882928 53.7044306882928 53.7044306882928
445300 298.903421858289 242.244595489202 24935.8559957941 10022.5701690402 34958.4261648342 154915.095584733 53.7070435901992 53.7070435901992 53.7070435901992
445400 302.130412418559 107.905468869039 25034.1451981176 10130.774816294 35164.9200144115 154908.435109988 53.7062738792535 53.7062738792535 53.7062738792535
445500 303.13690631742 -631.455734714962 25049.1953707552 10164.523696328 35213.7190670831 155032.792642341 53.720641492148 53.720641492148 53.720641492148
445600 301.639407366744 -136.441969727623 25008.1403704671 10114.3108609649 35122.451231432 154980.502137136 53.7146010596333 53.7146010596333 53.7146010596333
445700 298.620829289058 -33.679691876226 25016.0992106378 10013.0945202277 35029.1937308655 155122.964521756 53.7310546704819 53.7310546704819 53.7310546704819
445800 298.673163417839 -375.496498548427 24969.142473045 10014.8493428212 34983.9918158662 155097.970398517 53.7281687175203 53.7281687175203 53.7281687175203
445900 297.000724439998 -533.50584760292 25050.9636933672 9958.77057027103 35009.7342636383 155131.43394068 53.7320325238274 53.7320325238274 53.7320325238274
446000 298.117268746104 348.922573878238 25039.96021775 9996.20956506481 35036.1697828148 155167.080763037 53.7361478074085 53.7361478074085 53.7361478074085
446100 300.241159092564 -837.937931181734 24976.3123229526 10067.4260131617 35043.7383361143 155442.944368102 53.7679738691329 53.7679738691329 53.7679738691329
446200 298.699671014044 -1317.18214278823 25035.1825325689 10015.7381725352 35050.9207051041 155616.258143611 53.787949621597 53.787949621597 53.787949621597
446300 301.387092713996 731.414429864951 24981.9956364556 10105.8504649744 35087.84610143 155342.733482877 53.7564170144754 53.7564170144754 53.7564170144754
446400 300.791282526651 -79.4037869862853 25100.9538137865 10085.8722747852 35186.8260885716 155050.669331817 53.7227062387953 53.7227062387953 53.7227062387953
446500 305.334492556977 1301.26028608475 24972.1402216248 10238.2112511627 35210.3514727875 154751.908921588 53.6881787352033 53.6881787352033 53.6881787352033
446600 300.831904397191 -459.850141038383 24980.5848492151 10087.2343720986 35067.8192213137 154897.034786613 53.7049563613502 53.7049563613502 53.7049563613502
446700 296.092633620279 -740.28152229306 25021.5626056288 9928.32125689781 34949.8838625266 154960.894816145 53.7123357341493 53.7123357341493 53.7123357341493
446800 296.072358251607 821.311759651112 25045.5440323244 9927.6414008294 34973.1854331538 154941.196003924 53.7100596458188 53.7100596458188 53.7100596458188
446900 299.686462922646 -211.706428811122 25017.4596093167 10048.8264225282 35066.2860318449 155170.85600031 53.7365836065953 53.7365836065953 53.7365836065953
447000 300.801419534422 -457.653725337886 25034.1541829051 10086.2121801334 35120.3663630385 155393.267396264 53.762245476369 53.762245476369 53.762245476369
447100 302.586721018258 393.892190053193 25080.8935575653 10146.0753602984 35226.9689178637 155465.187057208 53.7705383412452 53.7705383412452 53.7705383412452
447200 302.815044761645 -90.752273216053 25124.9243127489 10153.7313139343 35278.6556266832 155495.523300995 53.7740355659347 53.7740355659347 53.7740355659347
447300 299.872861654255 -382.625396999776 25068.5577528487 10055.0765830495 35123.6343358982 155613.40086547 53.7876204184765 53.7876204184765 53.7876204184765
447400 299.650995970056 1189.89011891824 24955.3419156923 10047.6371754503 35002.9790911427 155561.945740179 53.7816912936098 53.7816912936098 53.7816912936098
447500 297.665073283059 -267.533559936667 25010.5297245018 9981.04693918947 34991.5766636913 155543.319751935 53.7795447165057 53.7795447165057 53.7795447165057
447600 300.883102003823 488.799914979737 25029.4044060211 10088.9510858176 35118.3554918387 155255.549735699 53.7463584752792 53.7463584752792 53.7463584752792
447700 301.891579056418 29.7538730058885 25131.1690968575 10122.7664632417 35253.9355600992 155080.109425522 53.7261062056609 53.7261062056609 53.7261062056609
447800 300.945296945473 89.5464563844388 25097.8017378444 10091.0365526315 35188.8382904759 154845.270511489 53.6989732300917 53.6989732300917 53.6989732300917
447900 299.431020007746 1043.89821337498 24910.8274148338 10040.2611323657 34951.0885471996 154588.89593378 53.6693207120417 53.6693207120417 53.6693207120417
448000 300.309403741944 -301.643185203383 24882.5542031327 10069.7143335255 34952.2685366582 154808.385524131 53.6947090954643 53.6947090954643 53.6947090954643
448100 300.066741097654 390.484669010554 24963.9358058005 10061.5775803071 35025.5133861076 154844.851345421 53.6989247756836 53.6989247756836 53.6989247756836
448200 302.678389765647 -30.0681089810552 25008.0609801827 10149.1491171905 35157.2100973733 154969.646045031 53.7133468281554 53.7133468281554 53.7133468281554
448300 302.633832991888 -39.9881032217362 24994.5795114705 10147.6550781169 35142.2345895874 154991.182721232 53.715834957075 53.715834957075 53.715834957075
448400 300.261263949708 81.2234088263814 24901.094534485 10068.1001517854 34969.1946862705 154954.676552921 53.71161726921 53.71161726921 53.71161726921
448500 295.951823325842 -189.242074397067 24930.4381787129 9923.59972829251 34854.0379070054 154797.622506885 53.6934646958758 53.6934646958758 53.6934646958758
448600 299.420694493653 -136.31875665666 24907.2138933855 10039.9149061871 34947.1287995726 154624.827136212 53.6734785221867 53.6734785221867 53.6734785221867
448700 300.475120859492 858.186747415653 24965.2172243454 10075.2710161105 35040.4882404559 154412.071144191 53.6488498863828 53.6488498863828 53.6488498863828
448800 302.727675578462 477.564812921953 24931.9580619081 10150.8017262982 35082.7597882063 154431.568198083 53.6511078067819 53.6511078067819 53.6511078067819
448900 298.909714649028 105.201584621083 25047.7652196034 10022.7811734387 35070.5463930421 154811.336802875 53.6950503066248 53.6950503066248 53.6950503066248
449000 300.325180949377 -276.180237483574 24941.9938080247 10070.2433611545 35012.2371691793 155309.216381486 53.7525505341268 53.7525505341268 53.7525505341268
449100 294.371362268348 -1109.99702408091 24944.170030898 9870.60507955384 34814.7751104519 155651.135581941 53.791967723099 53.791967723099 53.791967723099
449200 296.976327386717 -425.034392025298 24882.5833952613 9957.95250945089 34840.5359047122 155443.210200754 53.7680045197681 53.7680045197681 53.7680045197681
449300 298.102690019089 868.327036901759 24999.2748985849 9995.72072384119 34994.9956224261 155126.552954599 53.7314689843676 53.7314689843676 53.7314689843676
449400 299.392292558287 -296.522247505739 25031.2244049995 10038.9625571361 35070.1869621357 155196.917718256 53.7395918804503 53.7395918804503 53.7395918804503
449500 303.454233207373 -231.104448680115 24932.9626672866 10175.1640262422 35108.1266935288 155228.64069272 53.7432531721481 53.7432531721481 53.7432531721481
449600 298.282221873408 -726.426394712505 25100.7161802176 10001.7406301919 35102.4568104095 155393.877496958 53.7623158362178 53.7623158362178 53.7623158362178
449700 296.792106305385 -76.9579094770136 25065.7145069845 9951.77536800907 35017.4898749936 155259.362604792 53.7467984512884 53.7467984512884 53.7467984512884
449800 298.983580264057 645.509643538733 24872.1108958035 10025.2579711451 34897.3688669486 155033.377067362 53.7207089953883 53.7207089953883 53.7207089953883
449900 296.138324691514 -142.37362441874 24972.0334551986 9929.85333025013 34901.8867854487 154964.821046082 53.7127893651545 53.7127893651545 53.7127893651545
450000 301.176636204568 -444.740825989535 24975.7039803523 10098.7936199234 35074.4976002757 155020.629209462 53.7192365323858 53.7192365323858 53.7192365323858
450100 301.768455636247 -160.747701457863 25042.0469179843 10118.6379955566 35160.6849135409 155158.111816255 53.735112437591 53.735112437591 53.735112437591
450200 303.180098208278 12.2705086947975 24939.9744928519 10165.9719693326 35105.9464621844 155410.298458391 53.7642095140423 53.7642095140423 53.7642095140423
450300 300.782176472086 582.995428259822 24961.0467915088 10085.5669384653 35046.6137299741 155665.263430289 53.7935951697767 53.7935951697767 53.7935951697767
450400 298.084904968166 -474.285126622892 25031.8929405383 9995.12437094657 35027.0173114848 155727.482121936 53.8007612328473 53.8007612328473 53.8007612328473
450500 301.96034166689 -859.39766523127 24932.8166316743 10125.0721514275 35057.8887831018 155545.208584307 53.7797624053442 53.7797624053442 53.7797624053442
450600 303.109285257331 -216.656201024103 25042.6047592441 10163.5975309092 35206.2022901532 155027.248985723 53.7200011709737 53.7200011709737 53.7200011709737
450700 304.338777644246 101.170937513413 25026.0058421362 10204.8238027382 35230.8296448743 154708.974983807 53.6832132431399 53.6832132431399 53.6832132431399
450800 297.984067795092 -541.585376976471 25068.3330616304 9991.74318636026 35060.0762479906 154750.355585202 53.6879991012737 53.6879991012737 53.6879991012737
450900 298.598795649927 -674.374582249816 24961.4152432789 10012.35570736 34973.7709506389 155126.643498933 53.7314794383679 53.7314794383679 53.7314794383679
451000 299.447625301532 -76.557927192622 24934.0678163871 10040.8179266677 34974.8857430548 155109.329744254 53.7294803657718 53.7294803657718 53.7294803657718
451100 297.14865418295 -516.317528222549 25085.1966133045 9963.73082204601 35048.9274353505 154979.691888352 53.7145074515871 53.7145074515871 53.7145074515871
451200 302.352415888843 56.3283809697639 25110.304280757 10138.2188440166 35248.5231247736 155098.596462533 53.728241009951 53.728241009951 53.728241009951
451300 302.18332520628 -797.183707307862 25132.9377486585 10132.5490419769 35265.4867906354 155192.376031565 53.7390676630589 53.7390676630589 53.7390676630589
451400 300.12599311205 534.137709735872 25061.3982997972 10063.5643674381 35124.9626672353 155252.587963151 53.7460167043481 53.7460167043481 53.7460167043481
451500 299.203255484311 209.57354784518 25018.4433432257 10032.623930008 35051.0672732337 155371.206407248 53.7597011695736 53.7597011695736 53.7597011695736
451600 300.854208883406 -235.052065166774 24951.5415825077 10087.9822667757 35039.5238492834 155544.893167885 53.7797260535725 53.7797260535725 53.7797260535725
451700 301.801602077133 -338.530926865544 24950.1288625103 10119.7494332496 35069.87829576 155547.877399554 53.7800699845797 53.7800699845797 53.7800699845797
451800 304.07818585815 -85.2777143727609 24997.4367884022 10196.0858650947 35193.5226534969 155283.040531885 53.7495305422141 53.7495305422141 53.7495305422141
451900 305.124684401329 -130.281445203636 25105.7611222778 10231.176146148 35336.9372684258 155068.358511709 53.7247491719907 53.7247491719907 53.7247491719907
452000 301.294839488814 705.367839923789 25126.3064009393 10102.7571098801 35229.0635108194 154872.237962795 53.7020904071763 53.7020904071763 53.7020904071763
452100 299.549122650696 -97.9884643506294 25015.3162750712 10044.2212477058 35059.537522777 154649.145160526 53.6762921379143 53.6762921379143 53.6762921379143
452200 300.578438632865 -244.107081146323 24939.8323396154 10078.7353780335 35018.5677176489 154484.01888457 53.6571810877489 53.6571810877489 53.6571810877489
452300 298.121042067948 419.23670141217 24950.4913407103 9996.33608881859 34946.8274295289 154328.697395258 53.6391923706464 53.6391923706464 53.6391923706464
452400 299.434901967974 253.821091319759 24874.8479460057 10040.3912988875 34915.2392448933 154377.979837172 53.6449013737747 53.6449013737747 53.6449013737747
452500 296.287125006566 -492.64869808118 25101.2083061029 9934.84277329334 35036.0510793963 154421.518910076 53.6499440396935 53.6499440396935 53.6499440396935
452600 302.604881931267 433.816871079681 25041.5581278518 10146.6843162743 35188.2424441261 154167.200061744 53.620475588221 53.620475588221 53.620475588221
452700 305.972083188465 488.208400209269 24898.9565697575 10259.59038695 35158.5469567075 154025.474898758 53.6040395358541 53.6040395358541 53.6040395358541
452800 299.12040099544 1036.40901195723 25017.4961617937 10029.845725184 35047.3418869777 153988.302477478 53.5997269326743 53.5997269326743 53.5997269326743
452900 299.330871864112 -908.95071102665 24950.2511428868 10036.9030517167 34987.1541946035 154446.443029691 53.6528303077407 53.6528303077407 53.6528303077407
453000 299.993693332784 -401.779946726327 24921.2331569607 10059.1282060425 34980.3613630032 154986.560314556 53.7153009505631 53.7153009505631 53.7153009505631
453100 298.505211501803 570.850651789709 24995.453528336 10009.2177249125 35004.6712532485 155393.713039388 53.7622968701704 53.7622968701704 53.7622968701704
453200 298.37236360256 -220.190384238194 25034.4072922947 10004.7631844335 35039.1704767282 155448.636688734 53.7686301888569 53.7686301888569 53.7686301888569
453300 302.669207605837 912.904608170459 24970.353250956 10148.8412289756 35119.1944799315 154973.618686885 53.7138058042018 53.7138058042018 53.7138058042018
453400 303.490805275443 542.924490640905 25017.7578172824 10176.3903290934 35194.1481463758 154781.882304974 53.6916447397959 53.6916447397959 53.6916447397959
453500 302.730849854824 -449.625536588348 25028.0917994138 10150.9081633787 35178.9999627925 154865.857794892 53.7013529540274 53.7013529540274 53.7013529540274
453600 299.80946261553 -532.434704129907 24943.9971783506 10052.9507414973 34996.9479198479 155051.327734552 53.7227822808763 53.7227822808763 53.7227822808763
453700 298.259709713082 -59.6809951562678 24916.984063888 10000.9857719667 34917.9698358547 155240.527691327 53.7446249758444 53.7446249758444 53.7446249758444
453800 296.680956344045 188.862682510343 25050.3464410045 9948.04838395551 34998.39482496 155262.996460117 53.7472177637703 53.7472177637703 53.7472177637703
453900 299.915132816261 237.593872554026 25077.860452074 10056.4939829732 35134.3544350471 155239.140286055 53.7444648677436 53.7444648677436 53.7444648677436
454000 300.570431264401 466.584091891315 25050.8245312252 10078.4668819026 35129.2914131277 155024.942194454 53.719734720086 53.719734720086 53.719734720086
454100 304.288327463436 -255.53898241175 24881.1591803379 10203.1321510533 35084.2913313911 154888.72148851 53.7039955654686 53.7039955654686 53.7039955654686
454200 301.745329489294 -14.5816629273026 24923.9504462152 10117.8625496646 35041.8129958799 154937.578134359 53.7096416001181 53.7096416001181 53.7096416001181
454300 299.675728513018 381.974887296502 24963.3161207704 10048.4664856193 35011.7826063897 154895.656656737 53.7047970886126 53.7047970886126 53.7047970886126
454400 299.982977554887 -418.498958783477 24937.8637537033 10058.7688938767 34996.63264758 154875.266869855 53.7024404969934 53.7024404969934 53.7024404969934
454500 298.384378636668 -213.676451278918 24996.6939279944 10005.1660621312 35001.8599901257 154836.176581753 53.697921977987 53.697921977987 53.697921977987
454600 299.897570381847 -151.837717393792 25012.1020698485 10055.9050946622 35068.0071645107 154666.794078405 53.6783339477504 53.6783339477504 53.6783339477504
454700 300.208569335787 920.956284436268 25075.3334560696 10066.3332417171 35141.6666977867 154624.702962952 53.6734641544798 53.6734641544798 53.6734641544798
454800 299.956402981057 220.420221206364 25061.0137734484 10057.877818327 35118.8915917754 154931.777800978 53.7089713566165 53.7089713566165 53.7089713566165
454900 298.383645809711 -1331.72218682558 24960.5171217058 10005.1414896136 34965.6586113194 155025.788448092 53.7198324687399 53.7198324687399 53.7198324687399
455000 297.547870765322 -243.077319149992 24906.4740576212 9977.11700606692 34883.5910636881 154920.099112217 53.7076218032187 53.7076218032187 53.7076218032187
455100 300.540732637977 -262.696799046253 24877.676315869 10077.4710533322 34955.1473692012 154832.103960145 53.6974511723488 53.6974511723488 53.6974511723488
455200 302.067692491512 -423.714607007937 25041.0591348517 10128.6717461253 35169.7308809769 154823.632367589 53.6964718077922 53.6964718077922 53.6964718077922
455300 300.401433242355 -345.12372262412 25063.7588258015 10072.8001868749 35136.5590126764 154973.720997647 53.7138176244916 53.7138176244916 53.7138176244916
455400 299.976204691147 -9.1183340918939 24994.2262680892 10058.5417920869 35052.768060176 155417.001810286 53.7649825113653 53.7649825113653 53.7649825113653
455500 297.486826576881 176.196379312252 24986.7535257308 9975.07012531105 34961.8236510419 155883.133686098 53.8186801084864 53.8186801084864 53.8186801084864
455600 300.296546844377 74.9575455096504 24917.7147573044 10069.2832271929 34986.9979844972 156013.316657612 53.8336578379564 53.8336578379564 53.8336578379564
455700 300.876027826594 -621.901730889766 25107.4652308619 10088.7138806454 35196.1791115073 155671.436504282 53.7943062413982 53.7943062413982 53.7943062413982
455800 305.223592570268 -349.236464141599 24984.0982740437 10234.4926490416 35218.5909230852 155143.188115497 53.7333895661257 53.7333895661257 53.7333895661257
455900 298.857113069484 -83.9544991037237 25042.0969281124 10021.0173829183 35063.1143110307 154657.993386567 53.6773158118738 53.6773158118738 53.6773158118738
456000 298.718350891211 -583.191352424578 24986.8106621749 10016.364529967 35003.1751921419 154407.309860644 53.64829846142 53.64829846142 53.64829846142
456100 300.228819626482 1502.43117598557 24943.4995945282 10067.0122568925 35010.5118514207 154504.345734993 53.6595343703485 53.6595343703485 53.6595343703485
456200 297.682226087221 -1030.16035938391 25058.6113757418 9981.62209213434 35040.2334678762 154737.77272447 53.6865439254547 53.6865439254547 53.6865439254547
456300 298.322307085115 -370.170057614546 25195.035867481 10003.084732727 35198.120600208 154487.63779936 53.6576000722958 53.6576000722958 53.6576000722958
456400 305.274860401855 388.885814753124 25094.1642988363 10236.2117174828 35330.3760163191 154312.98634895 53.6373721076874 53.6373721076874 53.6373721076874
456500 301.465929709838 97.1253453857286 25081.3008726952 10108.4939587084 35189.7948314036 154224.980658794 53.6271735890713 53.6271735890713 53.6271735890713
456600 301.66886759434 -55.549537170847 24952.0211878729 10115.2986957526 35067.3198836255 154086.252269394 53.6110892011946 53.6110892011946 53.6110892011946
456700 298.443086122826 1520.92344011221 24975.6845652834 10007.1345906138 34982.8191558972 153905.523044512 53.5901206828788 53.5901206828788 53.5901206828788
456800 298.731980905475 622.739906516746 24953.1161647141 10016.8215597778 34969.9377244919 154327.384078313 53.6390402160542 53.6390402160542 53.6390402160542
456900 299.913676507105 -247.139252267902 24955.8588943741 10056.4451512782 35012.3040456524 154792.641739359 53.6928888094823 53.6928888094823 53.6928888094823
457000 303.52290859162 -33.3189820768076 25017.3537100141 10177.4667896339 35194.820499648 154991.434761997 53.7158640739416 53.7158640739416 53.7158640739416
457100 305.052415110512 270.078383532193 24996.555052774 10228.7528749999 35225.3079277738 155003.126516976 53.717214722621 53.717214722621 53.717214722621
457200 302.482206406026 -343.682678278709 24931.5688415125 10142.5708670133 35074.1397085258 155144.281827341 53.7335158337953 53.7335158337953 53.7335158337953
457300 299.638730532149 -169.263940334035 24935.2525645159 10047.2259014297 34982.4784659457 154948.415583176 53.7108938504929 53.7108938504929 53.7108938504929
457400 297.14968829404 78.1515467836696 25050.849019188 9963.76549696175 35014.6145161497 154654.986734466 53.6769679689622 53.6769679689622 53.6769679689622
457500 302.074172521503 -112.165714536608 24955.9913863843 10128.8890288679 35084.8804152522 154646.079128549 53.6759374117037 53.6759374117037 53.6759374117037
457600 300.564259640401 229.783763031566 25052.5000979217 10078.259940362 35130.7600382837 154619.36810395 53.6728468670496 53.6728468670496 53.6728468670496
457700 301.024579451917 428.784722996978 24973.5343506231 10093.6949848404 35067.2293354635 154716.246338124 53.6840542707295 53.6840542707295 53.6840542707295
457800 299.160170233664 -457.367204192941 24854.6683136379 10031.1792327704 34885.8475464084 154935.776720273 53.7094334438592 53.7094334438592 53.7094334438592
457900 298.352436168319 -276.912611383875 24906.7323083767 10004.0949950005 34910.8273033772 154887.542539746 53.7038593076028 53.7038593076028 53.7038593076028
458000 300.955918630714 -29.9906512845692 24978.2987005179 10091.3927097641 35069.691410282 154845.376532559 53.6989854858127 53.6989854858127 53.6989854858127
458100 300.760574074389 997.847429951117 25025.8544287492 10084.8425856111 35110.6970143604 154651.529535059 53.6765679961613 53.6765679961613 53.6765679961613
458200 305.529060544134 -314.376607046645 24857.9438752251 10244.7353360721 35102.6792112972 154700.610282663 53.6822457230409 53.6822457230409 53.6822457230409
458300 303.957478975913 781.030677823575 24833.7695443914 10192.0384266626 35025.807971054 154568.890982867 53.6670055426454 53.6670055426454 53.6670055426454
458400 295.518825303192 -565.149405604763 24896.3089990538 9909.08081433001 34805.3898133838 154583.687557896 53.668717966863 53.668717966863 53.668717966863
458500 297.127904203209 -690.096785644359 24822.4190454691 9963.0350517311 34785.4540972002 154576.100277435 53.6678398960397 53.6678398960397 53.6678398960397
458600 299.123130534893 -47.9264093480813 24891.052701779 10029.9372497324 34920.9899515114 154418.730387107 53.6496211032642 53.6496211032642 53.6496211032642
458700 298.739621323677 879.577814672524 25007.7121488647 10017.0777516511 35024.7899005158 154430.695358074 53.6510067287398 53.6510067287398 53.6510067287398
458800 304.707902563447 -853.842773861404 24864.1334447126 10217.2009792216 35081.3344239342 154879.314039535 53.7029082734179 53.7029082734179 53.7029082734179
458900 299.164624404513 -76.8897054163192 25109.5409342509 10031.3285861622 35140.8695204131 154772.796277199 53.6905941144164 53.6905941144164 53.6905941144164
459000 302.352112603858 1142.03972779417 25087.4028298805 10138.2086745276 35225.6115044081 154706.574876545 53.6829356334402 53.6829356334402 53.6829356334402
459100 302.341140688857 -456.706819222081 25094.7429270011 10137.8407737947 35232.5837007957 154857.772923414 53.7004184332352 53.7004184332352 53.7004184332352
459200 300.584857266142 -38.8810385072548 24954.1324592399 10078.9506020748 35033.0830613147 154806.083472135 53.6944429414389 53.6944429414389 53.6944429414389
459300 299.348208648182 -9.31031481001782 24924.5418250573 10037.4843737162 34962.0261987735 154754.169402214 53.6884401439269 53.6884401439269 53.6884401439269
459400 303.686992794127 -490.417222070564 24817.4869641106 10182.9687187287 35000.4556828393 154873.237942237 53.7022059881901 53.7022059881901 53.7022059881901
459500 297.709375736241 352.008704928582 25156.7434415738 9982.53245060622 35139.27589218 154988.340331357 53.715506589409 53.715506589409 53.715506589409
459600 305.637696593236 -231.052707916715 25010.4302698856 10248.378025802 35258.8082956875 155217.439085981 53.7419604011201 53.7419604011201 53.7419604011201
459700 298.506531952098 -346.729129223348 25212.7814684692 10009.262001106 35222.0434695752 155349.700895159 53.7572206944249 53.7572206944249 53.7572206944249
459800 300.697344454928 69.7233070106087 25065.3710097873 10082.7224248787 35148.0934346661 155176.315600345 53.7372138297797 53.7372138297797 53.7372138297797
459900 301.765797157719 191.91239723751 24942.0808970707 10118.5488537615 35060.6297508322 155186.52539508 53.738392347022 53.738392347022 53.738392347022
460000 301.5690080652 123.976578616545 24872.6561899665 10111.9502926744 34984.6064826409 155090.968709618 53.7273602100921 53.7273602100921 53.7273602100921
460100 298.745908857396 574.838255946977 24918.9339333651 10017.2885797757 34936.2225131409 155013.801397367 53.7184478411432 53.7184478411432 53.7184478411432
460200 300.791598231465 442.053508434681 24971.9201417736 10085.882860725 35057.8030024987 155027.763248984 53.7200605716976 53.7200605716976 53.7200605716976
460300 304.098378462726 483.467188897252 25011.1908811696 10196.7629459892 35207.9538271588 154879.828425021 53.7029677260874 53.7029677260874 53.7029677260874
460400 300.266621901393 -1131.42438965768 25106.0784067596 10068.279809972 35174.3582167316 155146.383881974 53.7337585117173 53.7337585117173 53.7337585117173
460500 296.242721939686 482.131689111889 25104.457874688 9933.35388818539 35037.8117628734 155264.963461567 53.7474447343756 53.7474447343756 53.7474447343756
460600 299.758446194315 53.3623911175098 24933.7123852984 10051.2401031305 34984.9524884289 155110.070105472 53.7295658520549 53.7295658520549 53.7295658520549
460700 298.58512535227 129.545779122284 24994.7413122126 10011.8973268013 35006.6386390139 154833.85447515 53.6976535374427 53.6976535374427 53.6976535374427
460800 301.245577746338 222.537188010688 24937.3084114797 10101.1053078782 35038.4137193579 154895.057849594 53.7047278831912 53.7047278831912 53.7047278831912
460900 301.613412308274 899.716438711462 24934.5036967611 10113.4392172215 35047.9429139826 155100.35377365 53.7284439279244 53.7284439279244 53.7284439279244
461000 298.130741953037 220.472980003365 25028.0689747112 9996.66133694832 35024.7303116595 155735.383907969 53.8016711876559 53.8016711876559 53.8016711876559
461100 295.287649954058 -647.634090669805 25046.9926813642 9901.32924312469 34948.3219244889 156366.618403615 53.874263744317 53.874263744317 53.874263744317
461200 297.107569882466 -440.425014479414 24974.9437535532 9962.353218933 34937.2969724862 156296.316258205 53.8661886105528 53.8661886105528 53.8661886105528
461300 300.984496071221 47.3187996975621 25000.2861462213 10092.3509437011 35092.6370899225 156059.541586865 53.8389740749543 53.8389740749543 53.8389740749543
461400 302.540259237752 -36.7847852435491 25030.0027592642 10144.5174441916 35174.5202034557 155847.130372495 53.8145364059435 53.8145364059435 53.8145364059435
461500 299.873030368762 -114.635064806431 25038.1072171072 10055.0822402379 35093.1894573451 155446.454296586 53.7683785627935 53.7683785627935 53.7683785627935
461600 298.178876739056 1096.77419622062 24965.2260216308 9998.27535082427 34963.5013724551 155111.276883533 53.7297051928751 53.7297051928751 53.7297051928751
461700 296.160550954789 -185.614108808653 24986.1556605888 9930.5986020235 34916.7542626123 155086.414036081 53.7268342542969 53.7268342542969 53.7268342542969
461800 304.129686504525 -41.2791730678169 24999.2646265388 10197.8127400794 35197.0773666182 154806.480066946 53.6944887943296 53.6944887943296 53.6944887943296
461900 301.109602131532 597.355860721133 25115.8248434675 10096.545891555 35212.3707350225 154773.06261637 53.6906249120339 53.6906249120339 53.6906249120339
462000 302.031251104017 -91.8462873441345 24937.9790375523 10127.4498251417 35065.4288626941 154666.303047467 53.6782771423003 53.6782771423003 53.6782771423003
462100 299.268867559631 -777.819875658982 24922.4035155882 10034.8239771829 34957.2274927711 154729.872958734 53.6856302973421 53.6856302973421 53.6856302973421
462200 300.335074843358 237.978835062249 24856.6444184879 10070.5751146221 34927.21953311 154697.319089001 53.6818650308995 53.6818650308995 53.6818650308995
462300 298.824204605604 565.741859379607 24990.7193627261 10019.9139248637 35010.6332875898 154653.04350963 53.6767431527301 53.6767431527301 53.6767431527301
462400 301.879351412768 -480.356757429635 25077.7038999044 10122.3564565053 35200.0603564097 154981.030714112 53.7146621259583 53.7146621259583 53.7146621259583
462500 302.095518333068 -407.345517024208 25060.045805644 10129.6047780985 35189.6505837425 155166.018699426 53.736025205507 53.736025205507 53.736025205507
462600 298.607773226103 -341.614038898612 25036.8157815503 10012.6567356541 35049.4725172043 155154.854526426 53.7347364081373 53.7347364081373 53.7347364081373
462700 297.9186766472 499.882749206942 24995.3497873565 9989.55054713216 34984.9003344887 154951.176102321 53.7112128148606 53.7112128148606 53.7112128148606
462800 299.504999799723 -834.466806927675 24961.1068253153 10042.7417585545 35003.8485838698 155001.720840279 53.7170523403799 53.7170523403799 53.7170523403799
462900 300.128929882015 115.885526831063 25002.018654518 10063.6628406601 35065.6814951781 154885.603163996 53.7036351613279 53.7036351613279 53.7036351613279
463000 301.669651567418 580.880663047604 25102.5792038237 10115.3249832576 35217.9041870813 154663.510728065 53.677954107496 53.677954107496 53.677954107496
463100 305.229572846862 676.173916905561 25121.9421878461 10234.693174487 35356.6353623331 154673.301781102 53.6790867870857 53.6790867870857 53.6790867870857
463200 300.089773863669 -331.665065665539 25111.8373485356 10062.3498950305 35174.1872435661 154881.360862074 53.7031448443668 53.7031448443668 53.7031448443668
463300 299.222786916143 -78.1380766934117 25014.5330932688 10033.2788410319 35047.8119343007 154737.394735726 53.686500210798 53.686500210798 53.686500210798
463400 294.745734014132 -625.384635279683 25134.8117240681 9883.15818807331 35017.9699121414 154644.207156124 53.6757208305468 53.6757208305468 53.6757208305468
463500 298.202523520882 -17.7157695983518 24979.1009162641 9999.06825419302 34978.1691704572 154957.005342603 53.7118863423701 53.7118863423701 53.7118863423701
463600 298.475529520452 180.256357689697 25006.3067071343 10008.2224544703 35014.5291616046 155485.87996542 53.7729239116582 53.7729239116582 53.7729239116582
463700 299.837436313471 -102.859736707094 25097.8567801394 10053.8887312625 35151.745511402 155552.935537381 53.7806529220485 53.7806529220485 53.7806529220485
463800 304.714280804541 154.260033301732 24981.4369268048 10217.4148488673 35198.851775672 155552.174449086 53.7805652093736 53.7805652093736 53.7805652093736
463900 298.274686710808 -625.006918556801 25033.7907231871 10001.4879676582 35035.2786908453 155604.027295098 53.7865404083016 53.7865404083016 53.7865404083016
464000 299.493789211494 16.4292692627431 24869.0661265019 10042.365854838 34911.4319813399 155394.070253366 53.7623380658079 53.7623380658079 53.7623380658079
464100 297.57679515608 -31.6936666072898 25008.3979097878 9978.08687363875 34986.4847834266 155032.309770397 53.7205857185337 53.7205857185337 53.7205857185337
464200 298.424177963753 1056.65573065834 25057.3132569171 10006.5005786313 35063.8138355484 154740.012740856 53.6868029834203 53.6868029834203 53.6868029834203
464300 301.971441676909 -368.606271191907 24970.9928914123 10125.4443473314 35096.4372387437 154894.266134224 53.70463638268 53.70463638268 53.70463638268
464400 301.005679141447 -635.863158623717 25140.8094440644 10093.0612360304 35233.8706800948 154803.591805583 53.6941548619649 53.6941548619649 53.6941548619649
464500 301.372153680239 300.834396761796 25205.935181346 10105.3495422578 35311.2847236038 154599.078168776 53.6704990235768 53.6704990235768 53.6704990235768
464600 303.135389527238 310.694708067693 24977.8300929216 10164.4728366357 35142.3029295573 154760.557323282 53.6891788484165 53.6891788484165 53.6891788484165
464700 296.154873119953 466.047674256767 25098.1592395672 9930.40821779268 35028.5674573599 154821.099009965 53.6961789302211 53.6961789302211 53.6961789302211
464800 298.80248548209 664.730273488593 24996.394187182 10019.1856580607 35015.5798452428 154962.773351358 53.7125527783837 53.7125527783837 53.7125527783837
464900 298.037290435667 -45.3635375192382 25106.0832922752 9993.5278017602 35099.6110940354 154817.571883952 53.6957711592972 53.6957711592972 53.6957711592972
465000 303.680543368435 547.871238961711 25027.8636066571 10182.7524621829 35210.61606884 154537.40179322 53.6633608996287 53.6633608996287 53.6633608996287
465100 304.077740280242 -575.404213829793 25044.0150317465 10196.0709243629 35240.0859561094 154820.572143101 53.6961180195535 53.6961180195535 53.6961180195535
465200 299.032066871918 -923.001037351107 25024.3876656432 10026.8837820057 35051.271447649 154877.402218691 53.7026873040296 53.7026873040296 53.7026873040296
465300 299.103473438773 609.588719237321 24910.3631920408 10029.2781250427 34939.6413170835 154654.247157191 53.6768824057572 53.6768824057572 53.6768824057572
465400 299.691761117248 -433.210182705598 24911.366335778 10049.0040769921 34960.3704127701 154767.707932045 53.6900057266314 53.6900057266314 53.6900057266314
465500 301.908771356097 379.708052605254 24975.3608526588 10123.342940516 35098.7037931748 154736.798391715 53.6864312430607 53.6864312430607 53.6864312430607
465600 302.33645610943 -45.5753284390025 25068.402405221 10137.6836945424 35206.0860997634 154797.865641114 53.69349280723 53.69349280723 53.69349280723
465700 302.8338275333 754.436972812718 25033.793320433 10154.3611215347 35188.1544419678 154737.482850484 53.6865104013364 53.6865104013364 53.6865104013364
465800 299.93640103874 270.419127945726 25053.8060973075 10057.2071305539 35111.0132278614 155016.124973516 53.7187162436541 53.7187162436541 53.7187162436541
465900 300.643627815291 539.641990138407 24996.1963084808 10080.9212451309 35077.1175536116 155278.708635594 53.7490307246845 53.7490307246845 53.7490307246845
466000 303.788961530918 155.928628844518 24828.1664572422 10186.3878459277 35014.5543031698 155686.062579965 53.7959909327202 53.7959909327202 53.7959909327202
466100 298.105417315757 224.266700176736 24956.6262808264 9995.81217318644 34952.4384540129 155872.099513666 53.8174102285136 53.8174102285136 53.8174102285136
466200 299.133316788764 -546.470099797956 24882.9725195039 10030.2788063581 34913.251325862 155995.399540524 53.8315969436309 53.8315969436309 53.8315969436309
466300 298.778253038673 -302.063410592074 25053.4045422351 10018.3731167957 35071.7776590308 155729.027648737 53.8009392152265 53.8009392152265 53.8009392152265
466400 300.940322963544 1035.72339792913 25095.8381316843 10090.8697693856 35186.7079010699 155350.945479629 53.7573642527388 53.7573642527388 53.7573642527388
466500 302.688257114205 -230.036026856759 24996.4860849587 10149.47998056 35145.9660655187 155303.594268084 53.7519019214465 53.7519019214465 53.7519019214465
466600 298.397104163371 793.271165760774 24980.4896593517 10005.5927634501 34986.0824228018 155184.205818598 53.7381246027021 53.7381246027021 53.7381246027021
466700 302.171258528507 -67.8970873254284 24831.3032821447 10132.1444326086 34963.4477147533 155449.405929554 53.7687188804398 53.7687188804398 53.7687188804398
466800 300.382523485141 628.871072406434 24946.0704330676 10072.1661213049 35018.2365543725 155636.897354953 53.7903274618 53.7903274618 53.7903274618
466900 298.147558049615 389.745007275626 25063.9856936749 9997.22519970666 35061.2108933815 155787.074999012 53.8076230772796 53.8076230772796 53.8076230772796
467000 300.698853008081 28.2210117475935 25016.1706896726 10082.773008374 35098.9436980466 155949.893171448 53.8263619201024 53.8263619201024 53.8263619201024
467100 300.397166737587 -383.154992376859 25004.709455884 10072.6571261393 35077.3665820233 155939.857321374 53.8252072652847 53.8252072652847 53.8252072652847
467200 297.502863181326 -327.410343808071 25038.6147353565 9975.60785081559 35014.2225861721 155890.235600393 53.8194974084731 53.8194974084731 53.8194974084731
467300 296.670129866269 -62.3454950829018 24809.363338633 9947.68535989739 34757.0486985304 155571.042088392 53.7827395522395 53.7827395522395 53.7827395522395
467400 296.660724180662 -68.3818092728067 24823.05232424 9947.36997660937 34770.4223008493 155400.411567886 53.7630693662517 53.7630693662517 53.7630693662517
467500 297.553863341876 -135.875669709536 24986.3014985571 9977.31794394389 34963.619442501 155203.881430087 53.7403956366077 53.7403956366077 53.7403956366077
467600 301.180750045449 -821.10307288993 24974.4445581097 10098.9315616661 35073.3761197758 155000.388455142 53.7168984237936 53.7168984237936 53.7168984237936
467700 300.708643574925 -227.579653141037 25019.7604534242 10083.1012971656 35102.8617505898 154831.976569127 53.6974364454831 53.6974364454831 53.6974364454831
467800 296.462177059057 -419.092846136474 25096.4842664258 9940.7124668165 35037.1967332423 154749.810530365 53.6879360687034 53.6879360687034 53.6879360687034
467900 297.239267133682 -396.881659114443 24923.0682952503 9966.76917688079 34889.8374721311 154685.232774909 53.6804669614664 53.6804669614664 53.6804669614664
468000 297.82887352079 -23.4367635245488 24838.1603332736 9986.53934662381 34824.6996798974 154776.079253231 53.6909737325654 53.6909737325654 53.6909737325654
468100 300.126466242253 -123.937433898265 24958.9833789079 10063.5802320295 35022.5636109374 154835.941089602 53.6978947547074 53.6978947547074 53.6978947547074
468200 302.434002302696 -174.190856699359 24987.7306714081 10140.9545288495 35128.6852002576 154894.562470945 53.7046706310872 53.7046706310872 53.7046706310872
468300 298.574322031581 644.787420798468 25086.5836804385 10011.5350792265 35098.118759665 154707.154482502 53.6830026741384 53.6830026741384 53.6830026741384
468400 299.3355769517 -1024.18572014 24968.7946137239 10037.0608186309 35005.8554323548 154838.063765478 53.6981401385292 53.6981401385292 53.6981401385292
468500 298.846718176762 -118.062211415669 24956.2502980466 10020.6688303957 34976.9191284422 154891.447663379 53.7043106424751 53.7043106424751 53.7043106424751
468600 300.914067269077 -445.26254235201 24955.9528924371 10089.9893862221 35045.9422786591 154893.89753508 53.7045937826553 53.7045937826553 53.7045937826553
468700 302.114140342891 -221.065906345216 25062.9901492848 10130.2291951727 35193.2193444576 154906.781285508 53.7060827533011 53.7060827533011 53.7060827533011
468800 302.046414578402 413.062216198425 25082.2751335227 10127.9582736067 35210.2334071294 155143.912416866 53.7334731858826 53.7334731858826 53.7334731858826
468900 300.621602831086 243.970762346024 24939.5153134364 10080.1827224726 35019.6980359091 155355.084548805 53.757841673872 53.757841673872 53.757841673872
469000 297.990395884626 713.147359003763 24942.6343877701 9991.95537436734 34934.5897621375 155381.962000288 53.7609416485084 53.7609416485084 53.7609416485084
469100 296.649081723399 262.338207094156 25050.3312723133 9946.97959183514 34997.3108641484 155402.004945429 53.7632531164613 53.7632531164613 53.7632531164613
469200 303.00160315125 -11.0620501571667 24935.8174675054 10159.9868279689 35095.8042954743 155375.391015963 53.7601838014581 53.7601838014581 53.7601838014581
469300 298.526438323778 -29.6567974039608 25113.35152415 10009.9294842875 35123.2810084375 155199.121906849 53.7398462919347 53.7398462919347 53.7398462919347
469400 301.795084385652 -49.502715647235 24979.0901837837 10119.5308876746 35098.6210714583 155038.751314989 53.7213297328112 53.7213297328112 53.7213297328112
469500 298.355862012125 240.500805421565 24950.0646428365 10004.2098674223 34954.2745102588 155176.719769628 53.7372604840479 53.7372604840479 53.7372604840479
469600 298.969837444651 348.293031530105 24867.6542671388 10024.7971588501 34892.4514259889 155358.176429689 53.7581983014882 53.7581983014882 53.7581983014882
469700 303.442016019456 -332.864564131157 24856.0295602605 10174.7543700984 35030.7839303589 155652.936921608 53.7921752325207 53.7921752325207 53.7921752325207
469800 301.412705535414 238.881539829397 25033.3354712116 10106.7092918767 35140.0447630883 155779.714297417 53.8067756212354 53.8067756212354 53.8067756212354
469900 302.078298470477 -203.770866450719 25007.7953432718 10129.0273766086 35136.8227198804 155797.371635533 53.8088085100916 53.8088085100916 53.8088085100916
470000 299.345812217375 207.73065770188 25039.557132138 10037.4040186779 35076.9611508159 155534.448320842 53.7785222562318 53.7785222562318 53.7785222562318
470100 295.700908769316 -292.504480236101 24995.2519012612 9915.18627911358 34910.4381803748 155499.314803679 53.7744726261981 53.7744726261981 53.7744726261981
470200 297.364373528104 -385.035398221048 24833.8990118798 9970.9641359378 34804.8631478176 155331.400410109 53.7551097111809 53.7551097111809 53.7551097111809
470300 296.948191029985 -299.408949978358 24962.2842793391 9957.00906555221 34919.2933448913 155243.535904545 53.744972123696 53.744972123696 53.744972123696
470400 298.631835886624 -145.047455499659 24974.4962097615 10013.4635839063 34987.9597936678 155120.421311995 53.7307610322706 53.7307610322706 53.7307610322706
470500 299.993286034563 -127.417921900973 24994.6841416652 10059.114548872 35053.7986905372 155292.12603174 53.7505788039913 53.7505788039913 53.7505788039913
470600 299.553541857631 258.588573300858 25066.7000752827 10044.3694287181 35111.0695040008 155160.748632848 53.735416834252 53.735416834252 53.735416834252
470700 302.765029026985 735.448110241223 25039.6333299334 10152.0542297207 35191.6875596541 154938.185937361 53.7097118323564 53.7097118323564 53.7097118323564
470800 304.041196447707 436.659983563442 25044.6269799503 10194.8455682812 35239.4725482315 154805.079973059 53.6943269200718 53.6943269200718 53.6943269200718
470900 300.42786198044 794.191545496893 25021.2983228089 10073.6863723869 35094.9846951958 154715.847924063 53.6840081895951 53.6840081895951 53.6840081895951
471000 296.18591976125 -86.596925306854 25022.0727832837 9931.449246828 34953.5220301117 154604.253298586 53.6710978816113 53.6710978816113 53.6710978816113
471100 301.369652545286 -316.42575942022 24876.6178474584 10105.2656763709 34981.8835238293 154443.968604812 53.652543777764 53.652543777764 53.652543777764
471200 296.423186043434 356.484563521036 25132.0638454972 9939.40505391497 35071.4688994122 154342.310371289 53.6407694538116 53.6407694538116 53.6407694538116
471300 303.896729433642 -347.505567552661 25027.3707297955 10190.0014257265 35217.372155522 154711.275663806 53.6834793498363 53.6834793498363 53.6834793498363
471400 301.486706211445 -274.99841077955 25166.3614354805 10109.1906183315 35275.552053812 155114.524990151 53.7300802324303 53.7300802324303 53.7300802324303
471500 299.903030999081 9.73120621875381 25040.5645172416 10056.0881953408 35096.6527125824 155314.957495799 53.7532128595658 53.7532128595658 53.7532128595658
471600 301.003199438673 -8.64663547345964 24871.8941188888 10092.9780887887 34964.8722076775 155272.853966544 53.7483551936894 53.7483551936894 53.7483551936894
471700 300.087419819168 -118.522922284431 24897.625348644 10062.270961253 34959.896309897 155007.176902173 53.717682613218 53.717682613218 53.717682613218
471800 298.502378029455 282.72588000852 25038.9032464805 10009.1227153765 35048.0259618569 154924.772650668 53.7081618711055 53.7081618711055 53.7081618711055
471900 303.251927251634 936.854783166912 25048.0453882902 10168.3804784849 35216.4258667751 155050.571865301 53.7226949819029 53.7226949819029 53.7226949819029
472000 300.179281679948 -80.0563520915063 25175.8346706061 10065.3511934558 35241.1858640618 155283.474847954 53.749580653424 53.749580653424 53.749580653424
472100 303.47296814491 286.569361433765 24942.0274539552 10175.7922299105 35117.8196838657 155231.752070626 53.7436122434564 53.7436122434564 53.7436122434564
472200 302.935037893793 231.1117939231 24895.7223157378 10157.7548195177 35053.4771352555 155245.333850551 53.7451796045515 53.7451796045515 53.7451796045515
472300 299.028583373938 -833.281462120224 25001.717027019 10026.7669763743 35028.4840033933 155179.435928884 53.7375740149824 53.7375740149824 53.7375740149824
472400 299.497855537439 -29.9411855212346 25000.3566826629 10042.502203351 35042.858886014 154937.46379187 53.7096283877099 53.7096283877099 53.7096283877099
472500 302.497361271089 346.036723589498 24991.0694989512 10143.079026798 35134.1485257493 154662.041718666 53.6777841607768 53.6777841607768 53.6777841607768
472600 302.117467893692 876.675616621825 25124.7862059461 10130.3407717187 35255.1269776648 154612.807286291 53.6720877065671 53.6720877065671 53.6720877065671
472700 303.176748120318 -1016.04848050843 25073.3162979279 10165.8596370901 35239.175935018 154978.964861177 53.714423457856 53.714423457856 53.714423457856
472800 297.491874560347 -567.189918510947 25029.1240461747 9975.23938991224 35004.3634360869 154984.459785688 53.7150582821026 53.7150582821026 53.7150582821026
472900 298.363471144403 -279.581421392751 24966.7338636412 10004.465010243 34971.1988738842 154936.790365731 53.7095505724004 53.7095505724004 53.7095505724004
473000 300.586896110043 -999.251071621397 24931.366899225 10079.0189668193 35010.3858660443 154854.374926926 53.7000256531065 53.7000256531065 53.7000256531065
473100 299.447763947651 280.330727034517 25065.2770985989 10040.8225756291 35106.099674228 154675.895250374 53.6793868049997 53.6793868049997 53.6793868049997
473200 305.324806474897 815.109724443581 24995.7608606102 10237.8864658635 35233.6473264736 154408.760585893 53.6484664774236 53.6484664774236 53.6484664774236
473300 300.311435182022 -631.172873312593 25190.0597014247 10069.7824500114 35259.8421514362 154437.952869485 53.6518471633292 53.6518471633292 53.6518471633292
473400 305.486676165952 465.301587949354 24758.0705725176 10243.3141398819 35001.3847123996 154632.522011899 53.6743688576342 53.6743688576342 53.6743688576342
473500 298.947347976393 937.825171379058 24943.3432943677 10024.0430615156 34967.3863558833 154856.666902522 53.7002905870509 53.7002905870509 53.7002905870509
473600 299.927049881324 -170.152860132546 24986.2812190218 10056.8935756579 35043.1747946797 155174.516233718 53.7370061234199 53.7370061234199 53.7370061234199
473700 305.136550226463 517.028380220937 24898.8310834464 10231.5740206999 35130.4051041463 155225.982721338 53.7429464228189 53.7429464228189 53.7429464228189
473800 299.939042569063 -1033.33335079219 25162.962711345 10057.2957040565 35220.2584154015 155396.653435494 53.7626359689413 53.7626359689413 53.7626359689413
473900 297.753988530191 -231.302821692083 25186.06563694 9984.02836810033 35170.0940050404 154981.293641991 53.7146925018784 53.7146925018784 53.7146925018784
474000 299.830548050758 49.2350160605098 24915.562904604 10053.6577600145 34969.2206646186 154413.600022661 53.6490269500459 53.6490269500459 53.6490269500459
474100 299.949837447877 176.464180013695 24887.7862720076 10057.6576685656 34945.4439405733 154152.374413271 53.6187567102631 53.6187567102631 53.6187567102631
474200 301.198922213043 -10.7960143075842 24947.0173560394 10099.5408950209 35046.5582510604 154526.205152529 53.662064851175 53.662064851175 53.662064851175
474300 303.61555938789 587.230117732239 25009.8970322348 10180.5734757369 35190.4705079717 154811.395605644 53.6950571050442 53.6950571050442 53.6950571050442
474400 298.935035045617 -679.065818815287 25196.4403297506 10023.6301950054 35220.0705247559 155037.634551518 53.7212007453545 53.7212007453545 53.7212007453545
474500 297.549815970073 239.059714210099 24967.7418697881 9977.18223098467 34944.9241007727 155150.751907237 53.7342627843192 53.7342627843192 53.7342627843192
474600 301.21958585995 365.82241445261 24796.9586933423 10100.2337704982 34897.1924638405 155347.064319715 53.7569165724579 53.7569165724579 53.7569165724579
474700 297.167098635761 -573.212811988826 25036.1883111162 9964.34928543257 35000.5375965488 155156.60256058 53.7349382061024 53.7349382061024 53.7349382061024
474800 300.620700917076 -280.909268811739 25033.7936655645 10080.1524802747 35113.9461458392 155201.559253757 53.7401276121744 53.7401276121744 53.7401276121744
474900 300.539721891882 197.867194022515 25083.6833311361 10077.4371618712 35161.1204930074 155432.281563966 53.766744413772 53.766744413772 53.766744413772
475000 301.036839134186 191.958358645665 25002.5902609864 10094.1060658679 35096.6963268543 155593.960011297 53.7853804210904 53.7853804210904 53.7853804210904
475100 299.786317362465 -315.445856966389 24839.1473964563 10052.1746549558 34891.322051412 155730.119419505 53.8010649424943 53.8010649424943 53.8010649424943
475200 297.425858723618 -353.658567279193 24903.5337603202 9973.02580416016 34876.5595644804 155654.617788115 53.7923688623188 53.7923688623188 53.7923688623188
475300 299.726818424009 7.58249472934877 24966.5565217754 10050.1795881815 35016.7361099569 155532.485153415 53.7782959897711 53.7782959897711 53.7782959897711
475400 299.707587284652 -356.871101349888 25020.1267336717 10049.5347463044 35069.6614799761 155345.531627493 53.7567397789037 53.7567397789037 53.7567397789037
475500 300.071726585364 126.610612454028 25040.2552766187 10061.7447493549 35102.0000259736 155082.736186721 53.7264095431959 53.7264095431959 53.7264095431959
475600 302.782130478217 51.9206348827493 24934.4715031596 10152.6276607437 35087.0991639033 155257.040168303 53.7465304606905 53.7465304606905 53.7465304606905
475700 300.718279287315 266.7793080186 24885.2284500547 10083.4243935121 34968.6528435668 155359.414901143 53.758341149494 53.758341149494 53.758341149494
475800 297.163903838078 -809.484303906749 24898.6669119573 9964.24216024893 34862.9090722063 155600.018924713 53.7860785560161 53.7860785560161 53.7860785560161
475900 299.887438937567 -509.963966359647 24867.7003526784 10055.5653758641 34923.2657285425 155498.932361862 53.7744285410652 53.7744285410652 53.7744285410652
476000 301.461677530965 382.149342521457 24996.6926530686 10108.3513783362 35105.0440314048 155252.091910439 53.7459594623915 53.7459594623915 53.7459594623915
476100 300.295244374221 300.408137044079 25059.4153559469 10069.2395538938 35128.6549098407 155100.998277091 53.7285183488142 53.7285183488142 53.7285183488142
476200 298.741970653484 235.982339668572 25074.6882027369 10017.1565273395 35091.8447300764 155118.719774363 53.7305645714706 53.7305645714706 53.7305645714706
476300 301.608624101364 781.127904085738 24886.4669528746 10113.2786632223 34999.7456160969 155291.058790979 53.7504556705965 53.7504556705965 53.7504556705965
476400 296.331014093661 -495.175368335865 24869.4246967742 9936.31442407718 34805.7391208513 155482.21039533 53.7725008827512 53.7725008827512 53.7725008827512
476500 296.176338023973 -481.875460250841 24938.6184280942 9931.12796032818 34869.7463884224 155530.630633729 53.7780822438456 53.7780822438456 53.7780822438456
476600 298.486399412282 16.9804926248096 24980.0994549291 10008.5869342509 34988.68638918 155294.966771164 53.7509065528629 53.7509065528629 53.7509065528629
476700 304.576116628 728.127890555019 24883.1728062016 10212.7820475911 35095.9548537927 155017.374464003 53.7188605745413 53.7188605745413 53.7188605745413
476800 300.741891263736 694.164940055658 25042.7966946251 10084.2161298163 35127.0128244414 154747.958556404 53.6877218970761 53.6877218970761 53.6877218970761
476900 302.078866591297 308.746036360162 24914.4661028703 10129.046426343 35043.5125292132 154653.589169216 53.6768062815556 53.6768062815556 53.6768062815556
477000 297.619950407057 950.643544303738 24860.9191345961 9979.53391806662 34840.4530526627 154734.26307275 53.6861380290954 53.6861380290954 53.6861380290954
477100 298.532487850942 -1749.9707396998 24844.5838578206 10010.1323317829 34854.7161896035 155126.069125297 53.7314131226949 53.7314131226949 53.7314131226949
477200 299.267451730661 131.939683464844 24929.1110085722 10034.7765028345 34963.8875114067 155113.318658449 53.7299409450936 53.7299409450936 53.7299409450936
477300 298.863930987118 383.359620075597 25028.8861074018 10021.2459954161 35050.1321028179 155125.175068451 53.7313098969115 53.7313098969115 53.7313098969115
477400 298.44975453029 -261.534016015327 25102.7622871104 10007.3581898664 35110.1204769767 155118.569995652 53.7305472778405 53.7305472778405 53.7305472778405
477500 303.733278001906 -242.079539287619 24955.9268472442 10184.5207141521 35140.4475613963 155013.513696036 53.7184146078045 53.7184146078045 53.7184146078045
477600 300.048077947817 242.358983137464 24956.6401719783 10060.9517837617 35017.59195574 154540.588621276 53.6637297741462 53.6637297741462 53.6637297741462
477700 295.101513254136 -276.521405663463 24934.483857172 9895.08786882257 34829.5717259946 154236.200200316 53.6284739787329 53.6284739787329 53.6284739787329
477800 300.794198492368 -68.0116483608827 24804.0817601954 10085.9700504173 34890.0518106127 154090.108590011 53.611536439502 53.611536439502 53.611536439502
477900 299.157278018741 298.141313802939 24980.590533583 10031.0822535294 35011.6727871124 153978.222919677 53.5985574210396 53.5985574210396 53.5985574210396
478000 298.491608007994 -314.601122953229 25071.3840362972 10008.7615843625 35080.1456206597 154326.355626927 53.6389210640143 53.6389210640143 53.6389210640143
478100 302.571837691645 880.214438812855 24944.4700789636 10145.5763055054 35090.046384469 154506.774621423 53.6598155538783 53.6598155538783 53.6598155538783
478200 298.852933528598 -440.232376815543 25034.6039352955 10020.8772381801 35055.4811734756 154850.301321417 53.6995547706217 53.6995547706217 53.6995547706217
478300 298.408339658915 -871.730750724284 25034.2316489081 10005.9695023371 35040.2011512452 155113.675065438 53.7299820971837 53.7299820971837 53.7299820971837
478400 299.085223908602 -585.655391674221 25030.9609689552 10028.666197633 35059.6271665881 155356.883289232 53.7580491470298 53.7580491470298 53.7580491470298
478500 303.41593985683 450.50653793348 25146.5688970717 10173.8800068408 35320.4489039125 155458.366367606 53.7697519754521 53.7697519754521 53.7697519754521
478600 303.161306407577 799.360133605565 25167.1145825331 10165.341858978 35332.4564415111 155618.937920746 53.7882583701641 53.7882583701641 53.7882583701641
478700 301.982557532105 -45.4635217910026 25020.8352765553 10125.8170745421 35146.6523510974 155696.118197853 53.7971491187811 53.7971491187811 53.7971491187811
478800 300.090072300245 111.700270631686 24962.6314761385 10062.3599019468 35024.9913780853 155697.629703785 53.7973232067156 53.7973232067156 53.7973232067156
478900 302.164010926139 170.604511955184 24838.2271554754 10131.9014122951 34970.1285677705 155686.993923292 53.7960982050872 53.7960982050872 53.7960982050872
479000 299.055170273452 -96.9611797167176 24978.4409583538 10027.6584652181 35006.0994235719 155719.258052608 53.7998141318104 53.7998141318104 53.7998141318104
479100 302.163381302653 -440.938981291652 25064.7404342394 10131.8803003067 35196.6207345461 155558.279623985 53.781268800655 53.781268800655 53.781268800655
479200 306.188492441912 -699.387689718555 24975.2219665069 10266.846834248 35242.068800755 155576.144538047 53.7833275381034 53.7833275381034 53.7833275381034
479300 299.274535054845 -389.362866956618 25113.6924574781 10035.0140147145 35148.7064721926 155631.069589292 53.7896560671599 53.7896560671599 53.7896560671599
479400 300.340078398656 780.112350598742 25020.4240160692 10070.7428894965 35091.1669055658 155814.994709603 53.8108373009827 53.8108373009827 53.8108373009827
479500 301.126072310961 70.8399706680714 24962.9498412966 10097.0981553196 35060.0479966163 156005.349885303 53.8327414892665 53.8327414892665 53.8327414892665
479600 299.656780971321 -707.779433867739 25009.53933616 10047.8311530928 35057.3704892528 155772.140189703 53.8059035673415 53.8059035673415 53.8059035673415
479700 301.903220720846 464.670934741139 25041.0851393711 10123.1568214313 35164.2419608024 155202.720387744 53.740261630014 53.740261630014 53.740261630014
479800 303.049423783414 301.257653709687 25153.5384265266 10161.5903079104 35315.128734437 154838.866616082 53.6982329484164 53.6982329484164 53.6982329484164
479900 303.517657011228 345.352748271851 25063.3949073712 10177.2906981972 35240.6856055684 154861.916318237 53.7008973674364 53.7008973674364 53.7008973674364
480000 302.337755927002 226.271029422222 24927.9213642332 10137.7272788973 35065.6486431305 155099.803120106 53.7283803437301 53.7283803437301 53.7283803437301
480100 299.448634590079 462.957049795104 25013.1748151767 10040.8517692555 35054.0265844322 155167.597986632 53.7362075141721 53.7362075141721 53.7362075141721
480200 299.192435760137 328.206642642078 25040.7591663357 10032.2611324058 35073.0202987415 155145.647581201 53.7336735075436 53.7336735075436 53.7336735075436
480300 301.387440773409 181.518414027603 24981.0413341619 10105.8621358006 35086.9034699625 155000.753759741 53.7169406237193 53.7169406237193 53.7169406237193
480400 300.055407163427 1052.19176292877 24975.8942966179 10061.1975406596 35037.0918372774 154810.996559124 53.695010969672 53.695010969672 53.695010969672
480500 301.899734049843 -310.664962977755 24810.7584472046 10123.0399094048 34933.7983566093 154950.02027261 53.711079264901 53.711079264901 53.711079264901
480600 297.220423996158 513.990476233813 24903.7332833327 9966.13734514445 34869.8706284771 155191.962124953 53.7390198879989 53.7390198879989 53.7390198879989
480700 298.595496032838 114.251694984468 24993.6884812218 10012.245067463 35005.9335486848 155440.693111833 53.7677142967796 53.7677142967796 53.7677142967796
480800 302.082761634079 553.058729982593 25032.5913808797 10129.1770315376 35161.7684124174 155190.672543502 53.7388710378603 53.7388710378603 53.7388710378603
480900 301.355071618866 383.83651701379 25035.441071062 10104.7767613987 35140.2178324608 155160.860653521 53.7354297659505 53.7354297659505 53.7354297659505
481000 300.257392775708 -355.364790977263 25004.4012058996 10067.9703469381 35072.3715528377 155290.456611333 53.7503861935931 53.7503861935931 53.7503861935931
481100 295.299535823265 975.111081109442 25014.9631507246 9901.72778977701 34916.6909405016 155106.817403435 53.7291902746991 53.7291902746991 53.7291902746991
481200 295.845911805911 341.656603608677 24931.7605207589 9920.04839511067 34851.8089158696 154848.587826956 53.6993566992624 53.6993566992624 53.6993566992624
481300 302.686462327079 247.974459246254 24962.3457534253 10149.4197993155 35111.7655527408 154795.708188614 53.6932433599954 53.6932433599954 53.6932433599954
481400 302.649911709027 -908.080682247562 25043.0870750779 10148.1942157077 35191.2812907856 155174.805397019 53.737039502527 53.737039502527 53.737039502527
481500 300.01507424473 -353.854960280667 25084.7082123426 10059.8451322286 35144.5533445712 155348.436496954 53.7570748498834 53.7570748498834 53.7570748498834
481600 302.722849979905 316.536167158783 24863.4534836587 10150.6399185148 35014.0934021735 155204.513042137 53.7404685364929 53.7404685364929 53.7404685364929
481700 297.421284138402 -416.235458055636 24966.9408572306 9972.87241313826 34939.8132703689 154883.567047496 53.7033998320814 53.7033998320814 53.7033998320814
481800 302.4227848432 167.530524510594 24841.6773947286 10140.5783947316 34982.2557894602 154553.080530635 53.6651756605045 53.6651756605045 53.6651756605045
481900 300.974057406321 434.287340343397 25105.2325709601 10092.0009234478 35197.2334944079 154358.929817047 53.6426947151785 53.6426947151785 53.6426947151785
482000 304.391023166644 -320.627902480325 24967.7047968441 10206.5756542593 35174.2804511034 154472.210544666 53.6558139163926 53.6558139163926 53.6558139163926
482100 301.382390134324 350.651286459047 24956.0135978869 10105.6927821535 35061.7063800403 154350.766296506 53.6417490384132 53.6417490384132 53.6417490384132
482200 299.144242251056 899.230365703189 24992.4619898596 10030.6451494791 35023.1071393387 154354.930268052 53.6422314044628 53.6422314044628 53.6422314044628
482300 301.173616703747 -760.415779376261 24964.4459827156 10098.692372642 35063.1383553577 154576.568381171 53.6678940701993 53.6678940701993 53.6678940701993
482400 302.327338496949 384.361829878116 25002.2609902991 10137.3779706724 35139.6389609715 154868.687374945 53.7016800141767 53.7016800141767 53.7016800141767
482500 302.229763218716 256.447008072284 25212.5584190822 10134.1061611134 35346.6645801957 155207.815832945 53.7408497373205 53.7408497373205 53.7408497373205
482600 305.176979852428 -754.06641485434 25078.1456477902 10232.929671835 35311.0753196252 155597.07793188 53.7857396840175 53.7857396840175 53.7857396840175
482700 299.034309507082 -22.3662367804398 25111.4153227587 10026.958980102 35138.3743028608 155901.376143169 53.8207794304645 53.8207794304645 53.8207794304645
482800 300.159119794343 -611.601421667695 24998.2007437326 10064.6751426031 35062.8758863357 155587.225215668 53.7846043867435 53.7846043867435 53.7846043867435
482900 301.303184819214 816.068067707837 24932.6910810061 10103.0369382575 35035.7280192635 154619.018563441 53.6728064218182 53.6728064218182 53.6728064218182
483000 299.872650897914 1047.58412493547 24948.0649576645 10055.0695161507 35003.1344738152 153955.14384973 53.5958794088713 53.5958794088713 53.5958794088713
483100 296.156890790314 501.473802987738 24947.3812088254 9930.47587256442 34877.8570813899 153993.396808226 53.6003179986222 53.6003179986222 53.6003179986222
483200 296.851501444718 -235.025550830019 24850.510169014 9953.76695428118 34804.2771232952 154464.491522916 53.6549201692431 53.6549201692431 53.6549201692431
483300 299.780355709475 -581.640067862676 24938.7563313258 10051.9747539809 34990.7310853067 155084.967146092 53.7266671709736 53.7266671709736 53.7266671709736
483400 301.100920035359 -574.059151055327 25008.080766071 10096.25477104 35104.335537111 155561.975230112 53.781694692081 53.781694692081 53.781694692081
483500 299.22233073773 68.3085786289464 25118.4138869553 10033.2635448532 35151.6774318084 155686.433580908 53.7960336647567 53.7960336647567 53.7960336647567
483600 302.503390037034 -491.387389255247 25004.8870369688 10143.2811781463 35148.168215115 155785.1415291 53.8074004746223 53.8074004746223 53.8074004746223
483700 299.864000657452 15.4006531579736 24989.4245637658 10054.7794637938 35044.2040275596 155548.706302997 53.7801655144507 53.7801655144507 53.7801655144507
483800 295.974357653926 326.353815464756 24961.8851594456 9924.35532982772 34886.2404892733 155291.359948886 53.750490416886 53.750490416886 53.750490416886
483900 299.050466598774 397.210049645452 24857.6059902015 10027.5007456804 34885.1067358818 155202.508122483 53.7402371304523 53.7402371304523 53.7402371304523
484000 298.855522686344 -385.278709289647 25029.1864323875 10020.9640555709 35050.1504879584 155252.540930939 53.7460112770757 53.7460112770757 53.7460112770757
484100 300.137370227255 57.9831544122932 25045.6278246214 10063.9458549926 35109.5736796141 155342.228276231 53.7563587387561 53.7563587387561 53.7563587387561
484200 299.773541990618 -767.760628915257 25027.0853736073 10051.7462822728 35078.8316558801 155096.841880977 53.7280384056327 53.7280384056327 53.7280384056327
484300 300.712796072239 -287.0827019715 24928.2731314913 10083.2405351023 35011.5136665936 154896.30206902 53.7048716800898 53.7048716800898 53.7048716800898
484400 297.227322629651 -438.007753258343 25018.7022282813 9966.36866413644 34985.0708924178 155041.730101356 53.7216737830103 53.7216737830103 53.7216737830103
484500 300.813499066882 497.31229164977 24976.784795919 10086.6172205339 35063.4020164529 155079.30619063 53.7260134476711 53.7260134476711 53.7260134476711
484600 303.065222837029 302.975464431788 25032.3982984991 10162.1200680666 35194.5183665658 155428.209609912 53.7662748896324 53.7662748896324 53.7662748896324
484700 302.130575076355 -868.817821390533 25070.0439430224 10130.780270394 35200.8242134164 155652.836882438 53.7921637083229 53.7921637083229 53.7921637083229
484800 296.48618688147 112.218026800088 25081.0937681741 9941.51754334717 35022.6113115213 155284.227946835 53.7496675454422 53.7496675454422 53.7496675454422
484900 295.436444067525 -35.8287981633348 25024.4234402167 9906.31847822172 34930.7419184384 154785.741983314 53.6920910253531 53.6920910253531 53.6920910253531
485000 296.514015962259 211.618139643686 25031.3075635042 9942.45068393556 34973.7582474398 154396.739301296 53.6470741984308 53.6470741984308 53.6470741984308
485100 299.437092133596 -140.759462333505 25002.420562595 10040.4647376207 35042.8853002157 154347.31718028 53.6413494766239 53.6413494766239 53.6413494766239
485200 300.596188624094 -22.2234557281459 24994.6595651994 10079.3305553369 35073.9901205363 154382.979838901 53.6454805187715 53.6454805187715 53.6454805187715
485300 300.936046196609 132.372697782255 24980.7112701092 10090.7263645479 35071.4376346571 154467.864782564 53.6553107458687 53.6553107458687 53.6553107458687
485400 298.059773269238 -712.002822248799 25105.390841451 9994.2816766261 35099.6725180771 154712.425528778 53.6836123472521 53.6836123472521 53.6836123472521
485500 299.626923102465 555.517456463088 25076.3236636395 10046.8299849434 35123.1536485829 154726.406803855 53.6852294178494 53.6852294178494 53.6852294178494
485600 301.765749342962 -80.9052371035623 25014.2146707547 10118.5472504785 35132.7619212332 154927.153786184 53.7084370277817 53.7084370277817 53.7084370277817
485700 301.486296038173 -946.639457491486 24979.1442067124 10109.1768647573 35088.3210714697 155135.647066307 53.7325189452404 53.7325189452404 53.7325189452404
485800 299.792718613875 1291.66650892501 24885.8421648494 10052.3892961634 34938.2314610128 154812.792501486 53.6952186051632 53.6952186051632 53.6952186051632
485900 300.30338111802 428.63670432469 24857.9677700423 10069.5123881262 34927.4801581685 154891.541188198 53.704321451518 53.704321451518 53.704321451518
486000 300.260473017971 -20.4070939743431 25010.5274491188 10068.0736309488 35078.6010800676 155056.209848728 53.7233461328772 53.7233461328772 53.7233461328772
486100 302.102675340279 -89.63603048066 25102.0642465187 10129.8447606539 35231.9090071725 155105.299599595 53.7290150177618 53.7290150177618 53.7290150177618
486200 301.115959034703 445.541148235699 25066.2073037383 10096.7590457159 35162.9663494542 155210.875833677 53.7412029110271 53.7412029110271 53.7412029110271
486300 302.679567800213 -785.10823677265 24897.6251939553 10149.1886180233 35046.8138119787 155330.623078852 53.7550200414026 53.7550200414026 53.7550200414026
486400 300.822616566231 -242.809112540505 24868.0490106673 10086.9229406103 34954.9719512777 155255.49001908 53.7463515843796 53.7463515843796 53.7463515843796
486500 301.26198530036 -99.4632290022566 24843.1077483387 10101.655471742 34944.7632200807 155020.533477989 53.7192254744538 53.7192254744538 53.7192254744538
486600 300.000634877066 -60.9653674301066 25025.5962303811 10059.3609638819 35084.957194263 154694.211450531 53.6815055656181 53.6815055656181 53.6815055656181
486700 301.918408319781 448.075435352464 25155.8750344093 10123.6660788198 35279.5411132291 154732.17054941 53.6858960227872 53.6858960227872 53.6858960227872
486800 300.104366624785 588.722808523383 25146.7911012223 10062.8392068334 35209.6303080557 155093.467755146 53.7276487856708 53.7276487856708 53.7276487856708
486900 297.470848880749 -238.012837950189 25094.0833455461 9974.53437506896 35068.617720615 155636.042867451 53.7902290206047 53.7902290206047 53.7902290206047
487000 297.337828796317 -38.3843825339398 25062.8969702971 9970.07406102564 35032.9710313227 155698.123134113 53.7973800373876 53.7973800373876 53.7973800373876
487100 302.281907974723 -287.434748269296 24926.7586690799 10135.8546338234 35062.6133029032 155265.427994631 53.7474983361664 53.7474983361664 53.7474983361664
487200 302.146177822557 759.195447492572 25096.0074298876 10131.3034481404 35227.310878028 154837.848202939 53.6981152193491 53.6981152193491 53.6981152193491
487300 301.258365988009 92.8168946369118 25247.172010187 10101.5341121009 35348.706122288 154705.638417133 53.682827316579 53.682827316579 53.682827316579
487400 303.938684725958 342.981221619003 25001.9925246956 10191.4082341818 35193.4007588774 154714.819698747 53.6838892632336 53.6838892632336 53.6838892632336
487500 300.333148295043 239.102131139955 25023.0276400266 10070.5105152758 35093.5381553024 155073.422670013 53.7253340058356 53.7253340058356 53.7253340058356
487600 296.792283339784 178.28781299671 25087.2582833835 9951.78130417291 35039.0395875564 155458.523642044 53.7697701080768 53.7697701080768 53.7697701080768
487700 299.827392054756 -775.11334413049 24952.3045556589 10053.5519358952 35005.8564915541 155600.13149082 53.7860915262117 53.7860915262117 53.7860915262117
487800 299.993205694824 -63.5312130218866 25032.4818028054 10059.1118549896 35091.593657795 155412.350990106 53.7644462041896 53.7644462041896 53.7644462041896
487900 303.441992073259 249.23699332825 25059.1119414529 10174.7535671553 35233.8655086082 155165.630582047 53.735980402092 53.735980402092 53.735980402092
488000 301.725558977563 -289.769869252226 25085.8633020606 10117.1996220211 35203.0629240816 155041.592257626 53.7216578621395 53.7216578621395 53.7216578621395
488100 299.792044919588 126.952076868738 24942.4687224028 10052.3667064311 34994.8354288339 154871.387560378 53.7019921143906 53.7019921143906 53.7019921143906
488200 299.022286438785 -325.099213051515 24954.1663234133 10026.5558330089 34980.7221564222 154688.273492396 53.6808186995566 53.6808186995566 53.6808186995566
488300 298.261044493832 286.517885880076 25038.4766105508 10001.0305286766 35039.5071392273 154462.862928426 53.6547315985808 53.6547315985808 53.6547315985808
488400 300.589871109584 244.235670997914 25060.9559684168 10079.1187219224 35140.0746903392 154632.010019704 53.6743096185041 53.6743096185041 53.6743096185041
488500 305.050214563386 -84.4695783457949 25025.6369673181 10228.6790881631 35254.3160554812 154578.344323039 53.6680996009082 53.6680996009082 53.6680996009082
488600 305.018256569622 -201.03093844723 24995.5659105185 10227.6075004477 35223.1734109663 154476.708829217 53.6563347366644 53.6563347366644 53.6563347366644
488700 297.15205721084 -14.928420364417 25024.2482253962 9963.84492942426 34988.0931548204 154531.508807141 53.6626787746655 53.6626787746655 53.6626787746655
488800 300.508393363541 407.000184440095 24858.2618697035 10076.3866808442 34934.6485505476 154508.626446097 53.6600299310444 53.6600299310444 53.6600299310444
488900 298.539681271147 -56.5567154090494 24972.2951957043 10010.3735353071 34982.6687310114 154616.937725884 53.6725656474438 53.6725656474438 53.6725656474438
489000 300.96354221236 -64.5501326777491 25033.3878688872 10091.6483370885 35125.0362059757 154917.49759615 53.7073211707767 53.7073211707767 53.7073211707767
489100 300.577482567057 -145.827737300926 25116.372336222 10078.7033200645 35195.0756562865 155078.318552846 53.7258993942988 53.7258993942988 53.7258993942988
489200 302.05797374678 -50.536522980472 25003.4029384815 10128.3458656103 35131.7488040918 155137.566702468 53.7327405716319 53.7327405716319 53.7327405716319
489300 294.985487355191 492.732878079042 24986.4631526731 9891.19738906032 34877.6605417334 154949.695281189 53.7110417137557 53.7110417137557 53.7110417137557
489400 297.371790064983 -270.250693225492 24896.4873655285 9971.21282081675 34867.7001863453 154786.141716031 53.692137245086 53.692137245086 53.692137245086
489500 299.606177958528 -166.254213233493 24960.367538666 10046.1343767785 35006.5019154445 154615.775387488 53.6724311519586 53.6724311519586 53.6724311519586
489600 300.711591539992 -482.81300314077 25024.1083753614 10083.2001457722 35107.3085211336 154691.205620654 53.6811578721118 53.6811578721118 53.6811578721118
489700 299.321777176852 -436.514249665288 25097.2347020438 10036.5980965554 35133.8327985991 154799.77076908 53.6937130784734 53.6937130784734 53.6937130784734
489800 299.824557541752 -136.212731170866 25034.5876136683 10053.4568914648 35088.044505133 155004.033045547 53.7173194432935 53.7173194432935 53.7173194432935
489900 298.100074287926 1204.95127106365 24876.1125519253 9995.63301541362 34871.7455673389 155131.089328614 53.7319927366612 53.7319927366612 53.7319927366612
490000 297.225446158589 396.755501079487 24913.7843796128 9966.30574393712 34880.0901235499 155267.00064874 53.7476798016302 53.7476798016302 53.7476798016302
490100 299.850648190534 -75.7614226516655 24963.6511111742 10054.3317404597 35017.9828516338 155266.252006161 53.7475934173886 53.7475934173886 53.7475934173886
490200 301.353644006682 -401.485320797046 25007.8862835176 10104.7288919458 35112.6151754634 155490.664660752 53.7734754824697 53.7734754824697 53.7734754824697
490300 298.695550538765 -926.099142129173 25111.6092778216 10015.6000083337 35127.2092861553 155746.260474309 53.8029236622247 53.8029236622247 53.8029236622247
490400 299.701599915213 297.307471590689 25036.3639097017 10049.3339830279 35085.6978927295 155606.206181929 53.7867914605818 53.7867914605818 53.7867914605818
490500 298.860072312495 -39.9801505562152 24939.7591204547 10021.116609687 34960.8757301417 155272.940474832 53.7483651754242 53.7483651754242 53.7483651754242
490600 294.481189935382 284.223012357207 24938.3971703408 9874.28772558215 34812.684895923 155068.281439229 53.7247402711842 53.7247402711842 53.7247402711842
490700 295.872658026141 -266.677601142758 24957.3301316076 9920.94522615844 34878.275357766 155223.771835204 53.742691267728 53.742691267728 53.742691267728
490800 299.226231327618 -96.3857127568859 25042.6528145394 10033.3943360486 35076.0471505879 155199.429592437 53.7398818053772 53.7398818053772 53.7398818053772
490900 299.311671799892 200.539146661589 25067.7824085079 10036.2592518241 35104.041660332 155020.03475415 53.7191678668442 53.7191678668442 53.7191678668442
491000 303.860458964543 369.498286216086 24858.6665554054 10188.7852358302 35047.4517912357 154712.838540698 53.6836601174985 53.6836601174985 53.6836601174985
491100 297.509148386965 -609.228644202109 24973.8462184277 9975.81860087709 34949.6648193048 154461.259899756 53.6545459868228 53.6545459868228 53.6545459868228
491200 295.203176384353 -250.328792573635 24975.9052617345 9898.49674868706 34874.4020104216 154356.571561298 53.6424215340554 53.6424215340554 53.6424215340554
491300 300.206586662068 461.365742157803 24937.1725340152 10066.2667604224 35003.4392944376 154459.100882227 53.654295996102 53.654295996102 53.654295996102
491400 302.894677384717 28.2299457480763 25010.432561111 10156.4014859501 35166.8340470611 154730.070215188 53.6856531109341 53.6856531109341 53.6856531109341
491500 300.967049841802 -178.721598988493 25040.244796993 10091.7659518752 35132.0107488682 155109.565578444 53.7295075965474 53.7295075965474 53.7295075965474
491600 298.898320931974 -780.437270626517 24999.4710476546 10022.3991292053 35021.8701768598 155468.101182081 53.7708743073161 53.7708743073161 53.7708743073161
491700 296.196748883778 -67.6640961325031 24992.7662572956 9931.81235956768 34924.5786168633 155862.813949163 53.8163415425865 53.8163415425865 53.8163415425865
491800 297.924788336255 -1308.69637845826 25021.6746180789 9989.75547898614 35011.430097065 156129.334655585 53.8469988479806 53.8469988479806 53.8469988479806
491900 302.725914949461 -310.856138835911 25058.5444131676 10150.7426904143 35209.287103582 155755.762308719 53.8040177838937 53.8040177838937 53.8040177838937
492000 300.620317237352 -444.870821174154 25083.6659587378 10080.1396150591 35163.8055737969 155264.127653079 53.7473482913874 53.7473482913874 53.7473482913874
492100 300.279138129976 541.517818918816 24967.0412966982 10068.6994932879 35035.7407899861 154831.184791797 53.697344912958 53.697344912958 53.697344912958
492200 297.874238073699 631.418668730785 24979.0231698884 9988.06047144699 34967.0836413354 154639.795917163 53.67521045755 53.67521045755 53.67521045755
492300 299.992787818702 95.6880928959768 24937.4818874783 10059.0978431301 34996.5797306083 154831.861116731 53.6974230987584 53.6974230987584 53.6974230987584
492400 301.22019287268 50.0898980837941 25057.4220612591 10100.2541243223 35157.6761855814 155063.823358784 53.724225419475 53.724225419475 53.724225419475
492500 302.926774801383 485.602772940687 25084.0712955077 10157.4777486733 35241.549044181 155296.136813737 53.7510415447698 53.7510415447698 53.7510415447698
492600 302.799758513799 -894.695711277823 25005.1643272255 10153.2187487361 35158.3830759616 155729.35450266 53.8009768554704 53.8009768554704 53.8009768554704
492700 298.845465687706 -274.91157537523 25069.1791258933 10020.6268330195 35089.8059589127 155653.834080857 53.7922785822245 53.7922785822245 53.7922785822245
492800 301.852050869844 -349.89679182267 24926.751264028 10121.44103839 35048.192302418 155498.098754374 53.7743324485589 53.7743324485589 53.7743324485589
492900 301.812527546023 -605.289615160173 24905.6423238216 10120.1157765919 35025.7581004135 155293.910994147 53.7507847435913 53.7507847435913 53.7507847435913
493000 300.421475658619 685.475271691489 24953.5811735625 10073.4722317853 35027.0534053479 155148.121903327 53.7339591610839 53.7339591610839 53.7339591610839
493100 300.746065585266 -670.677342945141 24932.2914185394 10084.3560995436 35016.647518083 155595.737635046 53.785585248676 53.785585248676 53.785585248676
493200 299.922327387602 -207.023313299219 25024.5673443517 10056.7352250963 35081.302569448 155869.000664604 53.8170535832536 53.8170535832536 53.8170535832536
493300 302.596921922599 -232.819165985994 25015.9622570371 10146.4174081709 35162.3796652081 155969.31166741 53.8285959359783 53.8285959359783 53.8285959359783
493400 301.457967380621 125.931648628603 25081.5975325691 10108.2269727944 35189.8245053635 155693.797941061 53.7968818806462 53.7968818806462 53.7968818806462
493500 299.922413086676 -234.92293796954 25084.4137607862 10056.7380986833 35141.1518594695 155464.31148011 53.7704373961586 53.7704373961586 53.7704373961586
493600 297.711973821925 568.515472721036 24980.5431187425 9982.61956736089 34963.1626861034 155350.921978682 53.7573615419967 53.7573615419967 53.7573615419967
493700 299.168848453223 -104.992973953263 24885.1518187691 10031.4702232982 34916.6220420673 155482.383766893 53.7725208692157 53.7725208692157 53.7725208692157
493800 298.885153475576 -1371.49415837637 24983.4650717472 10021.9576094834 35005.4226812306 155605.799495906 53.7867446022208 53.7867446022208 53.7867446022208
493900 300.462103718932 -545.185146733472 25135.8061322388 10074.8345366489 35210.6406688876 155372.098561955 53.7598040669717 53.7598040669717 53.7598040669717
494000 304.73004683973 127.204323974436 25013.9831040404 10217.9435018783 35231.9266059187 155120.429933934 53.7307620277625 53.7307620277625 53.7307620277625
494100 299.610690651516 -33.8044253483436 25092.2952517515 10046.2856924839 35138.5809442354 155133.365768316 53.7322555617849 53.7322555617849 53.7322555617849
494200 304.063815305271 391.571902877381 24833.8964370845 10195.6040041856 35029.50044127 154689.017131996 53.6809047201227 53.6809047201227 53.6809047201227
494300 298.39256423057 953.592987678253 24955.9284850236 10005.4405343629 34961.3690193865 154332.190102158 53.639597014689 53.639597014689 53.639597014689
494400 300.411852320938 -217.483440527475 24968.5250054481 10073.1495503769 35041.6745558249 154431.89055741 53.6511451370661 53.6511451370661 53.6511451370661
494500 304.532683727026 692.860148305983 25067.2930595827 10211.3256932444 35278.6187528272 154367.385088678 53.6436741537594 53.6436741537594 53.6436741537594
494600 302.964561256272 -875.211940396683 25099.6956494076 10158.7447712896 35258.4404206972 154897.087707352 53.7049624774683 53.7049624774683 53.7049624774683
494700 299.599228259179 -318.117219939477 25073.3990474745 10045.9013454905 35119.300392965 155156.104315527 53.7348806874506 53.7348806874506 53.7348806874506
494800 301.189231944971 -414.849688915418 24935.1102069914 10099.2159693607 35034.3261763521 155125.974357208 53.7314021810042 53.7314021810042 53.7314021810042
494900 301.714881231909 574.591529164487 24890.880947534 10116.8415851194 35007.7225326534 154950.606993403 53.711147057443 53.711147057443 53.711147057443
495000 298.726611119149 424.294099695056 25049.1131735719 10016.6415047624 35065.7546783342 154776.15322459 53.6909822859838 53.6909822859838 53.6909822859838
495100 306.059676180723 -151.197401069113 25016.0931065367 10262.5274791578 35278.6205856945 154923.279955598 53.7079893784292 53.7079893784292 53.7079893784292
495200 304.783130739521 -572.308122218788 25052.6951033104 10219.7234651426 35272.4185684531 155162.896589536 53.7356647939032 53.7356647939032 53.7356647939032
495300 300.130615082257 -435.061621959829 25057.0765082136 10063.7193473323 35120.7958555459 155484.54891099 53.7727704681583 53.7727704681583 53.7727704681583
495400 297.66564641273 76.5579508706124 25081.296591247 9981.06615687628 35062.3627481232 155422.234366376 53.765585888358 53.765585888358 53.765585888358
495500 297.200329825705 -450.963491793247 25106.5196913418 9965.46356485749 35071.9832561993 155366.539955999 53.7591629541559 53.7591629541559 53.7591629541559
495600 299.819948157912 410.054898849273 25043.7422912741 10053.3023336056 35097.0446248798 155299.283388831 53.7514045727879 53.7514045727879 53.7514045727879
495700 301.507081805871 60.9143411769816 24971.3849727769 10109.8738350829 35081.2588078598 155022.262759298 53.7194252228464 53.7194252228464 53.7194252228464
495800 300.408988206729 -302.457521771024 24941.2816799566 10073.0535133845 35014.3351933411 154830.945746793 53.6973172783686 53.6973172783686 53.6973172783686
495900 299.888974633193 -89.0359837827432 24890.9287617414 10055.6168694772 34946.5456312186 154757.81066308 53.6888612248441 53.6888612248441 53.6888612248441
496000 298.654121384413 145.114632727418 24952.7985131352 10014.21084188 34967.0093550152 154633.012560954 53.6744256156019 53.6744256156019 53.6744256156019
496100 298.925631996092 -893.856199228341 25105.5927389234 10023.3149001082 35128.9076390316 154612.353100073 53.6720351513125 53.6720351513125 53.6720351513125
496200 301.93793927955 510.362659881268 25081.7483235013 10124.3209740148 35206.0692975161 154784.059521438 53.6918964871431 53.6918964871431 53.6918964871431
496300 297.93247958519 663.805722793291 25109.9015070403 9990.01337527137 35099.9148823116 155014.804320996 53.7185636918695 53.7185636918695 53.7185636918695
496400 297.394132254771 -84.0487955850495 24961.752740553 9971.96197973734 34933.7147202904 155130.75565898 53.7319542127967 53.7319542127967 53.7319542127967
496500 298.954766517518 -725.928299829445 24913.7568082523 10024.2918135992 34938.0486218515 155176.830664241 53.7372732848755 53.7372732848755 53.7372732848755
496600 300.021568367171 -483.707738970205 24969.3512300489 10060.0628875071 35029.4141175559 154932.559797658 53.7090617193279 53.7090617193279 53.7090617193279
496700 300.899975490708 -14.4757276456604 25014.6884197598 10089.5168729379 35104.2052926976 154776.713641107 53.6910470876912 53.6910470876912 53.6910470876912
496800 304.230320237821 -118.39297823265 24977.4726010761 10201.1871030996 35178.6597041757 155006.408944493 53.7175939012502 53.7175939012502 53.7175939012502
496900 301.726192914993 -633.56815102744 25084.2573884845 10117.2208786609 35201.4782671454 155187.494044647 53.7385041556171 53.7385041556171 53.7385041556171
497000 298.450367333292 -112.729048640303 25027.7368685336 10007.3787378449 35035.1156063785 155101.901428042 53.7286226354163 53.7286226354163 53.7286226354163
497100 296.168458241718 645.446055345895 25014.780457969 9930.86374230727 34945.6442002762 154981.235987872 53.7146858411311 53.7146858411311 53.7146858411311
497200 296.658129026504 -96.5470676694852 25071.9566884986 9947.28295815209 35019.2396466507 154901.167706508 53.705434004039 53.705434004039 53.705434004039
497300 301.393301785503 1057.88914300461 25052.3352291853 10106.0586621723 35158.3938913576 154693.765525381 53.6814539843809 53.6814539843809 53.6814539843809
497400 299.336249353082 -173.060601514186 25145.5773882214 10037.0833650105 35182.660753232 154840.736236442 53.6984490761191 53.6984490761191 53.6984490761191
497500 298.784269792428 -826.710508249599 25039.4550204368 10018.5748653616 35058.0298857985 155020.414351628 53.7192117141746 53.7192117141746 53.7192117141746
497600 295.814826816782 471.733833329666 24907.3800453816 9919.0060802291 34826.3861256107 155009.821883126 53.7179881505531 53.7179881505531 53.7179881505531
497700 296.913334118732 484.627110024117 24960.0744536199 9955.84027385107 34915.914727471 154886.913463762 53.703786601403 53.703786601403 53.703786601403
497800 301.006075115779 386.329657045571 24978.6344407614 10093.0745134981 35071.7089542595 154965.300012232 53.7128447036958 53.7128447036958 53.7128447036958
497900 300.424075958857 610.176459721302 25073.3950761142 10073.5594227965 35146.9544989107 155054.824053875 53.7231860839108 53.7231860839108 53.7231860839108
498000 303.372723718199 -423.148507369809 24984.1960602994 10172.4309207809 35156.6269810803 155321.258489911 53.7539397569256 53.7539397569256 53.7539397569256
498100 299.778721350388 620.547829824563 25022.6470565685 10051.9199520702 35074.5670086388 155453.493648926 53.7691901795653 53.7691901795653 53.7691901795653
498200 297.617950769645 154.113907582893 24927.2864672165 9979.46686796011 34906.7533351766 155652.27506317 53.7920989884179 53.7920989884179 53.7920989884179
498300 298.942958381456 268.84375292915 24894.5172110264 10023.8958734273 34918.4130844537 155754.840045759 53.8039115886774 53.8039115886774 53.8039115886774
498400 299.624344150699 -36.3169760825921 25016.7588486032 10046.7435097707 35063.5023583739 155787.531872409 53.8076756773803 53.8076756773803 53.8076756773803
498500 301.297885370648 -360.289866569776 25025.5388988226 10102.8592417467 35128.3981405693 155662.434614389 53.7932693143786 53.7932693143786 53.7932693143786
498600 300.886201600342 58.6856154773875 25030.2245062998 10089.0550187984 35119.2795250981 155670.07906231 53.7941498803192 53.7941498803192 53.7941498803192
498700 300.142264335069 382.790518413407 25000.9963895664 10064.109959969 35065.1063495354 155681.115020682 53.7954210643809 53.7954210643809 53.7954210643809
498800 297.102512165303 87.1575402750396 25000.6087911284 9962.18362794991 34962.7924190783 155497.260662359 53.7742358387611 53.7742358387611 53.7742358387611
498900 297.513355728597 -850.591907492686 24859.728218674 9975.9596778058 34835.6878964798 155462.287846166 53.7702040904063 53.7702040904063 53.7702040904063
499000 298.141623599569 562.175267346427 24882.1880657154 9997.02621087733 34879.2142765927 155026.082724003 53.7198664597354 53.7198664597354 53.7198664597354
499100 298.674089749533 -151.775378007504 25090.2980866329 10014.8804037717 35105.1784904046 154688.900412769 53.6808912186356 53.6808912186356 53.6808912186356
499200 304.482830352378 878.820182756713 24933.9572690613 10209.6540531459 35143.6113222072 154518.447904191 53.661166887129 53.661166887129 53.661166887129
499300 301.367147146206 772.443625311942 25016.2866276903 10105.181667503 35121.4682951933 154537.302030724 53.6633493520639 53.6633493520639 53.6633493520639
499400 297.374603730912 -214.273176418405 25056.9279331465 9971.30716622113 35028.2350993677 154782.133382353 53.6916737715102 53.6916737715102 53.6916737715102
499500 299.919314262984 -443.088858396719 24849.2747331071 10056.6341916162 34905.9089247233 154918.87716832 53.7074805952162 53.7074805952162 53.7074805952162
499600 299.729031963158 -413.076143702687 24899.4346617878 10050.2538106555 34949.6884724433 154871.544969825 53.7020103084077 53.7020103084077 53.7020103084077
499700 300.192805966162 170.669436759147 25105.2951763715 10065.8046780854 35171.099854457 154840.198659959 53.698386932574 53.698386932574 53.698386932574
499800 301.168099060643 -182.553850015853 25058.4906455633 10098.5073598214 35156.9980053847 154968.448616996 53.7132084827124 53.7132084827124 53.7132084827124
499900 299.555688049818 108.17341888407 25016.2615026165 10044.4413929721 35060.7028955887 155100.893399946 53.7285062386517 53.7285062386517 53.7285062386517
500000 297.593059865876 -427.660952234832 25016.2322427001 9978.63224777395 34994.8644904741 155356.137185216 53.7579630889169 53.7579630889169 53.7579630889169
500100 294.612216341318 -306.005016479616 25014.048494996 9878.68118932816 34892.7296843241 155583.879114027 53.7842188151497 53.7842188151497 53.7842188151497
500200 292.066960182473 -468.071104022553 25052.7065494822 9793.33586844956 34846.0424179318 156113.56127192 53.8451854412131 53.8451854412131 53.8451854412131
500300 298.345966106573 -157.19682249928 25015.954541017 10003.8780465045 35019.8325875215 156260.820378168 53.8621105179964 53.8621105179964 53.8621105179964
500400 302.962571567336 385.128285444713 24994.4791480943 10158.6780547667 35153.157202861 155993.185971423 53.8313423196193 53.8313423196193 53.8313423196193
500500 304.742560058851 90.7970826191777 24960.4443416336 10218.3630842835 35178.8074259171 155747.760322579 53.8030963704119 53.8030963704119 53.8030963704119
500600 300.389954847843 352.537100476117 25033.8037887894 10072.4153033105 35106.2190920999 155368.388777635 53.7593761933545 53.7593761933545 53.7593761933545
500700 296.495682817525 182.331673109405 25000.190984159 9941.83595283491 34942.0269369939 155073.356472755 53.7253263611336 53.7253263611336 53.7253263611336
500800 300.135207006375 -478.442881897924 24830.89118036 10063.8733197472 34894.7645001072 154919.705610118 53.7075763301439 53.7075763301439 53.7075763301439
500900 300.429743011083 -325.456337429863 24893.7789966872 10073.7494454742 34967.5284421614 154673.727145986 53.6791359944092 53.6791359944092 53.6791359944092
501000 298.025632806167 -91.5338182705803 25018.2315847957 9993.13690824367 35011.3684930393 154592.606024804 53.6697500582568 53.6697500582568 53.6697500582568
501100 302.208537086794 681.816034189711 24885.5418709541 10133.3944248767 35018.9362958309 154673.177970408 53.6790724643236 53.6790724643236 53.6790724643236
501200 297.938330794806 -25.0077084630416 25073.4437755717 9990.20957295484 35063.6533485266 154806.774330722 53.694522816017 53.694522816017 53.694522816017
501300 302.550933100605 -425.897574095824 25080.8609510761 10144.8753508986 35225.7363019747 155088.642126164 53.7270915466676 53.7270915466676 53.7270915466676
501400 303.815359464206 385.451270706815 25118.7839334617 10187.2729985199 35306.0569319816 155156.210314432 53.734892924239 53.734892924239 53.734892924239
501500 297.618112690396 145.042511811188 25167.0508360365 9979.47229734624 35146.5231333827 155176.042852132 53.7371823457276 53.7371823457276 53.7371823457276
501600 297.851285693967 -375.622605776317 25068.4837382215 9987.29085216668 35055.7745903882 155095.068693721 53.7278336513323 53.7278336513323 53.7278336513323
501700 303.205966694587 -315.549447232921 24879.0011382084 10166.8393689682 35045.8405071765 154946.390859791 53.7106599012866 53.7106599012866 53.7106599012866
501800 298.918118374763 -313.077530310634 25046.43571864 10023.0629598777 35069.4986785176 154977.932898057 53.7143042343061 53.7143042343061 53.7143042343061
501900 302.498531349833 -721.021293645675 24974.2354752576 10143.1182608631 35117.3537361208 155252.001251252 53.7459490007698 53.7459490007698 53.7459490007698
502000 300.600218290892 -607.370807377598 25044.4826190508 10079.4656746272 35123.948293678 155566.476600771 53.7822134328317 53.7822134328317 53.7822134328317
502100 297.043474569047 695.335000075244 25129.3802300723 9960.20403050198 35089.5842605742 155717.135039925 53.7995696358112 53.7995696358112 53.7995696358112
502200 299.783648827182 487.469247208586 24965.1020366168 10052.0851759463 35017.187212563 155613.481931573 53.7876297586147 53.7876297586147 53.7876297586147
502300 298.861522663053 -348.245427676895 24925.2703237636 10021.1652415834 34946.435565347 155269.939381025 53.7480188928832 53.7480188928832 53.7480188928832
502400 298.152346620087 476.608152963944 24959.8912198403 9997.38576589646 34957.2769857368 154971.774212824 53.71359270532 53.71359270532 53.71359270532
502500 301.385441261845 238.216807190632 25027.9928247537 10105.7950899139 35133.7879146676 154814.875882434 53.6954594704729 53.6954594704729 53.6954594704729
502600 301.926143979723 49.6020173794837 25072.2448875517 10123.9254642564 35196.170351808 154832.887675212 53.6975417724881 53.6975417724881 53.6975417724881
502700 299.724908007064 175.535742978677 25055.5960251354 10050.1155297383 35105.7115548737 155023.140082404 53.7195265614181 53.7195265614181 53.7195265614181
502800 297.709779922204 671.896724796192 25006.128428773 9982.54600341919 34988.6744321922 154942.038645673 53.7101570123418 53.7101570123418 53.7101570123418
502900 295.947409471735 -103.296025274682 25058.5801319016 9923.45172676671 34982.0318586683 155021.779476624 53.7193693992634 53.7193693992634 53.7193693992634
503000 298.963302717155 239.848943474119 25003.8613202615 10024.5780420382 35028.4393622996 155042.82629816 53.7218003927695 53.7218003927695 53.7218003927695
503100 301.568162762766 -373.150450624386 24974.658334311 10111.9219487267 35086.5802830377 155191.440083996 53.7389596314401 53.7389596314401 53.7389596314401
503200 300.159444966562 -219.336072591093 25083.9686645917 10064.6860459958 35148.6547105874 155267.127564325 53.7476944461164 53.7476944461164 53.7476944461164
503300 305.158360554988 -406.930150214521 24993.5161816698 10232.3053457101 35225.82152738 155434.190022403 53.7669644692542 53.7669644692542 53.7669644692542
503400 302.580395239641 -58.1431250080484 25058.300732486 10145.863249779 35204.163982265 155726.855632554 53.8006890861922 53.8006890861922 53.8006890861922
503500 296.586236187971 626.276581277373 25074.4166912051 9944.87230987521 35019.2890010803 155778.929440777 53.8066852571462 53.8066852571462 53.8066852571462
503600 300.343127416909 512.53328222466 24888.1990911634 10070.8451265308 34959.0442176942 155613.51558311 53.7876336358201 53.7876336358201 53.7876336358201
503700 299.270453674149 -284.654532551199 24997.676023873 10034.8771613986 35032.5531852716 155332.851893063 53.7552771475614 53.7552771475614 53.7552771475614
503800 303.075123412816 500.307873019665 25013.9926546685 10162.4520455827 35176.4447002512 155099.451197105 53.7283397069556 53.7283397069556 53.7283397069556
503900 302.46411577045 528.346244310081 25071.7062996067 10141.9642675193 35213.670567126 155026.325174556 53.7198944644949 53.7198944644949 53.7198944644949
504000 298.195477414965 29.2933783832641 24981.2287739881 9998.83199028366 34980.0607642718 155196.173712693 53.7395060054217 53.7395060054217 53.7395060054217
504100 295.385932635843 152.263655876402 25000.5197603469 9904.62477272573 34905.1445330727 155211.475732387 53.7412721485222 53.7412721485222 53.7412721485222
504200 300.923689182436 -202.606083835653 24915.3567050544 10090.3120198714 35005.6687249259 155063.603021909 53.7241999731064 53.7241999731064 53.7241999731064
504300 297.266263409213 0.0595990760798993 25173.0105712545 9967.67439256597 35140.6849638205 154724.374219042 53.6849943356764 53.6849943356764 53.6849943356764
504400 302.83236043884 -430.935724161479 25034.6729412511 10154.3119281964 35188.9848694475 154641.664068867 53.6754266007738 53.6754266007738 53.6754266007738
504500 300.214838018607 -722.394011946792 25009.4747950241 10066.5434377498 35076.0182327739 154837.591390894 53.698085531667 53.698085531667 53.698085531667
504600 297.446585491316 -10.5862209678457 24936.7942873301 9973.720796149 34910.5150834791 154922.378766912 53.7078852384398 53.7078852384398 53.7078852384398
504700 298.270721739374 -134.722361861936 24873.3294941351 10001.3550176767 34874.6845118118 154922.376151662 53.7078849362249 53.7078849362249 53.7078849362249
504800 299.881946540974 285.288484688592 24866.3784885578 10055.3812095876 34921.7596981454 154826.098475546 53.6967569076643 53.6967569076643 53.6967569076643
504900 298.229074097909 486.323077144165 25061.948007804 9999.95852510271 35061.9065329067 154770.680280006 53.6903494338977 53.6903494338977 53.6903494338977
505000 303.382476593307 -52.5744557709527 24963.6613111621 10172.757945726 35136.4192568881 154890.698884969 53.7042241029583 53.7042241029583 53.7042241029583
505100 300.34568879091 -261.190316124575 25053.4213740034 10070.9310123012 35124.3523863046 155013.351424126 53.7183958632177 53.7183958632177 53.7183958632177
505200 295.785414340677 -51.0858750919067 25005.2005952439 9918.01984660296 34923.2204418468 155111.225479403 53.7296992575038 53.7296992575038 53.7296992575038
505300 297.626122402637 -309.206710226031 24883.3413657311 9979.74087206669 34863.0822377978 155180.596623004 53.7377079947851 53.7377079947851 53.7377079947851
505400 296.515227461328 317.619813935381 25025.0462907252 9942.49130687109 34967.5375975963 154944.942617022 53.7104925610069 53.7104925610069 53.7104925610069
505500 304.024796785683 422.773187663193 24876.4916712898 10194.295669045 35070.7873403348 154982.683172618 53.7148530330529 53.7148530330529 53.7148530330529
505600 300.253668075772 -421.594496866679 25013.6660267166 10067.8454535319 35081.5114802486 155228.865846616 53.7432791563929 53.7432791563929 53.7432791563929
505700 300.121345012675 -125.127402037521 24993.439694494 10063.4085114032 35056.8482058972 155115.497616771 53.7301925348233 53.7301925348233 53.7301925348233
505800 301.540070482555 -41.6775352099777 24935.7154155173 10110.9799827636 35046.6953982809 154860.96941142 53.7007879154147 53.7007879154147 53.7007879154147
505900 300.465499162832 113.424987399292 24904.5249772617 10074.9483897273 34979.4733669891 154763.910042071 53.6895665514634 53.6895665514634 53.6895665514634
506000 298.558840262358 710.268240688684 24885.8681682358 10011.0159579752 34896.884126211 155015.37783814 53.7186299403361 53.7186299403361 53.7186299403361
506100 299.369277402671 -275.949574834563 24923.479931539 10038.1908329094 34961.6707644484 155320.801573293 53.7538870466212 53.7538870466212 53.7538870466212
506200 302.623552419997 -321.109851726489 24972.0236585371 10147.3103589011 35119.3340174382 155525.977289787 53.777545907031 53.777545907031 53.777545907031
506300 302.931690759738 91.5340790011474 24974.6674232377 10157.6425863231 35132.3100095607 155300.916448712 53.7515929809435 53.7515929809435 53.7515929809435
506400 299.158461097259 -204.904726153654 25003.294047644 10031.1219234916 35034.4159711357 155070.408131115 53.7249858736287 53.7249858736287 53.7249858736287
506500 297.469570567332 -135.626874862324 24897.1002265307 9974.49151177271 34871.5917383034 155019.811545063 53.7191420839142 53.7191420839142 53.7191420839142
506600 297.122188155052 -447.594406357007 24894.1999097618 9962.84338616438 34857.0432959261 155410.578177997 53.7642417703655 53.7642417703655 53.7642417703655
506700 298.163711719509 673.251564648274 24918.3681733224 9997.76685054825 34916.1350238706 155345.029113429 53.7566818144708 53.7566818144708 53.7566818144708
506800 298.070078035822 387.690770310906 25001.9635963721 9994.62720711723 34996.5908034894 155059.862598033 53.7237679936001 53.7237679936001 53.7237679936001
506900 297.039670524377 530.69876324789 25125.7139308639 9960.07647657707 35085.7904074409 155021.02068609 53.7192817517607 53.7192817517607 53.7192817517607
507000 299.464670686739 -964.568661655199 25064.8156167791 10041.3894777334 35106.2050945125 155115.532969563 53.7301966167542 53.7301966167542 53.7301966167542
507100 301.596474630303 -4.07033775833925 24907.1846615285 10112.8712777014 35020.0559392298 155018.496902806 53.7189902287994 53.7189902287994 53.7189902287994
507200 295.312287036583 1004.36802751985 24965.4585660972 9902.15535239715 34867.6139184944 154871.525292949 53.7020080340759 53.7020080340759 53.7020080340759
507300 297.570338599166 530.420798982146 24903.3940126318 9977.87037797496 34881.2643906067 154764.817504825 53.6896714880443 53.6896714880443 53.6896714880443
507400 299.265142841413 -501.385754224943 25029.3903126229 10034.6990831638 35064.0893957867 154735.706983558 53.6863050202372 53.6863050202372 53.6863050202372
507500 300.248679045033 -436.868886757204 25027.1471564169 10067.6781656824 35094.8253220993 154551.367761774 53.664977419268 53.664977419268 53.664977419268
507600 296.891864369434 579.138763264392 25116.4716050837 9955.12036884793 35071.5919739316 154596.116402208 53.6701562865077 53.6701562865077 53.6701562865077
507700 298.99686910626 -190.218764133055 24997.7980427914 10025.7035610705 35023.5016038619 155187.848403118 53.7385450581392 53.7385450581392 53.7385450581392
507800 299.412392099105 -200.707265077978 24861.7490311097 10039.6365174975 34901.3855486072 155578.836250226 53.7836377150553 53.7836377150553 53.7836377150553
507900 295.158867684885 519.228702985921 24972.8529381841 9897.01102782526 34869.8639660093 155523.609166738 53.7772729569327 53.7772729569327 53.7772729569327
508000 297.560195763862 103.877070014997 25089.5899455237 9977.53027722296 35067.1202227466 155680.639273047 53.7953662663184 53.7953662663184 53.7953662663184
508100 302.568643335598 -585.655710259474 25017.6107217678 10145.4691951303 35163.0799168981 155966.700689037 53.8282955647438 53.8282955647438 53.8282955647438
508200 299.708809541358 -455.551601223614 25066.7680964871 10049.5757299556 35116.3438264428 155821.95553254 53.8116385977035 53.8116385977035 53.8116385977035
508300 298.09328814731 121.812714952651 24993.7419134833 9995.40546843514 34989.1473819184 155511.305133191 53.7758547482032 53.7758547482032 53.7758547482032
508400 295.736860858023 -114.038182317263 24992.762199711 9916.39179335476 34909.1539930657 155335.993344891 53.7556395273869 53.7556395273869 53.7556395273869
508500 300.827924771376 -24.7095228750008 24834.4861861951 10087.1009307391 34921.5871169341 155101.127564159 53.7285332775827 53.7285332775827 53.7285332775827
508600 299.433499028129 585.868767141667 25052.7674809382 10040.344256726 35093.1117376642 154795.340427215 53.6932008387521 53.6932008387521 53.6932008387521
508700 302.446155120726 615.63415915676 25028.4629688868 10141.3620265981 35169.8249954849 154873.567516651 53.7022440814091 53.7022440814091 53.7022440814091
508800 300.941289026316 -813.720746006581 25031.0978495536 10090.9021625642 35122.0000121178 155235.725150883 53.7440707533086 53.7440707533086 53.7440707533086
508900 299.521342155011 -633.531659537724 24961.4469283524 10043.289736231 35004.7366645834 155269.652082081 53.747985742533 53.747985742533 53.747985742533
509000 295.394376270214 510.77188831357 24959.6854726766 9904.90789734651 34864.5933700231 155089.79030153 53.7272241331461 53.7272241331461 53.7272241331461
509100 301.198618738588 458.08365873501 24809.4869585704 10099.5307191789 34909.0176777493 155005.988636873 53.7175453485601 53.7175453485601 53.7175453485601
509200 300.329510393058 150.581016356559 24918.626366875 10070.3885323032 34989.0148991781 154941.817924245 53.7101315082064 53.7101315082064 53.7101315082064
509300 300.12604161952 216.353298380353 24953.0257362257 10063.5659939484 35016.5917301742 154777.19917783 53.6911032308218 53.6911032308218 53.6911032308218
509400 302.111419113096 53.956386227471 24924.4503706855 10130.1379492566 35054.5883199421 154701.12512266 53.6823052740591 53.6823052740591 53.6823052740591
509500 301.028711131222 250.522860731743 24984.5102338931 10093.8335247256 35078.3437586186 154856.633497627 53.7002867257326 53.7002867257326 53.7002867257326
509600 300.134456385044 -1.94394390013843 25001.0885817069 10063.8481505641 35064.936732271 154982.030788838 53.7147776638841 53.7147776638841 53.7147776638841
509700 296.49581109576 798.931023009945 25062.7435561785 9941.84025414937 35004.5838103279 154942.576270966 53.7102191342935 53.7102191342935 53.7102191342935
509800 299.374122635012 -187.709989051915 24925.4089133111 10038.3532990358 34963.7622123469 155103.995512981 53.7288644372941 53.7288644372941 53.7288644372941
509900 300.702843709958 -454.545000353684 24922.5950200467 10082.9068211264 35005.5018411731 154995.050118317 53.7162817324592 53.7162817324592 53.7162817324592
510000 301.466167520118 847.019234589316 25036.3370080747 10108.5019327563 35144.838940831 154953.496226267 53.711480890806 53.711480890806 53.711480890806
510100 301.794354801908 -310.36547354843 25107.9997986716 10119.5064239056 35227.5062225772 155051.650297249 53.7228195351064 53.7228195351064 53.7228195351064
