Number,composition,Ag,Al,B,Ba,Bi,Br,C,Ca,Ce,Cl,Co,Cr,Cu,Er,F,Fe,Ga,Gd,Ge,H,Hf,I,In,K,La,Li,Lu,Mg,Mn,Mo,N,Na,Nb,Nd,Ni,O,P,Pb,Pr,S,Sb,Sc,Se,Si,Sm,Sn,Sr,Ta,Te,Ti,V,W,Y,Zn,Zr,Density (g/cm3),POAV (cm3/g),a,b,c,log_target
0,(AgI)0.5(LiPO3)0.5,0.142857143,0.0,0.0,0.0,0.0,0.0,0.0,0.0,0.0,0.0,0.0,0.0,0.0,0.0,0.0,0.0,0.0,0.0,0.0,0.0,0.0,0.142857143,0.0,0.0,0.0,0.142857143,0.0,0.0,0.0,0.0,0.0,0.0,0.0,0.0,0.0,0.428571429,0.142857143,0.0,0.0,0.0,0.0,0.0,0.0,0.0,0.0,0.0,0.0,0.0,0.0,0.0,0.0,0.0,0.0,0.0,0.0,3.16104,0.116436,4.88367532,7.50550936,4.74103668,-7.387216143
1,(K0.1Li0.9)(SbO3),0.0,0.0,0.0,0.0,0.0,0.0,0.0,0.0,0.0,0.0,0.0,0.0,0.0,0.0,0.0,0.0,0.0,0.0,0.0,0.0,0.0,0.0,0.0,0.02,0.0,0.18,0.0,0.0,0.0,0.0,0.0,0.0,0.0,0.0,0.0,0.6,0.0,0.0,0.0,0.0,0.2,0.0,0.0,0.0,0.0,0.0,0.0,0.0,0.0,0.0,0.0,0.0,0.0,0.0,0.0,3.88062,0.0337626,9.681,9.681,9.681,-7.866461092
2,(La0.55Li0.45)(Ti0.9Al0.1)O3,0.0,0.02,0.0,0.0,0.0,0.0,0.0,0.0,0.0,0.0,0.0,0.0,0.0,0.0,0.0,0.0,0.0,0.0,0.0,0.0,0.0,0.0,0.0,0.0,0.11,0.09,0.0,0.0,0.0,0.0,0.0,0.0,0.0,0.0,0.0,0.6,0.0,0.0,0.0,0.0,0.0,0.0,0.0,0.0,0.0,0.0,0.0,0.0,0.0,0.18,0.0,0.0,0.0,0.0,0.0,6.72759,0.0,3.8697,3.8697,3.8697,-2.821023053
3,(La0.5Li0.5)0.75(La0.5Na0.5)0.25TiO3,0.0,0.0,0.0,0.0,0.0,0.0,0.0,0.0,0.0,0.0,0.0,0.0,0.0,0.0,0.0,0.0,0.0,0.0,0.0,0.0,0.0,0.0,0.0,0.0,0.1,0.075,0.0,0.0,0.0,0.0,0.0,0.025,0.0,0.0,0.0,0.6,0.0,0.0,0.0,0.0,0.0,0.0,0.0,0.0,0.0,0.0,0.0,0.0,0.0,0.2,0.0,0.0,0.0,0.0,0.0,4.77851,0.0,7.80140248,7.80140248,7.80140248,-3.800244823
4,(La0.65Li0.35)(Ti0.7Al0.3)O3,0.0,0.06,0.0,0.0,0.0,0.0,0.0,0.0,0.0,0.0,0.0,0.0,0.0,0.0,0.0,0.0,0.0,0.0,0.0,0.0,0.0,0.0,0.0,0.0,0.13,0.07,0.0,0.0,0.0,0.0,0.0,0.0,0.0,0.0,0.0,0.6,0.0,0.0,0.0,0.0,0.0,0.0,0.0,0.0,0.0,0.0,0.0,0.0,0.0,0.14,0.0,0.0,0.0,0.0,0.0,6.7816,0.0,3.8594,3.8594,3.8594,-3.793174124
5,(La0.6Li0.4)(Ti0.8Al0.2)O3,0.0,0.04,0.0,0.0,0.0,0.0,0.0,0.0,0.0,0.0,0.0,0.0,0.0,0.0,0.0,0.0,0.0,0.0,0.0,0.0,0.0,0.0,0.0,0.0,0.12,0.08,0.0,0.0,0.0,0.0,0.0,0.0,0.0,0.0,0.0,0.6,0.0,0.0,0.0,0.0,0.0,0.0,0.0,0.0,0.0,0.0,0.0,0.0,0.0,0.16,0.0,0.0,0.0,0.0,0.0,6.76949,0.0,3.8617,3.8617,3.8617,-3.245651664
6,(La0.7Li0.3)(Ti0.6Al0.4)O3,0.0,0.08,0.0,0.0,0.0,0.0,0.0,0.0,0.0,0.0,0.0,0.0,0.0,0.0,0.0,0.0,0.0,0.0,0.0,0.0,0.0,0.0,0.0,0.0,0.14,0.06,0.0,0.0,0.0,0.0,0.0,0.0,0.0,0.0,0.0,0.6,0.0,0.0,0.0,0.0,0.0,0.0,0.0,0.0,0.0,0.0,0.0,0.0,0.0,0.12,0.0,0.0,0.0,0.0,0.0,5.44664,0.00294126,3.8472,3.8472,3.8472,-6.982966661
7,(La0.9Sr0.1)LiO2,0.0,0.0,0.0,0.0,0.0,0.0,0.0,0.0,0.0,0.0,0.0,0.0,0.0,0.0,0.0,0.0,0.0,0.0,0.0,0.0,0.0,0.0,0.0,0.0,0.225,0.25,0.0,0.0,0.0,0.0,0.0,0.0,0.0,0.0,0.0,0.5,0.0,0.0,0.0,0.0,0.0,0.0,0.0,0.0,0.0,0.0,0.025,0.0,0.0,0.0,0.0,0.0,0.0,0.0,0.0,5.66203,0.0,5.8748,6.2152,5.8521,-9.201349355
8,(Li0.55Mg0.45)(Li0.445Mg0.055)Ti1.5O4,0.0,0.0,0.0,0.0,0.0,0.0,0.0,0.0,0.0,0.0,0.0,0.0,0.0,0.0,0.0,0.0,0.0,0.0,0.0,0.0,0.0,0.0,0.0,0.0,0.0,0.142142857,0.0,0.072142857,0.0,0.0,0.0,0.0,0.0,0.0,0.0,0.571428571,0.0,0.0,0.0,0.0,0.0,0.0,0.0,0.0,0.0,0.0,0.0,0.0,0.0,0.214285714,0.0,0.0,0.0,0.0,0.0,3.29978,0.00784901,8.3806,8.3806,8.3806,-10.81530857
9,(Li0.5Ce0.25Pr0.25)(MoO4),0.0,0.0,0.0,0.0,0.0,0.0,0.0,0.0,0.041666667,0.0,0.0,0.0,0.0,0.0,0.0,0.0,0.0,0.0,0.0,0.0,0.0,0.0,0.0,0.0,0.0,0.083333333,0.0,0.0,0.0,0.166666667,0.0,0.0,0.0,0.0,0.0,0.666666667,0.0,0.0,0.041666667,0.0,0.0,0.0,0.0,0.0,0.0,0.0,0.0,0.0,0.0,0.0,0.0,0.0,0.0,0.0,0.0,3.42934,0.0247336,5.284,5.284,11.5763,-9.0
10,(Li0.5Ce0.25Sm0.25)(MoO4),0.0,0.0,0.0,0.0,0.0,0.0,0.0,0.0,0.041666667,0.0,0.0,0.0,0.0,0.0,0.0,0.0,0.0,0.0,0.0,0.0,0.0,0.0,0.0,0.0,0.0,0.083333333,0.0,0.0,0.0,0.166666667,0.0,0.0,0.0,0.0,0.0,0.666666667,0.0,0.0,0.0,0.0,0.0,0.0,0.0,0.0,0.041666667,0.0,0.0,0.0,0.0,0.0,0.0,0.0,0.0,0.0,0.0,3.48925,0.0207896,5.2546,5.2546,11.5052,-9.744727495
11,(Li0.5Ce0.5)(MoO4),0.0,0.0,0.0,0.0,0.0,0.0,0.0,0.0,0.083333333,0.0,0.0,0.0,0.0,0.0,0.0,0.0,0.0,0.0,0.0,0.0,0.0,0.0,0.0,0.0,0.0,0.083333333,0.0,0.0,0.0,0.166666667,0.0,0.0,0.0,0.0,0.0,0.666666667,0.0,0.0,0.0,0.0,0.0,0.0,0.0,0.0,0.0,0.0,0.0,0.0,0.0,0.0,0.0,0.0,0.0,0.0,0.0,3.40158,0.0253941,5.2943,5.2943,11.6254,-7.886056648
12,(Li0.61Mg0.39)(Li0.46Mg0.005Ti0.035)Ti1.5O4,0.0,0.0,0.0,0.0,0.0,0.0,0.0,0.0,0.0,0.0,0.0,0.0,0.0,0.0,0.0,0.0,0.0,0.0,0.0,0.0,0.0,0.0,0.0,0.0,0.0,0.152857143,0.0,0.056428571,0.0,0.0,0.0,0.0,0.0,0.0,0.0,0.571428571,0.0,0.0,0.0,0.0,0.0,0.0,0.0,0.0,0.0,0.0,0.0,0.0,0.0,0.219285714,0.0,0.0,0.0,0.0,0.0,3.30143,0.00703331,8.3792,8.3792,8.3792,-9.183096161
13,(Li0.74Mg0.26)(Li0.40Mg0.04Ti1.56)O4,0.0,0.0,0.0,0.0,0.0,0.0,0.0,0.0,0.0,0.0,0.0,0.0,0.0,0.0,0.0,0.0,0.0,0.0,0.0,0.0,0.0,0.0,0.0,0.0,0.0,0.162857143,0.0,0.042857143,0.0,0.0,0.0,0.0,0.0,0.0,0.0,0.571428571,0.0,0.0,0.0,0.0,0.0,0.0,0.0,0.0,0.0,0.0,0.0,0.0,0.0,0.222857143,0.0,0.0,0.0,0.0,0.0,1.92136,0.0141774,8.3703,8.3703,8.3703,-8.821023053
14,(Li0.826Mg0.174)(Li0.374Mg0.026Ti1.60)O4,0.0,0.0,0.0,0.0,0.0,0.0,0.0,0.0,0.0,0.0,0.0,0.0,0.0,0.0,0.0,0.0,0.0,0.0,0.0,0.0,0.0,0.0,0.0,0.0,0.0,0.171428571,0.0,0.028571429,0.0,0.0,0.0,0.0,0.0,0.0,0.0,0.571428571,0.0,0.0,0.0,0.0,0.0,0.0,0.0,0.0,0.0,0.0,0.0,0.0,0.0,0.228571429,0.0,0.0,0.0,0.0,0.0,1.92391,0.0162793,8.3666,8.3666,8.3666,-8.372634143
15,(Li0.916Mg0.084)(Li0.352Mg0.016Ti1.634)O4,0.0,0.0,0.0,0.0,0.0,0.0,0.0,0.0,0.0,0.0,0.0,0.0,0.0,0.0,0.0,0.0,0.0,0.0,0.0,0.0,0.0,0.0,0.0,0.0,0.0,0.181142857,0.0,0.014285714,0.0,0.0,0.0,0.0,0.0,0.0,0.0,0.571428571,0.0,0.0,0.0,0.0,0.0,0.0,0.0,0.0,0.0,0.0,0.0,0.0,0.0,0.233428571,0.0,0.0,0.0,0.0,0.0,0.157536,4.1437,8.3649,8.3649,8.3649,-7.761953897
16,(Li2O)50((SeO2)0.5(B2O3)0.5)50,0.0,0.0,0.142857143,0.0,0.0,0.0,0.0,0.0,0.0,0.0,0.0,0.0,0.0,0.0,0.0,0.0,0.0,0.0,0.0,0.0,0.0,0.0,0.0,0.0,0.0,0.285714286,0.0,0.0,0.0,0.0,0.0,0.0,0.0,0.0,0.0,0.5,0.0,0.0,0.0,0.0,0.0,0.0,0.071428571,0.0,0.0,0.0,0.0,0.0,0.0,0.0,0.0,0.0,0.0,0.0,0.0,2.1957,0.063269,4.49604907,6.35820007,6.35820007,-6.122628654
17,(Li2O)50(Al2O3)2(P2O5)48,0.0,0.008064516,0.0,0.0,0.0,0.0,0.0,0.0,0.0,0.0,0.0,0.0,0.0,0.0,0.0,0.0,0.0,0.0,0.0,0.0,0.0,0.0,0.0,0.0,0.0,0.201612903,0.0,0.0,0.0,0.0,0.0,0.0,0.0,0.0,0.0,0.596774194,0.193548387,0.0,0.0,0.0,0.0,0.0,0.0,0.0,0.0,0.0,0.0,0.0,0.0,0.0,0.0,0.0,0.0,0.0,0.0,1.54821,0.268077,19.96062565,6.12504148,18.67160826,-8.500312917
18,(Li2O)50(Al2O5)5(P2O5)45,0.0,0.02,0.0,0.0,0.0,0.0,0.0,0.0,0.0,0.0,0.0,0.0,0.0,0.0,0.0,0.0,0.0,0.0,0.0,0.0,0.0,0.0,0.0,0.0,0.0,0.2,0.0,0.0,0.0,0.0,0.0,0.0,0.0,0.0,0.0,0.6,0.18,0.0,0.0,0.0,0.0,0.0,0.0,0.0,0.0,0.0,0.0,0.0,0.0,0.0,0.0,0.0,0.0,0.0,0.0,2.15258,0.0967585,16.03822069,7.82296516,5.25768409,-7.93930216
19,(Li2S)(LaOI),0.0,0.0,0.0,0.0,0.0,0.0,0.0,0.0,0.0,0.0,0.0,0.0,0.0,0.0,0.0,0.0,0.0,0.0,0.0,0.0,0.0,0.166666667,0.0,0.0,0.166666667,0.333333333,0.0,0.0,0.0,0.0,0.0,0.0,0.0,0.0,0.0,0.166666667,0.0,0.0,0.0,0.166666667,0.0,0.0,0.0,0.0,0.0,0.0,0.0,0.0,0.0,0.0,0.0,0.0,0.0,0.0,0.0,4.12033,0.0383756,4.02154922,4.02154922,9.43087238,-6.560667306
20,(Li2S)0.3((P2S5)0.4(Sb2S3)0.6)0.7,0.0,0.0,0.0,0.0,0.0,0.0,0.0,0.0,0.0,0.0,0.0,0.0,0.0,0.0,0.0,0.0,0.0,0.0,0.0,0.0,0.0,0.0,0.0,0.0,0.0,0.12,0.0,0.0,0.0,0.0,0.0,0.0,0.0,0.0,0.0,0.0,0.112,0.0,0.0,0.592,0.168,0.0,0.0,0.0,0.0,0.0,0.0,0.0,0.0,0.0,0.0,0.0,0.0,0.0,0.0,2.63198,0.111726,17.45780883,15.16396802,15.23333033,-7.525783736
21,(Li2S)0.5((P2S5)0.4(Sb2S3)0.6)0.5,0.0,0.0,0.0,0.0,0.0,0.0,0.0,0.0,0.0,0.0,0.0,0.0,0.0,0.0,0.0,0.0,0.0,0.0,0.0,0.0,0.0,0.0,0.0,0.0,0.0,0.227272727,0.0,0.0,0.0,0.0,0.0,0.0,0.0,0.0,0.0,0.0,0.090909091,0.0,0.0,0.545454545,0.136363636,0.0,0.0,0.0,0.0,0.0,0.0,0.0,0.0,0.0,0.0,0.0,0.0,0.0,0.0,2.72469,0.071641,6.67780208,8.46343784,9.98846194,-6.645891561
22,(Li2S)2(LaOI)5,0.0,0.0,0.0,0.0,0.0,0.0,0.0,0.0,0.0,0.0,0.0,0.0,0.0,0.0,0.0,0.0,0.0,0.0,0.0,0.0,0.0,0.238095238,0.0,0.0,0.238095238,0.19047619,0.0,0.0,0.0,0.0,0.0,0.0,0.0,0.0,0.0,0.238095238,0.0,0.0,0.0,0.095238095,0.0,0.0,0.0,0.0,0.0,0.0,0.0,0.0,0.0,0.0,0.0,0.0,0.0,0.0,0.0,3.8657,0.0855213,9.68283218,16.18618172,4.19118211,-7.159893906
23,(Li2S)7(LaOI)3,0.0,0.0,0.0,0.0,0.0,0.0,0.0,0.0,0.0,0.0,0.0,0.0,0.0,0.0,0.0,0.0,0.0,0.0,0.0,0.0,0.0,0.1,0.0,0.0,0.1,0.466666667,0.0,0.0,0.0,0.0,0.0,0.0,0.0,0.0,0.0,0.1,0.0,0.0,0.0,0.233333333,0.0,0.0,0.0,0.0,0.0,0.0,0.0,0.0,0.0,0.0,0.0,0.0,0.0,0.0,0.0,3.23556,0.0353632,10.02077348,8.13789242,7.65417154,-5.540607512
24,(Li2S)9(LaOI),0.0,0.0,0.0,0.0,0.0,0.0,0.0,0.0,0.0,0.0,0.0,0.0,0.0,0.0,0.0,0.0,0.0,0.0,0.0,0.0,0.0,0.033333333,0.0,0.0,0.033333333,0.6,0.0,0.0,0.0,0.0,0.0,0.0,0.0,0.0,0.0,0.033333333,0.0,0.0,0.0,0.3,0.0,0.0,0.0,0.0,0.0,0.0,0.0,0.0,0.0,0.0,0.0,0.0,0.0,0.0,0.0,2.05464,0.0641863,9.26278876,9.26278876,9.26278876,-8.089909454
25,(Li6.26Al0.24)La3Zr2O12,0.0,0.010212766,0.0,0.0,0.0,0.0,0.0,0.0,0.0,0.0,0.0,0.0,0.0,0.0,0.0,0.0,0.0,0.0,0.0,0.0,0.0,0.0,0.0,0.0,0.127659574,0.266382979,0.0,0.0,0.0,0.0,0.0,0.0,0.0,0.0,0.0,0.510638298,0.0,0.0,0.0,0.0,0.0,0.0,0.0,0.0,0.0,0.0,0.0,0.0,0.0,0.0,0.0,0.0,0.0,0.0,0.085106383,5.45944,0.0,12.96328,12.96328,12.96328,-3.677780705
26,(LiCl)0.25((Li2O)0.6(P2O5)0.4)0.75,0.0,0.0,0.0,0.0,0.0,0.0,0.0,0.0,0.0,0.0625,0.0,0.0,0.0,0.0,0.0,0.0,0.0,0.0,0.0,0.0,0.0,0.0,0.0,0.0,0.0,0.2875,0.0,0.0,0.0,0.0,0.0,0.0,0.0,0.0,0.0,0.4875,0.15,0.0,0.0,0.0,0.0,0.0,0.0,0.0,0.0,0.0,0.0,0.0,0.0,0.0,0.0,0.0,0.0,0.0,0.0,1.84227,0.134725,8.74668104,19.66786163,7.1563754,-5.610833916
27,(LiCl)0.5(P2O5)0.5,0.0,0.0,0.0,0.0,0.0,0.0,0.0,0.0,0.0,0.111111111,0.0,0.0,0.0,0.0,0.0,0.0,0.0,0.0,0.0,0.0,0.0,0.0,0.0,0.0,0.0,0.111111111,0.0,0.0,0.0,0.0,0.0,0.0,0.0,0.0,0.0,0.555555556,0.222222222,0.0,0.0,0.0,0.0,0.0,0.0,0.0,0.0,0.0,0.0,0.0,0.0,0.0,0.0,0.0,0.0,0.0,0.0,1.81442,0.209356,4.72352226,6.00495107,6.38219414,-7.165859166
28,(YPO4)0.5(Li3PO4)0.5,0.0,0.0,0.0,0.0,0.0,0.0,0.0,0.0,0.0,0.0,0.0,0.0,0.0,0.0,0.0,0.0,0.0,0.0,0.0,0.0,0.0,0.0,0.0,0.0,0.0,0.214285714,0.0,0.0,0.0,0.0,0.0,0.0,0.0,0.0,0.0,0.571428571,0.142857143,0.0,0.0,0.0,0.0,0.0,0.0,0.0,0.0,0.0,0.0,0.0,0.0,0.0,0.0,0.0,0.071428571,0.0,0.0,2.86267,0.0379086,6.81892939,5.11043716,5.27687478,-10.1753005
29,(YPO4)0.7(Li3PO4)0.3,0.0,0.0,0.0,0.0,0.0,0.0,0.0,0.0,0.0,0.0,0.0,0.0,0.0,0.0,0.0,0.0,0.0,0.0,0.0,0.0,0.0,0.0,0.0,0.0,0.0,0.136363636,0.0,0.0,0.0,0.0,0.0,0.0,0.0,0.0,0.0,0.606060606,0.151515152,0.0,0.0,0.0,0.0,0.0,0.0,0.0,0.0,0.0,0.0,0.0,0.0,0.0,0.0,0.0,0.106060606,0.0,0.0,2.9392,0.0659023,8.27378347,9.0945991,12.54906301,-8.182516656
30,(YPO4)0.8(Li3PO4)0.2,0.0,0.0,0.0,0.0,0.0,0.0,0.0,0.0,0.0,0.0,0.0,0.0,0.0,0.0,0.0,0.0,0.0,0.0,0.0,0.0,0.0,0.0,0.0,0.0,0.0,0.09375,0.0,0.0,0.0,0.0,0.0,0.0,0.0,0.0,0.0,0.625,0.15625,0.0,0.0,0.0,0.0,0.0,0.0,0.0,0.0,0.0,0.0,0.0,0.0,0.0,0.0,0.0,0.125,0.0,0.0,2.60345,0.121516,8.15818977,8.15818977,8.15818977,-4.851039883
31,(YPO4)0.9(Li3PO4)0.1,0.0,0.0,0.0,0.0,0.0,0.0,0.0,0.0,0.0,0.0,0.0,0.0,0.0,0.0,0.0,0.0,0.0,0.0,0.0,0.0,0.0,0.0,0.0,0.0,0.0,0.048387097,0.0,0.0,0.0,0.0,0.0,0.0,0.0,0.0,0.0,0.64516129,0.161290323,0.0,0.0,0.0,0.0,0.0,0.0,0.0,0.0,0.0,0.0,0.0,0.0,0.0,0.0,0.0,0.14516129,0.0,0.0,3.11025,0.0790355,8.79856729,9.52724351,13.0320177,-6.333347081
32,Ba3LiTa5ZrSi4O26,0.0,0.0,0.0,0.075,0.0,0.0,0.0,0.0,0.0,0.0,0.0,0.0,0.0,0.0,0.0,0.0,0.0,0.0,0.0,0.0,0.0,0.0,0.0,0.0,0.0,0.025,0.0,0.0,0.0,0.0,0.0,0.0,0.0,0.0,0.0,0.65,0.0,0.0,0.0,0.0,0.0,0.0,0.0,0.1,0.0,0.0,0.0,0.125,0.0,0.0,0.0,0.0,0.0,0.0,0.025,6.06611,0.0209953,9.0495,9.0495,7.8198,-10.0
33,Fe0.16La2.95Li5.68Zr2O12,0.0,0.0,0.0,0.0,0.0,0.0,0.0,0.0,0.0,0.0,0.0,0.0,0.0,0.0,0.0,0.007017544,0.0,0.0,0.0,0.0,0.0,0.0,0.0,0.0,0.129385965,0.249122807,0.0,0.0,0.0,0.0,0.0,0.0,0.0,0.0,0.0,0.526315789,0.0,0.0,0.0,0.0,0.0,0.0,0.0,0.0,0.0,0.0,0.0,0.0,0.0,0.0,0.0,0.0,0.0,0.0,0.087719298,5.18742,0.0,12.9783,12.9783,12.9783,-3.029188389
34,Fe0.19La2.95Li5.57Zr2O12,0.0,0.0,0.0,0.0,0.0,0.0,0.0,0.0,0.0,0.0,0.0,0.0,0.0,0.0,0.0,0.008370044,0.0,0.0,0.0,0.0,0.0,0.0,0.0,0.0,0.129955947,0.245374449,0.0,0.0,0.0,0.0,0.0,0.0,0.0,0.0,0.0,0.528634361,0.0,0.0,0.0,0.0,0.0,0.0,0.0,0.0,0.0,0.0,0.0,0.0,0.0,0.0,0.0,0.0,0.0,0.0,0.088105727,5.1891,0.0,12.9769,12.9769,12.9769,-2.860120914
35,Fe2Na2K(Li3Si12O30),0.0,0.0,0.0,0.0,0.0,0.0,0.0,0.0,0.0,0.0,0.0,0.0,0.0,0.0,0.0,0.04,0.0,0.0,0.0,0.0,0.0,0.0,0.0,0.02,0.0,0.06,0.0,0.0,0.0,0.0,0.0,0.04,0.0,0.0,0.0,0.6,0.0,0.0,0.0,0.0,0.0,0.0,0.0,0.24,0.0,0.0,0.0,0.0,0.0,0.0,0.0,0.0,0.0,0.0,0.0,2.90643,0.0204994,10.0617,10.0617,14.0832,-10.0
36,La(Li0.76Mg0.08)O2,0.0,0.0,0.0,0.0,0.0,0.0,0.0,0.0,0.0,0.0,0.0,0.0,0.0,0.0,0.0,0.0,0.0,0.0,0.0,0.0,0.0,0.0,0.0,0.0,0.263157895,0.2,0.0,0.021052632,0.0,0.0,0.0,0.0,0.0,0.0,0.0,0.526315789,0.0,0.0,0.0,0.0,0.0,0.0,0.0,0.0,0.0,0.0,0.0,0.0,0.0,0.0,0.0,0.0,0.0,0.0,0.0,5.66717,0.0,5.875,6.212,5.849,-9.138465589
37,La0.565Li0.305TiO3,0.0,0.0,0.0,0.0,0.0,0.0,0.0,0.0,0.0,0.0,0.0,0.0,0.0,0.0,0.0,0.0,0.0,0.0,0.0,0.0,0.0,0.0,0.0,0.0,0.115306122,0.062244898,0.0,0.0,0.0,0.0,0.0,0.0,0.0,0.0,0.0,0.612244898,0.0,0.0,0.0,0.0,0.0,0.0,0.0,0.0,0.0,0.0,0.0,0.0,0.0,0.204081633,0.0,0.0,0.0,0.0,0.0,6.70712,0.0,3.8727,3.8727,7.751,-3.019088062
38,La0.56Li0.33TiO3,0.0,0.0,0.0,0.0,0.0,0.0,0.0,0.0,0.0,0.0,0.0,0.0,0.0,0.0,0.0,0.0,0.0,0.0,0.0,0.0,0.0,0.0,0.0,0.0,0.114285714,0.067346939,0.0,0.0,0.0,0.0,0.0,0.0,0.0,0.0,0.0,0.612244898,0.0,0.0,0.0,0.0,0.0,0.0,0.0,0.0,0.0,0.0,0.0,0.0,0.0,0.204081633,0.0,0.0,0.0,0.0,0.0,6.70669,0.0,3.8741,3.8741,7.7459,-3.175223538
39,La0.595Li0.215TiO3,0.0,0.0,0.0,0.0,0.0,0.0,0.0,0.0,0.0,0.0,0.0,0.0,0.0,0.0,0.0,0.0,0.0,0.0,0.0,0.0,0.0,0.0,0.0,0.0,0.123958333,0.044791667,0.0,0.0,0.0,0.0,0.0,0.0,0.0,0.0,0.0,0.625,0.0,0.0,0.0,0.0,0.0,0.0,0.0,0.0,0.0,0.0,0.0,0.0,0.0,0.208333333,0.0,0.0,0.0,0.0,0.0,6.71073,0.0,3.8654,3.8671,7.7727,-3.069050969
40,La0.5Li0.5TiO3,0.0,0.0,0.0,0.0,0.0,0.0,0.0,0.0,0.0,0.0,0.0,0.0,0.0,0.0,0.0,0.0,0.0,0.0,0.0,0.0,0.0,0.0,0.0,0.0,0.1,0.1,0.0,0.0,0.0,0.0,0.0,0.0,0.0,0.0,0.0,0.6,0.0,0.0,0.0,0.0,0.0,0.0,0.0,0.0,0.0,0.0,0.0,0.0,0.0,0.2,0.0,0.0,0.0,0.0,0.0,6.72473,0.0,3.8688,3.8688,7.7463,-3.033858267
41,La0.62Li0.14(Mg0.5W0.5)O3,0.0,0.0,0.0,0.0,0.0,0.0,0.0,0.0,0.0,0.0,0.0,0.0,0.0,0.0,0.0,0.0,0.0,0.0,0.0,0.0,0.0,0.0,0.0,0.0,0.129166667,0.029166667,0.0,0.104166667,0.0,0.0,0.0,0.0,0.0,0.0,0.0,0.625,0.0,0.0,0.0,0.0,0.0,0.0,0.0,0.0,0.0,0.0,0.0,0.0,0.0,0.0,0.0,0.104166667,0.0,0.0,0.0,7.98826,0.0,5.533,5.533,7.903,-4.920818754
42,La0.62Li0.14TiO3,0.0,0.0,0.0,0.0,0.0,0.0,0.0,0.0,0.0,0.0,0.0,0.0,0.0,0.0,0.0,0.0,0.0,0.0,0.0,0.0,0.0,0.0,0.0,0.0,0.129166667,0.029166667,0.0,0.0,0.0,0.0,0.0,0.0,0.0,0.0,0.0,0.625,0.0,0.0,0.0,0.0,0.0,0.0,0.0,0.0,0.0,0.0,0.0,0.0,0.0,0.208333333,0.0,0.0,0.0,0.0,0.0,6.68552,0.0,3.8655,3.8757,7.7845,-3.354577731
43,La0.63Li0.11(Mg0.5W0.5)O3,0.0,0.0,0.0,0.0,0.0,0.0,0.0,0.0,0.0,0.0,0.0,0.0,0.0,0.0,0.0,0.0,0.0,0.0,0.0,0.0,0.0,0.0,0.0,0.0,0.134042553,0.023404255,0.0,0.106382979,0.0,0.0,0.0,0.0,0.0,0.0,0.0,0.638297872,0.0,0.0,0.0,0.0,0.0,0.0,0.0,0.0,0.0,0.0,0.0,0.0,0.0,0.0,0.0,0.106382979,0.0,0.0,0.0,7.98537,0.0,5.534,5.534,7.903,-5.167491087
44,La0.64Li0.08TiO3,0.0,0.0,0.0,0.0,0.0,0.0,0.0,0.0,0.0,0.0,0.0,0.0,0.0,0.0,0.0,0.0,0.0,0.0,0.0,0.0,0.0,0.0,0.0,0.0,0.136170213,0.017021277,0.0,0.0,0.0,0.0,0.0,0.0,0.0,0.0,0.0,0.638297872,0.0,0.0,0.0,0.0,0.0,0.0,0.0,0.0,0.0,0.0,0.0,0.0,0.0,0.212765957,0.0,0.0,0.0,0.0,0.0,6.68434,0.0,3.8638,3.8753,7.7901,-3.474955193
45,La0.65Li0.05(Mg0.5W0.5)O3,0.0,0.0,0.0,0.0,0.0,0.0,0.0,0.0,0.0,0.0,0.0,0.0,0.0,0.0,0.0,0.0,0.0,0.0,0.0,0.0,0.0,0.0,0.0,0.0,0.138297872,0.010638298,0.0,0.106382979,0.0,0.0,0.0,0.0,0.0,0.0,0.0,0.638297872,0.0,0.0,0.0,0.0,0.0,0.0,0.0,0.0,0.0,0.0,0.0,0.0,0.0,0.0,0.0,0.106382979,0.0,0.0,0.0,7.98826,0.0,5.533,5.533,7.903,-6.744727495
46,La3Li5.08Ta1.51Zr0.39O12,0.0,0.0,0.0,0.0,0.0,0.0,0.0,0.0,0.0,0.0,0.0,0.0,0.0,0.0,0.0,0.0,0.0,0.0,0.0,0.0,0.0,0.0,0.0,0.0,0.136363636,0.230909091,0.0,0.0,0.0,0.0,0.0,0.0,0.0,0.0,0.0,0.545454545,0.0,0.0,0.0,0.0,0.0,0.0,0.0,0.0,0.0,0.0,0.0,0.068636364,0.0,0.0,0.0,0.0,0.0,0.0,0.017727273,5.62306,0.0,12.8363,12.8363,12.8363,-3.987162775
47,LaLiO2,0.0,0.0,0.0,0.0,0.0,0.0,0.0,0.0,0.0,0.0,0.0,0.0,0.0,0.0,0.0,0.0,0.0,0.0,0.0,0.0,0.0,0.0,0.0,0.0,0.25,0.25,0.0,0.0,0.0,0.0,0.0,0.0,0.0,0.0,0.0,0.5,0.0,0.0,0.0,0.0,0.0,0.0,0.0,0.0,0.0,0.0,0.0,0.0,0.0,0.0,0.0,0.0,0.0,0.0,0.0,5.66823,0.0,5.874,6.2129,5.8481,-10.0
48,Li(LaTiO4),0.0,0.0,0.0,0.0,0.0,0.0,0.0,0.0,0.0,0.0,0.0,0.0,0.0,0.0,0.0,0.0,0.0,0.0,0.0,0.0,0.0,0.0,0.0,0.0,0.142857143,0.142857143,0.0,0.0,0.0,0.0,0.0,0.0,0.0,0.0,0.0,0.571428571,0.0,0.0,0.0,0.0,0.0,0.0,0.0,0.0,0.0,0.0,0.0,0.0,0.0,0.142857143,0.0,0.0,0.0,0.0,0.0,4.9866,0.0,3.77,3.77,12.076,-10.0
49,Li(Li0.34Ti1.66)O4,0.0,0.0,0.0,0.0,0.0,0.0,0.0,0.0,0.0,0.0,0.0,0.0,0.0,0.0,0.0,0.0,0.0,0.0,0.0,0.0,0.0,0.0,0.0,0.0,0.0,0.191428571,0.0,0.0,0.0,0.0,0.0,0.0,0.0,0.0,0.0,0.571428571,0.0,0.0,0.0,0.0,0.0,0.0,0.0,0.0,0.0,0.0,0.0,0.0,0.0,0.237142857,0.0,0.0,0.0,0.0,0.0,1.92709,0.0209124,8.362,8.362,8.362,-7.219682688
50,Li(NdTiO4),0.0,0.0,0.0,0.0,0.0,0.0,0.0,0.0,0.0,0.0,0.0,0.0,0.0,0.0,0.0,0.0,0.0,0.0,0.0,0.0,0.0,0.0,0.0,0.0,0.0,0.142857143,0.0,0.0,0.0,0.0,0.0,0.0,0.0,0.142857143,0.0,0.571428571,0.0,0.0,0.0,0.0,0.0,0.0,0.0,0.0,0.0,0.0,0.0,0.0,0.0,0.142857143,0.0,0.0,0.0,0.0,0.0,5.23229,0.0,3.7465,3.7465,11.895,-10.0
51,Li(Ti0.4Sn1.6)(PO4)3,0.0,0.0,0.0,0.0,0.0,0.0,0.0,0.0,0.0,0.0,0.0,0.0,0.0,0.0,0.0,0.0,0.0,0.0,0.0,0.0,0.0,0.0,0.0,0.0,0.0,0.055555556,0.0,0.0,0.0,0.0,0.0,0.0,0.0,0.0,0.0,0.666666667,0.166666667,0.0,0.0,0.0,0.0,0.0,0.0,0.0,0.0,0.088888889,0.0,0.0,0.0,0.022222222,0.0,0.0,0.0,0.0,0.0,2.81495,0.0748647,8.6121,8.6121,21.3574,-5.501689446
52,Li(Ti0.6Sn1.4)(PO4)3,0.0,0.0,0.0,0.0,0.0,0.0,0.0,0.0,0.0,0.0,0.0,0.0,0.0,0.0,0.0,0.0,0.0,0.0,0.0,0.0,0.0,0.0,0.0,0.0,0.0,0.055555556,0.0,0.0,0.0,0.0,0.0,0.0,0.0,0.0,0.0,0.666666667,0.166666667,0.0,0.0,0.0,0.0,0.0,0.0,0.0,0.0,0.077777778,0.0,0.0,0.0,0.033333333,0.0,0.0,0.0,0.0,0.0,2.83336,0.073743,8.5983,8.5983,21.2868,-5.025949097
53,Li(Ti1.4Sn0.6)(PO4)3,0.0,0.0,0.0,0.0,0.0,0.0,0.0,0.0,0.0,0.0,0.0,0.0,0.0,0.0,0.0,0.0,0.0,0.0,0.0,0.0,0.0,0.0,0.0,0.0,0.0,0.055555556,0.0,0.0,0.0,0.0,0.0,0.0,0.0,0.0,0.0,0.666666667,0.166666667,0.0,0.0,0.0,0.0,0.0,0.0,0.0,0.0,0.033333333,0.0,0.0,0.0,0.077777778,0.0,0.0,0.0,0.0,0.0,2.89867,0.0746203,8.5491,8.5491,21.0473,-4.642065153
54,Li0.02Na0.48La0.5Nb2O6,0.0,0.0,0.0,0.0,0.0,0.0,0.0,0.0,0.0,0.0,0.0,0.0,0.0,0.0,0.0,0.0,0.0,0.0,0.0,0.0,0.0,0.0,0.0,0.0,0.055555556,0.002222222,0.0,0.0,0.0,0.0,0.0,0.053333333,0.222222222,0.0,0.0,0.666666667,0.0,0.0,0.0,0.0,0.0,0.0,0.0,0.0,0.0,0.0,0.0,0.0,0.0,0.0,0.0,0.0,0.0,0.0,0.0,5.784,0.0185235,3.9167,3.9304,7.846,-5.399027104
55,Li0.04Na0.46La0.5Nb2O6,0.0,0.0,0.0,0.0,0.0,0.0,0.0,0.0,0.0,0.0,0.0,0.0,0.0,0.0,0.0,0.0,0.0,0.0,0.0,0.0,0.0,0.0,0.0,0.0,0.055555556,0.004444444,0.0,0.0,0.0,0.0,0.0,0.051111111,0.222222222,0.0,0.0,0.666666667,0.0,0.0,0.0,0.0,0.0,0.0,0.0,0.0,0.0,0.0,0.0,0.0,0.0,0.0,0.0,0.0,0.0,0.0,0.0,5.34286,0.0297294,3.918,3.923,7.86,-5.228412519
56,Li0.07Na0.43La0.5Nb2O6,0.0,0.0,0.0,0.0,0.0,0.0,0.0,0.0,0.0,0.0,0.0,0.0,0.0,0.0,0.0,0.0,0.0,0.0,0.0,0.0,0.0,0.0,0.0,0.0,0.055555556,0.007777778,0.0,0.0,0.0,0.0,0.0,0.047777778,0.222222222,0.0,0.0,0.666666667,0.0,0.0,0.0,0.0,0.0,0.0,0.0,0.0,0.0,0.0,0.0,0.0,0.0,0.0,0.0,0.0,0.0,0.0,0.0,5.77075,0.0146948,3.923,3.9311,7.85,-4.910094889
57,Li0.19La0.67(Ti0.9Co0.1)O3,0.0,0.0,0.0,0.0,0.0,0.0,0.0,0.0,0.0,0.0,0.020408163,0.0,0.0,0.0,0.0,0.0,0.0,0.0,0.0,0.0,0.0,0.0,0.0,0.0,0.136734694,0.03877551,0.0,0.0,0.0,0.0,0.0,0.0,0.0,0.0,0.0,0.612244898,0.0,0.0,0.0,0.0,0.0,0.0,0.0,0.0,0.0,0.0,0.0,0.0,0.0,0.183673469,0.0,0.0,0.0,0.0,0.0,6.64278,0.0,7.7722,7.7722,7.7722,-3.966576245
58,Li0.1Na0.1La0.6TiO3,0.0,0.0,0.0,0.0,0.0,0.0,0.0,0.0,0.0,0.0,0.0,0.0,0.0,0.0,0.0,0.0,0.0,0.0,0.0,0.0,0.0,0.0,0.0,0.0,0.125,0.020833333,0.0,0.0,0.0,0.0,0.0,0.020833333,0.0,0.0,0.0,0.625,0.0,0.0,0.0,0.0,0.0,0.0,0.0,0.0,0.0,0.0,0.0,0.0,0.0,0.208333333,0.0,0.0,0.0,0.0,0.0,3.72007,0.0578538,10.54982162,9.03138305,9.40610082,-4.211124884
59,Li0.1Na0.4La0.5Nb2O6,0.0,0.0,0.0,0.0,0.0,0.0,0.0,0.0,0.0,0.0,0.0,0.0,0.0,0.0,0.0,0.0,0.0,0.0,0.0,0.0,0.0,0.0,0.0,0.0,0.055555556,0.011111111,0.0,0.0,0.0,0.0,0.0,0.044444444,0.222222222,0.0,0.0,0.666666667,0.0,0.0,0.0,0.0,0.0,0.0,0.0,0.0,0.0,0.0,0.0,0.0,0.0,0.0,0.0,0.0,0.0,0.0,0.0,5.79819,0.0127523,3.915,3.915,7.861,-4.91721463
60,Li0.1Sr0.8Ti0.7Nb0.3O3,0.0,0.0,0.0,0.0,0.0,0.0,0.0,0.0,0.0,0.0,0.0,0.0,0.0,0.0,0.0,0.0,0.0,0.0,0.0,0.0,0.0,0.0,0.0,0.0,0.0,0.020408163,0.0,0.0,0.0,0.0,0.0,0.0,0.06122449,0.0,0.0,0.612244898,0.0,0.0,0.0,0.0,0.0,0.0,0.0,0.0,0.0,0.0,0.163265306,0.0,0.0,0.142857143,0.0,0.0,0.0,0.0,0.0,3.39148,0.0674926,9.35726921,7.92884766,12.66943426,-8.0
61,Li0.25La0.25TaO3,0.0,0.0,0.0,0.0,0.0,0.0,0.0,0.0,0.0,0.0,0.0,0.0,0.0,0.0,0.0,0.0,0.0,0.0,0.0,0.0,0.0,0.0,0.0,0.0,0.055555556,0.055555556,0.0,0.0,0.0,0.0,0.0,0.0,0.0,0.0,0.0,0.666666667,0.0,0.0,0.0,0.0,0.0,0.0,0.0,0.0,0.0,0.0,0.0,0.222222222,0.0,0.0,0.0,0.0,0.0,0.0,0.0,7.69969,0.0109095,5.00993713,9.12185725,5.00993713,-3.436518915
62,Li0.284Sm4.512Si3O12.91,0.0,0.0,0.0,0.0,0.0,0.0,0.0,0.0,0.0,0.0,0.0,0.0,0.0,0.0,0.0,0.0,0.0,0.0,0.0,0.0,0.0,0.0,0.0,0.0,0.0,0.013719807,0.0,0.0,0.0,0.0,0.0,0.0,0.0,0.0,0.0,0.623671498,0.0,0.0,0.0,0.0,0.0,0.0,0.0,0.144927536,0.217971014,0.0,0.0,0.0,0.0,0.0,0.0,0.0,0.0,0.0,0.0,4.69474,0.00846905,9.4601,9.4601,6.9113,-10.0
63,Li0.2Na0.3La0.5Nb2O6,0.0,0.0,0.0,0.0,0.0,0.0,0.0,0.0,0.0,0.0,0.0,0.0,0.0,0.0,0.0,0.0,0.0,0.0,0.0,0.0,0.0,0.0,0.0,0.0,0.055555556,0.022222222,0.0,0.0,0.0,0.0,0.0,0.033333333,0.222222222,0.0,0.0,0.666666667,0.0,0.0,0.0,0.0,0.0,0.0,0.0,0.0,0.0,0.0,0.0,0.0,0.0,0.0,0.0,0.0,0.0,0.0,0.0,5.80264,0.0179642,3.912,3.915,7.861,-4.928117993
64,Li0.2Zr1.2Nb0.8(PO4)3,0.0,0.0,0.0,0.0,0.0,0.0,0.0,0.0,0.0,0.0,0.0,0.0,0.0,0.0,0.0,0.0,0.0,0.0,0.0,0.0,0.0,0.0,0.0,0.0,0.0,0.011627907,0.0,0.0,0.0,0.0,0.0,0.0,0.046511628,0.0,0.0,0.697674419,0.174418605,0.0,0.0,0.0,0.0,0.0,0.0,0.0,0.0,0.0,0.0,0.0,0.0,0.0,0.0,0.0,0.0,0.0,0.069767442,2.45412,0.167253,12.736237,12.736237,12.736237,-6.623423043
65,Li0.31La0.63(Ti0.9Co0.1)O3,0.0,0.0,0.0,0.0,0.0,0.0,0.0,0.0,0.0,0.0,0.020408163,0.0,0.0,0.0,0.0,0.0,0.0,0.0,0.0,0.0,0.0,0.0,0.0,0.0,0.128571429,0.063265306,0.0,0.0,0.0,0.0,0.0,0.0,0.0,0.0,0.0,0.612244898,0.0,0.0,0.0,0.0,0.0,0.0,0.0,0.0,0.0,0.0,0.0,0.0,0.0,0.183673469,0.0,0.0,0.0,0.0,0.0,2.91245,0.0,3.8845,3.8845,3.8845,-3.585026652
66,Li0.3Na0.2La0.5Nb2O6,0.0,0.0,0.0,0.0,0.0,0.0,0.0,0.0,0.0,0.0,0.0,0.0,0.0,0.0,0.0,0.0,0.0,0.0,0.0,0.0,0.0,0.0,0.0,0.0,0.055555556,0.033333333,0.0,0.0,0.0,0.0,0.0,0.022222222,0.222222222,0.0,0.0,0.666666667,0.0,0.0,0.0,0.0,0.0,0.0,0.0,0.0,0.0,0.0,0.0,0.0,0.0,0.0,0.0,0.0,0.0,0.0,0.0,5.83013,0.0144525,3.906,3.907,7.852,-4.954677021
67,Li0.3Sr0.6Ti0.20Fe0.30Ta0.5O3,0.0,0.0,0.0,0.0,0.0,0.0,0.0,0.0,0.0,0.0,0.0,0.0,0.0,0.0,0.0,0.06122449,0.0,0.0,0.0,0.0,0.0,0.0,0.0,0.0,0.0,0.06122449,0.0,0.0,0.0,0.0,0.0,0.0,0.0,0.0,0.0,0.612244898,0.0,0.0,0.0,0.0,0.0,0.0,0.0,0.0,0.0,0.0,0.12244898,0.102040816,0.0,0.040816327,0.0,0.0,0.0,0.0,0.0,4.34587,0.0530527,11.59414052,11.37521183,6.77871825,-7.0
68,Li0.3Sr0.6Ti0.35Fe0.15Ta0.5O3,0.0,0.0,0.0,0.0,0.0,0.0,0.0,0.0,0.0,0.0,0.0,0.0,0.0,0.0,0.0,0.030612245,0.0,0.0,0.0,0.0,0.0,0.0,0.0,0.0,0.0,0.06122449,0.0,0.0,0.0,0.0,0.0,0.0,0.0,0.0,0.0,0.612244898,0.0,0.0,0.0,0.0,0.0,0.0,0.0,0.0,0.0,0.0,0.12244898,0.102040816,0.0,0.071428571,0.0,0.0,0.0,0.0,0.0,4.62211,0.041189,11.34499183,12.63567539,11.65697182,-4.552841969
69,Li0.3Sr0.6Ti0.40Fe0.10Ta0.5O3,0.0,0.0,0.0,0.0,0.0,0.0,0.0,0.0,0.0,0.0,0.0,0.0,0.0,0.0,0.0,0.020408163,0.0,0.0,0.0,0.0,0.0,0.0,0.0,0.0,0.0,0.06122449,0.0,0.0,0.0,0.0,0.0,0.0,0.0,0.0,0.0,0.612244898,0.0,0.0,0.0,0.0,0.0,0.0,0.0,0.0,0.0,0.0,0.12244898,0.102040816,0.0,0.081632653,0.0,0.0,0.0,0.0,0.0,4.7089,0.0340589,6.9662756,16.30962706,6.83863419,-4.443697499
70,Li0.3Sr0.6Ti0.45Fe0.05Ta0.5O3,0.0,0.0,0.0,0.0,0.0,0.0,0.0,0.0,0.0,0.0,0.0,0.0,0.0,0.0,0.0,0.010204082,0.0,0.0,0.0,0.0,0.0,0.0,0.0,0.0,0.0,0.06122449,0.0,0.0,0.0,0.0,0.0,0.0,0.0,0.0,0.0,0.612244898,0.0,0.0,0.0,0.0,0.0,0.0,0.0,0.0,0.0,0.0,0.12244898,0.102040816,0.0,0.091836735,0.0,0.0,0.0,0.0,0.0,4.582,0.0408075,12.20513684,8.79178542,15.86846343,-4.22184875
71,Li0.3Sr0.6Ti0.5Nb0.5O3,0.0,0.0,0.0,0.0,0.0,0.0,0.0,0.0,0.0,0.0,0.0,0.0,0.0,0.0,0.0,0.0,0.0,0.0,0.0,0.0,0.0,0.0,0.0,0.0,0.0,0.06122449,0.0,0.0,0.0,0.0,0.0,0.0,0.102040816,0.0,0.0,0.612244898,0.0,0.0,0.0,0.0,0.0,0.0,0.0,0.0,0.0,0.0,0.12244898,0.0,0.0,0.102040816,0.0,0.0,0.0,0.0,0.0,3.73223,0.0445096,8.13156486,7.54617862,13.14467116,-5.26760624
72,Li0.3Sr0.6Ti0.5Ta0.5O3,0.0,0.0,0.0,0.0,0.0,0.0,0.0,0.0,0.0,0.0,0.0,0.0,0.0,0.0,0.0,0.0,0.0,0.0,0.0,0.0,0.0,0.0,0.0,0.0,0.0,0.06122449,0.0,0.0,0.0,0.0,0.0,0.0,0.0,0.0,0.0,0.612244898,0.0,0.0,0.0,0.0,0.0,0.0,0.0,0.0,0.0,0.0,0.12244898,0.102040816,0.0,0.102040816,0.0,0.0,0.0,0.0,0.0,4.22335,0.0542365,10.09770786,7.6863299,12.27947852,-3.769551079
73,Li0.4Na0.1La0.5Nb2O6,0.0,0.0,0.0,0.0,0.0,0.0,0.0,0.0,0.0,0.0,0.0,0.0,0.0,0.0,0.0,0.0,0.0,0.0,0.0,0.0,0.0,0.0,0.0,0.0,0.055555556,0.044444444,0.0,0.0,0.0,0.0,0.0,0.011111111,0.222222222,0.0,0.0,0.666666667,0.0,0.0,0.0,0.0,0.0,0.0,0.0,0.0,0.0,0.0,0.0,0.0,0.0,0.0,0.0,0.0,0.0,0.0,0.0,5.8376,0.0250788,3.903,3.904,7.854,-5.003488328
74,Li0.5(La0.4Nd0.1)TiO3,0.0,0.0,0.0,0.0,0.0,0.0,0.0,0.0,0.0,0.0,0.0,0.0,0.0,0.0,0.0,0.0,0.0,0.0,0.0,0.0,0.0,0.0,0.0,0.0,0.08,0.1,0.0,0.0,0.0,0.0,0.0,0.0,0.0,0.02,0.0,0.6,0.0,0.0,0.0,0.0,0.0,0.0,0.0,0.0,0.0,0.0,0.0,0.0,0.0,0.2,0.0,0.0,0.0,0.0,0.0,4.00158,0.0297683,8.47111096,9.78653157,9.78653157,-3.0
75,Li0.5La0.5TiO3,0.0,0.0,0.0,0.0,0.0,0.0,0.0,0.0,0.0,0.0,0.0,0.0,0.0,0.0,0.0,0.0,0.0,0.0,0.0,0.0,0.0,0.0,0.0,0.0,0.1,0.1,0.0,0.0,0.0,0.0,0.0,0.0,0.0,0.0,0.0,0.6,0.0,0.0,0.0,0.0,0.0,0.0,0.0,0.0,0.0,0.0,0.0,0.0,0.0,0.2,0.0,0.0,0.0,0.0,0.0,4.07184,0.0249371,5.16348287,5.16348287,5.16348287,-5.236572006
76,Li0.5Sr0.5Cr0.25Ta0.75O3,0.0,0.0,0.0,0.0,0.0,0.0,0.0,0.0,0.0,0.0,0.0,0.05,0.0,0.0,0.0,0.0,0.0,0.0,0.0,0.0,0.0,0.0,0.0,0.0,0.0,0.1,0.0,0.0,0.0,0.0,0.0,0.0,0.0,0.0,0.0,0.6,0.0,0.0,0.0,0.0,0.0,0.0,0.0,0.0,0.0,0.0,0.1,0.15,0.0,0.0,0.0,0.0,0.0,0.0,0.0,5.52578,0.025904,6.68457655,5.92986629,7.95640309,-4.200039473
77,Li0.5Sr0.5Fe0.25Ta0.75O3,0.0,0.0,0.0,0.0,0.0,0.0,0.0,0.0,0.0,0.0,0.0,0.0,0.0,0.0,0.0,0.05,0.0,0.0,0.0,0.0,0.0,0.0,0.0,0.0,0.0,0.1,0.0,0.0,0.0,0.0,0.0,0.0,0.0,0.0,0.0,0.6,0.0,0.0,0.0,0.0,0.0,0.0,0.0,0.0,0.0,0.0,0.1,0.15,0.0,0.0,0.0,0.0,0.0,0.0,0.0,5.73387,0.0187622,6.0740102,5.63807645,8.28574761,-3.900008766
78,Li0.6[Li0.2Sn0.8S2],0.0,0.0,0.0,0.0,0.0,0.0,0.0,0.0,0.0,0.0,0.0,0.0,0.0,0.0,0.0,0.0,0.0,0.0,0.0,0.0,0.0,0.0,0.0,0.0,0.0,0.222222222,0.0,0.0,0.0,0.0,0.0,0.0,0.0,0.0,0.0,0.0,0.0,0.0,0.0,0.555555556,0.0,0.0,0.0,0.0,0.0,0.222222222,0.0,0.0,0.0,0.0,0.0,0.0,0.0,0.0,0.0,4.41478,0.00321194,19.217,3.6996,6.529,-3.920818754
79,Li0.85Mg0.85In0.15PO4,0.0,0.0,0.0,0.0,0.0,0.0,0.0,0.0,0.0,0.0,0.0,0.0,0.0,0.0,0.0,0.0,0.0,0.0,0.0,0.0,0.0,0.0,0.022058824,0.0,0.0,0.125,0.0,0.125,0.0,0.0,0.0,0.0,0.0,0.0,0.0,0.588235294,0.147058824,0.0,0.0,0.0,0.0,0.0,0.0,0.0,0.0,0.0,0.0,0.0,0.0,0.0,0.0,0.0,0.0,0.0,0.0,2.43768,0.0907256,14.4024884,11.30580136,12.42794579,-8.899629455
80,Li0.86Hf2.035(PO4)3,0.0,0.0,0.0,0.0,0.0,0.0,0.0,0.0,0.0,0.0,0.0,0.0,0.0,0.0,0.0,0.0,0.0,0.0,0.0,0.0,0.113687151,0.0,0.0,0.0,0.0,0.048044693,0.0,0.0,0.0,0.0,0.0,0.0,0.0,0.0,0.0,0.670391061,0.167597765,0.0,0.0,0.0,0.0,0.0,0.0,0.0,0.0,0.0,0.0,0.0,0.0,0.0,0.0,0.0,0.0,0.0,0.0,5.7737,0.023174,8.8306,8.8306,22.02699,-7.036212173
81,Li0.91Hf2.022(PO4)3,0.0,0.0,0.0,0.0,0.0,0.0,0.0,0.0,0.0,0.0,0.0,0.0,0.0,0.0,0.0,0.0,0.0,0.0,0.0,0.0,0.112960894,0.0,0.0,0.0,0.0,0.050837989,0.0,0.0,0.0,0.0,0.0,0.0,0.0,0.0,0.0,0.670391061,0.167597765,0.0,0.0,0.0,0.0,0.0,0.0,0.0,0.0,0.0,0.0,0.0,0.0,0.0,0.0,0.0,0.0,0.0,0.0,5.7737,0.0167276,8.8306,8.8306,22.02699,-6.494850022
82,Li0.95Mg0.95In0.05PO4,0.0,0.0,0.0,0.0,0.0,0.0,0.0,0.0,0.0,0.0,0.0,0.0,0.0,0.0,0.0,0.0,0.0,0.0,0.0,0.0,0.0,0.0,0.007142857,0.0,0.0,0.135714286,0.0,0.135714286,0.0,0.0,0.0,0.0,0.0,0.0,0.0,0.571428571,0.142857143,0.0,0.0,0.0,0.0,0.0,0.0,0.0,0.0,0.0,0.0,0.0,0.0,0.0,0.0,0.0,0.0,0.0,0.0,2.1062,0.12958,12.70946597,19.61238658,8.95948766,-9.950781977
83,Li0.96Ga0.96Si2.04O6,0.0,0.0,0.0,0.0,0.0,0.0,0.0,0.0,0.0,0.0,0.0,0.0,0.0,0.0,0.0,0.0,0.096,0.0,0.0,0.0,0.0,0.0,0.0,0.0,0.0,0.096,0.0,0.0,0.0,0.0,0.0,0.0,0.0,0.0,0.0,0.6,0.0,0.0,0.0,0.0,0.0,0.0,0.0,0.204,0.0,0.0,0.0,0.0,0.0,0.0,0.0,0.0,0.0,0.0,0.0,2.31812,0.132021,10.02533827,13.52793959,10.29890128,-10.62874643
84,Li0.9Mg0.9In0.1PO4,0.0,0.0,0.0,0.0,0.0,0.0,0.0,0.0,0.0,0.0,0.0,0.0,0.0,0.0,0.0,0.0,0.0,0.0,0.0,0.0,0.0,0.0,0.014492754,0.0,0.0,0.130434783,0.0,0.130434783,0.0,0.0,0.0,0.0,0.0,0.0,0.0,0.579710145,0.144927536,0.0,0.0,0.0,0.0,0.0,0.0,0.0,0.0,0.0,0.0,0.0,0.0,0.0,0.0,0.0,0.0,0.0,0.0,2.39854,0.085135,10.94328687,9.46197346,10.96536737,-9.300162274
85,Li0.9Sc0.9Zr0.1O2,0.0,0.0,0.0,0.0,0.0,0.0,0.0,0.0,0.0,0.0,0.0,0.0,0.0,0.0,0.0,0.0,0.0,0.0,0.0,0.0,0.0,0.0,0.0,0.0,0.0,0.230769231,0.0,0.0,0.0,0.0,0.0,0.0,0.0,0.0,0.0,0.512820513,0.0,0.0,0.0,0.0,0.0,0.230769231,0.0,0.0,0.0,0.0,0.0,0.0,0.0,0.0,0.0,0.0,0.0,0.0,0.025641026,3.3855,0.0,4.1804,4.1804,9.4186,-10.0
86,Li1.15Y0.15Zr1.85(PO4)3,0.0,0.0,0.0,0.0,0.0,0.0,0.0,0.0,0.0,0.0,0.0,0.0,0.0,0.0,0.0,0.0,0.0,0.0,0.0,0.0,0.0,0.0,0.0,0.0,0.0,0.063535912,0.0,0.0,0.0,0.0,0.0,0.0,0.0,0.0,0.0,0.662983425,0.165745856,0.0,0.0,0.0,0.0,0.0,0.0,0.0,0.0,0.0,0.0,0.0,0.0,0.0,0.0,0.0,0.008287293,0.0,0.102209945,3.49432,0.0212573,8.87272,8.87272,22.15783,-4.148741651
87,Li1.1Al0.1Ti1.9(PO4)3,0.0,0.005524862,0.0,0.0,0.0,0.0,0.0,0.0,0.0,0.0,0.0,0.0,0.0,0.0,0.0,0.0,0.0,0.0,0.0,0.0,0.0,0.0,0.0,0.0,0.0,0.060773481,0.0,0.0,0.0,0.0,0.0,0.0,0.0,0.0,0.0,0.662983425,0.165745856,0.0,0.0,0.0,0.0,0.0,0.0,0.0,0.0,0.0,0.0,0.0,0.0,0.104972376,0.0,0.0,0.0,0.0,0.0,3.27018,0.00711886,8.5118,8.5118,20.8423,-4.522878745
88,Li1.1SrNb1.9Zr0.1O6F,0.0,0.0,0.0,0.0,0.0,0.0,0.0,0.0,0.0,0.0,0.0,0.0,0.0,0.0,0.09009009,0.0,0.0,0.0,0.0,0.0,0.0,0.0,0.0,0.0,0.0,0.099099099,0.0,0.0,0.0,0.0,0.0,0.0,0.171171171,0.0,0.0,0.540540541,0.0,0.0,0.0,0.0,0.0,0.0,0.0,0.0,0.0,0.0,0.09009009,0.0,0.0,0.0,0.0,0.0,0.0,0.0,0.009009009,4.73214,0.0,10.48564,10.48564,10.48564,-10.0
89,Li1.1SrTa1.9Zr0.1O6F,0.0,0.0,0.0,0.0,0.0,0.0,0.0,0.0,0.0,0.0,0.0,0.0,0.0,0.0,0.09009009,0.0,0.0,0.0,0.0,0.0,0.0,0.0,0.0,0.0,0.0,0.099099099,0.0,0.0,0.0,0.0,0.0,0.0,0.0,0.0,0.0,0.540540541,0.0,0.0,0.0,0.0,0.0,0.0,0.0,0.0,0.0,0.0,0.09009009,0.171171171,0.0,0.0,0.0,0.0,0.0,0.0,0.009009009,6.80136,0.0,10.46491,10.46491,10.46491,-10.0
90,Li1.2Al0.2Ge1.0Ti0.8(PO4)3,0.0,0.010989011,0.0,0.0,0.0,0.0,0.0,0.0,0.0,0.0,0.0,0.0,0.0,0.0,0.0,0.0,0.0,0.0,0.054945055,0.0,0.0,0.0,0.0,0.0,0.0,0.065934066,0.0,0.0,0.0,0.0,0.0,0.0,0.0,0.0,0.0,0.659340659,0.164835165,0.0,0.0,0.0,0.0,0.0,0.0,0.0,0.0,0.0,0.0,0.0,0.0,0.043956044,0.0,0.0,0.0,0.0,0.0,1.92211,0.23419,12.69486849,10.75251425,14.82395235,-4.522878745
91,Li1.2Al0.2Ge1.8(PO4)3,0.0,0.010989011,0.0,0.0,0.0,0.0,0.0,0.0,0.0,0.0,0.0,0.0,0.0,0.0,0.0,0.0,0.0,0.0,0.098901099,0.0,0.0,0.0,0.0,0.0,0.0,0.065934066,0.0,0.0,0.0,0.0,0.0,0.0,0.0,0.0,0.0,0.659340659,0.164835165,0.0,0.0,0.0,0.0,0.0,0.0,0.0,0.0,0.0,0.0,0.0,0.0,0.0,0.0,0.0,0.0,0.0,0.0,3.92326,0.0,8.2619,8.2619,20.5656,-4.316052869
92,Li1.2Al0.2Ti1.8(PO4)3,0.0,0.010989011,0.0,0.0,0.0,0.0,0.0,0.0,0.0,0.0,0.0,0.0,0.0,0.0,0.0,0.0,0.0,0.0,0.0,0.0,0.0,0.0,0.0,0.0,0.0,0.065934066,0.0,0.0,0.0,0.0,0.0,0.0,0.0,0.0,0.0,0.659340659,0.164835165,0.0,0.0,0.0,0.0,0.0,0.0,0.0,0.0,0.0,0.0,0.0,0.0,0.098901099,0.0,0.0,0.0,0.0,0.0,3.27676,0.0114625,8.5066,8.5066,20.8259,-3.225483034
93,Li1.2Al0.2Ti1.8(PO4)3,0.0,0.010989011,0.0,0.0,0.0,0.0,0.0,0.0,0.0,0.0,0.0,0.0,0.0,0.0,0.0,0.0,0.0,0.0,0.0,0.0,0.0,0.0,0.0,0.0,0.0,0.065934066,0.0,0.0,0.0,0.0,0.0,0.0,0.0,0.0,0.0,0.659340659,0.164835165,0.0,0.0,0.0,0.0,0.0,0.0,0.0,0.0,0.0,0.0,0.0,0.0,0.098901099,0.0,0.0,0.0,0.0,0.0,2.96164,0.00777272,8.50368,8.50368,20.8138,-2.4710833
94,Li1.2Cr0.2Hf1.8(PO4)3,0.0,0.0,0.0,0.0,0.0,0.0,0.0,0.0,0.0,0.0,0.0,0.010989011,0.0,0.0,0.0,0.0,0.0,0.0,0.0,0.0,0.098901099,0.0,0.0,0.0,0.0,0.065934066,0.0,0.0,0.0,0.0,0.0,0.0,0.0,0.0,0.0,0.659340659,0.164835165,0.0,0.0,0.0,0.0,0.0,0.0,0.0,0.0,0.0,0.0,0.0,0.0,0.0,0.0,0.0,0.0,0.0,0.0,3.17653,0.121416,8.49855349,10.42884586,18.88935923,-6.595166283
95,Li1.2Cr0.2Ti1.8(PO4)3,0.0,0.0,0.0,0.0,0.0,0.0,0.0,0.0,0.0,0.0,0.0,0.010989011,0.0,0.0,0.0,0.0,0.0,0.0,0.0,0.0,0.0,0.0,0.0,0.0,0.0,0.065934066,0.0,0.0,0.0,0.0,0.0,0.0,0.0,0.0,0.0,0.659340659,0.164835165,0.0,0.0,0.0,0.0,0.0,0.0,0.0,0.0,0.0,0.0,0.0,0.0,0.098901099,0.0,0.0,0.0,0.0,0.0,2.08384,0.17795,9.56305395,10.32592138,17.63760939,-4.73754891
96,Li1.2Fe0.2Hf1.8(PO4)3,0.0,0.0,0.0,0.0,0.0,0.0,0.0,0.0,0.0,0.0,0.0,0.0,0.0,0.0,0.0,0.010989011,0.0,0.0,0.0,0.0,0.098901099,0.0,0.0,0.0,0.0,0.065934066,0.0,0.0,0.0,0.0,0.0,0.0,0.0,0.0,0.0,0.659340659,0.164835165,0.0,0.0,0.0,0.0,0.0,0.0,0.0,0.0,0.0,0.0,0.0,0.0,0.0,0.0,0.0,0.0,0.0,0.0,3.76465,0.0735899,9.33674782,16.08092432,9.19067452,-3.769551079
97,Li1.2Fe0.2Ti1.8(PO4)3,0.0,0.0,0.0,0.0,0.0,0.0,0.0,0.0,0.0,0.0,0.0,0.0,0.0,0.0,0.0,0.010989011,0.0,0.0,0.0,0.0,0.0,0.0,0.0,0.0,0.0,0.065934066,0.0,0.0,0.0,0.0,0.0,0.0,0.0,0.0,0.0,0.659340659,0.164835165,0.0,0.0,0.0,0.0,0.0,0.0,0.0,0.0,0.0,0.0,0.0,0.0,0.098901099,0.0,0.0,0.0,0.0,0.0,2.21437,0.152992,32.68802239,5.31256819,8.48826457,-3.454692884
98,Li1.2In0.2Ti1.8(PO4)3,0.0,0.0,0.0,0.0,0.0,0.0,0.0,0.0,0.0,0.0,0.0,0.0,0.0,0.0,0.0,0.0,0.0,0.0,0.0,0.0,0.0,0.0,0.010989011,0.0,0.0,0.065934066,0.0,0.0,0.0,0.0,0.0,0.0,0.0,0.0,0.0,0.659340659,0.164835165,0.0,0.0,0.0,0.0,0.0,0.0,0.0,0.0,0.0,0.0,0.0,0.0,0.098901099,0.0,0.0,0.0,0.0,0.0,2.01873,0.201176,7.53973252,10.3173241,21.86114247,-3.396855627
99,Li1.2Lu0.2Hf1.8(PO4)3,0.0,0.0,0.0,0.0,0.0,0.0,0.0,0.0,0.0,0.0,0.0,0.0,0.0,0.0,0.0,0.0,0.0,0.0,0.0,0.0,0.098901099,0.0,0.0,0.0,0.0,0.065934066,0.010989011,0.0,0.0,0.0,0.0,0.0,0.0,0.0,0.0,0.659340659,0.164835165,0.0,0.0,0.0,0.0,0.0,0.0,0.0,0.0,0.0,0.0,0.0,0.0,0.0,0.0,0.0,0.0,0.0,0.0,3.49869,0.0994086,8.57943522,16.56579473,11.88708633,-4.009217308
100,Li1.2Sc0.2Hf1.8(PO4)3,0.0,0.0,0.0,0.0,0.0,0.0,0.0,0.0,0.0,0.0,0.0,0.0,0.0,0.0,0.0,0.0,0.0,0.0,0.0,0.0,0.098901099,0.0,0.0,0.0,0.0,0.065934066,0.0,0.0,0.0,0.0,0.0,0.0,0.0,0.0,0.0,0.659340659,0.164835165,0.0,0.0,0.0,0.0,0.010989011,0.0,0.0,0.0,0.0,0.0,0.0,0.0,0.0,0.0,0.0,0.0,0.0,0.0,3.38285,0.100099,11.88082182,15.61603984,8.24828356,-4.232102384
101,Li1.2Ti1.8Al0.2(PO4)3,0.0,0.010989011,0.0,0.0,0.0,0.0,0.0,0.0,0.0,0.0,0.0,0.0,0.0,0.0,0.0,0.0,0.0,0.0,0.0,0.0,0.0,0.0,0.0,0.0,0.0,0.065934066,0.0,0.0,0.0,0.0,0.0,0.0,0.0,0.0,0.0,0.659340659,0.164835165,0.0,0.0,0.0,0.0,0.0,0.0,0.0,0.0,0.0,0.0,0.0,0.0,0.098901099,0.0,0.0,0.0,0.0,0.0,3.28905,0.0,8.5022,8.5022,20.7696,-2.316952962
102,Li1.2Ti1.8Sc0.2(PO4)3,0.0,0.0,0.0,0.0,0.0,0.0,0.0,0.0,0.0,0.0,0.0,0.0,0.0,0.0,0.0,0.0,0.0,0.0,0.0,0.0,0.0,0.0,0.0,0.0,0.0,0.065934066,0.0,0.0,0.0,0.0,0.0,0.0,0.0,0.0,0.0,0.659340659,0.164835165,0.0,0.0,0.0,0.0,0.010989011,0.0,0.0,0.0,0.0,0.0,0.0,0.0,0.098901099,0.0,0.0,0.0,0.0,0.0,3.24581,0.0110296,8.527,8.527,20.924,-4.000869459
103,Li1.3Al0.3Ge1.7(PO4)3,0.0,0.016393443,0.0,0.0,0.0,0.0,0.0,0.0,0.0,0.0,0.0,0.0,0.0,0.0,0.0,0.0,0.0,0.0,0.092896175,0.0,0.0,0.0,0.0,0.0,0.0,0.071038251,0.0,0.0,0.0,0.0,0.0,0.0,0.0,0.0,0.0,0.655737705,0.163934426,0.0,0.0,0.0,0.0,0.0,0.0,0.0,0.0,0.0,0.0,0.0,0.0,0.0,0.0,0.0,0.0,0.0,0.0,3.92346,0.00502108,8.26189,8.26189,20.5646,-4.084072788
104,Li1.3Al0.3Ti1.7(PO4)3,0.0,0.016393443,0.0,0.0,0.0,0.0,0.0,0.0,0.0,0.0,0.0,0.0,0.0,0.0,0.0,0.0,0.0,0.0,0.0,0.0,0.0,0.0,0.0,0.0,0.0,0.071038251,0.0,0.0,0.0,0.0,0.0,0.0,0.0,0.0,0.0,0.655737705,0.163934426,0.0,0.0,0.0,0.0,0.0,0.0,0.0,0.0,0.0,0.0,0.0,0.0,0.092896175,0.0,0.0,0.0,0.0,0.0,2.96244,0.00825671,8.50221,8.50221,20.8154,-3.141462802
105,Li1.3Al0.3Ti1.7(PO4)3,0.0,0.016393443,0.0,0.0,0.0,0.0,0.0,0.0,0.0,0.0,0.0,0.0,0.0,0.0,0.0,0.0,0.0,0.0,0.0,0.0,0.0,0.0,0.0,0.0,0.0,0.071038251,0.0,0.0,0.0,0.0,0.0,0.0,0.0,0.0,0.0,0.655737705,0.163934426,0.0,0.0,0.0,0.0,0.0,0.0,0.0,0.0,0.0,0.0,0.0,0.0,0.092896175,0.0,0.0,0.0,0.0,0.0,2.95967,0.0119135,8.50029,8.50029,20.8443,-2.946921557
106,Li1.3Al0.3Ti1.7(PO4)3,0.0,0.016393443,0.0,0.0,0.0,0.0,0.0,0.0,0.0,0.0,0.0,0.0,0.0,0.0,0.0,0.0,0.0,0.0,0.0,0.0,0.0,0.0,0.0,0.0,0.0,0.071038251,0.0,0.0,0.0,0.0,0.0,0.0,0.0,0.0,0.0,0.655737705,0.163934426,0.0,0.0,0.0,0.0,0.0,0.0,0.0,0.0,0.0,0.0,0.0,0.0,0.092896175,0.0,0.0,0.0,0.0,0.0,2.96388,0.0584032,8.492,8.492,20.862,-2.207608311
107,Li1.3Al0.3Ti1.7(PO4)3,0.0,0.016393443,0.0,0.0,0.0,0.0,0.0,0.0,0.0,0.0,0.0,0.0,0.0,0.0,0.0,0.0,0.0,0.0,0.0,0.0,0.0,0.0,0.0,0.0,0.0,0.071038251,0.0,0.0,0.0,0.0,0.0,0.0,0.0,0.0,0.0,0.655737705,0.163934426,0.0,0.0,0.0,0.0,0.0,0.0,0.0,0.0,0.0,0.0,0.0,0.0,0.092896175,0.0,0.0,0.0,0.0,0.0,3.2759,0.00597698,8.50637,8.50637,20.8325,-2.91721463
108,Li1.3Al0.3Ti1.7(PO4)3,0.0,0.016393443,0.0,0.0,0.0,0.0,0.0,0.0,0.0,0.0,0.0,0.0,0.0,0.0,0.0,0.0,0.0,0.0,0.0,0.0,0.0,0.0,0.0,0.0,0.0,0.071038251,0.0,0.0,0.0,0.0,0.0,0.0,0.0,0.0,0.0,0.655737705,0.163934426,0.0,0.0,0.0,0.0,0.0,0.0,0.0,0.0,0.0,0.0,0.0,0.0,0.092896175,0.0,0.0,0.0,0.0,0.0,2.95879,0.0124781,8.49625,8.49625,20.8703,-4.425968732
109,Li1.4Al0.4Ge0.8Ti0.8(PO4)3,0.0,0.02173913,0.0,0.0,0.0,0.0,0.0,0.0,0.0,0.0,0.0,0.0,0.0,0.0,0.0,0.0,0.0,0.0,0.043478261,0.0,0.0,0.0,0.0,0.0,0.0,0.076086957,0.0,0.0,0.0,0.0,0.0,0.0,0.0,0.0,0.0,0.652173913,0.163043478,0.0,0.0,0.0,0.0,0.0,0.0,0.0,0.0,0.0,0.0,0.0,0.0,0.043478261,0.0,0.0,0.0,0.0,0.0,2.40385,0.123419,12.12625859,12.21526576,12.34587409,-4.22184875
110,Li1.4Al0.4Ge1.0Ti0.6(PO4)3,0.0,0.02173913,0.0,0.0,0.0,0.0,0.0,0.0,0.0,0.0,0.0,0.0,0.0,0.0,0.0,0.0,0.0,0.0,0.054347826,0.0,0.0,0.0,0.0,0.0,0.0,0.076086957,0.0,0.0,0.0,0.0,0.0,0.0,0.0,0.0,0.0,0.652173913,0.163043478,0.0,0.0,0.0,0.0,0.0,0.0,0.0,0.0,0.0,0.0,0.0,0.0,0.032608696,0.0,0.0,0.0,0.0,0.0,2.32706,0.139085,8.1608193,14.93852835,12.57270656,-4.096910013
111,Li1.4Al0.4Ge1.2Ti0.4(PO4)3,0.0,0.02173913,0.0,0.0,0.0,0.0,0.0,0.0,0.0,0.0,0.0,0.0,0.0,0.0,0.0,0.0,0.0,0.0,0.065217391,0.0,0.0,0.0,0.0,0.0,0.0,0.076086957,0.0,0.0,0.0,0.0,0.0,0.0,0.0,0.0,0.0,0.652173913,0.163043478,0.0,0.0,0.0,0.0,0.0,0.0,0.0,0.0,0.0,0.0,0.0,0.0,0.02173913,0.0,0.0,0.0,0.0,0.0,2.01273,0.208394,9.46935349,18.93970083,9.46935349,-3.46470588
112,Li1.4Al0.4Ge1.6(PO4)3,0.0,0.02173913,0.0,0.0,0.0,0.0,0.0,0.0,0.0,0.0,0.0,0.0,0.0,0.0,0.0,0.0,0.0,0.0,0.086956522,0.0,0.0,0.0,0.0,0.0,0.0,0.076086957,0.0,0.0,0.0,0.0,0.0,0.0,0.0,0.0,0.0,0.652173913,0.163043478,0.0,0.0,0.0,0.0,0.0,0.0,0.0,0.0,0.0,0.0,0.0,0.0,0.0,0.0,0.0,0.0,0.0,0.0,3.91658,0.00332944,8.25565,8.25565,20.6319,-3.725842151
113,Li1.4Al0.4Ti1.6(PO4)3,0.0,0.02173913,0.0,0.0,0.0,0.0,0.0,0.0,0.0,0.0,0.0,0.0,0.0,0.0,0.0,0.0,0.0,0.0,0.0,0.0,0.0,0.0,0.0,0.0,0.0,0.076086957,0.0,0.0,0.0,0.0,0.0,0.0,0.0,0.0,0.0,0.652173913,0.163043478,0.0,0.0,0.0,0.0,0.0,0.0,0.0,0.0,0.0,0.0,0.0,0.0,0.086956522,0.0,0.0,0.0,0.0,0.0,3.28912,0.0134139,8.49554,8.49554,20.8017,-3.411168274
114,Li1.4Cr0.4Ti1.6(PO4)3,0.0,0.0,0.0,0.0,0.0,0.0,0.0,0.0,0.0,0.0,0.0,0.02173913,0.0,0.0,0.0,0.0,0.0,0.0,0.0,0.0,0.0,0.0,0.0,0.0,0.0,0.076086957,0.0,0.0,0.0,0.0,0.0,0.0,0.0,0.0,0.0,0.652173913,0.163043478,0.0,0.0,0.0,0.0,0.0,0.0,0.0,0.0,0.0,0.0,0.0,0.0,0.086956522,0.0,0.0,0.0,0.0,0.0,2.01736,0.195156,15.58842102,11.06409251,10.16425814,-3.823908741
115,Li1.4Fe0.4Ti1.6(PO4)3,0.0,0.0,0.0,0.0,0.0,0.0,0.0,0.0,0.0,0.0,0.0,0.0,0.0,0.0,0.0,0.02173913,0.0,0.0,0.0,0.0,0.0,0.0,0.0,0.0,0.0,0.076086957,0.0,0.0,0.0,0.0,0.0,0.0,0.0,0.0,0.0,0.652173913,0.163043478,0.0,0.0,0.0,0.0,0.0,0.0,0.0,0.0,0.0,0.0,0.0,0.0,0.086956522,0.0,0.0,0.0,0.0,0.0,2.2252,0.147843,8.16790225,9.8495836,19.69269207,-3.413412695
116,Li1.4In0.4Hf1.6(PO4)3,0.0,0.0,0.0,0.0,0.0,0.0,0.0,0.0,0.0,0.0,0.0,0.0,0.0,0.0,0.0,0.0,0.0,0.0,0.0,0.0,0.086956522,0.0,0.02173913,0.0,0.0,0.076086957,0.0,0.0,0.0,0.0,0.0,0.0,0.0,0.0,0.0,0.652173913,0.163043478,0.0,0.0,0.0,0.0,0.0,0.0,0.0,0.0,0.0,0.0,0.0,0.0,0.0,0.0,0.0,0.0,0.0,0.0,2.50582,0.196439,8.77882347,12.30228375,20.62022861,-3.847711656
117,Li1.4In0.4Ti1.6(PO4)3,0.0,0.0,0.0,0.0,0.0,0.0,0.0,0.0,0.0,0.0,0.0,0.0,0.0,0.0,0.0,0.0,0.0,0.0,0.0,0.0,0.0,0.0,0.02173913,0.0,0.0,0.076086957,0.0,0.0,0.0,0.0,0.0,0.0,0.0,0.0,0.0,0.652173913,0.163043478,0.0,0.0,0.0,0.0,0.0,0.0,0.0,0.0,0.0,0.0,0.0,0.0,0.086956522,0.0,0.0,0.0,0.0,0.0,2.0724,0.194992,12.75389017,8.09244264,17.27358495,-3.522878745
118,Li1.4La0.4Ti1.6(PO4)3,0.0,0.0,0.0,0.0,0.0,0.0,0.0,0.0,0.0,0.0,0.0,0.0,0.0,0.0,0.0,0.0,0.0,0.0,0.0,0.0,0.0,0.0,0.0,0.0,0.02173913,0.076086957,0.0,0.0,0.0,0.0,0.0,0.0,0.0,0.0,0.0,0.652173913,0.163043478,0.0,0.0,0.0,0.0,0.0,0.0,0.0,0.0,0.0,0.0,0.0,0.0,0.086956522,0.0,0.0,0.0,0.0,0.0,2.35157,0.139634,11.62118459,11.64400235,12.5130614,-3.303643611
119,Li1.4Lu0.4Hf1.6(PO4)3,0.0,0.0,0.0,0.0,0.0,0.0,0.0,0.0,0.0,0.0,0.0,0.0,0.0,0.0,0.0,0.0,0.0,0.0,0.0,0.0,0.086956522,0.0,0.0,0.0,0.0,0.076086957,0.02173913,0.0,0.0,0.0,0.0,0.0,0.0,0.0,0.0,0.652173913,0.163043478,0.0,0.0,0.0,0.0,0.0,0.0,0.0,0.0,0.0,0.0,0.0,0.0,0.0,0.0,0.0,0.0,0.0,0.0,3.566,0.0905273,13.78943327,9.53483959,14.68775403,-4.68613278
120,Li1.4S2.2P0.6,0.0,0.0,0.0,0.0,0.0,0.0,0.0,0.0,0.0,0.0,0.0,0.0,0.0,0.0,0.0,0.0,0.0,0.0,0.0,0.0,0.0,0.0,0.0,0.0,0.0,0.333333333,0.0,0.0,0.0,0.0,0.0,0.0,0.0,0.0,0.0,0.0,0.142857143,0.0,0.0,0.523809524,0.0,0.0,0.0,0.0,0.0,0.0,0.0,0.0,0.0,0.0,0.0,0.0,0.0,0.0,0.0,1.49834,0.218869,8.14794032,8.18721964,8.21139153,-4.363512104
121,Li1.4Sc0.4Hf1.6(PO4)3,0.0,0.0,0.0,0.0,0.0,0.0,0.0,0.0,0.0,0.0,0.0,0.0,0.0,0.0,0.0,0.0,0.0,0.0,0.0,0.0,0.086956522,0.0,0.0,0.0,0.0,0.076086957,0.0,0.0,0.0,0.0,0.0,0.0,0.0,0.0,0.0,0.652173913,0.163043478,0.0,0.0,0.0,0.0,0.02173913,0.0,0.0,0.0,0.0,0.0,0.0,0.0,0.0,0.0,0.0,0.0,0.0,0.0,2.73927,0.159765,11.4273337,9.75135079,17.56609697,-4.209714836
122,Li1.4Sc0.4Ti1.6(PO4)3,0.0,0.0,0.0,0.0,0.0,0.0,0.0,0.0,0.0,0.0,0.0,0.0,0.0,0.0,0.0,0.0,0.0,0.0,0.0,0.0,0.0,0.0,0.0,0.0,0.0,0.076086957,0.0,0.0,0.0,0.0,0.0,0.0,0.0,0.0,0.0,0.652173913,0.163043478,0.0,0.0,0.0,0.0,0.02173913,0.0,0.0,0.0,0.0,0.0,0.0,0.0,0.086956522,0.0,0.0,0.0,0.0,0.0,2.17945,0.15347,10.27858465,12.01031884,12.01031884,-3.288192771
123,Li1.4Ti1.6In0.4P3O12,0.0,0.0,0.0,0.0,0.0,0.0,0.0,0.0,0.0,0.0,0.0,0.0,0.0,0.0,0.0,0.0,0.0,0.0,0.0,0.0,0.0,0.0,0.02173913,0.0,0.0,0.076086957,0.0,0.0,0.0,0.0,0.0,0.0,0.0,0.0,0.0,0.652173913,0.163043478,0.0,0.0,0.0,0.0,0.0,0.0,0.0,0.0,0.0,0.0,0.0,0.0,0.086956522,0.0,0.0,0.0,0.0,0.0,2.27938,0.148935,17.56334482,11.62549804,7.97951878,-3.721246399
124,Li1.4Y0.4Hf1.6(PO4)3,0.0,0.0,0.0,0.0,0.0,0.0,0.0,0.0,0.0,0.0,0.0,0.0,0.0,0.0,0.0,0.0,0.0,0.0,0.0,0.0,0.086956522,0.0,0.0,0.0,0.0,0.076086957,0.0,0.0,0.0,0.0,0.0,0.0,0.0,0.0,0.0,0.652173913,0.163043478,0.0,0.0,0.0,0.0,0.0,0.0,0.0,0.0,0.0,0.0,0.0,0.0,0.0,0.0,0.0,0.02173913,0.0,0.0,3.1554,0.11539,10.50615639,13.6016492,13.21832185,-4.679853714
125,Li1.4Y0.4Ti1.6(PO4)3,0.0,0.0,0.0,0.0,0.0,0.0,0.0,0.0,0.0,0.0,0.0,0.0,0.0,0.0,0.0,0.0,0.0,0.0,0.0,0.0,0.0,0.0,0.0,0.0,0.0,0.076086957,0.0,0.0,0.0,0.0,0.0,0.0,0.0,0.0,0.0,0.652173913,0.163043478,0.0,0.0,0.0,0.0,0.0,0.0,0.0,0.0,0.0,0.0,0.0,0.0,0.086956522,0.0,0.0,0.02173913,0.0,0.0,2.29941,0.13921,12.16974501,7.7664692,16.57789926,-3.214670165
126,Li1.5Al0.5Ge1.5(PO4)3,0.0,0.027027027,0.0,0.0,0.0,0.0,0.0,0.0,0.0,0.0,0.0,0.0,0.0,0.0,0.0,0.0,0.0,0.0,0.081081081,0.0,0.0,0.0,0.0,0.0,0.0,0.081081081,0.0,0.0,0.0,0.0,0.0,0.0,0.0,0.0,0.0,0.648648649,0.162162162,0.0,0.0,0.0,0.0,0.0,0.0,0.0,0.0,0.0,0.0,0.0,0.0,0.0,0.0,0.0,0.0,0.0,0.0,3.91183,0.00533766,8.25658,8.25658,20.6523,-3.473660723
127,Li1.5Al0.5Ge1.5(PO4)3,0.0,0.027027027,0.0,0.0,0.0,0.0,0.0,0.0,0.0,0.0,0.0,0.0,0.0,0.0,0.0,0.0,0.0,0.0,0.081081081,0.0,0.0,0.0,0.0,0.0,0.0,0.081081081,0.0,0.0,0.0,0.0,0.0,0.0,0.0,0.0,0.0,0.648648649,0.162162162,0.0,0.0,0.0,0.0,0.0,0.0,0.0,0.0,0.0,0.0,0.0,0.0,0.0,0.0,0.0,0.0,0.0,0.0,3.57996,0.0432184,8.275,8.275,20.512,-3.721246399
128,Li1.5Al0.5Ti1.5(PO4)3,0.0,0.027027027,0.0,0.0,0.0,0.0,0.0,0.0,0.0,0.0,0.0,0.0,0.0,0.0,0.0,0.0,0.0,0.0,0.0,0.0,0.0,0.0,0.0,0.0,0.0,0.081081081,0.0,0.0,0.0,0.0,0.0,0.0,0.0,0.0,0.0,0.648648649,0.162162162,0.0,0.0,0.0,0.0,0.0,0.0,0.0,0.0,0.0,0.0,0.0,0.0,0.081081081,0.0,0.0,0.0,0.0,0.0,3.13207,0.014061,8.49409,8.49409,20.7921,-3.605548319
129,Li1.5Cr0.5Hf1.5(PO4)3,0.0,0.0,0.0,0.0,0.0,0.0,0.0,0.0,0.0,0.0,0.0,0.027027027,0.0,0.0,0.0,0.0,0.0,0.0,0.0,0.0,0.081081081,0.0,0.0,0.0,0.0,0.081081081,0.0,0.0,0.0,0.0,0.0,0.0,0.0,0.0,0.0,0.648648649,0.162162162,0.0,0.0,0.0,0.0,0.0,0.0,0.0,0.0,0.0,0.0,0.0,0.0,0.0,0.0,0.0,0.0,0.0,0.0,2.75489,0.154532,10.4446113,8.91264159,7.96804367,-6.928117993
130,Li1.5Cr0.5Ti1.5(PO4)3,0.0,0.0,0.0,0.0,0.0,0.0,0.0,0.0,0.0,0.0,0.0,0.027027027,0.0,0.0,0.0,0.0,0.0,0.0,0.0,0.0,0.0,0.0,0.0,0.0,0.0,0.081081081,0.0,0.0,0.0,0.0,0.0,0.0,0.0,0.0,0.0,0.648648649,0.162162162,0.0,0.0,0.0,0.0,0.0,0.0,0.0,0.0,0.0,0.0,0.0,0.0,0.081081081,0.0,0.0,0.0,0.0,0.0,2.61244,0.0792514,9.74796718,5.59553615,9.74796718,-3.407823243
131,Li1.5Fe0.5Ti1.5(PO4)3,0.0,0.0,0.0,0.0,0.0,0.0,0.0,0.0,0.0,0.0,0.0,0.0,0.0,0.0,0.0,0.027027027,0.0,0.0,0.0,0.0,0.0,0.0,0.0,0.0,0.0,0.081081081,0.0,0.0,0.0,0.0,0.0,0.0,0.0,0.0,0.0,0.648648649,0.162162162,0.0,0.0,0.0,0.0,0.0,0.0,0.0,0.0,0.0,0.0,0.0,0.0,0.081081081,0.0,0.0,0.0,0.0,0.0,3.67411,0.0,8.54509,8.54509,20.87683,-3.759450752
132,Li1.5Ga0.5Ge1.5(PO4)3,0.0,0.0,0.0,0.0,0.0,0.0,0.0,0.0,0.0,0.0,0.0,0.0,0.0,0.0,0.0,0.0,0.027027027,0.0,0.081081081,0.0,0.0,0.0,0.0,0.0,0.0,0.081081081,0.0,0.0,0.0,0.0,0.0,0.0,0.0,0.0,0.0,0.648648649,0.162162162,0.0,0.0,0.0,0.0,0.0,0.0,0.0,0.0,0.0,0.0,0.0,0.0,0.0,0.0,0.0,0.0,0.0,0.0,2.52499,0.123676,10.16787323,5.22053482,11.81797948,-3.931814138
133,Li1.5Hf1.5Al0.5P3O12,0.0,0.027027027,0.0,0.0,0.0,0.0,0.0,0.0,0.0,0.0,0.0,0.0,0.0,0.0,0.0,0.0,0.0,0.0,0.0,0.0,0.081081081,0.0,0.0,0.0,0.0,0.081081081,0.0,0.0,0.0,0.0,0.0,0.0,0.0,0.0,0.0,0.648648649,0.162162162,0.0,0.0,0.0,0.0,0.0,0.0,0.0,0.0,0.0,0.0,0.0,0.0,0.0,0.0,0.0,0.0,0.0,0.0,3.42387,0.0822754,8.91490671,9.06179491,7.29913646,-3.958607315
134,Li1.5In0.5Ge1.5(PO4)3,0.0,0.0,0.0,0.0,0.0,0.0,0.0,0.0,0.0,0.0,0.0,0.0,0.0,0.0,0.0,0.0,0.0,0.0,0.081081081,0.0,0.0,0.0,0.027027027,0.0,0.0,0.081081081,0.0,0.0,0.0,0.0,0.0,0.0,0.0,0.0,0.0,0.648648649,0.162162162,0.0,0.0,0.0,0.0,0.0,0.0,0.0,0.0,0.0,0.0,0.0,0.0,0.0,0.0,0.0,0.0,0.0,0.0,2.92857,0.0842526,9.35706659,10.01462225,5.58675116,-5.240332155
135,Li1.5In0.5Ti1.5(PO4)3,0.0,0.0,0.0,0.0,0.0,0.0,0.0,0.0,0.0,0.0,0.0,0.0,0.0,0.0,0.0,0.0,0.0,0.0,0.0,0.0,0.0,0.0,0.027027027,0.0,0.0,0.081081081,0.0,0.0,0.0,0.0,0.0,0.0,0.0,0.0,0.0,0.648648649,0.162162162,0.0,0.0,0.0,0.0,0.0,0.0,0.0,0.0,0.0,0.0,0.0,0.0,0.081081081,0.0,0.0,0.0,0.0,0.0,2.53939,0.108664,8.46613013,8.46613013,8.46613013,-3.690369833
136,Li1.5La0.5Ti1.5(PO4)3,0.0,0.0,0.0,0.0,0.0,0.0,0.0,0.0,0.0,0.0,0.0,0.0,0.0,0.0,0.0,0.0,0.0,0.0,0.0,0.0,0.0,0.0,0.0,0.0,0.027027027,0.081081081,0.0,0.0,0.0,0.0,0.0,0.0,0.0,0.0,0.0,0.648648649,0.162162162,0.0,0.0,0.0,0.0,0.0,0.0,0.0,0.0,0.0,0.0,0.0,0.0,0.081081081,0.0,0.0,0.0,0.0,0.0,2.39794,0.135691,7.08522547,9.92676244,9.92676244,-3.549750892
137,Li1.5Sc0.5Ge1.5(PO4)3,0.0,0.0,0.0,0.0,0.0,0.0,0.0,0.0,0.0,0.0,0.0,0.0,0.0,0.0,0.0,0.0,0.0,0.0,0.081081081,0.0,0.0,0.0,0.0,0.0,0.0,0.081081081,0.0,0.0,0.0,0.0,0.0,0.0,0.0,0.0,0.0,0.648648649,0.162162162,0.0,0.0,0.0,0.0,0.027027027,0.0,0.0,0.0,0.0,0.0,0.0,0.0,0.0,0.0,0.0,0.0,0.0,0.0,2.1043,0.184271,8.76878986,8.76878986,8.76878986,-4.600326279
138,Li1.5Y0.5Ti1.5(PO4)3,0.0,0.0,0.0,0.0,0.0,0.0,0.0,0.0,0.0,0.0,0.0,0.0,0.0,0.0,0.0,0.0,0.0,0.0,0.0,0.0,0.0,0.0,0.0,0.0,0.0,0.081081081,0.0,0.0,0.0,0.0,0.0,0.0,0.0,0.0,0.0,0.648648649,0.162162162,0.0,0.0,0.0,0.0,0.0,0.0,0.0,0.0,0.0,0.0,0.0,0.0,0.081081081,0.0,0.0,0.027027027,0.0,0.0,1.98924,0.204168,9.47801596,8.61328102,8.42891112,-4.2644011
139,Li1.65Mn0.65In0.35Cl4,0.0,0.0,0.0,0.0,0.0,0.0,0.0,0.0,0.0,0.597014925,0.0,0.0,0.0,0.0,0.0,0.0,0.0,0.0,0.0,0.0,0.0,0.0,0.052238806,0.0,0.0,0.246268657,0.0,0.0,0.097014925,0.0,0.0,0.0,0.0,0.0,0.0,0.0,0.0,0.0,0.0,0.0,0.0,0.0,0.0,0.0,0.0,0.0,0.0,0.0,0.0,0.0,0.0,0.0,0.0,0.0,0.0,1.88262,0.0853172,10.4696,10.4696,10.4696,-7.004364805
140,Li1.6Al0.6Ge0.8(PO4)3,0.0,0.033333333,0.0,0.0,0.0,0.0,0.0,0.0,0.0,0.0,0.0,0.0,0.0,0.0,0.0,0.0,0.0,0.0,0.044444444,0.0,0.0,0.0,0.0,0.0,0.0,0.088888889,0.0,0.0,0.0,0.0,0.0,0.0,0.0,0.0,0.0,0.666666667,0.166666667,0.0,0.0,0.0,0.0,0.0,0.0,0.0,0.0,0.0,0.0,0.0,0.0,0.0,0.0,0.0,0.0,0.0,0.0,2.27087,0.133544,7.54737109,14.1787899,14.1787899,-3.15490196
141,Li1.6Al0.6Ge0.8Ti0.6(PO4)3,0.0,0.032258065,0.0,0.0,0.0,0.0,0.0,0.0,0.0,0.0,0.0,0.0,0.0,0.0,0.0,0.0,0.0,0.0,0.043010753,0.0,0.0,0.0,0.0,0.0,0.0,0.086021505,0.0,0.0,0.0,0.0,0.0,0.0,0.0,0.0,0.0,0.64516129,0.161290323,0.0,0.0,0.0,0.0,0.0,0.0,0.0,0.0,0.0,0.0,0.0,0.0,0.032258065,0.0,0.0,0.0,0.0,0.0,2.04222,0.186258,11.02830412,16.97746206,9.249135,-3.958607315
142,Li1.6Al0.6Ge1.4(PO4)3,0.0,0.032258065,0.0,0.0,0.0,0.0,0.0,0.0,0.0,0.0,0.0,0.0,0.0,0.0,0.0,0.0,0.0,0.0,0.075268817,0.0,0.0,0.0,0.0,0.0,0.0,0.086021505,0.0,0.0,0.0,0.0,0.0,0.0,0.0,0.0,0.0,0.64516129,0.161290323,0.0,0.0,0.0,0.0,0.0,0.0,0.0,0.0,0.0,0.0,0.0,0.0,0.0,0.0,0.0,0.0,0.0,0.0,3.90977,0.0,8.2526,8.2526,20.6831,-3.54668166
143,Li1.6Cr0.6Ti1.4(PO4)3,0.0,0.0,0.0,0.0,0.0,0.0,0.0,0.0,0.0,0.0,0.0,0.032258065,0.0,0.0,0.0,0.0,0.0,0.0,0.0,0.0,0.0,0.0,0.0,0.0,0.0,0.086021505,0.0,0.0,0.0,0.0,0.0,0.0,0.0,0.0,0.0,0.64516129,0.161290323,0.0,0.0,0.0,0.0,0.0,0.0,0.0,0.0,0.0,0.0,0.0,0.0,0.075268817,0.0,0.0,0.0,0.0,0.0,2.25126,0.136102,11.0531076,9.36613005,14.9650925,-3.832682665
144,Li1.6Ga0.6Ti1.4(PO4)3,0.0,0.0,0.0,0.0,0.0,0.0,0.0,0.0,0.0,0.0,0.0,0.0,0.0,0.0,0.0,0.0,0.032258065,0.0,0.0,0.0,0.0,0.0,0.0,0.0,0.0,0.086021505,0.0,0.0,0.0,0.0,0.0,0.0,0.0,0.0,0.0,0.64516129,0.161290323,0.0,0.0,0.0,0.0,0.0,0.0,0.0,0.0,0.0,0.0,0.0,0.0,0.075268817,0.0,0.0,0.0,0.0,0.0,1.10155,0.593019,11.87133819,10.20155336,25.95615709,-4.886056648
145,Li1.7Al0.7Ge1.3(PO4)3,0.0,0.037433155,0.0,0.0,0.0,0.0,0.0,0.0,0.0,0.0,0.0,0.0,0.0,0.0,0.0,0.0,0.0,0.0,0.069518717,0.0,0.0,0.0,0.0,0.0,0.0,0.090909091,0.0,0.0,0.0,0.0,0.0,0.0,0.0,0.0,0.0,0.64171123,0.160427807,0.0,0.0,0.0,0.0,0.0,0.0,0.0,0.0,0.0,0.0,0.0,0.0,0.0,0.0,0.0,0.0,0.0,0.0,3.90791,0.0045651,8.25247,8.25247,20.6936,-3.578396073
146,Li1.8Al0.8Ge0.8Ti0.4(PO4)3,0.0,0.042553191,0.0,0.0,0.0,0.0,0.0,0.0,0.0,0.0,0.0,0.0,0.0,0.0,0.0,0.0,0.0,0.0,0.042553191,0.0,0.0,0.0,0.0,0.0,0.0,0.095744681,0.0,0.0,0.0,0.0,0.0,0.0,0.0,0.0,0.0,0.638297872,0.159574468,0.0,0.0,0.0,0.0,0.0,0.0,0.0,0.0,0.0,0.0,0.0,0.0,0.021276596,0.0,0.0,0.0,0.0,0.0,2.47594,0.100253,12.29850975,6.08099689,18.51323658,-4.15490196
147,Li1.8Al0.8Ge1.0Ti0.2(PO4)3,0.0,0.042553191,0.0,0.0,0.0,0.0,0.0,0.0,0.0,0.0,0.0,0.0,0.0,0.0,0.0,0.0,0.0,0.0,0.053191489,0.0,0.0,0.0,0.0,0.0,0.0,0.095744681,0.0,0.0,0.0,0.0,0.0,0.0,0.0,0.0,0.0,0.638297872,0.159574468,0.0,0.0,0.0,0.0,0.0,0.0,0.0,0.0,0.0,0.0,0.0,0.0,0.010638298,0.0,0.0,0.0,0.0,0.0,2.08771,0.173348,15.0021705,7.74176699,13.73737333,-4.522878745
148,Li1.8Al0.8Ge1.2(PO4)3,0.0,0.042553191,0.0,0.0,0.0,0.0,0.0,0.0,0.0,0.0,0.0,0.0,0.0,0.0,0.0,0.0,0.0,0.0,0.063829787,0.0,0.0,0.0,0.0,0.0,0.0,0.095744681,0.0,0.0,0.0,0.0,0.0,0.0,0.0,0.0,0.0,0.638297872,0.159574468,0.0,0.0,0.0,0.0,0.0,0.0,0.0,0.0,0.0,0.0,0.0,0.0,0.0,0.0,0.0,0.0,0.0,0.0,3.90783,0.0,8.25004,8.25004,20.7062,-3.863279433
149,Li1.8Cr0.8Ti1.2(PO4)3,0.0,0.0,0.0,0.0,0.0,0.0,0.0,0.0,0.0,0.0,0.0,0.042553191,0.0,0.0,0.0,0.0,0.0,0.0,0.0,0.0,0.0,0.0,0.0,0.0,0.0,0.095744681,0.0,0.0,0.0,0.0,0.0,0.0,0.0,0.0,0.0,0.638297872,0.159574468,0.0,0.0,0.0,0.0,0.0,0.0,0.0,0.0,0.0,0.0,0.0,0.0,0.063829787,0.0,0.0,0.0,0.0,0.0,2.29658,0.127032,13.3069866,10.99214917,11.04350546,-3.619788758
150,Li1.8Sc0.8Ti1.2(PO4)3,0.0,0.0,0.0,0.0,0.0,0.0,0.0,0.0,0.0,0.0,0.0,0.0,0.0,0.0,0.0,0.0,0.0,0.0,0.0,0.0,0.0,0.0,0.0,0.0,0.0,0.095744681,0.0,0.0,0.0,0.0,0.0,0.0,0.0,0.0,0.0,0.638297872,0.159574468,0.0,0.0,0.0,0.0,0.042553191,0.0,0.0,0.0,0.0,0.0,0.0,0.0,0.063829787,0.0,0.0,0.0,0.0,0.0,2.2104,0.140128,8.96938371,14.64220396,11.41776485,-3.055517328
151,Li1.9Mn0.9Ga0.1Cl4,0.0,0.0,0.0,0.0,0.0,0.0,0.0,0.0,0.0,0.579710145,0.0,0.0,0.0,0.0,0.0,0.0,0.014492754,0.0,0.0,0.0,0.0,0.0,0.0,0.0,0.0,0.275362319,0.0,0.0,0.130434783,0.0,0.0,0.0,0.0,0.0,0.0,0.0,0.0,0.0,0.0,0.0,0.0,0.0,0.0,0.0,0.0,0.0,0.0,0.0,0.0,0.0,0.0,0.0,0.0,0.0,0.0,1.87268,0.0905229,10.4881,10.4881,10.4881,-6.625251654
152,Li10(Ge0.416Sn0.584)P2S12,0.0,0.0,0.0,0.0,0.0,0.0,0.0,0.0,0.0,0.0,0.0,0.0,0.0,0.0,0.0,0.0,0.0,0.0,0.01664,0.0,0.0,0.0,0.0,0.0,0.0,0.4,0.0,0.0,0.0,0.0,0.0,0.0,0.0,0.0,0.0,0.0,0.08,0.0,0.0,0.48,0.0,0.0,0.0,0.0,0.0,0.02336,0.0,0.0,0.0,0.0,0.0,0.0,0.0,0.0,0.0,2.35287,0.0,8.72902,8.72902,12.7065,-2.129011186
153,Li10(Ge0.776Sn0.224)P2S12,0.0,0.0,0.0,0.0,0.0,0.0,0.0,0.0,0.0,0.0,0.0,0.0,0.0,0.0,0.0,0.0,0.0,0.0,0.03104,0.0,0.0,0.0,0.0,0.0,0.0,0.4,0.0,0.0,0.0,0.0,0.0,0.0,0.0,0.0,0.0,0.0,0.08,0.0,0.0,0.48,0.0,0.0,0.0,0.0,0.0,0.00896,0.0,0.0,0.0,0.0,0.0,0.0,0.0,0.0,0.0,2.36878,0.0,8.71859,8.71859,12.6514,-1.850780887
154,Li10.2(Sn0.2Si0.8)1.2P1.8S12,0.0,0.0,0.0,0.0,0.0,0.0,0.0,0.0,0.0,0.0,0.0,0.0,0.0,0.0,0.0,0.0,0.0,0.0,0.0,0.0,0.0,0.0,0.0,0.0,0.0,0.404761905,0.0,0.0,0.0,0.0,0.0,0.0,0.0,0.0,0.0,0.0,0.071428571,0.0,0.0,0.476190476,0.0,0.0,0.0,0.038095238,0.0,0.00952381,0.0,0.0,0.0,0.0,0.0,0.0,0.0,0.0,0.0,2.7051,0.0,8.65173,8.65173,12.5349,-2.106793247
155,Li10.35(Sn0.27Si1.08)P1.65S12,0.0,0.0,0.0,0.0,0.0,0.0,0.0,0.0,0.0,0.0,0.0,0.0,0.0,0.0,0.0,0.0,0.0,0.0,0.0,0.0,0.0,0.0,0.0,0.0,0.0,0.409090909,0.0,0.0,0.0,0.0,0.0,0.0,0.0,0.0,0.0,0.0,0.065217391,0.0,0.0,0.4743083,0.0,0.0,0.0,0.042687747,0.0,0.010671937,0.0,0.0,0.0,0.0,0.0,0.0,0.0,0.0,0.0,2.68016,0.0168945,8.67822,8.67822,12.5744,-1.958607315
156,Li10.35Ge1.35P1.65S12,0.0,0.0,0.0,0.0,0.0,0.0,0.0,0.0,0.0,0.0,0.0,0.0,0.0,0.0,0.0,0.0,0.0,0.0,0.053149606,0.0,0.0,0.0,0.0,0.0,0.0,0.407480315,0.0,0.0,0.0,0.0,0.0,0.0,0.0,0.0,0.0,0.0,0.06496063,0.0,0.0,0.472440945,0.0,0.0,0.0,0.0,0.0,0.0,0.0,0.0,0.0,0.0,0.0,0.0,0.0,0.0,0.0,2.32597,0.0,8.713,8.713,12.6397,-1.841637508
157,Li10.35Si1.35P1.65S12,0.0,0.0,0.0,0.0,0.0,0.0,0.0,0.0,0.0,0.0,0.0,0.0,0.0,0.0,0.0,0.0,0.0,0.0,0.0,0.0,0.0,0.0,0.0,0.0,0.0,0.407480315,0.0,0.0,0.0,0.0,0.0,0.0,0.0,0.0,0.0,0.0,0.06496063,0.0,0.0,0.472440945,0.0,0.0,0.0,0.053149606,0.0,0.0,0.0,0.0,0.0,0.0,0.0,0.0,0.0,0.0,0.0,2.04489,0.0,8.68385,8.68385,12.55589,-2.187086643
158,Li10.5(Sn0.2Si0.8)1.5P1.5S12,0.0,0.0,0.0,0.0,0.0,0.0,0.0,0.0,0.0,0.0,0.0,0.0,0.0,0.0,0.0,0.0,0.0,0.0,0.0,0.0,0.0,0.0,0.0,0.0,0.0,0.411764706,0.0,0.0,0.0,0.0,0.0,0.0,0.0,0.0,0.0,0.0,0.058823529,0.0,0.0,0.470588235,0.0,0.0,0.0,0.047058824,0.0,0.011764706,0.0,0.0,0.0,0.0,0.0,0.0,0.0,0.0,0.0,2.66271,0.0,8.69204,8.69204,12.6166,-2.056011125
159,Li10Ge0.33Sn0.66P2S12,0.0,0.0,0.0,0.0,0.0,0.0,0.0,0.0,0.0,0.0,0.0,0.0,0.0,0.0,0.0,0.0,0.0,0.0,0.0132,0.0,0.0,0.0,0.0,0.0,0.0,0.4,0.0,0.0,0.0,0.0,0.0,0.0,0.0,0.0,0.0,0.0,0.08,0.0,0.0,0.48,0.0,0.0,0.0,0.0,0.0,0.0264,0.0,0.0,0.0,0.0,0.0,0.0,0.0,0.0,0.0,2.41004,0.0,8.7182,8.7182,12.6876,-2.318758763
160,Li10Ge0.66Sn0.33P2S12,0.0,0.0,0.0,0.0,0.0,0.0,0.0,0.0,0.0,0.0,0.0,0.0,0.0,0.0,0.0,0.0,0.0,0.0,0.0264,0.0,0.0,0.0,0.0,0.0,0.0,0.4,0.0,0.0,0.0,0.0,0.0,0.0,0.0,0.0,0.0,0.0,0.08,0.0,0.0,0.48,0.0,0.0,0.0,0.0,0.0,0.0132,0.0,0.0,0.0,0.0,0.0,0.0,0.0,0.0,0.0,2.42557,0.0,8.7068,8.7068,12.6394,-2.193820026
161,Li10GeP2S12,0.0,0.0,0.0,0.0,0.0,0.0,0.0,0.0,0.0,0.0,0.0,0.0,0.0,0.0,0.0,0.0,0.0,0.0,0.04,0.0,0.0,0.0,0.0,0.0,0.0,0.4,0.0,0.0,0.0,0.0,0.0,0.0,0.0,0.0,0.0,0.0,0.08,0.0,0.0,0.48,0.0,0.0,0.0,0.0,0.0,0.0,0.0,0.0,0.0,0.0,0.0,0.0,0.0,0.0,0.0,2.32289,0.0,8.719,8.719,12.639,-1.91721463
162,Li10GeP2S12,0.0,0.0,0.0,0.0,0.0,0.0,0.0,0.0,0.0,0.0,0.0,0.0,0.0,0.0,0.0,0.0,0.0,0.0,0.04,0.0,0.0,0.0,0.0,0.0,0.0,0.4,0.0,0.0,0.0,0.0,0.0,0.0,0.0,0.0,0.0,0.0,0.08,0.0,0.0,0.48,0.0,0.0,0.0,0.0,0.0,0.0,0.0,0.0,0.0,0.0,0.0,0.0,0.0,0.0,0.0,2.381,0.0,8.71121,8.71121,12.6078,-1.609064893
163,Li10GeP2S12,0.0,0.0,0.0,0.0,0.0,0.0,0.0,0.0,0.0,0.0,0.0,0.0,0.0,0.0,0.0,0.0,0.0,0.0,0.04,0.0,0.0,0.0,0.0,0.0,0.0,0.4,0.0,0.0,0.0,0.0,0.0,0.0,0.0,0.0,0.0,0.0,0.08,0.0,0.0,0.48,0.0,0.0,0.0,0.0,0.0,0.0,0.0,0.0,0.0,0.0,0.0,0.0,0.0,0.0,0.0,2.44722,0.0,8.6877,8.6877,12.5827,-2.119186408
164,Li10SiP2S12,0.0,0.0,0.0,0.0,0.0,0.0,0.0,0.0,0.0,0.0,0.0,0.0,0.0,0.0,0.0,0.0,0.0,0.0,0.0,0.0,0.0,0.0,0.0,0.0,0.0,0.4,0.0,0.0,0.0,0.0,0.0,0.0,0.0,0.0,0.0,0.0,0.08,0.0,0.0,0.48,0.0,0.0,0.0,0.04,0.0,0.0,0.0,0.0,0.0,0.0,0.0,0.0,0.0,0.0,0.0,1.82111,0.0823346,8.606866817,8.880431479,12.99239267,-2.638272164
165,Li10SnP2S12,0.0,0.0,0.0,0.0,0.0,0.0,0.0,0.0,0.0,0.0,0.0,0.0,0.0,0.0,0.0,0.0,0.0,0.0,0.0,0.0,0.0,0.0,0.0,0.0,0.0,0.4,0.0,0.0,0.0,0.0,0.0,0.0,0.0,0.0,0.0,0.0,0.08,0.0,0.0,0.48,0.0,0.0,0.0,0.0,0.0,0.04,0.0,0.0,0.0,0.0,0.0,0.0,0.0,0.0,0.0,2.72438,0.0,8.7057,8.7057,12.7389,-2.15490196
166,Li10SnP2S12,0.0,0.0,0.0,0.0,0.0,0.0,0.0,0.0,0.0,0.0,0.0,0.0,0.0,0.0,0.0,0.0,0.0,0.0,0.0,0.0,0.0,0.0,0.0,0.0,0.0,0.4,0.0,0.0,0.0,0.0,0.0,0.0,0.0,0.0,0.0,0.0,0.08,0.0,0.0,0.48,0.0,0.0,0.0,0.0,0.0,0.04,0.0,0.0,0.0,0.0,0.0,0.0,0.0,0.0,0.0,2.65375,0.0,8.73685,8.73685,12.7573,-2.400116928
167,Li10SnP2S12,0.0,0.0,0.0,0.0,0.0,0.0,0.0,0.0,0.0,0.0,0.0,0.0,0.0,0.0,0.0,0.0,0.0,0.0,0.0,0.0,0.0,0.0,0.0,0.0,0.0,0.4,0.0,0.0,0.0,0.0,0.0,0.0,0.0,0.0,0.0,0.0,0.08,0.0,0.0,0.48,0.0,0.0,0.0,0.0,0.0,0.04,0.0,0.0,0.0,0.0,0.0,0.0,0.0,0.0,0.0,2.70859,0.0,8.7297,8.7297,12.7428,-2.420216403
168,Li11AlP2S12,0.0,0.038461538,0.0,0.0,0.0,0.0,0.0,0.0,0.0,0.0,0.0,0.0,0.0,0.0,0.0,0.0,0.0,0.0,0.0,0.0,0.0,0.0,0.0,0.0,0.0,0.423076923,0.0,0.0,0.0,0.0,0.0,0.0,0.0,0.0,0.0,0.0,0.076923077,0.0,0.0,0.461538462,0.0,0.0,0.0,0.0,0.0,0.0,0.0,0.0,0.0,0.0,0.0,0.0,0.0,0.0,0.0,1.76064,0.0815953,9.41637715,7.24119906,7.60859378,-3.095825632
169,Li13.6Si2.8S1.2O16,0.0,0.0,0.0,0.0,0.0,0.0,0.0,0.0,0.0,0.0,0.0,0.0,0.0,0.0,0.0,0.0,0.0,0.0,0.0,0.0,0.0,0.0,0.0,0.0,0.0,0.404761905,0.0,0.0,0.0,0.0,0.0,0.0,0.0,0.0,0.0,0.476190476,0.0,0.0,0.0,0.035714286,0.0,0.0,0.0,0.083333333,0.0,0.0,0.0,0.0,0.0,0.0,0.0,0.0,0.0,0.0,0.0,1.96862,0.0522397,7.9418908,10.85342989,12.70702527,-6.22184875
170,Li14Nd5(Si11N19O5)O2F2,0.0,0.0,0.0,0.0,0.0,0.0,0.0,0.0,0.0,0.0,0.0,0.0,0.0,0.0,0.034482759,0.0,0.0,0.0,0.0,0.0,0.0,0.0,0.0,0.0,0.0,0.24137931,0.0,0.0,0.0,0.0,0.327586207,0.0,0.0,0.086206897,0.0,0.120689655,0.0,0.0,0.0,0.0,0.0,0.0,0.0,0.189655172,0.0,0.0,0.0,0.0,0.0,0.0,0.0,0.0,0.0,0.0,0.0,3.86736,0.0,7.6155,17.126,10.123,-9.769551079
171,Li14ZnGe4O16,0.0,0.0,0.0,0.0,0.0,0.0,0.0,0.0,0.0,0.0,0.0,0.0,0.0,0.0,0.0,0.0,0.0,0.0,0.114285714,0.0,0.0,0.0,0.0,0.0,0.0,0.4,0.0,0.0,0.0,0.0,0.0,0.0,0.0,0.0,0.0,0.457142857,0.0,0.0,0.0,0.0,0.0,0.0,0.0,0.0,0.0,0.0,0.0,0.0,0.0,0.0,0.0,0.0,0.0,0.028571429,0.0,3.00779,0.0157923,7.78620084,9.10443107,5.53120264,-6.0
172,Li17Sb13S28,0.0,0.0,0.0,0.0,0.0,0.0,0.0,0.0,0.0,0.0,0.0,0.0,0.0,0.0,0.0,0.0,0.0,0.0,0.0,0.0,0.0,0.0,0.0,0.0,0.0,0.293103448,0.0,0.0,0.0,0.0,0.0,0.0,0.0,0.0,0.0,0.0,0.0,0.0,0.0,0.482758621,0.224137931,0.0,0.0,0.0,0.0,0.0,0.0,0.0,0.0,0.0,0.0,0.0,0.0,0.0,0.0,5.4968,0.00712051,12.7298,11.5837,9.2251,-8.978810701
173,Li2(OH)Br,0.0,0.0,0.0,0.0,0.0,0.2,0.0,0.0,0.0,0.0,0.0,0.0,0.0,0.0,0.0,0.0,0.0,0.0,0.0,0.2,0.0,0.0,0.0,0.0,0.0,0.4,0.0,0.0,0.0,0.0,0.0,0.0,0.0,0.0,0.0,0.2,0.0,0.0,0.0,0.0,0.0,0.0,0.0,0.0,0.0,0.0,0.0,0.0,0.0,0.0,0.0,0.0,0.0,0.0,0.0,2.90484,0.0,4.056,4.056,4.056,-5.920818754
174,Li2(PO2N),0.0,0.0,0.0,0.0,0.0,0.0,0.0,0.0,0.0,0.0,0.0,0.0,0.0,0.0,0.0,0.0,0.0,0.0,0.0,0.0,0.0,0.0,0.0,0.0,0.0,0.333333333,0.0,0.0,0.0,0.0,0.166666667,0.0,0.0,0.0,0.0,0.333333333,0.166666667,0.0,0.0,0.0,0.0,0.0,0.0,0.0,0.0,0.0,0.0,0.0,0.0,0.0,0.0,0.0,0.0,0.0,0.0,2.63007,0.0,9.0692,5.3999,4.6856,-10.0
175,Li2.1OH0.9Cl,0.0,0.0,0.0,0.0,0.0,0.0,0.0,0.0,0.0,0.2,0.0,0.0,0.0,0.0,0.0,0.0,0.0,0.0,0.0,0.18,0.0,0.0,0.0,0.0,0.0,0.42,0.0,0.0,0.0,0.0,0.0,0.0,0.0,0.0,0.0,0.2,0.0,0.0,0.0,0.0,0.0,0.0,0.0,0.0,0.0,0.0,0.0,0.0,0.0,0.0,0.0,0.0,0.0,0.0,0.0,1.45748,0.150149,10.183387,8.63391246,8.93730608,-7.09420412
176,Li2.2Zn0.1Zr0.9S3,0.0,0.0,0.0,0.0,0.0,0.0,0.0,0.0,0.0,0.0,0.0,0.0,0.0,0.0,0.0,0.0,0.0,0.0,0.0,0.0,0.0,0.0,0.0,0.0,0.0,0.35483871,0.0,0.0,0.0,0.0,0.0,0.0,0.0,0.0,0.0,0.0,0.0,0.0,0.0,0.483870968,0.0,0.0,0.0,0.0,0.0,0.0,0.0,0.0,0.0,0.0,0.0,0.0,0.0,0.016129032,0.14516129,2.71825,0.0392826,6.57173417,10.91295959,17.79654917,-3.920818754
177,Li2.4OH0.6Cl,0.0,0.0,0.0,0.0,0.0,0.0,0.0,0.0,0.0,0.2,0.0,0.0,0.0,0.0,0.0,0.0,0.0,0.0,0.0,0.12,0.0,0.0,0.0,0.0,0.0,0.48,0.0,0.0,0.0,0.0,0.0,0.0,0.0,0.0,0.0,0.2,0.0,0.0,0.0,0.0,0.0,0.0,0.0,0.0,0.0,0.0,0.0,0.0,0.0,0.0,0.0,0.0,0.0,0.0,0.0,1.65889,0.079692,5.50864512,7.89894494,7.90392473,-7.050609993
178,Li2.5V2(PO4)3,0.0,0.0,0.0,0.0,0.0,0.0,0.0,0.0,0.0,0.0,0.0,0.0,0.0,0.0,0.0,0.0,0.0,0.0,0.0,0.0,0.0,0.0,0.0,0.0,0.0,0.128205128,0.0,0.0,0.0,0.0,0.0,0.0,0.0,0.0,0.0,0.615384615,0.153846154,0.0,0.0,0.0,0.0,0.0,0.0,0.0,0.0,0.0,0.0,0.0,0.0,0.0,0.102564103,0.0,0.0,0.0,0.0,3.06797,0.036265,8.5539,8.6099,14.72217225,-6.721246399
179,Li2.667Mg0.667P2S6,0.0,0.0,0.0,0.0,0.0,0.0,0.0,0.0,0.0,0.0,0.0,0.0,0.0,0.0,0.0,0.0,0.0,0.0,0.0,0.0,0.0,0.0,0.0,0.0,0.0,0.236017699,0.0,0.059026549,0.0,0.0,0.0,0.0,0.0,0.0,0.0,0.0,0.17699115,0.0,0.0,0.530973451,0.0,0.0,0.0,0.0,0.0,0.0,0.0,0.0,0.0,0.0,0.0,0.0,0.0,0.0,0.0,2.98002,0.0177516,6.0831,6.0831,6.5863,-5.397940009
180,Li2.7OH0.3Cl,0.0,0.0,0.0,0.0,0.0,0.0,0.0,0.0,0.0,0.2,0.0,0.0,0.0,0.0,0.0,0.0,0.0,0.0,0.0,0.06,0.0,0.0,0.0,0.0,0.0,0.54,0.0,0.0,0.0,0.0,0.0,0.0,0.0,0.0,0.0,0.2,0.0,0.0,0.0,0.0,0.0,0.0,0.0,0.0,0.0,0.0,0.0,0.0,0.0,0.0,0.0,0.0,0.0,0.0,0.0,1.56542,0.0896883,7.9517953,9.61482455,9.7955018,-8.13667714
181,Li2.88PO3.73N0.14,0.0,0.0,0.0,0.0,0.0,0.0,0.0,0.0,0.0,0.0,0.0,0.0,0.0,0.0,0.0,0.0,0.0,0.0,0.0,0.0,0.0,0.0,0.0,0.0,0.0,0.369230769,0.0,0.0,0.0,0.0,0.017948718,0.0,0.0,0.0,0.0,0.478205128,0.128205128,0.0,0.0,0.0,0.0,0.0,0.0,0.0,0.0,0.0,0.0,0.0,0.0,0.0,0.0,0.0,0.0,0.0,0.0,2.44201,0.0,10.469,6.1153,4.9195,-12.85387196
182,Li2BaP2O7,0.0,0.0,0.0,0.083333333,0.0,0.0,0.0,0.0,0.0,0.0,0.0,0.0,0.0,0.0,0.0,0.0,0.0,0.0,0.0,0.0,0.0,0.0,0.0,0.0,0.0,0.166666667,0.0,0.0,0.0,0.0,0.0,0.0,0.0,0.0,0.0,0.583333333,0.166666667,0.0,0.0,0.0,0.0,0.0,0.0,0.0,0.0,0.0,0.0,0.0,0.0,0.0,0.0,0.0,0.0,0.0,0.0,3.51064,0.0263314,7.147,12.283,14.016,-16.79620314
183,Li2Ca(NH)2,0.0,0.0,0.0,0.0,0.0,0.0,0.0,0.142857143,0.0,0.0,0.0,0.0,0.0,0.0,0.0,0.0,0.0,0.0,0.0,0.285714286,0.0,0.0,0.0,0.0,0.0,0.285714286,0.0,0.0,0.0,0.0,0.285714286,0.0,0.0,0.0,0.0,0.0,0.0,0.0,0.0,0.0,0.0,0.0,0.0,0.0,0.0,0.0,0.0,0.0,0.0,0.0,0.0,0.0,0.0,0.0,0.0,1.70526,0.0484032,4.16675409,4.16675409,4.71277019,-5.193820026
184,Li2CoGe3O8,0.0,0.0,0.0,0.0,0.0,0.0,0.0,0.0,0.0,0.0,0.071428571,0.0,0.0,0.0,0.0,0.0,0.0,0.0,0.214285714,0.0,0.0,0.0,0.0,0.0,0.0,0.142857143,0.0,0.0,0.0,0.0,0.0,0.0,0.0,0.0,0.0,0.571428571,0.0,0.0,0.0,0.0,0.0,0.0,0.0,0.0,0.0,0.0,0.0,0.0,0.0,0.0,0.0,0.0,0.0,0.0,0.0,4.40106,0.00398086,8.2098,8.2098,8.2098,-10.0
185,Li2CoTi3O8,0.0,0.0,0.0,0.0,0.0,0.0,0.0,0.0,0.0,0.0,0.071428571,0.0,0.0,0.0,0.0,0.0,0.0,0.0,0.0,0.0,0.0,0.0,0.0,0.0,0.0,0.142857143,0.0,0.0,0.0,0.0,0.0,0.0,0.0,0.0,0.0,0.571428571,0.0,0.0,0.0,0.0,0.0,0.0,0.0,0.0,0.0,0.0,0.0,0.0,0.0,0.214285714,0.0,0.0,0.0,0.0,0.0,3.30451,0.00614312,8.3766,8.3766,8.3766,-10.0
186,Li2CrCl4,0.0,0.0,0.0,0.0,0.0,0.0,0.0,0.0,0.0,0.571428571,0.0,0.142857143,0.0,0.0,0.0,0.0,0.0,0.0,0.0,0.0,0.0,0.0,0.0,0.0,0.0,0.285714286,0.0,0.0,0.0,0.0,0.0,0.0,0.0,0.0,0.0,0.0,0.0,0.0,0.0,0.0,0.0,0.0,0.0,0.0,0.0,0.0,0.0,0.0,0.0,0.0,0.0,0.0,0.0,0.0,0.0,2.41599,0.0578894,10.162,10.172,7.446,-10.0
187,Li2CrTi(PO4)3,0.0,0.0,0.0,0.0,0.0,0.0,0.0,0.0,0.0,0.0,0.0,0.052631579,0.0,0.0,0.0,0.0,0.0,0.0,0.0,0.0,0.0,0.0,0.0,0.0,0.0,0.105263158,0.0,0.0,0.0,0.0,0.0,0.0,0.0,0.0,0.0,0.631578947,0.157894737,0.0,0.0,0.0,0.0,0.0,0.0,0.0,0.0,0.0,0.0,0.0,0.0,0.052631579,0.0,0.0,0.0,0.0,0.0,2.91458,0.0563375,8.706481621,8.638347942,12.07972992,-6.355561411
188,Li2CrZr(PO4)3,0.0,0.0,0.0,0.0,0.0,0.0,0.0,0.0,0.0,0.0,0.0,0.052631579,0.0,0.0,0.0,0.0,0.0,0.0,0.0,0.0,0.0,0.0,0.0,0.0,0.0,0.105263158,0.0,0.0,0.0,0.0,0.0,0.0,0.0,0.0,0.0,0.631578947,0.157894737,0.0,0.0,0.0,0.0,0.0,0.0,0.0,0.0,0.0,0.0,0.0,0.0,0.0,0.0,0.0,0.0,0.0,0.052631579,3.01383,0.0602954,9.08529159,5.56349285,5.56349285,-6.228412519
189,Li2FeTi(PO4)3,0.0,0.0,0.0,0.0,0.0,0.0,0.0,0.0,0.0,0.0,0.0,0.0,0.0,0.0,0.0,0.052631579,0.0,0.0,0.0,0.0,0.0,0.0,0.0,0.0,0.0,0.105263158,0.0,0.0,0.0,0.0,0.0,0.0,0.0,0.0,0.0,0.631578947,0.157894737,0.0,0.0,0.0,0.0,0.0,0.0,0.0,0.0,0.0,0.0,0.0,0.0,0.052631579,0.0,0.0,0.0,0.0,0.0,2.9137,0.0574046,8.741586072,8.660645331,12.11974807,-6.476253533
190,Li2FeZr(PO4)3,0.0,0.0,0.0,0.0,0.0,0.0,0.0,0.0,0.0,0.0,0.0,0.0,0.0,0.0,0.0,0.052631579,0.0,0.0,0.0,0.0,0.0,0.0,0.0,0.0,0.0,0.105263158,0.0,0.0,0.0,0.0,0.0,0.0,0.0,0.0,0.0,0.631578947,0.157894737,0.0,0.0,0.0,0.0,0.0,0.0,0.0,0.0,0.0,0.0,0.0,0.0,0.0,0.0,0.0,0.0,0.0,0.052631579,3.04162,0.060928,8.942876748,8.793145599,12.38173794,-6.841637508
191,Li2Ge7O15,0.0,0.0,0.0,0.0,0.0,0.0,0.0,0.0,0.0,0.0,0.0,0.0,0.0,0.0,0.0,0.0,0.0,0.0,0.291666667,0.0,0.0,0.0,0.0,0.0,0.0,0.083333333,0.0,0.0,0.0,0.0,0.0,0.0,0.0,0.0,0.0,0.625,0.0,0.0,0.0,0.0,0.0,0.0,0.0,0.0,0.0,0.0,0.0,0.0,0.0,0.0,0.0,0.0,0.0,0.0,0.0,4.04881,0.0367169,7.473605798,16.98014787,9.852411617,-15.30103
192,Li2InHf(PO4)3,0.0,0.0,0.0,0.0,0.0,0.0,0.0,0.0,0.0,0.0,0.0,0.0,0.0,0.0,0.0,0.0,0.0,0.0,0.0,0.0,0.052631579,0.0,0.052631579,0.0,0.0,0.105263158,0.0,0.0,0.0,0.0,0.0,0.0,0.0,0.0,0.0,0.631578947,0.157894737,0.0,0.0,0.0,0.0,0.0,0.0,0.0,0.0,0.0,0.0,0.0,0.0,0.0,0.0,0.0,0.0,0.0,0.0,3.53978,0.073338,8.1942874,5.79695869,5.86990783,-7.562249437
193,Li2InTi(PO4)3,0.0,0.0,0.0,0.0,0.0,0.0,0.0,0.0,0.0,0.0,0.0,0.0,0.0,0.0,0.0,0.0,0.0,0.0,0.0,0.0,0.0,0.0,0.052631579,0.0,0.0,0.105263158,0.0,0.0,0.0,0.0,0.0,0.0,0.0,0.0,0.0,0.631578947,0.157894737,0.0,0.0,0.0,0.0,0.0,0.0,0.0,0.0,0.0,0.0,0.0,0.0,0.052631579,0.0,0.0,0.0,0.0,0.0,2.95664,0.0613804,7.24286794,7.38632998,5.12827673,-5.080921908
194,Li2InZr(PO4)3,0.0,0.0,0.0,0.0,0.0,0.0,0.0,0.0,0.0,0.0,0.0,0.0,0.0,0.0,0.0,0.0,0.0,0.0,0.0,0.0,0.0,0.0,0.052631579,0.0,0.0,0.105263158,0.0,0.0,0.0,0.0,0.0,0.0,0.0,0.0,0.0,0.631578947,0.157894737,0.0,0.0,0.0,0.0,0.0,0.0,0.0,0.0,0.0,0.0,0.0,0.0,0.0,0.0,0.0,0.0,0.0,0.052631579,2.48351,0.144304,6.95159169,6.69472227,7.72723661,-7.085128182
195,Li2Mg2(MoO4)3,0.0,0.0,0.0,0.0,0.0,0.0,0.0,0.0,0.0,0.0,0.0,0.0,0.0,0.0,0.0,0.0,0.0,0.0,0.0,0.0,0.0,0.0,0.0,0.0,0.0,0.105263158,0.0,0.105263158,0.0,0.157894737,0.0,0.0,0.0,0.0,0.0,0.631578947,0.0,0.0,0.0,0.0,0.0,0.0,0.0,0.0,0.0,0.0,0.0,0.0,0.0,0.0,0.0,0.0,0.0,0.0,0.0,4.0618,0.0269634,5.1167,10.4646,17.6228,-10.0
196,Li2MgCl4,0.0,0.0,0.0,0.0,0.0,0.0,0.0,0.0,0.0,0.571428571,0.0,0.0,0.0,0.0,0.0,0.0,0.0,0.0,0.0,0.0,0.0,0.0,0.0,0.0,0.0,0.285714286,0.0,0.142857143,0.0,0.0,0.0,0.0,0.0,0.0,0.0,0.0,0.0,0.0,0.0,0.0,0.0,0.0,0.0,0.0,0.0,0.0,0.0,0.0,0.0,0.0,0.0,0.0,0.0,0.0,0.0,1.92012,0.079266,10.401,10.401,10.401,-6.20481541
197,Li2MgTi3O8,0.0,0.0,0.0,0.0,0.0,0.0,0.0,0.0,0.0,0.0,0.0,0.0,0.0,0.0,0.0,0.0,0.0,0.0,0.0,0.0,0.0,0.0,0.0,0.0,0.0,0.142857143,0.0,0.071428571,0.0,0.0,0.0,0.0,0.0,0.0,0.0,0.571428571,0.0,0.0,0.0,0.0,0.0,0.0,0.0,0.0,0.0,0.0,0.0,0.0,0.0,0.214285714,0.0,0.0,0.0,0.0,0.0,3.30356,0.00623569,8.3774,8.3774,8.3774,-10.0
198,Li2MnCl4,0.0,0.0,0.0,0.0,0.0,0.0,0.0,0.0,0.0,0.571428571,0.0,0.0,0.0,0.0,0.0,0.0,0.0,0.0,0.0,0.0,0.0,0.0,0.0,0.0,0.0,0.285714286,0.0,0.0,0.142857143,0.0,0.0,0.0,0.0,0.0,0.0,0.0,0.0,0.0,0.0,0.0,0.0,0.0,0.0,0.0,0.0,0.0,0.0,0.0,0.0,0.0,0.0,0.0,0.0,0.0,0.0,1.86488,0.085078,10.5027,10.5027,10.5027,-5.319664487
199,Li2NaBP2O8,0.0,0.0,0.071428571,0.0,0.0,0.0,0.0,0.0,0.0,0.0,0.0,0.0,0.0,0.0,0.0,0.0,0.0,0.0,0.0,0.0,0.0,0.0,0.0,0.0,0.0,0.142857143,0.0,0.0,0.0,0.0,0.0,0.071428571,0.0,0.0,0.0,0.571428571,0.142857143,0.0,0.0,0.0,0.0,0.0,0.0,0.0,0.0,0.0,0.0,0.0,0.0,0.0,0.0,0.0,0.0,0.0,0.0,2.68386,0.0175046,5.4344,7.3793,7.984,-17.35654732
200,Li2NH,0.0,0.0,0.0,0.0,0.0,0.0,0.0,0.0,0.0,0.0,0.0,0.0,0.0,0.0,0.0,0.0,0.0,0.0,0.0,0.25,0.0,0.0,0.0,0.0,0.0,0.5,0.0,0.0,0.0,0.0,0.25,0.0,0.0,0.0,0.0,0.0,0.0,0.0,0.0,0.0,0.0,0.0,0.0,0.0,0.0,0.0,0.0,0.0,0.0,0.0,0.0,0.0,0.0,0.0,0.0,1.41523,0.0,7.779047322,3.572851973,4.879701026,-3.595166283
201,Li2OHBr,0.0,0.0,0.0,0.0,0.0,0.2,0.0,0.0,0.0,0.0,0.0,0.0,0.0,0.0,0.0,0.0,0.0,0.0,0.0,0.2,0.0,0.0,0.0,0.0,0.0,0.4,0.0,0.0,0.0,0.0,0.0,0.0,0.0,0.0,0.0,0.2,0.0,0.0,0.0,0.0,0.0,0.0,0.0,0.0,0.0,0.0,0.0,0.0,0.0,0.0,0.0,0.0,0.0,0.0,0.0,2.81148,0.0236459,3.95490309,3.95490309,4.18364185,-6.26760624
202,Li2OHCl,0.0,0.0,0.0,0.0,0.0,0.0,0.0,0.0,0.0,0.2,0.0,0.0,0.0,0.0,0.0,0.0,0.0,0.0,0.0,0.2,0.0,0.0,0.0,0.0,0.0,0.4,0.0,0.0,0.0,0.0,0.0,0.0,0.0,0.0,0.0,0.2,0.0,0.0,0.0,0.0,0.0,0.0,0.0,0.0,0.0,0.0,0.0,0.0,0.0,0.0,0.0,0.0,0.0,0.0,0.0,1.48392,0.162044,9.427073125,5.433841356,5.79700433,-7.148130399
203,Li2P2S6,0.0,0.0,0.0,0.0,0.0,0.0,0.0,0.0,0.0,0.0,0.0,0.0,0.0,0.0,0.0,0.0,0.0,0.0,0.0,0.0,0.0,0.0,0.0,0.0,0.0,0.2,0.0,0.0,0.0,0.0,0.0,0.0,0.0,0.0,0.0,0.0,0.2,0.0,0.0,0.6,0.0,0.0,0.0,0.0,0.0,0.0,0.0,0.0,0.0,0.0,0.0,0.0,0.0,0.0,0.0,2.15487,0.0686074,11.11569,7.00704,6.52514,-10.1079054
204,Li2SiS3,0.0,0.0,0.0,0.0,0.0,0.0,0.0,0.0,0.0,0.0,0.0,0.0,0.0,0.0,0.0,0.0,0.0,0.0,0.0,0.0,0.0,0.0,0.0,0.0,0.0,0.333333333,0.0,0.0,0.0,0.0,0.0,0.0,0.0,0.0,0.0,0.0,0.0,0.0,0.0,0.5,0.0,0.0,0.0,0.166666667,0.0,0.0,0.0,0.0,0.0,0.0,0.0,0.0,0.0,0.0,0.0,1.96187,0.0912598,6.74418792,11.62999746,5.9639006,-5.698970004
205,Li2SnS3,0.0,0.0,0.0,0.0,0.0,0.0,0.0,0.0,0.0,0.0,0.0,0.0,0.0,0.0,0.0,0.0,0.0,0.0,0.0,0.0,0.0,0.0,0.0,0.0,0.0,0.333333333,0.0,0.0,0.0,0.0,0.0,0.0,0.0,0.0,0.0,0.0,0.0,0.0,0.0,0.5,0.0,0.0,0.0,0.0,0.0,0.166666667,0.0,0.0,0.0,0.0,0.0,0.0,0.0,0.0,0.0,3.50697,0.00880532,6.3964,11.0864,12.4048,-4.823908741
206,Li2Sr2Al(PO4)3,0.0,0.05,0.0,0.0,0.0,0.0,0.0,0.0,0.0,0.0,0.0,0.0,0.0,0.0,0.0,0.0,0.0,0.0,0.0,0.0,0.0,0.0,0.0,0.0,0.0,0.1,0.0,0.0,0.0,0.0,0.0,0.0,0.0,0.0,0.0,0.6,0.15,0.0,0.0,0.0,0.0,0.0,0.0,0.0,0.0,0.0,0.1,0.0,0.0,0.0,0.0,0.0,0.0,0.0,0.0,3.53076,0.0237739,4.945,22.088,9.83739779,-10.0
207,Li2VCl4,0.0,0.0,0.0,0.0,0.0,0.0,0.0,0.0,0.0,0.571428571,0.0,0.0,0.0,0.0,0.0,0.0,0.0,0.0,0.0,0.0,0.0,0.0,0.0,0.0,0.0,0.285714286,0.0,0.0,0.0,0.0,0.0,0.0,0.0,0.0,0.0,0.0,0.0,0.0,0.0,0.0,0.0,0.0,0.0,0.0,0.0,0.0,0.0,0.0,0.0,0.0,0.142857143,0.0,0.0,0.0,0.0,1.93465,0.0753316,10.3749,10.3749,10.3749,-5.158015195
208,Li2ZnGe3O8,0.0,0.0,0.0,0.0,0.0,0.0,0.0,0.0,0.0,0.0,0.0,0.0,0.0,0.0,0.0,0.0,0.0,0.0,0.214285714,0.0,0.0,0.0,0.0,0.0,0.0,0.142857143,0.0,0.0,0.0,0.0,0.0,0.0,0.0,0.0,0.0,0.571428571,0.0,0.0,0.0,0.0,0.0,0.0,0.0,0.0,0.0,0.0,0.0,0.0,0.0,0.0,0.0,0.0,0.0,0.071428571,0.0,4.42316,0.0,8.1961,8.1961,8.1961,-10.0
209,Li2ZrO3,0.0,0.0,0.0,0.0,0.0,0.0,0.0,0.0,0.0,0.0,0.0,0.0,0.0,0.0,0.0,0.0,0.0,0.0,0.0,0.0,0.0,0.0,0.0,0.0,0.0,0.333333333,0.0,0.0,0.0,0.0,0.0,0.0,0.0,0.0,0.0,0.5,0.0,0.0,0.0,0.0,0.0,0.0,0.0,0.0,0.0,0.0,0.0,0.0,0.0,0.0,0.0,0.0,0.0,0.0,0.166666667,4.16088,0.0,5.4163,9.0262,5.4156,-9.214670165
210,Li2ZrS3,0.0,0.0,0.0,0.0,0.0,0.0,0.0,0.0,0.0,0.0,0.0,0.0,0.0,0.0,0.0,0.0,0.0,0.0,0.0,0.0,0.0,0.0,0.0,0.0,0.0,0.333333333,0.0,0.0,0.0,0.0,0.0,0.0,0.0,0.0,0.0,0.0,0.0,0.0,0.0,0.5,0.0,0.0,0.0,0.0,0.0,0.0,0.0,0.0,0.0,0.0,0.0,0.0,0.0,0.0,0.166666667,3.08003,0.012857,6.493563689,11.115464,6.418133191,-5.13667714
211,Li3(Mo8S8O8(OH)8(HWO5(H2O)))*(H2O)18,0.0,0.0,0.0,0.0,0.0,0.0,0.0,0.0,0.0,0.0,0.0,0.0,0.0,0.0,0.0,0.0,0.0,0.0,0.0,0.439252336,0.0,0.0,0.0,0.0,0.0,0.028037383,0.0,0.0,0.0,0.074766355,0.0,0.0,0.0,0.0,0.0,0.373831776,0.0,0.0,0.0,0.074766355,0.0,0.0,0.0,0.0,0.0,0.0,0.0,0.0,0.0,0.0,0.0,0.009345794,0.0,0.0,0.0,3.11584,0.0638929,20.6754,11.1509,14.5769,-6.420216403
212,Li3(NH2)2I,0.0,0.0,0.0,0.0,0.0,0.0,0.0,0.0,0.0,0.0,0.0,0.0,0.0,0.0,0.0,0.0,0.0,0.0,0.0,0.4,0.0,0.1,0.0,0.0,0.0,0.3,0.0,0.0,0.0,0.0,0.2,0.0,0.0,0.0,0.0,0.0,0.0,0.0,0.0,0.0,0.0,0.0,0.0,0.0,0.0,0.0,0.0,0.0,0.0,0.0,0.0,0.0,0.0,0.0,0.0,2.38909,0.0874892,7.09109,7.09109,11.50958,-5.0
213,Li3.25Ge0.25P0.75S4,0.0,0.0,0.0,0.0,0.0,0.0,0.0,0.0,0.0,0.0,0.0,0.0,0.0,0.0,0.0,0.0,0.0,0.0,0.030487805,0.0,0.0,0.0,0.0,0.0,0.0,0.396341463,0.0,0.0,0.0,0.0,0.0,0.0,0.0,0.0,0.0,0.0,0.091463415,0.0,0.0,0.487804878,0.0,0.0,0.0,0.0,0.0,0.0,0.0,0.0,0.0,0.0,0.0,0.0,0.0,0.0,0.0,1.89457,0.0854862,7.07829711,10.40025596,9.80584202,-2.692503962
214,Li3.2Ge0.2P0.8O4,0.0,0.0,0.0,0.0,0.0,0.0,0.0,0.0,0.0,0.0,0.0,0.0,0.0,0.0,0.0,0.0,0.0,0.0,0.024390244,0.0,0.0,0.0,0.0,0.0,0.0,0.390243902,0.0,0.0,0.0,0.0,0.0,0.0,0.0,0.0,0.0,0.487804878,0.097560976,0.0,0.0,0.0,0.0,0.0,0.0,0.0,0.0,0.0,0.0,0.0,0.0,0.0,0.0,0.0,0.0,0.0,0.0,2.17686,0.0484091,9.86277476,5.38661518,10.53400098,-5.943095149
215,Li3.2Ge0.2P0.8S4,0.0,0.0,0.0,0.0,0.0,0.0,0.0,0.0,0.0,0.0,0.0,0.0,0.0,0.0,0.0,0.0,0.0,0.0,0.024390244,0.0,0.0,0.0,0.0,0.0,0.0,0.390243902,0.0,0.0,0.0,0.0,0.0,0.0,0.0,0.0,0.0,0.0,0.097560976,0.0,0.0,0.487804878,0.0,0.0,0.0,0.0,0.0,0.0,0.0,0.0,0.0,0.0,0.0,0.0,0.0,0.0,0.0,1.67338,0.145299,8.18247288,8.18247288,15.65403414,-3.26760624
216,Li3.2Ge0.2V0.8O4,0.0,0.0,0.0,0.0,0.0,0.0,0.0,0.0,0.0,0.0,0.0,0.0,0.0,0.0,0.0,0.0,0.0,0.0,0.024390244,0.0,0.0,0.0,0.0,0.0,0.0,0.390243902,0.0,0.0,0.0,0.0,0.0,0.0,0.0,0.0,0.0,0.487804878,0.0,0.0,0.0,0.0,0.0,0.0,0.0,0.0,0.0,0.0,0.0,0.0,0.0,0.0,0.097560976,0.0,0.0,0.0,0.0,2.24646,0.0579578,5.4847651,11.23323044,9.34937194,-4.721246399
217,Li3.2PO3.1N0.7,0.0,0.0,0.0,0.0,0.0,0.0,0.0,0.0,0.0,0.0,0.0,0.0,0.0,0.0,0.0,0.0,0.0,0.0,0.0,0.0,0.0,0.0,0.0,0.0,0.0,0.4,0.0,0.0,0.0,0.0,0.0875,0.0,0.0,0.0,0.0,0.3875,0.125,0.0,0.0,0.0,0.0,0.0,0.0,0.0,0.0,0.0,0.0,0.0,0.0,0.0,0.0,0.0,0.0,0.0,0.0,1.74783,0.103179,21.70988227,7.54266567,7.54266567,-6.301029996
218,Li3.333Mg0.333P2S6,0.0,0.0,0.0,0.0,0.0,0.0,0.0,0.0,0.0,0.0,0.0,0.0,0.0,0.0,0.0,0.0,0.0,0.0,0.0,0.0,0.0,0.0,0.0,0.0,0.0,0.284871795,0.0,0.028461538,0.0,0.0,0.0,0.0,0.0,0.0,0.0,0.0,0.170940171,0.0,0.0,0.512820513,0.0,0.0,0.0,0.0,0.0,0.0,0.0,0.0,0.0,0.0,0.0,0.0,0.0,0.0,0.0,2.98404,0.016863,6.0748,6.0748,6.5954,-7.086186148
219,Li3.4Ge0.4P0.6O4,0.0,0.0,0.0,0.0,0.0,0.0,0.0,0.0,0.0,0.0,0.0,0.0,0.0,0.0,0.0,0.0,0.0,0.0,0.047619048,0.0,0.0,0.0,0.0,0.0,0.0,0.404761905,0.0,0.0,0.0,0.0,0.0,0.0,0.0,0.0,0.0,0.476190476,0.071428571,0.0,0.0,0.0,0.0,0.0,0.0,0.0,0.0,0.0,0.0,0.0,0.0,0.0,0.0,0.0,0.0,0.0,0.0,2.36078,0.0307187,5.55675983,8.34102615,10.4768076,-5.346787486
220,Li3.4Ge0.4V0.6O4,0.0,0.0,0.0,0.0,0.0,0.0,0.0,0.0,0.0,0.0,0.0,0.0,0.0,0.0,0.0,0.0,0.0,0.0,0.047619048,0.0,0.0,0.0,0.0,0.0,0.0,0.404761905,0.0,0.0,0.0,0.0,0.0,0.0,0.0,0.0,0.0,0.476190476,0.0,0.0,0.0,0.0,0.0,0.0,0.0,0.0,0.0,0.0,0.0,0.0,0.0,0.0,0.071428571,0.0,0.0,0.0,0.0,2.55892,0.0181248,5.63491537,16.68595239,5.61244995,-6.051098239
221,Li3.4Si0.4P0.6S4,0.0,0.0,0.0,0.0,0.0,0.0,0.0,0.0,0.0,0.0,0.0,0.0,0.0,0.0,0.0,0.0,0.0,0.0,0.0,0.0,0.0,0.0,0.0,0.0,0.0,0.404761905,0.0,0.0,0.0,0.0,0.0,0.0,0.0,0.0,0.0,0.0,0.071428571,0.0,0.0,0.476190476,0.0,0.0,0.0,0.047619048,0.0,0.0,0.0,0.0,0.0,0.0,0.0,0.0,0.0,0.0,0.0,1.72555,0.102912,9.8210032,10.14010078,9.35386035,-3.193820026
222,Li3.5Ge0.5V0.5O4,0.0,0.0,0.0,0.0,0.0,0.0,0.0,0.0,0.0,0.0,0.0,0.0,0.0,0.0,0.0,0.0,0.0,0.0,0.058823529,0.0,0.0,0.0,0.0,0.0,0.0,0.411764706,0.0,0.0,0.0,0.0,0.0,0.0,0.0,0.0,0.0,0.470588235,0.0,0.0,0.0,0.0,0.0,0.0,0.0,0.0,0.0,0.0,0.0,0.0,0.0,0.0,0.058823529,0.0,0.0,0.0,0.0,2.67078,0.0,5.9551922,5.52284804,5.70514984,-4.15490196
223,Li3.5Zn0.5Ga0.5(PO4)2,0.0,0.0,0.0,0.0,0.0,0.0,0.0,0.0,0.0,0.0,0.0,0.0,0.0,0.0,0.0,0.0,0.034482759,0.0,0.0,0.0,0.0,0.0,0.0,0.0,0.0,0.24137931,0.0,0.0,0.0,0.0,0.0,0.0,0.0,0.0,0.0,0.551724138,0.137931034,0.0,0.0,0.0,0.0,0.0,0.0,0.0,0.0,0.0,0.0,0.0,0.0,0.0,0.0,0.0,0.0,0.034482759,0.0,2.3721,0.017925,10.08925,6.5108,4.935878,-10.0
224,Li3.6Ge0.4P0.6S4,0.0,0.0,0.0,0.0,0.0,0.0,0.0,0.0,0.0,0.0,0.0,0.0,0.0,0.0,0.0,0.0,0.0,0.0,0.046511628,0.0,0.0,0.0,0.0,0.0,0.0,0.418604651,0.0,0.0,0.0,0.0,0.0,0.0,0.0,0.0,0.0,0.0,0.069767442,0.0,0.0,0.465116279,0.0,0.0,0.0,0.0,0.0,0.0,0.0,0.0,0.0,0.0,0.0,0.0,0.0,0.0,0.0,1.80993,0.104722,10.26719181,11.05858384,10.26719181,-3.654909409
225,Li3.6Ge0.6P0.4O4,0.0,0.0,0.0,0.0,0.0,0.0,0.0,0.0,0.0,0.0,0.0,0.0,0.0,0.0,0.0,0.0,0.0,0.0,0.069767442,0.0,0.0,0.0,0.0,0.0,0.0,0.418604651,0.0,0.0,0.0,0.0,0.0,0.0,0.0,0.0,0.0,0.465116279,0.046511628,0.0,0.0,0.0,0.0,0.0,0.0,0.0,0.0,0.0,0.0,0.0,0.0,0.0,0.0,0.0,0.0,0.0,0.0,2.32149,0.0475901,5.67746562,7.96649445,11.49669439,-4.958607315
226,Li3.6Ge0.6V0.4O4,0.0,0.0,0.0,0.0,0.0,0.0,0.0,0.0,0.0,0.0,0.0,0.0,0.0,0.0,0.0,0.0,0.0,0.0,0.069767442,0.0,0.0,0.0,0.0,0.0,0.0,0.418604651,0.0,0.0,0.0,0.0,0.0,0.0,0.0,0.0,0.0,0.465116279,0.0,0.0,0.0,0.0,0.0,0.0,0.0,0.0,0.0,0.0,0.0,0.0,0.0,0.0,0.046511628,0.0,0.0,0.0,0.0,2.48346,0.0333567,12.45703268,5.20520642,8.20851836,-4.496209317
227,Li3.6Si0.6P0.4S4,0.0,0.0,0.0,0.0,0.0,0.0,0.0,0.0,0.0,0.0,0.0,0.0,0.0,0.0,0.0,0.0,0.0,0.0,0.0,0.0,0.0,0.0,0.0,0.0,0.0,0.418604651,0.0,0.0,0.0,0.0,0.0,0.0,0.0,0.0,0.0,0.0,0.046511628,0.0,0.0,0.465116279,0.0,0.0,0.0,0.069767442,0.0,0.0,0.0,0.0,0.0,0.0,0.0,0.0,0.0,0.0,0.0,1.62999,0.12232,8.74457773,8.60018112,14.97988363,-4.110026362
228,Li3.70Ge0.85W0.15O4,0.0,0.0,0.0,0.0,0.0,0.0,0.0,0.0,0.0,0.0,0.0,0.0,0.0,0.0,0.0,0.0,0.0,0.0,0.097701149,0.0,0.0,0.0,0.0,0.0,0.0,0.425287356,0.0,0.0,0.0,0.0,0.0,0.0,0.0,0.0,0.0,0.459770115,0.0,0.0,0.0,0.0,0.0,0.0,0.0,0.0,0.0,0.0,0.0,0.0,0.0,0.0,0.0,0.017241379,0.0,0.0,0.0,3.73351,0.0,10.938,6.274,5.1609,-4.420216403
229,Li3.75Ge0.75V0.25O4,0.0,0.0,0.0,0.0,0.0,0.0,0.0,0.0,0.0,0.0,0.0,0.0,0.0,0.0,0.0,0.0,0.0,0.0,0.085227273,0.0,0.0,0.0,0.0,0.0,0.0,0.426136364,0.0,0.0,0.0,0.0,0.0,0.0,0.0,0.0,0.0,0.454545455,0.0,0.0,0.0,0.0,0.0,0.0,0.0,0.0,0.0,0.0,0.0,0.0,0.0,0.0,0.028409091,0.0,0.0,0.0,0.0,3.76411,0.0,10.896,6.2516,5.1571,-5.247183569
230,Li3.75Si0.75P0.25O4,0.0,0.0,0.0,0.0,0.0,0.0,0.0,0.0,0.0,0.0,0.0,0.0,0.0,0.0,0.0,0.0,0.0,0.0,0.0,0.0,0.0,0.0,0.0,0.0,0.0,0.426136364,0.0,0.0,0.0,0.0,0.0,0.0,0.0,0.0,0.0,0.454545455,0.028409091,0.0,0.0,0.0,0.0,0.0,0.0,0.085227273,0.0,0.0,0.0,0.0,0.0,0.0,0.0,0.0,0.0,0.0,0.0,2.00534,0.0378589,5.63275453,14.07151565,5.12212256,-6.25635315
231,Li3.7Zn0.7Ga0.3(PO4)2,0.0,0.0,0.0,0.0,0.0,0.0,0.0,0.0,0.0,0.0,0.0,0.0,0.0,0.0,0.0,0.0,0.020408163,0.0,0.0,0.0,0.0,0.0,0.0,0.0,0.0,0.25170068,0.0,0.0,0.0,0.0,0.0,0.0,0.0,0.0,0.0,0.544217687,0.136054422,0.0,0.0,0.0,0.0,0.0,0.0,0.0,0.0,0.0,0.0,0.0,0.0,0.0,0.0,0.0,0.0,0.047619048,0.0,2.36821,0.0,4.9391,6.4803,10.1468,-11.24795155
232,Li3.8Ge0.8P0.2O4,0.0,0.0,0.0,0.0,0.0,0.0,0.0,0.0,0.0,0.0,0.0,0.0,0.0,0.0,0.0,0.0,0.0,0.0,0.090909091,0.0,0.0,0.0,0.0,0.0,0.0,0.431818182,0.0,0.0,0.0,0.0,0.0,0.0,0.0,0.0,0.0,0.454545455,0.022727273,0.0,0.0,0.0,0.0,0.0,0.0,0.0,0.0,0.0,0.0,0.0,0.0,0.0,0.0,0.0,0.0,0.0,0.0,2.45917,0.0242358,5.0732392,20.29100294,5.0732392,-5.987162775
233,Li3.8Ge0.8V0.2O4,0.0,0.0,0.0,0.0,0.0,0.0,0.0,0.0,0.0,0.0,0.0,0.0,0.0,0.0,0.0,0.0,0.0,0.0,0.090909091,0.0,0.0,0.0,0.0,0.0,0.0,0.431818182,0.0,0.0,0.0,0.0,0.0,0.0,0.0,0.0,0.0,0.454545455,0.0,0.0,0.0,0.0,0.0,0.0,0.0,0.0,0.0,0.0,0.0,0.0,0.0,0.0,0.022727273,0.0,0.0,0.0,0.0,2.58456,0.018092,12.95804596,6.17533433,6.59054143,-5.567030709
234,Li3Al0.4Sc1.6(PO4)3,0.0,0.02,0.0,0.0,0.0,0.0,0.0,0.0,0.0,0.0,0.0,0.0,0.0,0.0,0.0,0.0,0.0,0.0,0.0,0.0,0.0,0.0,0.0,0.0,0.0,0.15,0.0,0.0,0.0,0.0,0.0,0.0,0.0,0.0,0.0,0.6,0.15,0.0,0.0,0.0,0.0,0.08,0.0,0.0,0.0,0.0,0.0,0.0,0.0,0.0,0.0,0.0,0.0,0.0,0.0,2.11778,0.127662,13.40120058,11.95882477,9.72878983,-4.89279003
235,Li3AlF6,0.0,0.1,0.0,0.0,0.0,0.0,0.0,0.0,0.0,0.0,0.0,0.0,0.0,0.0,0.6,0.0,0.0,0.0,0.0,0.0,0.0,0.0,0.0,0.0,0.0,0.3,0.0,0.0,0.0,0.0,0.0,0.0,0.0,0.0,0.0,0.0,0.0,0.0,0.0,0.0,0.0,0.0,0.0,0.0,0.0,0.0,0.0,0.0,0.0,0.0,0.0,0.0,0.0,0.0,0.0,2.75195,0.0127837,14.201,8.387,9.861,-6.301029996
236,Li3AlH6,0.0,0.1,0.0,0.0,0.0,0.0,0.0,0.0,0.0,0.0,0.0,0.0,0.0,0.0,0.0,0.0,0.0,0.0,0.0,0.6,0.0,0.0,0.0,0.0,0.0,0.3,0.0,0.0,0.0,0.0,0.0,0.0,0.0,0.0,0.0,0.0,0.0,0.0,0.0,0.0,0.0,0.0,0.0,0.0,0.0,0.0,0.0,0.0,0.0,0.0,0.0,0.0,0.0,0.0,0.0,0.999745,0.0445514,8.07117,8.07117,9.513,-6.853871964
237,Li3AlN2,0.0,0.166666667,0.0,0.0,0.0,0.0,0.0,0.0,0.0,0.0,0.0,0.0,0.0,0.0,0.0,0.0,0.0,0.0,0.0,0.0,0.0,0.0,0.0,0.0,0.0,0.5,0.0,0.0,0.0,0.0,0.333333333,0.0,0.0,0.0,0.0,0.0,0.0,0.0,0.0,0.0,0.0,0.0,0.0,0.0,0.0,0.0,0.0,0.0,0.0,0.0,0.0,0.0,0.0,0.0,0.0,2.36441,0.0,9.48,9.48,9.48,-7.301029996
238,Li3AlS3,0.0,0.142857143,0.0,0.0,0.0,0.0,0.0,0.0,0.0,0.0,0.0,0.0,0.0,0.0,0.0,0.0,0.0,0.0,0.0,0.0,0.0,0.0,0.0,0.0,0.0,0.428571429,0.0,0.0,0.0,0.0,0.0,0.0,0.0,0.0,0.0,0.0,0.0,0.0,0.0,0.428571429,0.0,0.0,0.0,0.0,0.0,0.0,0.0,0.0,0.0,0.0,0.0,0.0,0.0,0.0,0.0,2.0692,0.0408081,14.31901,11.98037,6.627,-7.882728704
239,Li3BiO3,0.0,0.0,0.0,0.0,0.142857143,0.0,0.0,0.0,0.0,0.0,0.0,0.0,0.0,0.0,0.0,0.0,0.0,0.0,0.0,0.0,0.0,0.0,0.0,0.0,0.0,0.428571429,0.0,0.0,0.0,0.0,0.0,0.0,0.0,0.0,0.0,0.428571429,0.0,0.0,0.0,0.0,0.0,0.0,0.0,0.0,0.0,0.0,0.0,0.0,0.0,0.0,0.0,0.0,0.0,0.0,0.0,5.26883,0.012257,9.0238,9.2353,9.7302,-9.619788758
240,Li3BiO4,0.0,0.0,0.0,0.0,0.125,0.0,0.0,0.0,0.0,0.0,0.0,0.0,0.0,0.0,0.0,0.0,0.0,0.0,0.0,0.0,0.0,0.0,0.0,0.0,0.0,0.375,0.0,0.0,0.0,0.0,0.0,0.0,0.0,0.0,0.0,0.5,0.0,0.0,0.0,0.0,0.0,0.0,0.0,0.0,0.0,0.0,0.0,0.0,0.0,0.0,0.0,0.0,0.0,0.0,0.0,6.03991,0.0,8.75,8.75,4.22,-9.387216143
241,Li3BN2,0.0,0.0,0.166666667,0.0,0.0,0.0,0.0,0.0,0.0,0.0,0.0,0.0,0.0,0.0,0.0,0.0,0.0,0.0,0.0,0.0,0.0,0.0,0.0,0.0,0.0,0.5,0.0,0.0,0.0,0.0,0.333333333,0.0,0.0,0.0,0.0,0.0,0.0,0.0,0.0,0.0,0.0,0.0,0.0,0.0,0.0,0.0,0.0,0.0,0.0,0.0,0.0,0.0,0.0,0.0,0.0,1.73705,0.0,5.1502,7.0824,6.7908,-7.060480747
242,Li3BN2,0.0,0.0,0.166666667,0.0,0.0,0.0,0.0,0.0,0.0,0.0,0.0,0.0,0.0,0.0,0.0,0.0,0.0,0.0,0.0,0.0,0.0,0.0,0.0,0.0,0.0,0.5,0.0,0.0,0.0,0.0,0.333333333,0.0,0.0,0.0,0.0,0.0,0.0,0.0,0.0,0.0,0.0,0.0,0.0,0.0,0.0,0.0,0.0,0.0,0.0,0.0,0.0,0.0,0.0,0.0,0.0,1.74689,0.0,4.6435,4.6435,5.2592,-9.795880017
243,Li3BP2O8,0.0,0.0,0.071428571,0.0,0.0,0.0,0.0,0.0,0.0,0.0,0.0,0.0,0.0,0.0,0.0,0.0,0.0,0.0,0.0,0.0,0.0,0.0,0.0,0.0,0.0,0.214285714,0.0,0.0,0.0,0.0,0.0,0.0,0.0,0.0,0.0,0.571428571,0.142857143,0.0,0.0,0.0,0.0,0.0,0.0,0.0,0.0,0.0,0.0,0.0,0.0,0.0,0.0,0.0,0.0,0.0,0.0,2.63689,0.0206076,5.1888,7.4118,7.6735,-11.01772877
244,Li3ClO,0.0,0.0,0.0,0.0,0.0,0.0,0.0,0.0,0.0,0.2,0.0,0.0,0.0,0.0,0.0,0.0,0.0,0.0,0.0,0.0,0.0,0.0,0.0,0.0,0.0,0.6,0.0,0.0,0.0,0.0,0.0,0.0,0.0,0.0,0.0,0.2,0.0,0.0,0.0,0.0,0.0,0.0,0.0,0.0,0.0,0.0,0.0,0.0,0.0,0.0,0.0,0.0,0.0,0.0,0.0,2.0103,0.0,3.908337,3.908337,3.908337,-1.602059991
245,Li3Cr(MoO4)3,0.0,0.0,0.0,0.0,0.0,0.0,0.0,0.0,0.0,0.0,0.0,0.052631579,0.0,0.0,0.0,0.0,0.0,0.0,0.0,0.0,0.0,0.0,0.0,0.0,0.0,0.157894737,0.0,0.0,0.0,0.157894737,0.0,0.0,0.0,0.0,0.0,0.631578947,0.0,0.0,0.0,0.0,0.0,0.0,0.0,0.0,0.0,0.0,0.0,0.0,0.0,0.0,0.0,0.0,0.0,0.0,0.0,4.60789,0.0192887,5.077,10.438,17.483,-8.496209317
246,Li3ErI6,0.0,0.0,0.0,0.0,0.0,0.0,0.0,0.0,0.0,0.0,0.0,0.0,0.0,0.1,0.0,0.0,0.0,0.0,0.0,0.0,0.0,0.6,0.0,0.0,0.0,0.3,0.0,0.0,0.0,0.0,0.0,0.0,0.0,0.0,0.0,0.0,0.0,0.0,0.0,0.0,0.0,0.0,0.0,0.0,0.0,0.0,0.0,0.0,0.0,0.0,0.0,0.0,0.0,0.0,0.0,6.37399,0.0265705,7.413,12.838,14.2,-3.187086643
247,Li3Fe(MoO4)3,0.0,0.0,0.0,0.0,0.0,0.0,0.0,0.0,0.0,0.0,0.0,0.0,0.0,0.0,0.0,0.052631579,0.0,0.0,0.0,0.0,0.0,0.0,0.0,0.0,0.0,0.157894737,0.0,0.0,0.0,0.157894737,0.0,0.0,0.0,0.0,0.0,0.631578947,0.0,0.0,0.0,0.0,0.0,0.0,0.0,0.0,0.0,0.0,0.0,0.0,0.0,0.0,0.0,0.0,0.0,0.0,0.0,4.63668,0.0185779,5.07,10.48,17.64,-9.229884705
248,Li3InCl6,0.0,0.0,0.0,0.0,0.0,0.0,0.0,0.0,0.0,0.6,0.0,0.0,0.0,0.0,0.0,0.0,0.0,0.0,0.0,0.0,0.0,0.0,0.1,0.0,0.0,0.3,0.0,0.0,0.0,0.0,0.0,0.0,0.0,0.0,0.0,0.0,0.0,0.0,0.0,0.0,0.0,0.0,0.0,0.0,0.0,0.0,0.0,0.0,0.0,0.0,0.0,0.0,0.0,0.0,0.0,4.46919,0.00614428,6.432,11.093,6.398,-2.690369833
249,Li3N,0.0,0.0,0.0,0.0,0.0,0.0,0.0,0.0,0.0,0.0,0.0,0.0,0.0,0.0,0.0,0.0,0.0,0.0,0.0,0.0,0.0,0.0,0.0,0.0,0.0,0.75,0.0,0.0,0.0,0.0,0.25,0.0,0.0,0.0,0.0,0.0,0.0,0.0,0.0,0.0,0.0,0.0,0.0,0.0,0.0,0.0,0.0,0.0,0.0,0.0,0.0,0.0,0.0,0.0,0.0,1.29506,0.00693403,3.648,3.648,3.875,-3.239050049
250,Li3N,0.0,0.0,0.0,0.0,0.0,0.0,0.0,0.0,0.0,0.0,0.0,0.0,0.0,0.0,0.0,0.0,0.0,0.0,0.0,0.0,0.0,0.0,0.0,0.0,0.0,0.75,0.0,0.0,0.0,0.0,0.25,0.0,0.0,0.0,0.0,0.0,0.0,0.0,0.0,0.0,0.0,0.0,0.0,0.0,0.0,0.0,0.0,0.0,0.0,0.0,0.0,0.0,0.0,0.0,0.0,1.67748,0.0,3.552,3.552,6.311,-3.680893941
251,Li3Na5(TiS4)2,0.0,0.0,0.0,0.0,0.0,0.0,0.0,0.0,0.0,0.0,0.0,0.0,0.0,0.0,0.0,0.0,0.0,0.0,0.0,0.0,0.0,0.0,0.0,0.0,0.0,0.166666667,0.0,0.0,0.0,0.0,0.0,0.277777778,0.0,0.0,0.0,0.0,0.0,0.0,0.0,0.444444444,0.0,0.0,0.0,0.0,0.0,0.0,0.0,0.0,0.0,0.111111111,0.0,0.0,0.0,0.0,0.0,2.17968,0.0,17.5783,9.6404,12.0796,-5.055517328
252,Li3O(Cl0.5Br0.5),0.0,0.0,0.0,0.0,0.0,0.1,0.0,0.0,0.0,0.1,0.0,0.0,0.0,0.0,0.0,0.0,0.0,0.0,0.0,0.0,0.0,0.0,0.0,0.0,0.0,0.6,0.0,0.0,0.0,0.0,0.0,0.0,0.0,0.0,0.0,0.2,0.0,0.0,0.0,0.0,0.0,0.0,0.0,0.0,0.0,0.0,0.0,0.0,0.0,0.0,0.0,0.0,0.0,0.0,0.0,1.75621,0.188861,6.44816955,6.44816955,3.46061828,-3.027797162
253,Li3OBr,0.0,0.0,0.0,0.0,0.0,0.2,0.0,0.0,0.0,0.0,0.0,0.0,0.0,0.0,0.0,0.0,0.0,0.0,0.0,0.0,0.0,0.0,0.0,0.0,0.0,0.6,0.0,0.0,0.0,0.0,0.0,0.0,0.0,0.0,0.0,0.2,0.0,0.0,0.0,0.0,0.0,0.0,0.0,0.0,0.0,0.0,0.0,0.0,0.0,0.0,0.0,0.0,0.0,0.0,0.0,2.90484,0.0,4.056,4.056,4.056,-5.958607315
254,Li3OCl,0.0,0.0,0.0,0.0,0.0,0.0,0.0,0.0,0.0,0.2,0.0,0.0,0.0,0.0,0.0,0.0,0.0,0.0,0.0,0.0,0.0,0.0,0.0,0.0,0.0,0.6,0.0,0.0,0.0,0.0,0.0,0.0,0.0,0.0,0.0,0.2,0.0,0.0,0.0,0.0,0.0,0.0,0.0,0.0,0.0,0.0,0.0,0.0,0.0,0.0,0.0,0.0,0.0,0.0,0.0,2.00282,0.0,3.913198011,3.913198011,3.913198011,-3.850780887
255,Li3P,0.0,0.0,0.0,0.0,0.0,0.0,0.0,0.0,0.0,0.0,0.0,0.0,0.0,0.0,0.0,0.0,0.0,0.0,0.0,0.0,0.0,0.0,0.0,0.0,0.0,0.75,0.0,0.0,0.0,0.0,0.0,0.0,0.0,0.0,0.0,0.0,0.25,0.0,0.0,0.0,0.0,0.0,0.0,0.0,0.0,0.0,0.0,0.0,0.0,0.0,0.0,0.0,0.0,0.0,0.0,1.43257,0.0,4.273,4.273,7.594,-3.153044675
256,Li3P0.2V0.8O4,0.0,0.0,0.0,0.0,0.0,0.0,0.0,0.0,0.0,0.0,0.0,0.0,0.0,0.0,0.0,0.0,0.0,0.0,0.0,0.0,0.0,0.0,0.0,0.0,0.0,0.375,0.0,0.0,0.0,0.0,0.0,0.0,0.0,0.0,0.0,0.5,0.025,0.0,0.0,0.0,0.0,0.0,0.0,0.0,0.0,0.0,0.0,0.0,0.0,0.0,0.1,0.0,0.0,0.0,0.0,2.06784,0.0749864,5.97155614,10.11453521,10.11453521,-12.88438949
257,Li3P0.6V0.4O4,0.0,0.0,0.0,0.0,0.0,0.0,0.0,0.0,0.0,0.0,0.0,0.0,0.0,0.0,0.0,0.0,0.0,0.0,0.0,0.0,0.0,0.0,0.0,0.0,0.0,0.375,0.0,0.0,0.0,0.0,0.0,0.0,0.0,0.0,0.0,0.5,0.075,0.0,0.0,0.0,0.0,0.0,0.0,0.0,0.0,0.0,0.0,0.0,0.0,0.0,0.05,0.0,0.0,0.0,0.0,2.14721,0.0542472,9.58034913,5.53106684,9.58034913,-12.49485002
258,Li3P0.8V0.2O4,0.0,0.0,0.0,0.0,0.0,0.0,0.0,0.0,0.0,0.0,0.0,0.0,0.0,0.0,0.0,0.0,0.0,0.0,0.0,0.0,0.0,0.0,0.0,0.0,0.0,0.375,0.0,0.0,0.0,0.0,0.0,0.0,0.0,0.0,0.0,0.5,0.1,0.0,0.0,0.0,0.0,0.0,0.0,0.0,0.0,0.0,0.0,0.0,0.0,0.0,0.025,0.0,0.0,0.0,0.0,2.19454,0.0223373,20.62450001,5.03715263,5.03715263,-12.68824614
259,Li3PO4,0.0,0.0,0.0,0.0,0.0,0.0,0.0,0.0,0.0,0.0,0.0,0.0,0.0,0.0,0.0,0.0,0.0,0.0,0.0,0.0,0.0,0.0,0.0,0.0,0.0,0.375,0.0,0.0,0.0,0.0,0.0,0.0,0.0,0.0,0.0,0.5,0.125,0.0,0.0,0.0,0.0,0.0,0.0,0.0,0.0,0.0,0.0,0.0,0.0,0.0,0.0,0.0,0.0,0.0,0.0,2.44478,0.0,10.4612,6.1113,4.9208,-17.37675071
260,Li3PO4,0.0,0.0,0.0,0.0,0.0,0.0,0.0,0.0,0.0,0.0,0.0,0.0,0.0,0.0,0.0,0.0,0.0,0.0,0.0,0.0,0.0,0.0,0.0,0.0,0.0,0.375,0.0,0.0,0.0,0.0,0.0,0.0,0.0,0.0,0.0,0.5,0.125,0.0,0.0,0.0,0.0,0.0,0.0,0.0,0.0,0.0,0.0,0.0,0.0,0.0,0.0,0.0,0.0,0.0,0.0,2.43174,0.0,10.49,6.12,4.9266,-12.75696195
261,Li3PS4,0.0,0.0,0.0,0.0,0.0,0.0,0.0,0.0,0.0,0.0,0.0,0.0,0.0,0.0,0.0,0.0,0.0,0.0,0.0,0.0,0.0,0.0,0.0,0.0,0.0,0.375,0.0,0.0,0.0,0.0,0.0,0.0,0.0,0.0,0.0,0.0,0.125,0.0,0.0,0.5,0.0,0.0,0.0,0.0,0.0,0.0,0.0,0.0,0.0,0.0,0.0,0.0,0.0,0.0,0.0,1.93446,0.0756799,7.70829,6.53521,6.1365,-6.585026652
262,Li3PS4,0.0,0.0,0.0,0.0,0.0,0.0,0.0,0.0,0.0,0.0,0.0,0.0,0.0,0.0,0.0,0.0,0.0,0.0,0.0,0.0,0.0,0.0,0.0,0.0,0.0,0.375,0.0,0.0,0.0,0.0,0.0,0.0,0.0,0.0,0.0,0.0,0.125,0.0,0.0,0.5,0.0,0.0,0.0,0.0,0.0,0.0,0.0,0.0,0.0,0.0,0.0,0.0,0.0,0.0,0.0,1.92508,0.0684439,12.819,8.2195,6.1236,-6.049148541
263,Li3SbS3,0.0,0.0,0.0,0.0,0.0,0.0,0.0,0.0,0.0,0.0,0.0,0.0,0.0,0.0,0.0,0.0,0.0,0.0,0.0,0.0,0.0,0.0,0.0,0.0,0.0,0.428571429,0.0,0.0,0.0,0.0,0.0,0.0,0.0,0.0,0.0,0.0,0.0,0.0,0.0,0.428571429,0.142857143,0.0,0.0,0.0,0.0,0.0,0.0,0.0,0.0,0.0,0.0,0.0,0.0,0.0,0.0,2.90606,0.027742,7.9671,6.7883,10.0912,-9.0
264,Li3SbS4,0.0,0.0,0.0,0.0,0.0,0.0,0.0,0.0,0.0,0.0,0.0,0.0,0.0,0.0,0.0,0.0,0.0,0.0,0.0,0.0,0.0,0.0,0.0,0.0,0.0,0.375,0.0,0.0,0.0,0.0,0.0,0.0,0.0,0.0,0.0,0.0,0.0,0.0,0.0,0.5,0.125,0.0,0.0,0.0,0.0,0.0,0.0,0.0,0.0,0.0,0.0,0.0,0.0,0.0,0.0,2.58892,0.0685536,7.9645,6.8404,6.3774,-8.318758763
265,Li3Sc2P3O12,0.0,0.0,0.0,0.0,0.0,0.0,0.0,0.0,0.0,0.0,0.0,0.0,0.0,0.0,0.0,0.0,0.0,0.0,0.0,0.0,0.0,0.0,0.0,0.0,0.0,0.15,0.0,0.0,0.0,0.0,0.0,0.0,0.0,0.0,0.0,0.6,0.15,0.0,0.0,0.0,0.0,0.1,0.0,0.0,0.0,0.0,0.0,0.0,0.0,0.0,0.0,0.0,0.0,0.0,0.0,2.09792,0.119852,6.100882744,6.069622241,8.456905388,-10.0
266,Li3V0.6P0.4O4,0.0,0.0,0.0,0.0,0.0,0.0,0.0,0.0,0.0,0.0,0.0,0.0,0.0,0.0,0.0,0.0,0.0,0.0,0.0,0.0,0.0,0.0,0.0,0.0,0.0,0.375,0.0,0.0,0.0,0.0,0.0,0.0,0.0,0.0,0.0,0.5,0.05,0.0,0.0,0.0,0.0,0.0,0.0,0.0,0.0,0.0,0.0,0.0,0.0,0.0,0.075,0.0,0.0,0.0,0.0,2.19941,0.0410656,8.07170655,9.57498274,6.27712798,-12.44977165
267,Li3VO4,0.0,0.0,0.0,0.0,0.0,0.0,0.0,0.0,0.0,0.0,0.0,0.0,0.0,0.0,0.0,0.0,0.0,0.0,0.0,0.0,0.0,0.0,0.0,0.0,0.0,0.375,0.0,0.0,0.0,0.0,0.0,0.0,0.0,0.0,0.0,0.5,0.0,0.0,0.0,0.0,0.0,0.0,0.0,0.0,0.0,0.0,0.0,0.0,0.0,0.0,0.125,0.0,0.0,0.0,0.0,2.64558,0.0,6.3259,5.446,4.9469,-13.03621217
268,Li3YBr6,0.0,0.0,0.0,0.0,0.0,0.6,0.0,0.0,0.0,0.0,0.0,0.0,0.0,0.0,0.0,0.0,0.0,0.0,0.0,0.0,0.0,0.0,0.0,0.0,0.0,0.3,0.0,0.0,0.0,0.0,0.0,0.0,0.0,0.0,0.0,0.0,0.0,0.0,0.0,0.0,0.0,0.0,0.0,0.0,0.0,0.0,0.0,0.0,0.0,0.0,0.0,0.0,0.1,0.0,0.0,3.87215,0.0279534,6.9188,11.9742,6.8635,-2.716698771
269,Li3YCl6,0.0,0.0,0.0,0.0,0.0,0.0,0.0,0.0,0.0,0.6,0.0,0.0,0.0,0.0,0.0,0.0,0.0,0.0,0.0,0.0,0.0,0.0,0.0,0.0,0.0,0.3,0.0,0.0,0.0,0.0,0.0,0.0,0.0,0.0,0.0,0.0,0.0,0.0,0.0,0.0,0.0,0.0,0.0,0.0,0.0,0.0,0.0,0.0,0.0,0.0,0.0,0.0,0.1,0.0,0.0,2.94247,0.0292339,11.209337,11.209337,6.046941,-3.268411235
270,Li4.25Si0.75Al0.25O4,0.0,0.027173913,0.0,0.0,0.0,0.0,0.0,0.0,0.0,0.0,0.0,0.0,0.0,0.0,0.0,0.0,0.0,0.0,0.0,0.0,0.0,0.0,0.0,0.0,0.0,0.461956522,0.0,0.0,0.0,0.0,0.0,0.0,0.0,0.0,0.0,0.434782609,0.0,0.0,0.0,0.0,0.0,0.0,0.0,0.081521739,0.0,0.0,0.0,0.0,0.0,0.0,0.0,0.0,0.0,0.0,0.0,2.07081,0.0,4.88395349,5.18557765,16.60701385,-7.695350471
271,Li4.2Ge0.8Ga0.2S4,0.0,0.0,0.0,0.0,0.0,0.0,0.0,0.0,0.0,0.0,0.0,0.0,0.0,0.0,0.0,0.0,0.02173913,0.0,0.086956522,0.0,0.0,0.0,0.0,0.0,0.0,0.456521739,0.0,0.0,0.0,0.0,0.0,0.0,0.0,0.0,0.0,0.0,0.0,0.0,0.0,0.434782609,0.0,0.0,0.0,0.0,0.0,0.0,0.0,0.0,0.0,0.0,0.0,0.0,0.0,0.0,0.0,2.03708,0.0712197,10.23977514,9.48030074,10.47105125,-4.187086643
272,Li4.4Al0.4Ge0.6S4,0.0,0.042553191,0.0,0.0,0.0,0.0,0.0,0.0,0.0,0.0,0.0,0.0,0.0,0.0,0.0,0.0,0.0,0.0,0.063829787,0.0,0.0,0.0,0.0,0.0,0.0,0.468085106,0.0,0.0,0.0,0.0,0.0,0.0,0.0,0.0,0.0,0.0,0.0,0.0,0.0,0.425531915,0.0,0.0,0.0,0.0,0.0,0.0,0.0,0.0,0.0,0.0,0.0,0.0,0.0,0.0,0.0,2.59734,0.0103876,7.9478,7.9478,6.15528,-4.366531544
273,Li4.4Al0.4Sn0.6S4,0.0,0.042553191,0.0,0.0,0.0,0.0,0.0,0.0,0.0,0.0,0.0,0.0,0.0,0.0,0.0,0.0,0.0,0.0,0.0,0.0,0.0,0.0,0.0,0.0,0.0,0.468085106,0.0,0.0,0.0,0.0,0.0,0.0,0.0,0.0,0.0,0.0,0.0,0.0,0.0,0.425531915,0.0,0.0,0.0,0.0,0.0,0.063829787,0.0,0.0,0.0,0.0,0.0,0.0,0.0,0.0,0.0,2.93777,0.00843498,8.01709,8.01709,6.28461,-5.366531544
274,Li4.4Ga0.4Ge0.6S4,0.0,0.0,0.0,0.0,0.0,0.0,0.0,0.0,0.0,0.0,0.0,0.0,0.0,0.0,0.0,0.0,0.042553191,0.0,0.063829787,0.0,0.0,0.0,0.0,0.0,0.0,0.468085106,0.0,0.0,0.0,0.0,0.0,0.0,0.0,0.0,0.0,0.0,0.0,0.0,0.0,0.425531915,0.0,0.0,0.0,0.0,0.0,0.0,0.0,0.0,0.0,0.0,0.0,0.0,0.0,0.0,0.0,2.15889,0.0472279,10.17176055,9.89540246,10.19949541,-4.787812396
275,Li4.4Ga0.4Sn0.6S4,0.0,0.0,0.0,0.0,0.0,0.0,0.0,0.0,0.0,0.0,0.0,0.0,0.0,0.0,0.0,0.0,0.042553191,0.0,0.0,0.0,0.0,0.0,0.0,0.0,0.0,0.468085106,0.0,0.0,0.0,0.0,0.0,0.0,0.0,0.0,0.0,0.0,0.0,0.0,0.0,0.425531915,0.0,0.0,0.0,0.0,0.0,0.063829787,0.0,0.0,0.0,0.0,0.0,0.0,0.0,0.0,0.0,2.31302,0.0485339,10.18202813,11.1440002,10.20682122,-5.494850022
276,Li4.8Si0.2Al0.8S4,0.0,0.081632653,0.0,0.0,0.0,0.0,0.0,0.0,0.0,0.0,0.0,0.0,0.0,0.0,0.0,0.0,0.0,0.0,0.0,0.0,0.0,0.0,0.0,0.0,0.0,0.489795918,0.0,0.0,0.0,0.0,0.0,0.0,0.0,0.0,0.0,0.0,0.0,0.0,0.0,0.408163265,0.0,0.0,0.0,0.020408163,0.0,0.0,0.0,0.0,0.0,0.0,0.0,0.0,0.0,0.0,0.0,1.63606,0.083163,12.44380193,8.67144476,8.8784765,-5.971412549
277,Li49.6Al1.6La24Zr14.4Ta1.6O96,0.0,0.008547009,0.0,0.0,0.0,0.0,0.0,0.0,0.0,0.0,0.0,0.0,0.0,0.0,0.0,0.0,0.0,0.0,0.0,0.0,0.0,0.0,0.0,0.0,0.128205128,0.264957265,0.0,0.0,0.0,0.0,0.0,0.0,0.0,0.0,0.0,0.512820513,0.0,0.0,0.0,0.0,0.0,0.0,0.0,0.0,0.0,0.0,0.0,0.008547009,0.0,0.0,0.0,0.0,0.0,0.0,0.076923077,5.46611,0.0,12.958,12.958,12.958,-3.211831629
278,Li4B7O12Cl,0.0,0.0,0.291666667,0.0,0.0,0.0,0.0,0.0,0.0,0.041666667,0.0,0.0,0.0,0.0,0.0,0.0,0.0,0.0,0.0,0.0,0.0,0.0,0.0,0.0,0.0,0.166666667,0.0,0.0,0.0,0.0,0.0,0.0,0.0,0.0,0.0,0.5,0.0,0.0,0.0,0.0,0.0,0.0,0.0,0.0,0.0,0.0,0.0,0.0,0.0,0.0,0.0,0.0,0.0,0.0,0.0,2.59398,0.0,12.167,12.167,12.167,-5.698970004
279,Li4BN3H10,0.0,0.0,0.055555556,0.0,0.0,0.0,0.0,0.0,0.0,0.0,0.0,0.0,0.0,0.0,0.0,0.0,0.0,0.0,0.0,0.555555556,0.0,0.0,0.0,0.0,0.0,0.222222222,0.0,0.0,0.0,0.0,0.166666667,0.0,0.0,0.0,0.0,0.0,0.0,0.0,0.0,0.0,0.0,0.0,0.0,0.0,0.0,0.0,0.0,0.0,0.0,0.0,0.0,0.0,0.0,0.0,0.0,0.971255,0.188004,10.74399951,10.74399951,10.74399951,-3.698970004
280,Li4Ge0.25Sn0.75Se4,0.0,0.0,0.0,0.0,0.0,0.0,0.0,0.0,0.0,0.0,0.0,0.0,0.0,0.0,0.0,0.0,0.0,0.0,0.027777778,0.0,0.0,0.0,0.0,0.0,0.0,0.444444444,0.0,0.0,0.0,0.0,0.0,0.0,0.0,0.0,0.0,0.0,0.0,0.0,0.0,0.0,0.0,0.0,0.444444444,0.0,0.0,0.083333333,0.0,0.0,0.0,0.0,0.0,0.0,0.0,0.0,0.0,3.4729,0.0406346,14.93267,8.23052,6.58493,-6.080921908
281,Li4Ge0.50Sn0.50Se4,0.0,0.0,0.0,0.0,0.0,0.0,0.0,0.0,0.0,0.0,0.0,0.0,0.0,0.0,0.0,0.0,0.0,0.0,0.055555556,0.0,0.0,0.0,0.0,0.0,0.0,0.444444444,0.0,0.0,0.0,0.0,0.0,0.0,0.0,0.0,0.0,0.0,0.0,0.0,0.0,0.0,0.0,0.0,0.444444444,0.0,0.0,0.055555556,0.0,0.0,0.0,0.0,0.0,0.0,0.0,0.0,0.0,3.63328,0.0182425,14.8804,8.20822,6.54131,-5.744727495
282,Li4Ge0.75Sn0.25Se4,0.0,0.0,0.0,0.0,0.0,0.0,0.0,0.0,0.0,0.0,0.0,0.0,0.0,0.0,0.0,0.0,0.0,0.0,0.083333333,0.0,0.0,0.0,0.0,0.0,0.0,0.444444444,0.0,0.0,0.0,0.0,0.0,0.0,0.0,0.0,0.0,0.0,0.0,0.0,0.0,0.0,0.0,0.0,0.444444444,0.0,0.0,0.027777778,0.0,0.0,0.0,0.0,0.0,0.0,0.0,0.0,0.0,3.67956,0.0191817,14.79777,8.19907,6.50236,-5.22184875
283,Li4GeO4,0.0,0.0,0.0,0.0,0.0,0.0,0.0,0.0,0.0,0.0,0.0,0.0,0.0,0.0,0.0,0.0,0.0,0.0,0.111111111,0.0,0.0,0.0,0.0,0.0,0.0,0.444444444,0.0,0.0,0.0,0.0,0.0,0.0,0.0,0.0,0.0,0.444444444,0.0,0.0,0.0,0.0,0.0,0.0,0.0,0.0,0.0,0.0,0.0,0.0,0.0,0.0,0.0,0.0,0.0,0.0,0.0,3.159,0.0,7.766,7.357,6.049,-11.88605665
284,Li4GeS2Se2,0.0,0.0,0.0,0.0,0.0,0.0,0.0,0.0,0.0,0.0,0.0,0.0,0.0,0.0,0.0,0.0,0.0,0.0,0.111111111,0.0,0.0,0.0,0.0,0.0,0.0,0.444444444,0.0,0.0,0.0,0.0,0.0,0.0,0.0,0.0,0.0,0.0,0.0,0.0,0.0,0.222222222,0.0,0.0,0.222222222,0.0,0.0,0.0,0.0,0.0,0.0,0.0,0.0,0.0,0.0,0.0,0.0,2.28783,0.0323189,14.40259,7.9744,6.30594,-4.552841969
285,Li4GeS3Se,0.0,0.0,0.0,0.0,0.0,0.0,0.0,0.0,0.0,0.0,0.0,0.0,0.0,0.0,0.0,0.0,0.0,0.0,0.111111111,0.0,0.0,0.0,0.0,0.0,0.0,0.444444444,0.0,0.0,0.0,0.0,0.0,0.0,0.0,0.0,0.0,0.0,0.0,0.0,0.0,0.333333333,0.0,0.0,0.111111111,0.0,0.0,0.0,0.0,0.0,0.0,0.0,0.0,0.0,0.0,0.0,0.0,2.37982,0.0270272,14.25036,7.85208,6.22238,-5.070581074
286,Li4GeS4,0.0,0.0,0.0,0.0,0.0,0.0,0.0,0.0,0.0,0.0,0.0,0.0,0.0,0.0,0.0,0.0,0.0,0.0,0.111111111,0.0,0.0,0.0,0.0,0.0,0.0,0.444444444,0.0,0.0,0.0,0.0,0.0,0.0,0.0,0.0,0.0,0.0,0.0,0.0,0.0,0.444444444,0.0,0.0,0.0,0.0,0.0,0.0,0.0,0.0,0.0,0.0,0.0,0.0,0.0,0.0,0.0,2.33381,0.045085,14.0658,7.75102,6.14973,-6.698970004
287,Li4GeSe4,0.0,0.0,0.0,0.0,0.0,0.0,0.0,0.0,0.0,0.0,0.0,0.0,0.0,0.0,0.0,0.0,0.0,0.0,0.111111111,0.0,0.0,0.0,0.0,0.0,0.0,0.444444444,0.0,0.0,0.0,0.0,0.0,0.0,0.0,0.0,0.0,0.0,0.0,0.0,0.0,0.0,0.0,0.0,0.444444444,0.0,0.0,0.0,0.0,0.0,0.0,0.0,0.0,0.0,0.0,0.0,0.0,3.72477,0.0215798,14.59532,8.22373,6.49299,-5.301029996
288,Li4GeSSe3,0.0,0.0,0.0,0.0,0.0,0.0,0.0,0.0,0.0,0.0,0.0,0.0,0.0,0.0,0.0,0.0,0.0,0.0,0.111111111,0.0,0.0,0.0,0.0,0.0,0.0,0.444444444,0.0,0.0,0.0,0.0,0.0,0.0,0.0,0.0,0.0,0.0,0.0,0.0,0.0,0.111111111,0.0,0.0,0.333333333,0.0,0.0,0.0,0.0,0.0,0.0,0.0,0.0,0.0,0.0,0.0,0.0,2.20025,0.0371503,14.47728,8.11467,6.41034,-4.823908741
289,Li4Nd3TeSbO12,0.0,0.0,0.0,0.0,0.0,0.0,0.0,0.0,0.0,0.0,0.0,0.0,0.0,0.0,0.0,0.0,0.0,0.0,0.0,0.0,0.0,0.0,0.0,0.0,0.0,0.19047619,0.0,0.0,0.0,0.0,0.0,0.0,0.0,0.142857143,0.0,0.571428571,0.0,0.0,0.0,0.0,0.047619048,0.0,0.0,0.0,0.0,0.0,0.0,0.0,0.047619048,0.0,0.0,0.0,0.0,0.0,0.0,6.50165,0.0,12.62138,12.62138,12.62138,-8.060480747
290,Li4P2O7,0.0,0.0,0.0,0.0,0.0,0.0,0.0,0.0,0.0,0.0,0.0,0.0,0.0,0.0,0.0,0.0,0.0,0.0,0.0,0.0,0.0,0.0,0.0,0.0,0.0,0.307692308,0.0,0.0,0.0,0.0,0.0,0.0,0.0,0.0,0.0,0.538461538,0.153846154,0.0,0.0,0.0,0.0,0.0,0.0,0.0,0.0,0.0,0.0,0.0,0.0,0.0,0.0,0.0,0.0,0.0,0.0,2.34938,0.037993,5.1858,7.10673299,8.5632,-10.0
291,Li4P2S6,0.0,0.0,0.0,0.0,0.0,0.0,0.0,0.0,0.0,0.0,0.0,0.0,0.0,0.0,0.0,0.0,0.0,0.0,0.0,0.0,0.0,0.0,0.0,0.0,0.0,0.333333333,0.0,0.0,0.0,0.0,0.0,0.0,0.0,0.0,0.0,0.0,0.166666667,0.0,0.0,0.5,0.0,0.0,0.0,0.0,0.0,0.0,0.0,0.0,0.0,0.0,0.0,0.0,0.0,0.0,0.0,2.21939,0.0341986,6.0774,6.0774,6.5988,-6.623423043
292,Li4PS4I,0.0,0.0,0.0,0.0,0.0,0.0,0.0,0.0,0.0,0.0,0.0,0.0,0.0,0.0,0.0,0.0,0.0,0.0,0.0,0.0,0.0,0.1,0.0,0.0,0.0,0.4,0.0,0.0,0.0,0.0,0.0,0.0,0.0,0.0,0.0,0.0,0.1,0.0,0.0,0.4,0.0,0.0,0.0,0.0,0.0,0.0,0.0,0.0,0.0,0.0,0.0,0.0,0.0,0.0,0.0,2.8752,0.0,8.48285,8.48285,5.93013,-3.920818754
293,Li4SiO4,0.0,0.0,0.0,0.0,0.0,0.0,0.0,0.0,0.0,0.0,0.0,0.0,0.0,0.0,0.0,0.0,0.0,0.0,0.0,0.0,0.0,0.0,0.0,0.0,0.0,0.444444444,0.0,0.0,0.0,0.0,0.0,0.0,0.0,0.0,0.0,0.444444444,0.0,0.0,0.0,0.0,0.0,0.0,0.0,0.111111111,0.0,0.0,0.0,0.0,0.0,0.0,0.0,0.0,0.0,0.0,0.0,1.14375,0.359029,10.86754748,5.719145941,15.71330259,-9.698970004
294,Li4SiS4,0.0,0.0,0.0,0.0,0.0,0.0,0.0,0.0,0.0,0.0,0.0,0.0,0.0,0.0,0.0,0.0,0.0,0.0,0.0,0.0,0.0,0.0,0.0,0.0,0.0,0.444444444,0.0,0.0,0.0,0.0,0.0,0.0,0.0,0.0,0.0,0.0,0.0,0.0,0.0,0.444444444,0.0,0.0,0.0,0.111111111,0.0,0.0,0.0,0.0,0.0,0.0,0.0,0.0,0.0,0.0,0.0,1.58387,0.226168,6.1241,7.7675,6.8934,-7.798602876
295,Li4SnS2Se2,0.0,0.0,0.0,0.0,0.0,0.0,0.0,0.0,0.0,0.0,0.0,0.0,0.0,0.0,0.0,0.0,0.0,0.0,0.0,0.0,0.0,0.0,0.0,0.0,0.0,0.444444444,0.0,0.0,0.0,0.0,0.0,0.0,0.0,0.0,0.0,0.0,0.0,0.0,0.0,0.222222222,0.0,0.0,0.222222222,0.0,0.0,0.111111111,0.0,0.0,0.0,0.0,0.0,0.0,0.0,0.0,0.0,2.44204,0.0492294,14.6276,8.07968,6.48252,-4.443697499
296,Li4SnS3Se,0.0,0.0,0.0,0.0,0.0,0.0,0.0,0.0,0.0,0.0,0.0,0.0,0.0,0.0,0.0,0.0,0.0,0.0,0.0,0.0,0.0,0.0,0.0,0.0,0.0,0.444444444,0.0,0.0,0.0,0.0,0.0,0.0,0.0,0.0,0.0,0.0,0.0,0.0,0.0,0.333333333,0.0,0.0,0.111111111,0.0,0.0,0.111111111,0.0,0.0,0.0,0.0,0.0,0.0,0.0,0.0,0.0,2.67106,0.0222383,14.0934,8.07139,6.46112,-4.124938737
297,Li4SnS4,0.0,0.0,0.0,0.0,0.0,0.0,0.0,0.0,0.0,0.0,0.0,0.0,0.0,0.0,0.0,0.0,0.0,0.0,0.0,0.0,0.0,0.0,0.0,0.0,0.0,0.444444444,0.0,0.0,0.0,0.0,0.0,0.0,0.0,0.0,0.0,0.0,0.0,0.0,0.0,0.444444444,0.0,0.0,0.0,0.0,0.0,0.111111111,0.0,0.0,0.0,0.0,0.0,0.0,0.0,0.0,0.0,2.80231,0.0236947,13.812,7.9624,6.37,-4.15490196
298,Li4SnSe4,0.0,0.0,0.0,0.0,0.0,0.0,0.0,0.0,0.0,0.0,0.0,0.0,0.0,0.0,0.0,0.0,0.0,0.0,0.0,0.0,0.0,0.0,0.0,0.0,0.0,0.444444444,0.0,0.0,0.0,0.0,0.0,0.0,0.0,0.0,0.0,0.0,0.0,0.0,0.0,0.0,0.0,0.0,0.444444444,0.0,0.0,0.111111111,0.0,0.0,0.0,0.0,0.0,0.0,0.0,0.0,0.0,3.80035,0.0316971,14.98259,8.25908,6.6279,-7.346787486
299,Li4SnSe4,0.0,0.0,0.0,0.0,0.0,0.0,0.0,0.0,0.0,0.0,0.0,0.0,0.0,0.0,0.0,0.0,0.0,0.0,0.0,0.0,0.0,0.0,0.0,0.0,0.0,0.444444444,0.0,0.0,0.0,0.0,0.0,0.0,0.0,0.0,0.0,0.0,0.0,0.0,0.0,0.0,0.0,0.0,0.444444444,0.0,0.0,0.111111111,0.0,0.0,0.0,0.0,0.0,0.0,0.0,0.0,0.0,3.79074,0.0332969,14.931,8.2217,6.5989,-4.698970004
300,Li4SnSSe3,0.0,0.0,0.0,0.0,0.0,0.0,0.0,0.0,0.0,0.0,0.0,0.0,0.0,0.0,0.0,0.0,0.0,0.0,0.0,0.0,0.0,0.0,0.0,0.0,0.0,0.444444444,0.0,0.0,0.0,0.0,0.0,0.0,0.0,0.0,0.0,0.0,0.0,0.0,0.0,0.111111111,0.0,0.0,0.333333333,0.0,0.0,0.111111111,0.0,0.0,0.0,0.0,0.0,0.0,0.0,0.0,0.0,2.35919,0.0589355,14.8164,8.16696,6.55387,-6.022276395
301,Li4Sr3Nb5.77Fe0.23O19.77,0.0,0.0,0.0,0.0,0.0,0.0,0.0,0.0,0.0,0.0,0.0,0.0,0.0,0.0,0.0,0.007012195,0.0,0.0,0.0,0.0,0.0,0.0,0.0,0.0,0.0,0.12195122,0.0,0.0,0.0,0.0,0.0,0.0,0.175914634,0.0,0.0,0.602743902,0.0,0.0,0.0,0.0,0.0,0.0,0.0,0.0,0.0,0.0,0.091463415,0.0,0.0,0.0,0.0,0.0,0.0,0.0,0.0,5.39631,0.0,3.9585,3.9585,25.915,-10.0
302,Li4Sr3Nb6O20,0.0,0.0,0.0,0.0,0.0,0.0,0.0,0.0,0.0,0.0,0.0,0.0,0.0,0.0,0.0,0.0,0.0,0.0,0.0,0.0,0.0,0.0,0.0,0.0,0.0,0.121212121,0.0,0.0,0.0,0.0,0.0,0.0,0.181818182,0.0,0.0,0.606060606,0.0,0.0,0.0,0.0,0.0,0.0,0.0,0.0,0.0,0.0,0.090909091,0.0,0.0,0.0,0.0,0.0,0.0,0.0,0.0,5.38516,0.0,3.953,3.953,26.041,-10.0
303,Li4Zn(PO4)2,0.0,0.0,0.0,0.0,0.0,0.0,0.0,0.0,0.0,0.0,0.0,0.0,0.0,0.0,0.0,0.0,0.0,0.0,0.0,0.0,0.0,0.0,0.0,0.0,0.0,0.266666667,0.0,0.0,0.0,0.0,0.0,0.0,0.0,0.0,0.0,0.533333333,0.133333333,0.0,0.0,0.0,0.0,0.0,0.0,0.0,0.0,0.0,0.0,0.0,0.0,0.0,0.0,0.0,0.0,0.066666667,0.0,2.88602,0.0336034,8.1199,10.24192,8.10549,-17.25570702
304,Li4Zn(PO4)2,0.0,0.0,0.0,0.0,0.0,0.0,0.0,0.0,0.0,0.0,0.0,0.0,0.0,0.0,0.0,0.0,0.0,0.0,0.0,0.0,0.0,0.0,0.0,0.0,0.0,0.266666667,0.0,0.0,0.0,0.0,0.0,0.0,0.0,0.0,0.0,0.533333333,0.133333333,0.0,0.0,0.0,0.0,0.0,0.0,0.0,0.0,0.0,0.0,0.0,0.0,0.0,0.0,0.0,0.0,0.066666667,0.0,2.29686,0.011642,10.2975,6.5021,5.00116,-10.0
305,Li5.2La3Nb1.9Y0.1O12,0.0,0.0,0.0,0.0,0.0,0.0,0.0,0.0,0.0,0.0,0.0,0.0,0.0,0.0,0.0,0.0,0.0,0.0,0.0,0.0,0.0,0.0,0.0,0.0,0.135135135,0.234234234,0.0,0.0,0.0,0.0,0.0,0.0,0.085585586,0.0,0.0,0.540540541,0.0,0.0,0.0,0.0,0.0,0.0,0.0,0.0,0.0,0.0,0.0,0.0,0.0,0.0,0.0,0.0,0.004504505,0.0,0.0,5.9261,0.0,12.8216,12.8216,12.8216,-4.194499142
306,Li5.3La3Ta1.85Sm0.15O12,0.0,0.0,0.0,0.0,0.0,0.0,0.0,0.0,0.0,0.0,0.0,0.0,0.0,0.0,0.0,0.0,0.0,0.0,0.0,0.0,0.0,0.0,0.0,0.0,0.134529148,0.237668161,0.0,0.0,0.0,0.0,0.0,0.0,0.0,0.0,0.0,0.538116592,0.0,0.0,0.0,0.0,0.0,0.0,0.0,0.0,0.006726457,0.0,0.0,0.082959641,0.0,0.0,0.0,0.0,0.0,0.0,0.0,7.05368,0.0,12.8108,12.8108,12.8108,-5.148130399
307,Li5.4La3Nb1.8Y0.2O12,0.0,0.0,0.0,0.0,0.0,0.0,0.0,0.0,0.0,0.0,0.0,0.0,0.0,0.0,0.0,0.0,0.0,0.0,0.0,0.0,0.0,0.0,0.0,0.0,0.133928571,0.241071429,0.0,0.0,0.0,0.0,0.0,0.0,0.080357143,0.0,0.0,0.535714286,0.0,0.0,0.0,0.0,0.0,0.0,0.0,0.0,0.0,0.0,0.0,0.0,0.0,0.0,0.0,0.0,0.008928571,0.0,0.0,5.91364,0.0,12.8306,12.8306,12.8306,-4.171340103
308,Li5.5La2.75K0.25Nb2O12,0.0,0.0,0.0,0.0,0.0,0.0,0.0,0.0,0.0,0.0,0.0,0.0,0.0,0.0,0.0,0.0,0.0,0.0,0.0,0.0,0.0,0.0,0.0,0.011111111,0.122222222,0.244444444,0.0,0.0,0.0,0.0,0.0,0.0,0.088888889,0.0,0.0,0.533333333,0.0,0.0,0.0,0.0,0.0,0.0,0.0,0.0,0.0,0.0,0.0,0.0,0.0,0.0,0.0,0.0,0.0,0.0,0.0,4.06115,0.0243379,14.89244002,13.28078561,6.73604142,-4.974694135
309,Li5.5La3Nb1.75In0.25O12,0.0,0.0,0.0,0.0,0.0,0.0,0.0,0.0,0.0,0.0,0.0,0.0,0.0,0.0,0.0,0.0,0.0,0.0,0.0,0.0,0.0,0.0,0.011111111,0.0,0.133333333,0.244444444,0.0,0.0,0.0,0.0,0.0,0.0,0.077777778,0.0,0.0,0.533333333,0.0,0.0,0.0,0.0,0.0,0.0,0.0,0.0,0.0,0.0,0.0,0.0,0.0,0.0,0.0,0.0,0.0,0.0,0.0,4.31836,0.0263896,10.37670698,5.75660173,22.02826654,-4.619788758
310,Li5.5La3Nb1.75Y0.25O12,0.0,0.0,0.0,0.0,0.0,0.0,0.0,0.0,0.0,0.0,0.0,0.0,0.0,0.0,0.0,0.0,0.0,0.0,0.0,0.0,0.0,0.0,0.0,0.0,0.133333333,0.244444444,0.0,0.0,0.0,0.0,0.0,0.0,0.077777778,0.0,0.0,0.533333333,0.0,0.0,0.0,0.0,0.0,0.0,0.0,0.0,0.0,0.0,0.0,0.0,0.0,0.0,0.0,0.0,0.011111111,0.0,0.0,5.87564,0.0,12.8582,12.8582,12.8582,-4.037157319
311,Li5.5La3Ta1.75Sm0.25O12,0.0,0.0,0.0,0.0,0.0,0.0,0.0,0.0,0.0,0.0,0.0,0.0,0.0,0.0,0.0,0.0,0.0,0.0,0.0,0.0,0.0,0.0,0.0,0.0,0.133333333,0.244444444,0.0,0.0,0.0,0.0,0.0,0.0,0.0,0.0,0.0,0.533333333,0.0,0.0,0.0,0.0,0.0,0.0,0.0,0.0,0.011111111,0.0,0.0,0.077777778,0.0,0.0,0.0,0.0,0.0,0.0,0.0,7.03752,0.0,12.8206,12.8206,12.8206,-5.286509457
312,Li5.70La3Ta1.65Sm0.35O12,0.0,0.0,0.0,0.0,0.0,0.0,0.0,0.0,0.0,0.0,0.0,0.0,0.0,0.0,0.0,0.0,0.0,0.0,0.0,0.0,0.0,0.0,0.0,0.0,0.13215859,0.251101322,0.0,0.0,0.0,0.0,0.0,0.0,0.0,0.0,0.0,0.528634361,0.0,0.0,0.0,0.0,0.0,0.0,0.0,0.0,0.015418502,0.0,0.0,0.072687225,0.0,0.0,0.0,0.0,0.0,0.0,0.0,7.02058,0.0,12.8309,12.8309,12.8309,-4.66756154
313,Li5.74La3Zr1.5Ta0.5O12,0.0,0.0,0.0,0.0,0.0,0.0,0.0,0.0,0.0,0.0,0.0,0.0,0.0,0.0,0.0,0.0,0.0,0.0,0.0,0.0,0.0,0.0,0.0,0.0,0.13215859,0.252863436,0.0,0.0,0.0,0.0,0.0,0.0,0.0,0.0,0.0,0.528634361,0.0,0.0,0.0,0.0,0.0,0.0,0.0,0.0,0.0,0.0,0.0,0.022026432,0.0,0.0,0.0,0.0,0.0,0.0,0.066079295,5.50081,0.0,12.9307,12.9307,12.9307,-3.04431225
314,Li5.90La3Ta1.55Sm0.45O12,0.0,0.0,0.0,0.0,0.0,0.0,0.0,0.0,0.0,0.0,0.0,0.0,0.0,0.0,0.0,0.0,0.0,0.0,0.0,0.0,0.0,0.0,0.0,0.0,0.131004367,0.257641921,0.0,0.0,0.0,0.0,0.0,0.0,0.0,0.0,0.0,0.524017467,0.0,0.0,0.0,0.0,0.0,0.0,0.0,0.0,0.019650655,0.0,0.0,0.06768559,0.0,0.0,0.0,0.0,0.0,0.0,0.0,6.99536,0.0,12.8463,12.8463,12.8463,-4.928117993
315,Li51.2Al1.6La24Zr16O96,0.0,0.008474576,0.0,0.0,0.0,0.0,0.0,0.0,0.0,0.0,0.0,0.0,0.0,0.0,0.0,0.0,0.0,0.0,0.0,0.0,0.0,0.0,0.0,0.0,0.127118644,0.271186441,0.0,0.0,0.0,0.0,0.0,0.0,0.0,0.0,0.0,0.508474576,0.0,0.0,0.0,0.0,0.0,0.0,0.0,0.0,0.0,0.0,0.0,0.0,0.0,0.0,0.0,0.0,0.0,0.0,0.084745763,7.44127,0.0,12.959,12.959,12.959,-3.595166283
316,Li5AlO4,0.0,0.1,0.0,0.0,0.0,0.0,0.0,0.0,0.0,0.0,0.0,0.0,0.0,0.0,0.0,0.0,0.0,0.0,0.0,0.0,0.0,0.0,0.0,0.0,0.0,0.5,0.0,0.0,0.0,0.0,0.0,0.0,0.0,0.0,0.0,0.4,0.0,0.0,0.0,0.0,0.0,0.0,0.0,0.0,0.0,0.0,0.0,0.0,0.0,0.0,0.0,0.0,0.0,0.0,0.0,2.25176,0.0,8.947,9.12,9.087,-9.301029996
317,Li5AlS4,0.0,0.1,0.0,0.0,0.0,0.0,0.0,0.0,0.0,0.0,0.0,0.0,0.0,0.0,0.0,0.0,0.0,0.0,0.0,0.0,0.0,0.0,0.0,0.0,0.0,0.5,0.0,0.0,0.0,0.0,0.0,0.0,0.0,0.0,0.0,0.0,0.0,0.0,0.0,0.4,0.0,0.0,0.0,0.0,0.0,0.0,0.0,0.0,0.0,0.0,0.0,0.0,0.0,0.0,0.0,1.87832,0.00547296,6.2488,7.8369,6.8583,-8.853871964
318,Li5BiO5,0.0,0.0,0.0,0.0,0.090909091,0.0,0.0,0.0,0.0,0.0,0.0,0.0,0.0,0.0,0.0,0.0,0.0,0.0,0.0,0.0,0.0,0.0,0.0,0.0,0.0,0.454545455,0.0,0.0,0.0,0.0,0.0,0.0,0.0,0.0,0.0,0.454545455,0.0,0.0,0.0,0.0,0.0,0.0,0.0,0.0,0.0,0.0,0.0,0.0,0.0,0.0,0.0,0.0,0.0,0.0,0.0,4.64405,0.0,9.964,4.148,5.9409,-8.408935393
319,Li5GaO4,0.0,0.0,0.0,0.0,0.0,0.0,0.0,0.0,0.0,0.0,0.0,0.0,0.0,0.0,0.0,0.0,0.1,0.0,0.0,0.0,0.0,0.0,0.0,0.0,0.0,0.5,0.0,0.0,0.0,0.0,0.0,0.0,0.0,0.0,0.0,0.4,0.0,0.0,0.0,0.0,0.0,0.0,0.0,0.0,0.0,0.0,0.0,0.0,0.0,0.0,0.0,0.0,0.0,0.0,0.0,2.9147,0.0,9.094,9.202,9.173,-8.301029996
320,Li5La3Bi2O12,0.0,0.0,0.0,0.0,0.090909091,0.0,0.0,0.0,0.0,0.0,0.0,0.0,0.0,0.0,0.0,0.0,0.0,0.0,0.0,0.0,0.0,0.0,0.0,0.0,0.136363636,0.227272727,0.0,0.0,0.0,0.0,0.0,0.0,0.0,0.0,0.0,0.545454545,0.0,0.0,0.0,0.0,0.0,0.0,0.0,0.0,0.0,0.0,0.0,0.0,0.0,0.0,0.0,0.0,0.0,0.0,0.0,6.73549,0.0,13.0652,13.0652,13.0652,-4.721246399
321,Li5La3Nb2O12,0.0,0.0,0.0,0.0,0.0,0.0,0.0,0.0,0.0,0.0,0.0,0.0,0.0,0.0,0.0,0.0,0.0,0.0,0.0,0.0,0.0,0.0,0.0,0.0,0.136363636,0.227272727,0.0,0.0,0.0,0.0,0.0,0.0,0.090909091,0.0,0.0,0.545454545,0.0,0.0,0.0,0.0,0.0,0.0,0.0,0.0,0.0,0.0,0.0,0.0,0.0,0.0,0.0,0.0,0.0,0.0,0.0,5.30037,0.0,12.797,12.797,12.797,-5.096910013
322,Li5La3Nb2O12,0.0,0.0,0.0,0.0,0.0,0.0,0.0,0.0,0.0,0.0,0.0,0.0,0.0,0.0,0.0,0.0,0.0,0.0,0.0,0.0,0.0,0.0,0.0,0.0,0.136363636,0.227272727,0.0,0.0,0.0,0.0,0.0,0.0,0.090909091,0.0,0.0,0.545454545,0.0,0.0,0.0,0.0,0.0,0.0,0.0,0.0,0.0,0.0,0.0,0.0,0.0,0.0,0.0,0.0,0.0,0.0,0.0,5.96409,0.0,12.79432,12.79432,12.79432,-5.294136288
323,Li5La3Sb2O12,0.0,0.0,0.0,0.0,0.0,0.0,0.0,0.0,0.0,0.0,0.0,0.0,0.0,0.0,0.0,0.0,0.0,0.0,0.0,0.0,0.0,0.0,0.0,0.0,0.136363636,0.227272727,0.0,0.0,0.0,0.0,0.0,0.0,0.0,0.0,0.0,0.545454545,0.0,0.0,0.0,0.0,0.090909091,0.0,0.0,0.0,0.0,0.0,0.0,0.0,0.0,0.0,0.0,0.0,0.0,0.0,0.0,5.97824,0.0,12.8566,12.8566,12.8566,-5.107905397
324,Li5La3Sb2O12,0.0,0.0,0.0,0.0,0.0,0.0,0.0,0.0,0.0,0.0,0.0,0.0,0.0,0.0,0.0,0.0,0.0,0.0,0.0,0.0,0.0,0.0,0.0,0.0,0.136363636,0.227272727,0.0,0.0,0.0,0.0,0.0,0.0,0.0,0.0,0.0,0.545454545,0.0,0.0,0.0,0.0,0.090909091,0.0,0.0,0.0,0.0,0.0,0.0,0.0,0.0,0.0,0.0,0.0,0.0,0.0,0.0,5.99214,0.0,12.84665,12.84665,12.84665,-5.477555766
325,Li5La3Ta2O12,0.0,0.0,0.0,0.0,0.0,0.0,0.0,0.0,0.0,0.0,0.0,0.0,0.0,0.0,0.0,0.0,0.0,0.0,0.0,0.0,0.0,0.0,0.0,0.0,0.136363636,0.227272727,0.0,0.0,0.0,0.0,0.0,0.0,0.0,0.0,0.0,0.545454545,0.0,0.0,0.0,0.0,0.0,0.0,0.0,0.0,0.0,0.0,0.0,0.090909091,0.0,0.0,0.0,0.0,0.0,0.0,0.0,7.04246,0.0,12.8176,12.8176,12.8176,-5.179798541
326,Li5La3Ta2O12,0.0,0.0,0.0,0.0,0.0,0.0,0.0,0.0,0.0,0.0,0.0,0.0,0.0,0.0,0.0,0.0,0.0,0.0,0.0,0.0,0.0,0.0,0.0,0.0,0.136363636,0.227272727,0.0,0.0,0.0,0.0,0.0,0.0,0.0,0.0,0.0,0.545454545,0.0,0.0,0.0,0.0,0.0,0.0,0.0,0.0,0.0,0.0,0.0,0.090909091,0.0,0.0,0.0,0.0,0.0,0.0,0.0,6.33387,0.00796038,12.823,12.823,12.823,-4.468521083
327,Li5La3Ta2O12,0.0,0.0,0.0,0.0,0.0,0.0,0.0,0.0,0.0,0.0,0.0,0.0,0.0,0.0,0.0,0.0,0.0,0.0,0.0,0.0,0.0,0.0,0.0,0.0,0.136363636,0.227272727,0.0,0.0,0.0,0.0,0.0,0.0,0.0,0.0,0.0,0.545454545,0.0,0.0,0.0,0.0,0.0,0.0,0.0,0.0,0.0,0.0,0.0,0.090909091,0.0,0.0,0.0,0.0,0.0,0.0,0.0,7.04246,0.0,12.8176,12.8176,12.8176,-4.798602876
328,Li5Nd3Sb2O12,0.0,0.0,0.0,0.0,0.0,0.0,0.0,0.0,0.0,0.0,0.0,0.0,0.0,0.0,0.0,0.0,0.0,0.0,0.0,0.0,0.0,0.0,0.0,0.0,0.0,0.227272727,0.0,0.0,0.0,0.0,0.0,0.0,0.0,0.136363636,0.0,0.545454545,0.0,0.0,0.0,0.0,0.090909091,0.0,0.0,0.0,0.0,0.0,0.0,0.0,0.0,0.0,0.0,0.0,0.0,0.0,0.0,6.36228,0.0,12.66238,12.66238,12.66238,-6.886056648
329,Li5NI2,0.0,0.0,0.0,0.0,0.0,0.0,0.0,0.0,0.0,0.0,0.0,0.0,0.0,0.0,0.0,0.0,0.0,0.0,0.0,0.0,0.0,0.25,0.0,0.0,0.0,0.625,0.0,0.0,0.0,0.0,0.125,0.0,0.0,0.0,0.0,0.0,0.0,0.0,0.0,0.0,0.0,0.0,0.0,0.0,0.0,0.0,0.0,0.0,0.0,0.0,0.0,0.0,0.0,0.0,0.0,2.99267,0.0433793,4.105994295,6.537592263,12.50655499,-6.823908741
330,Li5PS4(BH4)2,0.0,0.0,0.1,0.0,0.0,0.0,0.0,0.0,0.0,0.0,0.0,0.0,0.0,0.0,0.0,0.0,0.0,0.0,0.0,0.4,0.0,0.0,0.0,0.0,0.0,0.25,0.0,0.0,0.0,0.0,0.0,0.0,0.0,0.0,0.0,0.0,0.05,0.0,0.0,0.2,0.0,0.0,0.0,0.0,0.0,0.0,0.0,0.0,0.0,0.0,0.0,0.0,0.0,0.0,0.0,1.27114,0.192442,6.07293952,7.23288379,7.41239898,-2.099086932
331,Li6(La2Ca)(NbO6)2,0.0,0.0,0.0,0.0,0.0,0.0,0.0,0.043478261,0.0,0.0,0.0,0.0,0.0,0.0,0.0,0.0,0.0,0.0,0.0,0.0,0.0,0.0,0.0,0.0,0.086956522,0.260869565,0.0,0.0,0.0,0.0,0.0,0.0,0.086956522,0.0,0.0,0.52173913,0.0,0.0,0.0,0.0,0.0,0.0,0.0,0.0,0.0,0.0,0.0,0.0,0.0,0.0,0.0,0.0,0.0,0.0,0.0,5.7979,0.0,12.72185,12.72185,12.72185,-5.876148359
332,Li6(La2Sr)(NbO6)2,0.0,0.0,0.0,0.0,0.0,0.0,0.0,0.0,0.0,0.0,0.0,0.0,0.0,0.0,0.0,0.0,0.0,0.0,0.0,0.0,0.0,0.0,0.0,0.0,0.086956522,0.260869565,0.0,0.0,0.0,0.0,0.0,0.0,0.086956522,0.0,0.0,0.52173913,0.0,0.0,0.0,0.0,0.0,0.0,0.0,0.0,0.0,0.0,0.043478261,0.0,0.0,0.0,0.0,0.0,0.0,0.0,0.0,5.65148,0.0,12.83078,12.83078,12.83078,-5.432973634
333,Li6.025P0.975Si0.025S5Br,0.0,0.0,0.0,0.0,0.0,0.076923077,0.0,0.0,0.0,0.0,0.0,0.0,0.0,0.0,0.0,0.0,0.0,0.0,0.0,0.0,0.0,0.0,0.0,0.0,0.0,0.463461538,0.0,0.0,0.0,0.0,0.0,0.0,0.0,0.0,0.0,0.0,0.075,0.0,0.0,0.384615385,0.0,0.0,0.0,0.001923077,0.0,0.0,0.0,0.0,0.0,0.0,0.0,0.0,0.0,0.0,0.0,2.96508,0.0,9.9819,9.9819,9.9819,-3.056505484
334,Li6.05Ga0.25La3Zr2O11.8F0.2,0.0,0.0,0.0,0.0,0.0,0.0,0.0,0.0,0.0,0.0,0.0,0.0,0.0,0.0,0.008583691,0.0,0.010729614,0.0,0.0,0.0,0.0,0.0,0.0,0.0,0.128755365,0.259656652,0.0,0.0,0.0,0.0,0.0,0.0,0.0,0.0,0.0,0.506437768,0.0,0.0,0.0,0.0,0.0,0.0,0.0,0.0,0.0,0.0,0.0,0.0,0.0,0.0,0.0,0.0,0.0,0.0,0.08583691,5.45233,0.0,12.96891,12.96891,12.96891,-2.89279003
335,Li6.05P0.95Si0.05S5Br,0.0,0.0,0.0,0.0,0.0,0.076335878,0.0,0.0,0.0,0.0,0.0,0.0,0.0,0.0,0.0,0.0,0.0,0.0,0.0,0.0,0.0,0.0,0.0,0.0,0.0,0.461832061,0.0,0.0,0.0,0.0,0.0,0.0,0.0,0.0,0.0,0.0,0.072519084,0.0,0.0,0.381679389,0.0,0.0,0.0,0.003816794,0.0,0.0,0.0,0.0,0.0,0.0,0.0,0.0,0.0,0.0,0.0,2.96045,0.0,9.9871,9.9871,9.9871,-3.359518563
336,Li6.075P0.925Si0.075S5Br,0.0,0.0,0.0,0.0,0.0,0.076335878,0.0,0.0,0.0,0.0,0.0,0.0,0.0,0.0,0.0,0.0,0.0,0.0,0.0,0.0,0.0,0.0,0.0,0.0,0.0,0.463740458,0.0,0.0,0.0,0.0,0.0,0.0,0.0,0.0,0.0,0.0,0.070610687,0.0,0.0,0.381679389,0.0,0.0,0.0,0.005725191,0.0,0.0,0.0,0.0,0.0,0.0,0.0,0.0,0.0,0.0,0.0,2.9545,0.0,9.9938,9.9938,9.9938,-3.058985756
337,Li6.10La3Ta1.45Sm0.55O12,0.0,0.0,0.0,0.0,0.0,0.0,0.0,0.0,0.0,0.0,0.0,0.0,0.0,0.0,0.0,0.0,0.0,0.0,0.0,0.0,0.0,0.0,0.0,0.0,0.12987013,0.264069264,0.0,0.0,0.0,0.0,0.0,0.0,0.0,0.0,0.0,0.519480519,0.0,0.0,0.0,0.0,0.0,0.0,0.0,0.0,0.023809524,0.0,0.0,0.062770563,0.0,0.0,0.0,0.0,0.0,0.0,0.0,6.98524,0.0,12.8525,12.8525,12.8525,-4.853871964
338,Li6.10P0.90Si0.10S5Br,0.0,0.0,0.0,0.0,0.0,0.076335878,0.0,0.0,0.0,0.0,0.0,0.0,0.0,0.0,0.0,0.0,0.0,0.0,0.0,0.0,0.0,0.0,0.0,0.0,0.0,0.465648855,0.0,0.0,0.0,0.0,0.0,0.0,0.0,0.0,0.0,0.0,0.06870229,0.0,0.0,0.381679389,0.0,0.0,0.0,0.007633588,0.0,0.0,0.0,0.0,0.0,0.0,0.0,0.0,0.0,0.0,0.0,1.8943,0.0906087,18.85319465,8.1367534,17.97307718,-3.09420412
339,Li6.125P0.875Si0.125S5Br,0.0,0.0,0.0,0.0,0.0,0.076335878,0.0,0.0,0.0,0.0,0.0,0.0,0.0,0.0,0.0,0.0,0.0,0.0,0.0,0.0,0.0,0.0,0.0,0.0,0.0,0.467557252,0.0,0.0,0.0,0.0,0.0,0.0,0.0,0.0,0.0,0.0,0.066793893,0.0,0.0,0.381679389,0.0,0.0,0.0,0.009541985,0.0,0.0,0.0,0.0,0.0,0.0,0.0,0.0,0.0,0.0,0.0,2.94036,0.0,10.0098,10.0098,10.0098,-3.044793462
340,Li6.175P0.825Si0.175S5Br,0.0,0.0,0.0,0.0,0.0,0.075757576,0.0,0.0,0.0,0.0,0.0,0.0,0.0,0.0,0.0,0.0,0.0,0.0,0.0,0.0,0.0,0.0,0.0,0.0,0.0,0.46780303,0.0,0.0,0.0,0.0,0.0,0.0,0.0,0.0,0.0,0.0,0.0625,0.0,0.0,0.378787879,0.0,0.0,0.0,0.013257576,0.0,0.0,0.0,0.0,0.0,0.0,0.0,0.0,0.0,0.0,0.0,2.932,0.0,10.0193,10.0193,10.0193,-3.031050319
341,Li6.1P0.95Si0.1S5Br,0.0,0.0,0.0,0.0,0.0,0.076335878,0.0,0.0,0.0,0.0,0.0,0.0,0.0,0.0,0.0,0.0,0.0,0.0,0.0,0.0,0.0,0.0,0.0,0.0,0.0,0.465648855,0.0,0.0,0.0,0.0,0.0,0.0,0.0,0.0,0.0,0.0,0.072519084,0.0,0.0,0.381679389,0.0,0.0,0.0,0.007633588,0.0,0.0,0.0,0.0,0.0,0.0,0.0,0.0,0.0,0.0,0.0,2.94689,0.0,10.0024,10.0024,10.0024,-3.097453221
342,Li6.20P0.80Si0.20S5Br,0.0,0.0,0.0,0.0,0.0,0.075757576,0.0,0.0,0.0,0.0,0.0,0.0,0.0,0.0,0.0,0.0,0.0,0.0,0.0,0.0,0.0,0.0,0.0,0.0,0.0,0.46969697,0.0,0.0,0.0,0.0,0.0,0.0,0.0,0.0,0.0,0.0,0.060606061,0.0,0.0,0.378787879,0.0,0.0,0.0,0.015151515,0.0,0.0,0.0,0.0,0.0,0.0,0.0,0.0,0.0,0.0,0.0,1.81198,0.117352,10.77491237,11.27561623,12.04916458,-2.70333481
343,Li6.225P0.775Si0.225S5Br,0.0,0.0,0.0,0.0,0.0,0.075757576,0.0,0.0,0.0,0.0,0.0,0.0,0.0,0.0,0.0,0.0,0.0,0.0,0.0,0.0,0.0,0.0,0.0,0.0,0.0,0.471590909,0.0,0.0,0.0,0.0,0.0,0.0,0.0,0.0,0.0,0.0,0.058712121,0.0,0.0,0.378787879,0.0,0.0,0.0,0.017045455,0.0,0.0,0.0,0.0,0.0,0.0,0.0,0.0,0.0,0.0,0.0,2.92132,0.0,10.0315,10.0315,10.0315,-2.966576245
344,Li6.25Ba1.25La1.75Ta2O12,0.0,0.0,0.0,0.05387931,0.0,0.0,0.0,0.0,0.0,0.0,0.0,0.0,0.0,0.0,0.0,0.0,0.0,0.0,0.0,0.0,0.0,0.0,0.0,0.0,0.075431034,0.269396552,0.0,0.0,0.0,0.0,0.0,0.0,0.0,0.0,0.0,0.517241379,0.0,0.0,0.0,0.0,0.0,0.0,0.0,0.0,0.0,0.0,0.0,0.086206897,0.0,0.0,0.0,0.0,0.0,0.0,0.0,4.71746,0.0296855,8.94353513,15.85006694,10.46349793,-3.88941029
345,Li6.25La3Zr2Ga0.25O12,0.0,0.0,0.0,0.0,0.0,0.0,0.0,0.0,0.0,0.0,0.0,0.0,0.0,0.0,0.0,0.0,0.010638298,0.0,0.0,0.0,0.0,0.0,0.0,0.0,0.127659574,0.265957447,0.0,0.0,0.0,0.0,0.0,0.0,0.0,0.0,0.0,0.510638298,0.0,0.0,0.0,0.0,0.0,0.0,0.0,0.0,0.0,0.0,0.0,0.0,0.0,0.0,0.0,0.0,0.0,0.0,0.085106383,4.0307,0.0331605,6.36112956,21.93141716,10.15883375,-3.455931956
346,Li6.25P0.75Si0.25S5Br,0.0,0.0,0.0,0.0,0.0,0.075757576,0.0,0.0,0.0,0.0,0.0,0.0,0.0,0.0,0.0,0.0,0.0,0.0,0.0,0.0,0.0,0.0,0.0,0.0,0.0,0.473484848,0.0,0.0,0.0,0.0,0.0,0.0,0.0,0.0,0.0,0.0,0.056818182,0.0,0.0,0.378787879,0.0,0.0,0.0,0.018939394,0.0,0.0,0.0,0.0,0.0,0.0,0.0,0.0,0.0,0.0,0.0,2.91695,0.0,10.0365,10.0365,10.0365,-2.850780887
347,Li6.25PS5.25Cl0.75,0.0,0.0,0.0,0.0,0.0,0.0,0.0,0.0,0.0,0.056818182,0.0,0.0,0.0,0.0,0.0,0.0,0.0,0.0,0.0,0.0,0.0,0.0,0.0,0.0,0.0,0.473484848,0.0,0.0,0.0,0.0,0.0,0.0,0.0,0.0,0.0,0.0,0.075757576,0.0,0.0,0.397727273,0.0,0.0,0.0,0.0,0.0,0.0,0.0,0.0,0.0,0.0,0.0,0.0,0.0,0.0,0.0,1.61461,0.1191,6.03463214,26.71794193,7.18180003,-1.853871964
348,Li6.2La3Zr1.2Sb0.8O12,0.0,0.0,0.0,0.0,0.0,0.0,0.0,0.0,0.0,0.0,0.0,0.0,0.0,0.0,0.0,0.0,0.0,0.0,0.0,0.0,0.0,0.0,0.0,0.0,0.129310345,0.267241379,0.0,0.0,0.0,0.0,0.0,0.0,0.0,0.0,0.0,0.517241379,0.0,0.0,0.0,0.0,0.034482759,0.0,0.0,0.0,0.0,0.0,0.0,0.0,0.0,0.0,0.0,0.0,0.0,0.0,0.051724138,4.18814,0.0297363,9.73501145,7.60788478,24.74340098,-3.346787486
349,Li6.2La3Zr1.2Ta0.8O12,0.0,0.0,0.0,0.0,0.0,0.0,0.0,0.0,0.0,0.0,0.0,0.0,0.0,0.0,0.0,0.0,0.0,0.0,0.0,0.0,0.0,0.0,0.0,0.0,0.129310345,0.267241379,0.0,0.0,0.0,0.0,0.0,0.0,0.0,0.0,0.0,0.517241379,0.0,0.0,0.0,0.0,0.0,0.0,0.0,0.0,0.0,0.0,0.0,0.034482759,0.0,0.0,0.0,0.0,0.0,0.0,0.051724138,5.53104,0.0,12.9071,12.9071,12.9071,-3.494850022
350,Li6.2P0.8Si0.2S5Br,0.0,0.0,0.0,0.0,0.0,0.075757576,0.0,0.0,0.0,0.0,0.0,0.0,0.0,0.0,0.0,0.0,0.0,0.0,0.0,0.0,0.0,0.0,0.0,0.0,0.0,0.46969697,0.0,0.0,0.0,0.0,0.0,0.0,0.0,0.0,0.0,0.0,0.060606061,0.0,0.0,0.378787879,0.0,0.0,0.0,0.015151515,0.0,0.0,0.0,0.0,0.0,0.0,0.0,0.0,0.0,0.0,0.0,2.92788,0.0,10.024,10.024,10.024,-2.772113295
351,Li6.35P0.65Si0.35S5Br,0.0,0.0,0.0,0.0,0.0,0.07518797,0.0,0.0,0.0,0.0,0.0,0.0,0.0,0.0,0.0,0.0,0.0,0.0,0.0,0.0,0.0,0.0,0.0,0.0,0.0,0.477443609,0.0,0.0,0.0,0.0,0.0,0.0,0.0,0.0,0.0,0.0,0.04887218,0.0,0.0,0.37593985,0.0,0.0,0.0,0.026315789,0.0,0.0,0.0,0.0,0.0,0.0,0.0,0.0,0.0,0.0,0.0,2.90799,0.0,10.0468,10.0468,10.0468,-2.630784143
352,Li6.3P0.7Si0.3S5Br,0.0,0.0,0.0,0.0,0.0,0.07518797,0.0,0.0,0.0,0.0,0.0,0.0,0.0,0.0,0.0,0.0,0.0,0.0,0.0,0.0,0.0,0.0,0.0,0.0,0.0,0.473684211,0.0,0.0,0.0,0.0,0.0,0.0,0.0,0.0,0.0,0.0,0.052631579,0.0,0.0,0.37593985,0.0,0.0,0.0,0.022556391,0.0,0.0,0.0,0.0,0.0,0.0,0.0,0.0,0.0,0.0,0.0,2.90339,0.0,10.0521,10.0521,10.0521,-2.782516056
353,Li6.4La3Zr1.4Sb0.6O12,0.0,0.0,0.0,0.0,0.0,0.0,0.0,0.0,0.0,0.0,0.0,0.0,0.0,0.0,0.0,0.0,0.0,0.0,0.0,0.0,0.0,0.0,0.0,0.0,0.128205128,0.273504274,0.0,0.0,0.0,0.0,0.0,0.0,0.0,0.0,0.0,0.512820513,0.0,0.0,0.0,0.0,0.025641026,0.0,0.0,0.0,0.0,0.0,0.0,0.0,0.0,0.0,0.0,0.0,0.0,0.0,0.05982906,4.20142,0.0269528,6.6431381,28.71490361,9.40551553,-3.180456064
354,Li6.4La3Zr1.4Ta0.6O12,0.0,0.0,0.0,0.0,0.0,0.0,0.0,0.0,0.0,0.0,0.0,0.0,0.0,0.0,0.0,0.0,0.0,0.0,0.0,0.0,0.0,0.0,0.0,0.0,0.128205128,0.273504274,0.0,0.0,0.0,0.0,0.0,0.0,0.0,0.0,0.0,0.512820513,0.0,0.0,0.0,0.0,0.0,0.0,0.0,0.0,0.0,0.0,0.0,0.025641026,0.0,0.0,0.0,0.0,0.0,0.0,0.05982906,5.52718,0.0,12.9101,12.9101,12.9101,-3.0
355,Li6.4La3Zr2Ga0.2O12,0.0,0.0,0.0,0.0,0.0,0.0,0.0,0.0,0.0,0.0,0.0,0.0,0.0,0.0,0.0,0.0,0.008474576,0.0,0.0,0.0,0.0,0.0,0.0,0.0,0.127118644,0.271186441,0.0,0.0,0.0,0.0,0.0,0.0,0.0,0.0,0.0,0.508474576,0.0,0.0,0.0,0.0,0.0,0.0,0.0,0.0,0.0,0.0,0.0,0.0,0.0,0.0,0.0,0.0,0.0,0.0,0.084745763,4.34904,0.0171072,6.47647376,14.31817833,18.56359307,-3.045757491
356,Li6.50P0.50Si0.50S5Br,0.0,0.0,0.0,0.0,0.0,0.074074074,0.0,0.0,0.0,0.0,0.0,0.0,0.0,0.0,0.0,0.0,0.0,0.0,0.0,0.0,0.0,0.0,0.0,0.0,0.0,0.481481481,0.0,0.0,0.0,0.0,0.0,0.0,0.0,0.0,0.0,0.0,0.037037037,0.0,0.0,0.37037037,0.0,0.0,0.0,0.037037037,0.0,0.0,0.0,0.0,0.0,0.0,0.0,0.0,0.0,0.0,0.0,1.91557,0.0808116,9.56739706,7.34923239,8.23090036,-2.638272164
357,Li6.5La3Nb1.25Y0.75O12,0.0,0.0,0.0,0.0,0.0,0.0,0.0,0.0,0.0,0.0,0.0,0.0,0.0,0.0,0.0,0.0,0.0,0.0,0.0,0.0,0.0,0.0,0.0,0.0,0.127659574,0.276595745,0.0,0.0,0.0,0.0,0.0,0.0,0.053191489,0.0,0.0,0.510638298,0.0,0.0,0.0,0.0,0.0,0.0,0.0,0.0,0.0,0.0,0.0,0.0,0.0,0.0,0.0,0.0,0.031914894,0.0,0.0,5.75317,0.0,12.9488,12.9488,12.9488,-3.568636236
358,Li6.5La3Zr1.5Ta0.5O12,0.0,0.0,0.0,0.0,0.0,0.0,0.0,0.0,0.0,0.0,0.0,0.0,0.0,0.0,0.0,0.0,0.0,0.0,0.0,0.0,0.0,0.0,0.0,0.0,0.127659574,0.276595745,0.0,0.0,0.0,0.0,0.0,0.0,0.0,0.0,0.0,0.510638298,0.0,0.0,0.0,0.0,0.0,0.0,0.0,0.0,0.0,0.0,0.0,0.021276596,0.0,0.0,0.0,0.0,0.0,0.0,0.063829787,5.51244,0.0,12.9216,12.9216,12.9216,-3.552841969
359,Li6.5La3Zr1.5Ta0.5O12,0.0,0.0,0.0,0.0,0.0,0.0,0.0,0.0,0.0,0.0,0.0,0.0,0.0,0.0,0.0,0.0,0.0,0.0,0.0,0.0,0.0,0.0,0.0,0.0,0.127659574,0.276595745,0.0,0.0,0.0,0.0,0.0,0.0,0.0,0.0,0.0,0.510638298,0.0,0.0,0.0,0.0,0.0,0.0,0.0,0.0,0.0,0.0,0.0,0.021276596,0.0,0.0,0.0,0.0,0.0,0.0,0.063829787,5.86584,0.0,12.9445,12.9445,12.9445,-3.036212173
360,Li6.5La3Zr1.75Mo0.25O12,0.0,0.0,0.0,0.0,0.0,0.0,0.0,0.0,0.0,0.0,0.0,0.0,0.0,0.0,0.0,0.0,0.0,0.0,0.0,0.0,0.0,0.0,0.0,0.0,0.127659574,0.276595745,0.0,0.0,0.0,0.010638298,0.0,0.0,0.0,0.0,0.0,0.510638298,0.0,0.0,0.0,0.0,0.0,0.0,0.0,0.0,0.0,0.0,0.0,0.0,0.0,0.0,0.0,0.0,0.0,0.0,0.074468085,5.46915,0.0,12.9556,12.9556,12.9556,-3.477555766
361,Li6.5O8P1.5Si0.5,0.0,0.0,0.0,0.0,0.0,0.0,0.0,0.0,0.0,0.0,0.0,0.0,0.0,0.0,0.0,0.0,0.0,0.0,0.0,0.0,0.0,0.0,0.0,0.0,0.0,0.393939394,0.0,0.0,0.0,0.0,0.0,0.0,0.0,0.0,0.0,0.484848485,0.090909091,0.0,0.0,0.0,0.0,0.0,0.0,0.03030303,0.0,0.0,0.0,0.0,0.0,0.0,0.0,0.0,0.0,0.0,0.0,3.26863,0.0,10.52587,6.11525,4.97031,-6.347753659
362,Li6.5P0.5Si0.5S5Br,0.0,0.0,0.0,0.0,0.0,0.074074074,0.0,0.0,0.0,0.0,0.0,0.0,0.0,0.0,0.0,0.0,0.0,0.0,0.0,0.0,0.0,0.0,0.0,0.0,0.0,0.481481481,0.0,0.0,0.0,0.0,0.0,0.0,0.0,0.0,0.0,0.0,0.037037037,0.0,0.0,0.37037037,0.0,0.0,0.0,0.037037037,0.0,0.0,0.0,0.0,0.0,0.0,0.0,0.0,0.0,0.0,0.0,2.90339,0.0,10.0521,10.0521,10.0521,-2.659555885
363,Li6.6La3Zr1.6Sb0.4O12,0.0,0.0,0.0,0.0,0.0,0.0,0.0,0.0,0.0,0.0,0.0,0.0,0.0,0.0,0.0,0.0,0.0,0.0,0.0,0.0,0.0,0.0,0.0,0.0,0.127118644,0.279661017,0.0,0.0,0.0,0.0,0.0,0.0,0.0,0.0,0.0,0.508474576,0.0,0.0,0.0,0.0,0.016949153,0.0,0.0,0.0,0.0,0.0,0.0,0.0,0.0,0.0,0.0,0.0,0.0,0.0,0.06779661,2.94207,0.0,12.9282,12.9282,12.9282,-3.113509275
364,Li6.6La3Zr1.6Ta0.4O12,0.0,0.0,0.0,0.0,0.0,0.0,0.0,0.0,0.0,0.0,0.0,0.0,0.0,0.0,0.0,0.0,0.0,0.0,0.0,0.0,0.0,0.0,0.0,0.0,0.127118644,0.279661017,0.0,0.0,0.0,0.0,0.0,0.0,0.0,0.0,0.0,0.508474576,0.0,0.0,0.0,0.0,0.0,0.0,0.0,0.0,0.0,0.0,0.0,0.016949153,0.0,0.0,0.0,0.0,0.0,0.0,0.06779661,5.49214,0.0,12.9375,12.9375,12.9375,-3.327902142
365,Li6.6P0.4Ge0.6S5I,0.0,0.0,0.0,0.0,0.0,0.0,0.0,0.0,0.0,0.0,0.0,0.0,0.0,0.0,0.0,0.0,0.0,0.0,0.044117647,0.0,0.0,0.073529412,0.0,0.0,0.0,0.485294118,0.0,0.0,0.0,0.0,0.0,0.0,0.0,0.0,0.0,0.0,0.029411765,0.0,0.0,0.367647059,0.0,0.0,0.0,0.0,0.0,0.0,0.0,0.0,0.0,0.0,0.0,0.0,0.0,0.0,0.0,3.43356,0.0,10.23476,10.23476,10.23476,-2.283162277
366,Li6.75La3Zr1.75Nb0.25O12,0.0,0.0,0.0,0.0,0.0,0.0,0.0,0.0,0.0,0.0,0.0,0.0,0.0,0.0,0.0,0.0,0.0,0.0,0.0,0.0,0.0,0.0,0.0,0.0,0.12605042,0.283613445,0.0,0.0,0.0,0.0,0.0,0.0,0.010504202,0.0,0.0,0.504201681,0.0,0.0,0.0,0.0,0.0,0.0,0.0,0.0,0.0,0.0,0.0,0.0,0.0,0.0,0.0,0.0,0.0,0.0,0.073529412,4.02784,0.030314,13.07378955,8.77947911,12.38512579,-3.096910013
367,Li6.75La3Zr1.75Ta0.25O12,0.0,0.0,0.0,0.0,0.0,0.0,0.0,0.0,0.0,0.0,0.0,0.0,0.0,0.0,0.0,0.0,0.0,0.0,0.0,0.0,0.0,0.0,0.0,0.0,0.12605042,0.283613445,0.0,0.0,0.0,0.0,0.0,0.0,0.0,0.0,0.0,0.504201681,0.0,0.0,0.0,0.0,0.0,0.0,0.0,0.0,0.0,0.0,0.0,0.010504202,0.0,0.0,0.0,0.0,0.0,0.0,0.073529412,5.46333,0.0,12.9602,12.9602,12.9602,-3.060480747
368,Li6.7La3Zr1.7Ta0.3O12,0.0,0.0,0.0,0.0,0.0,0.0,0.0,0.0,0.0,0.0,0.0,0.0,0.0,0.0,0.0,0.0,0.0,0.0,0.0,0.0,0.0,0.0,0.0,0.0,0.126582278,0.282700422,0.0,0.0,0.0,0.0,0.0,0.0,0.0,0.0,0.0,0.506329114,0.0,0.0,0.0,0.0,0.0,0.0,0.0,0.0,0.0,0.0,0.0,0.012658228,0.0,0.0,0.0,0.0,0.0,0.0,0.071729958,5.43146,0.0,12.9855,12.9855,12.9855,-3.161150909
369,Li6.7P0.3Ge0.7S5I,0.0,0.0,0.0,0.0,0.0,0.0,0.0,0.0,0.0,0.0,0.0,0.0,0.0,0.0,0.0,0.0,0.0,0.0,0.051094891,0.0,0.0,0.072992701,0.0,0.0,0.0,0.489051095,0.0,0.0,0.0,0.0,0.0,0.0,0.0,0.0,0.0,0.0,0.02189781,0.0,0.0,0.364963504,0.0,0.0,0.0,0.0,0.0,0.0,0.0,0.0,0.0,0.0,0.0,0.0,0.0,0.0,0.0,3.28438,0.0,10.2851,10.2851,10.2851,-2.256490235
370,Li6.8La3Zr1.8Ta0.2O12,0.0,0.0,0.0,0.0,0.0,0.0,0.0,0.0,0.0,0.0,0.0,0.0,0.0,0.0,0.0,0.0,0.0,0.0,0.0,0.0,0.0,0.0,0.0,0.0,0.12605042,0.285714286,0.0,0.0,0.0,0.0,0.0,0.0,0.0,0.0,0.0,0.504201681,0.0,0.0,0.0,0.0,0.0,0.0,0.0,0.0,0.0,0.0,0.0,0.008403361,0.0,0.0,0.0,0.0,0.0,0.0,0.075630252,5.48285,0.0,12.9448,12.9448,12.9448,-3.552841969
371,Li6.8P0.2Ge0.8S5I,0.0,0.0,0.0,0.0,0.0,0.0,0.0,0.0,0.0,0.0,0.0,0.0,0.0,0.0,0.0,0.0,0.0,0.0,0.057971014,0.0,0.0,0.072463768,0.0,0.0,0.0,0.492753623,0.0,0.0,0.0,0.0,0.0,0.0,0.0,0.0,0.0,0.0,0.014492754,0.0,0.0,0.362318841,0.0,0.0,0.0,0.0,0.0,0.0,0.0,0.0,0.0,0.0,0.0,0.0,0.0,0.0,0.0,3.27033,0.0,10.2998,10.2998,10.2998,-2.588380294
372,Li6Ba0.5Sr0.5La2Ta2O12,0.0,0.0,0.0,0.02173913,0.0,0.0,0.0,0.0,0.0,0.0,0.0,0.0,0.0,0.0,0.0,0.0,0.0,0.0,0.0,0.0,0.0,0.0,0.0,0.0,0.086956522,0.260869565,0.0,0.0,0.0,0.0,0.0,0.0,0.0,0.0,0.0,0.52173913,0.0,0.0,0.0,0.0,0.0,0.0,0.0,0.0,0.0,0.0,0.02173913,0.086956522,0.0,0.0,0.0,0.0,0.0,0.0,0.0,6.34104,0.0,12.91529,12.91529,12.91529,-5.148741651
373,Li6BaLa2Nb2O12,0.0,0.0,0.0,0.043478261,0.0,0.0,0.0,0.0,0.0,0.0,0.0,0.0,0.0,0.0,0.0,0.0,0.0,0.0,0.0,0.0,0.0,0.0,0.0,0.0,0.086956522,0.260869565,0.0,0.0,0.0,0.0,0.0,0.0,0.086956522,0.0,0.0,0.52173913,0.0,0.0,0.0,0.0,0.0,0.0,0.0,0.0,0.0,0.0,0.0,0.0,0.0,0.0,0.0,0.0,0.0,0.0,0.0,4.50299,0.0134044,10.0485371,5.53423755,5.53423755,-5.22184875
374,Li6BaLa2Ta2O12,0.0,0.0,0.0,0.043478261,0.0,0.0,0.0,0.0,0.0,0.0,0.0,0.0,0.0,0.0,0.0,0.0,0.0,0.0,0.0,0.0,0.0,0.0,0.0,0.0,0.086956522,0.260869565,0.0,0.0,0.0,0.0,0.0,0.0,0.0,0.0,0.0,0.52173913,0.0,0.0,0.0,0.0,0.0,0.0,0.0,0.0,0.0,0.0,0.0,0.086956522,0.0,0.0,0.0,0.0,0.0,0.0,0.0,6.22183,0.0,12.99726,12.99726,12.99726,-4.530177984
375,Li6BaLa2Ta2O12,0.0,0.0,0.0,0.043478261,0.0,0.0,0.0,0.0,0.0,0.0,0.0,0.0,0.0,0.0,0.0,0.0,0.0,0.0,0.0,0.0,0.0,0.0,0.0,0.0,0.086956522,0.260869565,0.0,0.0,0.0,0.0,0.0,0.0,0.0,0.0,0.0,0.52173913,0.0,0.0,0.0,0.0,0.0,0.0,0.0,0.0,0.0,0.0,0.0,0.086956522,0.0,0.0,0.0,0.0,0.0,0.0,0.0,6.46821,0.0,13.001,13.001,13.001,-4.886056648
376,Li6BaLa2Ta2O12,0.0,0.0,0.0,0.043478261,0.0,0.0,0.0,0.0,0.0,0.0,0.0,0.0,0.0,0.0,0.0,0.0,0.0,0.0,0.0,0.0,0.0,0.0,0.0,0.0,0.086956522,0.260869565,0.0,0.0,0.0,0.0,0.0,0.0,0.0,0.0,0.0,0.52173913,0.0,0.0,0.0,0.0,0.0,0.0,0.0,0.0,0.0,0.0,0.0,0.086956522,0.0,0.0,0.0,0.0,0.0,0.0,0.0,6.47718,0.0,12.995,12.995,12.995,-4.772113295
377,Li6BaLa2Ta2O12,0.0,0.0,0.0,0.043478261,0.0,0.0,0.0,0.0,0.0,0.0,0.0,0.0,0.0,0.0,0.0,0.0,0.0,0.0,0.0,0.0,0.0,0.0,0.0,0.0,0.086956522,0.260869565,0.0,0.0,0.0,0.0,0.0,0.0,0.0,0.0,0.0,0.52173913,0.0,0.0,0.0,0.0,0.0,0.0,0.0,0.0,0.0,0.0,0.0,0.086956522,0.0,0.0,0.0,0.0,0.0,0.0,0.0,6.22183,0.0,12.99726,12.99726,12.99726,-4.823908741
378,Li6CaLa2Nb2O12,0.0,0.0,0.0,0.0,0.0,0.0,0.0,0.043478261,0.0,0.0,0.0,0.0,0.0,0.0,0.0,0.0,0.0,0.0,0.0,0.0,0.0,0.0,0.0,0.0,0.086956522,0.260869565,0.0,0.0,0.0,0.0,0.0,0.0,0.086956522,0.0,0.0,0.52173913,0.0,0.0,0.0,0.0,0.0,0.0,0.0,0.0,0.0,0.0,0.0,0.0,0.0,0.0,0.0,0.0,0.0,0.0,0.0,5.807,0.0,12.7152,12.7152,12.7152,-5.795880017
379,Li6CaLa2Ta2O12,0.0,0.0,0.0,0.0,0.0,0.0,0.0,0.043478261,0.0,0.0,0.0,0.0,0.0,0.0,0.0,0.0,0.0,0.0,0.0,0.0,0.0,0.0,0.0,0.0,0.086956522,0.260869565,0.0,0.0,0.0,0.0,0.0,0.0,0.0,0.0,0.0,0.52173913,0.0,0.0,0.0,0.0,0.0,0.0,0.0,0.0,0.0,0.0,0.0,0.086956522,0.0,0.0,0.0,0.0,0.0,0.0,0.0,5.01736,0.0,12.725,12.725,12.725,-5.657577319
380,Li6CaLa2Ta2O12,0.0,0.0,0.0,0.0,0.0,0.0,0.0,0.043478261,0.0,0.0,0.0,0.0,0.0,0.0,0.0,0.0,0.0,0.0,0.0,0.0,0.0,0.0,0.0,0.0,0.086956522,0.260869565,0.0,0.0,0.0,0.0,0.0,0.0,0.0,0.0,0.0,0.52173913,0.0,0.0,0.0,0.0,0.0,0.0,0.0,0.0,0.0,0.0,0.0,0.086956522,0.0,0.0,0.0,0.0,0.0,0.0,0.0,4.76708,0.0,12.70877,12.70877,12.70877,-5.657577319
381,Li6CoCl8,0.0,0.0,0.0,0.0,0.0,0.0,0.0,0.0,0.0,0.533333333,0.066666667,0.0,0.0,0.0,0.0,0.0,0.0,0.0,0.0,0.0,0.0,0.0,0.0,0.0,0.0,0.4,0.0,0.0,0.0,0.0,0.0,0.0,0.0,0.0,0.0,0.0,0.0,0.0,0.0,0.0,0.0,0.0,0.0,0.0,0.0,0.0,0.0,0.0,0.0,0.0,0.0,0.0,0.0,0.0,0.0,2.377,0.0,10.23953583,10.23953583,10.23953583,-5.821821295
382,Li6CuB4O10,0.0,0.0,0.19047619,0.0,0.0,0.0,0.0,0.0,0.0,0.0,0.0,0.0,0.047619048,0.0,0.0,0.0,0.0,0.0,0.0,0.0,0.0,0.0,0.0,0.0,0.0,0.285714286,0.0,0.0,0.0,0.0,0.0,0.0,0.0,0.0,0.0,0.476190476,0.0,0.0,0.0,0.0,0.0,0.0,0.0,0.0,0.0,0.0,0.0,0.0,0.0,0.0,0.0,0.0,0.0,0.0,0.0,2.54628,0.00846725,3.31218,6.68272,9.27858,-13.0
383,Li6FeCl8,0.0,0.0,0.0,0.0,0.0,0.0,0.0,0.0,0.0,0.533333333,0.0,0.0,0.0,0.0,0.0,0.066666667,0.0,0.0,0.0,0.0,0.0,0.0,0.0,0.0,0.0,0.4,0.0,0.0,0.0,0.0,0.0,0.0,0.0,0.0,0.0,0.0,0.0,0.0,0.0,0.0,0.0,0.0,0.0,0.0,0.0,0.0,0.0,0.0,0.0,0.0,0.0,0.0,0.0,0.0,0.0,2.35,0.0,10.25098456,10.25098456,10.25098456,-7.047042731
384,Li6Ge2O7,0.0,0.0,0.0,0.0,0.0,0.0,0.0,0.0,0.0,0.0,0.0,0.0,0.0,0.0,0.0,0.0,0.0,0.0,0.133333333,0.0,0.0,0.0,0.0,0.0,0.0,0.4,0.0,0.0,0.0,0.0,0.0,0.0,0.0,0.0,0.0,0.466666667,0.0,0.0,0.0,0.0,0.0,0.0,0.0,0.0,0.0,0.0,0.0,0.0,0.0,0.0,0.0,0.0,0.0,0.0,0.0,3.26445,0.0,8.071,5.304,15.99435072,-6.070581074
385,Li6La2Ca(Nb)2O12,0.0,0.0,0.0,0.0,0.0,0.0,0.0,0.043478261,0.0,0.0,0.0,0.0,0.0,0.0,0.0,0.0,0.0,0.0,0.0,0.0,0.0,0.0,0.0,0.0,0.086956522,0.260869565,0.0,0.0,0.0,0.0,0.0,0.0,0.086956522,0.0,0.0,0.52173913,0.0,0.0,0.0,0.0,0.0,0.0,0.0,0.0,0.0,0.0,0.0,0.0,0.0,0.0,0.0,0.0,0.0,0.0,0.0,3.69926,0.0352719,5.37470284,5.52869433,11.13838418,-5.675717545
386,Li6La2SrBi2O12,0.0,0.0,0.0,0.0,0.086956522,0.0,0.0,0.0,0.0,0.0,0.0,0.0,0.0,0.0,0.0,0.0,0.0,0.0,0.0,0.0,0.0,0.0,0.0,0.0,0.086956522,0.260869565,0.0,0.0,0.0,0.0,0.0,0.0,0.0,0.0,0.0,0.52173913,0.0,0.0,0.0,0.0,0.0,0.0,0.0,0.0,0.0,0.0,0.043478261,0.0,0.0,0.0,0.0,0.0,0.0,0.0,0.0,6.69836,0.0,13.0893,13.0893,13.0893,-4.698970004
387,Li6La2SrNb2O12,0.0,0.0,0.0,0.0,0.0,0.0,0.0,0.0,0.0,0.0,0.0,0.0,0.0,0.0,0.0,0.0,0.0,0.0,0.0,0.0,0.0,0.0,0.0,0.0,0.086956522,0.260869565,0.0,0.0,0.0,0.0,0.0,0.0,0.086956522,0.0,0.0,0.52173913,0.0,0.0,0.0,0.0,0.0,0.0,0.0,0.0,0.0,0.0,0.043478261,0.0,0.0,0.0,0.0,0.0,0.0,0.0,0.0,3.92962,0.0317842,6.05167249,6.05167249,9.17940219,-6.2069084
388,Li6La3Nb1.5Y0.5O12,0.0,0.0,0.0,0.0,0.0,0.0,0.0,0.0,0.0,0.0,0.0,0.0,0.0,0.0,0.0,0.0,0.0,0.0,0.0,0.0,0.0,0.0,0.0,0.0,0.130434783,0.260869565,0.0,0.0,0.0,0.0,0.0,0.0,0.065217391,0.0,0.0,0.52173913,0.0,0.0,0.0,0.0,0.0,0.0,0.0,0.0,0.0,0.0,0.0,0.0,0.0,0.0,0.0,0.0,0.02173913,0.0,0.0,5.80034,0.0,12.9136,12.9136,12.9136,-3.725842151
389,Li6La3ZrSbO12,0.0,0.0,0.0,0.0,0.0,0.0,0.0,0.0,0.0,0.0,0.0,0.0,0.0,0.0,0.0,0.0,0.0,0.0,0.0,0.0,0.0,0.0,0.0,0.0,0.130434783,0.260869565,0.0,0.0,0.0,0.0,0.0,0.0,0.0,0.0,0.0,0.52173913,0.0,0.0,0.0,0.0,0.043478261,0.0,0.0,0.0,0.0,0.0,0.0,0.0,0.0,0.0,0.0,0.0,0.0,0.0,0.043478261,4.68911,0.0,6.73668564,6.73668564,6.73668564,-3.585026652
390,Li6La3ZrTaO12,0.0,0.0,0.0,0.0,0.0,0.0,0.0,0.0,0.0,0.0,0.0,0.0,0.0,0.0,0.0,0.0,0.0,0.0,0.0,0.0,0.0,0.0,0.0,0.0,0.130434783,0.260869565,0.0,0.0,0.0,0.0,0.0,0.0,0.0,0.0,0.0,0.52173913,0.0,0.0,0.0,0.0,0.0,0.0,0.0,0.0,0.0,0.0,0.0,0.043478261,0.0,0.0,0.0,0.0,0.0,0.0,0.043478261,4.87262,0.0145261,6.79967305,6.79967305,6.79967305,-3.795880017
391,Li6MgLa2Ta2O12,0.0,0.0,0.0,0.0,0.0,0.0,0.0,0.0,0.0,0.0,0.0,0.0,0.0,0.0,0.0,0.0,0.0,0.0,0.0,0.0,0.0,0.0,0.0,0.0,0.086956522,0.260869565,0.0,0.043478261,0.0,0.0,0.0,0.0,0.0,0.0,0.0,0.52173913,0.0,0.0,0.0,0.0,0.0,0.0,0.0,0.0,0.0,0.0,0.0,0.086956522,0.0,0.0,0.0,0.0,0.0,0.0,0.0,5.31596,0.0,7.66326786,5.52656847,6.66954738,-6.716698771
392,Li6MgZrCl12,0.0,0.0,0.0,0.0,0.0,0.0,0.0,0.0,0.0,0.6,0.0,0.0,0.0,0.0,0.0,0.0,0.0,0.0,0.0,0.0,0.0,0.0,0.0,0.0,0.0,0.3,0.0,0.05,0.0,0.0,0.0,0.0,0.0,0.0,0.0,0.0,0.0,0.0,0.0,0.0,0.0,0.0,0.0,0.0,0.0,0.0,0.0,0.0,0.0,0.0,0.0,0.0,0.0,0.0,0.05,0.209199,4.36244,10.37168,10.37168,10.37168,-4.552841969
393,Li6NBr3,0.0,0.0,0.0,0.0,0.0,0.3,0.0,0.0,0.0,0.0,0.0,0.0,0.0,0.0,0.0,0.0,0.0,0.0,0.0,0.0,0.0,0.0,0.0,0.0,0.0,0.6,0.0,0.0,0.0,0.0,0.1,0.0,0.0,0.0,0.0,0.0,0.0,0.0,0.0,0.0,0.0,0.0,0.0,0.0,0.0,0.0,0.0,0.0,0.0,0.0,0.0,0.0,0.0,0.0,0.0,3.9085,0.0,8.93896,8.93896,8.93896,-8.0
394,Li6NiBr3,0.0,0.0,0.0,0.0,0.0,0.3,0.0,0.0,0.0,0.0,0.0,0.0,0.0,0.0,0.0,0.0,0.0,0.0,0.0,0.0,0.0,0.0,0.0,0.0,0.0,0.6,0.0,0.0,0.0,0.0,0.0,0.0,0.0,0.0,0.1,0.0,0.0,0.0,0.0,0.0,0.0,0.0,0.0,0.0,0.0,0.0,0.0,0.0,0.0,0.0,0.0,0.0,0.0,0.0,0.0,2.5585,0.0644987,4.772127,3.76836589,12.27275948,-6.823908741
395,Li6NiCl8,0.0,0.0,0.0,0.0,0.0,0.0,0.0,0.0,0.0,0.533333333,0.0,0.0,0.0,0.0,0.0,0.0,0.0,0.0,0.0,0.0,0.0,0.0,0.0,0.0,0.0,0.4,0.0,0.0,0.0,0.0,0.0,0.0,0.0,0.0,0.066666667,0.0,0.0,0.0,0.0,0.0,0.0,0.0,0.0,0.0,0.0,0.0,0.0,0.0,0.0,0.0,0.0,0.0,0.0,0.0,0.0,2.36459,0.0402268,10.25527429,10.25527429,10.25527429,-9.569675406
396,Li6P(S4.1Se0.9)Br,0.0,0.0,0.0,0.0,0.0,0.076923077,0.0,0.0,0.0,0.0,0.0,0.0,0.0,0.0,0.0,0.0,0.0,0.0,0.0,0.0,0.0,0.0,0.0,0.0,0.0,0.461538462,0.0,0.0,0.0,0.0,0.0,0.0,0.0,0.0,0.0,0.0,0.076923077,0.0,0.0,0.315384615,0.0,0.0,0.069230769,0.0,0.0,0.0,0.0,0.0,0.0,0.0,0.0,0.0,0.0,0.0,0.0,2.59849,0.0,10.04186,10.04186,10.04186,-2.417936637
397,Li6P(S4.2Se0.8)Br,0.0,0.0,0.0,0.0,0.0,0.076923077,0.0,0.0,0.0,0.0,0.0,0.0,0.0,0.0,0.0,0.0,0.0,0.0,0.0,0.0,0.0,0.0,0.0,0.0,0.0,0.461538462,0.0,0.0,0.0,0.0,0.0,0.0,0.0,0.0,0.0,0.0,0.076923077,0.0,0.0,0.323076923,0.0,0.0,0.061538462,0.0,0.0,0.0,0.0,0.0,0.0,0.0,0.0,0.0,0.0,0.0,0.0,2.60521,0.0,10.03322,10.03322,10.03322,-2.458420756
398,Li6P(S4.3Se0.7)Br,0.0,0.0,0.0,0.0,0.0,0.076923077,0.0,0.0,0.0,0.0,0.0,0.0,0.0,0.0,0.0,0.0,0.0,0.0,0.0,0.0,0.0,0.0,0.0,0.0,0.0,0.461538462,0.0,0.0,0.0,0.0,0.0,0.0,0.0,0.0,0.0,0.0,0.076923077,0.0,0.0,0.330769231,0.0,0.0,0.053846154,0.0,0.0,0.0,0.0,0.0,0.0,0.0,0.0,0.0,0.0,0.0,0.0,2.61045,0.0,10.026507,10.026507,10.026507,-2.521433504
399,Li6P(S4.4Se0.6)Br,0.0,0.0,0.0,0.0,0.0,0.076923077,0.0,0.0,0.0,0.0,0.0,0.0,0.0,0.0,0.0,0.0,0.0,0.0,0.0,0.0,0.0,0.0,0.0,0.0,0.0,0.461538462,0.0,0.0,0.0,0.0,0.0,0.0,0.0,0.0,0.0,0.0,0.076923077,0.0,0.0,0.338461538,0.0,0.0,0.046153846,0.0,0.0,0.0,0.0,0.0,0.0,0.0,0.0,0.0,0.0,0.0,0.0,2.61095,0.0,10.02587,10.02587,10.02587,-2.555955204
400,Li6P(S4.5Se0.5)Br,0.0,0.0,0.0,0.0,0.0,0.076923077,0.0,0.0,0.0,0.0,0.0,0.0,0.0,0.0,0.0,0.0,0.0,0.0,0.0,0.0,0.0,0.0,0.0,0.0,0.0,0.461538462,0.0,0.0,0.0,0.0,0.0,0.0,0.0,0.0,0.0,0.0,0.076923077,0.0,0.0,0.346153846,0.0,0.0,0.038461538,0.0,0.0,0.0,0.0,0.0,0.0,0.0,0.0,0.0,0.0,0.0,0.0,2.6174,0.0,10.01763,10.01763,10.01763,-2.571865206
401,Li6P(S4.6Se0.4)Br,0.0,0.0,0.0,0.0,0.0,0.076923077,0.0,0.0,0.0,0.0,0.0,0.0,0.0,0.0,0.0,0.0,0.0,0.0,0.0,0.0,0.0,0.0,0.0,0.0,0.0,0.461538462,0.0,0.0,0.0,0.0,0.0,0.0,0.0,0.0,0.0,0.0,0.076923077,0.0,0.0,0.353846154,0.0,0.0,0.030769231,0.0,0.0,0.0,0.0,0.0,0.0,0.0,0.0,0.0,0.0,0.0,0.0,2.62506,0.0,10.00787,10.00787,10.00787,-2.438898616
402,Li6P(S4.7Se0.3)Br,0.0,0.0,0.0,0.0,0.0,0.076923077,0.0,0.0,0.0,0.0,0.0,0.0,0.0,0.0,0.0,0.0,0.0,0.0,0.0,0.0,0.0,0.0,0.0,0.0,0.0,0.461538462,0.0,0.0,0.0,0.0,0.0,0.0,0.0,0.0,0.0,0.0,0.076923077,0.0,0.0,0.361538462,0.0,0.0,0.023076923,0.0,0.0,0.0,0.0,0.0,0.0,0.0,0.0,0.0,0.0,0.0,0.0,2.63328,0.0,9.99745,9.99745,9.99745,-2.441291429
403,Li6P(S4.8Se0.2)Br,0.0,0.0,0.0,0.0,0.0,0.076923077,0.0,0.0,0.0,0.0,0.0,0.0,0.0,0.0,0.0,0.0,0.0,0.0,0.0,0.0,0.0,0.0,0.0,0.0,0.0,0.461538462,0.0,0.0,0.0,0.0,0.0,0.0,0.0,0.0,0.0,0.0,0.076923077,0.0,0.0,0.369230769,0.0,0.0,0.015384615,0.0,0.0,0.0,0.0,0.0,0.0,0.0,0.0,0.0,0.0,0.0,0.0,3.16085,0.0,9.9946,9.9946,9.9946,-2.406713933
404,Li6P(S4.9Se0.1)Br,0.0,0.0,0.0,0.0,0.0,0.076923077,0.0,0.0,0.0,0.0,0.0,0.0,0.0,0.0,0.0,0.0,0.0,0.0,0.0,0.0,0.0,0.0,0.0,0.0,0.0,0.461538462,0.0,0.0,0.0,0.0,0.0,0.0,0.0,0.0,0.0,0.0,0.076923077,0.0,0.0,0.376923077,0.0,0.0,0.007692308,0.0,0.0,0.0,0.0,0.0,0.0,0.0,0.0,0.0,0.0,0.0,0.0,2.95768,0.0,9.99022,9.99022,9.99022,-2.494850022
405,Li6P(S4Se)Br,0.0,0.0,0.0,0.0,0.0,0.076923077,0.0,0.0,0.0,0.0,0.0,0.0,0.0,0.0,0.0,0.0,0.0,0.0,0.0,0.0,0.0,0.0,0.0,0.0,0.0,0.461538462,0.0,0.0,0.0,0.0,0.0,0.0,0.0,0.0,0.0,0.0,0.076923077,0.0,0.0,0.307692308,0.0,0.0,0.076923077,0.0,0.0,0.0,0.0,0.0,0.0,0.0,0.0,0.0,0.0,0.0,0.0,2.89714,0.0,10.05219,10.05219,10.05219,-2.442492798
406,Li6PO5Cl,0.0,0.0,0.0,0.0,0.0,0.0,0.0,0.0,0.0,0.076923077,0.0,0.0,0.0,0.0,0.0,0.0,0.0,0.0,0.0,0.0,0.0,0.0,0.0,0.0,0.0,0.461538462,0.0,0.0,0.0,0.0,0.0,0.0,0.0,0.0,0.0,0.384615385,0.076923077,0.0,0.0,0.0,0.0,0.0,0.0,0.0,0.0,0.0,0.0,0.0,0.0,0.0,0.0,0.0,0.0,0.0,0.0,2.24631,0.0,8.2234,8.2234,8.2234,-9.0
407,Li6PS5Br,0.0,0.0,0.0,0.0,0.0,0.076923077,0.0,0.0,0.0,0.0,0.0,0.0,0.0,0.0,0.0,0.0,0.0,0.0,0.0,0.0,0.0,0.0,0.0,0.0,0.0,0.461538462,0.0,0.0,0.0,0.0,0.0,0.0,0.0,0.0,0.0,0.0,0.076923077,0.0,0.0,0.384615385,0.0,0.0,0.0,0.0,0.0,0.0,0.0,0.0,0.0,0.0,0.0,0.0,0.0,0.0,0.0,2.93139,0.0,10.02,10.02,10.02,-2.93930216
408,Li6PS5Br,0.0,0.0,0.0,0.0,0.0,0.076923077,0.0,0.0,0.0,0.0,0.0,0.0,0.0,0.0,0.0,0.0,0.0,0.0,0.0,0.0,0.0,0.0,0.0,0.0,0.0,0.461538462,0.0,0.0,0.0,0.0,0.0,0.0,0.0,0.0,0.0,0.0,0.076923077,0.0,0.0,0.384615385,0.0,0.0,0.0,0.0,0.0,0.0,0.0,0.0,0.0,0.0,0.0,0.0,0.0,0.0,0.0,2.96919,0.0,9.9773,9.9773,9.9773,-3.154281982
409,Li6PS5Br,0.0,0.0,0.0,0.0,0.0,0.076923077,0.0,0.0,0.0,0.0,0.0,0.0,0.0,0.0,0.0,0.0,0.0,0.0,0.0,0.0,0.0,0.0,0.0,0.0,0.0,0.461538462,0.0,0.0,0.0,0.0,0.0,0.0,0.0,0.0,0.0,0.0,0.076923077,0.0,0.0,0.384615385,0.0,0.0,0.0,0.0,0.0,0.0,0.0,0.0,0.0,0.0,0.0,0.0,0.0,0.0,0.0,2.95962,0.0,9.98804,9.98804,9.98804,-2.557520231
410,Li6PS5Br,0.0,0.0,0.0,0.0,0.0,0.076923077,0.0,0.0,0.0,0.0,0.0,0.0,0.0,0.0,0.0,0.0,0.0,0.0,0.0,0.0,0.0,0.0,0.0,0.0,0.0,0.461538462,0.0,0.0,0.0,0.0,0.0,0.0,0.0,0.0,0.0,0.0,0.076923077,0.0,0.0,0.384615385,0.0,0.0,0.0,0.0,0.0,0.0,0.0,0.0,0.0,0.0,0.0,0.0,0.0,0.0,0.0,3.52469,0.0,9.97873,9.97873,9.97873,-4.494850022
411,Li6PS5Br0.25I0.75,0.0,0.0,0.0,0.0,0.0,0.019230769,0.0,0.0,0.0,0.0,0.0,0.0,0.0,0.0,0.0,0.0,0.0,0.0,0.0,0.0,0.0,0.057692308,0.0,0.0,0.0,0.461538462,0.0,0.0,0.0,0.0,0.0,0.0,0.0,0.0,0.0,0.0,0.076923077,0.0,0.0,0.384615385,0.0,0.0,0.0,0.0,0.0,0.0,0.0,0.0,0.0,0.0,0.0,0.0,0.0,0.0,0.0,1.82616,0.0411683,10.1108,10.1108,10.1108,-5.326058001
412,Li6PS5Br0.5I0.5,0.0,0.0,0.0,0.0,0.0,0.038461538,0.0,0.0,0.0,0.0,0.0,0.0,0.0,0.0,0.0,0.0,0.0,0.0,0.0,0.0,0.0,0.038461538,0.0,0.0,0.0,0.461538462,0.0,0.0,0.0,0.0,0.0,0.0,0.0,0.0,0.0,0.0,0.076923077,0.0,0.0,0.384615385,0.0,0.0,0.0,0.0,0.0,0.0,0.0,0.0,0.0,0.0,0.0,0.0,0.0,0.0,0.0,2.85464,0.0,10.109,10.109,10.109,-4.581698709
413,Li6PS5Br0.75I0.25,0.0,0.0,0.0,0.0,0.0,0.057692308,0.0,0.0,0.0,0.0,0.0,0.0,0.0,0.0,0.0,0.0,0.0,0.0,0.0,0.0,0.0,0.019230769,0.0,0.0,0.0,0.461538462,0.0,0.0,0.0,0.0,0.0,0.0,0.0,0.0,0.0,0.0,0.076923077,0.0,0.0,0.384615385,0.0,0.0,0.0,0.0,0.0,0.0,0.0,0.0,0.0,0.0,0.0,0.0,0.0,0.0,0.0,1.8673,0.0287795,10.036,10.036,10.036,-3.950781977
414,Li6PS5Cl,0.0,0.0,0.0,0.0,0.0,0.0,0.0,0.0,0.0,0.076923077,0.0,0.0,0.0,0.0,0.0,0.0,0.0,0.0,0.0,0.0,0.0,0.0,0.0,0.0,0.0,0.461538462,0.0,0.0,0.0,0.0,0.0,0.0,0.0,0.0,0.0,0.0,0.076923077,0.0,0.0,0.384615385,0.0,0.0,0.0,0.0,0.0,0.0,0.0,0.0,0.0,0.0,0.0,0.0,0.0,0.0,0.0,2.14692,0.0,9.898,9.898,9.898,-2.688246139
415,Li6PS5Cl,0.0,0.0,0.0,0.0,0.0,0.0,0.0,0.0,0.0,0.076923077,0.0,0.0,0.0,0.0,0.0,0.0,0.0,0.0,0.0,0.0,0.0,0.0,0.0,0.0,0.0,0.461538462,0.0,0.0,0.0,0.0,0.0,0.0,0.0,0.0,0.0,0.0,0.076923077,0.0,0.0,0.384615385,0.0,0.0,0.0,0.0,0.0,0.0,0.0,0.0,0.0,0.0,0.0,0.0,0.0,0.0,0.0,2.75746,0.0,9.84988,9.84988,9.84988,-4.48148606
416,Li6PS5Cl0.25Br0.75,0.0,0.0,0.0,0.0,0.0,0.057692308,0.0,0.0,0.0,0.019230769,0.0,0.0,0.0,0.0,0.0,0.0,0.0,0.0,0.0,0.0,0.0,0.0,0.0,0.0,0.0,0.461538462,0.0,0.0,0.0,0.0,0.0,0.0,0.0,0.0,0.0,0.0,0.076923077,0.0,0.0,0.384615385,0.0,0.0,0.0,0.0,0.0,0.0,0.0,0.0,0.0,0.0,0.0,0.0,0.0,0.0,0.0,2.95319,0.0140458,9.953,9.953,9.953,-2.730487056
417,Li6PS5Cl0.5Br0.5,0.0,0.0,0.0,0.0,0.0,0.038461538,0.0,0.0,0.0,0.038461538,0.0,0.0,0.0,0.0,0.0,0.0,0.0,0.0,0.0,0.0,0.0,0.0,0.0,0.0,0.0,0.461538462,0.0,0.0,0.0,0.0,0.0,0.0,0.0,0.0,0.0,0.0,0.076923077,0.0,0.0,0.384615385,0.0,0.0,0.0,0.0,0.0,0.0,0.0,0.0,0.0,0.0,0.0,0.0,0.0,0.0,0.0,2.11216,0.0,9.952,9.952,9.952,-2.477555766
418,Li6PS5Cl0.75Br0.25,0.0,0.0,0.0,0.0,0.0,0.019230769,0.0,0.0,0.0,0.057692308,0.0,0.0,0.0,0.0,0.0,0.0,0.0,0.0,0.0,0.0,0.0,0.0,0.0,0.0,0.0,0.461538462,0.0,0.0,0.0,0.0,0.0,0.0,0.0,0.0,0.0,0.0,0.076923077,0.0,0.0,0.384615385,0.0,0.0,0.0,0.0,0.0,0.0,0.0,0.0,0.0,0.0,0.0,0.0,0.0,0.0,0.0,2.15141,0.0,9.8911,9.8911,9.8911,-2.645891561
419,Li6PS5I,0.0,0.0,0.0,0.0,0.0,0.0,0.0,0.0,0.0,0.0,0.0,0.0,0.0,0.0,0.0,0.0,0.0,0.0,0.0,0.0,0.0,0.076923077,0.0,0.0,0.0,0.461538462,0.0,0.0,0.0,0.0,0.0,0.0,0.0,0.0,0.0,0.0,0.076923077,0.0,0.0,0.384615385,0.0,0.0,0.0,0.0,0.0,0.0,0.0,0.0,0.0,0.0,0.0,0.0,0.0,0.0,0.0,2.78923,0.0,10.181,10.181,10.181,-5.886056648
420,Li6PS5I,0.0,0.0,0.0,0.0,0.0,0.0,0.0,0.0,0.0,0.0,0.0,0.0,0.0,0.0,0.0,0.0,0.0,0.0,0.0,0.0,0.0,0.076923077,0.0,0.0,0.0,0.461538462,0.0,0.0,0.0,0.0,0.0,0.0,0.0,0.0,0.0,0.0,0.076923077,0.0,0.0,0.384615385,0.0,0.0,0.0,0.0,0.0,0.0,0.0,0.0,0.0,0.0,0.0,0.0,0.0,0.0,0.0,2.82208,0.0,10.14135,10.14135,10.14135,-3.657577319
421,Li6PS5I,0.0,0.0,0.0,0.0,0.0,0.0,0.0,0.0,0.0,0.0,0.0,0.0,0.0,0.0,0.0,0.0,0.0,0.0,0.0,0.0,0.0,0.076923077,0.0,0.0,0.0,0.461538462,0.0,0.0,0.0,0.0,0.0,0.0,0.0,0.0,0.0,0.0,0.076923077,0.0,0.0,0.384615385,0.0,0.0,0.0,0.0,0.0,0.0,0.0,0.0,0.0,0.0,0.0,0.0,0.0,0.0,0.0,2.8192,0.0,10.1448,10.1448,10.1448,-5.899629455
422,Li6SiO4Cl2,0.0,0.0,0.0,0.0,0.0,0.0,0.0,0.0,0.0,0.153846154,0.0,0.0,0.0,0.0,0.0,0.0,0.0,0.0,0.0,0.0,0.0,0.0,0.0,0.0,0.0,0.461538462,0.0,0.0,0.0,0.0,0.0,0.0,0.0,0.0,0.0,0.307692308,0.0,0.0,0.0,0.0,0.0,0.0,0.0,0.076923077,0.0,0.0,0.0,0.0,0.0,0.0,0.0,0.0,0.0,0.0,0.0,2.13654,0.00753554,10.5204,6.0756,9.953,-10.0
423,Li6Sr0.5Ba0.5La2Ta2O12,0.0,0.0,0.0,0.02173913,0.0,0.0,0.0,0.0,0.0,0.0,0.0,0.0,0.0,0.0,0.0,0.0,0.0,0.0,0.0,0.0,0.0,0.0,0.0,0.0,0.086956522,0.260869565,0.0,0.0,0.0,0.0,0.0,0.0,0.0,0.0,0.0,0.52173913,0.0,0.0,0.0,0.0,0.0,0.0,0.0,0.0,0.0,0.0,0.02173913,0.086956522,0.0,0.0,0.0,0.0,0.0,0.0,0.0,4.95614,0.0221463,12.31663848,12.31663848,8.70917535,-5.092588639
424,Li6SrLa2Nb2O12,0.0,0.0,0.0,0.0,0.0,0.0,0.0,0.0,0.0,0.0,0.0,0.0,0.0,0.0,0.0,0.0,0.0,0.0,0.0,0.0,0.0,0.0,0.0,0.0,0.086956522,0.260869565,0.0,0.0,0.0,0.0,0.0,0.0,0.086956522,0.0,0.0,0.52173913,0.0,0.0,0.0,0.0,0.0,0.0,0.0,0.0,0.0,0.0,0.043478261,0.0,0.0,0.0,0.0,0.0,0.0,0.0,0.0,4.26996,0.0163421,8.55565033,5.97292591,5.97292591,-5.37675071
425,Li6SrLa2Sb2O12,0.0,0.0,0.0,0.0,0.0,0.0,0.0,0.0,0.0,0.0,0.0,0.0,0.0,0.0,0.0,0.0,0.0,0.0,0.0,0.0,0.0,0.0,0.0,0.0,0.086956522,0.260869565,0.0,0.0,0.0,0.0,0.0,0.0,0.0,0.0,0.0,0.52173913,0.0,0.0,0.0,0.0,0.086956522,0.0,0.0,0.0,0.0,0.0,0.043478261,0.0,0.0,0.0,0.0,0.0,0.0,0.0,0.0,5.92734,0.0,12.8933,12.8933,12.8933,-5.200659451
426,Li6SrLa2Ta2O12,0.0,0.0,0.0,0.0,0.0,0.0,0.0,0.0,0.0,0.0,0.0,0.0,0.0,0.0,0.0,0.0,0.0,0.0,0.0,0.0,0.0,0.0,0.0,0.0,0.086956522,0.260869565,0.0,0.0,0.0,0.0,0.0,0.0,0.0,0.0,0.0,0.52173913,0.0,0.0,0.0,0.0,0.0,0.0,0.0,0.0,0.0,0.0,0.043478261,0.086956522,0.0,0.0,0.0,0.0,0.0,0.0,0.0,5.53019,0.0,12.83013,12.83013,12.83013,-5.26760624
427,Li6Zr2O7,0.0,0.0,0.0,0.0,0.0,0.0,0.0,0.0,0.0,0.0,0.0,0.0,0.0,0.0,0.0,0.0,0.0,0.0,0.0,0.0,0.0,0.0,0.0,0.0,0.0,0.4,0.0,0.0,0.0,0.0,0.0,0.0,0.0,0.0,0.0,0.466666667,0.0,0.0,0.0,0.0,0.0,0.0,0.0,0.0,0.0,0.0,0.0,0.0,0.0,0.0,0.0,0.0,0.0,0.0,0.133333333,3.55449,0.0,10.44,5.991,10.204,-9.283996656
428,Li7.22Si1.5P0.5O8,0.0,0.0,0.0,0.0,0.0,0.0,0.0,0.0,0.0,0.0,0.0,0.0,0.0,0.0,0.0,0.0,0.0,0.0,0.0,0.0,0.0,0.0,0.0,0.0,0.0,0.419767442,0.0,0.0,0.0,0.0,0.0,0.0,0.0,0.0,0.0,0.465116279,0.029069767,0.0,0.0,0.0,0.0,0.0,0.0,0.087209302,0.0,0.0,0.0,0.0,0.0,0.0,0.0,0.0,0.0,0.0,0.0,3.10546,0.0,5.10536,6.11225,5.29671,-6.785156152
429,Li7BiO6,0.0,0.0,0.0,0.0,0.071428571,0.0,0.0,0.0,0.0,0.0,0.0,0.0,0.0,0.0,0.0,0.0,0.0,0.0,0.0,0.0,0.0,0.0,0.0,0.0,0.0,0.5,0.0,0.0,0.0,0.0,0.0,0.0,0.0,0.0,0.0,0.428571429,0.0,0.0,0.0,0.0,0.0,0.0,0.0,0.0,0.0,0.0,0.0,0.0,0.0,0.0,0.0,0.0,0.0,0.0,0.0,4.46873,0.0,5.44268689,5.5071,5.98626141,-5.800000875
430,Li7Ge3PS12,0.0,0.0,0.0,0.0,0.0,0.0,0.0,0.0,0.0,0.0,0.0,0.0,0.0,0.0,0.0,0.0,0.0,0.0,0.130434783,0.0,0.0,0.0,0.0,0.0,0.0,0.304347826,0.0,0.0,0.0,0.0,0.0,0.0,0.0,0.0,0.0,0.0,0.043478261,0.0,0.0,0.52173913,0.0,0.0,0.0,0.0,0.0,0.0,0.0,0.0,0.0,0.0,0.0,0.0,0.0,0.0,0.0,2.1629,0.0,9.80192,9.80192,9.80192,-3.958607315
431,Li7La3Hf2O12,0.0,0.0,0.0,0.0,0.0,0.0,0.0,0.0,0.0,0.0,0.0,0.0,0.0,0.0,0.0,0.0,0.0,0.0,0.0,0.0,0.083333333,0.0,0.0,0.0,0.125,0.291666667,0.0,0.0,0.0,0.0,0.0,0.0,0.0,0.0,0.0,0.5,0.0,0.0,0.0,0.0,0.0,0.0,0.0,0.0,0.0,0.0,0.0,0.0,0.0,0.0,0.0,0.0,0.0,0.0,0.0,6.21107,0.0,13.1056,13.1056,12.6303,-6.00656377
432,Li7La3Ta2O13,0.0,0.0,0.0,0.0,0.0,0.0,0.0,0.0,0.0,0.0,0.0,0.0,0.0,0.0,0.0,0.0,0.0,0.0,0.0,0.0,0.0,0.0,0.0,0.0,0.12,0.28,0.0,0.0,0.0,0.0,0.0,0.0,0.0,0.0,0.0,0.52,0.0,0.0,0.0,0.0,0.0,0.0,0.0,0.0,0.0,0.0,0.0,0.08,0.0,0.0,0.0,0.0,0.0,0.0,0.0,5.30712,0.0101675,5.65888927,5.65989209,10.15752072,-5.576754126
433,Li7La3Zr2O12,0.0,0.0,0.0,0.0,0.0,0.0,0.0,0.0,0.0,0.0,0.0,0.0,0.0,0.0,0.0,0.0,0.0,0.0,0.0,0.0,0.0,0.0,0.0,0.0,0.125,0.291666667,0.0,0.0,0.0,0.0,0.0,0.0,0.0,0.0,0.0,0.5,0.0,0.0,0.0,0.0,0.0,0.0,0.0,0.0,0.0,0.0,0.0,0.0,0.0,0.0,0.0,0.0,0.0,0.0,0.083333333,5.10818,0.0,13.1279,13.1279,12.6715,-5.787812396
434,Li7La3Zr2O12,0.0,0.0,0.0,0.0,0.0,0.0,0.0,0.0,0.0,0.0,0.0,0.0,0.0,0.0,0.0,0.0,0.0,0.0,0.0,0.0,0.0,0.0,0.0,0.0,0.125,0.291666667,0.0,0.0,0.0,0.0,0.0,0.0,0.0,0.0,0.0,0.5,0.0,0.0,0.0,0.0,0.0,0.0,0.0,0.0,0.0,0.0,0.0,0.0,0.0,0.0,0.0,0.0,0.0,0.0,0.083333333,5.44453,0.0,12.9751,12.9751,12.9751,-5.705533774
435,Li7P3S11,0.0,0.0,0.0,0.0,0.0,0.0,0.0,0.0,0.0,0.0,0.0,0.0,0.0,0.0,0.0,0.0,0.0,0.0,0.0,0.0,0.0,0.0,0.0,0.0,0.0,0.333333333,0.0,0.0,0.0,0.0,0.0,0.0,0.0,0.0,0.0,0.0,0.142857143,0.0,0.0,0.523809524,0.0,0.0,0.0,0.0,0.0,0.0,0.0,0.0,0.0,0.0,0.0,0.0,0.0,0.0,0.0,1.97914,0.0834505,6.0316,12.33974205,12.5303,-2.494850022
436,Li7SbO6,0.0,0.0,0.0,0.0,0.0,0.0,0.0,0.0,0.0,0.0,0.0,0.0,0.0,0.0,0.0,0.0,0.0,0.0,0.0,0.0,0.0,0.0,0.0,0.0,0.0,0.5,0.0,0.0,0.0,0.0,0.0,0.0,0.0,0.0,0.0,0.428571429,0.0,0.0,0.0,0.0,0.071428571,0.0,0.0,0.0,0.0,0.0,0.0,0.0,0.0,0.0,0.0,0.0,0.0,0.0,0.0,3.56006,0.0,5.385,5.4307,5.8916,-7.173925197
437,Li8GeP4,0.0,0.0,0.0,0.0,0.0,0.0,0.0,0.0,0.0,0.0,0.0,0.0,0.0,0.0,0.0,0.0,0.0,0.0,0.076923077,0.0,0.0,0.0,0.0,0.0,0.0,0.615384615,0.0,0.0,0.0,0.0,0.0,0.0,0.0,0.0,0.0,0.0,0.307692308,0.0,0.0,0.0,0.0,0.0,0.0,0.0,0.0,0.0,0.0,0.0,0.0,0.0,0.0,0.0,0.0,0.0,0.0,2.0367,0.0,11.80203,11.80203,11.80203,-4.744727495
438,Li8GeP4,0.0,0.0,0.0,0.0,0.0,0.0,0.0,0.0,0.0,0.0,0.0,0.0,0.0,0.0,0.0,0.0,0.0,0.0,0.076923077,0.0,0.0,0.0,0.0,0.0,0.0,0.615384615,0.0,0.0,0.0,0.0,0.0,0.0,0.0,0.0,0.0,0.0,0.307692308,0.0,0.0,0.0,0.0,0.0,0.0,0.0,0.0,0.0,0.0,0.0,0.0,0.0,0.0,0.0,0.0,0.0,0.0,2.15926,0.0,11.7831,11.7831,11.7831,-4.065501549
439,Li8SiP4,0.0,0.0,0.0,0.0,0.0,0.0,0.0,0.0,0.0,0.0,0.0,0.0,0.0,0.0,0.0,0.0,0.0,0.0,0.0,0.0,0.0,0.0,0.0,0.0,0.0,0.615384615,0.0,0.0,0.0,0.0,0.0,0.0,0.0,0.0,0.0,0.0,0.307692308,0.0,0.0,0.0,0.0,0.0,0.0,0.076923077,0.0,0.0,0.0,0.0,0.0,0.0,0.0,0.0,0.0,0.0,0.0,1.86156,0.0,11.70737,11.70737,11.70737,-4.346787486
440,Li9.6P3S12,0.0,0.0,0.0,0.0,0.0,0.0,0.0,0.0,0.0,0.0,0.0,0.0,0.0,0.0,0.0,0.0,0.0,0.0,0.0,0.0,0.0,0.0,0.0,0.0,0.0,0.390243902,0.0,0.0,0.0,0.0,0.0,0.0,0.0,0.0,0.0,0.0,0.12195122,0.0,0.0,0.487804878,0.0,0.0,0.0,0.0,0.0,0.0,0.0,0.0,0.0,0.0,0.0,0.0,0.0,0.0,0.0,1.65618,0.134393,5.97551756,12.29320583,12.38298823,-2.801342913
441,Li9.81Sn0.81P2.19S12,0.0,0.0,0.0,0.0,0.0,0.0,0.0,0.0,0.0,0.0,0.0,0.0,0.0,0.0,0.0,0.0,0.0,0.0,0.0,0.0,0.0,0.0,0.0,0.0,0.0,0.395564516,0.0,0.0,0.0,0.0,0.0,0.0,0.0,0.0,0.0,0.0,0.088306452,0.0,0.0,0.483870968,0.0,0.0,0.0,0.0,0.0,0.03266129,0.0,0.0,0.0,0.0,0.0,0.0,0.0,0.0,0.0,2.61427,0.0,8.73764,8.73764,12.7166,-2.259637311
442,Li9Mg3(PO4)4F3,0.0,0.0,0.0,0.0,0.0,0.0,0.0,0.0,0.0,0.0,0.0,0.0,0.0,0.0,0.085714286,0.0,0.0,0.0,0.0,0.0,0.0,0.0,0.0,0.0,0.0,0.257142857,0.0,0.085714286,0.0,0.0,0.0,0.0,0.0,0.0,0.0,0.457142857,0.114285714,0.0,0.0,0.0,0.0,0.0,0.0,0.0,0.0,0.0,0.0,0.0,0.0,0.0,0.0,0.0,0.0,0.0,0.0,2.7531,0.00736624,12.6159,12.6159,5.0082,-10.0
443,Li9SiAlO8,0.0,0.052631579,0.0,0.0,0.0,0.0,0.0,0.0,0.0,0.0,0.0,0.0,0.0,0.0,0.0,0.0,0.0,0.0,0.0,0.0,0.0,0.0,0.0,0.0,0.0,0.473684211,0.0,0.0,0.0,0.0,0.0,0.0,0.0,0.0,0.0,0.421052632,0.0,0.0,0.0,0.0,0.0,0.0,0.0,0.052631579,0.0,0.0,0.0,0.0,0.0,0.0,0.0,0.0,0.0,0.0,0.0,2.10835,0.0,5.7827752,5.7827752,5.7827752,-6.638272164
444,LiAlCl4,0.0,0.166666667,0.0,0.0,0.0,0.0,0.0,0.0,0.0,0.666666667,0.0,0.0,0.0,0.0,0.0,0.0,0.0,0.0,0.0,0.0,0.0,0.0,0.0,0.0,0.0,0.166666667,0.0,0.0,0.0,0.0,0.0,0.0,0.0,0.0,0.0,0.0,0.0,0.0,0.0,0.0,0.0,0.0,0.0,0.0,0.0,0.0,0.0,0.0,0.0,0.0,0.0,0.0,0.0,0.0,0.0,1.97523,0.143558,7.004,6.503,12.996,-6.0
445,LiAlGeO4,0.0,0.142857143,0.0,0.0,0.0,0.0,0.0,0.0,0.0,0.0,0.0,0.0,0.0,0.0,0.0,0.0,0.0,0.0,0.142857143,0.0,0.0,0.0,0.0,0.0,0.0,0.142857143,0.0,0.0,0.0,0.0,0.0,0.0,0.0,0.0,0.0,0.571428571,0.0,0.0,0.0,0.0,0.0,0.0,0.0,0.0,0.0,0.0,0.0,0.0,0.0,0.0,0.0,0.0,0.0,0.0,0.0,3.37476,0.0259514,13.772,13.772,9.195,-10.0
446,LiAlH4,0.0,0.166666667,0.0,0.0,0.0,0.0,0.0,0.0,0.0,0.0,0.0,0.0,0.0,0.0,0.0,0.0,0.0,0.0,0.0,0.666666667,0.0,0.0,0.0,0.0,0.0,0.166666667,0.0,0.0,0.0,0.0,0.0,0.0,0.0,0.0,0.0,0.0,0.0,0.0,0.0,0.0,0.0,0.0,0.0,0.0,0.0,0.0,0.0,0.0,0.0,0.0,0.0,0.0,0.0,0.0,0.0,0.916087,0.206181,4.8254,7.804,7.8968,-8.060480747
447,LiAlSb(PO4)3,0.0,0.055555556,0.0,0.0,0.0,0.0,0.0,0.0,0.0,0.0,0.0,0.0,0.0,0.0,0.0,0.0,0.0,0.0,0.0,0.0,0.0,0.0,0.0,0.0,0.0,0.055555556,0.0,0.0,0.0,0.0,0.0,0.0,0.0,0.0,0.0,0.666666667,0.166666667,0.0,0.0,0.0,0.055555556,0.0,0.0,0.0,0.0,0.0,0.0,0.0,0.0,0.0,0.0,0.0,0.0,0.0,0.0,2.99877,0.0770983,6.56418134,6.12084448,6.54321271,-7.498940738
448,LiAlSi2O6,0.0,0.1,0.0,0.0,0.0,0.0,0.0,0.0,0.0,0.0,0.0,0.0,0.0,0.0,0.0,0.0,0.0,0.0,0.0,0.0,0.0,0.0,0.0,0.0,0.0,0.1,0.0,0.0,0.0,0.0,0.0,0.0,0.0,0.0,0.0,0.6,0.0,0.0,0.0,0.0,0.0,0.0,0.0,0.2,0.0,0.0,0.0,0.0,0.0,0.0,0.0,0.0,0.0,0.0,0.0,1.97705,0.14552,5.061637719,7.736268735,8.745300938,-8.457685004
449,LiAlTa(PO4)3,0.0,0.055555556,0.0,0.0,0.0,0.0,0.0,0.0,0.0,0.0,0.0,0.0,0.0,0.0,0.0,0.0,0.0,0.0,0.0,0.0,0.0,0.0,0.0,0.0,0.0,0.055555556,0.0,0.0,0.0,0.0,0.0,0.0,0.0,0.0,0.0,0.666666667,0.166666667,0.0,0.0,0.0,0.0,0.0,0.0,0.0,0.0,0.0,0.0,0.055555556,0.0,0.0,0.0,0.0,0.0,0.0,0.0,3.18515,0.0824891,4.70837682,6.99244046,8.32380914,-6.187086643
450,LiB6O9F,0.0,0.0,0.352941176,0.0,0.0,0.0,0.0,0.0,0.0,0.0,0.0,0.0,0.0,0.0,0.058823529,0.0,0.0,0.0,0.0,0.0,0.0,0.0,0.0,0.0,0.0,0.058823529,0.0,0.0,0.0,0.0,0.0,0.0,0.0,0.0,0.0,0.529411765,0.0,0.0,0.0,0.0,0.0,0.0,0.0,0.0,0.0,0.0,0.0,0.0,0.0,0.0,0.0,0.0,0.0,0.0,0.0,2.21306,0.0445988,7.65545,8.53175,10.7894,-10.0
451,LiBa2Ti2NbO9,0.0,0.0,0.0,0.133333333,0.0,0.0,0.0,0.0,0.0,0.0,0.0,0.0,0.0,0.0,0.0,0.0,0.0,0.0,0.0,0.0,0.0,0.0,0.0,0.0,0.0,0.066666667,0.0,0.0,0.0,0.0,0.0,0.0,0.066666667,0.0,0.0,0.6,0.0,0.0,0.0,0.0,0.0,0.0,0.0,0.0,0.0,0.0,0.0,0.0,0.0,0.133333333,0.0,0.0,0.0,0.0,0.0,3.70894,0.0587229,10.70492024,5.44636293,5.44636293,-7.0
452,LiBH4,0.0,0.0,0.166666667,0.0,0.0,0.0,0.0,0.0,0.0,0.0,0.0,0.0,0.0,0.0,0.0,0.0,0.0,0.0,0.0,0.666666667,0.0,0.0,0.0,0.0,0.0,0.166666667,0.0,0.0,0.0,0.0,0.0,0.0,0.0,0.0,0.0,0.0,0.0,0.0,0.0,0.0,0.0,0.0,0.0,0.0,0.0,0.0,0.0,0.0,0.0,0.0,0.0,0.0,0.0,0.0,0.0,0.694401,0.288248,7.050878759,4.40049829,6.715695959,-7.004803708
453,LiBiO2,0.0,0.0,0.0,0.0,0.25,0.0,0.0,0.0,0.0,0.0,0.0,0.0,0.0,0.0,0.0,0.0,0.0,0.0,0.0,0.0,0.0,0.0,0.0,0.0,0.0,0.25,0.0,0.0,0.0,0.0,0.0,0.0,0.0,0.0,0.0,0.5,0.0,0.0,0.0,0.0,0.0,0.0,0.0,0.0,0.0,0.0,0.0,0.0,0.0,0.0,0.0,0.0,0.0,0.0,0.0,7.01187,0.0114349,5.208,18.041,4.999,-7.420216403
454,LiBO2,0.0,0.0,0.25,0.0,0.0,0.0,0.0,0.0,0.0,0.0,0.0,0.0,0.0,0.0,0.0,0.0,0.0,0.0,0.0,0.0,0.0,0.0,0.0,0.0,0.0,0.25,0.0,0.0,0.0,0.0,0.0,0.0,0.0,0.0,0.0,0.5,0.0,0.0,0.0,0.0,0.0,0.0,0.0,0.0,0.0,0.0,0.0,0.0,0.0,0.0,0.0,0.0,0.0,0.0,0.0,2.22199,0.0,5.845,4.353,6.454,-8.0
455,LiCaTiNbO6,0.0,0.0,0.0,0.0,0.0,0.0,0.0,0.1,0.0,0.0,0.0,0.0,0.0,0.0,0.0,0.0,0.0,0.0,0.0,0.0,0.0,0.0,0.0,0.0,0.0,0.1,0.0,0.0,0.0,0.0,0.0,0.0,0.1,0.0,0.0,0.6,0.0,0.0,0.0,0.0,0.0,0.0,0.0,0.0,0.0,0.0,0.0,0.0,0.0,0.1,0.0,0.0,0.0,0.0,0.0,3.82723,0.0117422,3.97659061,5.55659319,5.57264401,-6.216929275
456,LiCe(BH4)3Cl,0.0,0.0,0.166666667,0.0,0.0,0.0,0.0,0.0,0.055555556,0.055555556,0.0,0.0,0.0,0.0,0.0,0.0,0.0,0.0,0.0,0.666666667,0.0,0.0,0.0,0.0,0.0,0.055555556,0.0,0.0,0.0,0.0,0.0,0.0,0.0,0.0,0.0,0.0,0.0,0.0,0.0,0.0,0.0,0.0,0.0,0.0,0.0,0.0,0.0,0.0,0.0,0.0,0.0,0.0,0.0,0.0,0.0,1.90195,0.115334,11.72041,11.72041,11.72041,-3.987162775
457,LiClC3H7NO,0.0,0.0,0.0,0.0,0.0,0.0,0.214285714,0.0,0.0,0.071428571,0.0,0.0,0.0,0.0,0.0,0.0,0.0,0.0,0.0,0.5,0.0,0.0,0.0,0.0,0.0,0.071428571,0.0,0.0,0.0,0.0,0.071428571,0.0,0.0,0.0,0.0,0.071428571,0.0,0.0,0.0,0.0,0.0,0.0,0.0,0.0,0.0,0.0,0.0,0.0,0.0,0.0,0.0,0.0,0.0,0.0,0.0,1.30354,0.24679,5.839,6.39,15.961,-3.795880017
458,LiCrSb(PO4)3,0.0,0.0,0.0,0.0,0.0,0.0,0.0,0.0,0.0,0.0,0.0,0.055555556,0.0,0.0,0.0,0.0,0.0,0.0,0.0,0.0,0.0,0.0,0.0,0.0,0.0,0.055555556,0.0,0.0,0.0,0.0,0.0,0.0,0.0,0.0,0.0,0.666666667,0.166666667,0.0,0.0,0.0,0.055555556,0.0,0.0,0.0,0.0,0.0,0.0,0.0,0.0,0.0,0.0,0.0,0.0,0.0,0.0,2.99395,0.084183,5.90474934,6.13923039,7.15067828,-9.447331784
459,LiF,0.0,0.0,0.0,0.0,0.0,0.0,0.0,0.0,0.0,0.0,0.0,0.0,0.0,0.0,0.5,0.0,0.0,0.0,0.0,0.0,0.0,0.0,0.0,0.0,0.0,0.5,0.0,0.0,0.0,0.0,0.0,0.0,0.0,0.0,0.0,0.0,0.0,0.0,0.0,0.0,0.0,0.0,0.0,0.0,0.0,0.0,0.0,0.0,0.0,0.0,0.0,0.0,0.0,0.0,0.0,2.51291,0.0,4.092874214,4.092874214,4.092874214,-13.92960042
460,LiFePO4,0.0,0.0,0.0,0.0,0.0,0.0,0.0,0.0,0.0,0.0,0.0,0.0,0.0,0.0,0.0,0.142857143,0.0,0.0,0.0,0.0,0.0,0.0,0.0,0.0,0.0,0.142857143,0.0,0.0,0.0,0.0,0.0,0.0,0.0,0.0,0.0,0.571428571,0.142857143,0.0,0.0,0.0,0.0,0.0,0.0,0.0,0.0,0.0,0.0,0.0,0.0,0.0,0.0,0.0,0.0,0.0,0.0,3.5096,0.0107761,10.40217739,6.067571725,4.73039732,-8.958607315
461,LiFeSb(PO4)3,0.0,0.0,0.0,0.0,0.0,0.0,0.0,0.0,0.0,0.0,0.0,0.0,0.0,0.0,0.0,0.055555556,0.0,0.0,0.0,0.0,0.0,0.0,0.0,0.0,0.0,0.055555556,0.0,0.0,0.0,0.0,0.0,0.0,0.0,0.0,0.0,0.666666667,0.166666667,0.0,0.0,0.0,0.055555556,0.0,0.0,0.0,0.0,0.0,0.0,0.0,0.0,0.0,0.0,0.0,0.0,0.0,0.0,3.33106,0.0611878,8.19511543,5.48321243,5.48321243,-5.863279433
462,LiGa0.5Al0.5GeO4,0.0,0.071428571,0.0,0.0,0.0,0.0,0.0,0.0,0.0,0.0,0.0,0.0,0.0,0.0,0.0,0.0,0.071428571,0.0,0.142857143,0.0,0.0,0.0,0.0,0.0,0.0,0.142857143,0.0,0.0,0.0,0.0,0.0,0.0,0.0,0.0,0.0,0.571428571,0.0,0.0,0.0,0.0,0.0,0.0,0.0,0.0,0.0,0.0,0.0,0.0,0.0,0.0,0.0,0.0,0.0,0.0,0.0,3.30639,0.0266696,13.867,13.867,9.257,-10.0
463,LiGaBr4,0.0,0.0,0.0,0.0,0.0,0.666666667,0.0,0.0,0.0,0.0,0.0,0.0,0.0,0.0,0.0,0.0,0.166666667,0.0,0.0,0.0,0.0,0.0,0.0,0.0,0.0,0.166666667,0.0,0.0,0.0,0.0,0.0,0.0,0.0,0.0,0.0,0.0,0.0,0.0,0.0,0.0,0.0,0.0,0.0,0.0,0.0,0.0,0.0,0.0,0.0,0.0,0.0,0.0,0.0,0.0,0.0,3.78666,0.0697713,7.416,6.854,13.696,-5.15490196
464,LiGaGeO4,0.0,0.0,0.0,0.0,0.0,0.0,0.0,0.0,0.0,0.0,0.0,0.0,0.0,0.0,0.0,0.0,0.142857143,0.0,0.142857143,0.0,0.0,0.0,0.0,0.0,0.0,0.142857143,0.0,0.0,0.0,0.0,0.0,0.0,0.0,0.0,0.0,0.571428571,0.0,0.0,0.0,0.0,0.0,0.0,0.0,0.0,0.0,0.0,0.0,0.0,0.0,0.0,0.0,0.0,0.0,0.0,0.0,4.0164,0.0318544,13.941,13.941,9.302,-10.0
465,LiGaO2,0.0,0.0,0.0,0.0,0.0,0.0,0.0,0.0,0.0,0.0,0.0,0.0,0.0,0.0,0.0,0.0,0.25,0.0,0.0,0.0,0.0,0.0,0.0,0.0,0.0,0.25,0.0,0.0,0.0,0.0,0.0,0.0,0.0,0.0,0.0,0.5,0.0,0.0,0.0,0.0,0.0,0.0,0.0,0.0,0.0,0.0,0.0,0.0,0.0,0.0,0.0,0.0,0.0,0.0,0.0,4.18773,0.0,5.402,6.372,5.007,-13.61978876
466,LiGaSiO4,0.0,0.0,0.0,0.0,0.0,0.0,0.0,0.0,0.0,0.0,0.0,0.0,0.0,0.0,0.0,0.0,0.142857143,0.0,0.0,0.0,0.0,0.0,0.0,0.0,0.0,0.142857143,0.0,0.0,0.0,0.0,0.0,0.0,0.0,0.0,0.0,0.571428571,0.0,0.0,0.0,0.0,0.0,0.0,0.0,0.142857143,0.0,0.0,0.0,0.0,0.0,0.0,0.0,0.0,0.0,0.0,0.0,3.3011,0.0300748,13.84059805,13.84059805,9.209931046,-10.9652893
467,LiGd(PO3)4,0.0,0.0,0.0,0.0,0.0,0.0,0.0,0.0,0.0,0.0,0.0,0.0,0.0,0.0,0.0,0.0,0.0,0.055555556,0.0,0.0,0.0,0.0,0.0,0.0,0.0,0.055555556,0.0,0.0,0.0,0.0,0.0,0.0,0.0,0.0,0.0,0.666666667,0.222222222,0.0,0.0,0.0,0.0,0.0,0.0,0.0,0.0,0.0,0.0,0.0,0.0,0.0,0.0,0.0,0.0,0.0,0.0,3.52668,0.0445745,16.386,7.059,9.677,-10.0
468,LiGe2(PO4)3,0.0,0.0,0.0,0.0,0.0,0.0,0.0,0.0,0.0,0.0,0.0,0.0,0.0,0.0,0.0,0.0,0.0,0.0,0.111111111,0.0,0.0,0.0,0.0,0.0,0.0,0.055555556,0.0,0.0,0.0,0.0,0.0,0.0,0.0,0.0,0.0,0.666666667,0.166666667,0.0,0.0,0.0,0.0,0.0,0.0,0.0,0.0,0.0,0.0,0.0,0.0,0.0,0.0,0.0,0.0,0.0,0.0,3.5873,0.0456722,8.275,8.275,20.47,-6.477555766
469,LiGe2(PO4)3,0.0,0.0,0.0,0.0,0.0,0.0,0.0,0.0,0.0,0.0,0.0,0.0,0.0,0.0,0.0,0.0,0.0,0.0,0.111111111,0.0,0.0,0.0,0.0,0.0,0.0,0.055555556,0.0,0.0,0.0,0.0,0.0,0.0,0.0,0.0,0.0,0.666666667,0.166666667,0.0,0.0,0.0,0.0,0.0,0.0,0.0,0.0,0.0,0.0,0.0,0.0,0.0,0.0,0.0,0.0,0.0,0.0,3.59197,0.0459859,8.27059,8.27059,20.4652,-8.316052869
470,LiHf2(PO4)3,0.0,0.0,0.0,0.0,0.0,0.0,0.0,0.0,0.0,0.0,0.0,0.0,0.0,0.0,0.0,0.0,0.0,0.0,0.0,0.0,0.111111111,0.0,0.0,0.0,0.0,0.055555556,0.0,0.0,0.0,0.0,0.0,0.0,0.0,0.0,0.0,0.666666667,0.166666667,0.0,0.0,0.0,0.0,0.0,0.0,0.0,0.0,0.0,0.0,0.0,0.0,0.0,0.0,0.0,0.0,0.0,0.0,4.47478,0.0450435,5.12468861,5.65228942,8.31551342,-5.420216403
471,LiHfTi(PO4)3,0.0,0.0,0.0,0.0,0.0,0.0,0.0,0.0,0.0,0.0,0.0,0.0,0.0,0.0,0.0,0.0,0.0,0.0,0.0,0.0,0.055555556,0.0,0.0,0.0,0.0,0.055555556,0.0,0.0,0.0,0.0,0.0,0.0,0.0,0.0,0.0,0.666666667,0.166666667,0.0,0.0,0.0,0.0,0.0,0.0,0.0,0.0,0.0,0.0,0.0,0.0,0.055555556,0.0,0.0,0.0,0.0,0.0,3.39473,0.0692662,5.03064487,8.70578014,6.03439575,-6.249491605
472,LiI,0.0,0.0,0.0,0.0,0.0,0.0,0.0,0.0,0.0,0.0,0.0,0.0,0.0,0.0,0.0,0.0,0.0,0.0,0.0,0.0,0.0,0.5,0.0,0.0,0.0,0.5,0.0,0.0,0.0,0.0,0.0,0.0,0.0,0.0,0.0,0.0,0.0,0.0,0.0,0.0,0.0,0.0,0.0,0.0,0.0,0.0,0.0,0.0,0.0,0.0,0.0,0.0,0.0,0.0,0.0,4.12102,0.030837,4.225293448,4.225293448,6.976406772,-7.552841969
473,LiLa(TiO3)2,0.0,0.0,0.0,0.0,0.0,0.0,0.0,0.0,0.0,0.0,0.0,0.0,0.0,0.0,0.0,0.0,0.0,0.0,0.0,0.0,0.0,0.0,0.0,0.0,0.1,0.1,0.0,0.0,0.0,0.0,0.0,0.0,0.0,0.0,0.0,0.6,0.0,0.0,0.0,0.0,0.0,0.0,0.0,0.0,0.0,0.0,0.0,0.0,0.0,0.2,0.0,0.0,0.0,0.0,0.0,4.71235,0.0,5.537615814,5.545140465,7.747770717,-3.0
474,LiLaNb2O7,0.0,0.0,0.0,0.0,0.0,0.0,0.0,0.0,0.0,0.0,0.0,0.0,0.0,0.0,0.0,0.0,0.0,0.0,0.0,0.0,0.0,0.0,0.0,0.0,0.090909091,0.090909091,0.0,0.0,0.0,0.0,0.0,0.0,0.181818182,0.0,0.0,0.636363636,0.0,0.0,0.0,0.0,0.0,0.0,0.0,0.0,0.0,0.0,0.0,0.0,0.0,0.0,0.0,0.0,0.0,0.0,0.0,4.88285,0.0161791,3.8798,3.8798,20.3597,-8.0
475,LiMgPO4,0.0,0.0,0.0,0.0,0.0,0.0,0.0,0.0,0.0,0.0,0.0,0.0,0.0,0.0,0.0,0.0,0.0,0.0,0.0,0.0,0.0,0.0,0.0,0.0,0.0,0.142857143,0.0,0.142857143,0.0,0.0,0.0,0.0,0.0,0.0,0.0,0.571428571,0.142857143,0.0,0.0,0.0,0.0,0.0,0.0,0.0,0.0,0.0,0.0,0.0,0.0,0.0,0.0,0.0,0.0,0.0,0.0,2.88815,0.0186347,10.25492502,5.972355609,4.739417549,-11.19997064
476,LiP0.9I0.1O2.7,0.0,0.0,0.0,0.0,0.0,0.0,0.0,0.0,0.0,0.0,0.0,0.0,0.0,0.0,0.0,0.0,0.0,0.0,0.0,0.0,0.0,0.021276596,0.0,0.0,0.0,0.212765957,0.0,0.0,0.0,0.0,0.0,0.0,0.0,0.0,0.0,0.574468085,0.191489362,0.0,0.0,0.0,0.0,0.0,0.0,0.0,0.0,0.0,0.0,0.0,0.0,0.0,0.0,0.0,0.0,0.0,0.0,2.04424,0.142772,11.14321274,8.81072372,7.84629022,-3.400116928
477,LiSbO2,0.0,0.0,0.0,0.0,0.0,0.0,0.0,0.0,0.0,0.0,0.0,0.0,0.0,0.0,0.0,0.0,0.0,0.0,0.0,0.0,0.0,0.0,0.0,0.0,0.0,0.25,0.0,0.0,0.0,0.0,0.0,0.0,0.0,0.0,0.0,0.5,0.0,0.0,0.0,0.0,0.25,0.0,0.0,0.0,0.0,0.0,0.0,0.0,0.0,0.0,0.0,0.0,0.0,0.0,0.0,4.41516,0.0231203,4.855,17.857,5.5771,-10.0
478,LiScO2,0.0,0.0,0.0,0.0,0.0,0.0,0.0,0.0,0.0,0.0,0.0,0.0,0.0,0.0,0.0,0.0,0.0,0.0,0.0,0.0,0.0,0.0,0.0,0.0,0.0,0.25,0.0,0.0,0.0,0.0,0.0,0.0,0.0,0.0,0.0,0.5,0.0,0.0,0.0,0.0,0.0,0.25,0.0,0.0,0.0,0.0,0.0,0.0,0.0,0.0,0.0,0.0,0.0,0.0,0.0,3.40845,0.0,4.1791,4.1791,9.361,-10.0
479,LiSi2N3,0.0,0.0,0.0,0.0,0.0,0.0,0.0,0.0,0.0,0.0,0.0,0.0,0.0,0.0,0.0,0.0,0.0,0.0,0.0,0.0,0.0,0.0,0.0,0.0,0.0,0.166666667,0.0,0.0,0.0,0.0,0.5,0.0,0.0,0.0,0.0,0.0,0.0,0.0,0.0,0.0,0.0,0.0,0.0,0.333333333,0.0,0.0,0.0,0.0,0.0,0.0,0.0,0.0,0.0,0.0,0.0,3.00208,0.0,9.186,5.302,4.776,-7.209714836
480,LiSn2(PO4)3,0.0,0.0,0.0,0.0,0.0,0.0,0.0,0.0,0.0,0.0,0.0,0.0,0.0,0.0,0.0,0.0,0.0,0.0,0.0,0.0,0.0,0.0,0.0,0.0,0.0,0.055555556,0.0,0.0,0.0,0.0,0.0,0.0,0.0,0.0,0.0,0.666666667,0.166666667,0.0,0.0,0.0,0.0,0.0,0.0,0.0,0.0,0.111111111,0.0,0.0,0.0,0.0,0.0,0.0,0.0,0.0,0.0,3.60324,0.0572097,8.577999456,8.605774906,9.048075673,-8.698970004
481,LiSr0.9Nb2O6F0.8,0.0,0.0,0.0,0.0,0.0,0.0,0.0,0.0,0.0,0.0,0.0,0.0,0.0,0.0,0.074766355,0.0,0.0,0.0,0.0,0.0,0.0,0.0,0.0,0.0,0.0,0.093457944,0.0,0.0,0.0,0.0,0.0,0.0,0.186915888,0.0,0.0,0.560747664,0.0,0.0,0.0,0.0,0.0,0.0,0.0,0.0,0.0,0.0,0.08411215,0.0,0.0,0.0,0.0,0.0,0.0,0.0,0.0,4.23199,0.0417014,10.4909,10.4909,10.4909,-10.0
482,LiSr0.9Ta2O6F0.8,0.0,0.0,0.0,0.0,0.0,0.0,0.0,0.0,0.0,0.0,0.0,0.0,0.0,0.0,0.074766355,0.0,0.0,0.0,0.0,0.0,0.0,0.0,0.0,0.0,0.0,0.093457944,0.0,0.0,0.0,0.0,0.0,0.0,0.0,0.0,0.0,0.560747664,0.0,0.0,0.0,0.0,0.0,0.0,0.0,0.0,0.0,0.0,0.08411215,0.186915888,0.0,0.0,0.0,0.0,0.0,0.0,0.0,5.27838,0.0327221,10.4687,10.4687,10.4687,-10.0
483,LiSr2Ti2NbO9,0.0,0.0,0.0,0.0,0.0,0.0,0.0,0.0,0.0,0.0,0.0,0.0,0.0,0.0,0.0,0.0,0.0,0.0,0.0,0.0,0.0,0.0,0.0,0.0,0.0,0.066666667,0.0,0.0,0.0,0.0,0.0,0.0,0.066666667,0.0,0.0,0.6,0.0,0.0,0.0,0.0,0.0,0.0,0.0,0.0,0.0,0.0,0.133333333,0.0,0.0,0.133333333,0.0,0.0,0.0,0.0,0.0,3.72086,0.0407218,8.18071514,3.96406866,8.18071514,-6.0
484,LiSr2Ti2TaO9,0.0,0.0,0.0,0.0,0.0,0.0,0.0,0.0,0.0,0.0,0.0,0.0,0.0,0.0,0.0,0.0,0.0,0.0,0.0,0.0,0.0,0.0,0.0,0.0,0.0,0.066666667,0.0,0.0,0.0,0.0,0.0,0.0,0.0,0.0,0.0,0.6,0.0,0.0,0.0,0.0,0.0,0.0,0.0,0.0,0.0,0.0,0.133333333,0.066666667,0.0,0.133333333,0.0,0.0,0.0,0.0,0.0,4.35346,0.0327923,6.17497148,6.42725631,6.44127213,-4.494850022
485,LiSrNb2O6F,0.0,0.0,0.0,0.0,0.0,0.0,0.0,0.0,0.0,0.0,0.0,0.0,0.0,0.0,0.090909091,0.0,0.0,0.0,0.0,0.0,0.0,0.0,0.0,0.0,0.0,0.090909091,0.0,0.0,0.0,0.0,0.0,0.0,0.181818182,0.0,0.0,0.545454545,0.0,0.0,0.0,0.0,0.0,0.0,0.0,0.0,0.0,0.0,0.090909091,0.0,0.0,0.0,0.0,0.0,0.0,0.0,0.0,3.63011,0.0236962,10.48171,10.48171,10.48171,-10.0
486,LiSrTa2O6F,0.0,0.0,0.0,0.0,0.0,0.0,0.0,0.0,0.0,0.0,0.0,0.0,0.0,0.0,0.090909091,0.0,0.0,0.0,0.0,0.0,0.0,0.0,0.0,0.0,0.0,0.090909091,0.0,0.0,0.0,0.0,0.0,0.0,0.0,0.0,0.0,0.545454545,0.0,0.0,0.0,0.0,0.0,0.0,0.0,0.0,0.0,0.0,0.090909091,0.181818182,0.0,0.0,0.0,0.0,0.0,0.0,0.0,6.80312,0.0,10.46401,10.46401,10.46401,-10.0
487,LiSrTiNbO6,0.0,0.0,0.0,0.0,0.0,0.0,0.0,0.0,0.0,0.0,0.0,0.0,0.0,0.0,0.0,0.0,0.0,0.0,0.0,0.0,0.0,0.0,0.0,0.0,0.0,0.1,0.0,0.0,0.0,0.0,0.0,0.0,0.1,0.0,0.0,0.6,0.0,0.0,0.0,0.0,0.0,0.0,0.0,0.0,0.0,0.0,0.1,0.0,0.0,0.1,0.0,0.0,0.0,0.0,0.0,3.40941,0.059588,5.96534545,5.96534545,5.96534545,-6.0
488,LiSrTiTaO6,0.0,0.0,0.0,0.0,0.0,0.0,0.0,0.0,0.0,0.0,0.0,0.0,0.0,0.0,0.0,0.0,0.0,0.0,0.0,0.0,0.0,0.0,0.0,0.0,0.0,0.1,0.0,0.0,0.0,0.0,0.0,0.0,0.0,0.0,0.0,0.6,0.0,0.0,0.0,0.0,0.0,0.0,0.0,0.0,0.0,0.0,0.1,0.1,0.0,0.1,0.0,0.0,0.0,0.0,0.0,4.81264,0.0224617,5.26655724,5.26456874,5.21883311,-3.259637311
489,LiTa2PO8,0.0,0.0,0.0,0.0,0.0,0.0,0.0,0.0,0.0,0.0,0.0,0.0,0.0,0.0,0.0,0.0,0.0,0.0,0.0,0.0,0.0,0.0,0.0,0.0,0.0,0.083333333,0.0,0.0,0.0,0.0,0.0,0.0,0.0,0.0,0.0,0.666666667,0.083333333,0.0,0.0,0.0,0.0,0.0,0.0,0.0,0.0,0.0,0.0,0.166666667,0.0,0.0,0.0,0.0,0.0,0.0,0.0,5.96374,0.0171067,9.715454,11.5358,10.69708,-2.795880017
490,LiTi0.5Zr1.5(PO4)3,0.0,0.0,0.0,0.0,0.0,0.0,0.0,0.0,0.0,0.0,0.0,0.0,0.0,0.0,0.0,0.0,0.0,0.0,0.0,0.0,0.0,0.0,0.0,0.0,0.0,0.055555556,0.0,0.0,0.0,0.0,0.0,0.0,0.0,0.0,0.0,0.666666667,0.166666667,0.0,0.0,0.0,0.0,0.0,0.0,0.0,0.0,0.0,0.0,0.0,0.0,0.027777778,0.0,0.0,0.0,0.0,0.083333333,2.63915,0.116924,10.1531743,7.39094266,7.84473786,-7.207608311
491,LiTi2(PO4)3,0.0,0.0,0.0,0.0,0.0,0.0,0.0,0.0,0.0,0.0,0.0,0.0,0.0,0.0,0.0,0.0,0.0,0.0,0.0,0.0,0.0,0.0,0.0,0.0,0.0,0.055555556,0.0,0.0,0.0,0.0,0.0,0.0,0.0,0.0,0.0,0.666666667,0.166666667,0.0,0.0,0.0,0.0,0.0,0.0,0.0,0.0,0.0,0.0,0.0,0.0,0.111111111,0.0,0.0,0.0,0.0,0.0,3.26977,0.0136462,8.5112,8.5112,20.8479,-3.793174124
492,LiTi2(PO4)3,0.0,0.0,0.0,0.0,0.0,0.0,0.0,0.0,0.0,0.0,0.0,0.0,0.0,0.0,0.0,0.0,0.0,0.0,0.0,0.0,0.0,0.0,0.0,0.0,0.0,0.055555556,0.0,0.0,0.0,0.0,0.0,0.0,0.0,0.0,0.0,0.666666667,0.166666667,0.0,0.0,0.0,0.0,0.0,0.0,0.0,0.0,0.0,0.0,0.0,0.0,0.111111111,0.0,0.0,0.0,0.0,0.0,3.26977,0.0165394,8.5112,8.5112,20.8479,-6.416801226
493,LiTi2(PO4)3,0.0,0.0,0.0,0.0,0.0,0.0,0.0,0.0,0.0,0.0,0.0,0.0,0.0,0.0,0.0,0.0,0.0,0.0,0.0,0.0,0.0,0.0,0.0,0.0,0.0,0.055555556,0.0,0.0,0.0,0.0,0.0,0.0,0.0,0.0,0.0,0.666666667,0.166666667,0.0,0.0,0.0,0.0,0.0,0.0,0.0,0.0,0.0,0.0,0.0,0.0,0.111111111,0.0,0.0,0.0,0.0,0.0,2.94805,0.0624819,8.5145,8.5145,20.8633,-4.142667504
494,LiTiZr(PO4)3,0.0,0.0,0.0,0.0,0.0,0.0,0.0,0.0,0.0,0.0,0.0,0.0,0.0,0.0,0.0,0.0,0.0,0.0,0.0,0.0,0.0,0.0,0.0,0.0,0.0,0.055555556,0.0,0.0,0.0,0.0,0.0,0.0,0.0,0.0,0.0,0.666666667,0.166666667,0.0,0.0,0.0,0.0,0.0,0.0,0.0,0.0,0.0,0.0,0.0,0.0,0.055555556,0.0,0.0,0.0,0.0,0.055555556,2.53067,0.118395,6.03681414,6.11401638,7.84555234,-7.397940009
495,LiV(PO4)F,0.0,0.0,0.0,0.0,0.0,0.0,0.0,0.0,0.0,0.0,0.0,0.0,0.0,0.0,0.125,0.0,0.0,0.0,0.0,0.0,0.0,0.0,0.0,0.0,0.0,0.125,0.0,0.0,0.0,0.0,0.0,0.0,0.0,0.0,0.0,0.5,0.125,0.0,0.0,0.0,0.0,0.0,0.0,0.0,0.0,0.0,0.0,0.0,0.0,0.0,0.125,0.0,0.0,0.0,0.0,3.40055,0.0188558,5.1744,5.3115,7.2617,-6.091514981
496,LiVO3,0.0,0.0,0.0,0.0,0.0,0.0,0.0,0.0,0.0,0.0,0.0,0.0,0.0,0.0,0.0,0.0,0.0,0.0,0.0,0.0,0.0,0.0,0.0,0.0,0.0,0.2,0.0,0.0,0.0,0.0,0.0,0.0,0.0,0.0,0.0,0.6,0.0,0.0,0.0,0.0,0.0,0.0,0.0,0.0,0.0,0.0,0.0,0.0,0.0,0.0,0.2,0.0,0.0,0.0,0.0,2.98486,0.0178568,10.1597,8.4155,5.8843,-8.688246139
497,LiYO2,0.0,0.0,0.0,0.0,0.0,0.0,0.0,0.0,0.0,0.0,0.0,0.0,0.0,0.0,0.0,0.0,0.0,0.0,0.0,0.0,0.0,0.0,0.0,0.0,0.0,0.25,0.0,0.0,0.0,0.0,0.0,0.0,0.0,0.0,0.0,0.5,0.0,0.0,0.0,0.0,0.0,0.0,0.0,0.0,0.0,0.0,0.0,0.0,0.0,0.0,0.0,0.0,0.25,0.0,0.0,4.12244,0.0,6.12,6.185,6.21,-7.744727495
498,LiZnPS4,0.0,0.0,0.0,0.0,0.0,0.0,0.0,0.0,0.0,0.0,0.0,0.0,0.0,0.0,0.0,0.0,0.0,0.0,0.0,0.0,0.0,0.0,0.0,0.0,0.0,0.142857143,0.0,0.0,0.0,0.0,0.0,0.0,0.0,0.0,0.0,0.0,0.142857143,0.0,0.0,0.571428571,0.0,0.0,0.0,0.0,0.0,0.0,0.0,0.0,0.0,0.0,0.0,0.0,0.0,0.142857143,0.0,2.62039,0.0886281,5.738,5.738,8.914,-7.26760624
499,LiZr2(PO4)3,0.0,0.0,0.0,0.0,0.0,0.0,0.0,0.0,0.0,0.0,0.0,0.0,0.0,0.0,0.0,0.0,0.0,0.0,0.0,0.0,0.0,0.0,0.0,0.0,0.0,0.055555556,0.0,0.0,0.0,0.0,0.0,0.0,0.0,0.0,0.0,0.666666667,0.166666667,0.0,0.0,0.0,0.0,0.0,0.0,0.0,0.0,0.0,0.0,0.0,0.0,0.0,0.0,0.0,0.0,0.0,0.111111111,3.13469,0.0739211,8.847,8.847,22.24,-9.0
500,Nd0.25Li0.25TaO3,0.0,0.0,0.0,0.0,0.0,0.0,0.0,0.0,0.0,0.0,0.0,0.0,0.0,0.0,0.0,0.0,0.0,0.0,0.0,0.0,0.0,0.0,0.0,0.0,0.0,0.055555556,0.0,0.0,0.0,0.0,0.0,0.0,0.0,0.055555556,0.0,0.666666667,0.0,0.0,0.0,0.0,0.0,0.0,0.0,0.0,0.0,0.0,0.0,0.222222222,0.0,0.0,0.0,0.0,0.0,0.0,0.0,7.42514,0.012428,7.09917288,7.09917288,4.79711682,-5.718966633
501,Nd3Zr2Al0.5Li5.5O12,0.0,0.02173913,0.0,0.0,0.0,0.0,0.0,0.0,0.0,0.0,0.0,0.0,0.0,0.0,0.0,0.0,0.0,0.0,0.0,0.0,0.0,0.0,0.0,0.0,0.0,0.239130435,0.0,0.0,0.0,0.0,0.0,0.0,0.0,0.130434783,0.0,0.52173913,0.0,0.0,0.0,0.0,0.0,0.0,0.0,0.0,0.0,0.0,0.0,0.0,0.0,0.0,0.0,0.0,0.0,0.0,0.086956522,5.75108,0.0,12.8158,12.8158,12.8158,-4.408935393
502,Pb6.12Ca1.9Li1.96(PO4)6,0.0,0.0,0.0,0.0,0.0,0.0,0.0,0.0475,0.0,0.0,0.0,0.0,0.0,0.0,0.0,0.0,0.0,0.0,0.0,0.0,0.0,0.0,0.0,0.0,0.0,0.049,0.0,0.0,0.0,0.0,0.0,0.0,0.0,0.0,0.0,0.6,0.15,0.153,0.0,0.0,0.0,0.0,0.0,0.0,0.0,0.0,0.0,0.0,0.0,0.0,0.0,0.0,0.0,0.0,0.0,7.60165,0.0129525,9.679,9.679,7.113,-10.0
