# Fix print output for fix thermo_output
300600 299.336025166641 -26.774752620426 370728.339286517 16729.0545888637 387457.393875381 326180.950494501 68.8366190109035 68.8366190109035 68.8366190109035
300700 299.67001070799 -273.640939169355 370555.863949972 16747.7201081576 387303.584058129 325829.766157552 68.8119057105405 68.8119057105405 68.8119057105405
300800 297.865723120101 87.2616823800665 370555.786419909 16646.8835131136 387202.669933022 325907.632111688 68.8173867709849 68.8173867709849 68.8173867709849
300900 299.364565192279 790.553555974992 370686.715936029 16730.6496112022 387417.365547231 326150.963281067 68.8345094644038 68.8345094644038 68.8345094644038
301000 300.690871855323 254.764154455961 370791.633923988 16804.7731870574 387596.407111045 326447.732626286 68.8553809644471 68.8553809644471 68.8553809644471
301100 300.288985510284 -150.401332963546 370871.74606781 16782.3128814496 387654.05894926 327031.736526144 68.8964164826521 68.8964164826521 68.8964164826521
301200 300.036664758158 255.65963005946 370848.53879555 16768.2113791868 387616.750174737 326947.155148635 68.8904763290259 68.8904763290259 68.8904763290259
301300 297.991394362876 -674.126450067749 370787.595096582 16653.9069279514 387441.502024533 326831.458805601 68.8823493107439 68.8823493107439 68.8823493107439
301400 299.353825444888 -272.319128658516 370642.874355236 16730.0493967099 387372.923751946 326568.865093083 68.8638964580441 68.8638964580441 68.8638964580441
301500 299.268352260239 15.5119048611264 370848.751486223 16725.2725390928 387574.024025316 326405.00603115 68.8523768241701 68.8523768241701 68.8523768241701
301600 302.557390948049 -334.950780172932 370828.4268483 16909.0877271332 387737.514575433 325995.709429979 68.8235855671476 68.8235855671476 68.8235855671476
301700 301.125350808591 617.96203191194 370811.856701822 16829.0550025284 387640.91170435 326089.762035541 68.8302036656378 68.8302036656378 68.8302036656378
301800 300.343667185102 -122.628892914392 370735.067778964 16785.3688875635 387520.436666527 326399.328029473 68.851977579703 68.851977579703 68.851977579703
301900 298.664665921853 4.05775309346075 370796.895463467 16691.5341953576 387488.429658825 326526.983419162 68.8609524556524 68.8609524556524 68.8609524556524
302000 300.00118006956 178.659748119741 370739.303836657 16766.2282390275 387505.532075685 326706.615909557 68.8735776468221 68.8735776468221 68.8735776468221
302100 299.091433647946 -594.192440646891 370776.786081785 16715.3850518744 387492.171133659 326210.898691347 68.8387256836193 68.8387256836193 68.8387256836193
302200 299.920905978584 -192.863999638014 370811.612746887 16761.741944238 387573.354691125 326219.913450903 68.8393597916421 68.8393597916421 68.8393597916421
302300 300.856181615265 194.653801602117 370959.964525905 16814.0118879341 387773.976413839 326572.662412621 68.8641633718397 68.8641633718397 68.8641633718397
302400 302.430750007737 -334.407493169095 370882.490399526 16902.0101186078 387784.500518134 326897.362241757 68.8869788920323 68.8869788920323 68.8869788920323
302500 298.685394473707 549.502048543247 370893.785349993 16692.6926562389 387586.478006231 327165.926026422 68.9058385156881 68.9058385156881 68.9058385156881
302600 298.515308196088 -55.5691655263981 370807.202024239 16683.187009127 387490.389033366 327306.267969557 68.9156897828762 68.9156897828762 68.9156897828762
302700 300.597408563155 61.3713120693957 370755.543685212 16799.5497846425 387555.093469854 327364.044120533 68.9197445468976 68.9197445468976 68.9197445468976
302800 301.536223597189 677.430427889481 370902.005402776 16852.0175353733 387754.02293815 327033.81233731 68.8965622540784 68.8965622540784 68.8965622540784
302900 302.986021510714 170.508601240023 371034.0415715 16933.0426923843 387967.084263884 326631.450775314 68.8682953450844 68.8682953450844 68.8682953450844
303000 302.019826016797 -360.295365194919 371159.365466662 16879.0447242071 388038.410190869 326535.516387692 68.8615522868575 68.8615522868575 68.8615522868575
303100 300.233827773446 457.05189694816 370941.107517399 16779.2302695586 387720.337786958 326557.983411732 68.8631315726133 68.8631315726133 68.8631315726133
303200 301.001673104551 286.643321964185 370738.434290415 16822.1430010038 387560.577291419 326962.188488507 68.8915321959606 68.8915321959606 68.8915321959606
303300 300.346101030755 -233.871830632731 370676.227133786 16785.5049084009 387461.732042187 326757.472667339 68.8771511946197 68.8771511946197 68.8771511946197
303400 299.805629771422 524.349252380762 370658.145777374 16755.2994789139 387413.445256288 326435.293344974 68.8545063759117 68.8545063759117 68.8545063759117
303500 299.448548296403 -553.550703578228 370784.113282569 16735.3431923795 387519.456474949 326378.42142202 68.8505075072297 68.8505075072297 68.8505075072297
303600 300.794943125991 77.0676977222353 370931.042851614 16810.5894397693 387741.632291383 326263.310038581 68.8424121915007 68.8424121915007 68.8424121915007
303700 302.5316437112 -199.741532550521 370838.296338632 16907.6487859616 387745.945124594 326204.781460119 68.8382953842472 68.8382953842472 68.8382953842472
303800 300.010756740481 157.347997333953 370827.446292604 16766.7634524236 387594.209745028 326426.162989462 68.8538644191994 68.8538644191994 68.8538644191994
303900 300.226457612541 847.224326900178 370767.8389403 16778.8183718459 387546.657312146 326785.486191441 68.8791194603411 68.8791194603411 68.8791194603411
304000 298.11259953303 550.174203639838 370907.858115076 16660.6807464613 387568.538861537 326932.719584134 68.8894624163946 68.8894624163946 68.8894624163946
304100 296.901999132568 58.4273801242775 371096.223823732 16593.0236705268 387689.247494259 327226.964025648 68.9101234087174 68.9101234087174 68.9101234087174
304200 303.656842737195 -87.4114060238967 370917.42500094 16970.5330175496 387887.95801849 326855.041342655 68.8840060071265 68.8840060071265 68.8840060071265
304300 303.018432302579 -72.7496270886666 370953.853453166 16934.8540410386 387888.707494204 326785.912367211 68.8791494031224 68.8791494031224 68.8791494031224
304400 299.859532808395 941.846363825363 370804.576707038 16758.3119691329 387562.888676171 326679.223540881 68.8716527157387 68.8716527157387 68.8716527157387
304500 299.161149831871 -697.300904642912 370758.558874837 16719.2812947204 387477.840169557 326791.990366168 68.8795764358135 68.8795764358135 68.8795764358135
304600 299.631192794099 374.743360949294 370781.801487146 16745.5506833443 387527.35217049 326612.040123499 68.8669311112975 68.8669311112975 68.8669311112975
304700 300.760635674004 29.7384212884478 370863.705349261 16808.6720920769 387672.377441338 326233.187153022 68.8402934570675 68.8402934570675 68.8402934570675
304800 302.590145329142 -419.529523003607 370773.096564769 16910.91827803 387684.014842799 325937.445955475 68.8194851653938 68.8194851653938 68.8194851653938
304900 299.989351962321 121.393825822182 370633.850951437 16765.5671991424 387399.41815058 325373.254773069 68.7797538489724 68.7797538489724 68.7797538489724
305000 299.45130042417 -718.041945099425 370562.688320511 16735.4970011155 387298.185321627 325475.10192814 68.7869294966168 68.7869294966168 68.7869294966168
305100 297.316430491645 -62.9305041864999 370718.49880334 16616.1850819388 387334.683885279 325415.599427326 68.7827374260581 68.7827374260581 68.7827374260581
305200 301.727565734408 158.975417224414 370644.142709832 16862.7111131239 387506.853822956 325737.219907541 68.8053901539323 68.8053901539323 68.8053901539323
305300 300.516269047752 137.048305370087 370820.231358052 16795.0151236983 387615.246481751 325883.850161464 68.8157128289272 68.8157128289272 68.8157128289272
305400 299.65745916798 -294.571002754698 370790.169123144 16747.018637635 387537.187760779 325949.982183086 68.8203674672794 68.8203674672794 68.8203674672794
305500 297.87357512642 269.059351101674 370562.282544101 16647.3223398211 387209.604883922 326161.766149094 68.8352694416284 68.8352694416284 68.8352694416284
305600 295.405018050925 124.153355025598 370748.207659617 16509.3615780027 387257.569237619 326306.17630487 68.8454270242563 68.8454270242563 68.8454270242563
305700 299.692914551813 733.701847587919 370705.277644087 16749.0001400328 387454.27778412 326060.910444217 68.8281736320817 68.8281736320817 68.8281736320817
305800 300.131518741212 -181.001998567295 370800.023298066 16773.512503432 387573.535801498 326007.33875462 68.8244039442809 68.8244039442809 68.8244039442809
305900 303.659608036592 212.211740831947 370674.692049528 16970.6875624111 387645.379611939 326207.479311401 68.8384851576472 68.8384851576472 68.8384851576472
306000 299.443359056088 -153.951971605422 370802.456046902 16735.0531802286 387537.509227131 326438.609243292 68.8547395142738 68.8547395142738 68.8547395142738
306100 297.805027000546 441.170080664331 370635.149140498 16643.4913764779 387278.640516975 326308.305903739 68.845576794457 68.845576794457 68.845576794457
306200 299.600779325947 -407.881591783058 370581.948708788 16743.850959535 387325.799668323 326176.872400799 68.8363321319467 68.8363321319467 68.8363321319467
306300 300.182182196718 -175.850843112993 370666.910769637 16776.343942489 387443.254712126 325808.562863681 68.8104130387425 68.8104130387425 68.8104130387425
306400 300.94173620643 399.318996536964 370710.054190565 16818.7932951341 387528.847485699 325597.073091153 68.795521012948 68.795521012948 68.795521012948
306500 303.074673313843 1230.78006921819 370589.914380591 16937.9971941123 387527.911574703 325486.852397701 68.7877572803599 68.7877572803599 68.7877572803599
306600 296.649177066485 -35.5020419524708 370838.128129813 16578.8941512268 387417.02228104 326129.304459085 68.8329857248298 68.8329857248298 68.8329857248298
306700 295.929354237617 43.6172710701225 370673.319304284 16538.6652633349 387211.984567619 326821.159032154 68.8816257165425 68.8816257165425 68.8816257165425
306800 297.582589034686 -511.504064298798 370711.290938014 16631.0599396956 387342.350877709 327111.453722374 68.9020140871429 68.9020140871429 68.9020140871429
306900 299.280130540712 148.81430548878 370797.992172101 16725.9307942991 387523.9229664 327039.680924942 68.8969743654864 68.8969743654864 68.8969743654864
307000 299.884367278624 -202.966264727674 370860.538041775 16759.699898327 387620.237940102 326714.76223105 68.8741500886963 68.8741500886963 68.8741500886963
307100 300.412855082966 -653.980364709915 370856.468533748 16789.2356059768 387645.704139725 326406.238866353 68.8524635094491 68.8524635094491 68.8524635094491
307200 300.354193321343 666.620197193065 370765.44864203 16785.9571639252 387551.405805955 326155.316808867 68.8348157352731 68.8348157352731 68.8348157352731
307300 299.832088622301 205.99723572779 370584.618740282 16756.7781902065 387341.396930489 326342.090338936 68.8479526954266 68.8479526954266 68.8479526954266
307400 298.099364039625 -434.026611481535 370672.841083049 16659.9410516933 387332.782134743 326463.258176683 68.856472513092 68.856472513092 68.856472513092
307500 298.424529248085 510.449332313889 370903.243473084 16678.1136272117 387581.357100296 326079.947073711 68.8295130862551 68.8295130862551 68.8295130862551
307600 300.853507615075 -724.925254283808 370858.012216221 16813.8624455303 387671.874661751 326069.201303676 68.8287569994419 68.8287569994419 68.8287569994419
307700 300.265052214087 408.81487959714 370787.280266167 16780.9753163558 387568.255582522 325787.051907746 68.8088986419381 68.8088986419381 68.8088986419381
307800 301.085656884864 795.046655733198 370594.705042532 16826.8366199716 387421.541662504 325709.804211029 68.8034597629059 68.8034597629059 68.8034597629059
307900 298.731588147779 -114.662652623265 370667.363785125 16695.2742916928 387362.638076818 325748.707569411 68.8061989897229 68.8061989897229 68.8061989897229
308000 297.928077887519 -59.9733559165832 370718.353227619 16650.3683469469 387368.721574566 325729.285281867 68.8048314730747 68.8048314730747 68.8048314730747
308100 300.069176257701 508.127103913583 370717.456421291 16770.028356112 387487.484777403 325781.740624977 68.8085247110717 68.8085247110717 68.8085247110717
308200 301.227218458435 -862.484908439378 370848.205870327 16834.7481010258 387682.953971353 326134.669491516 68.8333631714138 68.8333631714138 68.8333631714138
308300 302.643003177299 -777.046425981396 370767.478808929 16913.8723555647 387681.351164493 326644.888391716 68.8692397459195 68.8692397459195 68.8692397459195
308400 296.134836725468 -382.355174984309 370929.811880596 16550.1491057972 387479.960986393 326855.953512948 68.8840700863844 68.8840700863844 68.8840700863844
308500 300.159787724877 -798.476588725115 370657.254328863 16775.0923779915 387432.346706855 327101.375267423 68.9013064455842 68.9013064455842 68.9013064455842
308600 298.330977870669 6.23224105960078 370757.908131068 16672.8853019583 387430.793433026 326668.666557457 68.8709108210645 68.8709108210645 68.8709108210645
308700 300.564404808645 492.238318299311 370653.649221279 16797.7052969617 387451.354518241 325853.545549514 68.813579657739 68.813579657739 68.813579657739
308800 301.970075751227 100.523068552828 370807.058386462 16876.2643207856 387683.322707248 325512.202385024 68.7895430396453 68.7895430396453 68.7895430396453
308900 301.748972331036 -114.406780898232 370880.230207192 16863.9074680343 387744.137675227 326174.165640481 68.836141719951 68.836141719951 68.836141719951
309000 299.986839075897 -298.047534758828 370826.790677961 16765.4267609371 387592.217438899 327168.955619558 68.9060512069602 68.9060512069602 68.9060512069602
309100 298.816691135914 -206.067889639078 370738.388666049 16700.0304600604 387438.41912611 327256.017206182 68.9121627669482 68.9121627669482 68.9121627669482
309200 300.444809812848 -384.004410126988 370654.835772529 16791.0214666004 387445.857239129 326962.066691332 68.8915236416635 68.8915236416635 68.8915236416635
309300 300.081452236656 -34.933429166772 370825.044030298 16770.7144262967 387595.758456595 326693.656025047 68.8726669363442 68.8726669363442 68.8726669363442
309400 303.135723866239 574.555066503885 370926.403180397 16941.4091390098 387867.812319407 326734.888137202 68.8755642949903 68.8755642949903 68.8755642949903
309500 301.565425262217 -325.814225616409 370945.066100322 16853.6495348898 387798.715635212 327056.070338808 68.8981252575959 68.8981252575959 68.8981252575959
309600 302.681073153406 -172.51707580694 370748.855885223 16915.9999802238 387664.855865447 327010.171841142 68.8949020912224 68.8949020912224 68.8949020912224
309700 301.535540682798 -374.745281699913 370629.148213407 16851.9793691949 387481.127582602 326772.875137925 68.8782334056534 68.8782334056534 68.8782334056534
309800 299.464601646085 -450.7753110584 370632.8250486 16736.2403692664 387369.065417866 326498.374950068 68.8589413263362 68.8589413263362 68.8589413263362
309900 297.894966853006 377.056871183593 370672.016779126 16648.5178636863 387320.534642812 326181.540955156 68.8366605474499 68.8366605474499 68.8366605474499
310000 303.109494689152 -423.544213666834 370553.656699963 16939.9432635441 387493.599963507 326113.441009832 68.8318696580163 68.8318696580163 68.8318696580163
310100 300.452933553522 125.43105059812 370875.115499532 16791.4754797821 387666.590979314 325976.028194713 68.8222005177947 68.8222005177947 68.8222005177947
310200 300.723412581567 238.791559834039 370838.312039469 16806.5917973813 387644.90383685 326713.824328725 68.8740841828004 68.8740841828004 68.8740841828004
310300 300.83361359354 -473.491759951813 370687.393306282 16812.7506242182 387500.143930501 327590.612910412 68.9356406747594 68.9356406747594 68.9356406747594
310400 301.041870840109 -377.788423104621 370662.382861636 16824.3895401972 387486.772401833 327934.738894381 68.9597706329399 68.9597706329399 68.9597706329399
310500 300.776515552784 -132.976001872387 370801.936098327 16809.5595741594 387611.495672486 327800.019357529 68.9503261716607 68.9503261716607 68.9503261716607
310600 302.157897110771 122.888292285311 370837.297407555 16886.7611321033 387724.058539658 327630.726312471 68.9384542781834 68.9384542781834 68.9384542781834
310700 298.692836300418 440.152342442969 370989.863187748 16693.1085591534 387682.971746901 327023.839164906 68.895861894001 68.895861894001 68.895861894001
310800 299.67246185478 -274.110982921053 370781.43471429 16747.8570959072 387529.291810197 326293.799291396 68.8445565620814 68.8445565620814 68.8445565620814
310900 296.434642402269 565.494671113223 370675.572324613 16566.9044079045 387242.476732518 325763.594303611 68.807247122807 68.807247122807 68.807247122807
311000 297.188927890323 366.483631683392 370619.702000589 16609.0593175857 387228.761318175 325498.541649299 68.7885807317224 68.7885807317224 68.7885807317224
311100 297.291044783274 -90.968748856155 370712.062650978 16614.7663455844 387326.828996562 325637.815292156 68.7983903713013 68.7983903713013 68.7983903713013
311200 300.231411520811 250.85375895089 370714.63251454 16779.095231946 387493.727746486 325926.86121805 68.8187401921127 68.8187401921127 68.8187401921127
311300 302.823163031637 -459.69643630051 370669.924273033 16923.9409867502 387593.865259784 326568.959781932 68.8639031137535 68.8639031137535 68.8639031137535
311400 301.199001927647 -133.72099628266 370784.933858484 16833.1711579111 387618.105016395 327032.178932803 68.8964475501972 68.8964475501972 68.8964475501972
311500 298.573553039866 332.13323194818 370790.393652956 16686.4421508044 387476.835803761 327163.420218414 68.9056625955315 68.9056625955315 68.9056625955315
311600 298.824981340615 -690.604808552924 370588.030609291 16700.4937764518 387288.524385743 326887.88221565 68.8863129779497 68.8863129779497 68.8863129779497
311700 300.302328299126 -215.549671575793 370573.252515744 16783.0585726599 387356.311088404 326199.169628099 68.8379006310252 68.8379006310252 68.8379006310252
311800 301.158238475747 -174.492024468009 370716.966151514 16830.8930024112 387547.859153925 325894.209005338 68.816441967721 68.816441967721 68.816441967721
311900 299.949857889287 132.794397371127 370800.3893952 16763.3599856827 387563.749380883 325827.763396967 68.8117647227515 68.8117647227515 68.8117647227515
312000 299.428544737875 -308.90544218563 370755.687100936 16734.2252493508 387489.912350287 326389.13637942 68.8512609497915 68.8512609497915 68.8512609497915
312100 298.895540354139 -87.7007165687118 370755.822512945 16704.4371226907 387460.259635636 327065.382299831 68.8987791419766 68.8987791419766 68.8987791419766
312200 299.091396288575 -476.270869444383 370774.821183026 16715.3829639635 387490.20414699 327764.463884749 68.9478331373474 68.9478331373474 68.9478331373474
312300 302.030201557099 260.310929719231 370758.03569722 16879.6245841822 387637.660281402 327711.271876412 68.9441031497782 68.9441031497782 68.9441031497782
312400 303.087654031652 2.27352597410607 370817.120532618 16938.7226501837 387755.843182802 327215.973684854 68.9093519215411 68.9093519215411 68.9093519215411
312500 300.261983506541 -433.173338965706 370845.408496887 16780.80381486 387626.212311747 326796.337661042 68.8798818681279 68.8798818681279 68.8798818681279
312600 298.187177066545 174.493968561872 370794.632474103 16664.8486765612 387459.481150664 326927.33555771 68.889084250185 68.889084250185 68.889084250185
312700 299.709159170086 -40.1121674965879 370680.346693594 16749.9080063871 387430.254699981 327152.920953476 68.9049254852661 68.9049254852661 68.9049254852661
312800 299.530104674904 687.783942542833 370710.111347384 16739.9011506382 387450.012498022 326952.640751198 68.8908616141849 68.8908616141849 68.8908616141849
312900 299.682501629082 -348.356787444286 370764.321945725 16748.4181908582 387512.740136583 327405.949609767 68.9226852001133 68.9226852001133 68.9226852001133
313000 299.520854192666 -305.135518263578 370827.000398889 16739.3841670167 387566.384565905 327722.640789552 68.9449004069205 68.9449004069205 68.9449004069205
313100 298.647547723763 11.0235598904416 370926.339263432 16690.5775070667 387616.916770499 327794.192311038 68.9499176104311 68.9499176104311 68.9499176104311
313200 298.089256472778 -49.4913011835488 370996.96426359 16659.3761680063 387656.340431596 327620.464535906 68.9377345263981 68.9377345263981 68.9377345263981
313300 302.124174183851 -70.9144415689725 370714.647455184 16884.8764518848 387599.523907069 327447.497502583 68.9256005118428 68.9256005118428 68.9256005118428
313400 297.051445742475 -361.319506229415 370751.414183983 16601.3758242439 387352.790008227 327206.960081534 68.9087191821921 68.9087191821921 68.9087191821921
313500 297.531406712475 111.05795714979 370730.983515366 16628.1995026274 387359.183017993 326590.80402501 68.8654385182009 68.8654385182009 68.8654385182009
313600 299.832110131159 198.15097077461 370762.4227436 16756.7793922766 387519.202135877 326196.676041664 68.8377252231675 68.8377252231675 68.8377252231675
313700 302.139206345825 143.594820514311 370769.6871542 16885.7165574421 387655.403711642 325899.300404561 68.8168003357076 68.8168003357076 68.8168003357076
313800 300.451929498674 -397.632393537678 370807.833188896 16791.4193659603 387599.252554856 326563.369071032 68.8635101386924 68.8635101386924 68.8635101386924
313900 297.616367925926 -274.063304993682 370671.776120181 16632.9477476038 387304.723867785 327149.362430414 68.9046756524002 68.9046756524002 68.9046756524002
314000 296.431784227715 -708.477474918149 370664.192039157 16566.7446725098 387230.936711666 327433.390543087 68.924610689428 68.924610689428 68.924610689428
314100 300.172056328088 308.45141538142 370637.680403599 16775.7780359664 387413.458439565 327124.427312282 68.902924984277 68.902924984277 68.902924984277
314200 301.122025926909 301.134167925197 370754.579626618 16828.8691841755 387583.448810794 326642.738588812 68.8690886586872 68.8690886586872 68.8690886586872
314300 304.539664162845 553.337257126602 370652.457041787 17019.8714418628 387672.32848365 326345.344398725 68.8481815295411 68.8481815295411 68.8481815295411
314400 300.458767752491 184.512456750947 370794.094744282 16791.8015368712 387585.896281153 326341.801113225 68.847932356234 68.847932356234 68.847932356234
314500 298.552690592243 106.875020018426 370682.661350662 16685.2762068625 387367.937557525 326388.006812371 68.8511815229186 68.8511815229186 68.8511815229186
314600 297.373155185912 1.95771773322991 370728.120408412 16619.355266705 387347.475675117 326770.619119198 68.8780748950038 68.8780748950038 68.8780748950038
314700 300.124667194815 333.575626033297 370680.367071161 16773.129589636 387453.496660797 326826.81354173 68.8820229670012 68.8820229670012 68.8820229670012
314800 299.171643878244 615.42647886473 370849.813371701 16719.8677776689 387569.681149369 326643.980648605 68.8691759502012 68.8691759502012 68.8691759502012
314900 301.509355769623 471.901731105557 370776.02391795 16850.5159675156 387626.539885466 326193.322321611 68.8374893090011 68.8374893090011 68.8374893090011
315000 298.879345922548 919.219006366316 370657.529044389 16703.5320611299 387361.061105518 325925.401424371 68.818637447884 68.818637447884 68.818637447884
315100 296.133430921583 -150.612803273486 370675.06920667 16550.0705393436 387225.139746014 325911.083893167 68.8176297250401 68.8176297250401 68.8176297250401
315200 297.982129433693 1.31608384048072 370685.583683907 16653.3891369305 387338.972820838 325692.946146488 68.802272700924 68.802272700924 68.802272700924
315300 299.201720522544 -68.437095818773 370795.844985863 16721.5486773337 387517.393663196 325880.852355563 68.8155018163404 68.8155018163404 68.8155018163404
315400 301.10875175486 -42.6309710614188 370740.990908685 16828.1273277661 387569.118236451 325841.400594198 68.8127247253675 68.8127247253675 68.8127247253675
315500 300.171659290979 56.1159268600306 370763.765951879 16775.7558466711 387539.52179855 326283.611497398 68.8438400488639 68.8438400488639 68.8438400488639
315600 299.339326975929 197.757789983273 370590.034842671 16729.2391177649 387319.273960436 326519.513247439 68.86042732594 68.86042732594 68.86042732594
315700 297.848411408869 33.8103422637443 370523.026195147 16645.9160099136 387168.942205061 326755.168580465 68.8769893015478 68.8769893015478 68.8769893015478
315800 299.390464130072 -433.373082571875 370579.641732833 16732.097030516 387311.738763349 326493.070149527 68.8585683944877 68.8585683944877 68.8585683944877
315900 298.717552598638 -91.692998503 370772.97895842 16694.4898840438 387467.468842464 326213.32184357 68.8388961319386 68.8388961319386 68.8388961319386
316000 301.214456495699 604.175735448057 370715.570088605 16834.0348705646 387549.60495917 326280.48194089 68.8436199424198 68.8436199424198 68.8436199424198
316100 301.759658103708 651.070352068617 370766.458877589 16864.5046660302 387630.963543619 326589.932658309 68.8653772722395 68.8653772722395 68.8653772722395
316200 299.745854575617 -1.6843829114681 370796.610394372 16751.9588101349 387548.569204507 326814.971044592 68.881190982008 68.881190982008 68.881190982008
316300 297.274849242282 38.7340279149703 370689.192388088 16613.8612220223 387303.053610111 326794.397588063 68.8797455627835 68.8797455627835 68.8797455627835
316400 298.274531347533 -448.934186509133 370658.935554222 16669.7306633999 387328.666217622 326658.979822987 68.8702300692933 68.8702300692933 68.8702300692933
316500 299.560612164216 431.929988290962 370791.127647339 16741.6061290276 387532.733776367 325929.892531215 68.8189535431548 68.8189535431548 68.8189535431548
316600 299.909016315249 455.122390332759 370831.037873026 16761.0774641546 387592.115337181 325186.417232565 68.7665863043522 68.7665863043522 68.7665863043522
316700 301.20351031626 -167.299977765939 370671.127428941 16833.4231191616 387504.550548102 325314.703566633 68.7756279421934 68.7756279421934 68.7756279421934
316800 299.273613710066 -5.73703313479676 370649.707281369 16725.5665868317 387375.273868201 326062.313480767 68.8282723542342 68.8282723542342 68.8282723542342
316900 298.91987722095 184.692949107968 370628.241999136 16705.7972422191 387334.039241355 326964.581211865 68.8917002459492 68.8917002459492 68.8917002459492
317000 299.797485661973 -870.294100564363 370650.431559222 16754.8443273782 387405.2758866 327685.576334886 68.9423011546262 68.9423011546262 68.9423011546262
317100 301.103084288014 624.554651753298 370676.372264326 16827.8105888698 387504.182853195 327571.77331292 68.93431916292 68.93431916292 68.93431916292
317200 300.313544525696 -367.030816099825 370854.357889239 16783.685416243 387638.043305482 327111.789549972 68.9020376664558 68.9020376664558 68.9020376664558
317300 301.358243828151 -338.237195307107 370845.565488562 16842.0707430676 387687.63623163 326762.682215053 68.8775172325619 68.8775172325619 68.8775172325619
317400 300.980357127635 835.285057302708 370639.126946378 16820.9517105762 387460.078656954 325875.047582359 68.8150932204278 68.8150932204278 68.8150932204278
317500 296.781281964506 -688.427239015006 370745.231130066 16586.2771250911 387331.508255157 325956.998244916 68.8208612490612 68.8208612490612 68.8208612490612
317600 298.378074650448 715.516394908798 370720.048135005 16675.5174094683 387395.565544473 326068.743827957 68.8287248104672 68.8287248104672 68.8287248104672
317700 301.240996174033 -256.154219062153 370694.075245517 16835.518099078 387529.593344595 326351.502097625 68.8486145510958 68.8486145510958 68.8486145510958
317800 302.463201105422 -727.445833951885 370749.258408685 16903.8237198419 387653.082128527 326839.249670025 68.8828966354339 68.8828966354339 68.8828966354339
317900 299.313964416887 -356.601019732235 370972.917207225 16727.8216751617 387700.738882387 327286.771555374 68.9143214054653 68.9143214054653 68.9143214054653
318000 301.206412918552 -578.580425435186 370799.858508903 16833.5853374986 387633.443846401 327697.963260703 68.9431698455008 68.9431698455008 68.9431698455008
318100 297.589897630266 -90.4407146693566 370832.708023959 16631.4683966943 387464.176420653 327408.928028923 68.9228941965428 68.9228941965428 68.9228941965428
318200 297.467869537282 307.524559988848 370854.825064597 16624.6485873253 387479.473651922 327241.988088352 68.9111780224711 68.9111780224711 68.9111780224711
318300 302.10572738993 -440.348393842398 370777.931178728 16883.8455120828 387661.776690811 326858.017233403 68.884215060711 68.884215060711 68.884215060711
318400 302.152381703722 445.629854944146 370888.068157442 16886.4528914044 387774.521048847 326876.762231989 68.8855318504311 68.8855318504311 68.8855318504311
318500 303.605719746387 -878.328506808886 370711.854046806 16967.6758963477 387679.529943154 327011.174099015 68.8949724767878 68.8949724767878 68.8949724767878
318600 298.118540212437 202.947938389504 370722.350940767 16661.0127544448 387383.363695212 326469.628320504 68.8569203662261 68.8569203662261 68.8569203662261
318700 298.672644440552 149.399429373283 370752.744617226 16691.9800924887 387444.724709715 326156.126530305 68.8348726989109 68.8348726989109 68.8348726989109
318800 301.362149151953 -53.9738489497449 370744.251088295 16842.2890007098 387586.540089005 326184.460480377 68.8368659236405 68.8368659236405 68.8368659236405
318900 300.281536469475 564.844115691221 370840.592604009 16781.8965753593 387622.489179368 326195.765030773 68.8376611391548 68.8376611391548 68.8376611391548
319000 301.490824397873 -258.675844072634 370641.911191486 16849.480300895 387491.391492381 326615.888926541 68.8672016200155 68.8672016200155 68.8672016200155
319100 297.76159029437 -324.114990438223 370642.434835675 16641.0638202612 387283.498655936 326570.790271101 68.8640317791696 68.8640317791696 68.8640317791696
319200 298.757699969774 151.618177150185 370673.983669768 16696.7336085102 387370.717278278 326275.815814441 68.8432917640733 68.8432917640733 68.8432917640733
319300 300.374933569458 230.370683088476 370759.422257934 16787.1162784778 387546.538536411 326214.57910144 68.8389845690919 68.8389845690919 68.8389845690919
319400 299.498750910708 529.835638092975 370858.485394119 16738.1488763087 387596.634270428 326418.756075982 68.8533436291691 68.8533436291691 68.8533436291691
319500 299.268102030384 359.760785204923 370868.155661799 16725.2585544449 387593.414216244 326791.669859964 68.8795539175762 68.8795539175762 68.8795539175762
319600 299.415822711963 290.390881431059 370796.036277462 16733.5142508472 387529.55052831 326813.682530737 68.881100457304 68.881100457304 68.881100457304
319700 299.468849055481 311.072120406912 370632.243559885 16736.4777451172 387368.721305002 326602.871336084 68.8662866850033 68.8662866850033 68.8662866850033
319800 298.814181551309 78.6644159453523 370634.876751808 16699.8902063846 387334.766958192 326266.849633318 68.8426611451844 68.8426611451844 68.8426611451844
319900 298.860582912287 -221.874874212547 370848.270518376 16702.4834488797 387550.753967255 326170.627139652 68.835892796062 68.835892796062 68.835892796062
320000 303.037428719772 343.154406505343 370748.553127446 16935.9156977505 387684.468825196 326129.040523303 68.8329671560264 68.8329671560264 68.8329671560264
320100 300.52476305203 145.849497453991 370829.951625511 16795.489829879 387625.44145539 326510.256869116 68.8597766203781 68.8597766203781 68.8597766203781
320200 300.020937140216 685.019215353774 370749.798599755 16767.3324065374 387517.131006293 326712.535280849 68.8739936018883 68.8739936018883 68.8739936018883
320300 299.373748874231 131.340492717695 370672.859084115 16731.1628615422 387404.021945658 327041.776856431 68.8971215474524 68.8971215474524 68.8971215474524
320400 296.168827823567 -40.2712596202319 370669.184968942 16552.0487733542 387221.233742296 326923.494688184 68.888814470541 68.888814470541 68.888814470541
320500 297.052348829973 120.334353175077 370721.300295534 16601.4262952824 387322.726590817 326666.021552397 68.8707249401624 68.8707249401624 68.8707249401624
320600 298.896601059265 -186.985600634686 370848.186417546 16704.4964025383 387552.682820084 326611.260269715 68.8668762999076 68.8668762999076 68.8668762999076
320700 301.446254853802 140.121666744223 370800.52886535 16846.9894335317 387647.518298882 326870.021170991 68.8850583133901 68.8850583133901 68.8850583133901
320800 298.821487401182 -185.791405194089 370922.589210244 16700.2985099333 387622.887720178 327199.719040754 68.9082108652476 68.9082108652476 68.9082108652476
320900 299.204355747191 148.198406974397 370743.726504796 16721.6959526806 387465.422457477 326747.282370091 68.8764351835111 68.8764351835111 68.8764351835111
321000 298.294127813393 -320.646820915834 370623.021813764 16670.8258551562 387293.84766892 326626.986636993 68.8679815979991 68.8679815979991 68.8679815979991
321100 298.128249287635 10.8321333597526 370626.573521431 16661.5553675462 387288.128888977 325994.587597886 68.8235066207143 68.8235066207143 68.8235066207143
321200 301.298062632502 -520.03111041846 370770.323148943 16838.7073840911 387609.030533034 325831.11382795 68.8120005817995 68.8120005817995 68.8120005817995
321300 302.14182351474 48.9293989178913 370710.205063614 16885.8628237046 387596.067887319 325347.066579299 68.7779085161414 68.7779085161414 68.7779085161414
321400 299.935025888556 359.397949625635 370680.131942646 16762.5310665783 387442.663009225 325557.930054054 68.7927640537363 68.7927640537363 68.7927640537363
321500 297.392607418504 -146.460677809475 370735.968770937 16620.4423976667 387356.411168603 326188.891256201 68.8371776075467 68.8371776075467 68.8371776075467
321600 299.569219735217 377.248162910251 370720.194484991 16742.0871821353 387462.281667126 326495.956630464 68.8587713169767 68.8587713169767 68.8587713169767
321700 303.477068104451 -385.625158713529 370776.281536109 16960.4859153232 387736.767451432 326605.170794812 68.8664483031092 68.8664483031092 68.8664483031092
321800 301.729665412721 471.101402132915 370793.047455548 16862.8284582818 387655.875913829 325865.066515944 68.8143906453833 68.8143906453833 68.8143906453833
321900 300.835901537178 -227.196936417636 370688.761427453 16812.8784909994 387501.639918453 325949.455318652 68.820330386924 68.820330386924 68.820330386924
322000 299.662495971504 -196.889850188466 370693.590259413 16747.3001305194 387440.890389933 326591.183567305 68.8654651951476 68.8654651951476 68.8654651951476
322100 300.419719057523 70.264416026659 370728.138999799 16789.619214348 387517.758214147 327022.062216585 68.8957371073717 68.8957371073717 68.8957371073717
322200 304.091198596975 -480.562319189252 370814.453343344 16994.8079536693 387809.261297013 327678.39614619 68.9417976004238 68.9417976004238 68.9417976004238
322300 300.49611204498 -47.3071692870505 371046.782317471 16793.8886050993 387840.67092257 327464.365745694 68.9267840438909 68.9267840438909 68.9267840438909
322400 301.624575585231 -169.732263323237 370872.273236537 16856.9552812733 387729.228517811 327263.360400551 68.9126781958419 68.9126781958419 68.9126781958419
322500 299.921924124488 -43.5886067468455 370816.442349199 16761.7988455696 387578.241194768 326538.863808315 68.8617875933617 68.8617875933617 68.8617875933617
322600 299.599223919784 203.456864121537 370745.825958929 16743.7640322278 387489.589991157 325739.775356605 68.8055700824139 68.8055700824139 68.8055700824139
322700 300.680392979221 -247.510250101208 370663.452350296 16804.187551933 387467.639902229 325870.813463724 68.814795179269 68.814795179269 68.814795179269
322800 300.015789815826 -238.412159205896 370698.255705132 16767.0447369505 387465.300442082 325983.956054245 68.8227584405334 68.8227584405334 68.8227584405334
322900 299.395391076153 -336.515516995134 370553.337328047 16732.3723837745 387285.709711821 326246.491681603 68.8412292653968 68.8412292653968 68.8412292653968
323000 296.875333955306 163.485023466739 370605.344459596 16591.5334282288 387196.877887824 326179.988234444 68.8365513196481 68.8365513196481 68.8365513196481
323100 297.732066595548 -379.952122410678 370782.553744206 16639.4138231751 387421.967567381 325928.199061747 68.8188343529023 68.8188343529023 68.8188343529023
323200 299.665997145843 363.046012856517 370828.295012511 16747.4958013765 387575.790813887 325474.884527235 68.7869141812169 68.7869141812169 68.7869141812169
323300 300.401532998376 -252.089815931579 370816.564400278 16788.6028462845 387605.167246563 325436.249497089 68.7841923227969 68.7841923227969 68.7841923227969
323400 300.157488006552 234.768659731782 370702.173873639 16774.963853156 387477.137726795 325463.572360839 68.7861172553801 68.7861172553801 68.7861172553801
323500 298.872605902866 -218.633253525465 370562.547351015 16703.1553802505 387265.702731266 325721.881784777 68.804310181057 68.804310181057 68.804310181057
323600 296.573902825659 -621.903287363151 370697.317632946 16574.6872841008 387272.004917047 325984.288864284 68.8227818618263 68.8227818618263 68.8227818618263
323700 297.821156333986 -208.414090233456 370726.054741914 16644.3927998847 387370.447541799 325977.840003639 68.8223280245594 68.8223280245594 68.8223280245594
323800 300.119028137999 17.3273653566811 370679.943306087 16772.8144384968 387452.757744584 326041.984309606 68.8268419008598 68.8268419008598 68.8268419008598
323900 301.761396224561 -423.472851196932 370643.925427068 16864.6018047512 387508.527231819 326194.769532101 68.83759111181 68.83759111181 68.83759111181
324000 298.365933677076 -633.165294858373 370826.506862202 16674.8388843687 387501.345746571 326267.869051074 68.8427328445292 68.8427328445292 68.8427328445292
324100 298.903881219165 237.618491217504 370796.623375984 16704.9032703461 387501.52664633 326073.951917547 68.8290912610634 68.8290912610634 68.8290912610634
324200 301.522865468999 -248.902602574934 370753.5544195 16851.2709868896 387604.82540639 326263.747488899 68.8424429592075 68.8424429592075 68.8424429592075
324300 302.612325445751 -152.727361837821 370794.968752262 16912.1578628121 387707.126615074 326542.436268801 68.8620387172404 68.8620387172404 68.8620387172404
324400 301.858312656322 -242.094540642227 370809.419613025 16870.0181934956 387679.43780652 326847.411082716 68.8834699825947 68.8834699825947 68.8834699825947
324500 298.712930679985 197.209161292053 370761.253855968 16694.2315779164 387455.485433884 326879.940255635 68.8857550937293 68.8857550937293 68.8857550937293
324600 297.630075776638 279.948327631644 370742.501659343 16633.7138411026 387376.215500446 326574.740332317 68.8643094280515 68.8643094280515 68.8643094280515
324700 300.847891749079 305.675743011855 370590.371212696 16813.5485904614 387403.919803158 325745.045625729 68.8059411576743 68.8059411576743 68.8059411576743
324800 302.573045309941 80.9792740223167 370781.179016831 16909.9626057065 387691.141622538 325478.780902444 68.7871886709654 68.7871886709654 68.7871886709654
324900 303.870628452467 451.299026359017 370734.577503292 16982.4809042067 387717.058407499 325718.617113924 68.8040803078748 68.8040803078748 68.8040803078748
325000 300.194267607114 430.983678513184 370745.241072187 16777.0193623291 387522.260434516 325884.854712337 68.8157835379782 68.8157835379782 68.8157835379782
325100 299.883520391239 709.256608235388 370666.435010766 16759.6525681558 387426.087578922 325921.066096773 68.8183323139896 68.8183323139896 68.8183323139896
325200 298.052887142142 55.030717489828 370734.376531118 16657.3435876738 387391.720118792 325978.910386235 68.822403352933 68.822403352933 68.822403352933
325300 299.139158723079 668.126654327009 370807.200627564 16718.0522730574 387525.252900621 325972.802753347 68.8219735249226 68.8219735249226 68.8219735249226
325400 305.157979194902 -141.691175215576 370740.436410978 17054.4273424385 387794.863753416 326266.677729499 68.8426490545512 68.8426490545512 68.8426490545512
325500 300.821743691942 -31.4794828841665 370907.396107032 16812.0872485631 387719.483355595 326632.205478921 68.8683483866299 68.8683483866299 68.8683483866299
325600 299.871718526214 1173.10742328472 370801.876693777 16758.9929948747 387560.869688652 326545.252888689 68.862236708485 68.862236708485 68.862236708485
325700 298.649837772821 -786.242329748735 370778.084737909 16690.7054915139 387468.790229423 326332.070977251 68.8472480977877 68.8472480977877 68.8472480977877
325800 299.443246353451 317.436193648273 370719.917273978 16735.046881593 387454.964155571 325648.62749836 68.7991518043163 68.7991518043163 68.7991518043163
325900 301.188800747836 -127.338199573594 370854.926105031 16832.601042457 387687.527147488 325805.471022503 68.8101953735594 68.8101953735594 68.8101953735594
326000 301.644821402624 -350.572677854638 370929.014021676 16858.0867634735 387787.10078515 325945.319656322 68.8200393204749 68.8200393204749 68.8200393204749
326100 303.564319927606 718.53973541824 370655.446451239 16965.3621760798 387620.808627318 326051.438982232 68.8275071822237 68.8275071822237 68.8275071822237
326200 299.078322725177 131.405404134177 370784.707801532 16714.6523190115 387499.360120544 326047.763459059 68.8272485542713 68.8272485542713 68.8272485542713
326300 298.871451584125 -429.0529163646 370766.351801589 16703.0908685994 387469.442670188 325817.127346657 68.8110159699465 68.8110159699465 68.8110159699465
326400 298.130744014249 795.38144317022 370794.736681007 16661.6947908505 387456.431471857 325565.403395184 68.7932904401965 68.7932904401965 68.7932904401965
326500 299.945228473547 -175.975694482507 370733.752818351 16763.1012605641 387496.854078915 325940.984267751 68.8197341947204 68.8197341947204 68.8197341947204
326600 300.034595543504 -364.263791054256 370827.198539632 16768.0957365578 387595.294276189 326355.839474109 68.8489195607116 68.8489195607116 68.8489195607116
326700 302.902409227405 -122.081334798997 370742.346519597 16928.3698353468 387670.716354944 326549.608531662 68.862542881449 68.862542881449 68.862542881449
326800 300.44730049089 -248.089245421146 370875.719594978 16791.1606636413 387666.880258619 326577.960962794 68.86453580376 68.86453580376 68.86453580376
326900 297.63308076356 491.630785406713 370880.826150489 16633.8817814307 387514.70793192 326194.371157149 68.8375630884879 68.8375630884879 68.8375630884879
327000 299.391899761656 379.615647407001 370615.760789534 16732.1772639563 387347.93805349 325714.644167105 68.8038005612376 68.8038005612376 68.8038005612376
327100 300.068124273855 -256.514223408994 370577.524198739 16769.9695636724 387347.493762411 325576.437887996 68.7940676424473 68.7940676424473 68.7940676424473
327200 302.851614216947 -213.275442284642 370656.383645012 16925.5310440509 387581.914689063 325599.245983521 68.7956740496738 68.7956740496738 68.7956740496738
327300 301.674017116969 500.094759439036 370825.88400737 16859.7184304229 387685.602437793 325649.940803712 68.7992442906806 68.7992442906806 68.7992442906806
327400 298.898749001526 -478.445316846472 370814.73415207 16704.6164450334 387519.350597103 326191.72998596 68.8373772971366 68.8373772971366 68.8373772971366
327500 301.809412010592 -36.5878138575158 370568.80799929 16867.2852729546 387436.093272244 326265.708128579 68.8425808588424 68.8425808588424 68.8425808588424
327600 300.180596263147 -129.228474320491 370660.349199323 16776.2553090903 387436.604508414 326092.217052432 68.8303763981267 68.8303763981267 68.8303763981267
327700 301.265603160254 56.6290790899399 370598.31212697 16836.8933148261 387435.205441796 325436.218245551 68.7841901210222 68.7841901210222 68.7841901210222
327800 299.695400020527 -29.6602484162225 370820.200788296 16749.1390459389 387569.339834235 325270.532840493 68.7725150519198 68.7725150519198 68.7725150519198
327900 302.241870913315 -347.195452033255 370842.924122217 16891.4541934414 387734.378315658 325601.847860458 68.7958572988706 68.7958572988706 68.7958572988706
328000 300.555312853156 -522.935819687766 370742.534667956 16797.1971729575 387539.731840914 326038.364543419 68.8265871913346 68.8265871913346 68.8265871913346
328100 297.765693624111 0.875538296629117 370810.479924328 16641.2931439024 387451.77306823 326307.332007363 68.845508302458 68.845508302458 68.845508302458
328200 298.476217694187 -263.157586075621 370861.237245223 16681.002350131 387542.239595354 327014.575043541 68.8952113138529 68.8952113138529 68.8952113138529
328300 301.060882238283 -16.3724921877533 370836.910189616 16825.4520341542 387662.362223771 326984.225949536 68.8930799389939 68.8930799389939 68.8930799389939
328400 301.498428059795 52.5303552385706 370844.671089568 16849.9052483276 387694.576337896 326635.894187794 68.8686076326842 68.8686076326842 68.8686076326842
328500 295.992229473169 393.57597070934 370895.730392112 16542.1791846788 387437.90957679 326309.508468337 68.8456613680031 68.8456613680031 68.8456613680031
328600 295.653663481722 -526.169259683494 370784.299351678 16523.2576768192 387307.557028497 325864.247885556 68.8143330207156 68.8143330207156 68.8143330207156
328700 299.989141861247 -34.9191770775176 370653.542412512 16765.5554571801 387419.097869692 325677.046248007 68.8011530707464 68.8011530707464 68.8011530707464
328800 300.255333043305 307.722742861819 370796.54573051 16780.4321390403 387576.97786955 325902.683098896 68.8170384311304 68.8170384311304 68.8170384311304
328900 300.164993199021 357.367971554109 370833.635284102 16775.3832974058 387609.018581508 326658.205400927 68.8701756448824 68.8701756448824 68.8701756448824
329000 300.073675899646 -171.61794432489 370816.747928243 16770.2798285356 387587.027756779 327185.27703172 68.907197022032 68.907197022032 68.907197022032
329100 300.776751455527 -326.292140097897 370786.882543478 16809.572758105 387596.455301583 326994.755920245 68.8938194592003 68.8938194592003 68.8938194592003
329200 299.286323118576 229.288589124104 370848.50027071 16726.2768801839 387574.777150894 326429.809170663 68.8541207842009 68.8541207842009 68.8541207842009
329300 299.698869217844 -2.04548866216471 370814.954165813 16749.3329296897 387564.287095503 326051.637016289 68.8275211168223 68.8275211168223 68.8275211168223
329400 299.428472365289 41.8270510773615 370665.514155291 16734.2212046491 387399.73535994 325954.809549271 68.8207072121204 68.8207072121204 68.8207072121204
329500 298.973833018399 419.721207809334 370564.932249836 16708.8126810738 387273.74493091 326374.862860723 68.8502572765918 68.8502572765918 68.8502572765918
329600 299.060315059467 112.53323254879 370695.548993861 16713.6459208591 387409.19491472 326881.517383766 68.88586588006 68.88586588006 68.88586588006
329700 298.051507691499 252.516997356363 370965.714515234 16657.2664940293 387622.981009264 326808.769877025 68.8807553160124 68.8807553160124 68.8807553160124
329800 300.769828133437 438.488994550122 370877.400697484 16809.1858329659 387686.58653045 326592.139251587 68.8655323673819 68.8655323673819 68.8655323673819
329900 300.161977024353 234.6494124824 370902.920437933 16775.2147318259 387678.135169759 326508.983616649 68.8596871122206 68.8596871122206 68.8596871122206
330000 300.123241667466 66.7248121284607 370744.470346988 16773.049920893 387517.520267881 326628.931153583 68.868118262219 68.868118262219 68.868118262219
330100 298.958638405814 237.763924206051 370617.550353772 16707.9634966055 387325.513850378 326643.572390851 68.869147258018 68.869147258018 68.869147258018
330200 299.917045975676 -376.216751854028 370603.761132986 16761.5262194541 387365.28735244 326370.590285258 68.849956835558 68.849956835558 68.849956835558
330300 300.444012042489 366.866967681387 370682.394941062 16790.9768814427 387473.371822505 325869.778367483 68.8147223180734 68.8147223180734 68.8147223180734
330400 301.395017249409 -192.093465604793 370656.696553708 16844.1259068966 387500.822460604 325583.493862829 68.7945646129964 68.7945646129964 68.7945646129964
330500 301.056520983564 -303.997736984451 370653.501313721 16825.2082958062 387478.709609527 325214.613712 68.7685737998261 68.7685737998261 68.7685737998261
330600 298.038553496535 597.975397207031 370794.347519726 16656.5425202457 387450.890039972 325564.785945434 68.79324695029 68.79324695029 68.79324695029
330700 298.810861990785 -640.188038789587 370744.933148067 16699.7046854163 387444.637833484 326298.322337316 68.8448746656356 68.8448746656356 68.8448746656356
330800 300.164714008603 72.6118241805169 370748.340590338 16775.3676942329 387523.708284571 326783.25800001 68.8789629089039 68.8789629089039 68.8789629089039
330900 299.294424190338 351.977384530554 370932.544303097 16726.7296264635 387659.273929561 327189.091704518 68.9074648187076 68.9074648187076 68.9074648187076
331000 303.540108786449 -313.091547319249 370719.713920733 16964.009083007 387683.72300374 327373.806688403 68.9204296424944 68.9204296424944 68.9204296424944
331100 299.908684124374 -56.8058593312566 370784.002613739 16761.0588989342 387545.061512673 326586.070549892 68.8651058139825 68.8651058139825 68.8651058139825
331200 298.614550755654 -536.210795764028 370687.578599824 16688.7333986589 387376.311998483 325903.182071221 68.8170735518192 68.8170735518192 68.8170735518192
331300 301.021957882376 -597.522646863472 370581.959117552 16823.2766605939 387405.235778145 325299.053352004 68.7745250403084 68.7745250403084 68.7745250403084
331400 302.645174298362 103.238790771149 370767.816978186 16913.9936934584 387681.810671644 325293.548442786 68.7741370899504 68.7741370899504 68.7741370899504
331500 301.693952865568 504.052584935654 370865.093508757 16860.8325837441 387725.926092501 325641.393553825 68.7986423667493 68.7986423667493 68.7986423667493
331600 301.125705175713 -128.859390447703 370751.632269571 16829.0748071174 387580.707076688 326595.094017032 68.8657400483161 68.8657400483161 68.8657400483161
331700 297.591932483615 109.177626182911 370855.805832674 16631.5821189659 387487.38795164 327061.58731816 68.8985126604824 68.8985126604824 68.8985126604824
331800 298.725207068169 104.146939083134 370833.595226182 16694.9176709717 387528.512897154 327262.37668365 68.9126091478494 68.9126091478494 68.9126091478494
331900 301.726143293972 231.110070950238 370783.313208917 16862.6316169 387645.944825817 326868.918240368 68.8849808355744 68.8849808355744 68.8849808355744
332000 304.964289846513 247.225549176255 370894.764330769 17043.6025856099 387938.366916379 326779.987403805 68.8787331174231 68.8787331174231 68.8787331174231
332100 303.632581019775 -151.401538283187 370894.516425975 16969.1770979107 387863.693523886 327071.836475229 68.8992323458356 68.8992323458356 68.8992323458356
332200 298.750673577733 232.135933004591 370974.939652455 16696.3409230793 387671.280575534 327140.231777099 68.9040346092657 68.9040346092657 68.9040346092657
332300 297.903071351151 227.46811153843 370924.257188017 16648.9708014568 387573.227989474 327318.520693334 68.9165497260516 68.9165497260516 68.9165497260516
332400 299.105511464934 397.750456924825 370785.075912446 16716.1718217554 387501.247734201 327419.594171106 68.923642632055 68.923642632055 68.923642632055
332500 302.124597712911 -82.816280440184 370663.570846094 16884.9001217413 387548.470967835 327650.034561152 68.9398085006506 68.9398085006506 68.9398085006506
332600 302.000525812606 -120.509155268545 370922.510902419 16877.9660896882 387800.476992107 327622.118067499 68.9378505046336 68.9378505046336 68.9378505046336
332700 301.975431561311 -836.211983880632 370972.990679202 16876.5636420558 387849.554321258 327517.971718614 68.930544947474 68.930544947474 68.930544947474
332800 300.20722199784 -735.648223948202 370912.543165237 16777.7433470532 387690.28651229 327142.494505812 68.9041934715953 68.9041934715953 68.9041934715953
332900 299.201701331198 154.613902807863 370895.034522603 16721.5476047829 387616.582127386 326916.712501198 68.8883380899204 68.8883380899204 68.8883380899204
333000 298.5342391414 -701.02762865481 370950.238122458 16684.2450067982 387634.483129256 326942.020259094 68.8901156725378 68.8901156725378 68.8901156725378
333100 299.853448471848 334.295768600996 370896.839654602 16757.971932553 387654.811587155 326474.720294187 68.8572783533844 68.8572783533844 68.8572783533844
333200 300.969946372405 12.4969776162166 370780.655863661 16820.3698825371 387601.025746198 326195.868897972 68.8376684455794 68.8376684455794 68.8376684455794
333300 297.474316696719 86.5955406842216 370676.242775317 16625.0089010634 387301.25167638 326012.397878479 68.8247599581305 68.8247599581305 68.8247599581305
333400 299.127730374357 71.0217020262325 370582.179474671 16717.4135745595 387299.593049231 326065.449234983 68.8284929949363 68.8284929949363 68.8284929949363
333500 300.307900593139 -459.805310379486 370674.693044826 16783.3699926124 387458.063037438 326211.438080769 68.8387636251884 68.8387636251884 68.8387636251884
333600 303.226267746729 310.588677587561 370616.262933947 16946.4693836582 387562.732317605 326325.849671445 68.8468105858744 68.8468105858744 68.8468105858744
333700 301.969812502906 934.13711478771 370651.90172245 16876.2496085721 387528.151331022 326518.826729768 68.8603790654926 68.8603790654926 68.8603790654926
333800 299.71219957773 -180.263563284667 370740.322706563 16750.0779262803 387490.400632843 326757.750957246 68.8771707481746 68.8771707481746 68.8771707481746
333900 298.929228096503 36.2020163980122 370806.203255168 16706.3198365426 387512.52309171 327229.32608985 68.910289215901 68.910289215901 68.910289215901
334000 300.969025113817 597.822889670102 370744.355956469 16820.3183959671 387564.674352436 327472.789142454 68.9273750422121 68.9273750422121 68.9273750422121
334100 299.414913584988 -54.4592112613896 370891.464033679 16733.4634422793 387624.927475959 327657.218016843 68.9403123130402 68.9403123130402 68.9403123130402
334200 302.935388477063 -415.326870722275 370756.276181789 16930.2129535199 387686.489135309 328084.985328024 68.9703005508901 68.9703005508901 68.9703005508901
334300 298.055300156032 -425.437957252688 370816.717265017 16657.4784442821 387474.195709299 327729.558788102 68.9453855299133 68.9453855299133 68.9453855299133
334400 295.093185458286 -93.686510359389 370842.099959012 16491.9341251529 387334.034084165 326794.900967253 68.8797809291718 68.8797809291718 68.8797809291718
334500 299.100627501465 644.92843284189 370724.259046096 16715.898870675 387440.157916771 325626.80027259 68.7976146381347 68.7976146381347 68.7976146381347
334600 302.277080049972 369.616319977443 370632.095421483 16893.4219337721 387525.517355255 325065.913641026 68.7580910290436 68.7580910290436 68.7580910290436
334700 298.20770824065 687.434742350242 370825.470135998 16665.9961065512 387491.466242549 325168.071004788 68.7652930654434 68.7652930654434 68.7652930654434
334800 298.388749093311 735.516685437514 370715.131295393 16676.113974273 387391.245269666 325680.319266707 68.8013835513291 68.8013835513291 68.8013835513291
334900 297.340086201987 -525.104810892106 370518.40330386 16617.5071335343 387135.910437394 326577.452766145 68.8645000830964 68.8645000830964 68.8645000830964
335000 297.390248677575 -118.517025347888 370648.697546966 16620.3105742226 387269.008121189 326712.459149489 68.8739882521586 68.8739882521586 68.8739882521586
335100 300.29580025057 571.654107677149 370695.229391839 16782.6937382549 387477.923130094 326692.540085449 68.8725885164725 68.8725885164725 68.8725885164725
335200 298.479163488052 -104.246117674378 370903.44444622 16681.1669823243 387584.611428545 326548.020790082 68.8624312740066 68.8624312740066 68.8624312740066
335300 300.704502143417 -172.230277546572 370809.002512271 16805.5349457981 387614.53745807 326280.174091209 68.84359829081 68.84359829081 68.84359829081
335400 299.731378503891 -153.684190969154 370715.664141034 16751.1497829088 387466.813923943 325821.75317242 68.8113416191501 68.8113416191501 68.8113416191501
335500 298.010641496522 277.586957432746 370581.874546014 16654.9825965057 387236.857142519 325579.6404481 68.7942932079248 68.7942932079248 68.7942932079248
335600 298.656408176236 6.74965796481242 370569.117002628 16691.0726930138 387260.189695641 325531.486104444 68.7909014035236 68.7909014035236 68.7909014035236
335700 298.970283083585 -723.774039839686 370650.9123346 16708.6142851298 387359.52661973 325565.738831795 68.7933140665606 68.7933140665606 68.7933140665606
335800 301.087615223875 165.220877529799 370634.0542877 16826.9460660705 387461.000353771 325029.677503502 68.7555360392983 68.7555360392983 68.7555360392983
335900 299.261867377767 248.104588442726 370712.343197511 16724.9101171197 387437.25331463 324748.327816317 68.7356917664513 68.7356917664513 68.7356917664513
336000 300.637520183584 -4.2763145919848 370598.032961095 16801.7915111017 387399.824472196 324841.028740597 68.7422314521254 68.7422314521254 68.7422314521254
336100 299.538396779346 -50.7479011149219 370632.55312052 16740.3645732008 387372.917693721 325562.232381394 68.7930670901122 68.7930670901122 68.7930670901122
336200 297.9134825721 563.458854915039 370833.24219188 16649.5526555237 387482.794847404 326321.003653596 68.8464697869206 68.8464697869206 68.8464697869206
336300 300.573353616007 561.25798981894 370919.500184863 16798.2054208167 387717.70560568 326925.699758915 68.8889693532271 68.8889693532271 68.8889693532271
336400 301.340981046755 136.598838215312 370852.708985114 16841.1059744195 387693.814959534 327039.742906662 68.8969787180191 68.8969787180191 68.8969787180191
336500 300.415477777751 -366.748950954021 370819.78030185 16789.3821810648 387609.162482914 326690.725578226 68.8724610061222 68.8724610061222 68.8724610061222
336600 297.853360014373 -15.1755415019944 370805.859829309 16646.1925736569 387452.052402966 326510.478416102 68.859792194848 68.859792194848 68.859792194848
336700 298.170225461912 316.326284015085 370748.529342146 16663.9012987134 387412.43064086 326479.00471474 68.8575795632788 68.8575795632788 68.8575795632788
336800 301.401179570697 15.7216448912445 370850.972634217 16844.4703018259 387695.442936043 326623.06473696 68.8677059579658 68.8677059579658 68.8677059579658
336900 302.373693000759 892.726434000035 370867.662061989 16898.8213618122 387766.483423802 326456.940449084 68.8560283393276 68.8560283393276 68.8560283393276
337000 300.772679779805 102.828399258678 370782.720419921 16809.3452035185 387592.065623439 326509.766837432 68.8597421717521 68.8597421717521 68.8597421717521
337100 298.049594105452 -575.142018390034 370791.179093565 16657.1595490486 387448.338642614 326517.423431731 68.860280416997 68.860280416997 68.860280416997
337200 298.493567434117 656.824522330018 370704.971940583 16681.9719786488 387386.943919231 326029.973365218 68.8259967279867 68.8259967279867 68.8259967279867
337300 297.457973904873 350.300492839229 370747.048722056 16624.0955480622 387371.144270119 325830.993525615 68.8119921129486 68.8119921129486 68.8119921129486
337400 302.841791189053 -245.24973155033 370709.807458401 16924.9820624515 387634.789520853 326066.063321377 68.8285362036588 68.8285362036588 68.8285362036588
337500 303.346863211699 -3.70931158618042 370782.857830761 16953.2091274479 387736.066958209 326628.923114895 68.8681176972462 68.8681176972462 68.8681176972462
337600 299.97130115763 -598.27970785703 370850.672459691 16764.5583900728 387615.230849763 326852.795477609 68.8838482363351 68.8838482363351 68.8838482363351
337700 298.333155876013 -191.259555241641 370804.480928898 16673.0070245951 387477.487953493 326981.842236178 68.8929125285187 68.8929125285187 68.8929125285187
337800 300.429979371063 538.217362935351 370716.64125522 16790.1926346211 387506.833889841 326685.806214315 68.8721153066851 68.8721153066851 68.8721153066851
337900 298.681369636449 -922.050611730293 370842.219350304 16692.4677193234 387534.687069627 326329.963079076 68.8470998609517 68.8470998609517 68.8470998609517
338000 301.261497732588 12.277898372006 370711.094711409 16836.6638739377 387547.758585347 326133.326714875 68.8332687033227 68.8332687033227 68.8332687033227
338100 301.19002995833 117.639515082548 370698.255991199 16832.6697395991 387530.925730798 326545.543562037 68.8622571409884 68.8622571409884 68.8622571409884
338200 300.059333836779 142.879061102114 370741.596010532 16769.4782906904 387511.074301223 326851.464943232 68.8837547666817 68.8837547666817 68.8837547666817
338300 299.720583985418 -36.7596816635404 370680.212393901 16750.5465074136 387430.758901315 327083.388543793 68.9000435022818 68.9000435022818 68.9000435022818
338400 296.491783368499 -257.45979939942 370668.178817845 16570.0978569482 387238.276674793 326755.484291385 68.8770114845283 68.8770114845283 68.8770114845283
338500 296.646656021341 508.498562952638 370612.744013503 16578.7532570534 387191.497270556 326152.698641602 68.8346315474193 68.8346315474193 68.8346315474193
338600 299.030098217428 124.648899722308 370756.218275508 16711.9571859342 387468.175461443 325873.4063659 68.8149776949076 68.8149776949076 68.8149776949076
338700 299.750831270575 -897.861660105887 370810.359128164 16752.2369437194 387562.596071883 326041.509321519 68.8268084778168 68.8268084778168 68.8268084778168
338800 300.278696536001 26.3771338758315 370741.934030785 16781.7378594075 387523.671890193 326138.37548933 68.8336238973767 68.8336238973767 68.8336238973767
338900 299.447358968441 218.588654586237 370646.200678783 16735.2767241608 387381.477402944 326395.075199921 68.8516785421218 68.8516785421218 68.8516785421218
339000 298.978509259983 -89.4581001823646 370531.364921762 16709.0740231581 387240.43894492 326758.201867787 68.8772024305937 68.8772024305937 68.8772024305937
339100 299.46729084474 111.650366363618 370643.645196254 16736.3906610699 387380.035857324 326982.47492089 68.8929569626521 68.8929569626521 68.8929569626521
339200 300.501824503443 -773.982960943692 370814.589365673 16794.2078584515 387608.797224125 326662.062605545 68.8704467185506 68.8704467185506 68.8704467185506
339300 302.431247220926 295.864321504792 370718.902352802 16902.0379064645 387620.940259267 325917.110029346 68.8180538712492 68.8180538712492 68.8180538712492
339400 298.646524079199 -251.382885683039 370749.578326377 16690.5202984304 387440.098624807 325379.608469407 68.7802015428329 68.7802015428329 68.7802015428329
339500 299.582414100006 -164.316553099237 370570.699766028 16742.8245783397 387313.524344368 325047.869389658 68.7568187627294 68.7568187627294 68.7568187627294
339600 299.404460182289 668.502476877289 370600.996409315 16732.8792307922 387333.875640108 325362.233541626 68.7789772576436 68.7789772576436 68.7789772576436
339700 300.96939513111 -200.195925265996 370660.650560307 16820.3390752004 387480.989635507 326157.22525437 68.8349499936378 68.8349499936378 68.8349499936378
339800 300.70922811928 506.184654773519 370742.322808478 16805.7990673924 387548.121875871 326900.010529643 68.8871649158226 68.8871649158226 68.8871649158226
339900 298.965434498464 -49.5622976157397 370861.476636643 16708.3433112465 387569.81994789 327379.073773317 68.9207992585123 68.9207992585123 68.9207992585123
340000 299.559949563104 -821.705413485162 370881.565544547 16741.5690981016 387623.134642648 327601.182501984 68.9363820612154 68.9363820612154 68.9363820612154
340100 297.629857453223 366.958490285106 371042.280812234 16633.7016396166 387675.98245185 327237.541356691 68.9108658876023 68.9108658876023 68.9108658876023
340200 303.947748894867 36.6274232412512 370755.723425564 16986.7909503834 387742.514375948 326517.68862609 68.8602990595478 68.8602990595478 68.8602990595478
340300 302.235797161092 905.142206555609 370723.348988031 16891.1147483898 387614.463736421 325877.455675433 68.8152627258282 68.8152627258282 68.8152627258282
340400 299.021005595322 1031.05944672244 370703.909648267 16711.4490246746 387415.358672942 325838.078507289 68.8124908665756 68.8124908665756 68.8124908665756
340500 299.114598496101 -302.895644643485 370605.981016193 16716.6796705529 387322.660686746 326095.840747661 68.8306313560493 68.8306313560493 68.8306313560493
340600 299.810217159027 -191.28098218787 370596.595868052 16755.5558551974 387352.15172325 326419.75088295 68.8534135758405 68.8534135758405 68.8534135758405
340700 302.163162837743 -139.913878055664 370738.094120442 16887.0554188799 387625.149539321 326320.840107581 68.8464582853955 68.8464582853955 68.8464582853955
340800 302.452237196637 -110.544365243157 370796.290603454 16903.2109775952 387699.501581049 326260.16979615 68.8421913243353 68.8421913243353 68.8421913243353
340900 297.972958162979 831.348698498775 370877.182421511 16652.8765802199 387530.059001731 325883.641047142 68.8156981096192 68.8156981096192 68.8156981096192
341000 299.341853495257 522.428244684072 370686.138662633 16729.3803178751 387415.518980508 325736.405255845 68.8053327943276 68.8053327943276 68.8053327943276
341100 299.999523930071 388.809810180493 370678.257564871 16766.135682016 387444.393246887 326200.630988969 68.8380034280007 68.8380034280007 68.8380034280007
341200 299.447843679376 8.23844538693522 370900.157306682 16735.3038133015 387635.461119983 326884.720647748 68.8860908942017 68.8860908942017 68.8860908942017
341300 300.737327667113 -1146.42876879816 371011.126128034 16807.3694726564 387818.49560069 327399.363177118 68.9222230239588 68.9222230239588 68.9222230239588
341400 303.813399423714 488.446358121503 370769.124357677 16979.2825335945 387748.406891271 327124.244579889 68.9029121545016 68.9029121545016 68.9029121545016
341500 301.755966243275 -586.716571951068 370723.652992625 16864.2983382597 387587.951330885 326795.398377861 68.8798158761842 68.8798158761842 68.8798158761842
341600 298.209762303548 169.390575041018 370782.538765528 16666.1109023909 387448.649667919 325848.621646236 68.8132330468952 68.8132330468952 68.8132330468952
341700 299.015189910626 659.296557978482 370668.124512621 16711.1240022966 387379.248514918 325427.078230288 68.7835461705356 68.7835461705356 68.7835461705356
341800 300.133167961825 230.364527106653 370596.210980001 16773.6046737668 387369.815653768 325360.514516148 68.7788561280119 68.7788561280119 68.7788561280119
341900 299.520985028005 135.302653689142 370809.83728443 16739.3914790385 387549.228763468 325835.051261178 68.8122777617605 68.8122777617605 68.8122777617605
342000 303.289929085809 838.559153060914 370773.098747037 16950.0272381332 387723.12598517 326592.102844285 68.8655298084222 68.8655298084222 68.8655298084222
342100 300.190349405145 -934.367008680707 370957.275228852 16776.8003849621 387734.075613814 327700.913600542 68.9433767485976 68.9433767485976 68.9433767485976
342200 298.410998688273 320.009160079803 370902.545183681 16677.3574420062 387579.902625687 328314.935939932 68.9864102578909 68.9864102578909 68.9864102578909
342300 297.895968270457 -529.503508187935 370716.90478296 16648.5738301113 387365.478613071 328542.811087728 69.0023671447047 69.0023671447047 69.0023671447047
342400 297.3341795632 189.364956848584 370816.860189415 16617.177027986 387434.037217401 327252.777177385 68.9119353424274 68.9119353424274 68.9119353424274
342500 296.849614133355 1157.79356460938 370953.038892959 16590.0960191992 387543.134912159 326636.57196406 68.8686552672484 68.8686552672484 68.8686552672484
342600 299.491837663189 -461.167235203365 370864.446607259 16737.7625142092 387602.209121468 326262.801442468 68.8423764197785 68.8423764197785 68.8423764197785
342700 301.793627647424 250.637647049825 370693.985791674 16866.4031289729 387560.388920647 326206.329640278 68.8384042871211 68.8384042871211 68.8384042871211
342800 300.717472854151 517.79592493487 370612.123937398 16806.259842602 387418.38378 326311.194281152 68.8457799269125 68.8457799269125 68.8457799269125
342900 295.988577713603 32.8025636646109 370667.823281477 16541.9750980338 387209.798379511 326390.584650411 68.8513627864494 68.8513627864494 68.8513627864494
343000 295.801045272 155.308837173964 370764.186678694 16531.494433533 387295.681112227 326192.879095467 68.8374581305693 68.8374581305693 68.8374581305693
343100 298.820956952566 -83.4146430340352 370743.329307578 16700.2688646414 387443.598172219 326551.076900945 68.8626460975081 68.8626460975081 68.8626460975081
343200 299.584055006176 -749.880336529191 370820.48884526 16742.9162840036 387563.405129263 327020.93469697 68.8956579267972 68.8956579267972 68.8956579267972
343300 300.385305117608 -17.5014546631294 370879.410895523 16787.6959153427 387667.106810865 327512.167435648 68.9301377486982 68.9301377486982 68.9301377486982
343400 299.641718270141 -624.263973951986 370975.606881013 16746.1389228092 387721.745803822 328025.785353639 68.9661519452791 68.9661519452791 68.9661519452791
343500 300.709133842494 -1044.91338327741 370745.550740414 16805.7937985261 387551.34453894 328046.303022861 68.9675898354842 68.9675898354842 68.9675898354842
343600 297.890399020844 633.981552440389 370706.019548943 16648.2625803018 387354.282129244 327249.216682322 68.9116854219658 68.9116854219658 68.9116854219658
343700 299.270564268161 -244.425158326609 370678.057019629 16725.3961620388 387403.453181668 326637.334796486 68.868708879537 68.868708879537 68.868708879537
343800 302.400743674101 -7.73537684866996 370665.46182676 16900.3331484098 387565.79497517 326117.796172896 68.832176067427 68.832176067427 68.832176067427
343900 302.553018021632 150.190399144629 370751.345231593 16908.8433364866 387660.18856808 326083.099628383 68.8297349010848 68.8297349010848 68.8297349010848
344000 302.012132865163 -394.764271956823 370641.015074119 16878.6147754444 387519.629849564 326411.869006077 68.85285938297 68.85285938297 68.85285938297
344100 297.837281816748 -220.887119026311 370566.073241209 16645.2940080879 387211.367249297 326650.553858659 68.8696379093474 68.8696379093474 68.8696379093474
344200 297.567040379702 -409.999365113246 370697.429247871 16630.1909687862 387327.620216657 326954.458299506 68.8909892700198 68.8909892700198 68.8909892700198
344300 301.605413772005 17.0331630829748 370688.301884787 16855.884381039 387544.186265826 326775.346261154 68.8784070289724 68.8784070289724 68.8784070289724
344400 302.078079632797 102.85118447017 370768.175524583 16882.3003561395 387650.475880723 326764.972428737 68.8776781483911 68.8776781483911 68.8776781483911
344500 299.701528101668 -105.222777591403 370813.519900382 16749.4815272819 387563.001427664 326574.198931844 68.8642713732709 68.8642713732709 68.8642713732709
344600 299.039939797132 -326.905248359766 370675.138088478 16712.5072043424 387387.64529282 326571.18744967 68.8640596968599 68.8640596968599 68.8640596968599
344700 295.631318629292 8.52634108050048 370743.915245593 16522.0088854121 387265.924131005 326652.790454986 68.8697950938634 68.8697950938634 68.8697950938634
344800 301.191069547049 290.470675371536 370740.993985745 16832.7278393097 387573.721825055 326710.543305726 68.8738536260727 68.8738536260727 68.8738536260727
344900 299.314879205936 197.324440545356 370982.425389887 16727.8728001672 387710.298190054 326736.225102582 68.8756582387581 68.8756582387581 68.8756582387581
345000 300.486757577926 363.676409918226 370908.870813041 16793.3658100568 387702.236623098 327060.191510206 68.8984146471087 68.8984146471087 68.8984146471087
345100 298.629869313846 358.414738569884 370886.407654135 16689.5895101012 387575.997164236 327300.676139015 68.9152973196175 68.9152973196175 68.9152973196175
345200 297.68981241024 -18.9263039434144 370841.321032273 16637.0523547477 387478.373387021 327276.390586121 68.9135927834763 68.9135927834763 68.9135927834763
345300 300.89533804532 -44.3314266841107 370781.910107183 16816.2002314705 387598.110338653 327391.943885206 68.9217023978652 68.9217023978652 68.9217023978652
345400 302.319258591517 927.616123303523 370925.808607862 16895.7791746809 387821.587782542 326854.444132013 68.8839640534759 68.8839640534759 68.8839640534759
345500 301.115784471961 358.089235732698 370935.360828618 16828.520366687 387763.881195305 326631.153896358 68.868274480025 68.868274480025 68.868274480025
345600 302.049703061524 -162.908740222302 370762.717768516 16880.714468809 387643.432237325 326640.338904608 68.8689200091206 68.8689200091206 68.8689200091206
345700 299.484571112207 240.432930760424 370813.969282009 16737.3564069657 387551.325688975 326932.865409195 68.8894726588777 68.8894726588777 68.8894726588777
345800 298.776841883845 86.8752043762591 370862.858746169 16697.8033966362 387560.662142805 327397.827450751 68.9221152597086 68.9221152597086 68.9221152597086
345900 300.284559570641 18.9310867610085 370891.692622156 16782.0655280418 387673.758150198 328093.881779694 68.9709239517638 68.9709239517638 68.9709239517638
346000 300.209155440245 -59.5750861952028 370931.986080926 16777.8514017504 387709.837482676 328235.968799731 68.9808788856683 68.9808788856683 68.9808788856683
346100 301.792641249377 -386.531927158161 370751.216613583 16866.3480019405 387617.564615524 327597.374987812 68.9361149912916 68.9361149912916 68.9361149912916
346200 298.093751946126 300.076481867342 370634.688822026 16659.6274074587 387294.316229485 326811.379930956 68.8809386872723 68.8809386872723 68.8809386872723
346300 298.759386761832 534.351055802851 370645.788145526 16696.8278786082 387342.616024134 326322.845199786 68.8465992950984 68.8465992950984 68.8465992950984
346400 298.541841561833 117.172061943462 370857.882772274 16684.6698848474 387542.552657121 326388.09135474 68.8511874676238 68.8511874676238 68.8511874676238
346500 301.427877355409 -42.1884386030854 370788.862040442 16845.9623664633 387634.824406905 326585.461693361 68.8650630187347 68.8650630187347 68.8650630187347
346600 300.914865219192 -249.724612139379 370783.972675274 16817.2915506911 387601.264225965 326513.108623478 68.859977094526 68.859977094526 68.859977094526
346700 296.471995120092 305.663601633729 370805.643632928 16568.9919470009 387374.635579929 326731.130861738 68.8753002833311 68.8753002833311 68.8753002833311
346800 297.57313453346 316.436872552951 370658.075850834 16630.5315540226 387288.607404856 326922.922577809 68.8887742857791 68.8887742857791 68.8887742857791
346900 298.237247037898 -510.143025721865 370813.807172168 16667.6469474461 387481.454119614 326822.755327764 68.8817378627471 68.8817378627471 68.8817378627471
347000 300.940227182083 630.532752795705 370856.970233021 16818.708959977 387675.679192998 326485.533176114 68.8580385321004 68.8580385321004 68.8580385321004
347100 303.615889941297 89.7134148065717 370659.498933525 16968.2442801423 387627.743213667 326815.723654545 68.8812438566055 68.8812438566055 68.8812438566055
347200 300.4496760021 -517.487431708195 370694.912435906 16791.2934243295 387486.205860235 326893.483852866 68.8867064603957 68.8867064603957 68.8867064603957
347300 298.014024587558 -110.17544965812 370730.484680785 16655.1716680169 387385.656348802 326785.346056366 68.879109614553 68.879109614553 68.879109614553
347400 298.047515105768 -131.079884818005 370745.385741393 16657.0433595616 387402.429100955 326483.935950311 68.8579262432912 68.8579262432912 68.8579262432912
347500 301.1777217904 366.635643865549 370791.726803763 16831.9818704625 387623.708674226 326360.245731988 68.8492294113841 68.8492294113841 68.8492294113841
347600 301.278745164404 -334.746061474463 370908.584918634 16837.6277847406 387746.212703374 326885.867714335 68.8861714698458 68.8861714698458 68.8861714698458
347700 299.063009458119 -144.843497896106 371001.272960244 16713.7965032759 387715.06946352 327409.141413996 68.922909169779 68.922909169779 68.922909169779
347800 299.070781570777 -36.6871446546384 370902.609059708 16714.2308649497 387616.839924657 327798.029008854 68.9501866196371 68.9501866196371 68.9501866196371
347900 296.579356183729 -16.0835142366551 370760.905440378 16574.9920570555 387335.897497434 327652.884293676 68.9400083678098 68.9400083678098 68.9400083678098
348000 298.00993040104 -276.854406223227 370602.275861706 16654.9428553648 387257.21871707 326712.581272601 68.8739968337156 68.8739968337156 68.8739968337156
348100 300.839703397263 -259.679803918724 370566.555221656 16813.0909663433 387379.646187999 326061.057623546 68.8281839881047 68.8281839881047 68.8281839881047
348200 297.778937328892 333.06054250249 370885.420186014 16642.0332975812 387527.453483595 326036.597232013 68.8264628314988 68.8264628314988 68.8264628314988
348300 301.211513721837 75.5235605410721 370716.959945787 16833.8704071508 387550.830352938 326696.158588732 68.8728427971156 68.8728427971156 68.8728427971156
348400 300.544150786891 485.484511754957 370750.537401492 16796.5733562426 387547.110757734 327424.823526205 68.9240095661967 68.9240095661967 68.9240095661967
348500 300.346591385263 -771.658956488613 370783.036109714 16785.5323129451 387568.568422659 327659.14268918 68.9404472988779 68.9404472988779 68.9404472988779
348600 301.25467265068 27.6633257884131 370813.546980366 16836.282439168 387649.829419534 327663.923677102 68.9407826085537 68.9407826085537 68.9407826085537
348700 301.398469795479 225.017570722776 370932.245887924 16844.3188600556 387776.56474798 327232.156495791 68.910487897696 68.910487897696 68.910487897696
348800 300.619175700648 -259.064404049331 371001.038678504 16800.766289175 387801.804967679 326967.352491077 68.891894882319 68.891894882319 68.891894882319
348900 298.705538526631 -82.4089244284101 370904.37308546 16693.8184511071 387598.191536567 326550.163609455 68.8625818995601 68.8625818995601 68.8625818995601
349000 300.975698050512 139.470108278543 370599.505215445 16820.6913277657 387420.196543211 326234.848710818 68.8404103284105 68.8404103284105 68.8404103284105
349100 301.047279699288 -80.8275428754365 370600.31174587 16824.6918262331 387425.003572103 326531.112793015 68.8612427342841 68.8612427342841 68.8612427342841
349200 295.416804229099 185.757155920779 371030.466458758 16510.0202745894 387540.486733347 327201.099011178 68.9083077389649 68.9083077389649 68.9083077389649
349300 300.84718122796 -741.745616061676 370971.203630424 16813.5088814201 387784.712511844 327736.508698013 68.9458728838085 68.9458728838085 68.9458728838085
349400 300.941834620301 -103.511945463868 370986.469193788 16818.7987952105 387805.267988999 328145.52918916 68.9745428170236 68.9745428170236 68.9745428170236
349500 299.853740255087 628.238124319919 370951.088023984 16757.9882395035 387709.076263488 328051.902307777 68.9679822262177 68.9679822262177 68.9679822262177
349600 300.237760947037 162.192431826817 370781.637761854 16779.4500836478 387561.087845502 327353.07462464 68.9189747379618 68.9189747379618 68.9189747379618
349700 298.053571341137 678.403468341023 370840.340906369 16657.3818256451 387497.722732014 326701.288935885 68.8732033153261 68.8732033153261 68.8732033153261
349800 299.033701820095 403.916797682439 370770.401862279 16712.1585812246 387482.560443503 325995.32862539 68.8235587688937 68.8235587688937 68.8235587688937
349900 297.028297205967 521.363755782111 370726.944028321 16600.0821171778 387327.026145499 325687.684646731 68.8019022036046 68.8019022036046 68.8019022036046
350000 298.518406474544 -267.262939435455 370598.816602516 16683.3601632584 387282.176765774 326053.455663376 68.8276490850374 68.8276490850374 68.8276490850374
350100 300.549014743496 17.5593042109586 370710.991015938 16796.8451891953 387507.836205134 326593.937157986 68.8656587365738 68.8656587365738 68.8656587365738
350200 299.8849352084 520.595367058528 370886.258007788 16759.7316383363 387645.989646124 327180.61510869 68.9068697440878 68.9068697440878 68.9068697440878
350300 302.402893929088 -195.507357132046 370808.240416745 16900.4533201567 387708.693736902 327581.792705735 68.9350219839368 68.9350219839368 68.9350219839368
350400 302.388268922827 -596.566272374519 370711.637800822 16899.6359693952 387611.273770217 327345.269931539 68.9184270156775 68.9184270156775 68.9184270156775
350500 297.980739148341 161.51960113557 370698.112701289 16653.3114377643 387351.424139053 326520.573341738 68.8605018477419 68.8605018477419 68.8605018477419
350600 301.066690258226 239.77928570781 370540.33037384 16825.7766281706 387366.107002011 325981.749884433 68.8226031823459 68.8226031823459 68.8226031823459
350700 300.65311279397 189.426349095927 370685.137149416 16802.6629385557 387487.800087972 325682.373571959 68.8015282113306 68.8015282113306 68.8015282113306
350800 302.808534447675 428.043254398296 370624.096804382 16923.1234360411 387547.220240423 325997.570037626 68.8237165028647 68.8237165028647 68.8237165028647
350900 300.707207036427 157.365983404471 370716.346539261 16805.6861147154 387522.032653977 326348.772385941 68.8484225930483 68.8484225930483 68.8484225930483
351000 298.057125396944 135.278952765091 370817.620996881 16657.5804518999 387475.201448781 326697.153993249 68.8729127461772 68.8729127461772 68.8729127461772
351100 299.675724349834 -838.997484138787 370897.741351507 16748.0394276456 387645.780779152 327016.423996509 68.8953411589985 68.8953411589985 68.8953411589985
351200 303.049872560276 -400.279603306394 370845.581553295 16936.6111492484 387782.192702543 327010.35785359 68.8949151543298 68.8949151543298 68.8949151543298
351300 301.851765381386 822.615033533274 370793.796564024 16869.6522845818 387663.448848606 326877.074405358 68.8855537794108 68.8855537794108 68.8855537794108
351400 297.003018321369 -601.091100970168 370906.826647219 16598.6693509057 387505.495998125 327102.324116059 68.9013730679959 68.9013730679959 68.9013730679959
351500 298.583808222274 -163.948978620069 370732.398672079 16687.0152843129 387419.413956392 327213.013017908 68.9091440891284 68.9091440891284 68.9091440891284
351600 300.558005257598 147.395581007633 370662.968863359 16797.3476439236 387460.316507282 327153.631899546 68.9049753983672 68.9049753983672 68.9049753983672
351700 304.510152327654 242.582225348555 370727.131639283 17018.222107802 387745.353747085 326991.650844664 68.8936013912856 68.8936013912856 68.8936013912856
351800 301.872564934776 834.512323866595 370830.904900443 16870.8147135407 387701.719613984 326348.71912052 68.8484188473211 68.8484188473211 68.8484188473211
351900 300.483162858853 105.490251532387 370713.360584476 16793.1649112456 387506.525495722 325848.129491047 68.8131984021711 68.8131984021711 68.8131984021711
352000 299.103211514916 115.420694661 370701.140862962 16716.0432839712 387417.184146934 325631.441085773 68.79794146971 68.79794146971 68.79794146971
352100 300.024707520631 865.017530272124 370614.011584562 16767.5431225704 387381.554707132 325764.948955714 68.8073424984664 68.8073424984664 68.8073424984664
352200 298.349140355593 -523.722671289682 370766.565712935 16673.9003525243 387440.466065459 326447.080651643 68.8553351255702 68.8553351255702 68.8553351255702
352300 302.802710327894 339.055681111446 370806.776061272 16922.7979422496 387729.574003522 326914.800439805 68.8882037855921 68.8882037855921 68.8882037855921
352400 303.407197550364 -103.894351345946 370802.976458883 16956.5810451599 387759.557504043 326990.936792518 68.8935512435631 68.8935512435631 68.8935512435631
352500 299.977204616026 -625.984193262425 370826.382497244 16764.8883178779 387591.270815122 327121.85151704 68.9027441353631 68.9027441353631 68.9027441353631
352600 298.315506215861 368.750519679485 370845.904003542 16672.0206343737 387517.924637915 327080.317550492 68.8998278669203 68.8998278669203 68.8998278669203
352700 298.154290798946 -145.898231665613 370863.138260255 16663.0107548958 387526.14901515 326977.034677354 68.8925748865765 68.8925748865765 68.8925748865765
352800 299.31622800907 -281.413548515731 370945.851271991 16727.9481810081 387673.799452999 326590.846357385 68.8654414936239 68.8654414936239 68.8654414936239
352900 305.139162755667 -373.898902390551 370800.913706239 17053.3757441922 387854.289450431 326258.621034665 68.8420823925553 68.8420823925553 68.8420823925553
353000 302.077282486164 -105.451864270367 370775.875094484 16882.2558058401 387658.130900324 326004.925039763 68.8242340882924 68.8242340882924 68.8242340882924
353100 302.345013977665 -74.0873752328641 370612.410203063 16897.218571294 387509.628774357 325986.932376558 68.8229678967397 68.8229678967397 68.8229678967397
353200 299.8179025611 524.56599097974 370727.214265827 16755.9853708588 387483.199636686 326161.870778537 68.8352768021836 68.8352768021836 68.8352768021836
353300 300.822440192062 -402.099206488885 370671.853905448 16812.1261740099 387483.980079458 326070.638026998 68.8288580901867 68.8288580901867 68.8288580901867
353400 299.989432809296 316.337486061725 370770.015453769 16765.5717174541 387535.587171223 325758.538827535 68.8068911845365 68.8068911845365 68.8068911845365
353500 301.689703832701 -147.506468103688 370787.945666284 16860.5951171621 387648.540783446 325979.88567535 68.8224719889416 68.8224719889416 68.8224719889416
353600 300.914364903267 -567.346311141449 370710.901791313 16817.2635894311 387528.165380744 326013.655435191 68.8248484526459 68.8248484526459 68.8248484526459
353700 298.777217992207 775.866624886626 370625.381260584 16697.8244162824 387323.205676866 325924.547802419 68.8185773675193 68.8185773675193 68.8185773675193
353800 299.17892062301 1107.04123126663 370638.30455127 16720.2744546145 387358.579005884 325869.906544713 68.8147313405725 68.8147313405725 68.8147313405725
353900 299.055460768018 41.1586558845435 370771.803086747 16713.374628065 387485.177714812 326011.481212974 68.8246954520535 68.8246954520535 68.8246954520535
354000 299.850836456858 752.358994084055 370775.199015848 16757.825954329 387533.024970177 325766.846419308 68.8074760908764 68.8074760908764 68.8074760908764
354100 302.765502887893 -552.221704419206 370593.422583984 16920.718522325 387514.141106309 326025.03040676 68.8256489013146 68.8256489013146 68.8256489013146
354200 298.307783357485 -555.040786116044 370780.757111164 16671.5890253841 387452.346136548 326188.5766683 68.8371554778842 68.8371554778842 68.8371554778842
354300 297.842115245818 473.605394006419 370825.294833793 16645.5641349419 387470.858968735 326223.020914192 68.8395783712927 68.8395783712927 68.8395783712927
354400 302.160188144235 -593.689899297137 370870.17160235 16886.8891715662 387757.060773916 326796.708975252 68.8799079558021 68.8799079558021 68.8799079558021
354500 302.46753756721 737.997194949101 370887.541324021 16904.0660725822 387791.607396603 326696.380272198 68.8728583752674 68.8728583752674 68.8728583752674
354600 298.029515120876 -70.6897547083031 370944.55565653 16656.0373906686 387600.593047199 326458.398228035 68.8561308303526 68.8561308303526 68.8561308303526
354700 298.692794051954 216.096169026059 370772.955149401 16693.1061980047 387466.061347406 325978.009345284 68.82233994202 68.82233994202 68.82233994202
354800 300.156032881147 -555.822944695318 370633.495287279 16774.8825302604 387408.377817539 325803.766636664 68.8100753844478 68.8100753844478 68.8100753844478
354900 299.998052882121 -1027.63704994353 370611.512793182 16766.0534692538 387377.566262436 325614.29938343 68.7967342413531 68.7967342413531 68.7967342413531
355000 296.813117628798 -172.9440723423 370740.166256503 16588.0563314713 387328.222587974 325344.971412633 68.7777608774038 68.7777608774038 68.7777608774038
355100 299.719493697252 63.7134216333887 370508.589215658 16750.4855742525 387259.07478991 325624.312959687 68.797439466609 68.797439466609 68.797439466609
355200 298.286923308325 427.766828651941 370725.865932946 16670.4232154856 387396.289148431 325817.17003007 68.8110189747905 68.8110189747905 68.8110189747905
355300 300.001568204371 134.786408878958 370800.09117917 16766.2499307983 387566.341109968 325901.155944434 68.8169309405442 68.8169309405442 68.8169309405442
355400 303.580265530577 427.411217021017 370605.451023262 16966.2533313038 387571.704354566 325821.84897058 68.811348363123 68.811348363123 68.811348363123
355500 298.729022407236 -230.630995907772 370721.349176133 16695.1308996183 387416.480075751 326087.591226716 68.8300509290169 68.8300509290169 68.8300509290169
355600 298.02546734023 -173.512971777186 370590.089628874 16655.8111715113 387245.900800385 326445.795222918 68.8552447497767 68.8552447497767 68.8552447497767
355700 298.220442853555 -592.986767892522 370766.476184158 16666.7078085067 387433.183992665 326830.408895057 68.8822755516444 68.8822755516444 68.8822755516444
355800 300.712424167798 -275.477672789009 370812.226867315 16805.9776856196 387618.204552934 326454.899620995 68.8558848557701 68.8558848557701 68.8558848557701
355900 299.14523608841 822.575181968194 370890.364818826 16718.3919200355 387608.756738862 325680.070066693 68.8013660031291 68.8013660031291 68.8013660031291
356000 298.342545145965 602.21378780034 370837.45317697 16673.5317646744 387510.984941644 325369.217800906 68.7794693929966 68.7794693929966 68.7794693929966
356100 299.175028539088 56.142844435122 370655.039474435 16720.0569369123 387375.096411347 325388.317625387 68.7808151975136 68.7808151975136 68.7808151975136
356200 296.013284440578 122.0517731067 370765.998611447 16543.355888014 387309.354499461 325429.29059872 68.7837020418111 68.7837020418111 68.7837020418111
356300 299.96964876694 -528.954383729891 370673.330204501 16764.4660425712 387437.796247073 325713.057619121 68.8036888471854 68.8036888471854 68.8036888471854
356400 299.867885549705 50.4645549675598 370881.647961126 16758.7787805208 387640.426741647 326027.552559638 68.8258263808991 68.8258263808991 68.8258263808991
356500 300.425043226017 -504.565002013578 370800.607975772 16789.916767258 387590.52474303 325966.880297588 68.8215567237268 68.8215567237268 68.8215567237268
356600 299.449186206605 294.025707379071 370674.691950958 16735.3788433995 387410.070794358 325752.037462613 68.80643344091 68.80643344091 68.80643344091
356700 298.970663909611 307.380261174203 370645.240412621 16708.635568433 387353.875981054 325846.173349763 68.8130607014086 68.8130607014086 68.8130607014086
356800 298.684961103274 164.940861562888 370738.365461297 16692.6684363755 387431.033897672 326314.501905207 68.8460125424774 68.8460125424774 68.8460125424774
356900 300.032471760287 -18.4198184955518 370739.540957401 16767.9770442442 387507.518001646 326750.219116413 68.8766415325997 68.8766415325997 68.8766415325997
357000 299.065550127964 -627.434520152412 370816.81869899 16713.9384942191 387530.757193209 326610.490720447 68.8668222126768 68.8668222126768 68.8668222126768
357100 300.271941551495 -357.679206774502 370787.336686761 16781.3603421859 387568.697028946 326030.815270454 68.8260559709213 68.8260559709213 68.8260559709213
357200 302.250445713144 -523.358458565429 370651.515179264 16891.9334150598 387543.448594324 325711.545272788 68.8035823575773 68.8035823575773 68.8035823575773
357300 298.000131443047 166.467199944166 370685.097380866 16654.395218965 387339.492599831 325386.928054218 68.7807172878585 68.7807172878585 68.7807172878585
357400 298.328548139857 -43.1581211590109 370562.491974968 16672.7495110879 387235.241486056 325640.228788012 68.7985603395012 68.7985603395012 68.7985603395012
357500 298.584469143934 -95.1810777623578 370671.237708807 16687.052221379 387358.289930186 325941.001713278 68.8197354225464 68.8197354225464 68.8197354225464
357600 303.029106245954 -147.377899615081 370629.783621091 16935.4505779283 387565.234199019 326480.033577683 68.8576518955845 68.8576518955845 68.8576518955845
357700 301.736987866892 168.056222434067 370679.857852475 16863.2376897983 387543.095542274 326537.863549611 68.8617172804726 68.8617172804726 68.8617172804726
357800 298.702219456456 131.498915561283 370819.959121944 16693.6329575431 387513.592079487 326745.671438706 68.8763219916557 68.8763219916557 68.8763219916557
357900 300.119301837273 570.326220461683 370743.04879256 16772.829734785 387515.878527345 326221.310601115 68.8394580676668 68.8394580676668 68.8394580676668
358000 300.48113690279 543.734826103783 370770.052453538 16793.0516862184 387563.104139757 325965.33577715 68.8214480250877 68.8214480250877 68.8214480250877
358100 301.272038171316 -461.320904394739 370852.287225692 16837.2529496254 387689.540175318 325878.688509604 68.8153495045635 68.8153495045635 68.8153495045635
358200 299.202121507205 -590.853225543838 370914.522638432 16721.5710872467 387636.093725679 326046.331582656 68.8271477998539 68.8271477998539 68.8271477998539
358300 297.484919970244 -155.199007339683 370782.015059123 16625.6014884124 387407.616547536 326459.351580926 68.8561978568894 68.8561978568894 68.8561978568894
358400 299.349832876187 50.8404884702571 370701.602667178 16729.8262631939 387431.428930371 326757.867952034 68.877178968606 68.877178968606 68.877178968606
358500 299.528178848114 -153.263196660032 370809.062849519 16739.7935215565 387548.856371075 326982.898231927 68.8929866922133 68.8929866922133 68.8929866922133
358600 301.953938273643 11.4543750956757 370746.120646175 16875.3624422253 387621.4830884 326687.225194222 68.8722150232981 68.8722150232981 68.8722150232981
358700 299.110725031956 91.8340821958593 370889.280053137 16716.4631934581 387605.743246595 326054.951423546 68.8277543331155 68.8277543331155 68.8277543331155
358800 300.601172421886 -112.049665522581 370743.274353103 16799.7601361968 387543.0344893 325611.611545003 68.7965449427309 68.7965449427309 68.7965449427309
358900 298.119670613011 -320.795444173919 370782.59467768 16661.0759293763 387443.670607057 325432.540020561 68.7839309768683 68.7839309768683 68.7839309768683
359000 301.119247437964 282.142603023959 370547.186920281 16828.713902187 387375.900822468 325476.567491891 68.7870327420761 68.7870327420761 68.7870327420761
359100 297.616383189387 -128.083110372839 370677.82611634 16632.948600636 387310.774716976 325828.343898937 68.8118055882493 68.8118055882493 68.8118055882493
359200 299.657681286827 239.89506435595 370643.335543423 16747.0310512371 387390.366594661 325827.986367169 68.8117804191524 68.8117804191524 68.8117804191524
359300 303.661039576738 554.646387894274 370552.381244712 16970.7675671925 387523.148811904 325905.091673581 68.8172079608468 68.8172079608468 68.8172079608468
359400 301.208613068609 -216.872625576086 370678.254855134 16833.7082977416 387511.963152875 326134.259438882 68.833334323092 68.833334323092 68.833334323092
359500 299.257048263328 167.145641957073 370677.953507486 16724.6407902704 387402.594297756 326508.009287699 68.8596186178792 68.8596186178792 68.8596186178792
359600 297.288589639048 189.229931601992 370614.080574103 16614.6291344292 387228.709708533 326821.537500826 68.8816523055261 68.8816523055261 68.8816523055261
359700 296.868087980935 -176.937217807696 370748.420436691 16591.1284709546 387339.548907646 326738.078635453 68.875788479449 68.875788479449 68.875788479449
359800 300.859252443858 392.731104885904 370743.154647908 16814.1835079693 387557.338155877 326055.962445424 68.8278254727533 68.8278254727533 68.8278254727533
359900 300.647229364561 742.520377591128 370729.560802575 16802.3341301148 387531.89493269 325676.18699013 68.8010925629669 68.8010925629669 68.8010925629669
360000 301.776432132903 -33.3190051118875 370624.915449171 16865.4421196826 387490.357568854 325613.497653579 68.7966777773702 68.7966777773702 68.7966777773702
360100 300.705845408118 930.596852521335 370615.711727667 16805.6100171114 387421.321744779 326114.129026389 68.8319180639048 68.8319180639048 68.8319180639048
360200 297.809519579689 -600.113355752054 370674.738461669 16643.7424541812 387318.480915851 326820.762597537 68.8815978653552 68.8815978653552 68.8815978653552
360300 298.026200881676 -79.9307108873166 370686.559956023 16655.8521670944 387342.412123117 327197.355592975 68.9080449509344 68.9080449509344 68.9080449509344
360400 298.819019699511 5.48092028405182 370891.740831846 16700.1605969776 387591.901428824 327241.904889191 68.9111721823967 68.9111721823967 68.9111721823967
360500 301.122496987771 -321.996687036726 370841.391911214 16828.8955104517 387670.287421666 326899.739483329 68.8871458767518 68.8871458767518 68.8871458767518
360600 300.891271116679 -446.120604133763 370788.635884591 16815.9729421852 387604.608826776 327069.002632624 68.8990333578028 68.8990333578028 68.8990333578028
360700 298.542960622574 -122.097094254097 370751.46101347 16684.7324260274 387436.193439497 326958.881817105 68.8912999546033 68.8912999546033 68.8912999546033
360800 295.318112371971 -434.174113893453 370738.422354454 16504.504662279 387242.927016733 327030.681955271 68.896342426402 68.896342426402 68.896342426402
360900 296.442538256805 492.304309583952 370607.124920262 16567.3456851664 387174.470605428 327155.966921533 68.905139331796 68.905139331796 68.905139331796
361000 299.888536486165 -117.628157086221 370723.56137107 16759.9329036944 387483.494274765 326910.180167274 68.8878792527427 68.8878792527427 68.8878792527427
361100 300.50054521686 -281.027696744341 370844.626743718 16794.1363626966 387638.763106414 326528.290046988 68.8610443066796 68.8610443066796 68.8610443066796
361200 302.738692874063 764.980421248959 370745.992464877 16919.2201855156 387665.212650392 326376.278692441 68.8503568351549 68.8503568351549 68.8503568351549
361300 300.970355923749 -671.790910508161 370655.33003971 16820.3927712181 387475.722810928 326541.09392279 68.8619443580807 68.8619443580807 68.8619443580807
361400 298.605581077695 27.141021404529 370686.046931934 16688.2321084045 387374.279040338 326583.932547227 68.8649555380274 68.8649555380274 68.8649555380274
361500 298.704787944412 -390.082056160658 370795.488865594 16693.7765031627 387489.265368757 326817.910431719 68.8813974881322 68.8813974881322 68.8813974881322
361600 301.456605091436 -494.774753933819 370761.781501448 16847.5678794113 387609.349380859 326859.803923698 68.8843405734493 68.8843405734493 68.8843405734493
361700 301.38002931642 -15.7065220343778 370737.00452439 16843.2882731737 387580.292797564 326620.806570303 68.8675472478884 68.8675472478884 68.8675472478884
361800 298.791923847117 -572.295826312605 370839.560146521 16698.646285449 387538.20643197 326299.408911415 68.84495108341 68.84495108341 68.84495108341
361900 298.025008295412 -12.2220125485768 370787.716397129 16655.7855167782 387443.501913907 326064.576594811 68.8284315936014 68.8284315936014 68.8284315936014
362000 295.996847727733 -132.398885075184 370714.217749139 16542.4372860305 387256.65503517 326339.229645097 68.8477515225925 68.8477515225925 68.8477515225925
362100 296.132824393743 18.8630667670985 370597.304628226 16550.0366421963 387147.341270423 326475.521382474 68.8573346729202 68.8573346729202 68.8573346729202
362200 299.528554276073 -116.936936497941 370698.079548599 16739.8145031768 387437.894051776 327154.502515956 68.9050365212805 68.9050365212805 68.9050365212805
362300 299.407075259695 -145.384510022608 370829.257837451 16733.0253801661 387562.283217617 327398.659833447 68.9221736693077 68.9221736693077 68.9221736693077
362400 299.990566953755 291.970641925273 370880.545291652 16765.635101621 387646.180393273 327432.902042275 68.9245764129959 68.9245764129959 68.9245764129959
362500 301.018246368769 456.679647818933 370885.546683584 16823.0692344623 387708.615918046 326879.474460172 68.8857223735738 68.8857223735738 68.8857223735738
362600 298.888367555593 -21.7070608820037 370904.004377542 16704.036255009 387608.040632551 326438.513032434 68.8547327497817 68.8547327497817 68.8547327497817
362700 298.686843520849 222.006590306732 370682.970028224 16692.7736394374 387375.743667661 326304.06457592 68.8452785101658 68.8452785101658 68.8452785101658
362800 296.408018209563 -337.14404507075 370754.889784802 16565.4164561188 387320.30624092 326778.472427338 68.8786266749388 68.8786266749388 68.8786266749388
362900 298.718477397342 -197.035020982403 370721.769104759 16694.541568461 387416.31067322 327149.217337574 68.9046654658436 68.9046654658436 68.9046654658436
363000 300.595634953415 -24.9580563667754 370753.878761869 16799.4506625467 387553.329424416 327464.977668165 68.9268269776431 68.9268269776431 68.9268269776431
363100 300.746324512671 359.676478780948 370777.515968771 16807.8722812321 387585.388250003 327396.236044306 68.9220035879474 68.9220035879474 68.9220035879474
363200 300.214863190413 -152.101767360839 370811.223505334 16778.1703919691 387589.393897303 327603.095631652 68.9365162528159 68.9365162528159 68.9365162528159
363300 300.73344165031 386.48076116067 370728.180359222 16807.1522940285 387535.332653251 327627.328615219 68.9382159684161 68.9382159684161 68.9382159684161
363400 299.264437773804 -554.432871049235 370747.678881093 16725.0537693767 387472.73265047 327330.70413016 68.9174047851243 68.9174047851243 68.9174047851243
363500 296.981873469218 -264.74660219004 370880.576006241 16597.4876241633 387478.063630404 326968.728611594 68.8919915315372 68.8919915315372 68.8919915315372
363600 300.843438226292 396.808240208959 370830.11702504 16813.2996955087 387643.416720549 326566.484792119 68.8637291455056 68.8637291455056 68.8637291455056
363700 302.57346504094 -29.8920957295454 370838.522013088 16909.9860633 387748.508076388 326725.890412817 68.8749320504646 68.8749320504646 68.8749320504646
363800 299.134163938129 556.40978713656 370930.22094973 16717.7731284739 387647.994078204 327396.245265126 68.9220042349894 68.9220042349894 68.9220042349894
363900 297.530092422694 298.041205572402 370782.885854972 16628.1260506415 387411.011905614 328047.894599078 68.9677013715664 68.9677013715664 68.9677013715664
364000 298.675407922008 -793.655387958092 370784.82961928 16692.1345357506 387476.964155031 328261.750152996 68.9826848769023 68.9826848769023 68.9826848769023
364100 300.470313662647 505.210493583602 370803.868449783 16792.4468055494 387596.315255332 327059.473649639 68.8983642389652 68.8983642389652 68.8983642389652
364200 302.361680796634 148.71162287816 370716.168324569 16898.1500332663 387614.318357835 326451.760424406 68.8556641485586 68.8556641485586 68.8556641485586
364300 298.609959941683 377.706262688166 370866.301702815 16688.4768308854 387554.778533701 326201.877398851 68.8380911043674 68.8380911043674 68.8380911043674
364400 298.062044552355 521.56686955907 370622.413180089 16657.8553697597 387280.268549849 326339.573134737 68.847775677908 68.847775677908 68.847775677908
364500 297.894075737953 -386.447026657188 370583.724217585 16648.4680617543 387232.19227934 326420.914325178 68.8534953793807 68.8534953793807 68.8534953793807
364600 300.390940384575 25.0283429164188 370622.704148379 16788.0108546777 387410.715003056 326046.085051969 68.8271304526176 68.8271304526176 68.8271304526176
364700 301.041418139253 131.731645995133 370662.515235624 16824.3642400104 387486.879475635 325583.328947095 68.7945529976368 68.7945529976368 68.7945529976368
364800 297.568545017998 425.987325188432 370845.419223658 16630.275058819 387475.694282477 325454.794746451 68.7854988723599 68.7854988723599 68.7854988723599
364900 300.472642203911 138.52719768872 370703.833961175 16792.5769412185 387496.410902393 325785.53128547 68.8087915858041 68.8087915858041 68.8087915858041
365000 297.593235580504 -224.565509622085 370856.148884408 16631.6549454123 387487.80382982 326779.674341257 68.8787111216263 68.8787111216263 68.8787111216263
365100 299.721003385181 778.676599742922 370811.920758307 16750.5699464953 387562.490704802 327413.988241237 68.9232492700216 68.9232492700216 68.9232492700216
365200 302.209908892443 182.310119685467 370757.30494264 16889.6679253447 387646.972867985 327299.685624647 68.9152277997886 68.9152277997886 68.9152277997886
365300 302.271062254448 869.689499816917 370776.253146057 16893.0856159842 387669.338762041 326744.584319477 68.8762456051736 68.8762456051736 68.8762456051736
365400 298.89988917873 380.278008790364 370817.497684313 16704.6801663535 387522.177850666 326223.350974378 68.8396015877173 68.8396015877173 68.8396015877173
365500 299.013260545298 -394.889299023126 370647.684309414 16711.0161754559 387358.70048487 326463.402577928 68.85648266529 68.85648266529 68.85648266529
365600 298.012553039829 320.623438972409 370743.392101552 16655.0894273234 387398.481528876 326733.957729701 68.8754989184369 68.8754989184369 68.8754989184369
365700 300.611853348658 59.5318596245581 370903.89314493 16800.357063369 387704.250208299 326940.01651107 68.8899749353361 68.8899749353361 68.8899749353361
365800 302.228691518985 -122.157415502425 370828.819731801 16890.717633894 387719.537365695 327111.153468146 68.9019930055135 68.9019930055135 68.9019930055135
365900 296.912887013781 917.357764227151 370979.554571535 16593.6321638048 387573.18673534 327180.913991246 68.9068907264384 68.9068907264384 68.9068907264384
366000 296.773275926383 83.6130572126799 370892.899322494 16585.8296899763 387478.729012471 327000.206393707 68.894202239904 68.894202239904 68.894202239904
366100 301.284955164192 120.397049091923 370744.206515194 16837.9748442882 387582.181359483 326485.80067501 68.8580573378792 68.8580573378792 68.8580573378792
366200 306.154287064954 830.41211183478 370705.700115 17110.108207233 387815.808322233 326603.346947047 68.8663201135163 68.8663201135163 68.8663201135163
366300 304.404303886473 -550.778504507571 370924.479103607 17012.3065339927 387936.7856376 327272.652150213 68.9133303854562 68.9133303854562 68.9133303854562
366400 302.137280286511 335.073573837455 370860.710455012 16885.6089153653 387746.319370377 327852.617389792 68.9540138443361 68.9540138443361 68.9540138443361
366500 300.558414294208 592.90045409571 370839.684112474 16797.3705038375 387637.054616312 328325.61923103 68.9871585169841 68.9871585169841 68.9871585169841
366600 299.263873597773 -136.05369193573 370896.956244555 16725.0222391537 387621.978483708 328653.579126281 69.0101209774815 69.0101209774815 69.0101209774815
366700 300.000448191621 66.4733224436715 370860.734599351 16766.1873364132 387626.921935765 328395.433681959 68.9920479305981 68.9920479305981 68.9920479305981
366800 298.059291169698 476.908925340193 371058.896713142 16657.7014908915 387716.598204033 327914.528290883 68.9583539412948 68.9583539412948 68.9583539412948
366900 302.476147374128 -15.4132221515191 370969.187857572 16904.5472506491 387873.735108221 327889.835766387 68.9566230038716 68.9566230038716 68.9566230038716
367000 302.517210155166 222.007784246589 370901.612864987 16906.8421348187 387808.454999805 327593.638034481 68.9358528686946 68.9358528686946 68.9358528686946
367100 298.603761271935 -96.7227583816538 370849.978680596 16688.1304045421 387538.109085138 327407.996128749 68.9228288050068 68.9228288050068 68.9228288050068
367200 300.85612163275 -588.515514325028 370693.912886287 16814.0085356788 387507.921421966 327242.099165653 68.9111858194196 68.9111858194196 68.9111858194196
367300 302.613300430289 -20.7513115241021 370650.969745302 16912.2123519755 387563.182097277 326922.402646988 68.8887377660436 68.8887377660436 68.8887377660436
367400 302.528942756844 -98.9844080082346 370751.320821554 16907.4978371647 387658.818658718 326636.405915871 68.868643597278 68.868643597278 68.868643597278
367500 302.846483141032 35.6485468346729 370913.181356775 16925.2442825459 387838.425639321 326224.940758469 68.8397134128674 68.8397134128674 68.8397134128674
367600 301.052928506519 -390.285503877722 370929.292854268 16825.0075222957 387754.300376563 326113.24776815 68.8318560623497 68.8318560623497 68.8318560623497
367700 300.190178571391 385.493603012972 370715.718023068 16776.7908375406 387492.508860608 326654.595886818 68.869921976285 68.869921976285 68.869921976285
367800 299.164314097929 -552.385711401471 370780.036054081 16719.4581367146 387499.494190795 327284.308807796 68.9141485509347 68.9141485509347 68.9141485509347
367900 299.598239011359 -445.039450754418 370859.625065636 16743.7089884462 387603.334054082 327783.495194714 68.9491675734366 68.9491675734366 68.9491675734366
368000 300.947571837944 -335.899192971639 370952.860632919 16819.1194322841 387771.980065203 327920.721418538 68.9587880637702 68.9587880637702 68.9587880637702
368100 298.930105991504 32.8949025672079 371061.344233649 16706.3688996428 387767.713133292 327497.390935243 68.9291010833688 68.9291010833688 68.9291010833688
368200 299.15524637211 -181.626579376842 370744.465497388 16718.9513668391 387463.416864227 327164.707410552 68.9057529629192 68.9057529629192 68.9057529629192
368300 298.606988697387 331.442249938421 370702.520021917 16688.3107763385 387390.830798256 326645.037111546 68.8692501978614 68.8692501978614 68.8692501978614
368400 297.042659866536 273.203224564517 370867.911045795 16600.8848061711 387468.795851966 326199.691097434 68.8379373129448 68.8379373129448 68.8379373129448
368500 299.594999430436 -194.351601075589 370871.507812702 16743.5279373146 387615.035750017 326107.096281756 68.8314232670029 68.8314232670029 68.8314232670029
368600 303.640807479923 134.648987657375 370777.158341973 16969.636851797 387746.79519377 326116.164579028 68.8320612762432 68.8320612762432 68.8320612762432
368700 302.427549563579 597.095379429083 370912.972448264 16901.8312547207 387814.803702985 326616.235652769 68.8672259891674 68.8672259891674 68.8672259891674
368800 298.168414325265 770.367205182617 370957.708662717 16663.8000793436 387621.508742061 327043.035033115 68.8972098997128 68.8972098997128 68.8972098997128
368900 300.400188778877 -174.516806275486 370663.517532267 16788.5277216103 387452.045253878 327492.086675751 68.9287289482794 68.9287289482794 68.9287289482794
369000 301.149302656646 -507.666939431618 370612.365925395 16830.3936044337 387442.759529829 327588.98733099 68.9355266497742 68.9355266497742 68.9355266497742
369100 300.834109511456 657.739600936858 370741.874401574 16812.7783396858 387554.65274126 327257.826485749 68.9122897634807 68.9122897634807 68.9122897634807
369200 301.568295137078 779.972799113024 370913.523612318 16853.809924182 387767.3335365 326745.828112874 68.8763330003592 68.8763330003592 68.8763330003592
369300 300.61810233944 -54.269278555237 370928.775783473 16800.7063020143 387729.482085487 326434.639750474 68.8544604219788 68.8544604219788 68.8544604219788
369400 300.937999878717 -433.933823371146 370731.887862986 16818.5844822114 387550.472345197 326127.393237977 68.8328512635282 68.8328512635282 68.8328512635282
369500 300.213138821011 -185.631028673707 370753.804725693 16778.0740217783 387531.878747471 326338.943708267 68.8477314145661 68.8477314145661 68.8477314145661
369600 299.30699479052 67.3686551648328 370828.705735973 16727.4321622059 387556.137898179 326653.333428058 68.8698332530594 68.8698332530594 68.8698332530594
369700 300.989734272886 -309.822550464538 370795.52793647 16821.4757730398 387617.003709509 327180.971657069 68.9068947747311 68.9068947747311 68.9068947747311
369800 301.14143237413 -669.918243611739 370827.340389845 16829.9537563207 387657.294146166 327182.909298603 68.9070308019956 68.9070308019956 68.9070308019956
369900 301.076592725222 -112.716076722605 370803.864119635 16826.3300493997 387630.194169034 326919.546352433 68.8885371403518 68.8885371403518 68.8885371403518
370000 298.556308172259 -296.791457784517 370807.022064084 16685.478383308 387492.500447392 327016.475020256 68.8953447422011 68.8953447422011 68.8953447422011
370100 296.620586109407 -302.903972131723 370865.208663493 16577.2962824724 387442.504945965 327341.270479379 68.9181463364277 68.9181463364277 68.9181463364277
370200 301.934759173335 -401.024214689821 370747.960205415 16874.2905758643 387622.250781279 327626.623757019 68.9381665304344 68.9381665304344 68.9381665304344
370300 302.848480830757 -870.828447133193 370858.964693152 16925.3559278463 387784.320620999 327059.116528983 68.8983391619379 68.8983391619379 68.8983391619379
370400 300.59136543933 -22.9772545167432 370904.565476734 16799.2120513265 387703.77752806 326614.206554645 68.8670833766932 68.8670833766932 68.8670833766932
370500 300.951740622103 219.928363400972 370770.792850377 16819.35241399 387590.145264367 326495.007061642 68.8587045614734 68.8587045614734 68.8587045614734
370600 299.341909669622 -266.134030244395 370785.527138611 16729.3834573036 387514.910595914 326663.322068001 68.8705352296251 68.8705352296251 68.8705352296251
370700 300.564075445821 -47.4381136908316 370712.419424823 16797.6868897932 387510.106314616 326960.840217107 68.8914375014123 68.8914375014123 68.8914375014123
370800 298.859545279381 -50.5001551342376 370876.966830374 16702.4254584741 387579.392288848 327481.281033635 68.9279708359475 68.9279708359475 68.9279708359475
370900 299.404849683899 -730.41818988712 370861.063600401 16732.9009989495 387593.964599351 327628.709473893 68.9383128201248 68.9383128201248 68.9383128201248
371000 299.160311227383 -389.692756286696 370900.825567608 16719.2344274573 387620.059995065 327555.808105154 68.9331992367468 68.9331992367468 68.9331992367468
371100 299.261997584945 214.555935063807 370989.598933662 16724.9173940353 387714.516327698 327190.322957292 68.9075512543528 68.9075512543528 68.9075512543528
371200 302.804137120892 75.6440878012393 370853.152946603 16922.8776817261 387776.030628329 327036.859424932 68.8967762311475 68.8967762311475 68.8967762311475
371300 300.360225887532 132.124686949744 370823.522060359 16786.2943072043 387609.816367563 327390.452065304 68.9215977130215 68.9215977130215 68.9215977130215
371400 298.619478926704 382.897440688671 370727.453510163 16689.0088203776 387416.462330541 327032.607440037 68.896477641643 68.896477641643 68.896477641643
371500 299.852428730071 182.609832542087 370755.702753531 16757.9149420326 387513.617695564 326793.745993966 68.8796997830661 68.8796997830661 68.8796997830661
371600 297.495649677345 369.554861564799 370991.212670772 16626.2011417809 387617.413812552 326726.963298814 68.8750074397245 68.8750074397245 68.8750074397245
371700 299.35966808383 -135.66500023826 370881.644171166 16730.3759254855 387612.020096652 327218.14481684 68.9095043295114 68.9095043295114 68.9095043295114
371800 301.028134995115 396.738229552563 370749.014811383 16823.621882176 387572.636693559 327356.463352057 68.9192125513316 68.9192125513316 68.9192125513316
371900 298.675228076852 83.0299692650512 370655.06975923 16692.124484707 387347.194243937 327168.941636378 68.9060502252802 68.9060502252802 68.9060502252802
372000 297.547310413814 445.745043362735 370683.549720679 16629.0883160861 387312.638036766 326398.548123512 68.8519227408334 68.8519227408334 68.8519227408334
372100 298.132876548051 358.143910775478 370856.508783685 16661.8139722099 387518.322755895 325883.747680927 68.815705615445 68.815705615445 68.815705615445
372200 301.452477731982 -335.643596629436 370784.316932918 16847.3372128166 387631.654145735 326125.055199359 68.8326867733603 68.8326867733603 68.8326867733603
372300 301.649382495964 -23.0541758487024 370747.885073486 16858.341670244 387606.22674373 326920.599264914 68.8886110968991 68.8886110968991 68.8886110968991
372400 300.635509007722 -366.069112397577 370742.111966989 16801.6791120987 387543.791079088 327464.557412062 68.9267974916074 68.9267974916074 68.9267974916074
372500 301.306708277396 335.502927617084 370648.341190963 16839.1905650423 387487.531756005 327136.983488268 68.9038065511577 68.9038065511577 68.9038065511577
372600 296.563910342671 391.458876535297 370941.219692934 16574.1288321293 387515.348525063 326594.06896897 68.8656680011354 68.8656680011354 68.8656680011354
372700 299.494952028989 -497.812504613983 370892.362543344 16737.9365674173 387630.299110762 326279.9716573 68.8435840532695 68.8435840532695 68.8435840532695
372800 302.121326504554 976.383400611727 370712.545853759 16884.7173030406 387597.2631568 325841.989699103 68.8127661953272 68.8127661953272 68.8127661953272
372900 298.729940705404 224.359135829775 370730.757262021 16695.1822207387 387425.93948276 326127.811036449 68.8328806572032 68.8328806572032 68.8328806572032
373000 296.699941369661 -492.172543711672 370703.230495662 16581.7312263785 387284.961722041 326796.567467397 68.8798980137911 68.8798980137911 68.8798980137911
373100 297.432362136379 -92.8801659622441 370787.763799234 16622.6641778387 387410.427977072 327195.41298406 68.9079085789608 68.9079085789608 68.9079085789608
373200 301.592272527629 -422.220158615533 370771.423113944 16855.1499535861 387626.57306753 327375.481686714 68.920547185401 68.920547185401 68.920547185401
373300 298.918282747368 1013.4276970361 370936.911206279 16705.708131543 387642.619337822 326879.805615611 68.8857456358419 68.8857456358419 68.8857456358419
373400 300.748449268432 -25.9323305454754 370852.049726465 16807.9910278985 387660.040754364 327056.970100288 68.8981884392416 68.8981884392416 68.8981884392416
373500 301.420599510537 -773.654700899017 370758.968174091 16845.5556280358 387604.523802127 327156.500727644 68.9051768082783 68.9051768082783 68.9051768082783
373600 297.932502632002 147.703509498534 370799.945752487 16650.6156335605 387450.561386047 326842.496576279 68.883124734892 68.883124734892 68.883124734892
373700 296.861471887701 -62.104734931639 370817.744373898 16590.7587159784 387408.503089877 326643.898188457 68.8691701549387 68.8691701549387 68.8691701549387
373800 302.743869982465 294.858140976252 370699.172749969 16919.5095196478 387618.682269617 326348.484713774 68.8484023633815 68.8484023633815 68.8484023633815
373900 302.843712059504 -103.137214737137 370797.526424514 16925.0894145372 387722.615839051 325933.987888479 68.8192417820545 68.8192417820545 68.8192417820545
374000 302.130495156513 166.771049915551 370682.610987501 16885.2297133963 387567.840700897 325702.716104788 68.8029606583206 68.8029606583206 68.8029606583206
374100 296.114300820487 956.449199282068 370918.519615933 16549.0014114118 387467.521027345 326244.146017557 68.8410642789142 68.8410642789142 68.8410642789142
374200 298.839615960197 -725.599614277688 370735.664741247 16701.3116644749 387436.976405722 327024.843430543 68.8959324186005 68.8959324186005 68.8959324186005
374300 301.191304535 -291.54897353505 370603.225237276 16832.7409721301 387435.966209406 327168.889287105 68.9060465501331 68.9060465501331 68.9060465501331
374400 299.128337048676 -24.6242841022946 370810.817626478 16717.4474798932 387528.265106371 326771.683054433 68.8781496484925 68.8781496484925 68.8781496484925
374500 302.312662538218 -82.4144725691933 370834.267386648 16895.4105396806 387729.677926329 326582.65141859 68.8648654897292 68.8648654897292 68.8648654897292
374600 302.448706603187 1165.45403648159 370830.44656111 16903.013662586 387733.460223696 326532.307012432 68.8613266827244 68.8613266827244 68.8613266827244
374700 300.222544661203 -123.4198550924 370752.07023044 16778.599687922 387530.669918362 327075.107828927 68.8994620537896 68.8994620537896 68.8994620537896
374800 298.37195535694 -582.616426106454 370702.007820108 16675.1754192415 387377.18323935 327194.043706408 68.9078124547619 68.9078124547619 68.9078124547619
374900 298.785086518233 -198.174227969664 370745.049486098 16698.2641662301 387443.313652328 327251.306372436 68.9118321030006 68.9118321030006 68.9118321030006
375000 298.729615858531 -769.821055539723 370889.861135551 16695.1640659541 387585.025201505 326990.003658894 68.8934857096873 68.8934857096873 68.8934857096873
375100 301.984886796416 -37.5787502331753 370834.884331999 16877.0920687433 387711.976400742 326983.94227767 68.8930600164894 68.8930600164894 68.8930600164894
375200 300.340687593996 -23.9501048811287 370854.049165424 16785.2023665367 387639.25153196 327239.316312272 68.9109904795672 68.9109904795672 68.9109904795672
375300 298.366577696816 -63.6138465697711 370618.224793901 16674.8748768336 387293.099670734 326918.350074993 68.8884531136605 68.8884531136605 68.8884531136605
375400 297.956239614143 335.484456757232 370679.893679794 16651.9422272099 387331.835907003 326758.443998843 68.8772194434853 68.8772194434853 68.8772194434853
375500 302.527994050225 489.129291412073 370633.26720477 16907.4448166009 387540.712021371 326472.320195677 68.8571096168321 68.8571096168321 68.8571096168321
375600 300.54089254325 -145.841739223341 370821.119636372 16796.3912621038 387617.510898475 325929.74085942 68.8189428681639 68.8189428681639 68.8189428681639
375700 300.94330564476 -252.229683846279 370806.157511743 16818.8810066598 387625.038518403 326062.331235221 68.8282736034927 68.8282736034927 68.8282736034927
375800 298.216891953993 -654.762203802143 370740.063649575 16666.5093586456 387406.573008221 326639.435645321 68.868856527934 68.868856527934 68.868856527934
375900 298.939029952743 201.378384440115 370624.594985332 16706.8676349174 387331.462620249 327079.251264075 68.8997529953709 68.8997529953709 68.8997529953709
376000 297.220835444314 -102.539506156159 370855.809107649 16610.8425416805 387466.651649329 327411.780812423 68.923094375898 68.923094375898 68.923094375898
376100 300.713299042469 -109.547963134573 370771.908841694 16806.0265799219 387577.935421616 327099.85829792 68.9011999328942 68.9011999328942 68.9011999328942
376200 298.874882411659 -323.75150417893 370881.884080734 16703.2826079701 387585.166688704 326566.931895998 68.8637605727216 68.8637605727216 68.8637605727216
376300 299.970108545215 556.01308747789 370829.964043152 16764.4917382952 387594.455781447 325993.083191326 68.8234007511712 68.8234007511712 68.8234007511712
376400 301.43695503597 631.252685001543 370775.420759125 16846.4696926816 387621.890451806 326158.937959004 68.835070481266 68.835070481266 68.835070481266
376500 304.728790554448 278.219623268657 370689.128910449 17030.4411877781 387719.570098228 326430.021405638 68.8541357064997 68.8541357064997 68.8541357064997
376600 299.291441582564 -504.254588710973 370865.94660357 16726.5629368436 387592.509540413 326833.722997644 68.8825083759164 68.8825083759164 68.8825083759164
376700 295.833282647299 -363.296123603422 370862.058437821 16533.2960904197 387395.354528241 326829.865869009 68.8822374025111 68.8822374025111 68.8822374025111
376800 300.497083853063 256.635059701955 370626.710373047 16793.9429167394 387420.653289786 327091.07932107 68.9005835182272 68.9005835182272 68.9005835182272
376900 297.249633608896 -399.442967271188 370969.155054059 16612.4519906838 387581.607044743 327465.192265514 68.9268420342264 68.9268420342264 68.9268420342264
377000 300.613732085284 -228.553586130837 370857.596213729 16800.4620607129 387658.058274441 327229.918829765 68.9103308236778 68.9103308236778 68.9103308236778
377100 302.154702971389 -111.90935612901 370749.780603363 16886.5826205725 387636.363223936 326716.521533291 68.8742737135858 68.8742737135858 68.8742737135858
377200 302.857751211495 1060.67914615747 370630.333792388 16925.8740235394 387556.207815927 326059.7094021 68.8280891226805 68.8280891226805 68.8280891226805
377300 300.45722675041 -71.9554199063692 370678.60914538 16791.715414568 387470.324559948 325824.07301825 68.8115049306575 68.8115049306575 68.8115049306575
377400 298.404341246117 223.507882263671 370658.242742171 16676.9853761542 387335.228118325 325977.344399641 68.8222931462804 68.8222931462804 68.8222931462804
377500 295.978051020917 -385.053292198682 370586.84605793 16541.386790574 387128.232848504 326465.108547952 68.8566026040946 68.8566026040946 68.8566026040946
377600 297.535339805096 -10.8634072886594 370657.070950932 16628.4193121913 387285.490263124 326928.65052498 68.8891766119627 68.8891766119627 68.8891766119627
377700 298.981676355338 -350.801411019104 370769.47733273 16709.2510232738 387478.728356004 327179.780161397 68.9068111284989 68.9068111284989 68.9068111284989
377800 299.195700425774 956.46308495117 370864.236619621 16721.2122309356 387585.448850557 326982.840522722 68.8929826392391 68.8929826392391 68.8929826392391
377900 299.789706796198 251.63959042462 370945.514024513 16754.4095882914 387699.923612805 326852.759462679 68.8838457063 68.8838457063 68.8838457063
378000 301.340605131405 737.186915751613 370832.664441012 16841.0849655603 387673.749406572 327133.894621084 68.9035896844347 68.9035896844347 68.9035896844347
378100 298.13707117483 -182.469796002604 370769.567256639 16662.0483981875 387431.615654826 327281.048586067 68.9139197222125 68.9139197222125 68.9139197222125
378200 296.749613721354 -403.988803499498 370793.159394779 16584.5072754109 387377.66667019 327242.680776855 68.911226644947 68.911226644947 68.911226644947
378300 298.544751291908 236.995147948375 370831.828313934 16684.8325015363 387516.66081547 327171.201880782 68.9062089039076 68.9062089039076 68.9062089039076
378400 300.074443635924 -532.642596693649 370817.679121436 16770.3227351724 387588.001856608 327033.916598841 68.8965695757069 68.8965695757069 68.8965695757069
378500 302.53711403598 473.87170764515 370706.105808491 16907.9545071383 387614.060315629 326820.32058097 68.881566811819 68.881566811819 68.881566811819
378600 299.202532919475 140.904231094786 370893.59826997 16721.5940799296 387615.1923499 326756.833323142 68.8771062721727 68.8771062721727 68.8771062721727
378700 300.514107053908 66.9206052404188 370875.806573963 16794.8942958995 387670.700869863 326888.801923998 68.8863775824223 68.8863775824223 68.8863775824223
378800 301.729432942956 -287.911908517677 370825.296642114 16862.8154661957 387688.11210831 327049.889355859 68.8976912231301 68.8976912231301 68.8976912231301
378900 301.809483231691 287.137977348697 370835.236562005 16867.2892533029 387702.525815308 327527.813127294 68.9312353593265 68.9312353593265 68.9312353593265
379000 300.560760148647 -693.043301880497 370832.404901244 16797.5016070917 387629.906508336 327742.835945088 68.9463165682457 68.9463165682457 68.9463165682457
379100 297.67664073605 -131.173645131603 370799.674025353 16636.3162266575 387435.990252011 327469.540073299 68.9271470837819 68.9271470837819 68.9271470837819
379200 301.145415110885 346.67128893219 370539.323055054 16830.1763403567 387369.49939541 326718.247660194 68.874395006837 68.874395006837 68.874395006837
379300 301.600142036881 45.2114683728156 370688.508304858 16855.5897584836 387544.098063341 326166.35451848 68.8355922264085 68.8355922264085 68.8355922264085
379400 299.240895531135 448.246339630259 371003.265928566 16723.7380591726 387727.003987739 325908.342489512 68.8174367711538 68.8174367711538 68.8174367711538
379500 299.408009462867 666.626055302241 370898.341568093 16733.0775901728 387631.419158266 326125.203605627 68.8326972143455 68.8326972143455 68.8326972143455
379600 299.494583436646 -521.644472937385 370739.178644575 16737.9159678205 387477.094612395 326572.270653327 68.8641358351534 68.8641358351534 68.8641358351534
379700 296.763375019339 326.265728305327 370845.426273398 16585.2763559286 387430.702629326 327061.841900907 68.8985305372053 68.8985305372053 68.8985305372053
379800 298.889265951865 -129.106503002438 370871.866891695 16704.086463868 387575.953355563 327686.760363227 68.9423841910754 68.9423841910754 68.9423841910754
379900 300.861906264796 -354.312271402156 371000.78737661 16814.3318226111 387815.119199221 328199.868982071 68.9783499241043 68.9783499241043 68.9783499241043
380000 301.524390594891 499.578841353663 370948.188084294 16851.356221917 387799.544306211 328568.916134053 69.0041946714107 69.0041946714107 69.0041946714107
380100 301.54099025298 372.575376593939 370897.620084743 16852.2839304552 387749.904015198 328616.953741907 69.007557370224 69.007557370224 69.007557370224
380200 298.221431022578 221.221277886444 370894.341245107 16666.7630345141 387561.104279621 328143.776313331 68.9744200015719 68.9744200015719 68.9744200015719
380300 299.446100224281 323.601716387553 370707.45772673 16735.2063764646 387442.664103194 327166.820864342 68.9059013375328 68.9059013375328 68.9059013375328
380400 299.080425139253 -480.578466234825 370742.344951777 16714.7698170634 387457.11476884 326565.720151934 68.8636753983943 68.8636753983943 68.8636753983943
380500 302.491366529675 359.286822901765 370592.383781724 16905.397806755 387497.781588479 325931.914690293 68.8190958667925 68.8190958667925 68.8190958667925
380600 301.873214124332 -539.146214215834 370777.348991705 16870.8509949322 387648.199986637 325737.196631381 68.8053885150598 68.8053885150598 68.8053885150598
380700 302.486134362049 -181.001767261975 370791.043831101 16905.1053955166 387696.149226617 326025.119082219 68.8256551412705 68.8256551412705 68.8256551412705
380800 298.052771770872 148.510063892968 370865.101687085 16657.3371398957 387522.438826981 326778.439414432 68.8786243554433 68.8786243554433 68.8786243554433
380900 298.799380641633 -275.109829718748 370716.637048935 16699.0630248724 387415.700073808 327604.021496119 68.9365811950296 68.9365811950296 68.9365811950296
381000 298.730359903491 -283.725885938857 370780.70960591 16695.2056485492 387475.915254459 327672.105903276 68.9413564530123 68.9413564530123 68.9413564530123
381100 300.159131602768 -509.336467688517 370974.615612366 16775.055709159 387749.671321525 327199.283658382 68.9081803014137 68.9081803014137 68.9081803014137
381200 300.998119913555 -339.016982003722 370966.349152661 16821.944423081 387788.293575742 326696.974374956 68.8729001240519 68.8729001240519 68.8729001240519
381300 303.821849202257 598.743914126899 370712.032359184 16979.7547681223 387691.787127306 326700.011694507 68.8731135617574 68.8731135617574 68.8731135617574
381400 298.182331203831 92.4269651172642 370882.927721064 16664.5778548256 387547.50557589 327283.436327226 68.9140873133427 68.9140873133427 68.9140873133427
381500 299.690521086151 85.8349624940474 370791.75331088 16748.8663759204 387540.6196868 327574.134752588 68.93448480992 68.93448480992 68.93448480992
381600 303.325075876051 -227.000559372122 370809.330970052 16951.9914940969 387761.322464149 327637.928816976 68.9389594463998 68.9389594463998 68.9389594463998
381700 301.467300636019 -362.593935904783 371062.632411476 16848.1656235321 387910.798035008 326712.379119497 68.8739826284723 68.8739826284723 68.8739826284723
381800 300.625903328405 87.2268578151452 370961.645040471 16801.1422775043 387762.787317975 326583.56637244 68.8649298002641 68.8649298002641 68.8649298002641
381900 301.242141647372 -833.764957855007 370755.615104246 16835.5821163844 387591.19722063 327008.107396139 68.8947571109864 68.8947571109864 68.8947571109864
382000 298.202235427387 -293.070785969825 370843.850538319 16665.6902463001 387509.54078462 327079.998608853 68.8998054717775 68.8998054717775 68.8998054717775
382100 299.341591117107 435.178627652485 370821.963082808 16729.365654293 387551.328737101 326915.296734398 68.8882386456695 68.8882386456695 68.8882386456695
382200 301.955448991819 -72.7177365027496 370822.083737948 16875.4468720457 387697.530609994 326723.323667829 68.8747516904596 68.8747516904596 68.8747516904596
382300 303.2721608136 87.0731103008723 370780.9771961 16949.034219015 387730.011415115 326272.479929809 68.8430571424735 68.8430571424735 68.8430571424735
382400 297.834084658119 -144.376748466968 370801.663584826 16645.1153278198 387446.778912646 326206.801973875 68.8384375121818 68.8384375121818 68.8384375121818
382500 300.544785327799 205.694271837645 370618.864177501 16796.6088189621 387415.472996463 326858.33738942 68.8842375513007 68.8842375513007 68.8842375513007
382600 299.940406250098 220.158931391788 370716.079269447 16762.8317599609 387478.911029408 327401.944014741 68.9224041244933 68.9224041244933 68.9224041244933
382700 299.628338053897 -158.74853617669 370971.85156677 16745.3911398859 387717.242706656 327546.07286274 68.9325163118458 68.9325163118458 68.9325163118458
382800 302.555089951148 348.59378886462 370891.455926543 16908.9591308416 387800.415057385 326887.686752472 68.8862992477167 68.8862992477167 68.8862992477167
382900 301.917917361089 548.854852078185 370802.930985825 16873.3493340065 387676.280319832 326429.387531244 68.8540911385995 68.8540911385995 68.8540911385995
383000 297.934422409653 -346.92929052938 370881.911638115 16650.7229245727 387532.634562688 326551.907312011 68.8627044694433 68.8627044694433 68.8627044694433
383100 300.61625279901 89.1150103004578 370732.672774135 16800.6029363643 387533.275710499 326935.354586033 68.8896474935942 68.8896474935942 68.8896474935942
383200 298.956270700308 529.4472222344 370887.350309867 16707.8311721562 387595.181482023 327261.170891574 68.9125245120077 68.9125245120077 68.9125245120077
383300 302.02725716335 566.732221731236 370909.626396774 16879.4600302374 387789.086427011 327222.623430726 68.9098187147412 68.9098187147412 68.9098187147412
383400 304.107120995646 54.4073722358898 370985.822487931 16995.6978120697 387981.520300001 327016.570505553 68.8953514477672 68.8953514477672 68.8953514477672
383500 300.859716099736 -349.784931064903 371019.283346978 16814.2094204016 387833.492767379 326690.121104411 68.8724185280008 68.8724185280008 68.8724185280008
383600 301.009223036494 248.568350459655 370868.586222011 16822.5649456179 387691.151167629 326375.24316229 68.8502840186948 68.8502840186948 68.8502840186948
383700 299.785863456027 -384.507197184726 370783.99264273 16754.1947947414 387538.187437471 325734.406281347 68.80519204618 68.80519204618 68.80519204618
383800 299.129827623076 271.653589936164 370715.763591468 16717.5307839342 387433.294375403 325648.651106697 68.7991534668787 68.7991534668787 68.7991534668787
383900 298.44132230901 204.312845327471 370718.177087406 16679.0521444943 387397.2292319 326183.477410432 68.836796768985 68.836796768985 68.836796768985
384000 302.009201300022 -96.8175986865782 370741.614494443 16878.4509384547 387620.065432897 326821.896989489 68.881677561067 68.881677561067 68.881677561067
384100 304.954384510113 -900.884842608585 370737.669786894 17043.0490040179 387780.718790912 327468.35766663 68.9270641243954 68.9270641243954 68.9270641243954
384200 300.020709543075 -282.921464431089 370913.006769886 16767.3196867687 387680.326456654 327244.157249881 68.9113302840507 68.9113302840507 68.9113302840507
384300 302.049015294951 -458.79950656518 370676.807861316 16880.6760314557 387557.483892772 327220.611589573 68.9096774898957 68.9096774898957 68.9096774898957
384400 297.369875198721 130.376573862609 370818.84051773 16619.1719573798 387438.01247511 326753.782770269 68.8768919293885 68.8768919293885 68.8768919293885
384500 296.126464929524 -544.840447767875 370772.261534857 16549.6812294991 387321.942764356 327205.684010993 68.9086296033102 68.9086296033102 68.9086296033102
384600 296.484662961746 112.982406455473 370801.262080211 16569.6999172977 387370.961997508 327374.5544711 68.9204821181501 68.9204821181501 68.9204821181501
384700 299.651837182623 -254.562229007012 370888.086152074 16746.7044405721 387634.790592647 327741.28906093 68.9462080968865 68.9462080968865 68.9462080968865
384800 300.907257096358 -536.929602483232 370899.534348653 16816.8663539506 387716.400702604 327520.250212919 68.9307047936539 68.9307047936539 68.9307047936539
384900 300.915690125034 -366.330276086454 370852.761827273 16817.3376523752 387670.099479648 327115.739007887 68.9023149667668 68.9023149667668 68.9023149667668
385000 299.42187290731 260.805591854399 370769.340230754 16733.8523793708 387503.192610125 326418.306776626 68.8533120380747 68.8533120380747 68.8533120380747
385100 299.273168651814 -47.6980292028897 370630.612782172 16725.5417137688 387356.15449594 325972.706173592 68.8219667280263 68.8219667280263 68.8219667280263
385200 296.814643193469 623.460198840456 370692.259649744 16588.1415910209 387280.401240765 325780.392690703 68.8084298116496 68.8084298116496 68.8084298116496
385300 298.915228194852 487.765869778153 370798.162948564 16705.5374211323 387503.700369696 326219.929191146 68.8393608988178 68.8393608988178 68.8393608988178
385400 302.097182991326 218.741772031126 370803.625193308 16883.367989504 387686.993182812 326643.067154719 68.8691117502022 68.8691117502022 68.8691117502022
385500 300.329026309821 -461.294670960502 370869.054508451 16784.5506499269 387653.605158378 326758.940709429 68.8772543439113 68.8772543439113 68.8772543439113
385600 297.963733459494 893.232217096353 370863.555766516 16652.3610373009 387515.916803817 326659.948378832 68.8702981368112 68.8702981368112 68.8702981368112
385700 297.252877029897 -285.566600750993 370761.983116004 16612.6332564267 387374.616372431 326841.645370107 68.8830649366789 68.8830649366789 68.8830649366789
385800 300.082597417732 -246.950276767813 370709.880374691 16770.7784272693 387480.65880196 327083.138333516 68.9000259333641 68.9000259333641 68.9000259333641
385900 301.599011058097 200.961060873538 370891.431210039 16855.5265512374 387746.957761277 327180.155625404 68.9068374871138 68.9068374871138 68.9068374871138
386000 299.927801491738 -380.363013745514 370974.288420452 16762.1273152134 387736.415735666 327377.195164338 68.9206674281762 68.9206674281762 68.9206674281762
386100 299.293103566555 225.532913434169 370833.03176264 16726.655820488 387559.687583128 327012.580699644 68.89507125789 68.89507125789 68.89507125789
386200 299.635607851488 4.47122308009167 370698.789241891 16745.7974285733 387444.586670464 327015.337541155 68.8952648613066 68.8952648613066 68.8952648613066
386300 297.076495282857 157.403205570956 370861.548559594 16602.7757731082 387464.324332702 326814.966596998 68.8811906695421 68.8811906695421 68.8811906695421
386400 300.519242714759 129.618185223879 370867.902590282 16795.1813136438 387663.083903926 326876.73617213 68.8855300198254 68.8855300198254 68.8855300198254
386500 301.699706979999 192.550763868905 370968.598980083 16861.154165132 387829.753145215 326938.02490167 68.8898350501448 68.8898350501448 68.8898350501448
386600 302.561950251808 242.066960790225 370800.149155448 16909.342533889 387709.491689337 327343.746812771 68.9183201243488 68.9183201243488 68.9183201243488
386700 298.124233108162 384.093523281072 370853.54060329 16661.3309144901 387514.87151778 327012.192566027 68.8950440005251 68.8950440005251 68.8950440005251
386800 298.356420539472 -652.654792074816 370797.979510544 16674.3072216722 387472.286732216 326627.933772075 68.8680481644709 68.8680481644709 68.8680481644709
386900 298.193746604642 433.177513915874 370898.321037124 16665.2158297008 387563.536866825 326542.395446755 68.8620358476905 68.8620358476905 68.8620358476905
387000 302.396973906118 -86.6279157283418 370835.450436629 16900.1224666038 387735.572903233 326476.973795981 68.8574367828468 68.8574367828468 68.8574367828468
387100 301.165081650714 88.8359776740679 370991.550309986 16831.2754483514 387822.825758338 326763.125386228 68.8775483708753 68.8775483708753 68.8775483708753
387200 299.645308169534 276.432665381776 370795.701674869 16746.339552262 387542.041227131 326754.028881172 68.8769092220726 68.8769092220726 68.8769092220726
387300 299.316330172077 -811.624363292896 370720.835501415 16727.9538906132 387448.789392029 326936.616971029 68.8897361606087 68.8897361606087 68.8897361606087
387400 299.0723789658 574.599228278302 370770.22444169 16714.3201388971 387484.544580587 327142.214549602 68.9041738163863 68.9041738163863 68.9041738163863
387500 301.096538050911 -160.384908739297 370778.251988544 16827.4447379577 387605.696726502 327535.573254383 68.9317797516914 68.9317797516914 68.9317797516914
387600 302.706035834054 -18.3134140945033 370839.640260307 16917.3950747401 387757.035335047 326908.754014544 68.8877790776427 68.8877790776427 68.8877790776427
387700 302.072627315698 248.570167415434 370997.610555292 16881.9956413617 387879.606196654 326836.623216321 68.8827121224826 68.8827121224826 68.8827121224826
387800 300.975580341114 68.888946593743 370777.508993707 16820.6847493161 387598.193743023 327047.166018731 68.8974999860871 68.8974999860871 68.8974999860871
387900 298.722955097183 285.116722441718 370811.85392821 16694.7918146017 387506.645742812 327714.74511084 68.9443467159976 68.9443467159976 68.9443467159976
388000 296.510986793587 272.644804749382 370950.457310744 16571.1710827533 387521.628393498 328073.540618912 68.9694985694514 68.9694985694514 68.9694985694514
388100 300.413805472898 -552.460304873939 370881.210590972 16789.2887206162 387670.499311588 328048.602179658 68.9677509579955 68.9677509579955 68.9677509579955
388200 299.291961985256 625.234799296382 371015.156824279 16726.5920206969 387741.748844976 327515.718642115 68.9303868837336 68.9303868837336 68.9303868837336
388300 299.854575530703 225.543163185896 370894.127489659 16758.0349207253 387652.162410385 327112.294090668 68.9020730915157 68.9020730915157 68.9020730915157
388400 298.298561629961 80.095457089598 370753.380866967 16671.0736487833 387424.45451575 326809.617365268 68.8808148570297 68.8808148570297 68.8808148570297
388500 298.803199806274 -1.26710754868566 370696.871187821 16699.2764673196 387396.147655141 326615.37736224 68.8671656654264 68.8671656654264 68.8671656654264
388600 303.498933187872 -340.208346702094 370569.969935191 16961.7078937802 387531.677828971 326336.082362642 68.8475301946027 68.8475301946027 68.8475301946027
388700 301.55505745354 303.519791462125 370848.24348029 16853.0701070136 387701.313587304 326130.080786706 68.8330403421293 68.8330403421293 68.8330403421293
388800 303.543703967167 373.049701915472 370750.316887827 16964.2100076183 387714.526895446 326386.203011255 68.8510546860821 68.8510546860821 68.8510546860821
388900 299.743938095895 -105.33783855734 370669.448811361 16751.8517034348 387421.300514796 326668.88865447 68.8709264291527 68.8709264291527 68.8709264291527
389000 299.939217081375 393.152601334806 370644.86743087 16762.7653006416 387407.632731511 326822.882522594 68.8817467986812 68.8817467986812 68.8817467986812
389100 300.450660799884 -237.747826729682 370761.6659563 16791.3484619276 387553.014418227 327023.371256067 68.8958290350325 68.8958290350325 68.8958290350325
389200 301.098582243455 -674.595733856017 370874.598743576 16827.5589821708 387702.157725747 327099.643304701 68.9011848373063 68.9011848373063 68.9011848373063
389300 301.522562899849 407.812245831668 370821.008712174 16851.2540771447 387672.262789319 327017.727688866 68.8954327122089 68.8954327122089 68.8954327122089
389400 299.813413694065 -137.465915423541 370742.100906699 16755.7345006148 387497.835407314 327202.562940171 68.9084105062635 68.9084105062635 68.9084105062635
389500 296.233347756048 9.05448120580471 370766.736266491 16555.6546122169 387322.390878708 327346.68238062 68.9185261399945 68.9185261399945 68.9185261399945
389600 296.367293954633 -56.9004507934849 370665.769053499 16563.1404912281 387228.909544727 327403.336882774 68.9225018633523 68.9225018633523 68.9225018633523
389700 299.046358404155 -231.037738177667 370716.406290008 16712.8659223658 387429.272212374 326719.188795224 68.8744611392963 68.8744611392963 68.8744611392963
389800 301.333510871125 6.64076734146036 370808.668722567 16840.6884871631 387649.35720973 326303.167585327 68.8452154262404 68.8452154262404 68.8452154262404
389900 299.950501374625 -260.444874099198 370919.111092602 16763.3959482814 387682.507040884 326078.379956529 68.8294028228199 68.8294028228199 68.8294028228199
390000 301.596295659814 171.091819402299 370680.0466982 16855.3747952098 387535.42149341 326077.099913642 68.8293127578659 68.8293127578659 68.8293127578659
390100 298.977420237809 84.9487895853664 370674.573200261 16709.0131607498 387383.586361011 326134.909403848 68.8333800498899 68.8333800498899 68.8333800498899
390200 298.71308762368 -543.114895848358 370720.463862959 16694.2403490612 387414.704212021 326551.772035693 68.8626949604963 68.8626949604963 68.8626949604963
390300 299.718115576588 971.92662031473 370841.718440482 16750.4085549369 387592.126995419 326832.049621922 68.8823908171438 68.8823908171438 68.8823908171438
390400 299.518558326585 -531.806323660445 370907.208163711 16739.2558574723 387646.464021183 327276.971930952 68.9136335874556 68.9136335874556 68.9136335874556
390500 299.452135180458 178.387605167054 370876.845593697 16735.5436533135 387612.389247011 326807.792706441 68.8806866639227 68.8806866639227 68.8806866639227
390600 298.507097715045 251.234737738484 370822.328880028 16682.7281482682 387505.057028296 326452.042523812 68.855683982154 68.855683982154 68.855683982154
390700 298.615444627633 -127.721895467769 370670.881866233 16688.7833546678 387359.665220901 325868.569322544 68.814637212304 68.814637212304 68.814637212304
390800 296.173790856612 509.987898971499 370702.987058512 16552.3261434124 387255.313201925 325852.394640708 68.8134986415389 68.8134986415389 68.8134986415389
390900 298.528311408077 545.544722944524 370612.242142191 16683.9137223352 387296.155864527 326013.770099026 68.8248565215514 68.8248565215514 68.8248565215514
391000 302.77833091809 -309.71860134961 370654.861605677 16921.435445112 387576.297050789 326783.514680262 68.8789809431457 68.8789809431457 68.8789809431457
391100 300.731048565933 54.9900985422654 370813.60902802 16807.0185512251 387620.627579245 327310.15609704 68.9159626689085 68.9159626689085 68.9159626689085
391200 299.741660663855 -489.65330642237 370821.146659102 16751.7244241175 387572.871083219 327273.653978124 68.9134007032039 68.9134007032039 68.9134007032039
391300 299.094048934133 -63.7530425885826 370697.15489994 16715.5312129166 387412.686112856 326411.156001026 68.8528092495068 68.8528092495068 68.8528092495068
391400 297.84989165513 235.002013748933 370633.968698029 16645.9987367437 387279.967434773 325851.531874668 68.8134379085168 68.8134379085168 68.8134379085168
391500 297.495143160425 65.022078969575 370732.639383935 16626.1728339646 387358.8122179 325582.894882175 68.7945224255193 68.7945224255193 68.7945224255193
391600 302.738118662387 135.099390400556 370695.183701788 16919.1880944284 387614.371796217 325511.714682806 68.7895086847331 68.7895086847331 68.7895086847331
391700 302.094296478021 731.788837335889 370697.763143856 16883.2066703356 387580.969814191 325787.299076659 68.8089160433013 68.8089160433013 68.8089160433013
391800 299.425797574569 -710.146682830576 370710.080963763 16734.0717180648 387444.152681828 326691.321223207 68.8725028637647 68.8725028637647 68.8725028637647
391900 297.618495352385 13.360693042614 370739.407854471 16633.066643528 387372.474497999 326992.556962534 68.8936650276359 68.8936650276359 68.8936650276359
392000 301.72823747804 14.2643479493196 370728.491507863 16862.7486549997 387591.240162863 327123.012857897 68.9028256742726 68.9028256742726 68.9028256742726
392100 300.766064629051 45.831767387628 370973.318161462 16808.9755012148 387782.293662677 327275.582168503 68.9135360414177 68.9135360414177 68.9135360414177
392200 300.747780639542 257.9835823619 370972.664392021 16807.9536600969 387780.618052118 327450.768964386 68.9258300516623 68.9258300516623 68.9258300516623
392300 299.509695596374 -139.17446277727 370890.489937406 16738.7605442289 387629.250481635 327695.975893393 68.9430304735849 68.9430304735849 68.9430304735849
392400 299.28305574264 -304.224467961718 370758.530744693 16726.0942756666 387484.62502036 327991.807659902 68.9637706368506 68.9637706368506 68.9637706368506
392500 296.982794142851 808.474114849103 370910.750080716 16597.5390780418 387508.289158758 327905.586341492 68.9577271237729 68.9577271237729 68.9577271237729
392600 305.32983330316 -184.054445076344 370733.645217244 17064.0317886684 387797.677005912 327664.424888705 68.9408177603257 68.9408177603257 68.9408177603257
392700 304.252453826125 245.307278020678 370812.123142055 17003.8200581418 387815.943200196 326655.14867872 68.8699608253876 68.8699608253876 68.8699608253876
392800 299.794494271734 460.399563989738 370884.551699169 16754.6771469307 387639.2288461 325911.179126449 68.8176364280217 68.8176364280217 68.8176364280217
392900 299.515167761472 59.3725302201257 370786.571201043 16739.0663682559 387525.637569299 326010.73004764 68.8246425921922 68.8246425921922 68.8246425921922
393000 302.432956973545 512.393537565292 370591.143484559 16902.1334597641 387493.276944323 326648.587789608 68.8694997364756 68.8694997364756 68.8694997364756
393100 298.128205094344 -737.104676207947 370802.793617211 16661.5528977066 387464.346514918 327358.744478229 68.9193726347799 68.9193726347799 68.9193726347799
393200 299.276693327103 -366.81565256793 370773.594589682 16725.7386980285 387499.33328771 327964.775442913 68.9618759809615 68.9618759809615 68.9618759809615
393300 301.163236813415 324.238020272676 370873.023496051 16831.1723455462 387704.195841597 328033.135278947 68.9666670392161 68.9666670392161 68.9666670392161
393400 302.554773515095 -737.56497466623 370863.646016323 16908.9414461142 387772.587462437 327582.789322683 68.935091891914 68.935091891914 68.935091891914
393500 300.229102874162 858.290214950263 370874.706591016 16778.9662081313 387653.672799147 326855.096934355 68.8840099124038 68.8840099124038 68.8840099124038
393600 297.662064283977 118.252535937582 370807.688353249 16635.501589454 387443.189942703 326528.049812465 68.8610274191136 68.8610274191136 68.8610274191136
393700 298.743366775203 -293.844996784809 370656.217799456 16695.9325662892 387352.150365745 326452.070479711 68.855685947652 68.855685947652 68.855685947652
393800 300.4473693265 796.135365341492 370588.002877121 16791.1645106713 387379.167387793 326516.846024916 68.8602398265968 68.8602398265968 68.8602398265968
393900 300.676737258395 -25.9594682905649 370613.940428003 16803.9832439041 387417.923671908 326675.223006975 68.8713715790897 68.8713715790897 68.8713715790897
394000 298.71623910341 -221.381931298932 370810.332574228 16694.4164764633 387504.749050691 327057.124486635 68.8981992803069 68.8981992803069 68.8981992803069
394100 302.776053148381 566.930177831348 370743.159863177 16921.3081469234 387664.4680101 327161.360718854 68.9055180077701 68.9055180077701 68.9055180077701
394200 304.543566792737 -443.922958725584 370691.616003471 17020.0895489499 387711.705552421 327300.949087254 68.9153164766243 68.9153164766243 68.9153164766243
394300 299.677016682378 36.8867510472765 370776.490254566 16748.1116525029 387524.601907068 327277.975013171 68.9137039926229 68.9137039926229 68.9137039926229
394400 297.444741221493 520.412359695761 370723.061769684 16623.3560103387 387346.417780022 327079.332485935 68.8997586985408 68.8997586985408 68.8997586985408
394500 300.819929932902 -101.639869632668 370597.758967354 16811.985882635 387409.744849989 327067.211869797 68.8989076126217 68.8989076126217 68.8989076126217
394600 301.132199895703 353.265985823576 370741.907938439 16829.437778882 387571.345717321 326879.097583766 68.8856958995822 68.8856958995822 68.8856958995822
394700 301.374036359212 -139.440476449506 370827.187192312 16842.9533435299 387670.140535842 326666.114171507 68.8707314490984 68.8707314490984 68.8707314490984
394800 301.005885657879 -258.028097791034 370827.482992858 16822.3784288464 387649.861421704 326809.216957378 68.880786726041 68.880786726041 68.880786726041
394900 298.048849072993 -322.34702137448 370754.609584391 16657.1179112649 387411.727495656 326742.223744357 68.8760797386721 68.8760797386721 68.8760797386721
395000 298.365916885661 -347.053062559993 370639.957865126 16674.8379459434 387314.795811069 326484.08644096 68.8579368231608 68.8579368231608 68.8579368231608
395100 298.958601240813 704.862076822542 370727.567071335 16707.9614195574 387435.528490893 326242.411279113 68.8409422624695 68.8409422624695 68.8409422624695
395200 299.488550639093 -736.574318877751 370885.156762895 16737.578811611 387622.735574506 326413.393980275 68.8529666081053 68.8529666081053 68.8529666081053
395300 301.424725683381 100.569206323835 370784.515438314 16845.7862283143 387630.301666628 326689.210720528 68.8723545525961 68.8723545525961 68.8723545525961
395400 298.887447935179 -22.8383794016944 370873.023759816 16703.984859992 387577.008619808 327133.440044383 68.9035577688781 68.9035577688781 68.9035577688781
395500 298.601679380382 -1427.0755392351 370910.444752415 16688.0140534367 387598.458805852 327580.466273604 68.9349289407604 68.9349289407604 68.9349289407604
395600 298.804910309293 -365.622522278606 370874.207745709 16699.3720625571 387573.579808266 327486.552163925 68.9283406549128 68.9283406549128 68.9283406549128
395700 299.476210074887 -422.977910181691 370804.179736053 16736.889131937 387541.06886799 327408.475511431 68.922862443357 68.922862443357 68.922862443357
395800 300.373069584766 -40.4718379105746 370775.425966342 16787.0121055783 387562.43807192 326951.988839127 68.8908158269072 68.8908158269072 68.8908158269072
395900 300.123902678068 1061.14843280354 370799.365023778 16773.0868629298 387572.451886708 326707.641994421 68.873649750312 68.873649750312 68.873649750312
396000 298.725246640725 341.461601822857 370861.110707402 16694.9198825714 387556.030589973 326683.116270083 68.8719262742323 68.8719262742323 68.8719262742323
396100 302.568018135784 289.393354063115 370735.537671395 16909.6816509806 387645.219322376 326767.341066657 68.8778445737018 68.8778445737018 68.8778445737018
396200 299.57426418336 -76.1222052047721 370897.504915012 16742.369102256 387639.874017268 326868.46281069 68.8849488428525 68.8849488428525 68.8849488428525
396300 299.657206885601 -654.704149012196 370701.673178869 16747.0045382773 387448.677717147 326569.637632276 68.8639507600334 68.8639507600334 68.8639507600334
396400 300.882859617278 1392.39898421017 370537.165788935 16815.5028469717 387352.668635907 326151.384212961 68.8345390770998 68.8345390770998 68.8345390770998
396500 297.147529547673 -53.1901776073671 370821.073415577 16606.7456798146 387427.819095392 326177.655250219 68.8363872027218 68.8363872027218 68.8363872027218
396600 299.37572815183 609.928073732874 370989.86343314 16731.2734778404 387721.13691098 326765.414589806 68.8777092155868 68.8777092155868 68.8777092155868
396700 304.578348104872 229.603063908125 370692.024441647 17022.0333793627 387714.05782101 327307.798884231 68.9157972295162 68.9157972295162 68.9157972295162
396800 299.608207449121 -49.0083019958964 370831.257453557 16744.2660965971 387575.523550154 327659.886069814 68.9404994353291 68.9404994353291 68.9404994353291
396900 296.939997382319 224.318188231711 370887.827151456 16595.1472866001 387482.974438057 327649.379372711 68.9397625485767 68.9397625485767 68.9397625485767
397000 300.136736562789 -307.07090760428 370745.216453274 16773.8041129099 387519.020566184 327365.562265597 68.919851084772 68.919851084772 68.919851084772
397100 301.871721379216 542.840814921445 370857.541569368 16870.767569576 387728.309138944 327088.612239368 68.9004102904353 68.9004102904353 68.9004102904353
397200 302.591115503996 726.707875837425 370922.060311094 16910.9724983935 387833.032809487 327124.071126743 68.9028999762247 68.9028999762247 68.9028999762247
397300 300.681332818146 104.283498773186 370866.533045447 16804.2400769061 387670.773122353 327170.313344715 68.9061465250399 68.9061465250399 68.9061465250399
397400 298.821457645666 -66.0575365817649 370796.338480355 16700.2968469806 387496.635327336 327149.891980093 68.9047128305553 68.9047128305553 68.9047128305553
397500 298.693501260175 380.330901208153 370823.802820016 16693.1457218974 387516.948541913 327084.423413225 68.9001161672109 68.9001161672109 68.9001161672109
397600 301.655004710029 145.10144462287 370702.053542989 16858.6558800888 387560.709423078 327021.387102305 68.8956896971881 68.8956896971881 68.8956896971881
397700 300.409515129698 -122.236845419406 370849.105241643 16789.048945315 387638.154186958 327436.789199348 68.9248491605755 68.9248491605755 68.9248491605755
397800 302.597806864426 -699.39256095201 370939.368241922 16911.3464598432 387850.714701765 327798.022821871 68.9501861858399 68.9501861858399 68.9501861858399
397900 303.301036493153 665.226844717266 370853.813261546 16950.6480001136 387804.461261659 327364.135948936 68.9197509910888 68.9197509910888 68.9197509910888
398000 299.666944461517 654.744870354322 370832.711005858 16747.5487442043 387580.259750062 327485.400070128 68.9282598251237 68.9282598251237 68.9282598251237
398100 300.304130695538 -16.5945389359148 370782.563085184 16783.1593035624 387565.722388746 327398.776987022 68.9221818901498 68.9221818901498 68.9221818901498
398200 302.314422836567 -494.738740446012 370745.482330425 16895.5089178399 387640.991248265 327648.712802238 68.9397157981537 68.9397157981537 68.9397157981537
398300 302.87981428516 -110.295652012437 370827.419220364 16927.1070671182 387754.526287483 327612.15016583 68.9371513529318 68.9371513529318 68.9371513529318
398400 301.2782381116 308.553320622231 371047.123591962 16837.5994469753 387884.723038937 327756.044136351 68.9472427455238 68.9472427455238 68.9472427455238
398500 302.089287392995 144.787708081848 371029.127164627 16882.9267265607 387912.053891188 328172.856347018 68.9764574410058 68.9764574410058 68.9764574410058
398600 298.372891071847 -370.37084352877 370992.507348562 16675.2277137348 387667.735062297 328523.78079796 69.001034836959 69.001034836959 69.001034836959
398700 297.76854106695 -590.233551744724 370946.74434534 16641.4522795315 387588.196624871 328561.239199212 69.0036572450078 69.0036572450078 69.0036572450078
398800 298.467523629567 397.205430846801 370978.242271778 16680.5164631365 387658.758734914 328006.614720405 68.9648084019557 68.9648084019557 68.9648084019557
398900 300.63409989838 -172.514806632744 370962.924917016 16801.6003609123 387764.525277928 327792.894150499 68.9498265897211 68.9498265897211 68.9498265897211
399000 301.935870231821 -51.2320885257705 371038.656321054 16874.3526698206 387913.008990875 327548.758049051 68.9327046783675 68.9327046783675 68.9327046783675
399100 302.395808197327 -180.448144808686 370888.792984968 16900.0573183946 387788.850303363 327483.278519803 68.9281109787042 68.9281109787042 68.9281109787042
399200 301.044443932246 590.361022976862 370699.141625266 16824.5333431317 387523.674968397 327268.115600389 68.9130119657335 68.9130119657335 68.9130119657335
399300 297.556643080445 770.605146015222 370843.604334102 16629.6098927638 387473.214226866 327359.269433048 68.9194094746261 68.9194094746261 68.9194094746261
399400 300.072741850576 -323.817376526766 370846.754346341 16770.2276271413 387616.981973483 327746.994909974 68.9466082035009 68.9466082035009 68.9466082035009
399500 302.81355980563 660.298800942383 370812.832469062 16923.4042892645 387736.236758326 327880.348957688 68.9559579587571 68.9559579587571 68.9559579587571
399600 300.21668736534 -674.175675738835 371009.38848034 16778.272340012 387787.660820352 327833.825567299 68.9526963861477 68.9526963861477 68.9526963861477
399700 299.129555779289 -132.609900814138 371001.017611276 16717.515591344 387718.53320262 327911.531339907 68.9581438607017 68.9581438607017 68.9581438607017
399800 298.545598723197 60.6914245270839 370857.506756564 16684.8798621047 387542.386618669 328300.555562644 68.9854030287712 68.9854030287712 68.9854030287712
399900 300.085090711907 22.6021339276815 370731.261932516 16770.9177705185 387502.179703034 328585.204011184 69.0053348820004 69.0053348820004 69.0053348820004
400000 296.663513571406 92.2729004206982 371029.401499209 16579.695378454 387609.096877663 328931.501635413 69.0295680624244 69.0295680624244 69.0295680624244
400100 301.078359175809 -342.053862475279 371023.222433996 16826.4287713904 387849.651205386 328982.091109163 69.0331067834937 69.0331067834937 69.0331067834937
400200 302.979592166132 -425.032251708672 370909.105366575 16932.6833742687 387841.788740844 328729.484431615 69.0154333909333 69.0154333909333 69.0154333909333
400300 300.972379394983 564.829081860083 370889.972624152 16820.5058573751 387710.478481527 327792.275954862 68.949783244762 68.949783244762 68.949783244762
400400 297.627684379472 277.814226817732 370956.45185009 16633.5801925927 387590.032042682 327575.08630717 68.9345515580282 68.9345515580282 68.9345515580282
400500 298.584556269246 -255.550989432305 370888.960111091 16687.0570905693 387576.017201661 327697.204317078 68.9431166216733 68.9431166216733 68.9431166216733
400600 300.564908874855 540.475324311649 370876.412702786 16797.7334678146 387674.146170601 328104.119392311 68.9716413178354 68.9716413178354 68.9716413178354
400700 302.078602187308 -603.021471318052 371054.756312057 16882.3295602519 387937.085872309 328169.117074781 68.9761954624712 68.9761954624712 68.9761954624712
400800 302.286757761883 605.195284208937 370985.706808708 16893.962794067 387879.669602775 328021.809343858 68.9658732972634 68.9658732972634 68.9658732972634
400900 299.863101110378 -268.908244914178 370879.842653792 16758.5113915667 387638.354045359 327728.889556241 68.9453386004875 68.9453386004875 68.9453386004875
401000 297.375208313346 -769.467794448957 370950.863447274 16619.4700102642 387570.333457538 327872.61911204 68.9554160709394 68.9554160709394 68.9554160709394
401100 300.292524157997 437.554463967984 370845.15615451 16782.510646589 387627.666801099 327797.198446329 68.9501283851101 68.9501283851101 68.9501283851101
401200 300.338861535698 421.749968399155 370949.012351734 16785.1003132375 387734.112664971 327715.166462465 68.9443762638494 68.9443762638494 68.9443762638494
401300 303.577961830322 432.067596774066 370951.803627757 16966.1245839293 387917.928211686 327793.58985267 68.9498753690072 68.9498753690072 68.9498753690072
401400 301.871379888543 659.358835187606 370934.152845676 16870.7484846158 387804.901330291 328085.875078021 68.9703628988305 68.9703628988305 68.9703628988305
401500 299.965732304075 -391.046801602605 370814.757725818 16764.2471623979 387579.004888216 328541.043236563 69.0022433798762 69.0022433798762 69.0022433798762
401600 300.419643070672 90.1501039283441 370801.74106837 16789.6149676551 387591.356036026 328425.643543505 68.9941634455067 68.9941634455067 68.9941634455067
401700 299.627091565889 158.661826558753 370928.065602138 16745.3214771518 387673.38707929 328057.947841118 68.9684058844578 68.9684058844578 68.9684058844578
401800 303.126516951203 264.006490935713 370835.255169473 16940.8945902376 387776.149759711 327975.295847751 68.9626133559792 68.9626133559792 68.9626133559792
401900 302.236738446792 542.632319398123 370908.538197399 16891.1673542192 387799.705551618 327929.638072238 68.959413088885 68.959413088885 68.959413088885
402000 299.737975961238 -537.034961013407 370874.626117023 16751.5184963773 387626.144613401 327859.736086861 68.9545129092182 68.9545129092182 68.9545129092182
402100 294.76868620812 -106.121364864738 371026.008310365 16473.7987681838 387499.807078548 327290.026712538 68.9145498760533 68.9145498760533 68.9145498760533
402200 300.68675210346 748.995046608295 370726.258805423 16804.5429456297 387530.801751052 326777.331434933 68.8785465084163 68.8785465084163 68.8785465084163
402300 301.282453600976 -556.029386938199 370861.349533082 16837.8350389053 387699.184571987 326775.952563203 68.8784496281607 68.8784496281607 68.8784496281607
402400 303.350702186078 436.340137698632 370893.471142168 16953.4236770061 387846.894819174 327421.642413245 68.9237863538699 68.9237863538699 68.9237863538699
402500 300.395094129975 580.002608335647 370956.663561984 16788.2429959093 387744.906557894 328175.745963731 68.9766598901474 68.9766598901474 68.9766598901474
402600 297.514951883715 -437.026566361218 370852.622466127 16627.279888196 387479.902354323 328660.674062763 69.01061756815 69.01061756815 69.01061756815
402700 299.252393939583 351.043394199486 370818.84149107 16724.3806731129 387543.222164183 328428.53777599 68.9943661139711 68.9943661139711 68.9943661139711
402800 301.109856337366 -415.303100943824 370860.012567926 16828.189059798 387688.201627724 327867.981811134 68.9550909766779 68.9550909766779 68.9550909766779
402900 302.483322301862 -702.221546644592 370840.168696885 16904.948237325 387745.11693421 327468.649261033 68.927084583105 68.927084583105 68.927084583105
403000 299.178868223723 788.968113979828 370851.195422562 16720.2715261647 387571.466948726 326849.742148952 68.8836337405073 68.8836337405073 68.8836337405073
403100 300.273200446696 -652.720646325564 370708.588147395 16781.4306983234 387490.018845718 327082.123776546 68.8999546945204 68.8999546945204 68.8999546945204
403200 299.296515767255 71.6027948270639 370798.171034471 16726.8465188569 387525.017553328 327583.02326318 68.9351083017157 68.9351083017157 68.9351083017157
403300 300.076051439427 -1352.65553270391 370848.372985743 16770.4125908206 387618.785576563 328222.057275614 68.9799043401086 68.9799043401086 68.9799043401086
403400 300.868960958432 17.6515952268604 370918.649177739 16814.726089739 387733.375267478 327572.583401936 68.9343759880123 68.9343759880123 68.9343759880123
403500 301.018634449048 28.177734900633 371004.424119119 16823.0909231854 387827.515042305 327019.888462851 68.8955844543706 68.8955844543706 68.8955844543706
403600 300.842130657052 -577.117847247393 370976.743590023 16813.2266191151 387789.970209138 326684.783646638 68.872043447148 68.872043447148 68.872043447148
403700 301.031406697663 -57.4851514964764 370718.385887449 16823.8047284956 387542.190615945 326689.244642921 68.8723569364265 68.8723569364265 68.8723569364265
403800 298.792492510053 -111.508218308695 370744.571878674 16698.6780664326 387443.249945107 326957.700418627 68.8912169796693 68.8912169796693 68.8912169796693
403900 295.605439522331 -187.328358527725 370963.450722061 16520.5625743881 387484.013296449 327069.566645271 68.8990729619877 68.8990729619877 68.8990729619877
404000 303.669823734942 379.081756473366 370723.029086586 16971.2584892659 387694.287575852 327033.532676503 68.8965426152592 68.8965426152592 68.8965426152592
404100 298.745365848079 393.948367481686 371062.478646844 16696.0442888901 387758.522935734 327217.585648189 68.9094650773518 68.9094650773518 68.9094650773518
404200 299.581644373835 -106.884715710931 371034.488877853 16742.7815604934 387777.270438346 327866.179274535 68.9549646104676 68.9549646104676 68.9549646104676
404300 301.183444481971 -798.217800399104 370811.313484075 16832.3016957144 387643.615179789 328345.414023249 68.9885449038978 68.9885449038978 68.9885449038978
404400 300.943611196172 -239.986839622338 370634.321453811 16818.898083075 387453.219536886 327911.198574794 68.9581205344179 68.9581205344179 68.9581205344179
404500 300.237813768722 554.212482351858 370680.929631584 16779.4530357042 387460.382667288 326774.709732617 68.8783623059941 68.8783623059941 68.8783623059941
404600 299.4300135198 152.389146581741 370857.2306808 16734.3073354712 387591.538016271 326090.13679889 68.8302300336616 68.8302300336616 68.8302300336616
404700 300.771946905782 -69.6547157247999 370921.502687666 16809.3042452358 387730.806932902 326075.219390685 68.8291804421737 68.8291804421737 68.8291804421737
404800 302.840586406884 11.0748402037758 370824.045558834 16924.9147305402 387748.960289374 326676.505728122 68.871461722289 68.871461722289 68.871461722289
404900 297.628246010648 124.485831114467 370851.437140029 16633.6115805908 387485.04872062 327004.958655209 68.8945359824853 68.8945359824853 68.8945359824853
405000 297.547322163201 465.82005589029 370780.755985992 16629.0889727266 387409.844958718 326937.271883132 68.8897821600365 68.8897821600365 68.8897821600365
405100 299.927717617273 148.267735201164 370788.205074509 16762.1226277037 387550.327702213 326939.220967147 68.8899190585773 68.8899190585773 68.8899190585773
405200 299.253230530688 60.7704698900599 370978.947088696 16724.4274278537 387703.37451655 327006.774460273 68.8946635022803 68.8946635022803 68.8946635022803
405300 300.938085717765 -196.534607265723 370863.356187953 16818.5892795161 387681.945467469 326924.24543137 68.888867202316 68.888867202316 68.888867202316
405400 300.821460431958 194.915545237531 370765.593620334 16812.0714179536 387577.665038287 326457.541901272 68.8560706252346 68.8560706252346 68.8560706252346
405500 299.088027852981 210.118714430469 370809.457037743 16715.1947115041 387524.651749247 326510.000789271 68.8597586182835 68.8597586182835 68.8597586182835
405600 299.983232314366 -542.375880204294 370769.52141909 16765.2251891065 387534.746608196 327153.925588842 68.9049960172709 68.9049960172709 68.9049960172709
405700 299.812037180648 -181.250510183383 370810.502367879 16755.6575711236 387566.159939002 327464.138555974 68.9267681037745 68.9267681037745 68.9267681037745
405800 303.278843242304 292.102372132241 370802.001047407 16949.4076812955 387751.408728702 327357.533517999 68.9192876528616 68.9192876528616 68.9192876528616
405900 301.352509272492 -130.230817093878 371086.90104114 16841.7502547648 387928.651295905 327230.103090156 68.9103437579496 68.9103437579496 68.9103437579496
406000 302.325911397044 83.7665886526876 370881.383447762 16896.1509814047 387777.534429167 326984.115003482 68.8930721471642 68.8930721471642 68.8930721471642
406100 302.257962801658 -126.115948650981 370688.088591457 16892.3535241463 387580.442115603 326818.577826304 68.8814443756486 68.8814443756486 68.8814443756486
406200 298.436611790962 601.828425834464 370842.775648402 16678.7888867942 387521.564535196 326312.289389537 68.8458569428693 68.8458569428693 68.8458569428693
406300 298.913693918692 -664.958982135369 370802.396398283 16705.451674722 387507.848073005 326413.280945573 68.8529586603356 68.8529586603356 68.8529586603356
406400 298.156961696955 255.239078017412 370801.895939073 16663.1600239274 387465.055963001 326285.237121457 68.8439543809081 68.8439543809081 68.8439543809081
406500 300.556883169067 136.150140843259 370656.954103059 16797.2849335289 387454.239036588 326159.473182125 68.8351081337689 68.8351081337689 68.8351081337689
406600 300.340824549215 170.775279496448 370789.984124983 16785.2100205815 387575.194145564 326536.455888394 68.8616183291014 68.8616183291014 68.8616183291014
406700 299.606235042592 -154.794736859233 371008.001621938 16744.1558643039 387752.157486242 327057.139809267 68.8982003562675 68.8982003562675 68.8982003562675
406800 302.229733478376 -158.850648897497 370879.911821426 16890.7758660949 387770.687687521 327100.142364809 68.901219878428 68.901219878428 68.901219878428
406900 298.332001427627 -93.3047614911096 370885.801346379 16672.9425056985 387558.743852077 326512.030683009 68.8599013170297 68.8599013170297 68.8599013170297
407000 297.049468254011 -429.151909066017 370770.763477769 16601.2653079355 387372.028785704 326082.005512584 68.8296579188833 68.8296579188833 68.8296579188833
407100 297.632542932431 439.30412613104 370771.928697029 16633.8517235507 387405.780420579 325735.459641951 68.8052662135581 68.8052662135581 68.8052662135581
407200 299.273240721618 -98.0185219563335 370829.153942643 16725.5457415489 387554.699684191 325876.60553819 68.8152028848587 68.8152028848587 68.8152028848587
407300 301.298608881613 277.928337095914 370809.764279053 16838.7379124285 387648.502191482 326457.803718455 68.8560890326285 68.8560890326285 68.8560890326285
407400 300.200422198691 -424.88385421187 370829.620697737 16777.3633252664 387606.984023004 326932.730233297 68.8894631643723 68.8894631643723 68.8894631643723
407500 296.015543571508 373.211687183959 370800.317054638 16543.4821445333 387343.799199171 327134.276612626 68.9036165038081 68.9036165038081 68.9036165038081
407600 296.330638514885 451.770124510159 370724.798636127 16561.0919210562 387285.890557183 326967.112587956 68.8918780331499 68.8918780331499 68.8918780331499
407700 300.785479011515 446.205340886955 370677.341827983 16810.0605168385 387487.402344822 326915.574864567 68.8882581817107 68.8882581817107 68.8882581817107
407800 301.583269271119 -87.9927221419791 370717.864241001 16854.6467867202 387572.511027721 326848.727614885 68.883562469363 68.883562469363 68.883562469363
407900 299.786070253573 -132.647967313142 370828.051913962 16754.2063520788 387582.25826604 326890.907169145 68.8865254639037 68.8865254639037 68.8865254639037
408000 299.527646301129 -609.538001492106 370817.735999569 16739.7637589926 387557.499758562 327363.269734414 68.919690203182 68.919690203182 68.919690203182
408100 299.898753274032 -74.9004052481251 370724.777234916 16760.5038914392 387485.281126355 327324.061376 68.9169385853776 68.9169385853776 68.9169385853776
408200 297.355000344433 244.787010106139 370849.70698915 16618.3406433098 387468.04763246 327391.019561597 68.9216375357351 68.9216375357351 68.9216375357351
408300 299.833403582338 96.835648449826 370861.843824584 16756.8516796511 387618.695504235 327385.021924669 68.9212166633857 68.9212166633857 68.9212166633857
408400 302.11186294911 -1.32031902582676 370900.885093796 16884.1884113526 387785.073505149 327481.796858562 68.9280070260535 68.9280070260535 68.9280070260535
408500 299.543096252054 -103.201143644316 370996.742325461 16740.6272136078 387737.369539069 327509.809267067 68.9299723102897 68.9299723102897 68.9299723102897
408600 298.406413268644 469.511161408759 370831.589994883 16677.1011757074 387508.69117059 327549.088128513 68.9327278334571 68.9327278334571 68.9327278334571
408700 300.550160535993 -461.620924506721 370672.795835407 16796.9092243385 387469.705059746 327886.800533526 68.9564102291009 68.9564102291009 68.9564102291009
408800 302.678042940237 466.645758433061 370653.81107115 16915.8306300713 387569.641701221 327814.29131563 68.9513268243218 68.9513268243218 68.9513268243218
408900 299.822234507507 67.358889965164 370952.576360486 16756.2274712471 387708.803831733 327775.542044103 68.9486099212491 68.9486099212491 68.9486099212491
409000 302.440048732418 58.5918838861279 370885.555812667 16902.5297983647 387788.085611031 327591.594240509 68.9357095092016 68.9357095092016 68.9357095092016
409100 300.67964292436 -401.867785426309 370824.974763584 16804.1456334612 387629.120397045 327315.415653476 68.9163318044687 68.9163318044687 68.9163318044687
409200 296.945317188065 57.7790637364897 370829.298087226 16595.4445956884 387424.742682914 327118.965154297 68.902541480096 68.902541480096 68.902541480096
409300 301.438545074442 -71.1682482076736 370656.68384927 16846.5585554918 387503.242404762 327250.18507693 68.9117533962958 68.9117533962958 68.9117533962958
409400 300.822851683566 -194.128203941119 370841.432973 16812.1491711211 387653.582144121 327491.451123638 68.9286843590822 68.9286843590822 68.9286843590822
409500 301.464236341723 270.828034501613 370842.348728735 16847.9943686805 387690.343097416 327641.162863566 68.9391862730822 68.9391862730822 68.9391862730822
409600 299.630825016642 -181.512787358874 370802.503436301 16745.5301292892 387548.03356559 327423.192355619 68.9238951104034 68.9238951104034 68.9238951104034
409700 297.075083895143 159.087786762495 370713.529883226 16602.69689459 387316.226777816 326784.100957555 68.8790221346957 68.8790221346957 68.8790221346957
409800 299.340634777396 -228.623950655203 370666.506608971 16729.312207137 387395.818816108 326388.935791107 68.8512468451952 68.8512468451952 68.8512468451952
409900 301.515561059946 3.30103316036382 370676.555518336 16850.8627638643 387527.4182822 326113.346922373 68.8318630384217 68.8318630384217 68.8318630384217
410000 300.352952261282 19.5227053860835 370766.204170137 16785.8878045438 387552.091974681 326507.95716313 68.8596149535708 68.8596149535708 68.8596149535708
410100 300.449579554728 323.62065005907 370752.168848217 16791.2880341551 387543.456882372 327181.839612878 68.9069557074584 68.9069557074584 68.9069557074584
410200 300.664998869738 -544.398677443069 370733.341297433 16803.32721814 387536.668515573 327856.879868896 68.9543126714653 68.9543126714653 68.9543126714653
410300 299.489677649664 963.660600957804 370840.301669501 16737.6417970848 387577.943466585 327508.90193198 68.9299086555651 68.9299086555651 68.9299086555651
410400 301.529949646783 -65.6970143837064 370774.580535671 16851.6669018043 387626.247437476 326675.850586141 68.8714156822307 68.8714156822307 68.8714156822307
410500 298.788645526465 169.46412198521 370860.755331206 16698.4630692621 387559.218400468 326215.015211867 68.8390152456133 68.8390152456133 68.8390152456133
410600 299.326485421209 159.610221246831 370660.241808601 16728.52143913 387388.763247731 326337.244221508 68.847611900777 68.847611900777 68.847611900777
410700 298.328488649109 198.708350195096 370559.900478408 16672.7461863161 387232.646664724 326945.625619643 68.8903689007117 68.8903689007117 68.8903689007117
410800 300.827505687167 70.685508187041 370573.979560148 16812.4092703866 387386.388830534 327167.915123305 68.90597815952 68.90597815952 68.90597815952
410900 300.053448244941 407.709338156017 370836.815598399 16769.1493613973 387605.964959797 326761.922659548 68.8774638642299 68.8774638642299 68.8774638642299
411000 300.387959588829 -380.41873977362 370833.158391141 16787.8442663269 387621.002657468 326591.939977929 68.865518361034 68.865518361034 68.865518361034
411100 301.253869272612 -199.326121609499 370682.853007947 16836.2375406111 387519.090548558 326531.044191133 68.8612379118634 68.8612379118634 68.8612379118634
411200 296.952838602742 -534.969719734799 370788.350476121 16595.8649465521 387384.215422673 327319.199391855 68.9165973590911 68.9165973590911 68.9165973590911
411300 298.710904141615 -639.876883727775 370755.850618728 16694.1183203458 387449.968939074 328231.460826565 68.9805630911342 68.9805630911342 68.9805630911342
411400 301.455615417363 -376.671874576654 370899.231646837 16847.5125692909 387746.744216128 328622.902466418 69.0079737663414 69.0079737663414 69.0079737663414
411500 299.787173864336 -509.97560133114 371021.64025096 16754.2680298026 387775.908280763 328084.367714216 68.9702572724322 68.9702572724322 68.9702572724322
411600 301.577484929744 34.0995475944763 370814.469894291 16854.3235160328 387668.793410323 327337.662710097 68.9178931432954 68.9178931432954 68.9178931432954
411700 299.526766823946 396.916363604015 370732.895186882 16739.7146074687 387472.609794351 326374.442862918 68.8502277430987 68.8502277430987 68.8502277430987
411800 299.562518659354 658.556349789659 370655.029319 16741.7126777172 387396.741996717 326215.569891455 68.8390542623898 68.8390542623898 68.8390542623898
411900 298.112728607597 54.396485051277 370749.315110122 16660.6879600784 387410.003070201 326328.798681033 68.847017974995 68.847017974995 68.847017974995
412000 299.31114541918 -727.844493339588 370757.082126417 16727.6641292516 387484.746255669 326912.981947267 68.8880760531099 68.8880760531099 68.8880760531099
412100 298.910627219932 10.5643382281765 370812.665410968 16705.2802854917 387517.94569646 327277.810985646 68.9136924797327 68.9136924797327 68.9136924797327
412200 297.934897609247 279.784308120753 370950.670398025 16650.749482151 387601.419880176 327829.610914647 68.9524008981215 68.9524008981215 68.9524008981215
412300 299.840420950906 -61.0466928987829 370955.262496814 16757.2438607853 387712.506357599 328077.830110008 68.9697991552694 68.9697991552694 68.9697991552694
412400 302.763680960181 675.787937915028 370899.716910589 16920.6166998727 387820.333610462 328014.711087816 68.9653758293673 68.9653758293673 68.9653758293673
412500 303.659905440475 103.7955614085 370912.849248207 16970.7041834836 387883.553431691 327611.917524895 68.9371350352554 68.9371350352554 68.9371350352554
412600 299.718900197388 459.111702910318 370964.01479629 16750.4524052024 387714.467201492 327695.11975717 68.9429704335056 68.9429704335056 68.9429704335056
412700 296.914019473819 -507.511408559164 370964.467453639 16593.6954538341 387558.162907473 327746.403751913 68.9465667504203 68.9465667504203 68.9465667504203
412800 301.157477411078 90.2869876164892 370694.815857677 16830.850468632 387525.666326309 327268.854044199 68.9130637971896 68.9130637971896 68.9130637971896
412900 302.634890310943 266.801281640553 370664.912481113 16913.4189501183 387578.331431231 326752.700699672 68.8768158989075 68.8768158989075 68.8768158989075
413000 299.798924766396 205.301818643894 370955.741930588 16754.9247549058 387710.666685493 326152.232682761 68.8345987671494 68.8345987671494 68.8345987671494
413100 301.932784780991 -145.048186671503 370895.367698267 16874.1802325894 387769.547930857 326027.927330992 68.8258527528403 68.8258527528403 68.8258527528403
413200 301.425172106502 74.2791000204508 370732.837589282 16845.8111776559 387578.648766938 326057.577888038 68.8279391416031 68.8279391416031 68.8279391416031
413300 298.249642883738 -548.139848603473 370713.005621686 16668.3397166563 387381.345338342 326259.346968247 68.8421334509684 68.8421334509684 68.8421334509684
413400 297.904643968638 36.6619465355506 370735.051115893 16649.0586906569 387384.10980655 326088.66808597 68.8301266961806 68.8301266961806 68.8301266961806
413500 300.846218026996 257.418059781597 370718.51711311 16813.4550508078 387531.972163918 326223.754838876 68.8396299955137 68.8396299955137 68.8396299955137
413600 302.320459101206 459.125944520901 370809.304473686 16895.8462678151 387705.150741501 326338.631359058 68.8477094491201 68.8477094491201 68.8477094491201
413700 301.840003347296 -455.544656482434 370819.872409807 16868.9949373405 387688.867347147 326783.766509023 68.8789986365148 68.8789986365148 68.8789986365148
413800 298.726011245556 316.868700964491 370911.049020077 16694.9626142003 387606.011634278 326746.200640268 68.8763591759661 68.8763591759661 68.8763591759661
413900 301.1925803605 -437.94301887495 370753.603609742 16832.8122744547 387586.415884197 326962.369716832 68.8915449243383 68.8915449243383 68.8915449243383
414000 299.386424702643 -741.605645250695 370867.705026941 16731.8712781965 387599.576305137 326962.329455474 68.8915420966253 68.8915420966253 68.8915420966253
414100 301.061321330017 -116.348891817203 370715.689296512 16825.4765737651 387541.165870277 326703.047044863 68.8733268597625 68.8733268597625 68.8733268597625
414200 295.342423429091 -776.39854934793 370857.222652628 16505.8633393759 387363.085992004 326538.011276377 68.8617276648909 68.8617276648909 68.8617276648909
414300 297.877621114774 852.398526813538 370776.447716581 16647.5484588123 387423.996175393 326543.936821199 68.8621441970878 68.8621441970878 68.8621441970878
414400 300.943579437074 -70.2569477225886 370839.217243245 16818.8963081478 387658.113551393 326910.761835977 68.8879201099384 68.8879201099384 68.8879201099384
414500 300.709106836234 -582.167768588183 370867.062398346 16805.7922892216 387672.854687568 326952.114185672 68.8908246306714 68.8908246306714 68.8908246306714
414600 303.692519613693 -152.177974892959 370572.703216672 16972.5268985539 387545.230115226 327012.920854728 68.8950951458605 68.8950951458605 68.8950951458605
414700 299.10016685786 126.671884256905 370697.087411723 16715.8731265901 387412.960538313 326982.430327644 68.8929538308219 68.8929538308219 68.8929538308219
414800 297.388332689989 -41.6789546045856 370803.685113421 16620.2034950266 387423.888608448 327135.614178912 68.9037104132875 68.9037104132875 68.9037104132875
414900 299.44664812257 419.715192409643 370745.877069978 16735.23699697 387481.114066948 327158.472025743 68.9053152052137 68.9053152052137 68.9053152052137
415000 299.221477186404 804.479219772393 370850.198604293 16722.6528221089 387572.851426402 326751.515763752 68.876732640517 68.876732640517 68.876732640517
415100 301.820052479898 83.9902595219395 370791.564688705 16867.8799390719 387659.444627777 326899.071258399 68.8870989386705 68.8870989386705 68.8870989386705
415200 300.542723307566 243.897709308171 370912.74312442 16796.4935784092 387709.236702829 327267.421608325 68.9129632542796 68.9129632542796 68.9129632542796
415300 300.939624537487 -222.049744657461 370948.863936956 16818.6752798534 387767.53921681 328012.580713808 68.9652265247201 68.9652265247201 68.9652265247201
415400 302.339250179065 31.9816964840447 370875.770967876 16896.8964486849 387772.667416561 328370.12985795 68.9902758723817 68.9902758723817 68.9902758723817
415500 298.117688653439 -419.587132979907 371007.573470817 16660.9651631902 387668.538634008 328371.57470575 68.9903770593178 68.9903770593178 68.9903770593178
415600 298.776304280109 138.882080296064 370885.983579386 16697.7733514646 387583.756930851 328073.166679975 68.9694723655798 68.9694723655798 68.9694723655798
415700 299.028120609681 -538.183880917455 370796.193428995 16711.8466629594 387508.040091955 327466.741215368 68.9269507114803 68.9269507114803 68.9269507114803
415800 296.281874672338 -219.037627534296 370875.879341088 16558.366646063 387434.245987151 326770.516466129 68.8780676824556 68.8780676824556 68.8780676824556
415900 296.884197878958 553.983045189711 370813.474266292 16592.0288081703 387405.503074462 326020.219889005 68.8253103908695 68.8253103908695 68.8253103908695
416000 300.444804885904 -253.132012240385 370782.763662638 16791.0211912472 387573.784853885 325621.008090647 68.7972067164858 68.7972067164858 68.7972067164858
416100 303.033167927585 -128.349300090082 370767.136630975 16935.6775739729 387702.814204948 326178.214408547 68.8364265375409 68.8364265375409 68.8364265375409
416200 301.855800766442 208.07666174912 370770.606751474 16869.8778109843 387640.484562459 327133.916455255 68.903591217398 68.903591217398 68.903591217398
416300 298.612493055708 -811.069458301615 370721.466114569 16688.6183995548 387410.084514124 327779.308439009 68.9488740112184 68.9488740112184 68.9488740112184
416400 297.980723067169 108.970457995835 370700.426568627 16653.3105390326 387353.73710766 327620.996441946 68.9377718341789 68.9377718341789 68.9377718341789
416500 301.056371536929 -619.624860639976 370678.266611629 16825.1999436511 387503.46655528 327248.611381887 68.9116429341647 68.9116429341647 68.9116429341647
416600 298.684379078945 -725.016358373048 370870.90407549 16692.635908661 387563.539984151 326537.040114849 68.8616593972624 68.8616593972624 68.8616593972624
416700 299.936965627832 296.906040152836 370825.616910825 16762.63947319 387588.256384015 325956.948063664 68.8208577173916 68.8208577173916 68.8208577173916
416800 299.563144650859 36.5775745428123 370788.86355101 16741.7476626344 387530.611213645 325728.809737638 68.8047979894858 68.8047979894858 68.8047979894858
416900 298.664068347554 -187.845736541457 370726.333369788 16691.5007985987 387417.834168386 326111.871896188 68.831759261668 68.831759261668 68.831759261668
417000 300.518114021881 -356.676888188004 370667.624689123 16795.1182341506 387462.742923274 326531.410937166 68.8612636925427 68.8612636925427 68.8612636925427
417100 302.094821699652 -527.349973619192 370812.551750392 16883.236023506 387695.787773898 326643.898551641 68.8691701804631 68.8691701804631 68.8691701804631
417200 302.871401460652 448.873977876809 370813.490467999 16926.6368978482 387740.127365847 326488.995958224 68.8582819727399 68.8582819727399 68.8582819727399
417300 299.601086594521 260.951316642654 370850.83633211 16743.8681319176 387594.704464027 326416.889654619 68.8532123973347 68.8532123973347 68.8532123973347
417400 299.114880092674 -168.92566890901 370689.481922427 16716.6954081991 387406.177330626 326226.700817842 68.839837214729 68.839837214729 68.839837214729
417500 299.78347876467 703.245123966124 370644.161526041 16754.0615210003 387398.223047041 326040.916905703 68.8267667918009 68.8267667918009 68.8267667918009
417600 300.439381638016 -17.7569124400811 370717.826300274 16790.7181010665 387508.544401341 326259.953434954 68.8421761066414 68.8421761066414 68.8421761066414
417700 300.360946572552 -134.207208974104 370841.139741303 16786.3345842777 387627.474325581 326422.923534615 68.8536366497496 68.8536366497496 68.8536366497496
417800 298.290154379902 -163.247911028685 370995.240209563 16670.6037910537 387665.844000617 326333.317659336 68.8473357697525 68.8473357697525 68.8473357697525
417900 298.493431730419 -316.489537209443 370848.668564996 16681.964394548 387530.632959544 326127.744916525 68.8328760054225 68.8328760054225 68.8328760054225
418000 298.401358878448 -270.331214481074 370633.029398498 16676.8186999531 387309.848098451 326081.609355264 68.8296300451343 68.8296300451343 68.8296300451343
418100 299.024487228462 -158.061150710433 370570.725262884 16711.6436034288 387282.368866313 326016.149249737 68.8250239421975 68.8250239421975 68.8250239421975
418200 300.212353162665 -131.929591168491 370624.534826645 16778.0301135272 387402.564940173 325996.324080227 68.8236288217122 68.8236288217122 68.8236288217122
418300 302.135930152552 602.147941514767 370774.170202348 16885.5334601484 387659.703662497 326165.516932179 68.835533303717 68.835533303717 68.835533303717
418400 300.036851014167 114.75598124451 370900.782806505 16768.221788515 387669.00459502 326330.688882091 68.8471509027409 68.8471509027409 68.8471509027409
418500 300.070957729147 -565.983829078185 370786.972233094 16770.1279175766 387557.10015067 326807.186789692 68.8806440945711 68.8806440945711 68.8806440945711
418600 297.888256086008 953.30775232619 370783.060304616 16648.1428176577 387431.203122274 326658.960920451 68.8702287408721 68.8702287408721 68.8702287408721
418700 298.798384611175 -288.751839890401 370789.227328777 16699.0073595114 387488.234688288 326934.332861934 68.8895757298797 68.8895757298797 68.8895757298797
418800 301.525801478448 -16.5097359631987 370780.364937719 16851.4350722593 387631.800009979 327021.129654634 68.8956716178002 68.8956716178002 68.8956716178002
418900 299.601042761632 -55.2991788823347 370879.969925515 16743.8656822199 387623.835607735 327140.698850701 68.9040674017678 68.9040674017678 68.9040674017678
419000 299.289653398883 47.1053516752824 370819.143501589 16726.4630002509 387545.60650184 326845.922914538 68.8833654380477 68.8833654380477 68.8833654380477
419100 299.276062826694 454.333578394472 370681.410788084 16725.7034611212 387407.114249205 326544.862879127 68.8622092932531 68.8622092932531 68.8622092932531
419200 298.310418279996 -106.595044398608 370681.022989606 16671.7362838456 387352.759273452 326231.296763071 68.8401604895508 68.8401604895508 68.8401604895508
419300 302.252624872426 -32.7514399712792 370722.371418245 16892.055202187 387614.426620432 326080.242645597 68.8295338828553 68.8295338828553 68.8295338828553
419400 300.071727313098 -76.4760140677212 370977.447852442 16770.1709274747 387747.618779916 326436.023227251 68.8545576935312 68.8545576935312 68.8545576935312
419500 301.044453481987 -9.2116628086459 370869.54356817 16824.53387684 387694.07744501 326968.194542163 68.8919540222144 68.8919540222144 68.8919540222144
419600 298.981945818556 717.216904677184 370808.615525146 16709.2660828206 387517.881607967 327316.815020085 68.9164300166431 68.9164300166431 68.9164300166431
419700 299.366760883229 256.998735724508 370687.575211108 16730.7723222382 387418.347533347 327284.985104291 68.9141960187008 68.9141960187008 68.9141960187008
419800 301.513526349883 -962.050808419503 370709.684813084 16850.7490496005 387560.433862685 327319.966907788 68.9166512255159 68.9166512255159 68.9166512255159
419900 303.246648867816 1080.04283803857 370856.922534403 16947.6084276041 387804.530962007 326648.415904874 68.8694876566053 68.8694876566053 68.8694876566053
420000 300.998294957084 278.13986831717 370922.10096374 16821.954205775 387744.055169515 326418.762501342 68.8533440809482 68.8533440809482 68.8533440809482
420100 300.099466457573 413.959152004549 370758.768690146 16771.7211908013 387530.489880948 326277.683515071 68.8434231237061 68.8434231237061 68.8434231237061
420200 301.0239398031 -825.519009127165 370551.888799701 16823.3874246089 387375.27622431 326328.446846613 68.8469932323025 68.8469932323025 68.8469932323025
420300 299.49558928166 161.490261502457 370565.64570918 16737.9721816896 387303.61789087 325859.535280504 68.8140012912312 68.8140012912312 68.8140012912312
420400 300.615982662977 356.628472026797 370639.262251296 16800.5878392157 387439.850090512 325901.506551952 68.8169556185017 68.8169556185017 68.8169556185017
420500 302.23229658653 157.913037624108 370747.217833557 16890.9191110525 387638.136944609 325675.980084143 68.8010779929107 68.8010779929107 68.8010779929107
420600 302.192190076273 -46.5699182684724 370703.531285607 16888.6776701865 387592.208955794 325991.263453137 68.8232726903727 68.8232726903727 68.8232726903727
420700 299.650295048799 790.891079818199 370757.021547673 16746.6182550189 387503.639802692 326144.97508595 68.8340881901652 68.8340881901652 68.8340881901652
420800 300.999002400376 -219.819559973189 370640.370636884 16821.9937428051 387462.364379689 326599.844644775 68.8660739519937 68.8660739519937 68.8660739519937
420900 298.420348724378 220.325121193399 370790.668573357 16677.8799894153 387468.548562772 326834.451604769 68.8825595622389 68.8825595622389 68.8825595622389
421000 300.697683686144 -226.960186845996 370864.528456951 16805.1538812608 387669.682338212 327236.786289736 68.910812885984 68.910812885984 68.910812885984
421100 299.248765592629 -229.563051720822 371135.080560844 16724.1778949334 387859.258455777 327351.992806609 68.9188988180277 68.9188988180277 68.9188988180277
421200 302.415299426957 -118.356882329268 370896.751117569 16901.1466287918 387797.89774636 327649.279227358 68.9397555248108 68.9397555248108 68.9397555248108
421300 301.198597180616 -728.613882600508 370858.156684776 16833.1485377298 387691.305222506 327504.59757406 68.929606678737 68.929606678737 68.929606678737
421400 299.298281953471 40.4036585425401 370865.880071441 16726.9452260727 387592.825297514 326981.410567707 68.892882211941 68.892882211941 68.892882211941
421500 300.459129560493 137.490484965175 370690.689902982 16791.8217573102 387482.511660292 326275.41881412 68.8432638420733 68.8432638420733 68.8432638420733
421600 300.413942588843 -917.893090849518 370607.493585872 16789.2963836435 387396.789969516 326108.906771163 68.8315506467641 68.8315506467641 68.8315506467641
421700 296.961716000885 402.878007309393 370611.581033372 16596.3610795453 387207.942112917 326357.051659466 68.8490048025844 68.8490048025844 68.8490048025844
421800 296.483840166631 0.103295793709439 370608.455723511 16569.6539335762 387178.109657087 326864.914754506 68.8846996003377 68.8846996003377 68.8846996003377
421900 299.358013511385 -665.971579406987 370716.827499185 16730.2834560518 387447.110955237 326753.789814907 68.8768924243716 68.8768924243716 68.8768924243716
422000 301.105196248699 416.924877225518 370752.533525528 16827.9286204551 387580.462145983 326415.834474608 68.8531382052876 68.8531382052876 68.8531382052876
422100 298.99375257089 -370.616385491425 370913.871910486 16709.9259292398 387623.797839726 325957.528293894 68.8208985529669 68.8208985529669 68.8208985529669
422200 301.375080251123 -548.350185867194 370758.430928629 16843.0116837339 387601.442612363 326142.519099061 68.8339154080639 68.8339154080639 68.8339154080639
422300 299.519166729162 -44.3598203061591 370679.553118429 16739.2898593935 387418.842977822 326197.10806796 68.8377556135183 68.8377556135183 68.8377556135183
422400 300.885184375165 -1156.27158298518 370503.000436892 16815.6327711984 387318.633208091 326936.129626537 68.8897019306812 68.8897019306812 68.8897019306812
422500 299.372128472347 415.907992324427 370743.272923623 16731.0723018057 387474.345225429 327032.295314109 68.8964557229481 68.8964557229481 68.8964557229481
422600 303.811502618062 254.442726850961 370705.442147912 16979.1765264232 387684.618674335 326787.064008839 68.8792303164457 68.8792303164457 68.8792303164457
422700 300.01326894661 -788.273457378674 370854.063769322 16766.9038526092 387620.967621931 326745.946575238 68.8763413241097 68.8763413241097 68.8763413241097
422800 299.369551537902 297.726486813769 370795.685454729 16730.9282841353 387526.613738864 326904.475613606 68.8874785546163 68.8874785546163 68.8874785546163
422900 298.51045751231 -154.361398670178 370737.203831316 16682.9159179556 387420.119749272 327174.385514736 68.9064324071107 68.9064324071107 68.9064324071107
423000 298.296017455426 -511.467620104044 370670.460157724 16670.9314619728 387341.391619697 327524.956639013 68.9310349673491 68.9310349673491 68.9310349673491
423100 299.198625889984 -64.1191164062161 370770.217654755 16721.3757269613 387491.593381716 327046.62952697 68.8974623126614 68.8974623126614 68.8974623126614
423200 301.404753485801 19.0224677335442 370830.676602382 16844.6700379613 387675.346640343 326570.790297931 68.8640317810555 68.8640317810555 68.8640317810555
423300 302.345767051817 1177.74542432728 370743.508438478 16897.2606585055 387640.769096984 326275.37889962 68.843261034788 68.843261034788 68.843261034788
423400 299.33370029015 268.344378963432 370717.573493506 16728.9246580085 387446.498151514 325878.116447067 68.8153092373231 68.8153092373231 68.8153092373231
423500 297.625077367753 -435.642387673136 370766.035748699 16633.4344939875 387399.470242686 326050.650277547 68.827451685233 68.827451685233 68.827451685233
423600 301.361754788611 672.961553039752 370619.03335172 16842.2669608438 387461.300312564 326803.658159925 68.8803961857371 68.8803961857371 68.8803961857371
423700 299.956687647566 -529.42104830429 370759.132802577 16763.7416818017 387522.874484379 327180.083736776 68.9068324403343 68.9068324403343 68.9068324403343
423800 299.634148025096 149.32830625561 370827.655568507 16745.7158429526 387573.371411459 327487.70267348 68.9284213733639 68.9284213733639 68.9284213733639
423900 301.08222838761 249.535383160092 370836.484646315 16826.6450108337 387663.129657148 327452.870296919 68.9259774893771 68.9259774893771 68.9259774893771
424000 301.466030222419 -37.7839119068235 370938.243365769 16848.0946236634 387786.337989433 327046.235926375 68.8974346732867 68.8974346732867 68.8974346732867
424100 303.506574895475 741.021761697609 370875.277645965 16962.1349674796 387837.412613445 326876.477104662 68.8855118213196 68.8855118213196 68.8855118213196
424200 300.408084850296 156.730573321196 370816.437240027 16788.9690109931 387605.40625102 326929.565831588 68.8892409018922 68.8892409018922 68.8892409018922
424300 299.501560543273 322.754460505472 370742.043535788 16738.3058988272 387480.349434615 327222.666365666 68.909821728631 68.909821728631 68.909821728631
424400 298.427096126213 283.72146732982 370841.083100317 16678.2570828626 387519.34018318 327514.970132099 68.9303343721324 68.9303343721324 68.9303343721324
424500 302.511700242543 -894.700357834327 370769.264218928 16906.5342011879 387675.798420115 327587.456915558 68.9354192996473 68.9354192996473 68.9354192996473
424600 301.797623499042 -178.045887937133 370932.213672366 16866.626445962 387798.840118328 327291.806836645 68.9146748174601 68.9146748174601 68.9146748174601
424700 302.02545639912 237.32024450098 370845.168461212 16879.359390553 387724.527851765 327174.715313337 68.906455560143 68.906455560143 68.906455560143
424800 299.552127323893 -241.643085725251 370722.920301039 16741.1319349947 387464.052236034 326961.570593006 68.8914887986952 68.8914887986952 68.8914887986952
424900 300.683595206722 574.863841779467 370591.722777768 16804.3665154862 387396.089293254 326628.499799006 68.8680879458688 68.8680879458688 68.8680879458688
425000 299.199597138954 -588.650125953037 370712.87155188 16721.4300073541 387434.301559234 326724.744172509 68.8748515065815 68.8748515065815 68.8748515065815
425100 299.043553384731 -431.098503584369 370888.58450278 16712.7091576629 387601.293660443 326656.789930915 68.8700761690312 68.8700761690312 68.8700761690312
425200 299.479125901164 304.136829281547 371010.217959194 16737.0520893256 387747.270048519 326979.802880042 68.8927693019356 68.8927693019356 68.8927693019356
425300 301.370108478939 -290.459557320295 370813.543681127 16842.7338252696 387656.277506397 327346.709625678 68.9185280520236 68.9185280520236 68.9185280520236
425400 297.98852275103 225.657454380882 370748.159243825 16653.7464415839 387401.905685409 328028.993317235 68.9663767651901 68.9663767651901 68.9663767651901
425500 295.232977175901 -471.343010537424 370937.36497996 16499.7466938998 387437.111673859 328045.005436335 68.967498901641 68.967498901641 68.967498901641
425600 301.134173007688 -227.036884862546 370781.279362606 16829.5480506011 387610.827413207 327530.855330604 68.9314487785383 68.9314487785383 68.9314487785383
425700 300.675084947056 -14.8196193698089 370883.428585043 16803.8909008373 387687.31948588 327031.592539755 68.8964063713524 68.8964063713524 68.8964063713524
425800 299.982029679679 -208.036001044938 370915.662813257 16765.1579772121 387680.820790469 326575.729601724 68.864378963217 68.864378963217 68.864378963217
425900 299.406857460204 7.21785294250824 370735.4251278 16733.0132079608 387468.438335761 326291.107044232 68.844367216291 68.844367216291 68.844367216291
426000 297.452825535103 296.202334740494 370728.946911128 16623.807820052 387352.75473118 326052.571493751 68.8275868709325 68.8275868709325 68.8275868709325
426100 300.879223062304 7.87241760014941 370608.110264957 16815.2996100688 387423.409875026 325967.428824719 68.8215953273112 68.8215953273112 68.8215953273112
426200 299.631039316814 656.905152763613 370736.755163407 16745.5421059274 387482.297269335 326095.051291749 68.8305758112412 68.8305758112412 68.8305758112412
426300 298.128258746806 -170.782065000216 370968.373453542 16661.5558961929 387629.929349735 326404.342534608 68.8523301711428 68.8523301711428 68.8523301711428
426400 300.927646358147 -637.543452750464 370989.323922274 16818.0058528576 387807.329775131 327336.286371713 68.9177965514216 68.9177965514216 68.9177965514216
426500 301.491580883254 209.77643095957 370948.779536152 16849.5225787505 387798.302114903 328166.338428151 68.9760007853936 68.9760007853936 68.9760007853936
426600 295.720203816831 -99.5638885420524 370992.074600998 16526.976430343 387519.051031341 328478.50335878 68.997864763357 68.997864763357 68.997864763357
426700 297.369278758774 514.788303064902 370850.961257609 16619.1386240167 387470.099881626 328262.207070512 68.9827168832533 68.9827168832533 68.9827168832533
426800 300.91973801576 -262.492017931839 370793.951273803 16817.5638776846 387611.515151488 327564.576734945 68.9338143424233 68.9338143424233 68.9338143424233
426900 302.203110795542 91.8379422563422 370835.630893645 16889.2879986918 387724.918892337 326908.258406734 68.887744265341 68.887744265341 68.887744265341
427000 301.799835301205 403.310004622799 370764.688460639 16866.7500574086 387631.438518048 326310.929675078 68.8457613178702 68.8457613178702 68.8457613178702
427100 299.272673296687 -327.530521213027 370839.121339794 16725.514029754 387564.635369548 325877.861290928 68.815291276975 68.815291276975 68.815291276975
427200 302.684170166304 720.277210642226 370585.145895041 16916.1730636266 387501.318958668 325830.440080308 68.8119531523664 68.8119531523664 68.8119531523664
427300 300.131388152361 765.915120671761 370610.435029885 16773.5052051858 387383.94023507 326193.53214017 68.8375040685304 68.8375040685304 68.8375040685304
427400 297.35565017917 226.220367301385 370720.934072832 16618.3769607587 387339.311033591 326469.621401992 68.8569198798231 68.8569198798231 68.8569198798231
427500 299.025300730438 525.240723296236 370911.601093077 16711.6890677826 387623.290160859 327061.831576034 68.898529812196 68.898529812196 68.898529812196
427600 302.075255894121 866.149293008451 370882.608896051 16882.1425452698 387764.751441321 327204.795211893 68.9085672103604 68.9085672103604 68.9085672103604
427700 299.895715388482 -243.044042326458 370953.615332433 16760.3341124987 387713.949444932 327343.330325627 68.9182908955368 68.9182908955368 68.9182908955368
427800 298.52750348961 491.949275309914 370842.538117683 16683.8685700281 387526.406687711 327453.045772515 68.9259898014031 68.9259898014031 68.9259898014031
427900 298.872582432529 -172.561680369453 370736.627113877 16703.1540685589 387439.781182436 327213.802240195 68.9091994909476 68.9091994909476 68.9091994909476
428000 300.001950323065 542.597767787467 370781.059244012 16766.2712863451 387547.330530357 326882.47162035 68.8859329108198 68.8859329108198 68.8859329108198
428100 298.855460108975 609.150790578359 370900.882408876 16702.1971497074 387603.079558583 326494.503675394 68.8586691729355 68.8586691729355 68.8586691729355
428200 299.62911151469 228.528808577917 370861.888068266 16745.4343664499 387607.322434716 326343.395530818 68.848044480164 68.848044480164 68.848044480164
428300 301.758370771899 -429.539077845351 370723.550500529 16864.4327206501 387587.983221179 326829.031999461 68.8821788207074 68.8821788207074 68.8821788207074
428400 300.204420853138 -402.333717614115 370757.700459321 16777.5867988977 387535.287258219 327074.847178314 68.8994437514778 68.8994437514778 68.8994437514778
428500 298.58713280007 -705.068857717271 370725.315859254 16687.2010856825 387412.516944936 327131.42473565 68.9034162749087 68.9034162749087 68.9034162749087
428600 298.244756636896 981.399130404599 370614.017891591 16668.0666379645 387282.084529556 326400.33125077 68.8520481207995 68.8520481207995 68.8520481207995
428700 300.292593236264 325.392534049746 370590.513286609 16782.5145071805 387373.027793789 325465.063362404 68.7862222953503 68.7862222953503 68.7862222953503
428800 301.644703648656 50.3232417731897 370735.823445143 16858.0801825331 387593.903627676 325411.637517591 68.7824582834238 68.7824582834238 68.7824582834238
428900 300.559783627479 201.682714195871 370771.971910366 16797.4470320504 387569.418942417 325818.983140407 68.8111466146142 68.8111466146142 68.8111466146142
429000 300.735301513676 -201.303172922104 370594.379321309 16807.2562365986 387401.635557908 326261.843183519 68.8423090212606 68.8423090212606 68.8423090212606
429100 299.161118483935 -65.2256756778638 370658.789460724 16719.2795427719 387378.069003496 326331.098840105 68.847179732831 68.847179732831 68.847179732831
429200 296.65080466249 649.084564128625 370822.559014837 16578.9851130227 387401.54412786 326075.970161443 68.8292332673024 68.8292332673024 68.8292332673024
429300 299.048144278698 -98.8773853691755 370761.273498587 16712.9657299072 387474.239228494 325759.404863698 68.8069521593549 68.8069521593549 68.8069521593549
429400 301.573587515539 -357.21641436619 370765.880547408 16854.1057004359 387619.986247844 325384.740824589 68.7805631743536 68.7805631743536 68.7805631743536
429500 301.675659821266 174.85593969842 370944.114043642 16859.8102365791 387803.924280221 325311.058732615 68.7753710866196 68.7753710866196 68.7753710866196
429600 301.90379149158 -505.949918248776 370828.890142061 16872.5598786043 387701.450020666 326139.31079463 68.8336896980679 68.8336896980679 68.8336896980679
429700 300.298336056979 158.43248753555 370652.410161717 16782.8354573941 387435.245619111 327317.216565565 68.9164581983807 68.9164581983807 68.9164581983807
429800 299.990004235011 -352.55832096952 370637.202619589 16765.6036528417 387402.806272431 327603.830965202 68.936567830773 68.936567830773 68.936567830773
429900 299.372652157657 82.1510140574244 370718.39300186 16731.1015691153 387449.494570976 326712.113226002 68.8739639442002 68.8739639442002 68.8739639442002
430000 301.130941694832 955.819578831742 370782.272366098 16829.3674615486 387611.639827647 325914.201661585 68.8178491680711 68.8178491680711 68.8178491680711
430100 299.558375641294 18.0908735554439 370900.42587721 16741.4811360066 387641.907013216 325985.400052534 68.8228600608707 68.8228600608707 68.8228600608707
430200 298.46915470407 -231.86619154911 370704.859099496 16680.6076193359 387385.466718832 326336.635325693 68.8475690810156 68.8475690810156 68.8475690810156
430300 298.897957361926 -159.060541567523 370582.231336604 16704.5722025067 387286.80353911 326377.789444247 68.8504630679984 68.8504630679984 68.8504630679984
430400 298.558311499334 19.1990240290329 370703.945410562 16685.5903436642 387389.535754226 326100.131519571 68.830933246074 68.830933246074 68.830933246074
430500 301.157529572826 514.032025286471 370712.468369275 16830.8533838064 387543.321753081 325962.85233497 68.8212732472794 68.8212732472794 68.8212732472794
430600 300.829149264541 -209.504667509976 370781.642868422 16812.5011253365 387594.143993759 326077.236687936 68.8293223814379 68.8293223814379 68.8293223814379
430700 299.641838840564 -463.958957405735 370817.352238133 16746.1456611535 387563.497899287 326667.088390458 68.8707999136071 68.8707999136071 68.8707999136071
430800 299.92999624859 344.795926564675 370788.824581104 16762.2499740453 387551.074555149 327406.963069504 68.922756314983 68.922756314983 68.922756314983
430900 300.706117486272 -606.691623944851 370772.563009511 16805.6252227997 387578.18823231 328137.485708096 68.9739792459727 68.9739792459727 68.9739792459727
431000 298.717618543749 -491.733779904663 370910.826051398 16694.4935695319 387605.31962093 327970.848447137 68.9623016396607 68.9623016396607 68.9623016396607
431100 302.881084283984 -184.705661269116 370776.873466252 16927.1780438062 387704.051510058 327306.215537248 68.9156861029294 68.9156861029294 68.9156861029294
431200 301.453580987609 -164.175068403435 370950.472839964 16847.3988706928 387797.871710657 326580.705881382 68.8647287408607 68.8647287408607 68.8647287408607
431300 301.606611407227 416.479114741699 370892.281849937 16855.9513135273 387748.233163464 326438.43510478 68.8547272707629 68.8547272707629 68.8547272707629
431400 299.043482643995 165.741523852896 370779.109576639 16712.7052041607 387491.8147808 326706.925294267 68.8735993874543 68.8735993874543 68.8735993874543
431500 300.269047130142 -580.458571810736 370668.519343028 16781.1985810588 387449.717924087 327481.999927213 68.9280212732724 68.9280212732724 68.9280212732724
431600 300.405429342949 -433.236006720314 370758.929076023 16788.8206021026 387547.749678125 327744.2351113 68.9464146809617 68.9464146809617 68.9464146809617
431700 300.511675521147 -641.818254215832 370937.455985595 16794.7584043232 387732.214389919 327700.682229593 68.94336052293 68.94336052293 68.94336052293
431800 302.075802050611 -176.498108948784 370977.374031051 16882.173068431 387859.547099482 327679.526934427 68.9418769042829 68.9418769042829 68.9418769042829
431900 301.660813089549 219.023565833187 370852.482565626 16858.980494201 387711.463059827 327540.307503982 68.9321118669434 68.9321118669434 68.9321118669434
432000 300.268376710215 -146.317760228374 370740.44186615 16781.1611131611 387521.602979311 326809.30280849 68.8807927575841 68.8807927575841 68.8807927575841
432100 300.834219402353 350.460912117773 370682.586611523 16812.7844811811 387495.371092704 326222.108737317 68.8395142087148 68.8395142087148 68.8395142087148
432200 302.329657075796 -316.853825038257 370576.486709573 16896.3603169308 387472.847026504 325967.500611197 68.8216003794106 68.8216003794106 68.8216003794106
432300 297.77534757769 -29.2486208317486 370814.454344033 16641.8326764104 387456.287020444 325734.492297002 68.8051981025693 68.8051981025693 68.8051981025693
432400 299.838590298492 -302.43023607564 370652.407840488 16757.1415507337 387409.549391221 325635.741547855 68.7982443291177 68.7982443291177 68.7982443291177
432500 297.675217043812 -492.129296868925 370729.986974368 16636.2366604738 387366.223634842 326025.849784191 68.8257065596034 68.8257065596034 68.8257065596034
432600 299.412952999939 609.678190628497 370557.545633384 16733.3538706555 387290.899504039 326232.253140872 68.8402277599584 68.8402277599584 68.8402277599584
432700 297.607532502646 200.511344164878 370682.509518727 16632.4539604685 387314.963479195 326277.980559346 68.8434440154593 68.8434440154593 68.8434440154593
432800 301.474258917296 681.584807384929 370697.153329906 16848.5545024425 387545.707832349 325833.656034801 68.8121795435141 68.8121795435141 68.8121795435141
432900 302.097218274646 31.7369996351012 370719.763340809 16883.3699613902 387603.133302199 325915.321959034 68.8179280194704 68.8179280194704 68.8179280194704
433000 300.15228079017 -341.672156334338 370719.861099985 16774.6728363729 387494.533936358 325861.929693519 68.8141698390449 68.8141698390449 68.8141698390449
433100 295.441562421866 -51.5720731601165 370831.110979853 16511.4039408491 387342.514920702 325954.001530096 68.8206503448335 68.8206503448335 68.8206503448335
433200 295.436839131746 -120.373941557513 370585.597437683 16511.1399693534 387096.737407036 326274.820641104 68.8432217710646 68.8432217710646 68.8432217710646
433300 295.780246805878 -923.789434670416 370635.306694392 16530.3320653385 387165.63875973 326593.246088996 68.8656101635606 68.8656101635606 68.8656101635606
433400 299.553964237854 994.614176740463 370680.102473904 16741.2345949867 387421.337068891 326157.314836097 68.834956295663 68.834956295663 68.834956295663
433500 301.039384040882 78.0239824176146 370699.231660071 16824.2505599324 387523.482220003 325670.703180807 68.8007063980117 68.8007063980117 68.8007063980117
433600 301.192275816398 220.445855595092 370695.607375261 16832.7952543352 387528.402629597 325246.823364481 68.770844032721 68.770844032721 68.770844032721
433700 298.84314849572 166.439023815777 370687.481369329 16701.5090880212 387388.99045735 325141.40117547 68.763413003065 68.763413003065 68.763413003065
433800 296.373131115516 -965.774732634188 370698.136926183 16563.4667138503 387261.603640033 325510.118232942 68.7893962267411 68.7893962267411 68.7893962267411
433900 301.65560408952 480.853613572823 370443.687645338 16858.6893777348 387302.377023073 326218.47850064 68.8392588564568 68.8392588564568 68.8392588564568
434000 301.778012357312 -108.280234720884 370751.497017897 16865.5304340122 387617.027451909 326753.872600483 68.8768982412005 68.8768982412005 68.8768982412005
434100 302.795892000494 -104.381271128158 370786.392272256 16922.4168849705 387708.809157227 326856.338838675 68.884097155183 68.884097155183 68.884097155183
434200 300.018531050562 497.529561904373 370829.329900132 16767.1979369053 387596.527837038 326876.926195064 68.8855433682088 68.8855433682088 68.8855433682088
434300 298.375906955016 -229.186160505619 370744.88457766 16675.3962630237 387420.280840684 326847.64255199 68.8834862433966 68.8834862433966 68.8834862433966
434400 299.427332978764 342.829122944612 370640.959162978 16734.1575275178 387375.116690496 326695.388677449 68.872788693816 68.872788693816 68.872788693816
434500 300.703863198917 -309.792857136495 370649.381197864 16805.4992369742 387454.880434838 326907.731938322 68.8877072853016 68.8877072853016 68.8877072853016
434600 299.398111981277 -713.053429402011 370742.479768843 16732.5244475641 387475.004216407 326660.26189034 68.8703201695339 68.8703201695339 68.8703201695339
434700 299.414675963282 63.6280758618265 370709.958150658 16733.4501622656 387443.408312924 326479.584088297 68.8576202950835 68.8576202950835 68.8576202950835
434800 301.770362773308 191.592635072967 370546.298229447 16865.1029201228 387411.401149569 326505.860762228 68.8594675782265 68.8594675782265 68.8594675782265
434900 300.101753014654 -209.17244324683 370630.100418592 16771.8489800917 387401.949398684 326432.776340232 68.854329406113 68.854329406113 68.854329406113
435000 301.799614732721 -128.343394665488 370695.685601535 16866.737730452 387562.423331987 326223.245985042 68.8395942027719 68.8395942027719 68.8395942027719
435100 300.098576849442 -215.201537215401 370936.98230732 16771.671473087 387708.653780407 326015.852591916 68.8250030664547 68.8250030664547 68.8250030664547
435200 298.878307653893 634.994684955962 370911.241863701 16703.474035194 387614.715898895 326486.596760588 68.8581133044397 68.8581133044397 68.8581133044397
435300 299.95574816605 -495.411483784055 370667.762489911 16763.6891768031 387431.451666714 327215.19094576 68.9092969750725 68.9092969750725 68.9092969750725
435400 299.218858393655 51.9593447694382 370674.331008893 16722.5064650947 387396.837473988 327385.284156362 68.9212350650853 68.9212350650853 68.9212350650853
435500 300.527728425104 311.326627357559 370694.444465371 16795.6555562997 387490.100021671 327203.202427136 68.9084553979265 68.9084553979265 68.9084553979265
435600 301.026901893731 -329.258312821866 370719.002821632 16823.552967583 387542.555789215 326452.184151954 68.8556939396157 68.8556939396157 68.8556939396157
435700 301.507004218911 349.070975909237 370661.262087908 16850.3845459127 387511.646633821 325882.530279385 68.815619923895 68.815619923895 68.815619923895
435800 300.832445765562 31.1717478341607 370665.19330615 16812.6853575736 387477.878663724 326237.036225985 68.8405641941565 68.8405641941565 68.8405641941565
435900 298.403634049882 -257.166947500904 370646.525521562 16676.9458529314 387323.471374493 326634.193110451 68.8684880795533 68.8684880795533 68.8684880795533
436000 295.807910260083 600.728198409695 370636.931497173 16531.8780985474 387168.80959572 326629.69154938 68.8681717040935 68.8681717040935 68.8681717040935
436100 298.870789838406 -519.433411020196 370670.062948691 16703.053885479 387373.11683417 326748.529408204 68.8765228062042 68.8765228062042 68.8765228062042
436200 300.361609948865 -755.291550763595 370726.399600966 16786.3716585274 387512.771259494 326300.556468766 68.845031789897 68.845031789897 68.845031789897
436300 300.183568573684 324.944311048645 370757.845313305 16776.4214232263 387534.266736531 325847.755258203 68.8131720584376 68.8131720584376 68.8131720584376
436400 300.825244362304 59.6729160879432 370681.025981994 16812.2828912545 387493.308873249 325651.066559933 68.7993235691515 68.7993235691515 68.7993235691515
436500 298.924543995918 -79.5885681403319 370604.001301321 16706.0580552407 387310.059356562 326143.793076299 68.8340050342468 68.8340050342468 68.8340050342468
436600 297.229279236975 -148.958879768587 370596.975468209 16611.3144416741 387208.289909883 326664.54923451 68.8706214708228 68.8706214708228 68.8706214708228
436700 300.8244713717 82.8226277636495 370644.643512836 16812.2396909681 387456.883203804 326750.754853208 68.8766791757583 68.8766791757583 68.8766791757583
436800 301.40112567286 -367.969484952268 370740.403510205 16844.4672896263 387584.870799832 326584.773262478 68.8650146303085 68.8650146303085 68.8650146303085
436900 300.328769181398 -76.9874745718716 370760.109300579 16784.5362797373 387544.645580316 326253.908175296 68.8417509125633 68.8417509125633 68.8417509125633
437000 300.503699038239 -781.132980880751 370627.458713419 16794.3126209668 387421.771334385 326079.85917872 68.8295069019129 68.8295069019129 68.8295069019129
437100 298.448616703547 97.9322990473062 370594.25200835 16679.4598078364 387273.711816186 325716.354025706 68.8039209575891 68.8039209575891 68.8039209575891
437200 298.157064266443 673.865161598992 370474.681131508 16663.1657562496 387137.846887758 325492.552204184 68.7881588066821 68.7881588066821 68.7881588066821
437300 297.867894136379 273.353338042448 370447.590534276 16647.0048451511 387094.595379427 326046.496495237 68.8271594039927 68.8271594039927 68.8271594039927
437400 299.312742036748 205.913900672955 370634.620474086 16727.7533597491 387362.373833836 326938.291357392 68.8898537652981 68.8898537652981 68.8898537652981
437500 300.824758493978 274.651470610952 370730.490774404 16812.2557374304 387542.746511834 327397.643006089 68.9221023169241 68.9221023169241 68.9221023169241
437600 299.131417353626 43.2856895931381 370939.369842589 16717.6196295355 387656.989472124 327009.286209516 68.8948398958489 68.8948398958489 68.8948398958489
437700 299.320636668911 283.550604094047 370912.989689915 16728.1945686959 387641.184258611 326662.3619047 68.8704677523779 68.8704677523779 68.8704677523779
437800 301.080992194196 150.527932325651 370600.170562045 16826.5759234357 387426.746485481 326354.835797669 68.8488489811979 68.8488489811979 68.8488489811979
437900 299.398786477013 74.2979483911822 370601.592513941 16732.5621432474 387334.154657188 326392.274383487 68.8514816013803 68.8514816013803 68.8514816013803
438000 301.282105532514 934.32764584333 370583.502095688 16837.8155863309 387421.317682019 326475.771861287 68.857352282509 68.857352282509 68.857352282509
438100 296.833967429049 199.592943555674 370896.721887928 16589.221568587 387485.943456515 325988.780102546 68.8230979282772 68.8230979282772 68.8230979282772
438200 300.412151287749 504.261621678029 370753.331991761 16789.1962728274 387542.528264588 325637.881648022 68.7983950443626 68.7983950443626 68.7983950443626
438300 300.988884615916 106.352872095802 370678.02695133 16821.4282880843 387499.455239415 326178.763706882 68.8364651787005 68.8364651787005 68.8364651787005
438400 299.388302722209 -919.195299594259 370624.727128545 16731.976235466 387356.703364011 326676.046219135 68.8714294303326 68.8714294303326 68.8714294303326
438500 296.002595725151 705.562979679767 370584.841767491 16542.7585255556 387127.600293047 326416.610988563 68.8531928037217 68.8531928037217 68.8531928037217
438600 300.222249196224 469.082664836851 370468.316750189 16778.5831752094 387246.899925398 326048.006110483 68.8272656284831 68.8272656284831 68.8272656284831
438700 299.888961461516 226.831823314939 370660.473358967 16759.9566543801 387420.430013347 325597.502801028 68.7955512774519 68.7955512774519 68.7955512774519
438800 301.427560396545 442.235279728959 370644.071635324 16845.9446525174 387490.016287841 325980.499679434 68.8225151994321 68.8225151994321 68.8225151994321
438900 300.04143723443 351.569541210504 370691.202743688 16768.4780995591 387459.680843247 326033.770830192 68.826263946053 68.826263946053 68.826263946053
439000 297.588314964937 -186.941359319424 370760.131518819 16631.3799459484 387391.511464767 326659.534329166 68.870269038523 68.870269038523 68.870269038523
439100 298.043705576455 471.235994542233 370705.208852223 16656.8304556059 387362.039307829 326974.199442297 68.8923757622881 68.8923757622881 68.8923757622881
439200 299.53681690247 -881.824514735165 370817.766090724 16740.2762782938 387558.042369018 327204.448608404 68.9085428790561 68.9085428790561 68.9085428790561
439300 303.223489727567 78.4605261871442 370740.646221052 16946.3141279245 387686.960348976 326790.771840525 68.8794908241329 68.8794908241329 68.8794908241329
439400 299.845580821 631.065593353335 370839.120213693 16757.5322315166 387596.65244521 326495.637754464 68.8587488997346 68.8587488997346 68.8587488997346
439500 297.299765212873 -760.563271222962 370779.137324111 16615.253706044 387394.391030155 326585.013072648 68.8650314860922 68.8650314860922 68.8650314860922
439600 301.095557600312 -122.965267453874 370535.660813968 16827.3899433114 387363.05075728 326610.486147831 68.8668218912935 68.8668218912935 68.8668218912935
439700 299.072978640171 -178.364748535456 370660.887404764 16714.3536530232 387375.241057787 326026.101365013 68.8257242629271 68.8257242629271 68.8257242629271
439800 300.280780543259 -33.2852912518343 370603.908128044 16781.8543287538 387385.762456798 325701.695559063 68.8028887966328 68.8028887966328 68.8028887966328
439900 299.014461171839 32.7944581411782 370653.879528514 16711.0832751207 387364.962803635 325339.530073917 68.7773774431905 68.7773774431905 68.7773774431905
440000 299.069640738981 -651.266250223061 370536.105696062 16714.1671070463 387250.272803108 325159.76321772 68.7647074275033 68.7647074275033 68.7647074275033
440100 299.311202702048 434.735966194267 370527.529204852 16727.6673306311 387255.196535483 325247.792085175 68.7709123087388 68.7709123087388 68.7709123087388
440200 297.639651718079 135.007949390782 370795.12717714 16634.2490137302 387429.37619087 325679.260799818 68.8013090160042 68.8013090160042 68.8013090160042
440300 302.14252886847 -401.117104623203 370697.562057292 16885.902243955 387583.464301247 326761.862948325 68.8774596687616 68.8774596687616 68.8774596687616
440400 300.481043272927 -310.582508333656 370830.782656032 16793.0464535069 387623.829109539 327751.357121466 68.9469140881792 68.9469140881792 68.9469140881792
440500 298.265824963372 -163.103549857777 370934.950170149 16669.2440879006 387604.194258049 327897.043261577 68.9571282557711 68.9571282557711 68.9571282557711
440600 301.395940380279 -77.7360673183539 370669.853434805 16844.1774981032 387514.030932908 327829.543978836 68.9523962052515 68.9523962052515 68.9523962052515
440700 298.561220273789 -343.596138789006 370712.902652693 16685.7529069461 387398.655559639 327355.413123413 68.9191388487916 68.9191388487916 68.9191388487916
440800 299.872480081816 -400.767985489775 370673.091522788 16759.0355560908 387432.127078878 326778.065664014 68.8785980956279 68.8785980956279 68.8785980956279
440900 301.152980272278 529.149447222858 370780.290021392 16830.5991361022 387610.889157494 326718.621736799 68.8744212927784 68.8744212927784 68.8744212927784
441000 301.172719942393 353.535944784472 370892.811051585 16831.7023311444 387724.513382729 326713.671667001 68.8740734553306 68.8740734553306 68.8740734553306
441100 299.238440172566 -315.85285228858 370910.887637571 16723.6008360385 387634.488473609 327444.891587692 68.925417668561 68.925417668561 68.925417668561
441200 298.445839114714 221.92624057198 370654.545722294 16679.3045761525 387333.850298447 327685.352295384 68.9422854426109 68.9422854426109 68.9422854426109
441300 299.406588716884 -337.766397154311 370618.033567007 16732.998188647 387351.031755654 327299.908500693 68.9152434424861 68.9152434424861 68.9152434424861
441400 298.728208140105 651.245637592063 370786.334312405 16695.0853925022 387481.419704907 326204.767735799 68.8382944188426 68.8382944188426 68.8382944188426
441500 302.514648354174 -139.179620743462 370690.856045115 16906.6989629147 387597.55500803 325561.998709277 68.7930506313793 68.7930506313793 68.7930506313793
441600 303.785315232839 -27.4749953868593 370549.60234087 16977.712986588 387527.315327458 325382.974238162 68.7804386991155 68.7804386991155 68.7804386991155
441700 298.694288927071 205.930827625477 370566.818341639 16693.1897424008 387260.00808404 325873.640159915 68.8149941517338 68.8149941517338 68.8149941517338
441800 299.276130747565 68.4069717757155 370552.898982359 16725.707257029 387278.606239388 326814.235868171 68.8811393321246 68.8811393321246 68.8811393321246
441900 299.79891391992 -228.489335430767 370670.286534412 16754.9241487266 387425.210683139 327330.034624642 68.917357798378 68.917357798378 68.917357798378
442000 301.110864134656 -150.21830662731 370728.502716343 16828.2453827744 387556.748099118 326997.539506396 68.8940149478986 68.8940149478986 68.8940149478986
442100 300.284856959852 7.83053102239255 370752.707678161 16782.0821482944 387534.789826455 326441.846479251 68.8549671204204 68.8549671204204 68.8549671204204
442200 301.86704392994 597.466729850436 370597.306092126 16870.5061599971 387467.812252123 325961.774380109 68.8211973835142 68.8211973835142 68.8211973835142
442300 299.918404250761 752.523281608176 370650.707734199 16761.6021296558 387412.309863855 326172.0704697 68.8359943306144 68.8359943306144 68.8359943306144
442400 298.786007389835 304.704005012378 370739.919489981 16698.3156311725 387438.235121154 326852.888935085 68.8838548016861 68.8838548016861 68.8838548016861
442500 300.519273891748 -154.77928314791 370715.739769141 16795.1830560386 387510.92282518 327158.398026014 68.9053100099995 68.9053100099995 68.9053100099995
442600 301.107964939903 173.95184311784 370792.337576309 16828.0833548753 387620.420931184 327272.64806774 68.9133300989094 68.9133300989094 68.9133300989094
442700 301.461502081381 154.184240471907 370914.979247704 16847.8415585051 387762.820806209 327344.862067359 68.9183983921089 68.9183983921089 68.9183983921089
442800 301.329029940074 174.456032116231 370982.089617482 16840.438060439 387822.527677921 327240.978191573 68.9111071338007 68.9111071338007 68.9111071338007
442900 300.862693339625 275.672196377731 370793.813005722 16814.3758100255 387608.188815747 326994.236283258 68.8937829654491 68.8937829654491 68.8937829654491
443000 299.959455740922 198.699282317565 370649.573001287 16763.8963828098 387413.469384097 326823.784120637 68.8818101394021 68.8818101394021 68.8818101394021
443100 298.998079550393 -33.3266208086106 370701.665924517 16710.1677520417 387411.833676558 327122.144350054 68.9027646954817 68.9027646954817 68.9027646954817
443200 302.103921005532 88.0629055607621 370689.703900865 16883.7445583029 387573.448459167 327176.795160272 68.9066015724212 68.9066015724212 68.9066015724212
443300 302.467447702672 87.9504553999447 370715.734629123 16904.0610503041 387619.795679427 326877.873815579 68.8856099348437 68.8856099348437 68.8856099348437
443400 299.22825374455 -149.725945989238 370636.852338893 16723.0315450209 387359.883883914 326376.490197329 68.8503717077471 68.8503717077471 68.8503717077471
443500 298.384935729575 362.579381750724 370521.097112933 16675.9008560221 387196.997968955 326216.88758733 68.8391469503995 68.8391469503995 68.8391469503995
443600 298.478842045098 295.276490184915 370635.848986438 16681.1490177752 387316.998004213 326181.038479057 68.8366252002684 68.8366252002684 68.8366252002684
443700 300.032108706011 135.458646385767 370713.038820758 16767.9567541545 387480.995574913 326672.552793505 68.8711839291425 68.8711839291425 68.8711839291425
443800 300.870634639875 743.313508415495 370750.789013179 16814.8196271213 387565.6086403 326963.575403238 68.8916296043145 68.8916296043145 68.8916296043145
443900 300.852024197239 -13.4110436226909 370799.049925843 16813.7795414497 387612.829467292 327390.000014319 68.9215659913771 68.9215659913771 68.9215659913771
444000 301.722242331517 -559.203032190936 370679.655774124 16862.4136030013 387542.069377126 327411.844209448 68.9230988244437 68.9230988244437 68.9230988244437
444100 300.435584155908 451.675614805006 370598.093179414 16790.5058703955 387388.599049809 326839.928575667 68.882944329578 68.882944329578 68.882944329578
444200 296.946808145079 71.6577966245397 370753.390742002 16595.5279211126 387348.918663114 326537.222332517 68.8616722062316 68.8616722062316 68.8616722062316
444300 301.690428495363 454.14174074961 370632.368300134 16860.6356165347 387493.003916669 326778.377747462 68.878620022705 68.878620022705 68.878620022705
444400 302.628538048841 -73.9561367865442 370753.911464616 16913.0639399272 387666.975404544 327206.665729604 68.9086985190002 68.9086985190002 68.9086985190002
444500 300.315206116604 -133.872753402505 370875.479669323 16783.7782779191 387659.257947242 327548.556284749 68.9326905245848 68.9326905245848 68.9326905245848
444600 299.750677587357 348.558341606876 370838.764970468 16752.2283547935 387590.993325262 328209.361961174 68.9790149697904 68.9790149697904 68.9790149697904
444700 298.674424192012 -489.323323806306 370708.945519017 16692.079557828 387401.025076845 328098.434186297 68.9712429480988 68.9712429480988 68.9712429480988
444800 296.700954225839 -629.433815565517 370668.083072538 16581.787832082 387249.87090462 327896.442028021 68.9570861090408 68.9570861090408 68.9570861090408
444900 298.913530084888 573.774799241449 370727.544519631 16705.4425185082 387432.987038139 327142.700391144 68.9042079264175 68.9042079264175 68.9042079264175
445000 299.45284944035 -23.3590109499754 370815.608184677 16735.5835713044 387551.191755981 326744.499510394 68.8762396460524 68.8762396460524 68.8762396460524
445100 302.811293032245 356.573966401231 370630.125736464 16923.2776056297 387553.403342094 326567.625982151 68.8638093604219 68.8638093604219 68.8638093604219
445200 300.630699931494 -220.90614165958 370633.336327598 16801.410346257 387434.746673855 327066.962760285 68.8988901204193 68.8988901204193 68.8988901204193
445300 296.685016185563 -361.158414605138 370746.14916015 16580.8970995159 387327.046259666 327520.91888321 68.9307517036114 68.9307517036114 68.9307517036114
445400 296.650782444854 50.3349284141813 370663.599062481 16578.9838713411 387242.582933822 327503.583249885 68.9295355173558 68.9295355173558 68.9295355173558
445500 299.828632209299 96.3698145875835 370668.602748895 16756.5850209354 387425.18776983 327130.901461239 68.9033795359397 68.9033795359397 68.9033795359397
445600 301.163868901221 -12.4942807696482 370726.658088098 16831.2076711687 387557.865759266 326766.078903673 68.8777558916673 68.8777558916673 68.8777558916673
445700 301.062586299985 376.275052439714 370765.659247388 16825.5472694044 387591.206516793 326278.698100444 68.8434944815926 68.8434944815926 68.8434944815926
445800 297.645570420303 195.78215000773 370885.796007265 16634.5797934703 387520.375800736 326400.350751917 68.8520494920133 68.8520494920133 68.8520494920133
445900 297.039699238084 337.982099788691 370672.08818664 16600.7193449141 387272.807531554 326667.419503106 68.8708231829497 68.8708231829497 68.8708231829497
446000 296.972160742676 -1.94919873201525 370670.392227982 16596.9448069984 387267.337034981 326929.544433368 68.8892393989108 68.8892393989108 68.8892393989108
446100 299.429061613543 -66.442938382473 370729.386934757 16734.2541360886 387463.641070846 327118.507755249 68.902509365407 68.902509365407 68.902509365407
446200 299.458528695467 1149.06481315033 370816.026374989 16735.9009690143 387551.927344004 326800.257918625 68.8801572953265 68.8801572953265 68.8801572953265
446300 299.737195488029 266.856069555661 370785.051252697 16751.474877909 387536.526130606 326498.528444353 68.8589521170508 68.8589521170508 68.8589521170508
446400 298.994825138853 35.7170238845272 370805.291243067 16709.9858720682 387515.277115136 326389.951425886 68.8513182606555 68.8513182606555 68.8513182606555
446500 299.566025124827 144.921121391383 370837.684929525 16741.9086442811 387579.593573806 326347.712974039 68.8483480930823 68.8483480930823 68.8483480930823
446600 301.625390228373 -346.067711434286 370835.8658838 16857.0008094037 387692.866693203 326477.317048393 68.8574609146896 68.8574609146896 68.8574609146896
446700 299.987182441652 53.7784092412315 370866.657764371 16765.4459506903 387632.103715062 326238.353037288 68.8406568158814 68.8406568158814 68.8406568158814
446800 301.395025059144 323.513263744874 370576.327804805 16844.1263433609 387420.454148166 326032.507181259 68.8261750264838 68.8261750264838 68.8261750264838
446900 298.529818748289 -270.336127798942 370679.250981785 16683.9979633706 387363.248945156 326170.060774487 68.8358529536492 68.8358529536492 68.8358529536492
447000 298.886307748288 289.70696207984 370667.591323272 16703.9211381305 387371.512461402 326175.0744332 68.8362056507512 68.8362056507512 68.8362056507512
447100 301.977897100347 -519.3750718347 370749.399254471 16876.7014341478 387626.100688619 326238.591212796 68.8406735686168 68.8406735686168 68.8406735686168
447200 302.634145451733 -194.617693445782 370855.341300966 16913.3773220169 387768.718622983 326482.838008365 68.8578490551236 68.8578490551236 68.8578490551236
447300 299.875380353748 -362.879944399256 370900.697000105 16759.1976441905 387659.894644296 327031.550481346 68.8964034178422 68.8964034178422 68.8964034178422
447400 301.282769460864 -363.64963158506 370668.059857398 16837.8526914324 387505.91254883 327039.028893496 68.8969285779502 68.8969285779502 68.8969285779502
447500 300.126143103116 685.071308395836 370643.853095499 16773.2120740296 387417.065169529 326640.252689049 68.8689139498843 68.8689139498843 68.8689139498843
447600 300.754427519918 72.8359957810165 370641.737738463 16808.3251356805 387450.062874143 326507.838162717 68.8596065879517 68.8596065879517 68.8596065879517
447700 299.49573214001 -28.7479241845393 370763.48247275 16737.9801656439 387501.462638394 326095.475418785 68.8306056521269 68.8306056521269 68.8306056521269
447800 302.19920036174 273.05744396608 370854.751535632 16889.0694554659 387743.820991097 325942.316747359 68.8198279752634 68.8198279752634 68.8198279752634
447900 301.672730819026 -685.932419252482 370948.484388368 16859.6465428227 387808.13093119 326495.580887616 68.8587449019474 68.8587449019474 68.8587449019474
448000 301.550739746039 555.476344395433 370726.616448143 16852.828802398 387579.445250541 326656.920216331 68.870085325191 68.870085325191 68.870085325191
448100 298.330497363789 -412.127864758879 370798.853298427 16672.8584477705 387471.711746198 326814.497828077 68.8811577361495 68.8811577361495 68.8811577361495
448200 300.670693546894 92.9174470640019 370712.331428131 16803.6454777447 387515.976905875 326633.940176979 68.868470303143 68.868470303143 68.868470303143
448300 301.256239069566 247.734242260599 370747.603227277 16836.3699819456 387583.973209223 326616.400500226 68.8672375752266 68.8672375752266 68.8672375752266
448400 301.036978095684 -243.648232150179 370934.091588187 16824.1160983736 387758.207686561 326122.201419687 68.8324859977252 68.8324859977252 68.8324859977252
448500 302.249166387622 133.517427308208 370854.359206468 16891.8619171287 387746.221123596 326041.791536321 68.826828336166 68.826828336166 68.826828336166
448600 299.452712740959 -428.272757819787 370741.121555422 16735.5759315571 387476.697486979 326039.305639329 68.8266534129457 68.8266534129457 68.8266534129457
448700 299.47137462592 44.4998636479319 370661.676700102 16736.6188921966 387398.295592298 326665.919056514 68.8707177371212 68.8707177371212 68.8707177371212
448800 299.229270329703 337.085318665171 370669.684866206 16723.0883591265 387392.773225332 327269.525426191 68.9131109215013 68.9131109215013 68.9131109215013
448900 299.483964946176 -233.885806398081 370840.407866552 16737.3225300389 387577.730396591 327384.02397782 68.9211466339339 68.9211466339339 68.9211466339339
449000 302.764649842091 -86.2918536332572 370816.016193755 16920.6708479771 387736.687041732 327157.551581883 68.9052505846101 68.9052505846101 68.9052505846101
449100 302.167828574854 -148.241707217786 370785.065282828 16887.3161738986 387672.381456726 326789.741079942 68.8794184043618 68.8794184043618 68.8794184043618
449200 301.553260136182 569.49997585549 370692.529307753 16852.9696599653 387545.498967718 326230.537015711 68.8401070497865 68.8401070497865 68.8401070497865
449300 301.213141503245 601.741868123336 370605.434930183 16833.9613793083 387439.396309491 325861.952058503 68.8141714133597 68.8141714133597 68.8141714133597
449400 300.740839103579 76.7283066365771 370596.757158205 16807.5657170353 387404.32287524 325717.54133134 68.8040045591468 68.8040045591468 68.8040045591468
449500 299.496483671857 -267.913196668765 370621.70249215 16738.0221666602 387359.72465881 325409.792801933 68.7823283102832 68.7823283102832 68.7823283102832
449600 298.757342682098 337.50768509694 370666.707828681 16696.7136406996 387363.421469381 324961.528106322 68.7507303490508 68.7507303490508 68.7507303490508
449700 301.768797502259 297.667598827797 370805.476405836 16865.0154414947 387670.491847331 325285.582241426 68.7735756759093 68.7735756759093 68.7735756759093
449800 301.298020156107 151.39867281566 370853.823039212 16838.705010204 387692.528049416 326426.256106919 68.8538709663626 68.8538709663626 68.8538709663626
449900 299.261284546799 70.2200812015547 370811.863187251 16724.8775443243 387536.740731576 327353.17959745 68.9189821047453 68.9189821047453 68.9189821047453
450000 298.035063728988 -250.016206888753 370765.018924395 16656.3474868823 387421.366411277 327414.34870816 68.9232745637306 68.9232745637306 68.9232745637306
450100 300.047858497838 -230.143968990994 370627.949420566 16768.8369660404 387396.786386606 326562.958222465 68.8634812596764 68.8634812596764 68.8634812596764
450200 304.495261070301 130.77084791966 370624.959423106 17017.3898770105 387642.349300116 325761.634300868 68.807109126352 68.807109126352 68.807109126352
450300 303.691110978499 -26.7109684648224 370723.877747145 16972.4481738663 387696.325921011 325485.081859577 68.7876325527745 68.7876325527745 68.7876325527745
450400 299.609770622666 -19.1605609363116 370742.308057069 16744.3534580016 387486.66151507 325226.996810779 68.7694466154975 68.7694466154975 68.7694466154975
450500 299.820013016902 45.2027417146064 370596.434837318 16756.1033183404 387352.538155658 325045.120966724 68.7566249724521 68.7566249724521 68.7566249724521
450600 296.446010599354 523.501277622757 370736.239650438 16567.5397446953 387303.779395134 325591.024779036 68.7950950269731 68.7950950269731 68.7950950269731
450700 298.203005698556 196.394848608043 370747.305661536 16665.7332946049 387413.038956141 326424.158712284 68.8537234965578 68.8537234965578 68.8537234965578
450800 299.999533750209 267.277913314694 370888.047835579 16766.1362308361 387654.184066415 327234.110414531 68.9106250533545 68.9106250533545 68.9106250533545
450900 301.70701335168 715.920832176505 370786.252007222 16861.5624978431 387647.814505065 327263.04813026 68.9126562773185 68.9126562773185 68.9126562773185
451000 299.803185220155 -652.22790859446 370827.710603719 16755.1628597696 387582.873463489 327553.61969836 68.9330457217184 68.9330457217184 68.9330457217184
451100 298.043947368682 -265.094300085975 370905.506842634 16656.8439686983 387562.350811332 327506.174316032 68.9297172970615 68.9297172970615 68.9297172970615
451200 300.683787688807 -0.645493352196178 370632.214279246 16804.3772727725 387436.591552019 327015.875597283 68.8953026469951 68.8953026469951 68.8953026469951
451300 295.140473950375 -393.034933949896 370745.344927383 16494.5769469286 387239.921874312 326657.0770061 68.8700963440126 68.8700963440126 68.8700963440126
451400 298.498163014242 14.3776527438164 370651.908927154 16682.2288127894 387334.137739944 326369.014687297 68.8498460412346 68.8498460412346 68.8498460412346
451500 301.959732952544 218.542739854091 370653.911613973 16875.6862906482 387529.597904622 326556.048565669 68.862995568362 68.862995568362 68.862995568362
451600 302.114614958082 495.647874681635 370678.322582442 16884.3422134494 387562.664795891 326673.626491131 68.8712593836458 68.8712593836458 68.8712593836458
451700 300.197922931216 12.0646781732213 370782.550650794 16777.2236481861 387559.77429898 326747.427520654 68.8764453824757 68.8764453824757 68.8764453824757
451800 297.848226429261 -222.661587254265 370834.523025699 16645.9056719199 387480.428697619 326885.031926523 68.8861127599848 68.8861127599848 68.8861127599848
451900 297.7667200072 119.146564417893 370654.120766456 16641.3505055872 387295.471272043 326998.181184398 68.8940600121978 68.8940600121978 68.8940600121978
452000 298.193480869204 338.425744710008 370677.692257928 16665.2009784893 387342.893236417 327033.422756128 68.8965348962397 68.8965348962397 68.8965348962397
452100 300.663748715555 111.823539580552 370775.303890282 16803.2573505137 387578.561240796 327075.858300535 68.8995147501981 68.8995147501981 68.8995147501981
452200 300.611236963877 474.402711634979 370800.439388581 16800.3226153448 387600.762003926 326566.374305601 68.8637213793336 68.8637213793336 68.8637213793336
452300 300.344818009446 430.566928442277 370726.686987232 16785.4332039226 387512.120191155 325969.861973761 68.8217665640333 68.8217665640333 68.8217665640333
452400 298.011469717148 -68.1274639219107 370696.948106052 16655.0288834438 387351.976989496 325527.316596416 68.7906077038843 68.7906077038843 68.7906077038843
452500 297.9802994738 22.0994114551037 370540.275969593 16653.286865582 387193.562835175 325377.951706087 68.7800848046134 68.7800848046134 68.7800848046134
452600 298.681935910261 -204.119230269078 370417.88838999 16692.4993667855 387110.387756775 326013.802018392 68.8248587677201 68.8248587677201 68.8248587677201
452700 298.520299680507 380.176376636456 370552.418271144 16683.4659692531 387235.884240398 326561.652532623 68.8633894810821 68.8633894810821 68.8633894810821
452800 298.784617894179 -414.348305525914 370781.821942194 16698.2379761403 387480.059918334 326868.505121303 68.8849518150616 68.8849518150616 68.8849518150616
452900 299.478087964969 341.904114712493 370871.332836044 16736.99408197 387608.326918014 326628.591436329 68.8680943863015 68.8680943863015 68.8680943863015
453000 301.073446298552 2.83747797617315 370814.225194825 16826.1542043991 387640.379399225 326404.349465683 68.8523306584941 68.8523306584941 68.8523306584941
453100 299.168258218006 330.832234489566 370743.707102755 16719.6785625723 387463.385665327 326550.774965271 68.8626248735738 68.8626248735738 68.8626248735738
453200 297.654346780857 -228.739333282648 370681.867067864 16635.0702797548 387316.937347619 326786.428604331 68.8791856735099 68.8791856735099 68.8791856735099
453300 297.970622327462 -225.495881571526 370741.470108025 16652.7460368953 387394.21614492 327139.612363139 68.9039911211386 68.9039911211386 68.9039911211386
453400 298.437473264263 273.492552897603 370841.149448772 16678.8370321314 387519.986480903 327119.211724107 68.9025587921284 68.9025587921284 68.9025587921284
453500 298.947598845207 3.76824419773075 370849.177003454 16707.3465263897 387556.523529844 327038.365597488 68.8968819993214 68.8968819993214 68.8968819993214
453600 301.597404582135 0.573340090270025 370701.242625657 16855.4367697818 387556.679395439 327054.050315937 68.8979834102818 68.8979834102818 68.8979834102818
453700 303.095134647998 173.850354498097 370747.269393974 16939.1407209426 387686.410114917 326955.512331493 68.8910632999307 68.8910632999307 68.8910632999307
453800 302.348853755796 7.16596203478754 371033.542973435 16897.4331657717 387930.976139207 326939.838210992 68.8899624120499 68.8899624120499 68.8899624120499
453900 303.509946242155 191.799757714729 370866.520032259 16962.3233826315 387828.843414891 327308.245370301 68.9158285659011 68.9158285659011 68.9158285659011
454000 301.861900894761 -743.578165131187 370789.09927653 16870.2187301222 387659.318006652 327309.56652381 68.9159212901832 68.9159212901832 68.9159212901832
454100 300.065309243716 -521.437180893095 370809.849205001 16769.8122394986 387579.6614445 327040.653099071 68.8970426342558 68.8970426342558 68.8970426342558
454200 300.880183165644 408.65950617993 370706.859705722 16815.3532675635 387522.212973286 326259.278850167 68.8421286598982 68.8421286598982 68.8421286598982
454300 298.005785176005 -574.762521025235 370682.66071449 16654.7111903126 387337.371904802 325987.482910687 68.8230066399812 68.8230066399812 68.8230066399812
454400 295.678527431215 13.4076598277472 370655.676059955 16524.647253527 387180.323313482 326047.273009444 68.8272140436686 68.8272140436686 68.8272140436686
454500 300.234152469832 -411.502802667389 370621.622556087 16779.248415933 387400.87097202 326498.947429651 68.8589815718811 68.8589815718811 68.8589815718811
454600 301.412333518615 93.4295943007224 370700.616491759 16845.0936648291 387545.710156588 327271.925908833 68.9132794108852 68.9132794108852 68.9132794108852
454700 299.473678374537 310.597708860906 370885.976701977 16736.7476422739 387622.724344251 327808.872208167 68.9509468767736 68.9509468767736 68.9509468767736
454800 300.872315661101 -1364.53105190681 370844.02167604 16814.9135747036 387658.935250744 327821.047239308 68.9518004936257 68.9518004936257 68.9518004936257
454900 301.145717372281 -682.697929960714 370768.223576993 16830.193232902 387598.416809895 327359.168013077 68.9194023572621 68.9194023572621 68.9194023572621
455000 301.171256433266 379.797845141317 370567.889138076 16831.6205397059 387399.509677782 326642.723473273 68.8690875963713 68.8690875963713 68.8690875963713
455100 297.75945984355 321.369449566488 370625.45456536 16640.9447553138 387266.399320674 326268.09290404 68.8427485888995 68.8427485888995 68.8427485888995
455200 297.032504758869 -212.571960763832 370716.58752884 16600.3172655605 387316.9047944 325782.715353645 68.8085933353134 68.8085933353134 68.8085933353134
455300 299.447940124485 -339.848890375589 370777.360314028 16735.3092033493 387512.669517378 325481.487178669 68.7873793199706 68.7873793199706 68.7873793199706
455400 302.511283150034 -137.721953805752 370766.755670564 16906.5108910523 387673.266561616 325646.11583432 68.7989749257369 68.7989749257369 68.7989749257369
455500 300.682972098035 -189.726997579102 370789.815878313 16804.3316916816 387594.147569995 325782.76531519 68.8085968527739 68.8085968527739 68.8085968527739
455600 297.766825747795 -352.977065159911 370834.036660757 16641.3564151337 387475.393075891 325926.946250768 68.818746176936 68.818746176936 68.818746176936
455700 299.450402973691 129.654814132258 370605.274312592 16735.4468451142 387340.721157706 326078.914008719 68.8294403991364 68.8294403991364 68.8294403991364
455800 298.852434221678 693.545880177931 370566.238049638 16702.0280413158 387268.266090954 325775.745172964 68.8081026076742 68.8081026076742 68.8081026076742
455900 299.04695891636 -233.497051316886 370736.074372459 16712.8994833161 387448.973855775 326136.528604739 68.8334939647991 68.8334939647991 68.8334939647991
456000 300.107790368216 324.219232765298 370893.091524483 16772.1863909237 387665.277915407 326573.677144472 68.864234697046 68.864234697046 68.864234697046
456100 302.272636066688 -178.974428221985 370804.941111993 16893.1735719556 387698.114683949 327537.875123686 68.9319412319387 68.9319412319387 68.9319412319387
456200 300.701702043815 284.778362885025 370801.764716633 16805.3784560503 387607.143172683 327878.745941758 68.9558455827236 68.9558455827236 68.9558455827236
456300 298.89792799622 -63.790931697979 370760.588880909 16704.5705613394 387465.159442248 327437.772595499 68.9249181615407 68.9249181615407 68.9249181615407
456400 297.275785494567 363.515678939437 370736.534355927 16613.9135465482 387350.447902475 326863.98841975 68.8846345272256 68.8846345272256 68.8846345272256
456500 300.566305502377 123.225272612983 370708.002711843 16797.8115214269 387505.81423327 326604.74893987 68.8664186529724 68.8664186529724 68.8664186529724
456600 303.431154388821 -47.5899795618215 370698.246674386 16957.9199259649 387656.166600351 326140.03444182 68.8337406080806 68.8337406080806 68.8337406080806
456700 300.638194725319 201.200316671249 370753.638560743 16801.8292093557 387555.467770099 326055.895162077 68.8278207384262 68.8278207384262 68.8278207384262
456800 296.871319210848 -538.310432378574 370791.820884698 16591.3090553716 387383.12994007 326154.408729077 68.8347518520455 68.8347518520455 68.8347518520455
456900 300.299248872023 -398.457271764951 370617.095111058 16782.886472078 387399.981583136 326144.424840565 68.8340494797108 68.8340494797108 68.8340494797108
457000 298.320285092206 655.452190697676 370818.330226564 16672.2877124282 387490.617938992 326153.246197594 68.8346700680203 68.8346700680203 68.8346700680203
457100 301.392980026509 -202.14175245436 370808.078484885 16844.0120521974 387652.090537082 326436.61954356 68.8545996201444 68.8545996201444 68.8545996201444
457200 300.223410915363 -412.552145409982 370858.92042983 16778.6481004481 387637.568530278 326972.485947771 68.8922554195464 68.8922554195464 68.8922554195464
457300 299.518347679373 201.083148615536 370824.784803516 16739.2440849878 387564.028888504 327176.421241218 68.9065753220866 68.9065753220866 68.9065753220866
457400 301.370838930684 -507.464666079797 370706.284194137 16842.7746481779 387549.058842315 327286.926265395 68.9143322641734 68.9143322641734 68.9143322641734
457500 299.996416002854 832.179256747918 370749.905860409 16765.9619886424 387515.867849052 326810.020435071 68.8808431750101 68.8808431750101 68.8808431750101
457600 300.299134369742 -381.242110309043 370672.480314804 16782.8800728653 387455.360387669 326643.872475062 68.8691683478125 68.8691683478125 68.8691683478125
457700 297.76317999391 -126.926442066369 370685.667244206 16641.1526641294 387326.819908335 326276.88332138 68.8433668443254 68.8433668443254 68.8433668443254
457800 298.651898104257 365.603053153992 370573.126765881 16690.8206376846 387263.947403565 326397.682417774 68.8518618688743 68.8518618688743 68.8518618688743
457900 299.732939841646 -646.795993203031 370735.590442903 16751.237041716 387486.827484619 326203.199966327 68.8381841376531 68.8381841376531 68.8381841376531
458000 300.830901920378 -73.4642906412904 370811.32813678 16812.5990763772 387623.927213157 326154.088927035 68.834729354009 68.834729354009 68.834729354009
458100 301.962999359326 -350.512412049371 370712.462491547 16875.8688410022 387588.331332549 326700.743112168 68.8731649595456 68.8731649595456 68.8731649595456
458200 297.586242793785 -522.276628034736 370777.473891426 16631.264138089 387408.738029515 327372.482164082 68.9203366937952 68.9203366937952 68.9203366937952
458300 298.053664849759 -305.324997334786 370760.107436988 16657.3870515809 387417.494488569 327722.15081518 68.9448660473259 68.9448660473259 68.9448660473259
458400 298.212075889098 -700.318457530558 370875.750243724 16666.2402022269 387541.990445951 327433.015087254 68.9245843449787 68.9245843449787 68.9245843449787
458500 300.797582886246 24.143094180823 370778.297311825 16810.7369685987 387589.034280423 326957.128946798 68.8911768425582 68.8911768425582 68.8911768425582
458600 300.767649955772 411.519665832869 370745.229691984 16809.0641006985 387554.293792683 326638.950544755 68.8688224349514 68.8688224349514 68.8688224349514
458700 299.401532294397 -372.246250157468 370665.526141369 16732.7155993136 387398.241740683 326483.439286477 68.8578913265564 68.8578913265564 68.8578913265564
458800 298.967669493096 273.484749496238 370546.084242883 16708.4682188555 387254.552461738 326420.887223581 68.853493473825 68.853493473825 68.853493473825
458900 298.961146948627 68.2171470572809 370643.401144562 16708.1036920585 387351.504836621 326433.544984541 68.8543834493452 68.8543834493452 68.8543834493452
459000 299.506507882094 -269.575382196452 370891.746289177 16738.5823917791 387630.328680956 326902.626880491 68.8873486952717 68.8873486952717 68.8873486952717
459100 299.221555679737 74.3369403539531 370887.652776323 16722.6572088821 387610.309985205 327323.758616992 68.9169173370869 68.9169173370869 68.9169173370869
459200 298.220221720419 -507.523195885736 370798.983455591 16666.6954499932 387465.678905584 327521.72369602 68.9308081644392 68.9308081644392 68.9308081644392
459300 300.877973243908 187.313390385287 370643.337435333 16815.2297612086 387458.567196541 327499.549383764 68.9292525141827 68.9292525141827 68.9292525141827
459400 301.664417805036 151.988818772156 370755.7221637 16859.1819516839 387614.904115384 326926.646881459 68.8890358782642 68.8890358782642 68.8890358782642
459500 303.008899007901 -592.219262456037 370847.217738005 16934.3212518196 387781.538989825 326750.687445914 68.8766744394358 68.8766744394358 68.8766744394358
459600 301.418320981569 283.986720972874 370746.941825781 16845.4282874143 387592.370113195 326262.528138131 68.8423571971098 68.8423571971098 68.8423571971098
459700 299.935888950836 468.550074345035 370697.645682279 16762.5793007192 387460.224982999 326309.44298297 68.8456567625763 68.8456567625763 68.8456567625763
459800 297.648412130811 -658.599368831327 370774.957334188 16634.7386087355 387409.695942923 326496.672370766 68.8588216340488 68.8588216340488 68.8588216340488
459900 300.458382303397 264.649100851909 370700.686516082 16791.7799951977 387492.466511279 327159.342938013 68.9053763482951 68.9053763482951 68.9053763482951
460000 301.071532190249 -307.509723023035 370838.972188052 16826.047230231 387665.019418283 327471.085781206 68.9272555326151 68.9272555326151 68.9272555326151
460100 303.701351506586 218.723249701297 370854.713653024 16973.0204883857 387827.73414141 327459.308049904 68.9264291833965 68.9264291833965 68.9264291833965
460200 301.290233340277 -76.6677122428028 370900.319780348 16838.2698268109 387738.589607159 327201.985163341 68.9083699465706 68.9083699465706 68.9083699465706
460300 300.297171504281 -99.0421557872984 370666.613584562 16782.7703737957 387449.383958358 326888.39901205 68.8863492800803 68.8863492800803 68.8863492800803
460400 298.082582864057 313.652842514662 370719.975194932 16659.0031986501 387378.978393582 326670.046143074 68.8710077726998 68.8710077726998 68.8710077726998
460500 300.73831612172 -143.689966726112 370711.586521712 16807.4247146243 387519.011236336 326609.710423948 68.8667673699976 68.8667673699976 68.8667673699976
460600 301.586912355021 -47.4684332150426 370829.797179769 16854.8503885066 387684.647568276 326611.03411619 68.8668604048745 68.8668604048745 68.8668604048745
460700 299.088819000382 347.284253542308 370929.388362796 16715.2389265231 387644.627289319 326297.065810136 68.8447862950033 68.8447862950033 68.8447862950033
460800 299.213318833217 423.882517471054 370817.959232794 16722.1968745304 387540.156107324 326280.618796185 68.8436295676892 68.8436295676892 68.8436295676892
460900 298.89678623922 152.558291195892 370821.311345185 16704.5067517288 387525.818096913 326398.705579204 68.8519338122935 68.8519338122935 68.8519338122935
461000 299.269499670839 -1008.60308439986 370836.171267769 16725.3366646672 387561.507932436 326834.220017957 68.8825432927422 68.8825432927422 68.8825432927422
461100 301.82389830751 -26.5749828117791 370696.728056302 16868.0948716381 387564.82292794 327146.931911231 68.9045050121465 68.9045050121465 68.9045050121465
461200 300.418320482522 401.871866552848 370710.601721335 16789.5410518965 387500.142773231 327728.527550467 68.9453132150539 68.9453132150539 68.9453132150539
461300 298.333815105558 -440.330233808638 370768.962803552 16673.0438670936 387442.006670645 328080.888253997 68.9700134529167 68.9700134529167 68.9700134529167
461400 298.752253278144 1066.37414475403 370834.464412543 16696.4292081242 387530.893620667 327385.320257624 68.9212375984342 68.9212375984342 68.9212375984342
461500 301.925459278012 -241.058230069609 370868.516332873 16873.7708306834 387742.287163557 327114.260299605 68.9022111435984 68.9022111435984 68.9022111435984
461600 301.821327503667 -399.524900795565 370864.322878404 16867.95119659 387732.274074994 326774.344895308 68.8783366722216 68.8783366722216 68.8783366722216
461700 298.772592429145 629.338158523186 370862.864060147 16697.5659064791 387560.429966626 326232.934006725 68.8402756511232 68.8402756511232 68.8402756511232
461800 299.810231580539 -237.255317980465 370730.786564054 16755.5566611755 387486.343225229 326226.713401594 68.8398380998635 68.8398380998635 68.8398380998635
461900 300.071276420612 -337.479233149305 370761.083244348 16770.1457283527 387531.228972701 327066.419338731 68.8988519619105 68.8988519619105 68.8988519619105
462000 298.896587857017 704.945286520045 370894.757554302 16704.4956647015 387599.253219004 327655.660273606 68.9402030611864 68.9402030611864 68.9402030611864
462100 301.890072978053 -386.594005728269 370818.604242924 16871.7931891905 387690.397432115 327662.977481064 68.9407162483257 68.9407162483257 68.9407162483257
462200 304.239506568852 143.557930081056 370956.587767859 17003.0964720864 387959.684239945 327395.413994637 68.9219459031489 68.9219459031489 68.9219459031489
462300 300.770467498854 127.558182303027 371123.893764734 16809.2215653137 387933.115330048 326669.624728036 68.8709781574033 68.8709781574033 68.8709781574033
462400 300.941393662915 -162.950248178347 370894.462628485 16818.7741513335 387713.236779818 326212.153775135 68.8388139682824 68.8388139682824 68.8388139682824
462500 302.054451197177 656.62946690618 370677.527266632 16880.9798288521 387558.507095485 325817.370146871 68.8110330626896 68.8110330626896 68.8110330626896
462600 300.524865948074 229.292873315646 370597.614138317 16795.4955804516 387393.109718769 325516.293092497 68.7898311975259 68.7898311975259 68.7898311975259
462700 299.627574274463 400.180433683297 370600.417650157 16745.3484543861 387345.766104543 325161.808796803 68.7648516267228 68.7648516267228 68.7648516267228
462800 299.344802172119 388.756964095676 370775.183053812 16729.5451111912 387504.728165003 325876.336443075 68.8151839432924 68.8151839432924 68.8151839432924
462900 301.495282342515 -25.3701570897894 370825.140616441 16849.7294429728 387674.870059414 326473.534218314 68.8571949675964 68.8571949675964 68.8571949675964
463000 302.991057666902 145.717344811771 370685.79787508 16933.3241490908 387619.122024171 327057.940623221 68.8982565896576 68.8982565896576 68.8982565896576
463100 300.846053143097 -430.799758115575 370710.253391512 16813.4458359071 387523.699227419 327162.420558429 68.9055924141894 68.9055924141894 68.9055924141894
463200 299.944484678973 -832.939436224809 370698.794545313 16763.0596919623 387461.854237276 326614.24452422 68.8670860453399 68.8670860453399 68.8670860453399
463300 299.884488012149 256.905229514417 370681.790247634 16759.7066457865 387441.49689342 326179.664551849 68.8365285498055 68.8365285498055 68.8365285498055
463400 298.379623367115 32.6810052900911 370752.380871437 16675.6039629183 387427.984834355 326163.03573087 68.8353587550707 68.8353587550707 68.8353587550707
463500 300.336608693315 23.4307878794506 370787.646186297 16784.9744081675 387572.620594464 326526.497737668 68.8609183140055 68.8609183140055 68.8609183140055
463600 300.908582547996 -332.644606385702 370914.661677953 16816.9404297415 387731.602107695 327193.80554022 68.9077957353102 68.9077957353102 68.9077957353102
463700 303.383560557388 -554.061987180802 370729.765462327 16955.2600396258 387685.025501952 327912.627285826 68.9582206845855 68.9582206845855 68.9582206845855
463800 296.550155592453 42.84375620098 370863.656239585 16573.360117548 387437.016357133 327973.008966104 68.96245306982 68.96245306982 68.96245306982
463900 296.788749501393 -85.6374175200013 370828.880742789 16586.6944648756 387415.575207665 327787.877142505 68.9494748192362 68.9494748192362 68.9494748192362
464000 299.585786075008 -330.580591626064 370748.9737404 16743.0130286068 387491.986769007 326820.689971991 68.8815927631048 68.8815927631048 68.8815927631048
464100 301.409235506405 -63.1585173354269 370725.742295831 16844.9205255774 387570.662821408 326457.296845512 68.8560533962653 68.8560533962653 68.8560533962653
464200 300.409393238422 226.918229117463 370763.734595578 16789.042133152 387552.77672873 326119.257758122 68.8322788972864 68.8322788972864 68.8322788972864
464300 298.912322785231 -126.078221297612 370602.442532106 16705.3750459015 387307.817578008 326255.051838814 68.8418313526797 68.8418313526797 68.8418313526797
464400 297.512791157284 183.033646417942 370526.518318755 16627.1591312293 387153.677449984 326089.847031531 68.8302096458837 68.8302096458837 68.8302096458837
464500 298.511241954837 -191.60519500673 370632.048992362 16682.959758258 387315.00875062 325815.008494931 68.8108668058462 68.8108668058462 68.8108668058462
464600 300.783668012518 144.502308772467 370651.373506869 16809.9593051616 387461.332812031 325627.533220842 68.7976662565862 68.7976662565862 68.7976662565862
464700 299.435938092446 607.094062817706 370776.066919579 16734.6384432928 387510.705362872 325713.344125111 68.8037090210396 68.8037090210396 68.8037090210396
464800 298.612055106713 -83.9732387185897 370742.248631618 16688.5939238084 387430.842555427 326222.937135546 68.8395724783026 68.8395724783026 68.8395724783026
464900 297.328476399385 9.95294138736676 370557.461816386 16616.8582940858 387174.320110472 327038.964322219 68.8969240435649 68.8969240435649 68.8969240435649
465000 297.976599682591 -59.3134079017626 370540.49281899 16653.0800945825 387193.572913572 327587.368374988 68.9354130890088 68.9354130890088 68.9354130890088
465100 298.694132833536 -3.21537286331601 370692.008554368 16693.1810187689 387385.189573137 327706.810238615 68.9437902676378 68.9437902676378 68.9437902676378
465200 298.437879206924 464.013333253525 370878.813128045 16678.8597191332 387557.672847178 327542.24001082 68.932247434498 68.932247434498 68.932247434498
465300 302.652790158593 -80.3498224934906 370766.493663848 16914.4193226203 387680.912986469 326889.072594898 68.886396595547 68.886396595547 68.886396595547
465400 300.032237644173 523.028632674894 370908.077139927 16767.9639601483 387676.041100075 326217.461427223 68.8391873147778 68.8391873147778 68.8391873147778
465500 300.349759446047 592.629442704306 370674.130261815 16785.7093670159 387459.83962883 325465.82172604 68.786275721391 68.786275721391 68.786275721391
465600 297.72722065595 176.371955746926 370704.70714524 16639.1429971427 387343.850142383 325372.272598512 68.7796846425136 68.7796846425136 68.7796846425136
465700 299.443698014538 477.910050692569 370621.957333386 16735.0721236699 387357.029457056 325613.601146009 68.7966850661084 68.7966850661084 68.7966850661084
465800 299.089548230834 -570.187649942482 370666.998720099 16715.2796811768 387382.278401275 325997.393063623 68.8237040487731 68.8237040487731 68.8237040487731
465900 301.412161531924 227.986317820429 370665.350900543 16845.0840529731 387510.434953516 325994.610160288 68.8235082084949 68.8235082084949 68.8235082084949
466000 303.955417331955 275.820395575844 370810.794382977 16987.2195179192 387798.013900897 326515.753457464 68.8601630214318 68.8601630214318 68.8601630214318
466100 300.894870205834 -182.403732633138 370936.426164623 16816.1740852281 387752.600249851 327286.258454991 68.9142853922131 68.9142853922131 68.9142853922131
466200 300.488038602399 341.403367325507 370815.792667709 16793.4374029375 387609.230070647 327606.871832715 68.9367811232737 68.9367811232737 68.9367811232737
466300 299.207202660089 -302.791625459119 370758.426457805 16721.8550586929 387480.281516498 327580.601996971 68.9349384611484 68.9349384611484 68.9349384611484
466400 299.812319188063 -86.4256207618634 370707.249297887 16755.6733317306 387462.922629618 327067.21495313 68.8989078291299 68.8989078291299 68.8989078291299
466500 300.303111428651 986.921718515489 370885.779873829 16783.1023395823 387668.882213411 326544.842079286 68.8622078311539 68.8622078311539 68.8622078311539
466600 303.465455483612 239.985348783868 370876.574249139 16959.8369183713 387836.41116751 326337.129554945 68.8476038370126 68.8476038370126 68.8476038370126
466700 300.576448651168 389.677930716198 370893.668705064 16798.3783936894 387692.047098754 326530.587648473 68.8612058188379 68.8612058188379 68.8612058188379
466800 301.619760159995 598.989119817554 370687.780223235 16856.6861606033 387544.466383838 326666.349556852 68.8707479911233 68.8707479911233 68.8707479911233
466900 300.326648891656 -562.953158781652 370692.657571582 16784.4177826643 387477.075354246 326695.780908838 68.8728162567587 68.8728162567587 68.8728162567587
467000 298.454074783406 32.1234337652847 370828.764830526 16679.7648446787 387508.529675205 326884.21405238 68.8860553083714 68.8860553083714 68.8860553083714
467100 299.624456453267 41.0400592816873 370883.398222499 16745.1742080656 387628.572430564 327031.687549781 68.8964130433364 68.8964130433364 68.8964130433364
467200 302.43154848764 -301.519540870041 370909.822406409 16902.05474342 387811.877149829 327213.721942101 68.9091938541868 68.9091938541868 68.9091938541868
467300 301.807319616705 639.464251324256 370852.21991134 16867.168334903 387719.388246243 326809.122354341 68.8807800796227 68.8807800796227 68.8807800796227
467400 299.27765094077 -949.760954943711 370748.210292948 16725.7922163823 387474.002509331 326870.830151645 68.8851151419253 68.8851151419253 68.8851151419253
467500 300.591824461629 26.5537147653539 370630.242089589 16799.237704801 387429.47979439 327253.576291205 68.9119914340675 68.9119914340675 68.9119914340675
467600 298.101734791408 -20.8087669180524 370793.341994633 16660.0735463904 387453.415541023 327674.232373818 68.9415055873083 68.9415055873083 68.9415055873083
467700 301.248910100678 -360.043111354203 370803.53984372 16835.9603863396 387639.50023006 327534.094038347 68.9316759816423 68.9316759816423 68.9316759816423
467800 302.499616137882 411.892559245998 370802.573676893 16905.8588543217 387708.432531215 326817.335422576 68.8813570910637 68.8813570910637 68.8813570910637
467900 299.808800297672 -350.840937279353 370780.352466388 16755.4766707727 387535.829137161 326647.477500317 68.8694217064892 68.8694217064892 68.8694217064892
468000 297.804233661052 -447.173514281688 370660.756200748 16643.4470389489 387304.203239697 326820.762549967 68.8815978620132 68.8815978620132 68.8815978620132
468100 297.892170689371 244.550357508212 370711.197901494 16648.3615939087 387359.559495402 326746.131454856 68.8763543146603 68.8763543146603 68.8763543146603
468200 300.485465681643 -418.277271578866 370738.85738324 16793.293609581 387532.150992821 326334.157171558 68.8473948076821 68.8473948076821 68.8473948076821
468300 300.939776614979 833.756798740804 370783.003255276 16818.6837790398 387601.687034316 325939.193203473 68.8196081383694 68.8196081383694 68.8196081383694
468400 300.448943026974 212.108510524989 370723.034758872 16791.2524603964 387514.287219268 326080.591996066 68.8295584633298 68.8295584633298 68.8295584633298
468500 299.278035398172 -103.084182923868 370545.243772873 16725.813702633 387271.057475506 326326.549910306 68.8468598302905 68.8468598302905 68.8468598302905
468600 298.904938699454 245.919563948533 370489.801953073 16704.9623699666 387194.764323039 326737.967743549 68.8757806875114 68.8757806875114 68.8757806875114
468700 297.41781360415 -1027.10824265281 370689.64222472 16621.8511009973 387311.493325717 326884.680715078 68.8860880891296 68.8860880891296 68.8860880891296
468800 299.036298781071 174.00215384179 370785.506677462 16712.3037181219 387497.810395584 326873.922706427 68.8853323840291 68.8853323840291 68.8853323840291
468900 303.072735127425 237.173098202727 370709.151232683 16937.8888742856 387647.040106968 326841.93688187 68.8830854157274 68.8830854157274 68.8830854157274
469000 300.392197478075 -177.245872814357 370833.51980738 16788.0811101231 387621.600917504 326765.491860045 68.8777146447586 68.8777146447586 68.8777146447586
469100 299.021046907817 169.800673728646 370674.858312959 16711.4513335147 387386.309646474 326730.452775963 68.8752526362096 68.8752526362096 68.8752526362096
469200 299.157504013788 -1290.6821042273 370591.944375712 16719.0775401283 387311.021915841 326650.571926887 68.8696391791573 68.8696391791573 68.8696391791573
469300 301.243243373886 -449.082851053265 370557.832401603 16835.6436888028 387393.476090406 326555.978380252 68.8629906348767 68.8629906348767 68.8629906348767
469400 301.006144007798 508.858235085743 370657.81442002 16822.3928673019 387480.207287322 326479.944026494 68.8576455998599 68.8576455998599 68.8576455998599
469500 299.132378011851 -379.272558046753 370853.114182846 16717.6733180412 387570.787500888 326803.435888943 68.8803805697177 68.8803805697177 68.8803805697177
469600 300.273679114749 240.101756995297 371086.947358482 16781.4574497443 387868.404808227 327572.340467352 68.9343589469565 68.9343589469565 68.9343589469565
469700 300.109612350613 -169.068649842555 371047.870897971 16772.2882164323 387820.159114403 327943.51760757 68.9603859714755 68.9603859714755 68.9603859714755
469800 301.679348158505 -453.282674883219 370832.005370463 16860.0163674481 387692.021737911 328196.404661226 68.9781072224268 68.9781072224268 68.9781072224268
469900 299.445553592432 1129.61724888204 370845.075911757 16735.175826737 387580.251738494 327666.687103139 68.9409764171122 68.9409764171122 68.9409764171122
470000 297.782934631781 -23.8849289222792 370896.852726162 16642.2566956777 387539.10942184 327332.742556307 68.9175478440619 68.9175478440619 68.9175478440619
470100 301.095037571281 144.978384145698 370781.777253262 16827.3608803411 387609.138133603 326917.914980722 68.8884225525285 68.8884225525285 68.8884225525285
470200 302.897504343046 480.0583349134 370850.84886831 16928.0957150563 387778.944583366 326888.285337631 68.8863412950752 68.8863412950752 68.8863412950752
470300 301.134054034668 -1013.48966798682 370854.672541155 16829.5414015312 387684.213942686 327039.126076309 68.8969354024126 68.8969354024126 68.8969354024126
470400 299.504306382599 -329.341921352813 370715.604539439 16738.4593561197 387454.063895559 327295.717558684 68.9149492973571 68.9149492973571 68.9149492973571
470500 299.135507994026 -381.098508004435 370696.802178208 16717.8482440049 387414.650422213 327160.842815566 68.9054816481248 68.9054816481248 68.9054816481248
470600 300.151274246263 186.060080260619 370759.052178827 16774.6165834446 387533.668762272 327010.560670709 68.8949293975741 68.8949293975741 68.8949293975741
470700 300.724726835453 1045.6954940437 370808.844801463 16806.6652473612 387615.510048824 326453.372178585 68.8557774661911 68.8557774661911 68.8557774661911
470800 299.03535351724 -935.582354029547 370748.994058621 16712.2508899659 387461.244948587 326558.074709996 68.86313799014 68.86313799014 68.86313799014
470900 298.549573018232 -281.853555728557 370560.689977284 16685.1019743565 387245.791951641 326842.328043877 68.8831128953051 68.8831128953051 68.8831128953051
471000 300.056632961791 18.1641183135493 370603.367639212 16769.3273463292 387372.694985541 327140.216305928 68.9040335230586 68.9040335230586 68.9040335230586
471100 300.275096095477 -623.672203894232 370790.922914457 16781.5366408404 387572.459555298 327592.192898745 68.935751501432 68.935751501432 68.935751501432
471200 301.835752066118 500.394347989889 370760.807676814 16868.7573451067 387629.565021921 327573.680137592 68.9344529202787 68.9344529202787 68.9344529202787
471300 300.513001783284 10.5618372767378 370838.201049911 16794.8325254106 387633.033575322 327426.197376301 68.92410596606 68.92410596606 68.92410596606
471400 298.916434719446 2.84893848482785 370810.84360275 16705.6048504228 387516.448453172 326954.900957098 68.8910203600843 68.8910203600843 68.8910203600843
471500 297.375865468975 1016.54259266862 370668.057974392 16619.5067368572 387287.564711249 326647.943920001 68.8694544860051 68.8694544860051 68.8694544860051
471600 298.079196015831 -905.372864542041 370651.111652184 16658.8139171601 387309.925569345 326706.099030789 68.8735413254387 68.8735413254387 68.8735413254387
471700 296.760879663258 119.932823954646 370916.582505677 16585.1368974452 387501.719403122 326747.188121149 68.8764285611334 68.8764285611334 68.8764285611334
471800 300.126292438858 -246.793744591155 370802.477406326 16773.2204199872 387575.697826313 326976.401841031 68.8925304413023 68.8925304413023 68.8925304413023
471900 299.598780049251 -87.3431595102703 370828.376325818 16743.7392255432 387572.115551361 326949.059609017 68.8906100906303 68.8906100906303 68.8906100906303
472000 300.880707135313 844.271292238133 370685.426954101 16815.3825507652 387500.809504867 327084.517483431 68.9001227724857 68.9001227724857 68.9001227724857
472100 299.042618893849 -421.581265836804 370774.383509036 16712.6569315769 387487.040440613 327215.777308512 68.9093381363857 68.9093381363857 68.9093381363857
472200 302.354356375852 37.2207373642737 370730.038700815 16897.7406918412 387627.779392656 326756.047883813 68.8770510845164 68.8770510845164 68.8770510845164
472300 301.879043673927 563.294431017925 370797.33521947 16871.1767921808 387668.512011651 325895.015489617 68.8164987339264 68.8164987339264 68.8164987339264
472400 300.066646725778 -125.027419202305 370743.219009335 16769.8869876362 387513.105996971 325794.963856739 68.8094556602788 68.8094556602788 68.8094556602788
472500 299.507545003262 630.070517313549 370598.455538808 16738.6403535851 387337.095892393 326149.07476222 68.8343766061735 68.8343766061735 68.8343766061735
472600 299.361424218393 90.8325806093939 370632.332331528 16730.4740709425 387362.806402471 326638.821077292 68.8688133359417 68.8688133359417 68.8688133359417
472700 296.493076102146 107.935389759286 370959.275471038 16570.170104222 387529.44557526 327251.098313894 68.9118174988334 68.9118174988334 68.9118174988334
472800 300.08949811717 485.218666935013 370875.305090922 16771.1640880915 387646.469179013 327691.402033853 68.9427097116307 68.9427097116307 68.9427097116307
472900 300.421644917117 -290.378278024867 370844.278989532 16789.726845263 387634.005834795 327757.141831341 68.9473197163479 68.9473197163479 68.9473197163479
473000 299.415502496462 -127.319618488374 370859.435049946 16733.496354897 387592.931404843 327261.686734819 68.9125607196249 68.9125607196249 68.9125607196249
473100 299.091963955799 476.608260939415 370789.624031375 16715.4146892995 387505.038720675 326510.768762713 68.8598126058329 68.8598126058329 68.8598126058329
473200 297.657737106286 -671.334572074627 370665.938280278 16635.259755576 387301.198035854 326536.025362671 68.8615880652922 68.8615880652922 68.8615880652922
473300 297.428403887602 -13.693302448236 370613.81499967 16622.4429623675 387236.257962037 326529.078252697 68.8610997144613 68.8610997144613 68.8610997144613
473400 297.934868501384 318.646190515544 370824.695441795 16650.7478553938 387475.443297188 327208.124105566 68.9088008953174 68.9088008953174 68.9088008953174
473500 300.801059652416 11.0173705359575 370831.678857422 16810.9312753515 387642.610132773 327666.801697947 68.9409844540161 68.9409844540161 68.9409844540161
473600 302.638028213766 366.522260194961 370755.682777052 16913.5943187448 387669.277095797 328044.026176237 68.9674302757047 68.9674302757047 68.9674302757047
473700 299.877142828869 -334.034360239387 370888.0313357 16759.2961440035 387647.327479703 327855.921606722 68.9542454913653 68.9542454913653 68.9542454913653
473800 300.412951784932 -128.085982999113 370730.425332854 16789.2410103796 387519.666343234 327018.123585267 68.895460514415 68.895460514415 68.895460514415
473900 300.535382273738 353.368865929115 370538.994937353 16796.0833085274 387335.078245881 326603.764785477 68.8663494814363 68.8663494814363 68.8663494814363
474000 296.302366867751 -396.195675616944 370743.193770828 16559.5118976429 387302.705668471 326552.766615702 68.8627648722184 68.8627648722184 68.8627648722184
474100 299.649579783547 100.213490468886 370841.23957152 16746.5782808412 387587.817852362 326443.853668798 68.8551082427352 68.8551082427352 68.8551082427352
474200 300.039490103758 125.118003084497 370864.740953825 16768.3692798629 387633.110233688 326631.266022113 68.868282360378 68.868282360378 68.868282360378
474300 299.890345494029 -567.851103471956 370792.403256242 16760.0340040925 387552.437260334 326931.010788039 68.8893423934843 68.8893423934843 68.8893423934843
474400 297.673627453175 -180.327455988905 370767.507458177 16636.1478226918 387403.655280869 327369.028903715 68.9200943595359 68.9200943595359 68.9200943595359
474500 298.198993026299 330.47341689744 370843.427476499 16665.5090375573 387508.936514057 327609.65124406 68.9369760755637 68.9369760755637 68.9369760755637
474600 301.724705288639 -679.209936402884 370871.32896852 16862.5512507973 387733.880219317 327536.009603622 68.9318103624288 68.9318103624288 68.9318103624288
474700 300.745212695579 315.30142289133 370893.329920678 16807.8101448795 387701.140065557 327457.601034186 68.9263094141106 68.9263094141106 68.9263094141106
474800 299.619445053372 -464.971683691503 370845.234356922 16744.8941349191 387590.128491841 327346.535728615 68.9185158481111 68.9185158481111 68.9185158481111
474900 298.687274306723 97.1093606520007 370748.299336866 16692.797714857 387441.097051723 327079.883549584 68.8997973926509 68.8997973926509 68.8997973926509
475000 299.400846835055 -203.87223905329 370654.248508611 16732.6772909051 387386.925799516 327042.856778329 68.8971973822372 68.8971973822372 68.8971973822372
475100 298.002686499392 -378.468936502896 370817.622913342 16654.5380139294 387472.160927272 326856.22026102 68.8840888252077 68.8840888252077 68.8840888252077
475200 301.582660324714 11.1457222024049 370837.926382056 16854.612754406 387692.539136462 326893.408645548 68.8867011775486 68.8867011775486 68.8867011775486
475300 302.94814877496 -245.237778985594 370779.555200537 16930.9260909378 387710.481291475 326791.617061633 68.8795502080511 68.8795502080511 68.8795502080511
475400 299.73273837734 -480.878050255232 370764.575692215 16751.2257824386 387515.801474654 326785.945133391 68.8791517052479 68.8791517052479 68.8791517052479
475500 296.330942495714 55.2625114227845 370837.544023047 16561.1089096959 387398.652932743 327165.16490755 68.9057850814614 68.9057850814614 68.9057850814614
475600 297.338022041694 -544.451769833574 370818.223569342 16617.3917733795 387435.615342722 327862.426000701 68.9547014870061 68.9547014870061 68.9547014870061
475700 300.321829263276 -486.467398057246 370758.325856522 16784.1484270923 387542.474283614 328136.709039319 68.973924827748 68.973924827748 68.973924827748
475800 300.30156649347 -146.598954188156 370863.92156265 16783.0159974691 387646.937560119 328045.750981008 68.9675511488547 68.9675511488547 68.9675511488547
475900 299.553857159438 -652.181986104335 370909.328908827 16741.228610673 387650.5575195 327878.929224871 68.9558584314162 68.9558584314162 68.9558584314162
476000 301.773525858022 -10.6070220646645 370784.121571466 16865.2796960949 387649.401267561 327402.253938318 68.9224258721459 68.9224258721459 68.9224258721459
476100 298.83990018533 -244.184201283366 370826.331543517 16701.327549024 387527.659092541 327037.221674829 68.8968016695042 68.8968016695042 68.8968016695042
476200 296.650230530084 -269.925060219118 370744.382487335 16578.9530263657 387323.3355137 326926.749453599 68.8890430828315 68.8890430828315 68.8890430828315
476300 298.712377245046 26.3296453877953 370717.591455564 16694.2006479831 387411.792103547 327075.395063723 68.8994822227728 68.8994822227728 68.8994822227728
476400 301.537524429454 -809.069457824489 370748.552646163 16852.0902352561 387600.642881419 327043.761685734 68.8972609269433 68.8972609269433 68.8972609269433
476500 302.864298644063 150.164995170358 370714.857025472 16926.2399412628 387641.096966735 327097.668933476 68.9010462079994 68.9010462079994 68.9010462079994
476600 298.602644549569 657.262442340573 370866.838796927 16688.0679940474 387554.906790974 327194.021751935 68.9078109135412 68.9078109135412 68.9078109135412
476700 298.660163328278 -356.20704467665 370778.617874328 16691.2825579756 387469.900432303 327400.192609821 68.9222812263705 68.9222812263705 68.9222812263705
476800 299.955536756271 447.049282937454 370727.155800674 16763.6773617009 387490.833162375 327650.045348269 68.9398092572116 68.9398092572116 68.9398092572116
476900 300.57831850658 -833.211566399579 370922.995226456 16798.482894687 387721.478121143 327679.590085585 68.9418813331621 68.9418813331621 68.9418813331621
477000 301.22173652597 301.458213001663 370982.055237599 16834.4417311279 387816.496968727 327544.026775603 68.9323727776071 68.9323727776071 68.9323727776071
477100 301.655606477579 700.526557133932 370857.612413138 16858.6895111968 387716.301924334 327669.482185932 68.9411724447592 68.9411724447592 68.9411724447592
477200 298.418844455524 -886.964108292309 370859.774181222 16677.7959200296 387537.570101252 327536.515955805 68.9318458839732 68.9318458839732 68.9318458839732
477300 299.392474895749 413.48942870447 370748.532081901 16732.2094065948 387480.741488495 327082.753243413 68.8999988936247 68.8999988936247 68.8999988936247
477400 300.052098758286 -40.0962348700338 370721.666598878 16769.0739423565 387490.740541235 326777.359214486 68.8785484602195 68.8785484602195 68.8785484602195
477500 300.399776701818 -367.659229288048 370848.965979879 16788.5046917741 387637.470671653 327269.250007055 68.913091589836 68.913091589836 68.913091589836
477600 303.663076024918 190.849143786127 370838.713685728 16970.8813785947 387809.595064323 327821.727515158 68.9518481885623 68.9518481885623 68.9518481885623
477700 302.961404486226 -600.582889533795 370754.110692764 16931.6669156256 387685.777608389 328187.798651346 68.9775042994487 68.9775042994487 68.9775042994487
477800 299.026561886995 223.404286885051 370718.042379644 16711.759550301 387429.801929945 327965.039395981 68.9618944816209 68.9618944816209 68.9618944816209
477900 299.113725721998 84.9008690735338 370761.560264202 16716.6308936454 387478.191157848 327156.342075594 68.9051656699299 68.9051656699299 68.9051656699299
478000 301.230200030694 -648.560598342009 370747.723740246 16834.9147327737 387582.63847302 326266.811182663 68.8426584408076 68.8426584408076 68.8426584408076
478100 304.236350224964 416.336406319402 370645.466990273 17002.9200728402 387648.387063113 325824.067720604 68.8115045577171 68.8115045577171 68.8115045577171
478200 299.618781805287 -104.289941767066 370711.670341359 16744.8570678357 387456.527409195 326174.484979851 68.8361641845167 68.8361641845167 68.8361641845167
478300 299.459213756543 -1014.39397166356 370559.119521866 16735.9392551649 387295.058777031 326809.516159309 68.8808077467232 68.8808077467232 68.8808077467232
478400 296.832135436635 425.496489398935 370756.941454122 16589.1191836466 387346.060637768 326972.764847924 68.8922750073873 68.8922750073873 68.8922750073873
478500 301.157054157985 -438.260886769866 370710.61093573 16830.8268141985 387541.437749929 326898.345541645 68.8870479621224 68.8870479621224 68.8870479621224
478600 299.445430194007 670.042519284127 370895.096172551 16735.1689303436 387630.265102895 326783.484438497 68.8789788183731 68.8789788183731 68.8789788183731
478700 298.264123939905 -102.06294587676 370923.777105441 16669.1490224489 387592.92612789 326654.176237802 68.8698924841674 68.8698924841674 68.8698924841674
478800 298.755200405091 -166.660402131425 370859.917599389 16696.5939148197 387556.511514209 326743.522478652 68.8761709947162 68.8761709947162 68.8761709947162
478900 298.353186073259 857.796676648774 370814.436645807 16674.1264563875 387488.563102194 327079.330608316 68.8997585666997 68.8997585666997 68.8997585666997
479000 297.012951258972 -727.086161795157 370792.647316091 16599.2244750518 387391.871791142 327573.654598368 68.9344511287911 68.9344511287911 68.9344511287911
479100 299.286847243931 32.7561898959628 370646.93330857 16726.3061720865 387373.239480657 327577.74413741 68.9347379945104 68.9347379945104 68.9347379945104
479200 301.426920700699 533.59020556882 370701.59592162 16845.9089017029 387547.504823322 326788.845134649 68.8793554563972 68.8793554563972 68.8793554563972
479300 303.707866589452 -46.7381355316258 370717.462914953 16973.3845981746 387690.847513127 326295.417903811 68.8446703986197 68.8446703986197 68.8446703986197
479400 302.24662761105 979.865316635104 370715.8990083 16891.7200319953 387607.619040296 326037.339411986 68.8265150562941 68.8265150562941 68.8265150562941
479500 301.344755796659 -7.35202165726065 370627.491212014 16841.3169346511 387468.808146665 326166.101329421 68.8355744150238 68.8355744150238 68.8355744150238
479600 297.594053189291 551.717018588855 370809.607378836 16631.7006392843 387441.308018121 326348.307896543 68.8483899292437 68.8483899292437 68.8483899292437
479700 298.998480772506 430.094089331015 370804.186972183 16710.1901752252 387514.377147408 326798.901077701 68.8800619674278 68.8800619674278 68.8800619674278
479800 302.714587617143 -370.58715209687 370687.696019221 16917.8730100172 387605.569029238 326451.686335938 68.8556589396103 68.8556589396103 68.8556589396103
479900 302.8319344223 120.094494210637 370866.575657419 16924.4311952814 387791.006852701 325968.193603507 68.8216491499229 68.8216491499229 68.8216491499229
480000 302.319268090801 280.880308196398 370938.2888675 16895.7797055693 387834.068573069 325739.559396615 68.8055548767654 68.8055548767654 68.8055548767654
480100 301.423416091756 227.211056302238 370690.7569044 16845.7130388952 387536.469943295 326030.248876857 68.8260161151181 68.8260161151181 68.8260161151181
480200 299.395328929146 669.763994396206 370672.844525781 16732.3689105519 387405.213436333 326169.581860294 68.8358192631637 68.8358192631637 68.8358192631637
480300 300.628199718434 -700.777533206138 370482.170409843 16801.2706163306 387283.441026173 326229.706535056 68.8400486346279 68.8400486346279 68.8400486346279
480400 298.421419134343 -4.09438159577451 370589.280205358 16677.9398116393 387267.220016997 325922.460388981 68.8184304489244 68.8184304489244 68.8184304489244
480500 300.675107803973 -70.7781288241643 370640.991408495 16803.8921782465 387444.883586742 325680.741914279 68.801413313362 68.801413313362 68.801413313362
480600 299.255305041384 -424.422845322618 370890.328582616 16724.5433664637 387614.87194908 325827.849176649 68.8117707613721 68.8117707613721 68.8117707613721
480700 301.692061347183 485.168293946591 370712.630518087 16860.7268720634 387573.357390151 325865.00090981 68.8143860272689 68.8143860272689 68.8143860272689
480800 300.595394237143 -331.552826537185 370695.468483995 16799.4372095864 387494.905693581 326240.91771781 68.8408372093753 68.8408372093753 68.8408372093753
480900 299.240873019879 -15.726088500446 370733.529224323 16723.7368010814 387457.266025404 326852.868800863 68.883853387265 68.883853387265 68.883853387265
481000 301.089514360346 54.2834966345979 370645.107696624 16827.0522035047 387472.159900128 327070.93973178 68.8991693780257 68.8991693780257 68.8991693780257
481100 301.52803905219 -119.487326628745 370668.419702384 16851.5601240076 387519.979826392 326974.791628237 68.8924173527987 68.8924173527987 68.8924173527987
481200 300.224235059175 -40.7009602129754 370804.195304003 16778.6941595445 387582.889463547 326938.627673761 68.8898773872661 68.8898773872661 68.8898773872661
481300 300.821253207555 201.284792550844 370969.857783002 16812.0598367603 387781.917619762 326986.551652014 68.8932432745253 68.8932432745253 68.8932432745253
481400 303.207500332006 -355.788164197586 370912.048731057 16945.420525255 387857.469256312 326793.520365006 68.8796839308058 68.8796839308058 68.8796839308058
481500 301.572188638613 294.637410935734 370705.921686557 16854.0275211107 387559.949207668 325952.13747368 68.8205191547282 68.8205191547282 68.8205191547282
481600 298.447292687899 -228.810609022492 370767.613546898 16679.3858122989 387446.999359197 325278.775999233 68.7730960021469 68.7730960021469 68.7730960021469
481700 297.150432737877 -633.702050518084 370794.607501737 16606.9079310084 387401.515432745 325259.208504821 68.7717169346553 68.7717169346553 68.7717169346553
481800 298.345051460811 78.333165557036 370676.101238646 16673.6718356126 387349.773074259 325711.814252456 68.8036012974029 68.8036012974029 68.8036012974029
481900 296.365622316111 -306.873580996095 370764.580696909 16563.0470680189 387327.627764928 326305.681641291 68.8453922355159 68.8453922355159 68.8453922355159
482000 298.921773347194 -160.287461530548 370812.729157177 16705.9032114202 387518.632368597 326494.384783557 68.8586608147196 68.8586608147196 68.8586608147196
482100 301.927773298989 -744.92238000331 370802.252851531 16873.9001548542 387676.153006385 326929.523140569 68.889237903334 68.889237903334 68.889237903334
482200 301.259390665703 -438.296951019374 370797.126852128 16836.5461158532 387633.672967981 327292.147837452 68.9146987512007 68.9146987512007 68.9146987512007
482300 297.986147580739 213.417121019654 370820.252909718 16653.6136999487 387473.866609667 327808.767305245 68.9509395217189 68.9509395217189 68.9509395217189
482400 296.437181790835 -41.6473373433973 370847.211701574 16567.0463272405 387414.258028815 327662.059951146 68.9406518984366 68.9406518984366 68.9406518984366
482500 304.652659954046 347.858202205633 370683.849441613 17026.1864611067 387710.035902719 326968.2068955 68.8919548898273 68.8919548898273 68.8919548898273
482600 305.307161197862 -166.289048828162 370723.191301999 17062.7647080123 387785.956010011 326220.536680146 68.8394036298353 68.8394036298353 68.8394036298353
482700 299.137100365152 -683.157590222795 370868.659038301 16717.9372371806 387586.596275481 325836.774854866 68.8123990953391 68.8123990953391 68.8123990953391
482800 299.003658160595 -62.0875775337362 370716.256977261 16710.4795249883 387426.73650225 325669.185532564 68.8005995258119 68.8005995258119 68.8005995258119
482900 299.651165437732 12.717782050812 370652.237772567 16746.6668986259 387398.904671193 325911.374055099 68.8176501480444 68.8176501480444 68.8176501480444
483000 301.28438404446 -31.603149073563 370620.612061076 16837.9429260011 387458.554987077 326696.586383491 68.8728728591243 68.8728728591243 68.8728728591243
483100 300.790687417296 937.910816392292 370822.432787595 16810.3516000938 387632.784387689 327031.635775029 68.8964094075064 68.8964094075064 68.8964094075064
483200 302.376031165376 55.9394039868369 370883.854151847 16898.9520353037 387782.806187151 327472.385966601 68.9273467550124 68.9273467550124 68.9273467550124
483300 300.849845143322 82.3331124969637 370894.734071087 16813.657760211 387708.391831298 327354.448963104 68.9190711861831 68.9190711861831 68.9190711861831
483400 297.674889340036 -454.148965273028 370812.97208499 16636.2183460248 387449.190431015 326791.544639553 68.8795451197927 68.8795451197927 68.8795451197927
483500 300.686038374464 -468.025171468632 370584.268047665 16804.5030573091 387388.771104974 326078.021302701 68.8293775876419 68.8293775876419 68.8293775876419
483600 300.224418325149 167.225595803019 370637.544477644 16778.704401768 387416.248879412 325395.164484685 68.7812976254675 68.7812976254675 68.7812976254675
483700 300.951591961959 93.3482904202004 370618.035897543 16819.3441057896 387437.380003333 325294.031123627 68.7741711063459 68.7741711063459 68.7741711063459
483800 301.082698843113 70.1845442673268 370666.70289639 16826.6713032781 387493.374199668 325747.740777196 68.8061309194981 68.8061309194981 68.8061309194981
483900 299.874110007156 472.982403188727 370847.233806944 16759.1266480667 387606.360455011 326536.525200827 68.861623201417 68.861623201417 68.861623201417
484000 300.932381802498 -149.271189996716 370745.247994015 16818.2705036192 387563.518497635 326722.287660287 68.874678892027 68.874678892027 68.874678892027
484100 300.318082877651 -24.8049588123139 370658.521076588 16783.939052061 387442.460128649 326706.602133842 68.8735766787948 68.8735766787948 68.8735766787948
484200 297.378653719589 481.847359283141 370690.072535992 16619.6625643982 387309.73510039 326631.272763157 68.8682828341479 68.8682828341479 68.8682828341479
484300 298.824524318486 -390.959618131961 370691.516420923 16700.4682347612 387391.984655685 326660.470463214 68.8703348274514 68.8703348274514 68.8703348274514
484400 302.642078296691 542.688583134112 370718.761340043 16913.8206665701 387632.582006613 326441.621401022 68.854951295491 68.854951295491 68.854951295491
484500 298.770771613003 -179.931669776453 370922.066102872 16697.4641461494 387619.530249021 326224.988898401 68.8397167990166 68.8397167990166 68.8397167990166
484600 298.760379942691 177.14260220346 370877.788591708 16696.883384713 387574.671976421 326290.481685802 68.8443232346726 68.8443232346726 68.8443232346726
484700 298.550395036061 -72.8634232228939 370700.635839729 16685.1479146376 387385.783754367 326457.714881058 68.8560827868021 68.8560827868021 68.8560827868021
484800 295.299939202681 -727.296486368911 370719.854659593 16503.4890145936 387223.343674187 326401.108954275 68.8521028046049 68.8521028046049 68.8521028046049
484900 301.475013305345 209.358460201934 370503.823003911 16848.5966630841 387352.419666995 326384.802801492 68.8509562280223 68.8509562280223 68.8509562280223
485000 298.968073527525 367.593779622601 370795.421208234 16708.4907992115 387503.912007446 325952.01613254 68.8205106148637 68.8205106148637 68.8205106148637
485100 300.668678878999 -875.754808878878 370695.552758769 16803.5328835817 387499.085642351 326020.928311147 68.8253602419069 68.8253602419069 68.8253602419069
485200 298.466943615087 516.166452549185 370735.467003062 16680.4840477468 387415.951050808 325848.326286382 68.8132122553668 68.8132122553668 68.8132122553668
485300 297.820598214675 -798.909592478734 370705.420334181 16644.3616081549 387349.781942336 326030.527934979 68.8260357517964 68.8260357517964 68.8260357517964
485400 300.02312019111 542.373664801862 370634.292096886 16767.4544111559 387401.746508042 325944.976326726 68.8200151569489 68.8200151569489 68.8200151569489
485500 300.470976768296 -146.095048420432 370779.231402477 16792.4838646725 387571.71526715 326368.637031754 68.8498194848574 68.8498194848574 68.8498194848574
485600 302.492844094524 116.122384541863 370704.504430715 16905.4803837285 387609.984814443 326392.770030498 68.8515164531179 68.8515164531179 68.8515164531179
485700 301.327451989852 943.957970766614 370536.439091465 16840.3498732073 387376.788964672 326354.733990109 68.8488418219821 68.8488418219821 68.8488418219821
485800 298.968338351391 -193.234165958353 370558.461771442 16708.5055994779 387266.96737092 326186.332322426 68.8369975991282 68.8369975991282 68.8369975991282
485900 297.642955305121 344.554676188654 370727.780628615 16634.4336419851 387362.2142706 326230.170811756 68.8400812913876 68.8400812913876 68.8400812913876
486000 300.907860082576 -63.024841677564 370681.171117737 16816.9000531666 387498.071170904 326515.854699781 68.8601701385583 68.8601701385583 68.8601701385583
486100 300.133782778589 -713.888058447302 370795.423298252 16773.639034159 387569.062332411 326457.13887068 68.8560422896312 68.8560422896312 68.8560422896312
486200 300.117953317016 400.424671193745 370791.857587233 16772.7543697534 387564.611956986 326388.988814213 68.851250573576 68.851250573576 68.851250573576
486300 300.730795602171 -76.95116034409 370567.622483098 16807.0044137867 387374.626896885 326165.404834741 68.835525417856 68.835525417856 68.835525417856
486400 297.782468723754 -568.234746197586 370602.9869107 16642.2306573791 387245.217568079 325841.073018209 68.8127016656787 68.8127016656787 68.8127016656787
486500 297.350861141144 44.9476499331451 370669.995364406 16618.1093147961 387288.104679202 325616.84919058 68.7969138177695 68.7969138177695 68.7969138177695
486600 299.612386737947 121.949064440244 370740.713194808 16744.4996653795 387485.212860188 325608.08638093 68.7962966715031 68.7962966715031 68.7962966715031
486700 299.530630249492 310.541296413175 370846.703350052 16739.9305235343 387586.633873587 325817.947497689 68.8110737072207 68.8110737072207 68.8110737072207
486800 301.515960627911 -192.314438682239 370694.321464568 16850.8850946021 387545.20655917 325752.36794667 68.806456709551 68.806456709551 68.806456709551
486900 299.101464736637 -180.372999524953 370720.472732226 16715.9456614108 387436.418393637 325718.949638195 68.8041037217641 68.8041037217641 68.8041037217641
487000 300.926938807897 671.877350480606 370573.109364232 16817.9663098499 387391.075674082 325337.502110299 68.777234537809 68.777234537809 68.777234537809
487100 300.108114077083 87.8640485200058 370649.563416134 16772.2044821084 387421.767898243 325608.744987728 68.7963430561805 68.7963430561805 68.7963430561805
487200 300.05269894971 -49.6647451422256 370701.684292245 16769.1074853792 387470.791777624 326175.12212895 68.8362090059987 68.8362090059987 68.8362090059987
487300 299.820648460955 -175.296602873466 370732.973817976 16756.1388315341 387489.11264951 326729.458672266 68.8751827833057 68.8751827833057 68.8751827833057
487400 301.285463149564 -248.56906355585 370718.125791704 16838.0032341721 387556.129025876 326827.592616011 68.8820776995258 68.8820776995258 68.8820776995258
487500 301.884738400324 766.129679588123 370792.165987141 16871.4950545373 387663.661041678 326811.401109821 68.8809401752051 68.8809401752051 68.8809401752051
487600 301.513823870765 249.671060743331 370781.746603083 16850.7656772118 387632.512280295 326883.350046185 68.8859946161055 68.8859946161055 68.8859946161055
487700 297.829023880993 204.366140513486 370775.904190985 16644.8324951178 387420.736686103 326524.237717545 68.8607594423456 68.8607594423456 68.8607594423456
487800 297.51075371972 672.451498138957 370686.74027517 16627.0452645331 387313.785539703 326341.951160687 68.8479429080091 68.8479429080091 68.8479429080091
487900 299.50871992556 440.66292026909 370656.964476851 16738.7060167115 387395.670493563 326130.720694268 68.8330853617465 68.8330853617465 68.8330853617465
488000 300.59555757047 -223.570479902249 370772.724501549 16799.44633783 387572.170839379 326541.720871535 68.8619884289831 68.8619884289831 68.8619884289831
488100 299.994539363531 37.6229742785386 370854.699215192 16765.8571085109 387620.556323703 327417.531821788 68.9234979197569 68.9234979197569 68.9234979197569
488200 299.533429960922 274.432388290192 370862.166839792 16740.0869915883 387602.25383138 327888.183639534 68.9565071872492 68.9565071872492 68.9565071872492
488300 300.640824859722 -513.839757089042 370765.352149821 16801.9762002231 387567.328350044 327875.458419518 68.9556151168005 68.9556151168005 68.9556151168005
488400 298.77194468412 80.6549913470233 370816.250545177 16697.5297058184 387513.780250995 327277.23814743 68.9136522728928 68.9136522728928 68.9136522728928
488500 299.369134202876 588.814483038327 370766.168125375 16730.9049604461 387497.073085821 326540.370771546 68.8618935246242 68.8618935246242 68.8618935246242
488600 302.112192093864 -122.752220508246 370604.997568334 16884.2068063339 387489.204374668 326054.232826964 68.827703769629 68.827703769629 68.827703769629
488700 300.503062254993 110.555232902303 370590.070600612 16794.2770329293 387384.347633541 325966.021365291 68.8214962747331 68.8214962747331 68.8214962747331
488800 298.797010244986 1.33723364721735 370638.133907505 16698.9305500228 387337.064457528 326091.559783433 68.8303301534341 68.8303301534341 68.8303301534341
488900 301.405879231824 -721.646383622207 370646.571810619 16844.7329527631 387491.304763382 326605.175583178 68.8664486396601 68.8664486396601 68.8664486396601
489000 301.768427871366 339.107702474841 370824.762792213 16864.9947838562 387689.757576069 326762.591102618 68.8775108307711 68.8775108307711 68.8775108307711
489100 299.502211729467 211.381425214575 370936.544509722 16738.3422918052 387674.886801528 326695.797978763 68.8728174562985 68.8728174562985 68.8728174562985
489200 299.619240328654 743.273910546085 370756.770159002 16744.8826934263 387501.652852428 326771.99452172 68.8781715325629 68.8781715325629 68.8781715325629
489300 298.730949658701 1114.49774993907 370662.849739751 16695.2386083211 387358.088348072 326731.785710781 68.8753462976123 68.8753462976123 68.8753462976123
489400 299.995112166348 -1561.21683157559 370641.089649576 16765.8891208608 387406.978770437 326948.8823804 68.89059764283 68.89059764283 68.89059764283
489500 299.991110434982 -205.88147942834 370753.719145692 16765.6654752691 387519.384620961 326806.806942869 68.8806174079855 68.8806174079855 68.8806174079855
489600 301.710847191136 492.783891019956 370731.552671614 16861.7767604248 387593.329432038 326489.169349941 68.8582941624857 68.8582941624857 68.8582941624857
489700 303.093953436557 -325.73812883145 370649.070013262 16939.0747063335 387588.144719595 326336.397778359 68.8475523758113 68.8475523758113 68.8475523758113
489800 300.67016889773 167.081645963839 370611.784756959 16803.6161565679 387415.400913527 326492.231571694 68.8585094414054 68.8585094414054 68.8585094414054
489900 297.426102012266 -470.832763363419 370630.767089978 16622.3143169826 387253.08140696 326596.275893336 68.8658231182393 68.8658231182393 68.8658231182393
490000 298.109285726233 76.5123185463624 370662.634831158 16660.4955470528 387323.130378211 326516.10176295 68.8601875065842 68.8601875065842 68.8601875065842
490100 303.067772873311 -653.830242774388 370618.911389843 16937.6115477596 387556.522937602 326401.213093058 68.8521101270611 68.8521101270611 68.8521101270611
490200 299.541921061746 -722.428327858208 370831.092735246 16740.561535503 387571.654270749 325737.087375716 68.8053808223765 68.8053808223765 68.8053808223765
490300 298.434352956941 301.657164360072 370808.95054502 16678.6626468682 387487.613191888 325188.64023168 68.7667430018689 68.7667430018689 68.7667430018689
490400 299.194381001319 74.8485894160939 370631.793151429 16721.1384919871 387352.931643416 325195.667113751 68.7672383167449 68.7672383167449 68.7672383167449
490500 300.06364265068 -119.49378587008 370473.591172722 16769.7190982675 387243.31027099 325796.487750182 68.8095629446411 68.8095629446411 68.8095629446411
490600 297.635978249901 -461.109291116253 370727.306503906 16634.0437138514 387361.350217757 326275.538681198 68.8432722726194 68.8432722726194 68.8432722726194
490700 299.051352443591 -446.856917782794 370917.056338476 16713.1450252847 387630.201363761 326306.057544962 68.845418672103 68.845418672103 68.845418672103
490800 303.574961294011 -582.938625776733 370669.197054458 16965.9568923335 387635.153946792 326536.18554827 68.8615993255433 68.8615993255433 68.8615993255433
490900 300.480495657259 160.996437592988 370703.859931929 16793.0158487963 387496.875780725 326033.767449904 68.8262637081916 68.8262637081916 68.8262637081916
491000 297.435922977812 -421.824702518266 370730.998401889 16622.8631833232 387353.861585212 325905.243817501 68.8172186696068 68.8172186696068 68.8172186696068
491100 300.076875689988 950.997546410102 370610.481877366 16770.4586558829 387380.940533248 325687.087352239 68.8018601438602 68.8018601438602 68.8018601438602
491200 303.617240475558 -675.641256838558 370687.01633462 16968.3197577309 387655.336092351 325143.289616614 68.7635461301766 68.7635461301766 68.7635461301766
491300 302.576342954607 61.9673863888586 370740.49097282 16910.1469018586 387650.637874679 324796.080298563 68.739060671694 68.739060671694 68.739060671694
491400 300.824720245296 138.84302314934 370627.668921471 16812.2535998184 387439.922521289 324935.011464983 68.7488602937886 68.7488602937886 68.7488602937886
491500 298.264700675824 -157.525140084371 370708.953040934 16669.181254609 387378.134295543 325443.523838522 68.7847048204804 68.7847048204804 68.7847048204804
491600 299.044937793073 -122.794708028948 370687.976807375 16712.7865283793 387400.763335754 325943.738861943 68.8199280640763 68.8199280640763 68.8199280640763
491700 299.095555579067 -72.0565227056448 370703.951202555 16715.6154150948 387419.56661765 326088.189609734 68.8300930309036 68.8300930309036 68.8300930309036
491800 299.58350731538 -435.651789319725 370738.076161426 16742.8856750943 387480.961836521 326391.590428622 68.8514335085971 68.8514335085971 68.8514335085971
491900 299.433798738648 600.671637243613 370854.827645121 16734.5188807829 387589.346525904 326744.500888025 68.8762397428518 68.8762397428518 68.8762397428518
492000 302.199795477838 -254.097682437294 370760.638800623 16889.1027148428 387649.741515466 327088.403481814 68.9003956323441 68.9003956323441 68.9003956323441
492100 301.358403684518 -703.938214488706 370721.249043806 16842.0796769936 387563.328720799 326891.081156314 68.8865376854829 68.8865376854829 68.8865376854829
492200 299.867193055984 575.397809868433 370570.235671504 16758.7400789804 387328.975750485 326277.976812527 68.8434437519376 68.8434437519376 68.8434437519376
492300 298.548917521454 359.649889182155 370633.59419517 16685.0653404719 387318.659535642 326020.847834852 68.825354578865 68.825354578865 68.825354578865
492400 299.145699208085 380.363146828867 370711.649546657 16718.4178025009 387430.067349158 326207.031524269 68.8384536592871 68.8384536592871 68.8384536592871
492500 301.990387719983 -460.391970767893 370638.763519422 16877.3995000008 387516.163019423 326516.699665372 68.8602295378425 68.8602295378425 68.8602295378425
492600 299.133049734345 -617.917335604202 370805.090988323 16717.7108587357 387522.801847058 326405.562751652 68.852415969309 68.852415969309 68.852415969309
492700 301.490988944636 927.419367008538 370665.879997995 16849.4894969541 387515.36949495 326001.89742358 68.8240210301513 68.8240210301513 68.8240210301513
492800 301.777085612748 141.953686465946 370524.264996349 16865.4786408464 387389.743637196 325875.811984072 68.8151470266688 68.8151470266688 68.8151470266688
492900 296.929577105602 268.966356227874 370593.868644223 16594.5649264317 387188.433570655 325762.422558656 68.8071646246983 68.8071646246983 68.8071646246983
493000 296.398321797031 274.191328595276 370573.955817703 16564.8745506984 387138.830368402 326022.678191427 68.8254833791195 68.8254833791195 68.8254833791195
493100 298.842091879361 140.233473958172 370772.075123569 16701.4500366833 387473.525160252 326294.118677133 68.8445790244167 68.8445790244167 68.8445790244167
493200 298.916694982784 363.62070764921 370858.867702386 16705.619395814 387564.4870982 326389.312166489 68.8512733104554 68.8512733104554 68.8512733104554
493300 300.851015886043 -663.776918232105 370736.336457511 16813.7231897525 387550.059647264 325995.168561381 68.8235475047481 68.8235475047481 68.8235475047481
493400 301.09563652751 57.8943768939611 370633.301613509 16827.3943543322 387460.695967841 325699.722916558 68.8027498926615 68.8027498926615 68.8027498926615
493500 298.062120353611 217.205187020072 370640.23198223 16657.8596060802 387298.09158831 325385.563469853 68.7806211385109 68.7806211385109 68.7806211385109
493600 296.000197490102 -197.222803648012 370691.416452639 16542.6244948956 387234.040947534 325679.373328868 68.8013169401041 68.8013169401041 68.8013169401041
493700 300.958430110479 593.493382549485 370474.276664864 16819.7262708157 387294.00293568 325534.518144641 68.7911149784921 68.7911149784921 68.7911149784921
493800 301.099593859645 -351.790437409709 370681.0098935 16827.6155185748 387508.625412075 325545.313593654 68.7918753922363 68.7918753922363 68.7918753922363
493900 300.771923331685 -395.956464251764 370743.387707715 16809.3029277453 387552.690635461 325784.836035328 68.8087426381053 68.8087426381053 68.8087426381053
494000 301.472533765315 -53.3534011323775 370533.063019261 16848.4580885156 387381.521107777 326082.180516339 68.8296702321933 68.8296702321933 68.8296702321933
494100 299.613139278151 -600.062469212207 370496.141352644 16744.5417227501 387240.683075394 326718.969482901 68.8744457284869 68.8744457284869 68.8744457284869
494200 298.22417440011 217.818934889176 370640.25675711 16666.9163542238 387307.173111334 326581.137818339 68.8647591011032 68.8647591011032 68.8647591011032
494300 301.712248841467 -30.3526375438271 370563.297453309 16861.8550947479 387425.152548057 326680.688902346 68.8717556931222 68.8717556931222 68.8717556931222
494400 297.873758841408 -50.2504961125498 370840.661381568 16647.3326071388 387487.993988707 326336.019928713 68.8475258040145 68.8475258040145 68.8475258040145
494500 299.31068366619 439.287952238041 370882.766428746 16727.6383231664 387610.404751912 326527.706597463 68.8610032924003 68.8610032924003 68.8610032924003
494600 298.345598237028 -197.650910304368 371056.990125507 16673.7023934086 387730.692518915 326866.591167786 68.8848173646113 68.8848173646113 68.8848173646113
494700 300.07511964266 -529.940027653858 370840.415072819 16770.3605153012 387610.77558812 327023.243098649 68.8958200351531 68.8958200351531 68.8958200351531
494800 298.280600420905 -498.801797007093 370640.292964789 16670.0698469636 387310.362811752 326923.010572272 68.8887804664716 68.8887804664716 68.8887804664716
494900 298.83005565204 776.29512560094 370653.002363691 16700.777365548 387353.779729239 326153.555141137 68.8346918022003 68.8346918022003 68.8346918022003
495000 300.009537482082 532.690227539818 370780.915012594 16766.6953114763 387547.61032407 325876.009612474 68.8151609377195 68.8151609377195 68.8151609377195
495100 301.782660550831 -110.065017409829 370759.625738823 16865.7902085686 387625.415947392 326194.313860801 68.8375590580268 68.8375590580268 68.8375590580268
495200 299.928011981597 -167.016417943108 370793.604414656 16762.1390789038 387555.74349356 326853.119168236 68.8838709754692 68.8838709754692 68.8838709754692
495300 296.983327148606 -140.359567422502 370719.802807948 16597.5688662451 387317.371674193 327233.548340439 68.9105855985239 68.9105855985239 68.9105855985239
495400 297.8910790186 -395.730837273101 370644.209991061 16648.3005834776 387292.510574538 327077.032415336 68.8995971937059 68.8995971937059 68.8995971937059
495500 299.583512174181 -49.4263637351651 370683.242129537 16742.8859466392 387426.128076176 326799.767797468 68.8801228607971 68.8801228607971 68.8801228607971
495600 299.751607974546 -735.071420001587 370735.407293466 16752.2803515355 387487.687645002 326421.146569117 68.8535117088115 68.8535117088115 68.8535117088115
495700 301.245561519352 271.015057959048 370695.860113473 16835.7732434798 387531.633356953 325938.285799824 68.8195442744926 68.8195442744926 68.8195442744926
495800 301.223533760608 425.488344968706 370657.641525208 16834.5421735533 387492.183698762 325801.184259948 68.8098935838015 68.8098935838015 68.8098935838015
495900 298.746098969222 -324.830449151426 370616.832393537 16696.0852609837 387312.91765452 325667.803233888 68.8005021845871 68.8005021845871 68.8005021845871
496000 299.186965924792 26.0494758029794 370502.925871848 16720.7240840656 387223.649955913 325994.497012691 68.8235002459752 68.8235002459752 68.8235002459752
496100 300.363875937492 272.972111773464 370592.889561929 16786.4982983043 387379.387860233 325998.146662527 68.8237570813322 68.8237570813322 68.8237570813322
496200 302.403699785104 -804.13824585379 370700.999451428 16900.4983571992 387601.497808627 326502.373660478 68.8592224363024 68.8592224363024 68.8592224363024
496300 301.575768961381 849.868723034769 370728.022833739 16854.2276153526 387582.250449091 326707.078933827 68.8736101837848 68.8736101837848 68.8736101837848
496400 299.283113472354 -765.254227135214 370730.450837666 16726.0975020191 387456.548339685 326924.133713892 68.888859355349 68.888859355349 68.888859355349
496500 298.520418837824 -357.589318357504 370683.05997847 16683.4726286228 387366.532607092 326592.02778429 68.8655245326805 68.8655245326805 68.8655245326805
496600 297.137522966842 -280.790836857947 370700.89149559 16606.1864399541 387307.077935544 326433.009800525 68.8543458206699 68.8543458206699 68.8543458206699
496700 301.658641655906 44.7290064834855 370529.364266272 16858.8591388382 387388.22340511 325642.959149628 68.7987526216649 68.7987526216649 68.7987526216649
496800 300.337273275361 570.77885108462 370749.855902885 16785.0115498023 387534.867452688 325306.79480446 68.775070600347 68.775070600347 68.775070600347
496900 302.457199245595 288.707209035844 370688.663216645 16903.4882926556 387592.151509301 325298.443966756 68.7744820949972 68.7744820949972 68.7744820949972
497000 300.517741961689 -26.9731843397045 370545.570081756 16795.0974407453 387340.667522501 325790.001496921 68.809106300457 68.809106300457 68.809106300457
497100 298.062636683309 -272.443042941199 370612.967065056 16657.8884623053 387270.855527361 326400.097693588 68.8520316983344 68.8520316983344 68.8520316983344
497200 298.152806990437 -394.549025754348 370701.256529941 16662.9278289816 387364.184358922 326443.160921469 68.8550595368342 68.8550595368342 68.8550595368342
497300 299.118431030028 -339.431724441146 370824.693658203 16716.8938601723 387541.587518376 326692.161884463 68.8725619393011 68.8725619393011 68.8725619393011
497400 301.797539481059 379.980561908474 370743.946164367 16866.6217504315 387610.567914799 327049.111968166 68.8976366338443 68.8976366338443 68.8976366338443
497500 300.985392178458 -138.073774841413 370727.044447242 16821.2331055069 387548.277552749 327546.812208883 68.9325681772737 68.9325681772737 68.9325681772737
497600 300.045954665275 -380.175809553973 370700.694655671 16768.7305661547 387469.425221826 327657.648534953 68.9403425072374 68.9403425072374 68.9403425072374
497700 298.806719400405 -177.282545933433 370756.249963428 16699.4731676076 387455.723131035 327521.112630771 68.9307652957838 68.9307652957838 68.9307652957838
497800 297.90366974766 -649.091355959686 370811.168321147 16649.0042441668 387460.172565314 327039.243999803 68.8969436833447 68.8969436833447 68.8969436833447
497900 300.008347749172 -174.580309702852 370753.391361034 16766.6288206262 387520.02018166 326563.190221331 68.8634975671452 68.8634975671452 68.8634975671452
498000 298.800921709529 -91.8112106912411 370868.057396481 16699.1491508539 387567.206547335 326522.290559326 68.8606225632161 68.8606225632161 68.8606225632161
498100 302.332054905555 139.285673597609 370711.452183316 16896.4943249403 387607.946508256 326600.145991537 68.86609513241 68.86609513241 68.86609513241
498200 298.78366160716 -301.122629023092 370710.290578412 16698.1845319291 387408.475110341 326931.280046535 68.8893613057676 68.8893613057676 68.8893613057676
498300 299.220110595269 282.942457136974 370537.64314421 16722.5764471463 387260.219591357 326415.933329594 68.8531451560078 68.8531451560078 68.8531451560078
498400 301.639663243084 -150.792445408877 370552.954298265 16857.7984883404 387410.752786605 326195.774842491 68.8376618293494 68.8376618293494 68.8376618293494
498500 300.111602883911 -537.928366640428 370743.270232064 16772.3994617799 387515.669693844 326257.212941585 68.8419833543556 68.8419833543556 68.8419833543556
498600 299.53768428765 101.71927655376 370769.725255127 16740.3247540295 387510.050009157 326882.641310764 68.8859448307823 68.8859448307823 68.8859448307823
498700 300.020371118873 92.2092299605441 370826.277810818 16767.300773185 387593.578584003 327582.362725936 68.9350619681821 68.9350619681821 68.9350619681821
498800 301.401260021898 415.359445863204 370958.857255716 16844.4747980188 387803.332053735 327798.7563813 68.9502376189562 68.9502376189562 68.9502376189562
498900 301.843632959099 430.887307661286 370860.112701581 16869.197786209 387729.310487789 327464.931673129 68.9268237505376 68.9268237505376 68.9268237505376
499000 298.886606628897 205.557217373834 370817.88536131 16703.9378417332 387521.823203043 327128.359782566 68.9032010847417 68.9032010847417 68.9032010847417
499100 299.068356920517 21.7276292990495 370726.783867269 16714.0953580173 387440.879225286 326859.68821441 68.8843324450316 68.8843324450316 68.8843324450316
499200 297.67206859929 -222.700239930376 370821.647788022 16636.060702701 387457.708490723 326580.686378906 68.8647273700584 68.8647273700584 68.8647273700584
499300 300.360252396627 -400.385124003382 370742.074495977 16786.2957887236 387528.3702847 326404.27183275 68.852325199816 68.852325199816 68.852325199816
499400 300.09446544208 23.0552410711664 370742.056880116 16771.4416980101 387513.498578126 326553.942401975 68.8628475212364 68.8628475212364 68.8628475212364
499500 297.072147021774 -402.434790005637 370678.638046426 16602.5327609382 387281.170807364 326864.58506717 68.8846764404942 68.8846764404942 68.8846764404942
499600 298.382377072774 417.399949585546 370576.610800644 16675.7578598382 387252.368660482 326429.470273601 68.8540969562429 68.8540969562429 68.8540969562429
499700 299.969598106561 -8.92569849303928 370695.57384429 16764.4632113041 387460.037055594 326036.677324496 68.8264684673507 68.8264684673507 68.8264684673507
499800 301.380255229596 496.677128999815 370714.864474172 16843.3008988303 387558.165373002 325866.865846011 68.8145173026891 68.8145173026891 68.8145173026891
499900 301.144576211181 497.926779055904 370678.186248968 16830.1294565947 387508.315705563 325918.596913089 68.8181585239219 68.8181585239219 68.8181585239219
500000 298.294792628759 -243.290502986609 370681.279198854 16670.8630098306 387352.142208685 326675.486870273 68.8713901220963 68.8713901220963 68.8713901220963
500100 296.384275515451 -213.245824797294 370598.397698589 16564.0895432434 387162.487241833 327119.139338077 68.9025537097987 68.9025537097987 68.9025537097987
500200 296.352870834074 236.124916314922 370574.173372362 16562.3344232948 387136.507795657 326931.106396249 68.8893491088522 68.8893491088522 68.8893491088522
500300 298.990326238262 316.327468341208 370729.797659389 16709.7344410768 387439.532100466 326393.9528879 68.8515996263528 68.8515996263528 68.8515996263528
500400 301.693638183441 251.901947373703 370689.924115531 16860.8149970387 387550.739112569 326123.37252902 68.8325683904295 68.8325683904295 68.8325683904295
500500 301.985606230739 375.251191993078 370678.284009199 16877.1322759187 387555.416285118 326015.906423242 68.8250068545537 68.8250068545537 68.8250068545537
