P_H,t_ads,alpha,v_0,beta,P_L,t_depres,t_pres,Obj1,Obj2,Pu,Rec
756233.0,268,0.602991,0.548953,0.945654,157896,10,14,100000.0,100000.0,-315.22776601683796,-315.22776601683796
354945.0,380,0.595395,0.298149,0.919587,162597,40,32,100000.0,100000.0,-315.22776601683796,-315.22776601683796
515474.0,131,0.713945,0.72196,0.103197,54144,10,27,0.0017095,0.442051,0.9586538998211439,0.33513083993916515
781678.0,335,0.81248,0.525463,0.756621,142125,45,14,100000.0,100000.0,-315.22776601683796,-315.22776601683796
586463.0,171,0.774509,0.658676,0.77012,35678,31,21,0.00599412,0.0547334,0.9225782976162369,0.7660482955821865
701385.0,147,0.312543,0.7024,0.726901,79110,11,40,100000.0,100000.0,-315.22776601683796,-315.22776601683796
748623.0,410,0.536115,0.637597,0.710272,143541,36,24,100000.0,100000.0,-315.22776601683796,-315.22776601683796
773448.0,248,0.215487,0.31212,0.421376,74937,22,11,0.00422888,0.033209,0.9349701606952624,0.8177666331321292
634579.0,183,0.849805,0.166362,0.559303,22761,17,26,100000.0,100000.0,-315.22776601683796,-315.22776601683796
882912.0,456,0.695958,0.653117,0.0672118,28137,35,19,100000.0,100000.0,-315.22776601683796,-315.22776601683796
529773.0,224,0.514375,0.639265,0.976256,101600,13,30,0.00858511,0.00231082,0.907344131324562,0.9519290108277352
242993.0,454,0.901087,0.73717,0.156215,152439,18,21,100000.0,100000.0,-315.22776601683796,-315.22776601683796
776471.0,361,0.480937,0.571529,0.13165,125572,43,17,0.00695765,0.186366,0.9165874709650882,0.5682987143869038
918659.0,471,0.199885,0.549207,0.696201,154904,41,27,100000.0,100000.0,-315.22776601683796,-315.22776601683796
483377.0,467,0.608358,0.719479,0.633422,132948,12,26,0.00846715,0.0553218,0.9079828820273097,0.7647941327262434
273521.0,151,0.197821,0.741045,0.533647,181275,26,26,100000.0,100000.0,-315.22776601683796,-315.22776601683796
488318.0,86,0.568467,0.192041,0.458468,169963,30,22,0.00162587,0.218987,0.9596779216805482,0.5320395315841305
509909.0,466,0.967409,0.210491,0.118252,60354,37,24,100000.0,100000.0,-315.22776601683796,-315.22776601683796
445027.0,234,0.848178,0.136768,0.41655,60141,37,50,100000.0,100000.0,-315.22776601683796,-315.22776601683796
514852.0,223,0.300677,0.195264,0.544569,72630,38,45,100000.0,100000.0,-315.22776601683796,-315.22776601683796
925113.0,430,0.789323,0.705259,0.833566,95018,15,47,100000.0,100000.0,-315.22776601683796,-315.22776601683796
228111.0,297,0.0656028,0.761538,0.338687,167172,27,35,0.00979496,0.00315047,0.9010305097517421,0.9438709522617745
577246.0,30,0.685446,0.14433,0.244894,191995,41,26,0.000358455,0.609736,0.9810670921409309,0.21914405938098935
234142.0,52,0.504021,0.272812,0.549363,163782,26,10,0.00647629,0.14465,0.9195246000320595,0.6196711948852678
533252.0,166,0.284505,0.714853,0.459675,174814,34,41,0.00718652,0.0335456,0.9152266551326421,0.8168454204776741
229693.0,198,0.841056,0.738572,0.0896595,126756,36,34,0.0046865,0.59564,0.9315419836688208,0.22822283008630018
375865.0,229,0.878984,0.289835,0.37541,25954,15,27,100000.0,100000.0,-315.22776601683796,-315.22776601683796
741264.0,342,0.199445,0.339345,0.284655,106020,37,12,0.00621161,0.0318896,0.9211862321672158,0.8214234057890004
280833.0,475,0.465088,0.770036,0.098958,28690,49,43,0.00535781,0.190273,0.9268029372173993,0.5637970655761243
779070.0,329,0.418578,0.196949,0.833694,68144,44,24,0.00331329,0.0176067,0.9424388151616039,0.8673097592134222
361347.0,261,0.3499,0.754568,0.308621,73088,24,31,0.00543363,0.0714171,0.9262868397095878,0.7327602200270327
625381.0,405,0.468216,0.31283,0.0682596,43997,39,35,0.00296276,0.216865,0.9455687589706059,0.5343123364313802
360460.0,405,0.371426,0.299959,0.376123,35520,29,24,0.00144503,0.0780962,0.9619864497843204,0.7205430265675948
513655.0,53,0.736874,0.73831,0.481068,156599,40,50,100000.0,100000.0,-315.22776601683796,-315.22776601683796
427537.0,202,0.485817,0.766775,0.102386,168973,15,32,0.00639412,0.202681,0.9200367584448954,0.5497989338084592
362294.0,70,0.948938,0.654285,0.111459,51589,41,44,100000.0,100000.0,-315.22776601683796,-315.22776601683796
617659.0,76,0.0970986,0.471536,0.870932,146265,28,15,0.00716962,0.0216235,0.9153263913607079,0.8529506885429246
626695.0,58,0.46679,0.69622,0.0195076,191714,35,27,100000.0,100000.0,-315.22776601683796,-315.22776601683796
712524.0,82,0.94001,0.667242,0.875161,147159,10,31,0.00743769,0.0310884,0.9137579568887657,0.8236809709645609
655456.0,438,0.0864095,0.593801,0.921497,21733,32,12,100000.0,100000.0,-315.22776601683796,-315.22776601683796
504658.0,47,0.270392,0.574569,0.703136,197283,13,44,0.00672699,0.0427978,0.9179817703190322,0.7931237084632461
920568.0,11,0.748293,0.405306,0.968912,177111,47,46,100000.0,100000.0,-315.22776601683796,-315.22776601683796
789435.0,484,0.205716,0.173373,0.851983,191183,43,36,100000.0,100000.0,-315.22776601683796,-315.22776601683796
443641.0,82,0.466734,0.78241,0.282244,20862,27,26,100000.0,100000.0,-315.22776601683796,-315.22776601683796
618510.0,71,0.258973,0.453786,0.781573,150002,44,14,0.00553532,0.0361338,0.92560026881769,0.8099110734419283
490230.0,288,0.138149,0.773281,0.227468,148828,12,24,100000.0,100000.0,-315.22776601683796,-315.22776601683796
525879.0,312,0.871805,0.294185,0.550492,192207,41,25,0.00718019,0.177349,0.9152639982061934,0.5788717535001956
927559.0,77,0.498693,0.20353,0.746329,133585,29,38,0.00111607,0.105728,0.9665923661418532,0.6748415770735747
902477.0,499,0.402943,0.288895,0.490117,20296,13,18,100000.0,100000.0,-315.22776601683796,-315.22776601683796
810604.0,130,0.333538,0.241399,0.643657,118459,10,36,0.00321961,0.0487477,0.9432583926910773,0.7792111868775956
261720.0,174,0.208317,0.336831,0.612657,148207,18,20,0.00822802,0.0222262,0.9092915659930125,0.8509154602247436
369809.0,206,0.484329,0.52804,0.805651,117607,23,27,0.00558979,0.0176092,0.9252351018191023,0.8673003391112095
329048.0,449,0.743535,0.730569,0.621137,126030,18,44,100000.0,100000.0,-315.22776601683796,-315.22776601683796
726115.0,414,0.311684,0.601091,0.591715,193722,21,34,100000.0,100000.0,-315.22776601683796,-315.22776601683796
903879.0,153,0.887777,0.404474,0.357348,185365,42,17,0.00547525,0.360587,0.9260050677410946,0.3995110325742862
549713.0,468,0.577085,0.784066,0.865519,86767,22,10,0.00890975,0.00843386,0.9056085279275717,0.9081639504333946
940391.0,436,0.983504,0.339949,0.582176,195699,15,30,100000.0,100000.0,-315.22776601683796,-315.22776601683796
554735.0,384,0.30563,0.694766,0.908384,49008,22,48,100000.0,100000.0,-315.22776601683796,-315.22776601683796
292494.0,408,0.9069,0.288479,0.970171,174534,14,48,100000.0,100000.0,-315.22776601683796,-315.22776601683796
380553.0,408,0.24212,0.471642,0.633605,154419,20,16,0.00803409,0.0118797,0.910366914590649,0.891005963465885
654083.0,15,0.266169,0.197133,0.592224,139568,48,11,0.000227941,0.580458,0.9849022849410912,0.23812205701962996
818558.0,135,0.433229,0.524106,0.10663,78779,20,14,100000.0,100000.0,-315.22776601683796,-315.22776601683796
465767.0,77,0.961753,0.151766,0.558946,139756,46,47,5.56701e-05,0.380731,0.9925387601566495,0.3829659652823031
397832.0,403,0.483942,0.488774,0.0882914,169716,29,28,0.00714468,0.204745,0.9154737910468002,0.5475124311099806
665987.0,468,0.634537,0.587835,0.726131,80591,21,13,100000.0,100000.0,-315.22776601683796,-315.22776601683796
415555.0,446,0.570959,0.638772,0.143843,111365,31,26,0.00698274,0.24993,0.9164372092376039,0.5000700049006861
226500.0,253,0.377386,0.130276,0.646835,185643,38,42,0.0090588,0.0336472,0.9048222715127116,0.8165682688300631
350257.0,177,0.514946,0.490099,0.746034,103732,50,41,100000.0,100000.0,-315.22776601683796,-315.22776601683796
219129.0,164,0.332357,0.600597,0.641273,137664,30,10,0.00805482,0.0241173,0.9102513509850984,0.8447025434850912
519866.0,254,0.463067,0.337989,0.573021,65676,14,50,0.00252853,0.0604785,0.9497155093493034,0.7540762313236071
208465.0,158,0.46932,0.390958,0.887706,194080,41,20,0.00973193,0.0041745,0.9013494551459547,0.9353896293154109
364514.0,51,0.47112,0.568785,0.566756,154506,20,22,0.00438787,0.104582,0.9337590006114038,0.6766085962799877
982510.0,169,0.275443,0.760555,0.393956,181103,35,17,0.00766999,0.0364119,0.9124215209083876,0.8091809757911963
829914.0,241,0.414268,0.639794,0.635148,199450,44,47,0.00826384,0.0295958,0.9090943346099926,0.8279657010942295
729730.0,449,0.719729,0.635507,0.96611,172061,48,27,100000.0,100000.0,-315.22776601683796,-315.22776601683796
383461.0,250,0.617493,0.431226,0.591777,128197,32,35,0.00516531,0.0808065,0.9281299088632831,0.7157351586987937
764382.0,390,0.887898,0.420197,0.761102,160099,22,42,100000.0,100000.0,-315.22776601683796,-315.22776601683796
497285.0,26,0.744738,0.750676,0.85236,181900,36,18,0.00342638,0.0788498,0.9414647114981057,0.7191979344805313
904482.0,195,0.56681,0.180001,0.555952,154933,29,49,0.00227482,0.105774,0.9523049268791839,0.6747708500149472
586688.0,14,0.427618,0.401703,0.933296,156034,18,16,0.000949128,0.266549,0.9691920789406361,0.48371616333648404
796395.0,329,0.296004,0.304451,0.833694,68144,44,23,0.00539648,0.00847886,0.9265392621872064,0.9079192745467326
655456.0,438,0.0864095,0.53808,0.839096,21733,17,12,0.00628002,0.00139865,0.9207534227868484,0.9626014706171486
529773.0,434,0.514375,0.739091,0.976256,99612,13,30,0.00949322,0.00080322,0.9025668434258645,0.971658863819529
617659.0,166,0.188031,0.486971,0.955364,171743,28,14,0.00780948,0.00387823,0.911628737702803,0.9377245634298723
617659.0,201,0.18873,0.471536,0.870932,146265,34,15,0.00743657,0.00519983,0.913764450485893,0.9278901532382713
549713.0,258,0.577085,0.565811,0.99,84454,22,10,0.00856238,0.00218653,0.9074668707975354,0.9532396535513262
529773.0,224,0.514375,0.639265,0.976256,101600,13,30,0.00858511,0.00231082,0.907344131324562,0.9519290108277352
982510.0,169,0.140631,0.8,0.604018,187262,35,24,0.00835269,0.00661839,0.9086069477476543,0.9186465120600229
228111.0,297,0.0656028,0.761538,0.338687,167172,27,35,0.00979496,0.00315047,0.9010305097517421,0.9438709522617745
549713.0,468,0.577085,0.784066,0.865519,86767,22,10,0.00890975,0.00843386,0.9056085279275717,0.9081639504333946
208465.0,158,0.46932,0.390958,0.887706,194080,41,20,0.00973193,0.0041745,0.9013494551459547,0.9353896293154109
228111.0,274,0.0656028,0.394755,0.338687,167172,27,30,0.00959898,0.00492691,0.9020256155926458,0.929808048894478
208465.0,158,0.46932,0.390958,0.887706,194080,42,20,0.00973201,0.00417834,0.9013490496751299,0.9353599195545055
380553.0,408,0.24212,0.471642,0.633605,154419,20,16,0.00803409,0.0118797,0.910366914590649,0.891005963465885
829914.0,241,0.414268,0.734001,0.781458,200000,18,43,0.00885572,0.0121108,0.9058951648426076,0.8899509200401929
810604.0,191,0.170356,0.44794,0.643657,118459,23,36,0.00667988,0.0123294,0.9182694671496631,0.8889621686090727
337722.0,76,0.0970986,0.585465,0.870932,164879,28,15,0.0085618,0.0129124,0.9074700048632878,0.8863672582395373
369809.0,140,0.245417,0.52804,0.805651,117607,23,27,0.006555,0.0146574,0.9190370455084549,0.8789322503719508
220746.0,206,0.484329,0.52804,0.805651,134696,25,30,0.0074287,0.0158381,0.9138100933983566,0.8741504866914456
741264.0,342,0.199445,0.339345,0.552329,93897,37,28,0.00618629,0.0162596,0.9213470280281794,0.8724868634218419
779070.0,329,0.418578,0.196949,0.833694,68144,44,24,0.00331329,0.0176067,0.9424388151616039,0.8673097592134222
369809.0,206,0.484329,0.52804,0.805651,117607,23,27,0.00558979,0.0176092,0.9252351018191023,0.8673003391112095
319885.0,174,0.105172,0.286052,0.612657,148207,18,20,0.00834897,0.0184017,0.9086273016705756,0.8643471341990889
829914.0,241,0.414268,0.639794,0.712901,199450,44,47,0.00847698,0.0198046,0.9079294835465772,0.8592711827662862
641445.0,76,0.0970986,0.475249,0.870932,155468,28,23,0.00735911,0.0199423,0.9142147448567063,0.8587827914169098
773509.0,220,0.414268,0.611603,0.711633,199450,44,45,0.00816403,0.0207407,0.9096449780034336,0.8559836814801878
216472.0,174,0.208317,0.336831,0.777742,102082,22,20,0.00721309,0.0208905,0.9150700877193435,0.8554645372235589
617659.0,76,0.0970986,0.471536,0.870932,146265,28,15,0.00716962,0.0216235,0.9153263913607079,0.8529506885429246
261720.0,174,0.208317,0.336831,0.612657,148207,18,20,0.00822802,0.0222262,0.9092915659930125,0.8509154602247436
261720.0,174,0.208317,0.333817,0.612657,148207,33,20,0.00820473,0.0227118,0.9094200353278938,0.8492956536791324
219129.0,164,0.332357,0.600597,0.641273,137664,30,10,0.00805482,0.0241173,0.9102513509850984,0.8447025434850912
316385.0,174,0.208317,0.336831,0.612657,148207,19,22,0.00779438,0.0244754,0.911714214054583,0.8435538431280589
343194.0,253,0.383457,0.130276,0.860913,185643,38,42,0.00722744,0.0257388,0.9149856482704244,0.8395668363460971
829914.0,241,0.414268,0.695042,0.635148,199450,44,47,0.00839204,0.0291033,0.9083919217535921,0.8294031067105851
829914.0,241,0.414268,0.639794,0.635148,199450,44,47,0.00826384,0.0295958,0.9090943346099926,0.8279657010942295
746133.0,329,0.418578,0.196949,0.740109,68144,30,35,0.00284507,0.0296925,0.9466608024057355,0.827684881684746
829914.0,241,0.414268,0.639794,0.635148,192957,42,36,0.00822131,0.0297077,0.9093285601746613,0.8276407820857845
369809.0,244,0.484329,0.52804,0.704434,125880,21,21,0.00609383,0.030167,0.9219370126116095,0.8263135008125272
226579.0,329,0.418578,0.196949,0.833694,66003,44,24,0.00265974,0.0303812,0.9484273328205725,0.8256979632935977
712524.0,82,0.94001,0.667242,0.875161,147159,10,31,0.00743769,0.0310884,0.9137579568887657,0.8236809709645609
741264.0,342,0.199445,0.339345,0.284655,106020,37,12,0.00621161,0.0318896,0.9211862321672158,0.8214234057890004
773448.0,248,0.215487,0.31212,0.421376,74937,22,11,0.00422888,0.033209,0.9349701606952624,0.8177666331321292
226500.0,253,0.392725,0.14861,0.646835,185643,41,42,0.00903204,0.0332594,0.9049629545913805,0.8176284013339796
818088.0,155,0.333538,0.241399,0.763731,118459,24,25,0.0036872,0.0333704,0.9392776812036958,0.8173243311220676
533252.0,166,0.284505,0.714853,0.459675,174814,34,41,0.00718652,0.0335456,0.9152266551326421,0.8168454204776741
226500.0,253,0.377386,0.130276,0.646835,185643,38,42,0.0090588,0.0336472,0.9048222715127116,0.8165682688300631
618510.0,71,0.258973,0.453786,0.781573,150002,44,14,0.00553532,0.0361338,0.92560026881769,0.8099110734419283
982510.0,169,0.275443,0.760555,0.393956,181103,35,17,0.00766999,0.0364119,0.9124215209083876,0.8091809757911963
793545.0,405,0.233265,0.299959,0.344003,35520,35,20,0.00423783,0.037392,0.9349013825031591,0.8066298885556509
671331.0,361,0.3869,0.572905,0.531768,198298,43,17,0.00838367,0.0387457,0.9084376168942726,0.8031607254636413
504658.0,47,0.270392,0.574569,0.703136,197283,13,44,0.00672699,0.0427978,0.9179817703190322,0.7931237084632461
794341.0,248,0.215487,0.204618,0.421376,74937,22,10,0.00317657,0.0452174,0.9436389318766935,0.7873561663250025
810604.0,130,0.333538,0.241399,0.643657,118459,10,36,0.00321961,0.0487477,0.9432583926910773,0.7792111868775956
586463.0,171,0.774509,0.658676,0.77012,35678,31,21,0.00599412,0.0547334,0.9225782976162369,0.7660482955821865
483377.0,467,0.608358,0.719479,0.633422,132948,12,26,0.00846715,0.0553218,0.9079828820273097,0.7647941327262434
519866.0,254,0.463067,0.337989,0.573021,65676,14,50,0.00252853,0.0604785,0.9497155093493034,0.7540762313236071
513056.0,26,0.535736,0.736576,0.85236,186088,36,18,0.00435611,0.0681469,0.9339991666719275,0.7389503878570205
361347.0,261,0.3499,0.754568,0.308621,73088,24,31,0.00543363,0.0714171,0.9262868397095878,0.7327602200270327
347194.0,342,0.337606,0.32928,0.316774,106020,27,15,0.00484307,0.0720142,0.9304078309003089,0.7316453838667947
360460.0,405,0.371426,0.299959,0.376123,35520,29,24,0.00144503,0.0780962,0.9619864497843204,0.7205430265675948
497285.0,26,0.744738,0.750676,0.85236,181900,36,18,0.00342638,0.0788498,0.9414647114981057,0.7191979344805313
497285.0,26,0.744738,0.748376,0.872767,156422,36,22,0.00252727,0.0802546,0.9497280396244586,0.716707571580178
383461.0,250,0.617493,0.431226,0.591777,128197,32,35,0.00516531,0.0808065,0.9281299088632831,0.7157351586987937
389168.0,51,0.402831,0.568785,0.566756,154506,22,22,0.00477669,0.0909318,0.9308863978655432,0.6984509990067949
364514.0,63,0.47112,0.568785,0.566756,145303,20,22,0.00431028,0.0937036,0.9343472772841827,0.6938895624125175
477311.0,223,0.315842,0.268072,0.259807,74589,38,41,0.00166023,0.0961517,0.9592540799588474,0.689916624115384
364514.0,51,0.47112,0.568785,0.566756,154506,20,22,0.00438787,0.104582,0.9337590006114038,0.6766085962799877
927559.0,77,0.498693,0.20353,0.746329,133585,29,38,0.00111607,0.105728,0.9665923661418532,0.6748415770735747
904482.0,195,0.56681,0.180001,0.555952,154933,29,49,0.00227482,0.105774,0.9523049268791839,0.6747708500149472
383461.0,189,0.617493,0.224685,0.591777,128197,19,35,0.0022542,0.110587,0.9525215838511856,0.6674537626133773
739507.0,414,0.405721,0.599714,0.191597,116349,20,34,0.00746964,0.116884,0.9135729209101684,0.6581169790703258
614902.0,51,0.47112,0.454855,0.566756,154506,20,22,0.00259152,0.118452,0.9490930260180396,0.6558314366476798
969984.0,229,0.56681,0.476116,0.436237,163195,29,39,0.0068814,0.11894,0.9170457957665797,0.6551232104069629
567605.0,442,0.468216,0.240022,0.353021,43997,39,39,0.00251413,0.119201,0.9498588990946549,0.6547450217592801
234142.0,52,0.643503,0.272812,0.655461,173153,22,15,0.00687825,0.125057,0.9170647843193255,0.646366008421136
234142.0,52,0.504021,0.272812,0.549363,163782,26,10,0.00647629,0.14465,0.9195246000320595,0.6196711948852678
497285.0,14,0.744738,0.750676,0.85236,181900,37,18,0.00230239,0.157494,0.9520167737641579,0.6031448627017661
483377.0,456,0.608358,0.716904,0.358264,132948,12,23,0.00793581,0.160559,0.9109168366075834,0.5993018592506324
458105.0,312,0.871805,0.294185,0.550492,198700,43,30,0.00704319,0.175122,0.9160762846389652,0.5815241942477438
525879.0,312,0.871805,0.294185,0.550492,192207,41,25,0.00718019,0.177349,0.9152639982061934,0.5788717535001956
796395.0,329,0.296004,0.304451,0.833694,68144,44,23,0.00539648,0.00847886,0.9265392621872064,0.9079192745467326
655456.0,438,0.0864095,0.53808,0.839096,21733,17,12,0.00628002,0.00139865,0.9207534227868484,0.9626014706171486
529773.0,434,0.514375,0.739091,0.976256,99612,13,30,0.00949322,0.00080322,0.9025668434258645,0.971658863819529
208465.0,253,0.46932,0.390958,0.99,190952,41,20,0.00973203,0.000202599,0.901348948307684,0.9857662724488628
655456.0,500,0.101255,0.552746,0.811727,21733,17,12,0.00674005,0.00150991,0.9179021924775088,0.9611424396030837
549713.0,158,0.577085,0.565811,0.99,84454,26,10,0.0066418,0.00425798,0.9185027607829566,0.9347468008447095
617659.0,166,0.188031,0.486971,0.955364,171743,28,14,0.00780948,0.00387823,0.911628737702803,0.9377245634298723
617659.0,201,0.18873,0.471536,0.870932,146265,34,15,0.00743657,0.00519983,0.913764450485893,0.9278901532382713
549713.0,258,0.577085,0.565811,0.99,84454,22,10,0.00856238,0.00218653,0.9074668707975354,0.9532396535513262
687676.0,396,0.418359,0.341182,0.860612,68144,37,18,0.00707442,0.00926192,0.9158904286064897,0.9037611305137057
617659.0,166,0.188031,0.486971,0.955364,171743,28,14,0.00780948,0.00387823,0.911628737702803,0.9377245634298723
529773.0,224,0.514375,0.639265,0.976256,101600,13,30,0.00858511,0.00231082,0.907344131324562,0.9519290108277352
982510.0,169,0.140631,0.8,0.604018,187262,35,24,0.00835269,0.00661839,0.9086069477476543,0.9186465120600229
696939.0,166,0.590729,0.767111,0.976256,100960,13,34,0.00882629,0.0025472,0.9060516631334008,0.94953020705412
228111.0,297,0.0656028,0.761538,0.338687,167172,27,35,0.00979496,0.00315047,0.9010305097517421,0.9438709522617745
549713.0,468,0.577085,0.784066,0.865519,86767,22,10,0.00890975,0.00843386,0.9056085279275717,0.9081639504333946
208465.0,158,0.46932,0.390958,0.887706,194080,41,20,0.00973193,0.0041745,0.9013494551459547,0.9353896293154109
228111.0,274,0.0656028,0.394755,0.338687,167172,27,30,0.00959898,0.00492691,0.9020256155926458,0.929808048894478
208465.0,132,0.438865,0.390958,0.887706,194080,35,20,0.00975198,0.00405288,0.9012478860985751,0.936337766297435
208465.0,158,0.46932,0.390958,0.887706,194080,42,20,0.00973201,0.00417834,0.9013490496751299,0.9353599195545055
208465.0,158,0.46932,0.395883,0.889692,200000,41,16,0.00985192,0.00318322,0.9007431614446642,0.9435799680964287
474704.0,329,0.418578,0.187252,0.958632,68144,29,35,0.00220643,0.0101474,0.9530273483822768,0.8992656960117359
385093.0,488,0.24212,0.471642,0.633605,154419,20,16,0.00821376,0.0111003,0.9093702035752038,0.8946420387440988
316385.0,250,0.208317,0.336831,0.810135,118636,25,22,0.00734301,0.0112471,0.9143086352075076,0.8939476544342371
380553.0,408,0.24212,0.471642,0.633605,154419,20,16,0.00803409,0.0118797,0.910366914590649,0.891005963465885
380553.0,408,0.24212,0.471642,0.633605,154419,20,16,0.00803409,0.0118797,0.910366914590649,0.891005963465885
400539.0,76,0.106943,0.725771,0.776961,164879,28,15,0.00844675,0.0120152,0.9080937978153814,0.8903861322642066
829914.0,241,0.414268,0.734001,0.781458,200000,18,43,0.00885572,0.0121108,0.9058951648426076,0.8899509200401929
810604.0,191,0.170356,0.44794,0.643657,118459,23,36,0.00667988,0.0123294,0.9182694671496631,0.8889621686090727
533252.0,166,0.284505,0.714853,0.715055,174814,35,41,0.00746337,0.0126249,0.9136092018789038,0.8876394197238195
337722.0,76,0.0970986,0.585465,0.870932,164879,28,15,0.0085618,0.0129124,0.9074700048632878,0.8863672582395373
380553.0,403,0.269486,0.471642,0.651205,154419,20,16,0.00791406,0.0129904,0.911038997307809,0.8860245640499673
420213.0,140,0.279237,0.52804,0.833019,117607,23,27,0.00602274,0.013587,0.922393685823897,0.8834367124691483
833418.0,235,0.338988,0.639794,0.715689,199450,47,47,0.00837774,0.0140215,0.9084700049164209,0.8815875851103441
337722.0,76,0.0970986,0.585465,0.816593,164112,29,16,0.00851369,0.0141144,0.9077303408481423,0.8811959596646646
369809.0,140,0.245417,0.52804,0.805651,117607,23,27,0.006555,0.0146574,0.9190370455084549,0.8789322503719508
369809.0,140,0.245417,0.52804,0.805651,113918,30,27,0.00640951,0.0150396,0.919940584563713,0.8773639530969789
730978.0,220,0.339677,0.611603,0.711633,147653,33,34,0.00749659,0.0157884,0.9134171495040733,0.8743480998949876
220746.0,206,0.484329,0.52804,0.805651,134696,25,30,0.0074287,0.0158381,0.9138100933983566,0.8741504866914456
208465.0,173,0.333509,0.390958,0.774167,139803,41,20,0.00821287,0.0158986,0.9093751137931749,0.8739103493541203
741264.0,342,0.199445,0.339345,0.552329,93897,37,28,0.00618629,0.0162596,0.9213470280281794,0.8724868634218419
593369.0,294,0.3499,0.453432,0.732897,73088,24,31,0.00575268,0.0167282,0.9241535762214197,0.87066245711318
492175.0,206,0.484329,0.545501,0.805651,134696,24,30,0.00658733,0.0168676,0.9188376318728932,0.8701246751688374
343194.0,346,0.363054,0.130276,0.860913,185643,38,42,0.00765922,0.0169638,0.9124830302169916,0.869754846539305
741264.0,342,0.199445,0.339345,0.494538,200000,35,28,0.00791555,0.0170068,0.9110306232459731,0.8695898776934858
462813.0,344,0.302342,0.471642,0.633605,169471,20,18,0.00770821,0.0175809,0.9122035877726202,0.8674070137601539
779070.0,329,0.418578,0.196949,0.833694,68144,44,24,0.00331329,0.0176067,0.9424388151616039,0.8673097592134222
369809.0,206,0.484329,0.52804,0.805651,117607,23,27,0.00558979,0.0176092,0.9252351018191023,0.8673003391112095
319885.0,174,0.105172,0.286052,0.612657,148207,18,20,0.00834897,0.0184017,0.9086273016705756,0.8643471341990889
617659.0,76,0.0970986,0.772672,0.446656,146265,28,15,0.00773954,0.018423,0.9120253445587878,0.8642686476896366
319885.0,174,0.105172,0.279482,0.612657,148207,15,20,0.00828913,0.0185432,0.9089553406288979,0.8638265811547643
822537.0,135,0.0970986,0.289329,0.782548,140278,28,15,0.00702907,0.0185643,0.9161604508599909,0.8637491284431545
617659.0,76,0.0970986,0.471536,0.962642,146265,28,15,0.00723113,0.0193854,0.914963948821691,0.8607685380382724
796395.0,212,0.475159,0.351632,0.815541,78357,19,23,0.00474412,0.0197596,0.9311224274527623,0.8594311556567388
829914.0,241,0.414268,0.639794,0.712901,199450,44,47,0.00847698,0.0198046,0.9079294835465772,0.8592711827662862
641445.0,76,0.0970986,0.475249,0.870932,155468,28,23,0.00735911,0.0199423,0.9142147448567063,0.8587827914169098
773509.0,220,0.414268,0.611603,0.711633,199450,44,45,0.00816403,0.0207407,0.9096449780034336,0.8559836814801878
728850.0,220,0.414268,0.611603,0.711633,200000,44,45,0.00810611,0.0207425,0.9099660619543941,0.8559774323239584
216472.0,174,0.208317,0.336831,0.777742,102082,22,20,0.00721309,0.0208905,0.9150700877193435,0.8554645372235589
617659.0,76,0.0970986,0.471536,0.870932,146265,28,15,0.00716962,0.0216235,0.9153263913607079,0.8529506885429246
261720.0,174,0.208317,0.336831,0.746694,110630,22,18,0.00706837,0.0222152,0.915926401290298,0.8509523566103778
261720.0,174,0.208317,0.336831,0.612657,148207,18,20,0.00822802,0.0222262,0.9092915659930125,0.8509154602247436
369809.0,244,0.408267,0.563884,0.704434,125880,21,21,0.00635121,0.0225568,0.9203055208938536,0.8498107860064512
261720.0,174,0.208317,0.333817,0.612657,148207,33,20,0.00820473,0.0227118,0.9094200353278938,0.8492956536791324
812373.0,225,0.401754,0.611603,0.679886,199450,44,45,0.00815061,0.0231587,0.9097192711593443,0.8478201721646393
216472.0,174,0.208317,0.294983,0.640066,131653,22,20,0.00812825,0.0236478,0.9098431921594381,0.8462215879910318
219129.0,164,0.332357,0.600597,0.641273,137664,30,10,0.00805482,0.0241173,0.9102513509850984,0.8447025434850912
316385.0,174,0.208317,0.336831,0.612657,148207,19,22,0.00779438,0.0244754,0.911714214054583,0.8435538431280589
343194.0,253,0.383457,0.130276,0.860913,185643,38,42,0.00722744,0.0257388,0.9149856482704244,0.8395668363460971
672770.0,239,0.183996,0.394755,0.338687,170030,25,30,0.00747945,0.0264224,0.9135161864855625,0.8374503152879096
829914.0,241,0.414268,0.695042,0.635148,199450,44,47,0.00839204,0.0291033,0.9083919217535921,0.8294031067105851
829914.0,241,0.414268,0.639794,0.635148,199450,44,47,0.00826384,0.0295958,0.9090943346099926,0.8279657010942295
746133.0,329,0.418578,0.196949,0.740109,68144,30,43,0.00284517,0.0296919,0.9466598650170437,0.8276866226899374
746133.0,329,0.418578,0.196949,0.740109,68144,30,35,0.00284507,0.0296925,0.9466608024057355,0.827684881684746
829914.0,241,0.414268,0.639794,0.635148,192957,42,36,0.00822131,0.0297077,0.9093285601746613,0.8276407820857845
369809.0,244,0.484329,0.52804,0.704434,125880,21,21,0.00609383,0.030167,0.9219370126116095,0.8263135008125272
226579.0,329,0.418578,0.196949,0.833694,66003,44,24,0.00265974,0.0303812,0.9484273328205725,0.8256979632935977
712524.0,82,0.94001,0.667242,0.875161,147159,10,31,0.00743769,0.0310884,0.9137579568887657,0.8236809709645609
741264.0,342,0.199445,0.339345,0.284655,106020,37,12,0.00621161,0.0318896,0.9211862321672158,0.8214234057890004
226500.0,253,0.365086,0.130276,0.646835,185643,38,29,0.00908467,0.0321539,0.9046864647597205,0.8206849141873445
655456.0,438,0.0864095,0.53808,0.839096,21733,17,12,0.00628002,0.00139865,0.9207534227868484,0.9626014706171486
208465.0,253,0.46932,0.390958,0.99,190952,41,20,0.00973203,0.000202599,0.901348948307684,0.9857662724488628
208465.0,253,0.46932,0.390958,0.99,190952,41,20,0.00973203,0.000202599,0.901348948307684,0.9857662724488628
655456.0,438,0.0864095,0.358976,0.839096,21733,23,11,0.00498574,0.00279516,0.9293902273052802,0.9471307272605344
715798.0,202,0.0864095,0.647898,0.839096,21733,21,12,0.00465564,0.00346069,0.9317677495607832,0.9411723704370132
224081.0,430,0.46932,0.414997,0.99,174274,42,17,0.00940031,0.000285404,0.9030448041619223,0.9831060957739189
529773.0,434,0.514375,0.739091,0.976256,99612,13,30,0.00949322,0.00080322,0.9025668434258645,0.971658863819529
655456.0,500,0.101255,0.552746,0.811727,21733,17,12,0.00674005,0.00150991,0.9179021924775088,0.9611424396030837
549713.0,158,0.577085,0.565811,0.99,84454,26,10,0.0066418,0.00425798,0.9185027607829566,0.9347468008447095
474704.0,265,0.402094,0.237521,0.958632,126647,23,29,0.00515846,0.00780631,0.9281775801020322,0.91164667521819
796395.0,329,0.296004,0.304451,0.833694,68144,44,23,0.00539648,0.00847886,0.9265392621872064,0.9079192745467326
617659.0,201,0.18873,0.471536,0.870932,146265,34,15,0.00743657,0.00519983,0.913764450485893,0.9278901532382713
549713.0,258,0.577085,0.565811,0.99,84454,22,10,0.00856238,0.00218653,0.9074668707975354,0.9532396535513262
617659.0,201,0.18873,0.471536,0.99,146265,34,15,0.00753845,0.00247821,0.9131757522347588,0.9502183768846374
617659.0,208,0.18873,0.382083,0.870932,133435,28,17,0.00700932,0.00710911,0.9162783182204275,0.9156844616929951
208465.0,109,0.46932,0.390958,0.946821,194080,42,25,0.00977428,0.0017793,0.9011350415971362,0.9578182503919053
529773.0,224,0.514375,0.639265,0.976256,101600,13,30,0.00858511,0.00231082,0.907344131324562,0.9519290108277352
326612.0,166,0.590729,0.767111,0.976256,100960,16,34,0.00767978,0.00329232,0.9123656460056903,0.9426212582919423
208465.0,158,0.46932,0.358528,0.99,111892,38,27,0.00670415,0.0087902,0.9181211260458475,0.906243933529611
617659.0,166,0.188031,0.486971,0.955364,171743,28,14,0.00780948,0.00387823,0.911628737702803,0.9377245634298723
687676.0,396,0.418359,0.341182,0.860612,68144,37,18,0.00707442,0.00926192,0.9158904286064897,0.9037611305137057
617659.0,166,0.188031,0.486971,0.955364,171743,28,14,0.00780948,0.00387823,0.911628737702803,0.9377245634298723
696939.0,166,0.590729,0.767111,0.976256,100960,13,34,0.00882629,0.0025472,0.9060516631334008,0.94953020705412
529773.0,437,0.184421,0.8,0.775796,90265,10,32,0.00863556,0.00292058,0.9070722861574654,0.945957609231271
228111.0,297,0.0656028,0.761538,0.338687,167172,27,35,0.00979496,0.00315047,0.9010305097517421,0.9438709522617745
617659.0,166,0.0967589,0.486971,0.874288,167611,23,14,0.00850208,0.00496545,0.9077932757332742,0.9295340507762792
208465.0,158,0.452192,0.395883,0.888631,199839,39,16,0.00985349,0.00310779,0.900735252984758,0.944252443999759
411725.0,201,0.0891142,0.471536,0.870932,120205,34,15,0.00824779,0.00568137,0.9091826558415189,0.9246251368160445
316385.0,243,0.208317,0.426284,0.810135,131466,25,22,0.00784777,0.00797197,0.9114123597785786,0.910714110857314
258609.0,158,0.113984,0.395883,0.889692,187518,41,18,0.00932392,0.00329223,0.9034395526108128,0.9426220425598819
982510.0,169,0.140631,0.8,0.604018,187262,35,24,0.00835269,0.00661839,0.9086069477476543,0.9186465120600229
208465.0,158,0.46932,0.395883,0.889692,200000,41,16,0.00985192,0.00318322,0.9007431614446642,0.9435799680964287
208465.0,174,0.368968,0.390958,0.895376,141715,41,20,0.0083173,0.00800071,0.9088007675470895,0.9105533119674071
300096.0,422,0.103278,0.471642,0.651205,157700,17,16,0.00933471,0.00335045,0.9033836970278825,0.9421169282086723
252659.0,201,0.18873,0.363415,0.870932,155978,34,18,0.00884389,0.00608625,0.9059580412794374,0.921985578256325
549713.0,468,0.577085,0.784066,0.865519,86767,22,10,0.00890975,0.00843386,0.9056085279275717,0.9081639504333946
208465.0,158,0.46932,0.390958,0.887706,194080,41,20,0.00973193,0.0041745,0.9013494551459547,0.9353896293154109
208465.0,132,0.438865,0.390958,0.887706,194080,35,20,0.00975198,0.00405288,0.9012478860985751,0.936337766297435
215718.0,213,0.46932,0.390958,0.887706,194080,41,17,0.00957532,0.00423108,0.9021464359361397,0.9349532475829885
228111.0,274,0.0656028,0.394755,0.338687,167172,27,30,0.00959898,0.00492691,0.9020256155926458,0.929808048894478
208465.0,158,0.46932,0.390958,0.887706,194080,42,20,0.00973201,0.00417834,0.9013490496751299,0.9353599195545055
474704.0,329,0.418578,0.187252,0.958632,68144,29,35,0.00220643,0.0101474,0.9530273483822768,0.8992656960117359
354758.0,250,0.208317,0.336831,0.810135,118636,19,22,0.0071253,0.0110107,0.9155885078914014,0.8950681173331956
385093.0,488,0.24212,0.471642,0.633605,154419,20,16,0.00821376,0.0111003,0.9093702035752038,0.8946420387440988
316385.0,250,0.208317,0.336831,0.810135,118636,25,22,0.00734301,0.0112471,0.9143086352075076,0.8939476544342371
213564.0,278,0.304675,0.390958,0.774167,128945,29,20,0.00817409,0.0112864,0.9095893258514239,0.8937625301506102
796395.0,196,0.298018,0.409309,0.815541,78483,20,23,0.00474556,0.0113802,0.9311119749158099,0.8933219797709012
400539.0,156,0.275259,0.629511,0.776961,146693,40,15,0.00717012,0.0115197,0.9153234388983587,0.8926701346315947
463803.0,158,0.342801,0.390958,0.861328,194080,41,32,0.00743272,0.0117473,0.9137867759563534,0.891615037943449
380553.0,408,0.24212,0.471642,0.633605,154419,20,16,0.00803409,0.0118797,0.910366914590649,0.891005963465885
380553.0,408,0.24212,0.471642,0.633605,154419,20,16,0.00803409,0.0118797,0.910366914590649,0.891005963465885
400539.0,76,0.106943,0.725771,0.776961,164879,28,15,0.00844675,0.0120152,0.9080937978153814,0.8903861322642066
740136.0,206,0.484329,0.52804,0.861513,81809,20,22,0.00702241,0.0120329,0.9162001789978045,0.890305424017411
829914.0,241,0.443657,0.695042,0.799816,199450,37,17,0.00884372,0.0120856,0.9059589451356483,0.8900654740311307
829914.0,241,0.414268,0.734001,0.781458,200000,18,43,0.00885572,0.0121108,0.9058951648426076,0.8899509200401929
810604.0,191,0.170356,0.44794,0.643657,118459,23,36,0.00667988,0.0123294,0.9182694671496631,0.8889621686090727
533252.0,166,0.284505,0.714853,0.715055,174814,35,41,0.00746337,0.0126249,0.9136092018789038,0.8876394197238195
337722.0,76,0.0970986,0.585465,0.870932,164879,28,15,0.0085618,0.0129124,0.9074700048632878,0.8863672582395373
380553.0,403,0.269486,0.471642,0.651205,154419,20,16,0.00791406,0.0129904,0.911038997307809,0.8860245640499673
254951.0,241,0.414268,0.695042,0.751314,185788,44,47,0.00883452,0.0133489,0.9060078726701007,0.8844625601806929
788208.0,127,0.590729,0.767111,0.86948,129826,13,34,0.00799629,0.0135432,0.9105780228355468,0.8836247448982388
420213.0,140,0.279237,0.52804,0.833019,117607,23,27,0.00602274,0.013587,0.922393685823897,0.8834367124691483
833418.0,235,0.338988,0.639794,0.715689,199450,47,47,0.00837774,0.0140215,0.9084700049164209,0.8815875851103441
337722.0,76,0.0970986,0.585465,0.816593,164112,29,16,0.00851369,0.0141144,0.9077303408481423,0.8811959596646646
417061.0,140,0.245417,0.52804,0.805651,117607,25,27,0.00627913,0.0143135,0.9207590383702974,0.8803609595491505
380553.0,403,0.269486,0.471642,0.627889,154419,17,16,0.00789577,0.0143875,0.9111418546221001,0.8800520946410484
369809.0,140,0.245417,0.52804,0.805651,117607,23,27,0.006555,0.0146574,0.9190370455084549,0.8789322503719508
369809.0,140,0.245417,0.52804,0.805651,113918,30,27,0.00640951,0.0150396,0.919940584563713,0.8773639530969789
578985.0,173,0.372739,0.452235,0.805692,142216,38,17,0.00575186,0.0150883,0.9241589820743419,0.8771655585757805
796395.0,212,0.539831,0.351632,0.870815,87925,21,23,0.00578081,0.0155488,0.9239683618485042,0.8753051725210704
593369.0,294,0.3499,0.453432,0.732897,114756,26,31,0.00664665,0.0156044,0.9184730106038497,0.875082427176958
730978.0,220,0.339677,0.611603,0.711633,147653,33,34,0.00749659,0.0157884,0.9134171495040733,0.8743480998949876
265484.0,303,0.409395,0.130276,0.860913,185643,38,41,0.00831869,0.0157987,0.9087931471872864,0.8743071203289542
220746.0,206,0.484329,0.52804,0.805651,134696,25,30,0.0074287,0.0158381,0.9138100933983566,0.8741504866914456
208465.0,173,0.333509,0.390958,0.774167,139803,41,20,0.00821287,0.0158986,0.9093751137931749,0.8739103493541203
460199.0,282,0.418359,0.263009,0.860612,68144,37,18,0.0025486,0.0160866,0.9495163392769502,0.8731670389843398
741264.0,342,0.199445,0.339345,0.552329,93897,37,28,0.00618629,0.0162596,0.9213470280281794,0.8724868634218419
200000.0,200,0.208317,0.336831,0.746694,110630,22,18,0.00796377,0.0163708,0.9107600425818121,0.872051572889699
666708.0,329,0.296004,0.304451,0.723042,68144,44,23,0.00458586,0.0165085,0.9322810218624055,0.8715145922682268
593369.0,294,0.3499,0.453432,0.732897,73088,24,31,0.00575268,0.0167282,0.9241535762214197,0.87066245711318
655456.0,438,0.0864095,0.53808,0.839096,21733,17,12,0.00628002,0.00139865,0.9207534227868484,0.9626014706171486
208465.0,253,0.46932,0.390958,0.99,190952,41,20,0.00973203,0.000202599,0.901348948307684,0.9857662724488628
208465.0,253,0.46932,0.390958,0.99,190952,41,20,0.00973203,0.000202599,0.901348948307684,0.9857662724488628
655456.0,438,0.0864095,0.358976,0.839096,21733,23,11,0.00498574,0.00279516,0.9293902273052802,0.9471307272605344
715798.0,202,0.0864095,0.647898,0.839096,21733,21,12,0.00465564,0.00346069,0.9317677495607832,0.9411723704370132
224081.0,430,0.46932,0.414997,0.99,174274,42,17,0.00940031,0.000285404,0.9030448041619223,0.9831060957739189
224081.0,430,0.348436,0.414997,0.939984,174274,42,17,0.00938922,0.00109322,0.9031020124047976,0.9669361224294548
655456.0,438,0.0917584,0.420598,0.839096,21733,19,11,0.00546399,0.00214532,0.9260811931914482,0.9536824007530614
208465.0,253,0.506056,0.390958,0.99,192978,41,20,0.00975246,0.00018068,0.9012454558007582,0.9865582739203628
655456.0,500,0.101255,0.552746,0.811727,21733,17,12,0.00674005,0.00150991,0.9179021924775088,0.9611424396030837
208465.0,243,0.46932,0.390958,0.99,190952,41,20,0.00973414,0.000214421,0.9013382546272366,0.9853568787480265
655456.0,407,0.0526009,0.358976,0.839096,19748,29,11,0.00517816,0.00297778,0.9280405669838901,0.94543096115928
549713.0,500,0.451126,0.662743,0.99,84454,26,10,0.00942331,0.000499996,0.9029262651382981,0.9776394096679001
655456.0,438,0.21714,0.358976,0.839096,21733,23,10,0.00481376,0.00497499,0.9306187345171624,0.9294663909898266
529773.0,434,0.514375,0.739091,0.976256,99612,13,30,0.00949322,0.00080322,0.9025668434258645,0.971658863819529
474704.0,265,0.402094,0.237521,0.958632,126647,23,29,0.00515846,0.00780631,0.9281775801020322,0.91164667521819
529773.0,224,0.46773,0.639265,0.980864,101600,13,30,0.00845051,0.0019525,0.9080733444533089,0.9558128978094286
303481.0,408,0.110175,0.471642,0.875922,135053,20,17,0.0090776,0.00167807,0.9047235601000961,0.9590357472910832
549713.0,158,0.577085,0.565811,0.99,64315,19,10,0.00605329,0.0045694,0.9221971080229019,0.932402662774337
813088.0,158,0.46932,0.334144,0.99,200000,41,16,0.00659029,0.00413075,0.9188193988689416,0.9357290890059896
613226.0,258,0.577085,0.565811,0.99,129618,22,13,0.00910429,0.0016117,0.9045835967980348,0.9598540163901792
655456.0,500,0.101255,0.552746,0.717806,28146,17,17,0.00692504,0.00238707,0.9167831747781736,0.9511423496266961
549713.0,158,0.577085,0.565811,0.99,84454,26,10,0.0066418,0.00425798,0.9185027607829566,0.9347468008447095
796395.0,329,0.296004,0.304451,0.833694,68144,44,23,0.00539648,0.00847886,0.9265392621872064,0.9079192745467326
549713.0,258,0.577085,0.565811,0.99,84454,22,10,0.00856238,0.00218653,0.9074668707975354,0.9532396535513262
617659.0,201,0.18873,0.471536,0.99,146265,34,15,0.00753845,0.00247821,0.9131757522347588,0.9502183768846374
208465.0,109,0.46932,0.390958,0.946821,194080,42,25,0.00977428,0.0017793,0.9011350415971362,0.9578182503919053
351711.0,278,0.468191,0.390958,0.899342,122834,37,20,0.00608196,0.00735381,0.9220130780194525,0.9142456415101833
326612.0,200,0.590729,0.767111,0.984706,105938,16,34,0.00852211,0.00222169,0.9076847249909312,0.9528651933280723
208465.0,158,0.46932,0.395883,0.939849,200000,41,16,0.00987032,0.00105199,0.900650515854384,0.9675656046765166
581993.0,200,0.469069,0.565811,0.99,87102,23,12,0.00750591,0.00264141,0.9133633449399159,0.9486053504730307
617659.0,208,0.18873,0.382083,0.870932,133435,28,17,0.00700932,0.00710911,0.9162783182204275,0.9156844616929951
529773.0,224,0.514375,0.639265,0.976256,101600,13,30,0.00858511,0.00231082,0.907344131324562,0.9519290108277352
326612.0,166,0.590729,0.767111,0.976256,100960,16,34,0.00767978,0.00329232,0.9123656460056903,0.9426212582919423
200000.0,396,0.418359,0.371399,0.862612,92322,37,18,0.00629216,0.00822739,0.9206768634003925,0.9092950387244446
617659.0,174,0.18873,0.490079,0.943839,128457,28,17,0.00704408,0.00448704,0.9160709823720068,0.9330146284626263
200000.0,224,0.704297,0.574576,0.976256,101600,13,30,0.00789284,0.00275458,0.9111583431041497,0.9475159071717916
617659.0,201,0.18873,0.471536,0.870932,146265,34,15,0.00743657,0.00519983,0.913764450485893,0.9278901532382713
208465.0,158,0.46932,0.358528,0.99,111892,38,27,0.00670415,0.0087902,0.9181211260458475,0.906243933529611
617659.0,166,0.188031,0.486971,0.955364,171743,28,14,0.00780948,0.00387823,0.911628737702803,0.9377245634298723
617659.0,166,0.188031,0.486971,0.955364,171743,28,14,0.00780948,0.00387823,0.911628737702803,0.9377245634298723
696939.0,166,0.590729,0.767111,0.976256,100960,13,34,0.00882629,0.0025472,0.9060516631334008,0.94953020705412
529773.0,437,0.184421,0.8,0.775796,90265,10,32,0.00863556,0.00292058,0.9070722861574654,0.945957609231271
529773.0,481,0.184421,0.588822,0.775796,92058,14,32,0.00813633,0.00334843,0.9097983924755219,0.9421343798097696
369809.0,154,0.245417,0.52804,0.897161,113918,30,27,0.00657786,0.00888387,0.9188959927007303,0.9057457162777203
200000.0,174,0.114196,0.563463,0.86248,141715,12,16,0.00936383,0.00236026,0.9032331151684627,0.9514174928600839
687676.0,396,0.418359,0.341182,0.860612,68144,37,18,0.00707442,0.00926192,0.9158904286064897,0.9037611305137057
258609.0,158,0.113984,0.395883,0.889692,187518,41,18,0.00932392,0.00329223,0.9034395526108128,0.9426220425598819
740136.0,218,0.484329,0.598673,0.926277,81809,27,22,0.00803944,0.00550833,0.9103370756666949,0.9257818755289519
948334.0,169,0.140631,0.8,0.748631,187262,35,22,0.00841848,0.00377014,0.9082477248238497,0.9385985342194504
696939.0,166,0.590729,0.538771,0.950099,100960,13,34,0.00769465,0.00605936,0.9122808458773114,0.9221581089643885
549713.0,258,0.577085,0.565811,0.963314,78041,22,10,0.00829294,0.00389522,0.9089344192353664,0.9375883023784803
228111.0,421,0.0656028,0.761538,0.338687,160197,29,13,0.00977166,0.00284784,0.9011482928827226,0.9466348428279275
617659.0,166,0.0967589,0.486971,0.874288,167611,23,14,0.00850208,0.00496545,0.9077932757332742,0.9295340507762792
208465.0,158,0.452192,0.395883,0.888631,199839,39,16,0.00985349,0.00310779,0.900735252984758,0.944252443999759
411725.0,201,0.0891142,0.471536,0.870932,120205,34,15,0.00824779,0.00568137,0.9091826558415189,0.9246251368160445
316385.0,243,0.208317,0.426284,0.810135,131466,25,22,0.00784777,0.00797197,0.9114123597785786,0.910714110857314
300096.0,422,0.103278,0.471642,0.651205,157700,17,16,0.00933471,0.00335045,0.9033836970278825,0.9421169282086723
369809.0,124,0.245417,0.740859,0.805651,147835,24,26,0.00758843,0.00968809,0.9128884049049726,0.9015719044174886
200000.0,172,0.18873,0.471536,0.870932,146265,34,15,0.00916567,0.0039781,0.9042624942877662,0.9369278191276058
518051.0,212,0.514375,0.639265,0.911492,101600,13,30,0.00790463,0.00664698,0.9110920138570218,0.9184709867593137
617659.0,125,0.0948177,0.715312,0.874288,167611,23,14,0.0086093,0.00418007,0.9072136863540748,0.9353465391490912
343538.0,405,0.24212,0.45457,0.774003,154419,20,16,0.00824093,0.00580222,0.9092204318142018,0.9238276953217247
228165.0,297,0.0656028,0.761538,0.338687,167172,14,35,0.00979473,0.00312331,0.9010316717328215,0.9441134184262447
228111.0,297,0.0656028,0.761538,0.338687,167172,27,35,0.00979496,0.00315047,0.9010305097517421,0.9438709522617745
982510.0,169,0.140631,0.8,0.604018,187262,35,24,0.00835269,0.00661839,0.9086069477476543,0.9186465120600229
252659.0,201,0.18873,0.363415,0.870932,155978,34,18,0.00884389,0.00608625,0.9059580412794374,0.921985578256325
208465.0,158,0.46932,0.390958,0.887706,194080,41,20,0.00973193,0.0041745,0.9013494551459547,0.9353896293154109
215718.0,213,0.46932,0.390958,0.887706,194080,41,17,0.00957532,0.00423108,0.9021464359361397,0.9349532475829885
315897.0,109,0.466531,0.474201,0.946821,200000,42,23,0.00826654,0.00703809,0.9090794852632257,0.9161066748781526
228111.0,297,0.0656028,0.761538,0.338687,158001,27,35,0.00974304,0.00338626,0.9012931613311418,0.9418084198530406
252659.0,201,0.18873,0.458147,0.870932,155978,35,22,0.00900224,0.00447496,0.9051198650928447,0.9331048581734069
982510.0,169,0.140631,0.8,0.604018,187262,20,24,0.00835292,0.00657784,0.9086056894549775,0.9188961159992939
380553.0,403,0.269486,0.473161,0.760341,154419,24,16,0.00801625,0.00719362,0.9104664867214516,0.9151847891000676
1000000.0,164,0.162254,0.8,0.604018,187262,35,24,0.00821495,0.00808615,0.9093636386432024,0.9100769773639698
208465.0,158,0.46932,0.395883,0.889692,200000,41,16,0.00985192,0.00318322,0.9007431614446642,0.9435799680964287
380553.0,403,0.173139,0.640932,0.651205,200000,18,16,0.00910556,0.00529863,0.9045769419898942,0.9272083109139512
200000.0,355,0.227181,0.336831,0.810135,118636,25,17,0.00853092,0.0066672,0.907637020403194,0.9183470759862208
228111.0,274,0.0656028,0.394755,0.338687,167172,27,30,0.00959898,0.00492691,0.9020256155926458,0.929808048894478
208465.0,252,0.577336,0.395883,0.889692,159091,40,16,0.00847026,0.00749853,0.9079659845491896,0.9134059470864194
655456.0,438,0.0864095,0.53808,0.839096,21733,17,12,0.00628002,0.00139865,0.9207534227868484,0.9626014706171486
208465.0,253,0.46932,0.390958,0.99,190952,41,20,0.00973203,0.000202599,0.901348948307684,0.9857662724488628
208465.0,253,0.46932,0.390958,0.99,190952,41,20,0.00973203,0.000202599,0.901348948307684,0.9857662724488628
655456.0,438,0.0864095,0.358976,0.839096,21733,23,11,0.00498574,0.00279516,0.9293902273052802,0.9471307272605344
715798.0,202,0.0864095,0.647898,0.839096,21733,21,12,0.00465564,0.00346069,0.9317677495607832,0.9411723704370132
224081.0,430,0.46932,0.414997,0.99,174274,42,17,0.00940031,0.000285404,0.9030448041619223,0.9831060957739189
655456.0,438,0.0917584,0.420598,0.839096,21733,19,11,0.00546399,0.00214532,0.9260811931914482,0.9536824007530614
208465.0,253,0.506056,0.390958,0.99,192978,41,20,0.00975246,0.00018068,0.9012454558007582,0.9865582739203628
458131.0,202,0.100688,0.764053,0.839096,19986,23,12,0.00382709,0.0041259,0.9381365212746648,0.9357668309983074
714732.0,438,0.0890887,0.420598,0.839096,21733,17,13,0.00570521,0.00189193,0.9244671594602718,0.9565036783164369
208465.0,353,0.506056,0.390958,0.99,156845,41,20,0.00898259,0.00054373,0.9052234733702484,0.9766819812162354
208465.0,253,0.386199,0.493507,0.99,192978,15,36,0.00980458,0.000105656,0.9009819208427067,0.9897210895519029
200000.0,253,0.506056,0.390958,0.99,155508,21,20,0.00896381,0.000882136,0.9053226003736901,0.9702992255993215
655456.0,438,0.0864095,0.477141,0.839096,21733,17,12,0.00590885,0.00166122,0.92313095551524,0.9592419333137598
208465.0,253,0.46932,0.390958,0.99,200000,41,17,0.00988256,8.65082e-05,0.900588934217563,0.9906990215568469
224081.0,430,0.348436,0.414997,0.939984,174274,42,17,0.00938922,0.00109322,0.9031020124047976,0.9669361224294548
655456.0,500,0.101255,0.552746,0.811727,21733,17,12,0.00674005,0.00150991,0.9179021924775088,0.9611424396030837
208465.0,243,0.46932,0.390958,0.99,190952,41,20,0.00973414,0.000214421,0.9013382546272366,0.9853568787480265
655456.0,407,0.0526009,0.358976,0.839096,19748,29,11,0.00517816,0.00297778,0.9280405669838901,0.94543096115928
549713.0,500,0.451126,0.662743,0.99,84454,26,10,0.00942331,0.000499996,0.9029262651382981,0.9776394096679001
655456.0,438,0.21714,0.358976,0.839096,21733,23,10,0.00481376,0.00497499,0.9306187345171624,0.9294663909898266
655456.0,407,0.0526009,0.358976,0.839096,19748,29,28,0.00519256,0.00294885,0.9279405800744969,0.9456966851840516
629845.0,442,0.0624325,0.423359,0.839096,21733,23,11,0.00574551,0.00198847,0.9242008575246395,0.9554077360969416
208465.0,223,0.506056,0.40575,0.99,192978,41,20,0.00975841,0.000204054,0.9012153351982202,0.9857152528898828
529773.0,434,0.514375,0.739091,0.976256,99612,13,30,0.00949322,0.00080322,0.9025668434258645,0.971658863819529
474704.0,265,0.402094,0.237521,0.958632,126647,23,29,0.00515846,0.00780631,0.9281775801020322,0.91164667521819
529773.0,224,0.46773,0.639265,0.980864,101600,13,30,0.00845051,0.0019525,0.9080733444533089,0.9558128978094286
655456.0,500,0.101255,0.552746,0.717806,28146,17,17,0.00692504,0.00238707,0.9167831747781736,0.9511423496266961
529773.0,227,0.46773,0.639265,0.980864,113574,10,13,0.00873575,0.00155829,0.9065347658217239,0.9605248179231558
529773.0,416,0.514375,0.739091,0.976256,99612,13,30,0.00946908,0.00084869,0.9026908020791456,0.9708677155032428
696939.0,166,0.397854,0.767111,0.976256,80205,17,17,0.00790097,0.00232303,0.9111125993180136,0.9518021784724662
708550.0,227,0.0864095,0.647898,0.860072,99423,20,12,0.00799679,0.00222434,0.9105752271459413,0.9528370908446054
655456.0,500,0.101255,0.552746,0.684794,10000,17,12,0.00592726,0.00281678,0.9230112995303856,0.9469266545241399
200000.0,430,0.348436,0.414997,0.939984,136761,42,29,0.00884622,0.00152292,0.9059456540079088,0.9609753923786543
655456.0,438,0.0736799,0.381024,0.753542,21733,23,11,0.00528791,0.0031419,0.9272819829753314,0.9439473461823618
303481.0,408,0.110175,0.471642,0.875922,135053,20,17,0.0090776,0.00167807,0.9047235601000961,0.9590357472910832
549713.0,158,0.577085,0.565811,0.99,64315,19,10,0.00605329,0.0045694,0.9221971080229019,0.932402662774337
813088.0,158,0.46932,0.334144,0.99,200000,41,16,0.00659029,0.00413075,0.9188193988689416,0.9357290890059896
613226.0,258,0.577085,0.565811,0.99,129618,22,13,0.00910429,0.0016117,0.9045835967980348,0.9598540163901792
796395.0,329,0.296004,0.304451,0.833694,68144,44,23,0.00539648,0.00847886,0.9265392621872064,0.9079192745467326
549713.0,258,0.577085,0.565811,0.99,84454,22,10,0.00856238,0.00218653,0.9074668707975354,0.9532396535513262
617659.0,201,0.18873,0.471536,0.99,146265,34,15,0.00753845,0.00247821,0.9131757522347588,0.9502183768846374
326612.0,200,0.590729,0.767111,0.984706,105938,16,34,0.00852211,0.00222169,0.9076847249909312,0.9528651933280723
493231.0,224,0.514375,0.639265,0.976256,101600,10,30,0.00860991,0.00203005,0.9072103992895756,0.9549439238281894
433067.0,166,0.497024,0.767111,0.99,77326,16,34,0.00731948,0.00255616,0.9144460404189263,0.9494415190101602
460356.0,158,0.67935,0.565811,0.99,64315,19,10,0.00600141,0.0054671,0.922531232099639,0.9260601595890281
549713.0,158,0.577085,0.565811,0.99,64315,19,10,0.00605329,0.0045694,0.9221971080229019,0.932402662774337
220860.0,158,0.113984,0.359707,0.99,187518,39,22,0.00971907,0.000961024,0.9014146562616937,0.9689996129056426
549713.0,158,0.577085,0.565811,0.99,84454,26,10,0.0066418,0.00425798,0.9185027607829566,0.9347468008447095
208465.0,109,0.46932,0.390958,0.946821,194080,42,25,0.00977428,0.0017793,0.9011350415971362,0.9578182503919053
351711.0,278,0.468191,0.390958,0.899342,122834,37,20,0.00608196,0.00735381,0.9220130780194525,0.9142456415101833
208465.0,158,0.46932,0.395883,0.939849,200000,41,16,0.00987032,0.00105199,0.900650515854384,0.9675656046765166
581993.0,200,0.469069,0.565811,0.99,87102,23,12,0.00750591,0.00264141,0.9133633449399159,0.9486053504730307
529773.0,224,0.514375,0.639265,0.976256,101600,13,30,0.00858511,0.00231082,0.907344131324562,0.9519290108277352
715798.0,171,0.0864095,0.647898,0.839096,72520,21,12,0.00705288,0.00417871,0.9160185734819895,0.9353570576164729
200000.0,172,0.18873,0.62014,0.870932,165973,34,15,0.00957646,0.0018394,0.9021406110789567,0.9571117731772459
813088.0,158,0.46932,0.297685,0.977467,200000,41,34,0.00614042,0.0060419,0.9216391679472455,0.9222703402812028
351711.0,278,0.489797,0.390958,0.88686,122834,37,23,0.00607363,0.00877876,0.9220665027090404,0.9063049627781706
475538.0,200,0.562773,0.565811,0.979936,87102,23,12,0.00734102,0.00382957,0.9143202474326635,0.9381164803845159
326612.0,166,0.590729,0.767111,0.976256,100960,16,34,0.00767978,0.00329232,0.9123656460056903,0.9426212582919423
617659.0,174,0.18873,0.490079,0.943839,128457,28,17,0.00704408,0.00448704,0.9160709823720068,0.9330146284626263
200000.0,224,0.704297,0.574576,0.976256,101600,13,30,0.00789284,0.00275458,0.9111583431041497,0.9475159071717916
200000.0,174,0.114196,0.563463,0.86248,141715,12,16,0.00936383,0.00236026,0.9032331151684627,0.9514174928600839
1000000.0,169,0.132116,0.707581,0.604018,50080,19,15,0.0060943,0.00803627,0.921934002280122,0.9103547547273142
326612.0,166,0.701087,0.664562,0.976256,80865,38,18,0.00682226,0.0055155,0.9174030266898356,0.9257335876724881
703475.0,241,0.577085,0.565811,0.982701,83023,23,10,0.00861766,0.00238789,0.9071686475375911,0.9511339586215539
549713.0,175,0.577085,0.565811,0.970613,79472,24,10,0.00691876,0.00527288,0.9168209160906421,0.9273854009168955
617659.0,208,0.18873,0.382083,0.870932,133435,28,17,0.00700932,0.00710911,0.9162783182204275,0.9156844616929951
200000.0,396,0.418359,0.371399,0.862612,92322,37,18,0.00629216,0.00822739,0.9206768634003925,0.9092950387244446
617659.0,201,0.18873,0.471536,0.870932,146265,34,15,0.00743657,0.00519983,0.913764450485893,0.9278901532382713
696939.0,166,0.590729,0.767111,0.976256,100960,13,34,0.00882629,0.0025472,0.9060516631334008,0.94953020705412
529773.0,437,0.184421,0.8,0.775796,90265,10,32,0.00863556,0.00292058,0.9070722861574654,0.945957609231271
529773.0,481,0.184421,0.588822,0.775796,92058,14,32,0.00813633,0.00334843,0.9097983924755219,0.9421343798097696
662325.0,206,0.537661,0.538771,0.950099,50173,13,34,0.00718201,0.00529484,0.9152532596497069,0.9272343487626201
518051.0,139,0.514375,0.689867,0.911492,101600,13,30,0.00636402,0.00813728,0.9202251919463293,0.9097931266476883
529773.0,437,0.184421,0.8,0.782838,90265,18,32,0.00858757,0.00302401,0.907330857347227,0.9450090007364842
593625.0,253,0.0810271,0.390958,0.938499,191571,41,20,0.00906033,0.00254295,0.9048142342574269,0.9495723290246317
677932.0,166,0.188031,0.486971,0.947251,171743,30,14,0.00774904,0.00386939,0.9119713682941737,0.9377955789352558
228111.0,421,0.0656028,0.761538,0.338687,160197,29,13,0.00977166,0.00284784,0.9011482928827226,0.9466348428279275
369809.0,154,0.245417,0.52804,0.897161,113918,30,27,0.00657786,0.00888387,0.9188959927007303,0.9057457162777203
655456.0,438,0.0864095,0.53808,0.839096,21733,17,12,0.00628002,0.00139865,0.9207534227868484,0.9626014706171486
208465.0,253,0.46932,0.390958,0.99,190952,41,20,0.00973203,0.000202599,0.901348948307684,0.9857662724488628
208465.0,253,0.46932,0.390958,0.99,190952,41,20,0.00973203,0.000202599,0.901348948307684,0.9857662724488628
715798.0,202,0.0864095,0.647898,0.839096,21733,21,12,0.00465564,0.00346069,0.9317677495607832,0.9411723704370132
224081.0,430,0.46932,0.414997,0.99,174274,42,17,0.00940031,0.000285404,0.9030448041619223,0.9831060957739189
655456.0,438,0.0917584,0.420598,0.839096,21733,19,11,0.00546399,0.00214532,0.9260811931914482,0.9536824007530614
208465.0,253,0.506056,0.390958,0.99,192978,41,20,0.00975246,0.00018068,0.9012454558007582,0.9865582739203628
458131.0,202,0.100688,0.764053,0.839096,19986,23,12,0.00382709,0.0041259,0.9381365212746648,0.9357668309983074
714732.0,438,0.0890887,0.420598,0.839096,21733,17,13,0.00570521,0.00189193,0.9244671594602718,0.9565036783164369
208465.0,353,0.506056,0.390958,0.99,156845,41,20,0.00898259,0.00054373,0.9052234733702484,0.9766819812162354
208465.0,253,0.386199,0.493507,0.99,192978,15,36,0.00980458,0.000105656,0.9009819208427067,0.9897210895519029
208465.0,253,0.46932,0.390958,0.99,200000,41,17,0.00988256,8.65082e-05,0.900588934217563,0.9906990215568469
224081.0,369,0.348436,0.414997,0.983227,199959,48,16,0.00978738,0.000175589,0.9010688117932469,0.986749000037733
641683.0,290,0.0736799,0.381024,0.99,21733,30,13,0.00413142,0.00362296,0.9357238769059614,0.9398089707680621
629845.0,383,0.0624325,0.423359,0.839096,21733,23,11,0.00536228,0.00256289,0.9267724095712552,0.9493750061728399
224081.0,361,0.46932,0.387891,0.99,175119,42,34,0.0091908,0.000407169,0.9041313398445561,0.9798215709233845
647288.0,228,0.0810919,0.647898,0.877551,21733,21,14,0.0048975,0.00267868,0.9300178594211351,0.9482440341603019
529773.0,227,0.131903,0.641718,0.980864,113574,10,13,0.00790957,0.000989497,0.9110642366648827,0.9685437287651572
535271.0,438,0.0864095,0.53808,0.839096,21733,17,13,0.00582863,0.00163087,0.9236545351707124,0.9596159685023895
208465.0,296,0.626888,0.41746,0.99,151613,41,20,0.00880509,0.000805366,0.9061645589342705,0.9716210289122386
655456.0,438,0.0864095,0.358976,0.839096,21733,23,11,0.00498574,0.00279516,0.9293902273052802,0.9471307272605344
200000.0,253,0.506056,0.390958,0.99,155508,21,20,0.00896381,0.000882136,0.9053226003736901,0.9702992255993215
655456.0,438,0.0864095,0.477141,0.839096,21733,17,12,0.00590885,0.00166122,0.92313095551524,0.9592419333137598
655456.0,500,0.101255,0.552746,0.811727,21733,17,12,0.00674005,0.00150991,0.9179021924775088,0.9611424396030837
208465.0,243,0.46932,0.390958,0.99,190952,41,20,0.00973414,0.000214421,0.9013382546272366,0.9853568787480265
629845.0,442,0.0624325,0.423359,0.839096,21733,23,11,0.00574551,0.00198847,0.9242008575246395,0.9554077360969416
241338.0,253,0.51019,0.390958,0.99,200000,41,25,0.00930771,0.000496685,0.903523526183841,0.9777135691507142
208465.0,281,0.342346,0.390958,0.99,156845,41,19,0.00922144,0.000823716,0.9039716708465674,0.9712995470419019
208465.0,223,0.506056,0.40575,0.99,192978,32,20,0.00975778,0.000203094,0.9012185240037385,0.9857488947797022
459650.0,415,0.0526009,0.358976,0.839096,19748,29,27,0.00469092,0.00409808,0.9315097087172204,0.9359837520624646
300047.0,353,0.477363,0.294198,0.99,194962,41,20,0.00868179,0.00102021,0.9068238764489529,0.9680592736463305
613226.0,258,0.121128,0.565811,0.99,129618,22,13,0.00819954,0.00116745,0.9094486885793475,0.9658320325450869
655456.0,407,0.0526009,0.358976,0.839096,19748,29,11,0.00517816,0.00297778,0.9280405669838901,0.94543096115928
549713.0,500,0.451126,0.662743,0.99,84454,26,10,0.00942331,0.000499996,0.9029262651382981,0.9776394096679001
655456.0,438,0.21714,0.358976,0.839096,21733,23,10,0.00481376,0.00497499,0.9306187345171624,0.9294663909898266
655456.0,407,0.0526009,0.358976,0.839096,19748,29,28,0.00519256,0.00294885,0.9279405800744969,0.9456966851840516
208465.0,223,0.506056,0.40575,0.99,192978,41,20,0.00975841,0.000204054,0.9012153351982202,0.9857152528898828
549713.0,258,0.436553,0.696473,0.985585,84454,20,10,0.008645,0.00152983,0.9070215078633773,0.9608869586966189
703584.0,438,0.0917584,0.420598,0.839096,26056,14,10,0.0059119,0.00176809,0.923111119139371,0.9579513377145004
208465.0,253,0.46932,0.390958,0.99,172791,28,19,0.00933315,0.000564248,0.903391770536874,0.9762460950578647
200000.0,253,0.506056,0.390958,0.99,148522,21,32,0.00884522,0.00111568,0.9059509702336064,0.9665982036411214
200000.0,495,0.284548,0.385253,0.939984,142663,36,33,0.00922321,0.00110143,0.903962455258373,0.9668122010371281
529773.0,227,0.46773,0.639265,0.980864,89093,10,12,0.0084571,0.00171835,0.9080375076457798,0.958547014582783
224081.0,430,0.348436,0.414997,0.939984,174274,42,17,0.00938922,0.00109322,0.9031020124047976,0.9669361224294548
529773.0,434,0.514375,0.739091,0.976256,99612,13,30,0.00949322,0.00080322,0.9025668434258645,0.971658863819529
474704.0,265,0.402094,0.237521,0.958632,126647,23,29,0.00515846,0.00780631,0.9281775801020322,0.91164667521819
529773.0,227,0.46773,0.639265,0.980864,113574,10,13,0.00873575,0.00155829,0.9065347658217239,0.9605248179231558
529773.0,416,0.514375,0.739091,0.976256,99612,13,30,0.00946908,0.00084869,0.9026908020791456,0.9708677155032428
655456.0,500,0.101255,0.552746,0.684794,10000,17,12,0.00592726,0.00281678,0.9230112995303856,0.9469266545241399
200000.0,430,0.348436,0.414997,0.939984,136761,42,29,0.00884622,0.00152292,0.9059456540079088,0.9609753923786543
655456.0,438,0.0736799,0.381024,0.753542,21733,23,11,0.00528791,0.0031419,0.9272819829753314,0.9439473461823618
224081.0,348,0.348436,0.414997,0.939984,174274,42,17,0.00929618,0.00133083,0.9035833002016767,0.9635194572408797
584982.0,500,0.0929869,0.710136,0.717806,28146,17,21,0.00736738,0.00184323,0.9141665566343747,0.9570671454478042
224081.0,430,0.0642451,0.414997,0.975972,160949,42,13,0.00984743,0.000397192,0.9007657821112093,0.9800703236353422
303481.0,408,0.110175,0.489362,0.875922,147485,29,19,0.00924952,0.00144781,0.9038255751251925,0.9619499014455941
655456.0,438,0.0917584,0.420598,0.839137,46214,19,12,0.00669944,0.00204545,0.9181498930971987,0.9547733485652541
590347.0,434,0.458735,0.739091,0.979101,99612,12,30,0.00951134,0.000605881,0.9024739009290333,0.9753853498907663
529773.0,219,0.46773,0.639265,0.978019,113574,10,13,0.00862711,0.00172714,0.9071177627315103,0.9584411260980281
328650.0,253,0.46932,0.325007,0.99,200000,41,17,0.00852067,0.00176725,0.9076925246797423,0.9579613273282802
655456.0,500,0.101255,0.552746,0.717806,28146,17,17,0.00692504,0.00238707,0.9167831747781736,0.9511423496266961
696939.0,166,0.397854,0.767111,0.976256,80205,17,17,0.00790097,0.00232303,0.9111125993180136,0.9518021784724662
708550.0,227,0.0864095,0.647898,0.860072,99423,20,12,0.00799679,0.00222434,0.9105752271459413,0.9528370908446054
549713.0,158,0.577085,0.565811,0.99,64315,19,10,0.00605329,0.0045694,0.9221971080229019,0.932402662774337
813088.0,158,0.46932,0.334144,0.99,200000,41,16,0.00659029,0.00413075,0.9188193988689416,0.9357290890059896
796395.0,329,0.296004,0.304451,0.833694,68144,44,23,0.00539648,0.00847886,0.9265392621872064,0.9079192745467326
460356.0,158,0.67935,0.565811,0.99,64315,19,10,0.00600141,0.0054671,0.922531232099639,0.9260601595890281
549713.0,158,0.577085,0.565811,0.99,64315,19,10,0.00605329,0.0045694,0.9221971080229019,0.932402662774337
220860.0,158,0.113984,0.359707,0.99,187518,39,22,0.00971907,0.000961024,0.9014146562616937,0.9689996129056426
529773.0,224,0.46773,0.567113,0.985279,101600,15,30,0.00807802,0.00217945,0.9101221940632728,0.9533154201047069
493231.0,224,0.514375,0.77423,0.985434,117603,23,24,0.00900408,0.0015886,0.9051101691433692,0.9601427547364347
493231.0,224,0.473504,0.639265,0.976256,101600,10,22,0.00845016,0.00188339,0.9080752481645993,0.9566019585695391
813088.0,176,0.437361,0.334144,0.99,200000,46,16,0.00689775,0.00337194,0.9169473058835537,0.941931592065909
813088.0,158,0.46932,0.341312,0.99,200000,41,16,0.00668728,0.00397804,0.9182242089613314,0.9369282947749151
351711.0,278,0.489797,0.390958,0.88686,122834,37,23,0.00607363,0.00877876,0.9220665027090404,0.9063049627781706
208465.0,158,0.46932,0.395883,0.939849,200000,41,16,0.00987032,0.00105199,0.900650515854384,0.9675656046765166
813088.0,158,0.46932,0.297685,0.977467,200000,41,34,0.00614042,0.0060419,0.9216391679472455,0.9222703402812028
549713.0,158,0.577085,0.565811,0.99,84454,26,10,0.0066418,0.00425798,0.9185027607829566,0.9347468008447095
529773.0,224,0.46773,0.639265,0.980864,101600,13,30,0.00845051,0.0019525,0.9080733444533089,0.9558128978094286
351711.0,278,0.468191,0.390958,0.899342,122834,37,20,0.00608196,0.00735381,0.9220130780194525,0.9142456415101833
642068.0,201,0.18873,0.471536,0.99,146265,34,15,0.00751918,0.0023969,0.9132867945466205,0.9510418546102898
655456.0,438,0.0864095,0.53808,0.839096,21733,17,12,0.00628002,0.00139865,0.9207534227868484,0.9626014706171486
208465.0,253,0.46932,0.390958,0.99,190952,41,20,0.00973203,0.000202599,0.901348948307684,0.9857662724488628
208465.0,253,0.46932,0.390958,0.99,190952,41,20,0.00973203,0.000202599,0.901348948307684,0.9857662724488628
224081.0,430,0.46932,0.414997,0.99,174274,42,17,0.00940031,0.000285404,0.9030448041619223,0.9831060957739189
208465.0,253,0.506056,0.390958,0.99,192978,41,20,0.00975246,0.00018068,0.9012454558007582,0.9865582739203628
208465.0,353,0.506056,0.390958,0.99,156845,41,20,0.00898259,0.00054373,0.9052234733702484,0.9766819812162354
208465.0,253,0.386199,0.493507,0.99,192978,15,36,0.00980458,0.000105656,0.9009819208427067,0.9897210895519029
208465.0,253,0.46932,0.390958,0.99,200000,41,17,0.00988256,8.65082e-05,0.900588934217563,0.9906990215568469
224081.0,369,0.348436,0.414997,0.983227,199959,48,16,0.00978738,0.000175589,0.9010688117932469,0.986749000037733
224081.0,361,0.46932,0.387891,0.99,175119,42,34,0.0091908,0.000407169,0.9041313398445561,0.9798215709233845
529773.0,227,0.131903,0.641718,0.980864,113574,10,13,0.00790957,0.000989497,0.9110642366648827,0.9685437287651572
208465.0,296,0.626888,0.41746,0.99,151613,41,20,0.00880509,0.000805366,0.9061645589342705,0.9716210289122386
501377.0,438,0.0864095,0.396556,0.99,13917,22,18,0.00399669,0.00158703,0.9367806200599847,0.960162454894911
224081.0,499,0.46932,0.299415,0.99,174274,41,14,0.00919784,0.000368267,0.9040946299730823,0.9808097160000171
234595.0,395,0.324854,0.420598,0.973351,26056,13,10,0.00289642,0.00226745,0.9461816016589122,0.9523822512081892
333587.0,433,0.293378,0.358976,0.955966,19581,23,11,0.00260822,0.00345902,0.9489292647399707,0.9411865661604426
200000.0,353,0.506056,0.390958,0.99,156845,41,11,0.00912914,0.000470207,0.9044534668342173,0.9783157430378627
300047.0,353,0.462769,0.384525,0.99,189386,41,21,0.00886607,0.00068797,0.9058401890401218,0.9737708177786649
208465.0,253,0.46932,0.390958,0.99,190952,41,20,0.00973203,0.000202599,0.901348948307684,0.9857662724488628
200000.0,253,0.506056,0.388479,0.99,192978,41,20,0.00989335,8.32963e-05,0.9005346794103593,0.990873319332857
224081.0,348,0.348436,0.428953,0.939984,26815,39,17,0.00195477,0.00523703,0.9557872190424533,0.9276326731183195
208465.0,253,0.46932,0.390958,0.99,200000,29,17,0.00988234,8.69216e-05,0.9005900407403765,0.9906768245752855
655456.0,438,0.0917584,0.420598,0.839096,21733,19,11,0.00546399,0.00214532,0.9260811931914482,0.9536824007530614
458131.0,202,0.100688,0.764053,0.839096,19986,23,12,0.00382709,0.0041259,0.9381365212746648,0.9357668309983074
714732.0,438,0.0890887,0.420598,0.839096,21733,17,13,0.00570521,0.00189193,0.9244671594602718,0.9565036783164369
641683.0,290,0.0736799,0.381024,0.99,21733,30,13,0.00413142,0.00362296,0.9357238769059614,0.9398089707680621
629845.0,383,0.0624325,0.423359,0.839096,21733,23,11,0.00536228,0.00256289,0.9267724095712552,0.9493750061728399
647288.0,228,0.0810919,0.647898,0.877551,21733,21,14,0.0048975,0.00267868,0.9300178594211351,0.9482440341603019
535271.0,438,0.0864095,0.53808,0.839096,21733,17,13,0.00582863,0.00163087,0.9236545351707124,0.9596159685023895
200000.0,253,0.506056,0.390958,0.99,155508,21,20,0.00896381,0.000882136,0.9053226003736901,0.9702992255993215
655456.0,500,0.101255,0.552746,0.811727,21733,17,12,0.00674005,0.00150991,0.9179021924775088,0.9611424396030837
208465.0,243,0.46932,0.390958,0.99,190952,41,20,0.00973414,0.000214421,0.9013382546272366,0.9853568787480265
241338.0,253,0.51019,0.390958,0.99,200000,41,25,0.00930771,0.000496685,0.903523526183841,0.9777135691507142
208465.0,223,0.506056,0.40575,0.99,192978,32,20,0.00975778,0.000203094,0.9012185240037385,0.9857488947797022
300047.0,353,0.477363,0.294198,0.99,194962,41,20,0.00868179,0.00102021,0.9068238764489529,0.9680592736463305
613226.0,258,0.121128,0.565811,0.99,129618,22,13,0.00819954,0.00116745,0.9094486885793475,0.9658320325450869
684829.0,438,0.0850129,0.420598,0.819179,21733,15,10,0.00561483,0.0019802,0.925067830673335,0.955500561801299
200000.0,285,0.480831,0.406024,0.99,155508,21,21,0.00909531,0.000662335,0.9046306653058752,0.9742641300904749
386458.0,438,0.0967225,0.335175,0.839096,21733,23,10,0.00351014,0.00510783,0.9407535655081253,0.9285309157747211
535271.0,438,0.0864095,0.540103,0.839096,21733,17,13,0.00584016,0.00162182,0.9235790604611537,0.9597281736197624
224081.0,361,0.46932,0.341076,0.988327,172951,37,25,0.00911325,0.000582835,0.9045366562496369,0.9758580241073768
655456.0,407,0.124399,0.358976,0.839096,16047,25,20,0.0039915,0.00367747,0.936821680934042,0.9393578529403848
629845.0,383,0.0624325,0.43467,0.839096,21733,32,11,0.00543097,0.00250111,0.9263048848294543,0.9499889012318266
654866.0,438,0.0890887,0.420598,0.839096,21733,17,17,0.00549646,0.00202931,0.925861885645776,0.9549521365656484
715798.0,202,0.0888434,0.647898,0.839096,21733,19,12,0.00463098,0.00340021,0.9319486958244002,0.9416886803442076
715798.0,202,0.0864095,0.647898,0.839096,21733,21,12,0.00465564,0.00346069,0.9317677495607832,0.9411723704370132
655456.0,438,0.0864095,0.358976,0.839096,21733,23,11,0.00498574,0.00279516,0.9293902273052802,0.9471307272605344
655456.0,438,0.0864095,0.477141,0.839096,21733,17,12,0.00590885,0.00166122,0.92313095551524,0.9592419333137598
629845.0,442,0.0624325,0.423359,0.839096,21733,23,11,0.00574551,0.00198847,0.9242008575246395,0.9554077360969416
208465.0,281,0.342346,0.390958,0.99,156845,41,19,0.00922144,0.000823716,0.9039716708465674,0.9712995470419019
549713.0,500,0.451126,0.662743,0.99,84454,26,10,0.00942331,0.000499996,0.9029262651382981,0.9776394096679001
208465.0,223,0.506056,0.40575,0.99,192978,41,20,0.00975841,0.000204054,0.9012153351982202,0.9857152528898828
208465.0,253,0.46932,0.390958,0.99,172791,28,19,0.00933315,0.000564248,0.903391770536874,0.9762460950578647
655456.0,445,0.0864095,0.358976,0.839096,21733,23,11,0.00503679,0.00272396,0.9290296540800315,0.9478084297994398
300047.0,353,0.474824,0.294198,0.99,194962,41,20,0.00868717,0.00102086,0.9067950108631517,0.9680491001691658
613226.0,258,0.121128,0.565811,0.99,129618,26,21,0.00819974,0.00117662,0.9094475842398448,0.9656981050086151
714732.0,438,0.138591,0.420598,0.839096,21733,17,13,0.00563262,0.0025094,0.9249492171926235,0.9499060881942726
459650.0,415,0.0526009,0.358976,0.839096,19748,29,27,0.00469092,0.00409808,0.9315097087172204,0.9359837520624646
655456.0,407,0.0526009,0.358976,0.839096,19748,29,11,0.00517816,0.00297778,0.9280405669838901,0.94543096115928
655456.0,407,0.0526009,0.358976,0.839096,19748,29,28,0.00519256,0.00294885,0.9279405800744969,0.9456966851840516
703584.0,438,0.0917584,0.420598,0.839096,26056,14,10,0.0059119,0.00176809,0.923111119139371,0.9579513377145004
200000.0,253,0.506056,0.390958,0.99,148522,21,32,0.00884522,0.00111568,0.9059509702336064,0.9665982036411214
529773.0,434,0.514375,0.739091,0.976256,99612,13,30,0.00949322,0.00080322,0.9025668434258645,0.971658863819529
529773.0,416,0.514375,0.739091,0.976256,99612,13,30,0.00946908,0.00084869,0.9026908020791456,0.9708677155032428
590347.0,434,0.458735,0.739091,0.979101,99612,12,30,0.00951134,0.000605881,0.9024739009290333,0.9753853498907663
303481.0,390,0.110175,0.450792,0.957631,157235,29,17,0.00936776,0.000957663,0.9032128107650604,0.9690538693856566
651810.0,407,0.0526009,0.470802,0.793879,19748,27,13,0.00587701,0.00203733,0.9233383407432372,0.9548632079119483
200000.0,319,0.348436,0.414997,0.99,118060,42,29,0.00829188,0.00135525,0.9089402394029064,0.9631862797316001
511304.0,438,0.114945,0.53808,0.839096,113178,15,12,0.00828887,0.0015105,0.9089567685107783,0.9611348485143825
715798.0,202,0.0864095,0.647898,0.839096,26787,21,12,0.00506333,0.00344747,0.9288429202397962,0.9412848401177345
655456.0,374,0.0864095,0.36031,0.970155,37341,20,13,0.0057535,0.00218961,0.924148170753765,0.9532067312533096
541745.0,218,0.425173,0.673978,0.99,192978,32,10,0.00917175,0.00104384,0.9042307460611706,0.9676914871899062
208465.0,159,0.506056,0.552793,0.99,192978,19,10,0.00976629,0.000209161,0.9011754585135858,0.9855376004757164
224081.0,430,0.0642451,0.414997,0.975972,160949,42,13,0.00984743,0.000397192,0.9007657821112093,0.9800703236353422
655456.0,438,0.21714,0.358976,0.839096,21733,23,10,0.00481376,0.00497499,0.9306187345171624,0.9294663909898266
655456.0,438,0.0736799,0.381024,0.753542,21733,23,11,0.00528791,0.0031419,0.9272819829753314,0.9439473461823618
655456.0,438,0.21714,0.358976,0.839096,21733,23,19,0.00484441,0.00494768,0.9303982040461598,0.9296602530570375
584982.0,500,0.0929869,0.710136,0.717806,28146,17,21,0.00736738,0.00184323,0.9141665566343747,0.9570671454478042
655456.0,500,0.101255,0.552746,0.684794,10000,17,12,0.00592726,0.00281678,0.9230112995303856,0.9469266545241399
655456.0,438,0.0917584,0.420598,0.839137,46214,19,12,0.00669944,0.00204545,0.9181498930971987,0.9547733485652541
208465.0,253,0.46932,0.390958,0.99,190952,41,20,0.00973203,0.000202599,0.901348948307684,0.9857662724488628
208465.0,253,0.46932,0.390958,0.99,190952,41,20,0.00973203,0.000202599,0.901348948307684,0.9857662724488628
224081.0,430,0.46932,0.414997,0.99,174274,42,17,0.00940031,0.000285404,0.9030448041619223,0.9831060957739189
208465.0,253,0.506056,0.390958,0.99,192978,41,20,0.00975246,0.00018068,0.9012454558007582,0.9865582739203628
208465.0,353,0.506056,0.390958,0.99,156845,41,20,0.00898259,0.00054373,0.9052234733702484,0.9766819812162354
208465.0,253,0.386199,0.493507,0.99,192978,15,36,0.00980458,0.000105656,0.9009819208427067,0.9897210895519029
208465.0,253,0.46932,0.390958,0.99,200000,41,17,0.00988256,8.65082e-05,0.900588934217563,0.9906990215568469
224081.0,369,0.348436,0.414997,0.983227,199959,48,16,0.00978738,0.000175589,0.9010688117932469,0.986749000037733
224081.0,361,0.46932,0.387891,0.99,175119,42,34,0.0091908,0.000407169,0.9041313398445561,0.9798215709233845
501377.0,438,0.0864095,0.396556,0.99,13917,22,18,0.00399669,0.00158703,0.9367806200599847,0.960162454894911
224081.0,499,0.46932,0.299415,0.99,174274,41,14,0.00919784,0.000368267,0.9040946299730823,0.9808097160000171
200000.0,353,0.506056,0.390958,0.99,156845,41,11,0.00912914,0.000470207,0.9044534668342173,0.9783157430378627
300047.0,353,0.462769,0.384525,0.99,189386,41,21,0.00886607,0.00068797,0.9058401890401218,0.9737708177786649
208465.0,253,0.46932,0.390958,0.99,190952,41,20,0.00973203,0.000202599,0.901348948307684,0.9857662724488628
200000.0,253,0.506056,0.388479,0.99,192978,41,20,0.00989335,8.32963e-05,0.9005346794103593,0.990873319332857
224081.0,348,0.348436,0.428953,0.939984,26815,39,17,0.00195477,0.00523703,0.9557872190424533,0.9276326731183195
208465.0,253,0.46932,0.390958,0.99,200000,29,17,0.00988234,8.69216e-05,0.9005900407403765,0.9906768245752855
240425.0,353,0.414433,0.390958,0.99,156845,41,20,0.00876661,0.000750232,0.9063698232405812,0.9726096367311421
224081.0,499,0.46932,0.299415,0.99,174274,41,10,0.00919688,0.000369567,0.9040996350371908,0.9807758745322447
714732.0,438,0.0881921,0.420598,0.976958,21733,17,14,0.00580565,0.000870592,0.9238051839033652,0.9704942039592218
258786.0,353,0.462769,0.384525,0.99,190403,41,21,0.00907463,0.000484109,0.9047391475998666,0.9779975228667316
206447.0,378,0.46932,0.341076,0.988327,196713,37,25,0.0098551,8.89979e-05,0.9007271436897275,0.9905661301683774
251050.0,426,0.506245,0.299415,0.99,174274,41,14,0.00882535,0.000689611,0.9060566660161563,0.9737395544592252
208465.0,253,0.121971,0.390958,0.99,200000,29,17,0.0099427,2.61e-05,0.9002869115913061,0.994891184090222
529773.0,227,0.125064,0.641718,0.978817,25543,10,13,0.00444222,0.000926,0.9333500187546913,0.9695697518905941
234595.0,395,0.324854,0.376876,0.98543,26056,13,10,0.00221868,0.00218907,0.9528971338451682,0.9532125016697837
511304.0,433,0.114945,0.53808,0.928647,120853,15,12,0.00844556,0.000779347,0.9081002720352231,0.972083212935583
200000.0,352,0.50344,0.389301,0.988817,172951,37,16,0.0094839,0.000269799,0.902614682831548,0.9835744406487937
208465.0,361,0.506056,0.390694,0.99,170564,41,19,0.00928471,0.000341754,0.9036427999576575,0.981513410265817
224081.0,348,0.348436,0.428953,0.939984,26282,39,13,0.00189246,0.00530771,0.9564975862738629,0.9271459678535223
655456.0,438,0.0864095,0.53808,0.839096,21733,17,12,0.00628002,0.00139865,0.9207534227868484,0.9626014706171486
529773.0,227,0.131903,0.641718,0.980864,113574,10,13,0.00790957,0.000989497,0.9110642366648827,0.9685437287651572
208465.0,296,0.626888,0.41746,0.99,151613,41,20,0.00880509,0.000805366,0.9061645589342705,0.9716210289122386
234595.0,395,0.324854,0.420598,0.973351,26056,13,10,0.00289642,0.00226745,0.9461816016589122,0.9523822512081892
333587.0,433,0.293378,0.358976,0.955966,19581,23,11,0.00260822,0.00345902,0.9489292647399707,0.9411865661604426
535271.0,438,0.0864095,0.53808,0.839096,21733,17,13,0.00582863,0.00163087,0.9236545351707124,0.9596159685023895
208465.0,243,0.46932,0.390958,0.99,190952,41,20,0.00973414,0.000214421,0.9013382546272366,0.9853568787480265
208465.0,223,0.506056,0.40575,0.99,192978,32,20,0.00975778,0.000203094,0.9012185240037385,0.9857488947797022
200000.0,285,0.480831,0.406024,0.99,155508,21,21,0.00909531,0.000662335,0.9046306653058752,0.9742641300904749
535271.0,438,0.0864095,0.540103,0.839096,21733,17,13,0.00584016,0.00162182,0.9235790604611537,0.9597281736197624
224081.0,361,0.46932,0.341076,0.988327,172951,37,25,0.00911325,0.000582835,0.9045366562496369,0.9758580241073768
300047.0,288,0.462769,0.384525,0.99,194670,41,21,0.00880221,0.000914944,0.906179906203415,0.969751958741102
300047.0,353,0.462769,0.370783,0.99,189386,41,14,0.00886012,0.000725277,0.9058717895633833,0.973069032694684
681633.0,438,0.0870991,0.520962,0.839096,21733,17,13,0.00627254,0.00142636,0.9208006313156475,0.9622328184795317
213308.0,253,0.466293,0.348943,0.99,190952,41,20,0.00965448,0.000317089,0.9017427865243473,0.9821930069916339
260069.0,369,0.351462,0.414997,0.983227,199959,48,16,0.00945857,0.000394207,0.9027448201893595,0.9801453531887369
657436.0,228,0.0810919,0.647898,0.99,18502,21,14,0.00470679,0.00169487,0.9313939507040377,0.95883120113484
208465.0,260,0.46932,0.390958,0.986729,200000,27,20,0.00988005,0.000109425,0.9006015593683684,0.9895393594842381
273078.0,426,0.462769,0.283559,0.99,185463,41,21,0.00883857,0.000740161,0.905986330781104,0.9727940999046163
224081.0,427,0.348436,0.414997,0.983227,199959,48,20,0.00980938,0.000146943,0.9009576858105587,0.9878779952153119
224081.0,352,0.507243,0.387891,0.99,175119,41,34,0.00920359,0.000433601,0.9040646571903764,0.9791769118524654
200085.0,398,0.348436,0.414997,0.983227,199959,48,17,0.00999943,3.413e-05,0.9000028500406136,0.9941579113324086
535271.0,438,0.01,0.540103,0.837153,21733,17,10,0.00782212,0.00131858,0.9115572501558211,0.9636877431161323
207085.0,353,0.471935,0.342733,0.98951,156845,41,23,0.00902637,0.000686466,0.9049927897473039,0.9737995038214923
224081.0,361,0.383365,0.387891,0.99,175119,31,34,0.00932698,0.000395237,0.9034237089136262,0.980119431597663
655456.0,438,0.0917584,0.420598,0.839096,21733,19,11,0.00546399,0.00214532,0.9260811931914482,0.9536824007530614
714732.0,438,0.0890887,0.420598,0.839096,21733,17,13,0.00570521,0.00189193,0.9244671594602718,0.9565036783164369
655456.0,500,0.101255,0.552746,0.811727,21733,17,12,0.00674005,0.00150991,0.9179021924775088,0.9611424396030837
241338.0,253,0.51019,0.390958,0.99,200000,41,25,0.00930771,0.000496685,0.903523526183841,0.9777135691507142
300047.0,353,0.477363,0.294198,0.99,194962,41,20,0.00868179,0.00102021,0.9068238764489529,0.9680592736463305
613226.0,258,0.121128,0.565811,0.99,129618,22,13,0.00819954,0.00116745,0.9094486885793475,0.9658320325450869
684829.0,438,0.0850129,0.420598,0.819179,21733,15,10,0.00561483,0.0019802,0.925067830673335,0.955500561801299
654866.0,438,0.0890887,0.420598,0.839096,21733,17,17,0.00549646,0.00202931,0.925861885645776,0.9549521365656484
655456.0,438,0.0864095,0.477141,0.839096,21733,17,12,0.00590885,0.00166122,0.92313095551524,0.9592419333137598
208465.0,223,0.506056,0.40575,0.99,192978,41,20,0.00975841,0.000204054,0.9012153351982202,0.9857152528898828
208465.0,243,0.187727,0.390958,0.99,190952,33,15,0.0098521,0.000148079,0.9007422547102746,0.9878312284925717
208465.0,353,0.568131,0.390958,0.982557,158009,44,21,0.00893534,0.000751671,0.9054730726194911,0.9725833809524222
206418.0,159,0.506056,0.61766,0.99,165180,19,10,0.00916314,0.000740276,0.9042757084121277,0.9727919864745697
202047.0,253,0.506056,0.390958,0.99,172241,21,32,0.00941708,0.000467584,0.9029583594532739,0.9783763092881904
200000.0,319,0.521746,0.414997,0.99,118060,42,29,0.00803765,0.00122812,0.9103470580516178,0.9649554569155196
393039.0,433,0.217127,0.358976,0.955966,19581,19,10,0.00293799,0.00269401,0.9457967713138784,0.9480961465785054
321941.0,439,0.0864095,0.396556,0.99,13921,22,18,0.00295618,0.00257977,0.9456292357971676,0.9492085637139488
223996.0,253,0.542062,0.388479,0.99,192978,41,19,0.00944072,0.000405348,0.902836632417356,0.9798667439295081
234595.0,413,0.324854,0.420551,0.99,26056,33,10,0.00297641,0.00229005,0.9454435155091533,0.9521455331238556
807680.0,442,0.0624325,0.423359,0.839096,22266,20,11,0.0062727,0.00152141,0.920799621213027,0.9609947439439247
208465.0,159,0.506056,0.552793,0.99,192978,19,10,0.00976629,0.000209161,0.9011754585135858,0.9855376004757164
386458.0,438,0.0967225,0.335175,0.839096,21733,23,10,0.00351014,0.00510783,0.9407535655081253,0.9285309157747211
284818.0,259,0.523756,0.390958,0.99,150877,42,23,0.00778014,0.00174146,0.9117948981067422,0.9582691960297911
458131.0,202,0.100688,0.764053,0.839096,19986,23,12,0.00382709,0.0041259,0.9381365212746648,0.9357668309983074
674894.0,320,0.0809068,0.381024,0.99,21733,30,14,0.00441362,0.00265604,0.9335649189057468,0.9484632170192978
224081.0,430,0.46932,0.414997,0.99,174274,42,17,0.00940031,0.000285404,0.9030448041619223,0.9831060957739189
208465.0,253,0.386199,0.493507,0.99,192978,15,36,0.00980458,0.000105656,0.9009819208427067,0.9897210895519029
501377.0,438,0.0864095,0.396556,0.99,13917,22,18,0.00399669,0.00158703,0.9367806200599847,0.960162454894911
206447.0,378,0.46932,0.341076,0.988327,196713,37,25,0.0098551,8.89979e-05,0.9007271436897275,0.9905661301683774
208465.0,253,0.121971,0.390958,0.99,200000,29,17,0.0099427,2.61e-05,0.9002869115913061,0.994891184090222
529773.0,227,0.125064,0.641718,0.978817,25543,10,13,0.00444222,0.000926,0.9333500187546913,0.9695697518905941
234595.0,395,0.324854,0.376876,0.98543,26056,13,10,0.00221868,0.00218907,0.9528971338451682,0.9532125016697837
200000.0,352,0.50344,0.389301,0.988817,172951,37,16,0.0094839,0.000269799,0.902614682831548,0.9835744406487937
208465.0,361,0.506056,0.390694,0.99,170564,41,19,0.00928471,0.000341754,0.9036427999576575,0.981513410265817
208465.0,324,0.518007,0.390958,0.99,190952,41,20,0.00970117,0.0001537,0.9015054823860739,0.987602419590904
234595.0,395,0.324854,0.376876,0.99,26056,13,10,0.00225322,0.00205486,0.9525319054521882,0.9546694363591186
208465.0,361,0.506056,0.390694,0.99,200000,41,19,0.00987774,6.73748e-05,0.9006131799482446,0.9917917846032162
613226.0,258,0.121128,0.565811,0.99,15843,23,13,0.00393622,0.00173968,0.9372606981231063,0.958290528653554
208465.0,361,0.69357,0.390694,0.99,170564,10,10,0.00935143,0.000340579,0.9032972078996682,0.9815452174220339
208465.0,397,0.402075,0.390958,0.99,190952,41,20,0.00980473,9.91291e-05,0.9009811634081677,0.9900436402234551
234595.0,350,0.230044,0.376876,0.99,26056,13,10,0.00181602,0.0032837,0.9573852138336938,0.9426964224502519
208465.0,243,0.187727,0.390958,0.99,200000,33,14,0.00993572,4.29348e-05,0.9003219181564974,0.9934475348150487
714732.0,438,0.0989816,0.420598,0.99,21733,17,15,0.00578939,0.000763242,0.9239119588897178,0.9723731652193017
200000.0,352,0.471499,0.388827,0.988817,185665,37,19,0.00977328,0.000124608,0.9011400991301326,0.9888372046511638
200000.0,253,0.288101,0.390958,0.99,200000,29,17,0.00999958,8.47389e-06,0.9000021000220505,0.9970890053246356
200000.0,369,0.50344,0.389301,0.988817,172951,37,14,0.00949915,0.000251046,0.9025364170574466,0.9841555688016262
224081.0,348,0.358749,0.468269,0.99,170880,17,28,0.00938336,0.000321949,0.9031322551103826,0.9820570626707888
208465.0,363,0.121971,0.419163,0.99,200000,30,17,0.00997261,1.67848e-05,0.9001370439051597,0.9959030743233492
234595.0,357,0.324854,0.420598,0.973351,22601,13,10,0.00192951,0.00263436,0.9560738119113438,0.9486739832053958
200000.0,352,0.50344,0.42037,0.99,172951,31,19,0.00951734,0.000223203,0.9024431447821323,0.9850600200803348
529773.0,457,0.125064,0.57017,0.978817,21317,10,14,0.00689592,0.000348391,0.9169583237163411,0.9813347649358494
208465.0,253,0.46932,0.390958,0.99,190952,41,20,0.00973203,0.000202599,0.901348948307684,0.9857662724488628
208465.0,253,0.46932,0.390958,0.99,190952,41,20,0.00973203,0.000202599,0.901348948307684,0.9857662724488628
208465.0,253,0.506056,0.390958,0.99,192978,41,20,0.00975246,0.00018068,0.9012454558007582,0.9865582739203628
208465.0,353,0.506056,0.390958,0.99,156845,41,20,0.00898259,0.00054373,0.9052234733702484,0.9766819812162354
208465.0,253,0.46932,0.390958,0.99,200000,41,17,0.00988256,8.65082e-05,0.900588934217563,0.9906990215568469
224081.0,369,0.348436,0.414997,0.983227,199959,48,16,0.00978738,0.000175589,0.9010688117932469,0.986749000037733
224081.0,361,0.46932,0.387891,0.99,175119,42,34,0.0091908,0.000407169,0.9041313398445561,0.9798215709233845
224081.0,499,0.46932,0.299415,0.99,174274,41,14,0.00919784,0.000368267,0.9040946299730823,0.9808097160000171
300047.0,353,0.462769,0.384525,0.99,189386,41,21,0.00886607,0.00068797,0.9058401890401218,0.9737708177786649
208465.0,253,0.46932,0.390958,0.99,190952,41,20,0.00973203,0.000202599,0.901348948307684,0.9857662724488628
200000.0,253,0.506056,0.388479,0.99,192978,41,20,0.00989335,8.32963e-05,0.9005346794103593,0.990873319332857
224081.0,348,0.348436,0.428953,0.939984,26815,39,17,0.00195477,0.00523703,0.9557872190424533,0.9276326731183195
240425.0,353,0.414433,0.390958,0.99,156845,41,20,0.00876661,0.000750232,0.9063698232405812,0.9726096367311421
224081.0,499,0.46932,0.299415,0.99,174274,41,10,0.00919688,0.000369567,0.9040996350371908,0.9807758745322447
714732.0,438,0.0881921,0.420598,0.976958,21733,17,14,0.00580565,0.000870592,0.9238051839033652,0.9704942039592218
258786.0,353,0.462769,0.384525,0.99,190403,41,21,0.00907463,0.000484109,0.9047391475998666,0.9779975228667316
251050.0,426,0.506245,0.299415,0.99,174274,41,14,0.00882535,0.000689611,0.9060566660161563,0.9737395544592252
224081.0,348,0.348436,0.428953,0.939984,26282,39,13,0.00189246,0.00530771,0.9564975862738629,0.9271459678535223
657436.0,228,0.0810919,0.647898,0.99,18502,21,14,0.00470679,0.00169487,0.9313939507040377,0.95883120113484
208465.0,260,0.46932,0.390958,0.986729,200000,27,20,0.00988005,0.000109425,0.9006015593683684,0.9895393594842381
224081.0,427,0.348436,0.414997,0.983227,199959,48,20,0.00980938,0.000146943,0.9009576858105587,0.9878779952153119
200085.0,398,0.348436,0.414997,0.983227,199959,48,17,0.00999943,3.413e-05,0.9000028500406136,0.9941579113324086
208465.0,253,0.46932,0.390958,0.985106,190952,41,20,0.00972728,0.000271461,0.901373026002011,0.9835239264386202
223002.0,337,0.466293,0.348943,0.99,190952,41,20,0.00947846,0.000303648,0.9026426171263833,0.9825745014418525
224081.0,361,0.554016,0.387891,0.99,175119,42,36,0.00912139,0.000429103,0.9044940316001141,0.9792851985285883
234595.0,395,0.324854,0.376876,0.98543,26056,13,17,0.00229882,0.00215294,0.9520539886956172,0.9536002155177419
224081.0,358,0.491402,0.387891,0.99,175119,42,34,0.00915489,0.000417584,0.9043188106261215,0.9795651278447846
208465.0,253,0.46932,0.390958,0.99,200000,29,18,0.00988215,8.69059e-05,0.9005909963836273,0.9906776666011132
404773.0,227,0.131903,0.76962,0.987053,113574,10,13,0.00824973,0.00077313,0.909171975690319,0.972194784661866
208465.0,359,0.506056,0.390958,0.99,156845,45,20,0.00899962,0.000527561,0.9051336729919409,0.9770313039116278
208465.0,253,0.46932,0.390958,0.99,190952,42,22,0.00973212,0.000202123,0.9013484921554668,0.985783003130056
204251.0,253,0.46932,0.390958,0.99,190952,40,20,0.00980125,0.000149242,0.9009987373817889,0.9877835356997207
200000.0,260,0.46932,0.390958,0.986729,193196,22,20,0.00990115,7.89733e-05,0.900495477489714,0.9911133077019625
535271.0,438,0.0864095,0.527994,0.867219,21733,17,13,0.00578657,0.00146123,0.9239304923113079,0.9617739617537993
281514.0,332,0.324854,0.420598,0.99,24570,13,10,0.00235796,0.00215785,0.951441169701073,0.953547335921392
208465.0,253,0.46932,0.390958,0.99,200000,29,17,0.00988234,8.69216e-05,0.9005900407403765,0.9906768245752855
655456.0,438,0.0917584,0.420598,0.839096,21733,19,11,0.00546399,0.00214532,0.9260811931914482,0.9536824007530614
535271.0,438,0.01,0.540103,0.837153,21733,17,10,0.00782212,0.00131858,0.9115572501558211,0.9636877431161323
655456.0,438,0.0864095,0.53808,0.839096,21733,17,12,0.00628002,0.00139865,0.9207534227868484,0.9626014706171486
529773.0,227,0.131903,0.641718,0.980864,113574,10,13,0.00790957,0.000989497,0.9110642366648827,0.9685437287651572
714732.0,438,0.0890887,0.420598,0.839096,21733,17,13,0.00570521,0.00189193,0.9244671594602718,0.9565036783164369
511304.0,433,0.114945,0.53808,0.928647,120853,15,12,0.00844556,0.000779347,0.9081002720352231,0.972083212935583
511304.0,433,0.17354,0.53808,0.928647,120853,23,21,0.008328,0.000983703,0.9087421236276013,0.9686359600816477
681633.0,438,0.0870991,0.520962,0.839096,21733,17,13,0.00627254,0.00142636,0.9208006313156475,0.9622328184795317
265980.0,353,0.462769,0.370783,0.99,189386,41,14,0.00902277,0.000568605,0.9050117375672131,0.9761545601843875
535271.0,438,0.0864095,0.540103,0.839096,21733,17,13,0.00584016,0.00162182,0.9235790604611537,0.9597281736197624
535271.0,438,0.0864095,0.53808,0.839096,21733,17,13,0.00582863,0.00163087,0.9236545351707124,0.9596159685023895
213308.0,253,0.466293,0.348943,0.99,190952,41,20,0.00965448,0.000317089,0.9017427865243473,0.9821930069916339
300047.0,353,0.462769,0.370783,0.99,189386,41,14,0.00886012,0.000725277,0.9058717895633833,0.973069032694684
654866.0,438,0.0890887,0.420598,0.839096,21733,17,17,0.00549646,0.00202931,0.925861885645776,0.9549521365656484
684829.0,438,0.0850129,0.420598,0.819179,21733,15,10,0.00561483,0.0019802,0.925067830673335,0.955500561801299
200000.0,353,0.506056,0.390958,0.99,156845,41,11,0.00912914,0.000470207,0.9044534668342173,0.9783157430378627
260069.0,369,0.351462,0.414997,0.983227,199959,48,16,0.00945857,0.000394207,0.9027448201893595,0.9801453531887369
273078.0,426,0.462769,0.283559,0.99,185463,41,21,0.00883857,0.000740161,0.905986330781104,0.9727940999046163
224081.0,430,0.46932,0.414997,0.99,174274,42,17,0.00940031,0.000285404,0.9030448041619223,0.9831060957739189
208465.0,253,0.386199,0.493507,0.99,192978,15,36,0.00980458,0.000105656,0.9009819208427067,0.9897210895519029
501377.0,438,0.0864095,0.396556,0.99,13917,22,18,0.00399669,0.00158703,0.9367806200599847,0.960162454894911
206447.0,378,0.46932,0.341076,0.988327,196713,37,25,0.0098551,8.89979e-05,0.9007271436897275,0.9905661301683774
208465.0,253,0.121971,0.390958,0.99,200000,29,17,0.0099427,2.61e-05,0.9002869115913061,0.994891184090222
529773.0,227,0.125064,0.641718,0.978817,25543,10,13,0.00444222,0.000926,0.9333500187546913,0.9695697518905941
234595.0,395,0.324854,0.376876,0.98543,26056,13,10,0.00221868,0.00218907,0.9528971338451682,0.9532125016697837
200000.0,352,0.50344,0.389301,0.988817,172951,37,16,0.0094839,0.000269799,0.902614682831548,0.9835744406487937
208465.0,361,0.506056,0.390694,0.99,170564,41,19,0.00928471,0.000341754,0.9036427999576575,0.981513410265817
208465.0,324,0.518007,0.390958,0.99,190952,41,20,0.00970117,0.0001537,0.9015054823860739,0.987602419590904
234595.0,395,0.324854,0.376876,0.99,26056,13,10,0.00225322,0.00205486,0.9525319054521882,0.9546694363591186
208465.0,361,0.506056,0.390694,0.99,200000,41,19,0.00987774,6.73748e-05,0.9006131799482446,0.9917917846032162
208465.0,361,0.69357,0.390694,0.99,170564,10,10,0.00935143,0.000340579,0.9032972078996682,0.9815452174220339
208465.0,397,0.402075,0.390958,0.99,190952,41,20,0.00980473,9.91291e-05,0.9009811634081677,0.9900436402234551
234595.0,350,0.230044,0.376876,0.99,26056,13,10,0.00181602,0.0032837,0.9573852138336938,0.9426964224502519
208465.0,243,0.187727,0.390958,0.99,200000,33,14,0.00993572,4.29348e-05,0.9003219181564974,0.9934475348150487
714732.0,438,0.0989816,0.420598,0.99,21733,17,15,0.00578939,0.000763242,0.9239119588897178,0.9723731652193017
200000.0,369,0.50344,0.389301,0.988817,172951,37,14,0.00949915,0.000251046,0.9025364170574466,0.9841555688016262
224081.0,348,0.358749,0.468269,0.99,170880,17,28,0.00938336,0.000321949,0.9031322551103826,0.9820570626707888
208465.0,363,0.121971,0.419163,0.99,200000,30,17,0.00997261,1.67848e-05,0.9001370439051597,0.9959030743233492
234595.0,357,0.324854,0.420598,0.973351,22601,13,10,0.00192951,0.00263436,0.9560738119113438,0.9486739832053958
200000.0,352,0.50344,0.42037,0.99,172951,31,19,0.00951734,0.000223203,0.9024431447821323,0.9850600200803348
529773.0,457,0.125064,0.57017,0.978817,21317,10,14,0.00689592,0.000348391,0.9169583237163411,0.9813347649358494
714732.0,438,0.0989816,0.420598,0.99,21733,18,16,0.00578496,0.000795701,0.9239410754743402,0.971791827425372
234595.0,350,0.305956,0.376876,0.99,200000,10,10,0.00968439,0.000170279,0.9015907016588371,0.9869509004142049
208465.0,253,0.452357,0.493507,0.99,190711,37,24,0.00973794,0.000146339,0.9013189987890273,0.9879029342400729
208465.0,335,0.506056,0.406679,0.99,192978,41,20,0.00975588,0.000120652,0.9012281416596812,0.9890158295716063
473965.0,438,0.0864095,0.396556,0.99,13917,22,18,0.0038478,0.00169433,0.9379693624085645,0.9588377600220785
224081.0,404,0.348436,0.315904,0.99,26815,39,17,0.00133819,0.0040312,0.963418720634729,0.9365082682548349
250877.0,395,0.324854,0.376876,0.99,26056,13,15,0.00256413,0.00198688,0.9493627607387607,0.9554255678667691
234595.0,382,0.341541,0.376876,0.987696,26056,15,10,0.00199607,0.00258746,0.9553226007918992,0.9491329183066298
200000.0,361,0.467042,0.348265,0.99,188699,38,18,0.00982337,9.57848e-05,0.9008870845953969,0.9902130290692166
200088.0,369,0.50344,0.389301,0.988817,172951,37,17,0.00949769,0.000252111,0.9025439073223228,0.9841219963471474
208465.0,253,0.557754,0.459126,0.99,190952,41,20,0.00968383,0.000181695,0.9015935469595616,0.9865205712287204
200000.0,499,0.0354034,0.436442,0.99,194149,16,14,0.00999913,3.60923e-06,0.9000043500946167,0.9981002026423852
200000.0,324,0.506056,0.426374,0.99,192978,37,20,0.00989118,6.06165e-05,0.9005455883331464,0.9922143401050393
613226.0,258,0.121128,0.565811,0.99,15843,23,13,0.00393622,0.00173968,0.9372606981231063,0.958290528653554
200000.0,352,0.471499,0.388827,0.988817,185665,37,19,0.00977328,0.000124608,0.9011400991301326,0.9888372046511638
208465.0,253,0.46932,0.390958,0.99,190952,41,20,0.00973203,0.000202599,0.901348948307684,0.9857662724488628
208465.0,253,0.46932,0.390958,0.99,190952,41,20,0.00973203,0.000202599,0.901348948307684,0.9857662724488628
208465.0,253,0.506056,0.390958,0.99,192978,41,20,0.00975246,0.00018068,0.9012454558007582,0.9865582739203628
208465.0,353,0.506056,0.390958,0.99,156845,41,20,0.00898259,0.00054373,0.9052234733702484,0.9766819812162354
208465.0,253,0.46932,0.390958,0.99,200000,41,17,0.00988256,8.65082e-05,0.900588934217563,0.9906990215568469
224081.0,499,0.46932,0.299415,0.99,174274,41,14,0.00919784,0.000368267,0.9040946299730823,0.9808097160000171
300047.0,353,0.462769,0.384525,0.99,189386,41,21,0.00886607,0.00068797,0.9058401890401218,0.9737708177786649
208465.0,253,0.46932,0.390958,0.99,190952,41,20,0.00973203,0.000202599,0.901348948307684,0.9857662724488628
200000.0,253,0.506056,0.388479,0.99,192978,41,20,0.00989335,8.32963e-05,0.9005346794103593,0.990873319332857
240425.0,353,0.414433,0.390958,0.99,156845,41,20,0.00876661,0.000750232,0.9063698232405812,0.9726096367311421
224081.0,499,0.46932,0.299415,0.99,174274,41,10,0.00919688,0.000369567,0.9040996350371908,0.9807758745322447
714732.0,438,0.0881921,0.420598,0.976958,21733,17,14,0.00580565,0.000870592,0.9238051839033652,0.9704942039592218
258786.0,353,0.462769,0.384525,0.99,190403,41,21,0.00907463,0.000484109,0.9047391475998666,0.9779975228667316
251050.0,426,0.506245,0.299415,0.99,174274,41,14,0.00882535,0.000689611,0.9060566660161563,0.9737395544592252
224081.0,348,0.348436,0.428953,0.939984,26282,39,13,0.00189246,0.00530771,0.9564975862738629,0.9271459678535223
208465.0,260,0.46932,0.390958,0.986729,200000,27,20,0.00988005,0.000109425,0.9006015593683684,0.9895393594842381
208465.0,253,0.46932,0.390958,0.985106,190952,41,20,0.00972728,0.000271461,0.901373026002011,0.9835239264386202
223002.0,337,0.466293,0.348943,0.99,190952,41,20,0.00947846,0.000303648,0.9026426171263833,0.9825745014418525
224081.0,361,0.554016,0.387891,0.99,175119,42,36,0.00912139,0.000429103,0.9044940316001141,0.9792851985285883
234595.0,395,0.324854,0.376876,0.98543,26056,13,17,0.00229882,0.00215294,0.9520539886956172,0.9536002155177419
208465.0,253,0.46932,0.390958,0.99,200000,29,18,0.00988215,8.69059e-05,0.9005909963836273,0.9906776666011132
404773.0,227,0.131903,0.76962,0.987053,113574,10,13,0.00824973,0.00077313,0.909171975690319,0.972194784661866
208465.0,359,0.506056,0.390958,0.99,156845,45,20,0.00899962,0.000527561,0.9051336729919409,0.9770313039116278
208465.0,253,0.46932,0.390958,0.99,190952,42,22,0.00973212,0.000202123,0.9013484921554668,0.985783003130056
200000.0,260,0.46932,0.390958,0.986729,193196,22,20,0.00990115,7.89733e-05,0.900495477489714,0.9911133077019625
501377.0,438,0.251907,0.396556,0.99,13917,19,15,0.00465077,0.00155939,0.9318034458348518,0.9605108875764471
456206.0,474,0.0989816,0.420598,0.956915,26248,15,20,0.00529775,0.00126723,0.9272143558110529,0.9644018258895207
657436.0,228,0.0981586,0.706293,0.99,18502,21,14,0.00488135,0.0013225,0.9301333412849877,0.9636338069080637
200000.0,305,0.114195,0.390958,0.99,200000,27,14,0.00999943,3.75571e-06,0.9000028500406136,0.9980620345720318
200000.0,330,0.441597,0.406847,0.986551,172951,37,10,0.00953618,0.000296152,0.9023466334425689,0.9827909326225969
208465.0,359,0.470025,0.455708,0.99,156845,44,31,0.00912857,0.000400027,0.9044564497205594,0.9799993250113902
200085.0,398,0.348436,0.297265,0.983227,199959,50,16,0.00999825,3.43557e-05,0.900008750382846,0.9941386264408417
200000.0,268,0.46932,0.390958,0.99,193196,22,18,0.00990156,7.06665e-05,0.9004934173031753,0.9915936631045383
224081.0,351,0.348436,0.428953,0.943575,26282,39,13,0.00194384,0.00504386,0.955910999104085,0.9289798620108353
208465.0,361,0.69357,0.387851,0.99,170564,10,10,0.00933698,0.000342488,0.9033719502421786,0.9814935686854542
701199.0,367,0.0989816,0.382703,0.99,21733,17,15,0.00479545,0.00146517,0.9307508122791321,0.9617224608941484
200000.0,253,0.288101,0.390958,0.99,200000,29,17,0.00999958,8.47389e-06,0.9000021000220505,0.9970890053246356
224081.0,348,0.348436,0.428953,0.939984,26815,39,17,0.00195477,0.00523703,0.9557872190424533,0.9276326731183195
200000.0,253,0.288101,0.390958,0.99,200000,29,17,0.00999958,8.47389e-06,0.9000021000220505,0.9970890053246356
281514.0,332,0.324854,0.420598,0.99,24570,13,10,0.00235796,0.00215785,0.951441169701073,0.953547335921392
657436.0,228,0.0810919,0.647898,0.99,18502,21,14,0.00470679,0.00169487,0.9313939507040377,0.95883120113484
481169.0,438,0.01,0.59666,0.970121,18618,28,10,0.00768531,0.00124198,0.9123341001300962,0.964758263379907
224081.0,430,0.46932,0.414997,0.99,174274,42,17,0.00940031,0.000285404,0.9030448041619223,0.9831060957739189
208465.0,253,0.386199,0.493507,0.99,192978,15,36,0.00980458,0.000105656,0.9009819208427067,0.9897210895519029
501377.0,438,0.0864095,0.396556,0.99,13917,22,18,0.00399669,0.00158703,0.9367806200599847,0.960162454894911
208465.0,253,0.121971,0.390958,0.99,200000,29,17,0.0099427,2.61e-05,0.9002869115913061,0.994891184090222
529773.0,227,0.125064,0.641718,0.978817,25543,10,13,0.00444222,0.000926,0.9333500187546913,0.9695697518905941
208465.0,361,0.506056,0.390694,0.99,170564,41,19,0.00928471,0.000341754,0.9036427999576575,0.981513410265817
208465.0,324,0.518007,0.390958,0.99,190952,41,20,0.00970117,0.0001537,0.9015054823860739,0.987602419590904
234595.0,395,0.324854,0.376876,0.99,26056,13,10,0.00225322,0.00205486,0.9525319054521882,0.9546694363591186
208465.0,361,0.506056,0.390694,0.99,200000,41,19,0.00987774,6.73748e-05,0.9006131799482446,0.9917917846032162
208465.0,361,0.69357,0.390694,0.99,170564,10,10,0.00935143,0.000340579,0.9032972078996682,0.9815452174220339
208465.0,397,0.402075,0.390958,0.99,190952,41,20,0.00980473,9.91291e-05,0.9009811634081677,0.9900436402234551
714732.0,438,0.0989816,0.420598,0.99,21733,17,15,0.00578939,0.000763242,0.9239119588897178,0.9723731652193017
200000.0,369,0.50344,0.389301,0.988817,172951,37,14,0.00949915,0.000251046,0.9025364170574466,0.9841555688016262
224081.0,348,0.358749,0.468269,0.99,170880,17,28,0.00938336,0.000321949,0.9031322551103826,0.9820570626707888
200000.0,352,0.50344,0.42037,0.99,172951,31,19,0.00951734,0.000223203,0.9024431447821323,0.9850600200803348
529773.0,457,0.125064,0.57017,0.978817,21317,10,14,0.00689592,0.000348391,0.9169583237163411,0.9813347649358494
714732.0,438,0.0989816,0.420598,0.99,21733,18,16,0.00578496,0.000795701,0.9239410754743402,0.971791827425372
234595.0,350,0.305956,0.376876,0.99,200000,10,10,0.00968439,0.000170279,0.9015907016588371,0.9869509004142049
473965.0,438,0.0864095,0.396556,0.99,13917,22,18,0.0038478,0.00169433,0.9379693624085645,0.9588377600220785
224081.0,404,0.348436,0.315904,0.99,26815,39,17,0.00133819,0.0040312,0.963418720634729,0.9365082682548349
250877.0,395,0.324854,0.376876,0.99,26056,13,15,0.00256413,0.00198688,0.9493627607387607,0.9554255678667691
200000.0,361,0.467042,0.348265,0.99,188699,38,18,0.00982337,9.57848e-05,0.9008870845953969,0.9902130290692166
200088.0,369,0.50344,0.389301,0.988817,172951,37,17,0.00949769,0.000252111,0.9025439073223228,0.9841219963471474
208465.0,253,0.557754,0.459126,0.99,190952,41,20,0.00968383,0.000181695,0.9015935469595616,0.9865205712287204
200000.0,499,0.0354034,0.436442,0.99,194149,16,14,0.00999913,3.60923e-06,0.9000043500946167,0.9981002026423852
200000.0,324,0.506056,0.426374,0.99,192978,37,20,0.00989118,6.06165e-05,0.9005455883331464,0.9922143401050393
224081.0,357,0.317727,0.346931,0.99,26815,37,17,0.00127713,0.00457299,0.9642630443378286,0.9323761136875438
200000.0,499,0.0354034,0.435595,0.99,198657,20,14,0.0100006,9.82111e-08,0.8999970000449986,0.9996866134974189
200088.0,369,0.505093,0.389301,0.989805,170700,37,18,0.00944495,0.000262741,0.9028148673921778,0.9837907125387944
234595.0,324,0.324854,0.420598,0.99,22601,13,17,0.00153624,0.00242492,0.9608051023728853,0.9507565232746509
203094.0,323,0.56749,0.407456,0.99,188132,10,10,0.009721,0.00011857,0.9014048682743413,0.9891110147396555
390986.0,457,0.125064,0.607409,0.978817,25072,10,14,0.00635325,0.000361203,0.9202927230423721,0.980994658645528
234595.0,395,0.324854,0.376876,0.99,21456,13,10,0.00187373,0.00214446,0.9567133969916788,0.9536916854117967
208465.0,250,0.193336,0.390958,0.99,200000,33,14,0.00993483,3.27645e-05,0.9003263826280996,0.9942759716981832
301996.0,395,0.217463,0.376876,0.99,26056,13,10,0.00269127,0.00190552,0.9481225482507092,0.9563477377447629
207814.0,352,0.454506,0.355379,0.988817,185665,37,19,0.00964283,0.000208931,0.9018020875985645,0.9855455543170968
200651.0,397,0.476783,0.390958,0.99,190952,41,22,0.00986853,6.78823e-05,0.9006595248652394,0.9917609284503653
234595.0,391,0.324854,0.376876,0.99,26056,13,10,0.00218396,0.00208692,0.9532671421802603,0.9543171804723045
200000.0,273,0.0354034,0.436442,0.99,194149,15,14,0.0099658,7.36603e-06,0.9001711464555462,0.9972859568905413
200000.0,391,0.50344,0.375976,0.988817,172951,37,16,0.00950629,0.000242767,0.9024997948720106,0.984419018002706
208465.0,335,0.386199,0.493507,0.99,190498,15,36,0.00982482,8.69803e-05,0.9008797699760538,0.9906736770375458
200000.0,500,0.114195,0.390958,0.99,200000,27,14,0.010001,1.29433e-06,0.8999950001249938,0.9988623137515115
234595.0,350,0.230044,0.376876,0.99,26056,13,10,0.00181602,0.0032837,0.9573852138336938,0.9426964224502519
714732.0,438,0.0881921,0.420598,0.976958,21733,17,14,0.00580565,0.000870592,0.9238051839033652,0.9704942039592218
529773.0,457,0.125064,0.452713,0.978817,11397,22,14,0.00451088,0.00103823,0.9328369149011155,0.967778423378115
404773.0,227,0.131903,0.76962,0.987053,113574,10,13,0.00824973,0.00077313,0.909171975690319,0.972194784661866
613226.0,258,0.121128,0.565811,0.99,15843,23,13,0.00393622,0.00173968,0.9372606981231063,0.958290528653554
234595.0,395,0.324854,0.376876,0.98543,26056,13,17,0.00229882,0.00215294,0.9520539886956172,0.9536002155177419
501377.0,438,0.0864095,0.396556,0.955467,17218,17,18,0.00436506,0.00167655,0.9339313992883155,0.9590543042555142
224081.0,351,0.348436,0.428953,0.99,22981,39,13,0.00184108,0.00310633,0.9570921918527642,0.9442655402825146
234595.0,357,0.324854,0.420598,0.973351,22601,13,10,0.00192951,0.00263436,0.9560738119113438,0.9486739832053958
250877.0,325,0.371166,0.401744,0.99,26056,12,15,0.00211893,0.00236876,0.953968163191113,0.9513300914321796
234595.0,382,0.341541,0.376876,0.987696,26056,15,10,0.00199607,0.00258746,0.9553226007918992,0.9491329183066298
404773.0,227,0.150506,0.719033,0.989647,146466,10,13,0.0086759,0.000690224,0.9068554886211753,0.9737278855057306
234595.0,395,0.324854,0.376876,0.98543,26056,13,10,0.00221868,0.00218907,0.9528971338451682,0.9532125016697837
208465.0,342,0.46932,0.286604,0.989066,190952,41,20,0.00972474,0.00021648,0.9013859036445601,0.9852867406738004
208465.0,353,0.506056,0.390958,0.99,156845,41,20,0.00898259,0.00054373,0.9052234733702484,0.9766819812162354
300047.0,353,0.462769,0.384525,0.99,189386,41,21,0.00886607,0.00068797,0.9058401890401218,0.9737708177786649
208465.0,361,0.69357,0.387851,0.99,170564,10,10,0.00933698,0.000342488,0.9033719502421786,0.9814935686854542
258786.0,353,0.462769,0.384525,0.99,190403,41,21,0.00907463,0.000484109,0.9047391475998666,0.9779975228667316
200000.0,352,0.50344,0.389301,0.988817,172951,37,16,0.0094839,0.000269799,0.902614682831548,0.9835744406487937
205371.0,362,0.632136,0.409612,0.99,189371,37,20,0.00972714,0.000142221,0.9013737357495479,0.9880743553633357
224081.0,361,0.554016,0.387891,0.99,175119,42,36,0.00912139,0.000429103,0.9044940316001141,0.9792851985285883
223002.0,337,0.466293,0.348943,0.99,190952,41,20,0.00947846,0.000303648,0.9026426171263833,0.9825745014418525
208465.0,359,0.470025,0.455708,0.99,156845,44,31,0.00912857,0.000400027,0.9044564497205594,0.9799993250113902
224081.0,499,0.46932,0.299415,0.99,174274,41,14,0.00919784,0.000368267,0.9040946299730823,0.9808097160000171
208465.0,243,0.187727,0.390958,0.99,200000,33,14,0.00993572,4.29348e-05,0.9003219181564974,0.9934475348150487
234595.0,357,0.324854,0.420598,0.973351,22601,13,10,0.00192951,0.00263436,0.9560738119113438,0.9486739832053958
251050.0,426,0.506245,0.299415,0.99,174274,41,14,0.00882535,0.000689611,0.9060566660161563,0.9737395544592252
208465.0,253,0.380591,0.493507,0.99,192978,15,36,0.00980695,0.000104624,0.9009699540543377,0.9897714126097491
208465.0,335,0.506056,0.406679,0.99,192978,41,20,0.00975588,0.000120652,0.9012281416596812,0.9890158295716063
208465.0,363,0.121971,0.419163,0.99,200000,30,17,0.00997261,1.67848e-05,0.9001370439051597,0.9959030743233492
224081.0,499,0.46932,0.299415,0.99,174274,41,10,0.00919688,0.000369567,0.9040996350371908,0.9807758745322447
200000.0,352,0.50344,0.389301,0.988817,172951,37,16,0.0094839,0.000269799,0.902614682831548,0.9835744406487937
208465.0,359,0.506056,0.390958,0.99,156845,45,20,0.00899962,0.000527561,0.9051336729919409,0.9770313039116278
200000.0,268,0.46932,0.390958,0.99,193196,22,18,0.00990156,7.06665e-05,0.9004934173031753,0.9915936631045383
206447.0,378,0.46932,0.341076,0.988327,196713,37,25,0.0098551,8.89979e-05,0.9007271436897275,0.9905661301683774
208465.0,359,0.506056,0.390958,0.99,156845,45,20,0.00899962,0.000527561,0.9051336729919409,0.9770313039116278
223002.0,337,0.466293,0.35272,0.99,190952,30,17,0.00947925,0.000298258,0.9026385599942154,0.9827298523457383
200000.0,305,0.114195,0.390958,0.99,200000,27,14,0.00999943,3.75571e-06,0.9000028500406136,0.9980620345720318
224081.0,430,0.46932,0.414997,0.99,174274,42,17,0.00940031,0.000285404,0.9030448041619223,0.9831060957739189
208465.0,253,0.121971,0.390958,0.99,200000,29,17,0.0099427,2.61e-05,0.9002869115913061,0.994891184090222
529773.0,227,0.125064,0.641718,0.978817,25543,10,13,0.00444222,0.000926,0.9333500187546913,0.9695697518905941
208465.0,361,0.506056,0.390694,0.99,170564,41,19,0.00928471,0.000341754,0.9036427999576575,0.981513410265817
208465.0,324,0.518007,0.390958,0.99,190952,41,20,0.00970117,0.0001537,0.9015054823860739,0.987602419590904
234595.0,395,0.324854,0.376876,0.99,26056,13,10,0.00225322,0.00205486,0.9525319054521882,0.9546694363591186
208465.0,361,0.506056,0.390694,0.99,200000,41,19,0.00987774,6.73748e-05,0.9006131799482446,0.9917917846032162
208465.0,361,0.69357,0.390694,0.99,170564,10,10,0.00935143,0.000340579,0.9032972078996682,0.9815452174220339
208465.0,397,0.402075,0.390958,0.99,190952,41,20,0.00980473,9.91291e-05,0.9009811634081677,0.9900436402234551
200000.0,369,0.50344,0.389301,0.988817,172951,37,14,0.00949915,0.000251046,0.9025364170574466,0.9841555688016262
224081.0,348,0.358749,0.468269,0.99,170880,17,28,0.00938336,0.000321949,0.9031322551103826,0.9820570626707888
200000.0,352,0.50344,0.42037,0.99,172951,31,19,0.00951734,0.000223203,0.9024431447821323,0.9850600200803348
529773.0,457,0.125064,0.57017,0.978817,21317,10,14,0.00689592,0.000348391,0.9169583237163411,0.9813347649358494
234595.0,350,0.305956,0.376876,0.99,200000,10,10,0.00968439,0.000170279,0.9015907016588371,0.9869509004142049
224081.0,404,0.348436,0.315904,0.99,26815,39,17,0.00133819,0.0040312,0.963418720634729,0.9365082682548349
250877.0,395,0.324854,0.376876,0.99,26056,13,15,0.00256413,0.00198688,0.9493627607387607,0.9554255678667691
200000.0,361,0.467042,0.348265,0.99,188699,38,18,0.00982337,9.57848e-05,0.9008870845953969,0.9902130290692166
200088.0,369,0.50344,0.389301,0.988817,172951,37,17,0.00949769,0.000252111,0.9025439073223228,0.9841219963471474
208465.0,253,0.557754,0.459126,0.99,190952,41,20,0.00968383,0.000181695,0.9015935469595616,0.9865205712287204
200000.0,499,0.0354034,0.436442,0.99,194149,16,14,0.00999913,3.60923e-06,0.9000043500946167,0.9981002026423852
200000.0,324,0.506056,0.426374,0.99,192978,37,20,0.00989118,6.06165e-05,0.9005455883331464,0.9922143401050393
224081.0,357,0.317727,0.346931,0.99,26815,37,17,0.00127713,0.00457299,0.9642630443378286,0.9323761136875438
200000.0,499,0.0354034,0.435595,0.99,198657,20,14,0.0100006,9.82111e-08,0.8999970000449986,0.9996866134974189
203094.0,323,0.56749,0.407456,0.99,188132,10,10,0.009721,0.00011857,0.9014048682743413,0.9891110147396555
234595.0,395,0.324854,0.376876,0.99,21456,13,10,0.00187373,0.00214446,0.9567133969916788,0.9536916854117967
208465.0,250,0.193336,0.390958,0.99,200000,33,14,0.00993483,3.27645e-05,0.9003263826280996,0.9942759716981832
301996.0,395,0.217463,0.376876,0.99,26056,13,10,0.00269127,0.00190552,0.9481225482507092,0.9563477377447629
200651.0,397,0.476783,0.390958,0.99,190952,41,22,0.00986853,6.78823e-05,0.9006595248652394,0.9917609284503653
234595.0,391,0.324854,0.376876,0.99,26056,13,10,0.00218396,0.00208692,0.9532671421802603,0.9543171804723045
200000.0,273,0.0354034,0.436442,0.99,194149,15,14,0.0099658,7.36603e-06,0.9001711464555462,0.9972859568905413
200000.0,391,0.50344,0.375976,0.988817,172951,37,16,0.00950629,0.000242767,0.9024997948720106,0.984419018002706
208465.0,335,0.386199,0.493507,0.99,190498,15,36,0.00982482,8.69803e-05,0.9008797699760538,0.9906736770375458
200088.0,369,0.50344,0.432458,0.988817,172951,39,17,0.00955007,0.000217564,0.9022755404210389,0.98524994915263
390986.0,432,0.125064,0.566553,0.99,25072,10,11,0.00577361,0.000360457,0.9240157253110882,0.9810142948511255
234595.0,395,0.324854,0.376876,0.99,28013,11,17,0.0027521,0.0016636,0.9475395386981776,0.9592127470893173
200362.0,369,0.505093,0.389301,0.99,170700,37,18,0.00944042,0.00026193,0.9028381762213162,0.9838157483954308
208191.0,335,0.381009,0.52667,0.99,190498,15,36,0.00984053,7.81293e-05,0.9008005544370332,0.9911609219937824
200000.0,361,0.467042,0.425434,0.99,188699,20,17,0.00984592,7.56845e-05,0.9007733906656082,0.9913003160976964
208465.0,397,0.420864,0.390958,0.99,190952,41,20,0.00979383,0.000102196,0.9010362187464525,0.9898907962727028
208465.0,397,0.402075,0.390958,0.99,200000,44,20,0.00991416,3.44001e-05,0.9004301250377404,0.9941348401556309
250877.0,325,0.248644,0.42903,0.99,19854,12,15,0.00149864,0.00215199,0.9612877280439394,0.9536104537638058
473965.0,438,0.0976886,0.396556,0.99,13917,22,18,0.00375574,0.00163651,0.9387159074473644,0.959546199189693
310612.0,395,0.324854,0.376876,0.99,26056,10,10,0.00387568,0.0014562,0.9377450403582173,0.9618398113212212
207814.0,352,0.454506,0.355379,0.988817,185665,32,19,0.00964248,0.000208794,0.9018038697300144,0.9855502941206404
234595.0,391,0.324854,0.376876,0.99,26056,13,10,0.00218396,0.00208692,0.9532671421802603,0.9543171804723045
208465.0,253,0.386199,0.493507,0.99,192978,15,36,0.00980458,0.000105656,0.9009819208427067,0.9897210895519029
501377.0,438,0.0864095,0.396556,0.99,13917,22,18,0.00399669,0.00158703,0.9367806200599847,0.960162454894911
714732.0,438,0.0989816,0.420598,0.99,21733,17,15,0.00578939,0.000763242,0.9239119588897178,0.9723731652193017
714732.0,438,0.0989816,0.420598,0.99,21733,18,16,0.00578496,0.000795701,0.9239410754743402,0.971791827425372
473965.0,438,0.0864095,0.396556,0.99,13917,22,18,0.0038478,0.00169433,0.9379693624085645,0.9588377600220785
200088.0,369,0.505093,0.389301,0.989805,170700,37,18,0.00944495,0.000262741,0.9028148673921778,0.9837907125387944
234595.0,324,0.324854,0.420598,0.99,22601,13,17,0.00153624,0.00242492,0.9608051023728853,0.9507565232746509
390986.0,457,0.125064,0.607409,0.978817,25072,10,14,0.00635325,0.000361203,0.9202927230423721,0.980994658645528
207814.0,352,0.454506,0.355379,0.988817,185665,37,19,0.00964283,0.000208931,0.9018020875985645,0.9855455543170968
200000.0,500,0.114195,0.390958,0.99,200000,27,14,0.010001,1.29433e-06,0.8999950001249938,0.9988623137515115
529773.0,457,0.125064,0.452713,0.978817,11397,22,14,0.00451088,0.00103823,0.9328369149011155,0.967778423378115
234595.0,395,0.324854,0.376876,0.98543,26056,13,17,0.00229882,0.00215294,0.9520539886956172,0.9536002155177419
234595.0,395,0.324854,0.376876,0.98543,26056,13,10,0.00221868,0.00218907,0.9528971338451682,0.9532125016697837
208465.0,361,0.69357,0.387851,0.99,170564,10,10,0.00933698,0.000342488,0.9033719502421786,0.9814935686854542
205371.0,362,0.632136,0.409612,0.99,189371,37,20,0.00972714,0.000142221,0.9013737357495479,0.9880743553633357
208465.0,243,0.187727,0.390958,0.99,200000,33,14,0.00993572,4.29348e-05,0.9003219181564974,0.9934475348150487
208465.0,253,0.380591,0.493507,0.99,192978,15,36,0.00980695,0.000104624,0.9009699540543377,0.9897714126097491
208465.0,335,0.506056,0.406679,0.99,192978,41,20,0.00975588,0.000120652,0.9012281416596812,0.9890158295716063
208465.0,363,0.121971,0.419163,0.99,200000,30,17,0.00997261,1.67848e-05,0.9001370439051597,0.9959030743233492
200000.0,268,0.46932,0.390958,0.99,193196,22,18,0.00990156,7.06665e-05,0.9004934173031753,0.9915936631045383
206447.0,378,0.46932,0.341076,0.988327,196713,37,25,0.0098551,8.89979e-05,0.9007271436897275,0.9905661301683774
200000.0,305,0.114195,0.390958,0.99,200000,27,14,0.00999943,3.75571e-06,0.9000028500406136,0.9980620345720318
458118.0,438,0.230919,0.396556,0.99,13917,22,18,0.00394264,0.00161602,0.9372095548670023,0.9598002487569885
501377.0,438,0.0864095,0.396556,0.99,13917,22,18,0.00399669,0.00158703,0.9367806200599847,0.960162454894911
200000.0,369,0.347238,0.376569,0.989422,172951,37,14,0.0096362,0.000220016,0.901835851758394,0.9851670636757249
234595.0,324,0.324854,0.420598,0.99,27692,13,17,0.00194968,0.00234031,0.9558448191035299,0.9516232493856811
714732.0,440,0.0989816,0.432023,0.99,21733,17,15,0.00590055,0.000710456,0.9231849624096948,0.9733456194969757
224081.0,351,0.348436,0.428953,0.945618,22981,39,10,0.0016535,0.00523944,0.9593367487773051,0.9276160238726829
200000.0,350,0.273869,0.376876,0.987918,200000,12,10,0.00999954,1.13914e-05,0.9000023000264507,0.9966248851871381
234595.0,350,0.230044,0.376876,0.99,26056,13,10,0.00181602,0.0032837,0.9573852138336938,0.9426964224502519
404773.0,227,0.131903,0.76962,0.987053,113574,10,13,0.00824973,0.00077313,0.909171975690319,0.972194784661866
473965.0,438,0.0864095,0.396556,0.938427,13917,26,18,0.00380979,0.00220918,0.9382765036635157,0.9529980851453901
396570.0,500,0.0989816,0.420598,0.99,21733,17,15,0.00483949,0.00116105,0.9304335569401454,0.9659258162240091
714732.0,438,0.0881921,0.420598,0.976958,21733,17,14,0.00580565,0.000870592,0.9238051839033652,0.9704942039592218
250877.0,325,0.371166,0.401744,0.99,26056,12,15,0.00211893,0.00236876,0.953968163191113,0.9513300914321796
224081.0,430,0.46932,0.414997,0.99,174274,42,17,0.00940031,0.000285404,0.9030448041619223,0.9831060957739189
208465.0,253,0.121971,0.390958,0.99,200000,29,17,0.0099427,2.61e-05,0.9002869115913061,0.994891184090222
529773.0,227,0.125064,0.641718,0.978817,25543,10,13,0.00444222,0.000926,0.9333500187546913,0.9695697518905941
208465.0,361,0.506056,0.390694,0.99,170564,41,19,0.00928471,0.000341754,0.9036427999576575,0.981513410265817
208465.0,324,0.518007,0.390958,0.99,190952,41,20,0.00970117,0.0001537,0.9015054823860739,0.987602419590904
208465.0,361,0.506056,0.390694,0.99,200000,41,19,0.00987774,6.73748e-05,0.9006131799482446,0.9917917846032162
208465.0,361,0.69357,0.390694,0.99,170564,10,10,0.00935143,0.000340579,0.9032972078996682,0.9815452174220339
208465.0,397,0.402075,0.390958,0.99,190952,41,20,0.00980473,9.91291e-05,0.9009811634081677,0.9900436402234551
224081.0,348,0.358749,0.468269,0.99,170880,17,28,0.00938336,0.000321949,0.9031322551103826,0.9820570626707888
200000.0,352,0.50344,0.42037,0.99,172951,31,19,0.00951734,0.000223203,0.9024431447821323,0.9850600200803348
529773.0,457,0.125064,0.57017,0.978817,21317,10,14,0.00689592,0.000348391,0.9169583237163411,0.9813347649358494
234595.0,350,0.305956,0.376876,0.99,200000,10,10,0.00968439,0.000170279,0.9015907016588371,0.9869509004142049
200000.0,361,0.467042,0.348265,0.99,188699,38,18,0.00982337,9.57848e-05,0.9008870845953969,0.9902130290692166
200000.0,499,0.0354034,0.436442,0.99,194149,16,14,0.00999913,3.60923e-06,0.9000043500946167,0.9981002026423852
200000.0,324,0.506056,0.426374,0.99,192978,37,20,0.00989118,6.06165e-05,0.9005455883331464,0.9922143401050393
200000.0,499,0.0354034,0.435595,0.99,198657,20,14,0.0100006,9.82111e-08,0.8999970000449986,0.9996866134974189
203094.0,323,0.56749,0.407456,0.99,188132,10,10,0.009721,0.00011857,0.9014048682743413,0.9891110147396555
208465.0,250,0.193336,0.390958,0.99,200000,33,14,0.00993483,3.27645e-05,0.9003263826280996,0.9942759716981832
200651.0,397,0.476783,0.390958,0.99,190952,41,22,0.00986853,6.78823e-05,0.9006595248652394,0.9917609284503653
200000.0,273,0.0354034,0.436442,0.99,194149,15,14,0.0099658,7.36603e-06,0.9001711464555462,0.9972859568905413
200000.0,391,0.50344,0.375976,0.988817,172951,37,16,0.00950629,0.000242767,0.9024997948720106,0.984419018002706
208465.0,335,0.386199,0.493507,0.99,190498,15,36,0.00982482,8.69803e-05,0.9008797699760538,0.9906736770375458
200088.0,369,0.50344,0.432458,0.988817,172951,39,17,0.00955007,0.000217564,0.9022755404210389,0.98524994915263
390986.0,432,0.125064,0.566553,0.99,25072,10,11,0.00577361,0.000360457,0.9240157253110882,0.9810142948511255
234595.0,395,0.324854,0.376876,0.99,28013,11,17,0.0027521,0.0016636,0.9475395386981776,0.9592127470893173
208191.0,335,0.381009,0.52667,0.99,190498,15,36,0.00984053,7.81293e-05,0.9008005544370332,0.9911609219937824
200000.0,361,0.467042,0.425434,0.99,188699,20,17,0.00984592,7.56845e-05,0.9007733906656082,0.9913003160976964
208465.0,397,0.402075,0.390958,0.99,200000,44,20,0.00991416,3.44001e-05,0.9004301250377404,0.9941348401556309
250877.0,325,0.248644,0.42903,0.99,19854,12,15,0.00149864,0.00215199,0.9612877280439394,0.9536104537638058
200862.0,500,0.219335,0.390958,0.99,200000,26,14,0.00999847,5.95395e-06,0.9000076502926349,0.9975599282797426
200000.0,325,0.248644,0.42903,0.99,19854,12,15,0.00113937,0.00273669,0.966245444751856,0.9476866173909582
208465.0,335,0.363199,0.493507,0.99,190498,15,42,0.00983803,8.34661e-05,0.9008131561143313,0.9908640216725301
238603.0,395,0.324854,0.376876,0.99,26056,10,10,0.00278613,0.00151346,0.9472161956657158,0.9610967867651012
234595.0,370,0.325406,0.376876,0.99,200000,10,10,0.0096934,0.000159219,0.9015449341069744,0.9873817988603764
234595.0,395,0.324854,0.376876,0.99,28306,11,17,0.00277563,0.00166012,0.9473157518797126,0.9592554298096053
246015.0,397,0.402075,0.435615,0.99,200000,44,20,0.00956909,0.000201453,0.9021782743967374,0.9858065860343609
207867.0,335,0.45841,0.493507,0.989928,190498,34,31,0.00979263,0.000101211,0.9010422817562975,0.9899396322134825
208412.0,352,0.454506,0.387492,0.988889,185665,15,11,0.00965001,0.000178957,0.9017655355794109,0.9866225189217103
200000.0,346,0.544057,0.389301,0.99,170700,40,18,0.00938696,0.000295224,0.9031136748555297,0.9828179163079678
224170.0,348,0.358749,0.545034,0.99,170880,18,28,0.00943908,0.000247904,0.9028450721785045,0.9842550325500495
250877.0,473,0.210072,0.42903,0.99,19854,12,14,0.00326799,0.000991799,0.9428336637521697,0.9685071595437947
224081.0,358,0.317727,0.290809,0.99,26815,37,15,0.000703665,0.00678142,0.9734733153221139,0.9176506223460068
250877.0,331,0.257386,0.42903,0.99,19854,12,15,0.00156858,0.00201618,0.9603946973247268,0.9550981069441388
200000.0,395,0.324854,0.401515,0.99,21697,12,10,0.00190617,0.0018899,0.9563402931755148,0.9565270198859107
200000.0,499,0.0354034,0.435595,0.99,199968,20,14,0.0100009,8.83514e-07,0.8999955001012454,0.999060045745794
224081.0,357,0.317727,0.346931,0.99,26815,37,17,0.00127713,0.00457299,0.9642630443378286,0.9323761136875438
224081.0,404,0.348436,0.315904,0.99,26815,39,17,0.00133819,0.0040312,0.963418720634729,0.9365082682548349
234595.0,324,0.324854,0.420598,0.99,22601,13,17,0.00153624,0.00242492,0.9608051023728853,0.9507565232746509
390986.0,457,0.125064,0.607409,0.978817,25072,10,14,0.00635325,0.000361203,0.9202927230423721,0.980994658645528
224081.0,348,0.379596,0.468269,0.99,167155,18,28,0.00927294,0.000360606,0.9037038941597325,0.9810103712516542
529773.0,457,0.125064,0.452713,0.978817,11397,22,14,0.00451088,0.00103823,0.9328369149011155,0.967778423378115
234595.0,395,0.324854,0.376876,0.982873,26056,11,10,0.00243788,0.0018907,0.9506251075950539,0.9565178197418759
714732.0,438,0.0989816,0.420598,0.99,21733,18,16,0.00578496,0.000795701,0.9239410754743402,0.971791827425372
275195.0,432,0.316112,0.376876,0.99,26056,13,15,0.00346493,0.00174273,0.9411363439803473,0.9582539822258458
473965.0,500,0.0818905,0.396556,0.99,10000,22,18,0.00388712,0.00124981,0.9376532278301435,0.9646473480485551
714732.0,440,0.0989816,0.432023,0.99,21733,17,15,0.00590055,0.000710456,0.9231849624096948,0.9733456194969757
234595.0,395,0.324854,0.376876,0.99,21456,13,10,0.00187373,0.00214446,0.9567133969916788,0.9536916854117967
473965.0,438,0.0976886,0.396556,0.99,13917,22,18,0.00375574,0.00163651,0.9387159074473644,0.959546199189693
310612.0,395,0.324854,0.376876,0.99,26056,10,10,0.00387568,0.0014562,0.9377450403582173,0.9618398113212212
234595.0,395,0.324854,0.376876,0.99,26056,13,10,0.00225322,0.00205486,0.9525319054521882,0.9546694363591186
234595.0,391,0.324854,0.376876,0.99,26056,13,10,0.00218396,0.00208692,0.9532671421802603,0.9543171804723045
208465.0,361,0.69357,0.387851,0.99,170564,10,10,0.00933698,0.000342488,0.9033719502421786,0.9814935686854542
714732.0,438,0.0989816,0.420598,0.99,21733,17,15,0.00578939,0.000763242,0.9239119588897178,0.9723731652193017
200000.0,335,0.386199,0.44885,0.99,162374,15,36,0.00943222,0.000292507,0.9028803830320569,0.9828971639778661
200000.0,369,0.347238,0.376569,0.989422,172951,37,14,0.0096362,0.000220016,0.901835851758394,0.9851670636757249
208465.0,253,0.557754,0.459126,0.99,190952,41,20,0.00968383,0.000181695,0.9015935469595616,0.9865205712287204
200000.0,369,0.50344,0.389301,0.988817,172951,37,14,0.00949915,0.000251046,0.9025364170574466,0.9841555688016262
208465.0,324,0.475691,0.390958,0.99,190952,17,20,0.00972346,0.000140426,0.9013923938025064,0.9881498523215954
234595.0,391,0.324854,0.376876,0.99,26056,13,10,0.00218396,0.00208692,0.9532671421802603,0.9543171804723045
208465.0,243,0.187727,0.390958,0.99,200000,33,14,0.00993572,4.29348e-05,0.9003219181564974,0.9934475348150487
208465.0,397,0.420864,0.390958,0.99,190952,41,20,0.00979383,0.000102196,0.9010362187464525,0.9898907962727028
208465.0,335,0.506056,0.406679,0.99,192978,41,20,0.00975588,0.000120652,0.9012281416596812,0.9890158295716063
200000.0,268,0.46932,0.390958,0.99,193196,22,18,0.00990156,7.06665e-05,0.9004934173031753,0.9915936631045383
207814.0,352,0.454506,0.355379,0.988817,185665,32,19,0.00964248,0.000208794,0.9018038697300144,0.9855502941206404
206447.0,378,0.46932,0.341076,0.988327,196713,37,25,0.0098551,8.89979e-05,0.9007271436897275,0.9905661301683774
200000.0,352,0.219235,0.436442,0.99,194149,16,15,0.00996736,1.81016e-05,0.9001633333889798,0.9957454024867209
200362.0,369,0.505093,0.389301,0.99,170700,37,18,0.00944042,0.00026193,0.9028381762213162,0.9838157483954308
208436.0,335,0.381427,0.493507,0.99,193070,25,36,0.0098574,7.60511e-05,0.900715560131509,0.9912792718193949
200000.0,352,0.50344,0.384844,0.99,172951,31,19,0.00948203,0.000255017,0.9026242843415259,0.9840307482955525
224081.0,443,0.46932,0.414997,0.99,174274,42,17,0.00943936,0.000275598,0.9028436311917741,0.9833988554611437
208465.0,397,0.402075,0.390958,0.99,190952,41,20,0.00980473,9.91291e-05,0.9009811634081677,0.9900436402234551
529773.0,457,0.125064,0.57017,0.978817,21317,10,14,0.00689592,0.000348391,0.9169583237163411,0.9813347649358494
234595.0,350,0.305956,0.376876,0.99,200000,10,10,0.00968439,0.000170279,0.9015907016588371,0.9869509004142049
200000.0,361,0.467042,0.348265,0.99,188699,38,18,0.00982337,9.57848e-05,0.9008870845953969,0.9902130290692166
200000.0,499,0.0354034,0.435595,0.99,198657,20,14,0.0100006,9.82111e-08,0.8999970000449986,0.9996866134974189
203094.0,323,0.56749,0.407456,0.99,188132,10,10,0.009721,0.00011857,0.9014048682743413,0.9891110147396555
200000.0,273,0.0354034,0.436442,0.99,194149,15,14,0.0099658,7.36603e-06,0.9001711464555462,0.9972859568905413
208465.0,335,0.386199,0.493507,0.99,190498,15,36,0.00982482,8.69803e-05,0.9008797699760538,0.9906736770375458
390986.0,432,0.125064,0.566553,0.99,25072,10,11,0.00577361,0.000360457,0.9240157253110882,0.9810142948511255
234595.0,395,0.324854,0.376876,0.99,28013,11,17,0.0027521,0.0016636,0.9475395386981776,0.9592127470893173
208191.0,335,0.381009,0.52667,0.99,190498,15,36,0.00984053,7.81293e-05,0.9008005544370332,0.9911609219937824
200000.0,361,0.467042,0.425434,0.99,188699,20,17,0.00984592,7.56845e-05,0.9007733906656082,0.9913003160976964
250877.0,325,0.248644,0.42903,0.99,19854,12,15,0.00149864,0.00215199,0.9612877280439394,0.9536104537638058
200000.0,325,0.248644,0.42903,0.99,19854,12,15,0.00113937,0.00273669,0.966245444751856,0.9476866173909582
208465.0,335,0.363199,0.493507,0.99,190498,15,42,0.00983803,8.34661e-05,0.9008131561143313,0.9908640216725301
238603.0,395,0.324854,0.376876,0.99,26056,10,10,0.00278613,0.00151346,0.9472161956657158,0.9610967867651012
234595.0,370,0.325406,0.376876,0.99,200000,10,10,0.0096934,0.000159219,0.9015449341069744,0.9873817988603764
234595.0,395,0.324854,0.376876,0.99,28306,11,17,0.00277563,0.00166012,0.9473157518797126,0.9592554298096053
208412.0,352,0.454506,0.387492,0.988889,185665,15,11,0.00965001,0.000178957,0.9017655355794109,0.9866225189217103
250877.0,473,0.210072,0.42903,0.99,19854,12,14,0.00326799,0.000991799,0.9428336637521697,0.9685071595437947
224081.0,358,0.317727,0.290809,0.99,26815,37,15,0.000703665,0.00678142,0.9734733153221139,0.9176506223460068
250877.0,331,0.257386,0.42903,0.99,19854,12,15,0.00156858,0.00201618,0.9603946973247268,0.9550981069441388
200000.0,395,0.324854,0.401515,0.99,21697,12,10,0.00190617,0.0018899,0.9563402931755148,0.9565270198859107
390986.0,432,0.125064,0.614573,0.99,177578,10,18,0.00935932,0.000193685,0.9032564214017281,0.9860829241577118
200000.0,377,0.420864,0.468502,0.99,190952,49,21,0.0099092,2.52221e-05,0.9004550352855555,0.9949778391105023
200000.0,361,0.467042,0.437701,0.99,188699,20,17,0.00985074,7.39822e-05,0.900749105797479,0.9913987093991657
238603.0,354,0.324854,0.376876,0.99,26056,10,10,0.00199579,0.00169522,0.9553257344772184,0.9588269505622914
208191.0,383,0.381009,0.539251,0.99,193864,15,39,0.00988592,5.24818e-05,0.9005720361266509,0.9927555676550885
234595.0,370,0.325406,0.38222,0.99,200000,10,10,0.00970062,0.000153105,0.9015082744592217,0.9876264394776605
222430.0,395,0.324854,0.376876,0.99,28306,11,18,0.00258955,0.0016758,0.9491123787154478,0.9590634637518023
208465.0,397,0.402075,0.390958,0.99,190952,41,20,0.00980473,9.91291e-05,0.9009811634081677,0.9900436402234551
252009.0,348,0.358749,0.545034,0.99,170880,14,28,0.00922275,0.000319997,0.9039648501849453,0.9821115400327474
208465.0,354,0.518007,0.442457,0.99,190952,35,22,0.00974992,0.000118444,0.9012583168059203,0.9891168019406059
200000.0,323,0.56749,0.407456,0.99,188132,10,10,0.00977908,0.000100066,0.9011107690392932,0.9899967005443204
200000.0,499,0.0354034,0.435595,0.99,198657,20,14,0.0100006,9.82111e-08,0.8999970000449986,0.9996866134974189
250877.0,302,0.248644,0.42903,0.99,19854,12,15,0.00122954,0.00257117,0.964935202838174,0.9492932943290535
224081.0,358,0.317727,0.290809,0.99,26815,37,15,0.000703665,0.00678142,0.9734733153221139,0.9176506223460068
200000.0,383,0.386199,0.426705,0.99,190498,15,36,0.00990596,3.34452e-05,0.9004713106687323,0.9942168174851558
203094.0,323,0.366287,0.499003,0.99,188132,10,10,0.00985724,6.385e-05,0.9007163659005171,0.9920093804996108
200000.0,273,0.0354034,0.456689,0.99,194149,34,14,0.00996649,2.60571e-06,0.9001676906006878,0.9983857788255632
251267.0,463,0.122602,0.655189,0.978817,12289,17,14,0.00416424,0.000838358,0.9354690771800062,0.9710455875556073
224081.0,357,0.317727,0.346931,0.99,26815,37,17,0.00127713,0.00457299,0.9642630443378286,0.9323761136875438
200000.0,499,0.0354034,0.435595,0.99,199968,20,14,0.0100009,8.83514e-07,0.8999955001012454,0.999060045745794
224081.0,404,0.348436,0.315904,0.99,26815,39,17,0.00133819,0.0040312,0.963418720634729,0.9365082682548349
234595.0,324,0.324854,0.420598,0.99,22601,13,17,0.00153624,0.00242492,0.9608051023728853,0.9507565232746509
390986.0,457,0.125064,0.607409,0.978817,25072,10,14,0.00635325,0.000361203,0.9202927230423721,0.980994658645528
224081.0,348,0.379596,0.468269,0.99,167155,18,28,0.00927294,0.000360606,0.9037038941597325,0.9810103712516542
529773.0,227,0.125064,0.641718,0.978817,25543,10,13,0.00444222,0.000926,0.9333500187546913,0.9695697518905941
234595.0,395,0.324854,0.376876,0.982873,26056,11,10,0.00243788,0.0018907,0.9506251075950539,0.9565178197418759
275195.0,432,0.316112,0.376876,0.99,26056,13,15,0.00346493,0.00174273,0.9411363439803473,0.9582539822258458
714732.0,438,0.0989816,0.420598,0.99,21733,18,16,0.00578496,0.000795701,0.9239410754743402,0.971791827425372
473965.0,500,0.0818905,0.396556,0.99,10000,22,18,0.00388712,0.00124981,0.9376532278301435,0.9646473480485551
714732.0,440,0.0989816,0.432023,0.99,21733,17,15,0.00590055,0.000710456,0.9231849624096948,0.9733456194969757
234595.0,395,0.324854,0.376876,0.99,21456,13,10,0.00187373,0.00214446,0.9567133969916788,0.9536916854117967
473965.0,438,0.0976886,0.396556,0.99,13917,22,18,0.00375574,0.00163651,0.9387159074473644,0.959546199189693
310612.0,395,0.324854,0.376876,0.99,26056,10,10,0.00387568,0.0014562,0.9377450403582173,0.9618398113212212
234595.0,395,0.324854,0.376876,0.99,26056,13,10,0.00225322,0.00205486,0.9525319054521882,0.9546694363591186
234595.0,391,0.324854,0.376876,0.99,26056,13,10,0.00218396,0.00208692,0.9532671421802603,0.9543171804723045
714732.0,438,0.0989816,0.420598,0.99,21733,17,15,0.00578939,0.000763242,0.9239119588897178,0.9723731652193017
208465.0,253,0.557754,0.459126,0.99,190952,41,20,0.00968383,0.000181695,0.9015935469595616,0.9865205712287204
246015.0,397,0.402075,0.435615,0.99,200000,44,20,0.00956909,0.000201453,0.9021782743967374,0.9858065860343609
234595.0,391,0.324854,0.376876,0.99,26056,13,10,0.00218396,0.00208692,0.9532671421802603,0.9543171804723045
207867.0,335,0.45841,0.493507,0.989928,190498,34,31,0.00979263,0.000101211,0.9010422817562975,0.9899396322134825
208465.0,335,0.506056,0.406679,0.99,192978,41,20,0.00975588,0.000120652,0.9012281416596812,0.9890158295716063
208465.0,361,0.69357,0.390694,0.99,170564,10,10,0.00935143,0.000340579,0.9032972078996682,0.9815452174220339
224170.0,348,0.358749,0.545034,0.99,170880,18,28,0.00943908,0.000247904,0.9028450721785045,0.9842550325500495
200000.0,391,0.50344,0.375976,0.988817,172951,37,16,0.00950629,0.000242767,0.9024997948720106,0.984419018002706
208465.0,324,0.518007,0.390958,0.99,190952,41,20,0.00970117,0.0001537,0.9015054823860739,0.987602419590904
208465.0,324,0.475691,0.390958,0.99,190952,17,20,0.00972346,0.000140426,0.9013923938025064,0.9881498523215954
208465.0,361,0.506056,0.390694,0.99,170564,41,19,0.00928471,0.000341754,0.9036427999576575,0.981513410265817
206447.0,378,0.46932,0.341076,0.988327,196713,37,25,0.0098551,8.89979e-05,0.9007271436897275,0.9905661301683774
224081.0,359,0.358749,0.468269,0.99,170880,11,26,0.00940279,0.000257874,0.9030320155927741,0.9839415442834624
200000.0,352,0.219235,0.436442,0.99,194149,16,15,0.00996736,1.81016e-05,0.9001633333889798,0.9957454024867209
200000.0,352,0.50344,0.42037,0.99,172951,31,19,0.00951734,0.000223203,0.9024431447821323,0.9850600200803348
224081.0,430,0.46932,0.414997,0.99,174274,42,17,0.00940031,0.000285404,0.9030448041619223,0.9831060957739189
200000.0,346,0.544057,0.389301,0.99,170700,40,18,0.00938696,0.000295224,0.9031136748555297,0.9828179163079678
200000.0,335,0.45841,0.497274,0.99,190498,34,31,0.00988825,6.03622e-05,0.9005603197913429,0.9922306885761993
224081.0,348,0.358749,0.468269,0.99,170880,17,28,0.00938336,0.000321949,0.9031322551103826,0.9820570626707888
200000.0,368,0.46932,0.420848,0.99,193196,22,18,0.00991178,4.81482e-05,0.9004420771610817,0.9930611095987903
208465.0,253,0.121971,0.390958,0.99,200000,29,17,0.0099427,2.61e-05,0.9002869115913061,0.994891184090222
529773.0,457,0.125064,0.57017,0.978817,21317,10,14,0.00689592,0.000348391,0.9169583237163411,0.9813347649358494
234595.0,350,0.305956,0.376876,0.99,200000,10,10,0.00968439,0.000170279,0.9015907016588371,0.9869509004142049
200000.0,499,0.0354034,0.435595,0.99,198657,20,14,0.0100006,9.82111e-08,0.8999970000449986,0.9996866134974189
203094.0,323,0.56749,0.407456,0.99,188132,10,10,0.009721,0.00011857,0.9014048682743413,0.9891110147396555
200000.0,273,0.0354034,0.436442,0.99,194149,15,14,0.0099658,7.36603e-06,0.9001711464555462,0.9972859568905413
390986.0,432,0.125064,0.566553,0.99,25072,10,11,0.00577361,0.000360457,0.9240157253110882,0.9810142948511255
208191.0,335,0.381009,0.52667,0.99,190498,15,36,0.00984053,7.81293e-05,0.9008005544370332,0.9911609219937824
200000.0,361,0.467042,0.425434,0.99,188699,20,17,0.00984592,7.56845e-05,0.9007733906656082,0.9913003160976964
200000.0,325,0.248644,0.42903,0.99,19854,12,15,0.00113937,0.00273669,0.966245444751856,0.9476866173909582
208465.0,335,0.363199,0.493507,0.99,190498,15,42,0.00983803,8.34661e-05,0.9008131561143313,0.9908640216725301
234595.0,370,0.325406,0.376876,0.99,200000,10,10,0.0096934,0.000159219,0.9015449341069744,0.9873817988603764
208412.0,352,0.454506,0.387492,0.988889,185665,15,11,0.00965001,0.000178957,0.9017655355794109,0.9866225189217103
224081.0,358,0.317727,0.290809,0.99,26815,37,15,0.000703665,0.00678142,0.9734733153221139,0.9176506223460068
250877.0,331,0.257386,0.42903,0.99,19854,12,15,0.00156858,0.00201618,0.9603946973247268,0.9550981069441388
200000.0,395,0.324854,0.401515,0.99,21697,12,10,0.00190617,0.0018899,0.9563402931755148,0.9565270198859107
390986.0,432,0.125064,0.614573,0.99,177578,10,18,0.00935932,0.000193685,0.9032564214017281,0.9860829241577118
200000.0,377,0.420864,0.468502,0.99,190952,49,21,0.0099092,2.52221e-05,0.9004550352855555,0.9949778391105023
200000.0,361,0.467042,0.437701,0.99,188699,20,17,0.00985074,7.39822e-05,0.900749105797479,0.9913987093991657
238603.0,354,0.324854,0.376876,0.99,26056,10,10,0.00199579,0.00169522,0.9553257344772184,0.9588269505622914
208191.0,383,0.381009,0.539251,0.99,193864,15,39,0.00988592,5.24818e-05,0.9005720361266509,0.9927555676550885
234595.0,370,0.325406,0.38222,0.99,200000,10,10,0.00970062,0.000153105,0.9015082744592217,0.9876264394776605
252009.0,348,0.358749,0.545034,0.99,170880,14,28,0.00922275,0.000319997,0.9039648501849453,0.9821115400327474
208465.0,354,0.518007,0.442457,0.99,190952,35,22,0.00974992,0.000118444,0.9012583168059203,0.9891168019406059
200000.0,323,0.56749,0.407456,0.99,188132,10,10,0.00977908,0.000100066,0.9011107690392932,0.9899967005443204
200000.0,499,0.0354034,0.435595,0.99,198657,20,14,0.0100006,9.82111e-08,0.8999970000449986,0.9996866134974189
250877.0,302,0.248644,0.42903,0.99,19854,12,15,0.00122954,0.00257117,0.964935202838174,0.9492932943290535
224081.0,358,0.317727,0.290809,0.99,26815,37,15,0.000703665,0.00678142,0.9734733153221139,0.9176506223460068
200000.0,383,0.386199,0.426705,0.99,190498,15,36,0.00990596,3.34452e-05,0.9004713106687323,0.9942168174851558
203094.0,323,0.366287,0.499003,0.99,188132,10,10,0.00985724,6.385e-05,0.9007163659005171,0.9920093804996108
200000.0,273,0.0354034,0.456689,0.99,194149,34,14,0.00996649,2.60571e-06,0.9001676906006878,0.9983857788255632
250877.0,387,0.248644,0.42903,0.99,19854,12,15,0.00232158,0.00144035,0.951817222994103,0.9620480567032464
204565.0,324,0.551612,0.407456,0.99,188132,10,10,0.00970166,0.000124668,0.90150299496939,0.98883451747572
208191.0,383,0.381009,0.539251,0.99,195941,18,39,0.00990525,4.68499e-05,0.9004748775434062,0.9931553013214606
200000.0,377,0.420864,0.468502,0.99,190952,49,21,0.0099092,2.52221e-05,0.9004550352855555,0.9949778391105023
529773.0,227,0.125064,0.641718,0.987331,10000,10,13,0.00319063,0.000534151,0.9435143381024883,0.9768882930098186
238603.0,395,0.324854,0.347143,0.99,26218,10,10,0.00219429,0.00163085,0.9531567507531769,0.9596162161257764
208465.0,391,0.402075,0.390958,0.99,188923,41,17,0.00977384,0.000115427,0.9011372668797792,0.989256304174075
200000.0,338,0.219235,0.436442,0.99,194149,16,18,0.00996238,1.58789e-05,0.9001882772415986,0.9960151662518996
275389.0,331,0.381009,0.539251,0.99,193864,15,32,0.00934438,0.00030313,0.9033336666672414,0.9825893710624802
390986.0,432,0.125064,0.566553,0.99,25072,10,11,0.00577361,0.000360457,0.9240157253110882,0.9810142948511255
200000.0,323,0.28389,0.407456,0.99,188132,10,10,0.00988223,5.44516e-05,0.900590594006402,0.9926208672596301
208465.0,397,0.402075,0.390958,0.99,190952,26,27,0.00980466,9.87234e-05,0.9009815168768982,0.9900640350242164
224081.0,353,0.320136,0.300227,0.99,26815,31,15,0.000751315,0.0064711,0.9725898741338169,0.919556852373866
250877.0,331,0.257386,0.419941,0.99,19854,12,19,0.00148679,0.00211042,0.9614410840401341,0.9540606922124418
208465.0,397,0.402075,0.400047,0.99,190952,40,16,0.00981036,9.62125e-05,0.9009527385537591,0.9901912029279835
208465.0,397,0.427744,0.450712,0.99,190952,41,20,0.00981667,8.68223e-05,0.9009208901937447,0.9906821515358963
224081.0,358,0.306092,0.290809,0.99,25548,37,15,0.000633448,0.00695117,0.974831607123219,0.9166263230989541
250877.0,295,0.257386,0.42903,0.99,19854,18,15,0.00107001,0.00413702,0.9672889926783047,0.9356803296028345
200000.0,499,0.0354034,0.435595,0.99,199968,20,14,0.0100009,8.83514e-07,0.8999955001012454,0.999060045745794
224081.0,357,0.317727,0.346931,0.99,26815,37,17,0.00127713,0.00457299,0.9642630443378286,0.9323761136875438
224081.0,404,0.348436,0.315904,0.99,26815,39,17,0.00133819,0.0040312,0.963418720634729,0.9365082682548349
250877.0,325,0.248644,0.42903,0.99,19854,12,15,0.00149864,0.00215199,0.9612877280439394,0.9536104537638058
390986.0,457,0.125064,0.607409,0.978817,25072,10,14,0.00635325,0.000361203,0.9202927230423721,0.980994658645528
224081.0,348,0.379596,0.468269,0.99,167155,18,28,0.00927294,0.000360606,0.9037038941597325,0.9810103712516542
251267.0,463,0.122602,0.655189,0.978817,12289,17,14,0.00416424,0.000838358,0.9354690771800062,0.9710455875556073
250877.0,473,0.210072,0.42903,0.99,19854,12,14,0.00326799,0.000991799,0.9428336637521697,0.9685071595437947
714732.0,438,0.0989816,0.420598,0.99,21733,18,16,0.00578496,0.000795701,0.9239410754743402,0.971791827425372
238603.0,395,0.324854,0.376876,0.99,26056,10,10,0.00278613,0.00151346,0.9472161956657158,0.9610967867651012
714732.0,440,0.0989816,0.432023,0.99,21733,17,15,0.00590055,0.000710456,0.9231849624096948,0.9733456194969757
234595.0,395,0.324854,0.376876,0.982873,26056,11,10,0.00243788,0.0018907,0.9506251075950539,0.9565178197418759
234595.0,395,0.324854,0.376876,0.99,21456,13,10,0.00187373,0.00214446,0.9567133969916788,0.9536916854117967
222430.0,395,0.324854,0.376876,0.99,28306,11,18,0.00258955,0.0016758,0.9491123787154478,0.9590634637518023
250877.0,331,0.257386,0.42903,0.99,29067,12,15,0.00240472,0.00205329,0.9509620555080048,0.9546867569026449
234595.0,391,0.324854,0.376876,0.99,26056,13,10,0.00218396,0.00208692,0.9532671421802603,0.9543171804723045
234595.0,395,0.324854,0.376876,0.99,28306,11,17,0.00277563,0.00166012,0.9473157518797126,0.9592554298096053
234595.0,395,0.324854,0.376876,0.99,26056,13,10,0.00225322,0.00205486,0.9525319054521882,0.9546694363591186
714732.0,438,0.0989816,0.420598,0.99,21733,17,15,0.00578939,0.000763242,0.9239119588897178,0.9723731652193017
246015.0,397,0.402075,0.435615,0.99,200000,44,20,0.00956909,0.000201453,0.9021782743967374,0.9858065860343609
208465.0,253,0.557754,0.459126,0.99,190952,41,20,0.00968383,0.000181695,0.9015935469595616,0.9865205712287204
234595.0,395,0.324854,0.376876,0.99,28013,11,17,0.0027521,0.0016636,0.9475395386981776,0.9592127470893173
234595.0,391,0.324854,0.376876,0.99,26056,13,10,0.00218396,0.00208692,0.9532671421802603,0.9543171804723045
208191.0,354,0.381009,0.542061,0.99,193864,13,42,0.00988262,5.5186e-05,0.9005886324407515,0.9925712719796724
200000.0,352,0.50344,0.42037,0.99,172951,31,19,0.00951734,0.000223203,0.9024431447821323,0.9850600200803348
208465.0,335,0.386199,0.493507,0.99,190498,15,36,0.00982482,8.69803e-05,0.9008797699760538,0.9906736770375458
208465.0,361,0.69357,0.390694,0.99,170564,10,10,0.00935143,0.000340579,0.9032972078996682,0.9815452174220339
224170.0,348,0.358749,0.545034,0.99,170880,18,28,0.00943908,0.000247904,0.9028450721785045,0.9842550325500495
200000.0,391,0.50344,0.375976,0.988817,172951,37,16,0.00950629,0.000242767,0.9024997948720106,0.984419018002706
224081.0,348,0.358749,0.468269,0.99,170880,17,28,0.00938336,0.000321949,0.9031322551103826,0.9820570626707888
208465.0,324,0.518007,0.390958,0.99,190952,41,20,0.00970117,0.0001537,0.9015054823860739,0.987602419590904
208465.0,324,0.475691,0.390958,0.99,190952,17,20,0.00972346,0.000140426,0.9013923938025064,0.9881498523215954
529773.0,457,0.125064,0.57017,0.978817,21317,10,14,0.00689592,0.000348391,0.9169583237163411,0.9813347649358494
234595.0,350,0.305956,0.376876,0.99,200000,10,10,0.00968439,0.000170279,0.9015907016588371,0.9869509004142049
200000.0,499,0.0354034,0.435595,0.99,198657,20,14,0.0100006,9.82111e-08,0.8999970000449986,0.9996866134974189
203094.0,323,0.56749,0.407456,0.99,188132,10,10,0.009721,0.00011857,0.9014048682743413,0.9891110147396555
200000.0,273,0.0354034,0.436442,0.99,194149,15,14,0.0099658,7.36603e-06,0.9001711464555462,0.9972859568905413
390986.0,432,0.125064,0.566553,0.99,25072,10,11,0.00577361,0.000360457,0.9240157253110882,0.9810142948511255
208191.0,335,0.381009,0.52667,0.99,190498,15,36,0.00984053,7.81293e-05,0.9008005544370332,0.9911609219937824
200000.0,361,0.467042,0.425434,0.99,188699,20,17,0.00984592,7.56845e-05,0.9007733906656082,0.9913003160976964
200000.0,325,0.248644,0.42903,0.99,19854,12,15,0.00113937,0.00273669,0.966245444751856,0.9476866173909582
208465.0,335,0.363199,0.493507,0.99,190498,15,42,0.00983803,8.34661e-05,0.9008131561143313,0.9908640216725301
234595.0,370,0.325406,0.376876,0.99,200000,10,10,0.0096934,0.000159219,0.9015449341069744,0.9873817988603764
208412.0,352,0.454506,0.387492,0.988889,185665,15,11,0.00965001,0.000178957,0.9017655355794109,0.9866225189217103
224081.0,358,0.317727,0.290809,0.99,26815,37,15,0.000703665,0.00678142,0.9734733153221139,0.9176506223460068
390986.0,432,0.125064,0.614573,0.99,177578,10,18,0.00935932,0.000193685,0.9032564214017281,0.9860829241577118
200000.0,377,0.420864,0.468502,0.99,190952,49,21,0.0099092,2.52221e-05,0.9004550352855555,0.9949778391105023
238603.0,354,0.324854,0.376876,0.99,26056,10,10,0.00199579,0.00169522,0.9553257344772184,0.9588269505622914
208191.0,383,0.381009,0.539251,0.99,193864,15,39,0.00988592,5.24818e-05,0.9005720361266509,0.9927555676550885
252009.0,348,0.358749,0.545034,0.99,170880,14,28,0.00922275,0.000319997,0.9039648501849453,0.9821115400327474
208465.0,354,0.518007,0.442457,0.99,190952,35,22,0.00974992,0.000118444,0.9012583168059203,0.9891168019406059
200000.0,323,0.56749,0.407456,0.99,188132,10,10,0.00977908,0.000100066,0.9011107690392932,0.9899967005443204
200000.0,499,0.0354034,0.435595,0.99,198657,20,14,0.0100006,9.82111e-08,0.8999970000449986,0.9996866134974189
250877.0,302,0.248644,0.42903,0.99,19854,12,15,0.00122954,0.00257117,0.964935202838174,0.9492932943290535
224081.0,358,0.317727,0.290809,0.99,26815,37,15,0.000703665,0.00678142,0.9734733153221139,0.9176506223460068
200000.0,383,0.386199,0.426705,0.99,190498,15,36,0.00990596,3.34452e-05,0.9004713106687323,0.9942168174851558
203094.0,323,0.366287,0.499003,0.99,188132,10,10,0.00985724,6.385e-05,0.9007163659005171,0.9920093804996108
200000.0,273,0.0354034,0.456689,0.99,194149,34,14,0.00996649,2.60571e-06,0.9001676906006878,0.9983857788255632
250877.0,387,0.248644,0.42903,0.99,19854,12,15,0.00232158,0.00144035,0.951817222994103,0.9620480567032464
204565.0,324,0.551612,0.407456,0.99,188132,10,10,0.00970166,0.000124668,0.90150299496939,0.98883451747572
208191.0,383,0.381009,0.539251,0.99,195941,18,39,0.00990525,4.68499e-05,0.9004748775434062,0.9931553013214606
200000.0,377,0.420864,0.468502,0.99,190952,49,21,0.0099092,2.52221e-05,0.9004550352855555,0.9949778391105023
529773.0,227,0.125064,0.641718,0.987331,10000,10,13,0.00319063,0.000534151,0.9435143381024883,0.9768882930098186
238603.0,395,0.324854,0.347143,0.99,26218,10,10,0.00219429,0.00163085,0.9531567507531769,0.9596162161257764
208465.0,391,0.402075,0.390958,0.99,188923,41,17,0.00977384,0.000115427,0.9011372668797792,0.989256304174075
200000.0,338,0.219235,0.436442,0.99,194149,16,18,0.00996238,1.58789e-05,0.9001882772415986,0.9960151662518996
390986.0,432,0.125064,0.566553,0.99,25072,10,11,0.00577361,0.000360457,0.9240157253110882,0.9810142948511255
200000.0,323,0.28389,0.407456,0.99,188132,10,10,0.00988223,5.44516e-05,0.900590594006402,0.9926208672596301
208465.0,397,0.402075,0.390958,0.99,190952,26,27,0.00980466,9.87234e-05,0.9009815168768982,0.9900640350242164
224081.0,353,0.320136,0.300227,0.99,26815,31,15,0.000751315,0.0064711,0.9725898741338169,0.919556852373866
208465.0,397,0.402075,0.400047,0.99,190952,40,16,0.00981036,9.62125e-05,0.9009527385537591,0.9901912029279835
208465.0,397,0.427744,0.450712,0.99,190952,41,20,0.00981667,8.68223e-05,0.9009208901937447,0.9906821515358963
224081.0,358,0.306092,0.290809,0.99,25548,37,15,0.000633448,0.00695117,0.974831607123219,0.9166263230989541
250877.0,295,0.257386,0.42903,0.99,19854,18,15,0.00107001,0.00413702,0.9672889926783047,0.9356803296028345
224081.0,372,0.280698,0.363361,0.99,26815,10,17,0.00184092,0.00169878,0.9570940563557915,0.9587837410722418
250811.0,348,0.358749,0.583242,0.99,170880,14,28,0.00932367,0.000288628,0.9034408471453896,0.9830109446996015
529773.0,227,0.125064,0.681998,0.987331,10000,10,13,0.00356557,0.000490942,0.9402876059766484,0.9778427889841704
203094.0,334,0.366287,0.460618,0.99,188132,10,17,0.00984689,6.54949e-05,0.9007685029841835,0.9919071080570664
250877.0,298,0.248644,0.42903,0.99,19854,10,15,0.00123805,0.00177989,0.9648140653101271,0.9578112574257066
234595.0,329,0.325406,0.377658,0.99,200000,10,10,0.00963562,0.000192719,0.9018388060382312,0.9861176731057074
200000.0,273,0.0354034,0.432253,0.99,194149,15,22,0.00996568,1.00274e-05,0.9001717474859947,0.996833392983018
528099.0,275,0.125064,0.641718,0.987331,10000,10,13,0.00434361,0.00041844,0.9340939304767762,0.9795441939782369
224081.0,358,0.306092,0.290809,0.99,25548,37,15,0.000633448,0.00695117,0.974831607123219,0.9166263230989541
208191.0,335,0.381009,0.489055,0.99,190498,15,36,0.00982879,8.59396e-05,0.9008597458143263,0.9907296386262454
234595.0,370,0.325406,0.376876,0.99,200000,10,10,0.0096934,0.000159219,0.9015449341069744,0.9873817988603764
208465.0,354,0.428512,0.483275,0.99,190952,35,23,0.00981217,9.14549e-05,0.9009436019229449,0.9904367944704717
205024.0,323,0.56749,0.407456,0.99,188537,10,10,0.00969356,0.000127517,0.9015441215569127,0.9887076574618018
224081.0,357,0.317727,0.346931,0.99,26815,37,17,0.00127713,0.00457299,0.9642630443378286,0.9323761136875438
200000.0,499,0.0354034,0.435595,0.99,199968,20,14,0.0100009,8.83514e-07,0.8999955001012454,0.999060045745794
224081.0,404,0.348436,0.315904,0.99,26815,39,17,0.00133819,0.0040312,0.963418720634729,0.9365082682548349
250877.0,331,0.257386,0.419941,0.99,19854,12,19,0.00148679,0.00211042,0.9614410840401341,0.9540606922124418
390986.0,457,0.125064,0.607409,0.978817,25072,10,14,0.00635325,0.000361203,0.9202927230423721,0.980994658645528
224081.0,348,0.379596,0.468269,0.99,167155,18,28,0.00927294,0.000360606,0.9037038941597325,0.9810103712516542
251267.0,463,0.122602,0.655189,0.978817,12289,17,14,0.00416424,0.000838358,0.9354690771800062,0.9710455875556073
250877.0,473,0.210072,0.42903,0.99,19854,12,14,0.00326799,0.000991799,0.9428336637521697,0.9685071595437947
714732.0,438,0.0989816,0.420598,0.99,21733,18,16,0.00578496,0.000795701,0.9239410754743402,0.971791827425372
238603.0,395,0.324854,0.376876,0.99,26056,10,10,0.00278613,0.00151346,0.9472161956657158,0.9610967867651012
200000.0,395,0.324854,0.401515,0.99,21697,12,10,0.00190617,0.0018899,0.9563402931755148,0.9565270198859107
222430.0,395,0.324854,0.376876,0.99,28306,11,18,0.00258955,0.0016758,0.9491123787154478,0.9590634637518023
390986.0,445,0.12864,0.567726,0.978817,25072,10,14,0.00592255,0.000407733,0.923041894513963,0.9798076004397694
250877.0,331,0.257386,0.42903,0.99,19854,12,15,0.00156858,0.00201618,0.9603946973247268,0.9550981069441388
714732.0,440,0.0989816,0.432023,0.99,21733,17,15,0.00590055,0.000710456,0.9231849624096948,0.9733456194969757
234595.0,395,0.324854,0.376876,0.99,28306,11,17,0.00277563,0.00166012,0.9473157518797126,0.9592554298096053
714732.0,438,0.0989816,0.420598,0.99,21733,17,15,0.00578939,0.000763242,0.9239119588897178,0.9723731652193017
224170.0,348,0.358749,0.545034,0.99,170880,18,28,0.00943908,0.000247904,0.9028450721785045,0.9842550325500495
275389.0,331,0.381009,0.539251,0.99,193864,15,32,0.00934438,0.00030313,0.9033336666672414,0.9825893710624802
246015.0,397,0.402075,0.435615,0.99,200000,44,20,0.00956909,0.000201453,0.9021782743967374,0.9858065860343609
208465.0,253,0.557754,0.459126,0.99,190952,41,20,0.00968383,0.000181695,0.9015935469595616,0.9865205712287204
234595.0,395,0.324854,0.376876,0.99,28013,11,17,0.0027521,0.0016636,0.9475395386981776,0.9592127470893173
252009.0,331,0.358749,0.49594,0.99,183912,14,28,0.00932425,0.000321388,0.9034378438517449,0.9820727023787744
200000.0,352,0.50344,0.42037,0.99,172951,31,19,0.00951734,0.000223203,0.9024431447821323,0.9850600200803348
200000.0,391,0.50344,0.375976,0.988817,172951,37,16,0.00950629,0.000242767,0.9024997948720106,0.984419018002706
529773.0,457,0.125064,0.57017,0.978817,21317,10,14,0.00689592,0.000348391,0.9169583237163411,0.9813347649358494
200000.0,499,0.0354034,0.435595,0.99,198657,20,14,0.0100006,9.82111e-08,0.8999970000449986,0.9996866134974189
203094.0,323,0.56749,0.407456,0.99,188132,10,10,0.009721,0.00011857,0.9014048682743413,0.9891110147396555
200000.0,273,0.0354034,0.436442,0.99,194149,15,14,0.0099658,7.36603e-06,0.9001711464555462,0.9972859568905413
390986.0,432,0.125064,0.566553,0.99,25072,10,11,0.00577361,0.000360457,0.9240157253110882,0.9810142948511255
208191.0,335,0.381009,0.52667,0.99,190498,15,36,0.00984053,7.81293e-05,0.9008005544370332,0.9911609219937824
200000.0,361,0.467042,0.425434,0.99,188699,20,17,0.00984592,7.56845e-05,0.9007733906656082,0.9913003160976964
200000.0,325,0.248644,0.42903,0.99,19854,12,15,0.00113937,0.00273669,0.966245444751856,0.9476866173909582
234595.0,370,0.325406,0.376876,0.99,200000,10,10,0.0096934,0.000159219,0.9015449341069744,0.9873817988603764
224081.0,358,0.317727,0.290809,0.99,26815,37,15,0.000703665,0.00678142,0.9734733153221139,0.9176506223460068
200000.0,377,0.420864,0.468502,0.99,190952,49,21,0.0099092,2.52221e-05,0.9004550352855555,0.9949778391105023
208191.0,383,0.381009,0.539251,0.99,193864,15,39,0.00988592,5.24818e-05,0.9005720361266509,0.9927555676550885
252009.0,348,0.358749,0.545034,0.99,170880,14,28,0.00922275,0.000319997,0.9039648501849453,0.9821115400327474
208465.0,354,0.518007,0.442457,0.99,190952,35,22,0.00974992,0.000118444,0.9012583168059203,0.9891168019406059
200000.0,323,0.56749,0.407456,0.99,188132,10,10,0.00977908,0.000100066,0.9011107690392932,0.9899967005443204
200000.0,499,0.0354034,0.435595,0.99,198657,20,14,0.0100006,9.82111e-08,0.8999970000449986,0.9996866134974189
250877.0,302,0.248644,0.42903,0.99,19854,12,15,0.00122954,0.00257117,0.964935202838174,0.9492932943290535
224081.0,358,0.317727,0.290809,0.99,26815,37,15,0.000703665,0.00678142,0.9734733153221139,0.9176506223460068
200000.0,383,0.386199,0.426705,0.99,190498,15,36,0.00990596,3.34452e-05,0.9004713106687323,0.9942168174851558
203094.0,323,0.366287,0.499003,0.99,188132,10,10,0.00985724,6.385e-05,0.9007163659005171,0.9920093804996108
200000.0,273,0.0354034,0.456689,0.99,194149,34,14,0.00996649,2.60571e-06,0.9001676906006878,0.9983857788255632
250877.0,387,0.248644,0.42903,0.99,19854,12,15,0.00232158,0.00144035,0.951817222994103,0.9620480567032464
204565.0,324,0.551612,0.407456,0.99,188132,10,10,0.00970166,0.000124668,0.90150299496939,0.98883451747572
208191.0,383,0.381009,0.539251,0.99,195941,18,39,0.00990525,4.68499e-05,0.9004748775434062,0.9931553013214606
200000.0,377,0.420864,0.468502,0.99,190952,49,21,0.0099092,2.52221e-05,0.9004550352855555,0.9949778391105023
529773.0,227,0.125064,0.641718,0.987331,10000,10,13,0.00319063,0.000534151,0.9435143381024883,0.9768882930098186
208465.0,391,0.402075,0.390958,0.99,188923,41,17,0.00977384,0.000115427,0.9011372668797792,0.989256304174075
200000.0,338,0.219235,0.436442,0.99,194149,16,18,0.00996238,1.58789e-05,0.9001882772415986,0.9960151662518996
390986.0,432,0.125064,0.566553,0.99,25072,10,11,0.00577361,0.000360457,0.9240157253110882,0.9810142948511255
200000.0,323,0.28389,0.407456,0.99,188132,10,10,0.00988223,5.44516e-05,0.900590594006402,0.9926208672596301
208465.0,397,0.402075,0.390958,0.99,190952,26,27,0.00980466,9.87234e-05,0.9009815168768982,0.9900640350242164
224081.0,353,0.320136,0.300227,0.99,26815,31,15,0.000751315,0.0064711,0.9725898741338169,0.919556852373866
208465.0,397,0.402075,0.400047,0.99,190952,40,16,0.00981036,9.62125e-05,0.9009527385537591,0.9901912029279835
208465.0,397,0.427744,0.450712,0.99,190952,41,20,0.00981667,8.68223e-05,0.9009208901937447,0.9906821515358963
224081.0,358,0.306092,0.290809,0.99,25548,37,15,0.000633448,0.00695117,0.974831607123219,0.9166263230989541
250877.0,295,0.257386,0.42903,0.99,19854,18,15,0.00107001,0.00413702,0.9672889926783047,0.9356803296028345
224081.0,372,0.280698,0.363361,0.99,26815,10,17,0.00184092,0.00169878,0.9570940563557915,0.9587837410722418
529773.0,227,0.125064,0.681998,0.987331,10000,10,13,0.00356557,0.000490942,0.9402876059766484,0.9778427889841704
203094.0,334,0.366287,0.460618,0.99,188132,10,17,0.00984689,6.54949e-05,0.9007685029841835,0.9919071080570664
250877.0,298,0.248644,0.42903,0.99,19854,10,15,0.00123805,0.00177989,0.9648140653101271,0.9578112574257066
200000.0,273,0.0354034,0.432253,0.99,194149,15,22,0.00996568,1.00274e-05,0.9001717474859947,0.996833392983018
528099.0,275,0.125064,0.641718,0.987331,10000,10,13,0.00434361,0.00041844,0.9340939304767762,0.9795441939782369
224081.0,358,0.306092,0.290809,0.99,25548,37,15,0.000633448,0.00695117,0.974831607123219,0.9166263230989541
208191.0,335,0.381009,0.489055,0.99,190498,15,36,0.00982879,8.59396e-05,0.9008597458143263,0.9907296386262454
234595.0,370,0.325406,0.376876,0.99,200000,10,10,0.0096934,0.000159219,0.9015449341069744,0.9873817988603764
208465.0,354,0.428512,0.483275,0.99,190952,35,23,0.00981217,9.14549e-05,0.9009436019229449,0.9904367944704717
205024.0,323,0.56749,0.407456,0.99,188537,10,10,0.00969356,0.000127517,0.9015441215569127,0.9887076574618018
203094.0,323,0.217479,0.461182,0.99,188132,10,10,0.00990365,5.02956e-05,0.900482916039506,0.9929080609139672
200000.0,273,0.184211,0.494509,0.99,194149,34,14,0.00995924,1.75727e-05,0.9002040080965172,0.9958080195611143
208222.0,356,0.388566,0.489055,0.99,190498,15,16,0.00983284,8.06979e-05,0.9008393223096978,0.9910167990114882
390986.0,432,0.125064,0.566553,0.99,132855,11,15,0.00881865,0.00033474,0.9060923325814128,0.9817040988196809
224081.0,358,0.306092,0.290809,0.99,25548,37,19,0.000643399,0.00690345,0.9746346890419219,0.9169129974063331
229387.0,372,0.280698,0.366343,0.99,26815,10,17,0.00192528,0.00161691,0.9561219872829226,0.9597891805604511
200000.0,338,0.383955,0.436442,0.99,190960,14,18,0.00989873,5.14085e-05,0.9005076384841529,0.992830027894057
250877.0,302,0.248644,0.42903,0.99,19854,12,17,0.00123604,0.00256071,0.9648426394619847,0.949396541620162
202924.0,325,0.595159,0.407456,0.99,189863,12,10,0.00975005,0.000115637,0.9012576585248253,0.9892465354420076
200000.0,489,0.0411262,0.435595,0.99,200000,18,14,0.010001,8.13261e-08,0.8999950001249938,0.9997148226867368
390986.0,432,0.148297,0.614573,0.99,177578,10,18,0.009281,0.000181611,0.9036620531669893,0.98652368744797
224081.0,372,0.280698,0.368813,0.99,26815,10,10,0.00185061,0.00169032,0.9569812831432642,0.9588864985679887
390986.0,459,0.125064,0.614573,0.99,177578,10,18,0.00937319,0.000168206,0.9031847635958059,0.987030574415187
200000.0,499,0.0354034,0.435595,0.99,198657,10,15,0.0100006,2.72428e-07,0.8999970000449986,0.999478053642603
200000.0,499,0.0354034,0.369962,0.99,200000,20,14,0.0100009,1.50192e-07,0.8999955001012454,0.9996124538737131
224081.0,357,0.317727,0.346931,0.99,26815,37,17,0.00127713,0.00457299,0.9642630443378286,0.9323761136875438
224081.0,404,0.348436,0.315904,0.99,26815,39,17,0.00133819,0.0040312,0.963418720634729,0.9365082682548349
250877.0,331,0.257386,0.419941,0.99,19854,12,19,0.00148679,0.00211042,0.9614410840401341,0.9540606922124418
390986.0,457,0.125064,0.607409,0.978817,25072,10,14,0.00635325,0.000361203,0.9202927230423721,0.980994658645528
390986.0,419,0.147495,0.489861,0.99,174483,10,15,0.00916513,0.000335737,0.9042653145406535,0.9816768725376916
250877.0,473,0.210072,0.42903,0.99,19854,12,14,0.00326799,0.000991799,0.9428336637521697,0.9685071595437947
528099.0,275,0.125064,0.641718,0.987331,10304,10,20,0.00437611,0.000419469,0.9338478269442341,0.9795190576388683
238603.0,395,0.324854,0.376876,0.99,26056,10,10,0.00278613,0.00151346,0.9472161956657158,0.9610967867651012
251267.0,463,0.122602,0.655189,0.978817,12289,17,14,0.00416424,0.000838358,0.9354690771800062,0.9710455875556073
390986.0,445,0.12864,0.567726,0.978817,25072,10,14,0.00592255,0.000407733,0.923041894513963,0.9798076004397694
238603.0,395,0.324854,0.347143,0.99,26218,10,10,0.00219429,0.00163085,0.9531567507531769,0.9596162161257764
200000.0,395,0.324854,0.401515,0.99,21697,12,10,0.00190617,0.0018899,0.9563402931755148,0.9565270198859107
250877.0,331,0.257386,0.42903,0.99,19854,12,15,0.00156858,0.00201618,0.9603946973247268,0.9550981069441388
238603.0,354,0.324854,0.376876,0.99,26056,10,10,0.00199579,0.00169522,0.9553257344772184,0.9588269505622914
390986.0,432,0.125064,0.614573,0.99,177578,10,18,0.00935932,0.000193685,0.9032564214017281,0.9860829241577118
201017.0,253,0.557754,0.459126,0.99,190952,41,20,0.00982286,0.000108728,0.9008896574519087,0.9895727280653087
234595.0,329,0.325406,0.377658,0.99,200000,10,10,0.00963562,0.000192719,0.9018388060382312,0.9861176731057074
234595.0,350,0.305956,0.376876,0.99,200000,10,10,0.00968439,0.000170279,0.9015907016588371,0.9869509004142049
200000.0,499,0.0354034,0.435595,0.99,198657,20,14,0.0100006,9.82111e-08,0.8999970000449986,0.9996866134974189
200000.0,273,0.0354034,0.436442,0.99,194149,15,14,0.0099658,7.36603e-06,0.9001711464555462,0.9972859568905413
208191.0,335,0.381009,0.52667,0.99,190498,15,36,0.00984053,7.81293e-05,0.9008005544370332,0.9911609219937824
200000.0,361,0.467042,0.425434,0.99,188699,20,17,0.00984592,7.56845e-05,0.9007733906656082,0.9913003160976964
200000.0,325,0.248644,0.42903,0.99,19854,12,15,0.00113937,0.00273669,0.966245444751856,0.9476866173909582
234595.0,370,0.325406,0.376876,0.99,200000,10,10,0.0096934,0.000159219,0.9015449341069744,0.9873817988603764
200000.0,377,0.420864,0.468502,0.99,190952,49,21,0.0099092,2.52221e-05,0.9004550352855555,0.9949778391105023
208191.0,383,0.381009,0.539251,0.99,193864,15,39,0.00988592,5.24818e-05,0.9005720361266509,0.9927555676550885
200000.0,323,0.56749,0.407456,0.99,188132,10,10,0.00977908,0.000100066,0.9011107690392932,0.9899967005443204
200000.0,499,0.0354034,0.435595,0.99,198657,20,14,0.0100006,9.82111e-08,0.8999970000449986,0.9996866134974189
250877.0,302,0.248644,0.42903,0.99,19854,12,15,0.00122954,0.00257117,0.964935202838174,0.9492932943290535
200000.0,383,0.386199,0.426705,0.99,190498,15,36,0.00990596,3.34452e-05,0.9004713106687323,0.9942168174851558
203094.0,323,0.366287,0.499003,0.99,188132,10,10,0.00985724,6.385e-05,0.9007163659005171,0.9920093804996108
200000.0,273,0.0354034,0.456689,0.99,194149,34,14,0.00996649,2.60571e-06,0.9001676906006878,0.9983857788255632
250877.0,387,0.248644,0.42903,0.99,19854,12,15,0.00232158,0.00144035,0.951817222994103,0.9620480567032464
204565.0,324,0.551612,0.407456,0.99,188132,10,10,0.00970166,0.000124668,0.90150299496939,0.98883451747572
208191.0,383,0.381009,0.539251,0.99,195941,18,39,0.00990525,4.68499e-05,0.9004748775434062,0.9931553013214606
200000.0,377,0.420864,0.468502,0.99,190952,49,21,0.0099092,2.52221e-05,0.9004550352855555,0.9949778391105023
529773.0,227,0.125064,0.641718,0.987331,10000,10,13,0.00319063,0.000534151,0.9435143381024883,0.9768882930098186
200000.0,338,0.219235,0.436442,0.99,194149,16,18,0.00996238,1.58789e-05,0.9001882772415986,0.9960151662518996
200000.0,323,0.28389,0.407456,0.99,188132,10,10,0.00988223,5.44516e-05,0.900590594006402,0.9926208672596301
208465.0,397,0.402075,0.390958,0.99,190952,26,27,0.00980466,9.87234e-05,0.9009815168768982,0.9900640350242164
224081.0,353,0.320136,0.300227,0.99,26815,31,15,0.000751315,0.0064711,0.9725898741338169,0.919556852373866
208465.0,397,0.402075,0.400047,0.99,190952,40,16,0.00981036,9.62125e-05,0.9009527385537591,0.9901912029279835
224081.0,358,0.306092,0.290809,0.99,25548,37,15,0.000633448,0.00695117,0.974831607123219,0.9166263230989541
250877.0,295,0.257386,0.42903,0.99,19854,18,15,0.00107001,0.00413702,0.9672889926783047,0.9356803296028345
224081.0,372,0.280698,0.363361,0.99,26815,10,17,0.00184092,0.00169878,0.9570940563557915,0.9587837410722418
529773.0,227,0.125064,0.681998,0.987331,10000,10,13,0.00356557,0.000490942,0.9402876059766484,0.9778427889841704
203094.0,334,0.366287,0.460618,0.99,188132,10,17,0.00984689,6.54949e-05,0.9007685029841835,0.9919071080570664
250877.0,298,0.248644,0.42903,0.99,19854,10,15,0.00123805,0.00177989,0.9648140653101271,0.9578112574257066
200000.0,273,0.0354034,0.432253,0.99,194149,15,22,0.00996568,1.00274e-05,0.9001717474859947,0.996833392983018
528099.0,275,0.125064,0.641718,0.987331,10000,10,13,0.00434361,0.00041844,0.9340939304767762,0.9795441939782369
224081.0,358,0.306092,0.290809,0.99,25548,37,15,0.000633448,0.00695117,0.974831607123219,0.9166263230989541
234595.0,370,0.325406,0.376876,0.99,200000,10,10,0.0096934,0.000159219,0.9015449341069744,0.9873817988603764
208465.0,354,0.428512,0.483275,0.99,190952,35,23,0.00981217,9.14549e-05,0.9009436019229449,0.9904367944704717
205024.0,323,0.56749,0.407456,0.99,188537,10,10,0.00969356,0.000127517,0.9015441215569127,0.9887076574618018
203094.0,323,0.217479,0.461182,0.99,188132,10,10,0.00990365,5.02956e-05,0.900482916039506,0.9929080609139672
200000.0,273,0.184211,0.494509,0.99,194149,34,14,0.00995924,1.75727e-05,0.9002040080965172,0.9958080195611143
208222.0,356,0.388566,0.489055,0.99,190498,15,16,0.00983284,8.06979e-05,0.9008393223096978,0.9910167990114882
390986.0,432,0.125064,0.566553,0.99,132855,11,15,0.00881865,0.00033474,0.9060923325814128,0.9817040988196809
224081.0,358,0.306092,0.290809,0.99,25548,37,19,0.000643399,0.00690345,0.9746346890419219,0.9169129974063331
229387.0,372,0.280698,0.366343,0.99,26815,10,17,0.00192528,0.00161691,0.9561219872829226,0.9597891805604511
200000.0,338,0.383955,0.436442,0.99,190960,14,18,0.00989873,5.14085e-05,0.9005076384841529,0.992830027894057
250877.0,302,0.248644,0.42903,0.99,19854,12,17,0.00123604,0.00256071,0.9648426394619847,0.949396541620162
200000.0,489,0.0411262,0.435595,0.99,200000,18,14,0.010001,8.13261e-08,0.8999950001249938,0.9997148226867368
390986.0,432,0.148297,0.614573,0.99,177578,10,18,0.009281,0.000181611,0.9036620531669893,0.98652368744797
224081.0,372,0.280698,0.368813,0.99,26815,10,10,0.00185061,0.00169032,0.9569812831432642,0.9588864985679887
390986.0,459,0.125064,0.614573,0.99,177578,10,18,0.00937319,0.000168206,0.9031847635958059,0.987030574415187
200000.0,499,0.0354034,0.435595,0.99,198657,10,15,0.0100006,2.72428e-07,0.8999970000449986,0.999478053642603
224081.0,372,0.294693,0.363361,0.99,26815,10,17,0.00185075,0.00164331,0.9569796559753412,0.9594622398250717
202924.0,372,0.595159,0.392912,0.99,189863,12,12,0.00976895,0.00010505,0.9011620012343431,0.9897506097742353
224081.0,358,0.306092,0.290809,0.99,25548,20,15,0.000644882,0.00651653,0.9746054730305918,0.9192749729018317
390986.0,432,0.125064,0.566553,0.99,147089,11,17,0.00901143,0.000309259,0.9050714479200278,0.9824142387142325
224081.0,335,0.306044,0.320964,0.99,26815,33,15,0.00083458,0.00643834,0.9711109017101607,0.9197607328049414
202898.0,325,0.01,0.408739,0.99,189970,12,13,0.00993495,1.9298e-05,0.9003257806652091,0.9956070511043263
200287.0,323,0.28389,0.424012,0.99,188132,10,10,0.00988345,5.31503e-05,0.9005844579555088,0.992709574772347
208191.0,341,0.381009,0.539251,0.99,193864,15,39,0.00988012,5.95835e-05,0.9006012072507921,0.99228096508623
200000.0,324,0.501013,0.435649,0.99,188132,10,10,0.00981222,8.10369e-05,0.90094334954179,0.9909979502334191
200000.0,391,0.402075,0.383985,0.99,188923,12,40,0.00986846,6.14179e-05,0.9006598771895262,0.992163042682265
201299.0,323,0.56749,0.407456,0.99,188132,10,14,0.00975468,0.000106346,0.9012342164512426,0.9896875803033429
201795.0,399,0.420864,0.493554,0.99,190952,49,20,0.00989838,5.1937e-05,0.9005093974287018,0.9927932670369993
204565.0,324,0.551612,0.428969,0.99,188132,10,10,0.00971225,0.000117472,0.9014492516517505,0.989161549926304
203094.0,343,0.56749,0.407456,0.99,188132,10,10,0.00973036,0.000110627,0.9013574128482024,0.9894820629399107
454134.0,365,0.125064,0.641718,0.987331,10304,10,20,0.00537087,0.000338681,0.9267137802857863,0.9815967122502527
200000.0,499,0.0354034,0.369962,0.99,200000,20,14,0.0100009,1.50192e-07,0.8999955001012454,0.9996124538737131
224081.0,358,0.317727,0.290809,0.99,26815,37,15,0.000703665,0.00678142,0.9734733153221139,0.9176506223460068
224081.0,358,0.317727,0.290809,0.99,26815,37,15,0.000703665,0.00678142,0.9734733153221139,0.9176506223460068
250877.0,302,0.248644,0.42903,0.99,19854,22,18,0.00116594,0.00428878,0.9658541364144938,0.934511222335426
529773.0,457,0.125064,0.57017,0.978817,21317,10,14,0.00689592,0.000348391,0.9169583237163411,0.9813347649358494
224081.0,404,0.348436,0.315904,0.99,26815,39,17,0.00133819,0.0040312,0.963418720634729,0.9365082682548349
250877.0,331,0.257386,0.419941,0.99,19854,12,19,0.00148679,0.00211042,0.9614410840401341,0.9540606922124418
390986.0,432,0.125064,0.571219,0.988813,20907,10,11,0.00559724,0.000357056,0.925185295562971,0.9811040745132714
390986.0,419,0.147495,0.489861,0.99,174483,10,15,0.00916513,0.000335737,0.9042653145406535,0.9816768725376916
250877.0,473,0.210072,0.42903,0.99,19854,12,14,0.00326799,0.000991799,0.9428336637521697,0.9685071595437947
238603.0,395,0.324854,0.376876,0.99,26056,10,10,0.00278613,0.00151346,0.9472161956657158,0.9610967867651012
528099.0,260,0.125064,0.591151,0.988517,14469,10,20,0.00381446,0.000545286,0.9382386852471549,0.9766486402965481
528099.0,275,0.125064,0.641718,0.987331,10304,10,20,0.00437611,0.000419469,0.9338478269442341,0.9795190576388683
238603.0,395,0.324854,0.347143,0.99,26218,10,10,0.00219429,0.00163085,0.9531567507531769,0.9596162161257764
200000.0,395,0.324854,0.401515,0.99,21697,12,10,0.00190617,0.0018899,0.9563402931755148,0.9565270198859107
367780.0,322,0.125064,0.641718,0.987331,18186,10,13,0.00428137,0.000496198,0.9345678213720496,0.9777244977609931
200000.0,499,0.0354034,0.435595,0.99,198657,20,14,0.0100006,9.82111e-08,0.8999970000449986,0.9996866134974189
200000.0,273,0.0354034,0.436442,0.99,194149,15,14,0.0099658,7.36603e-06,0.9001711464555462,0.9972859568905413
208191.0,335,0.381009,0.52667,0.99,190498,15,36,0.00984053,7.81293e-05,0.9008005544370332,0.9911609219937824
200000.0,361,0.467042,0.425434,0.99,188699,20,17,0.00984592,7.56845e-05,0.9007733906656082,0.9913003160976964
200000.0,325,0.248644,0.42903,0.99,19854,12,15,0.00113937,0.00273669,0.966245444751856,0.9476866173909582
234595.0,370,0.325406,0.376876,0.99,200000,10,10,0.0096934,0.000159219,0.9015449341069744,0.9873817988603764
200000.0,377,0.420864,0.468502,0.99,190952,49,21,0.0099092,2.52221e-05,0.9004550352855555,0.9949778391105023
208191.0,383,0.381009,0.539251,0.99,193864,15,39,0.00988592,5.24818e-05,0.9005720361266509,0.9927555676550885
200000.0,323,0.56749,0.407456,0.99,188132,10,10,0.00977908,0.000100066,0.9011107690392932,0.9899967005443204
200000.0,499,0.0354034,0.435595,0.99,198657,20,14,0.0100006,9.82111e-08,0.8999970000449986,0.9996866134974189
250877.0,302,0.248644,0.42903,0.99,19854,12,15,0.00122954,0.00257117,0.964935202838174,0.9492932943290535
200000.0,383,0.386199,0.426705,0.99,190498,15,36,0.00990596,3.34452e-05,0.9004713106687323,0.9942168174851558
203094.0,323,0.366287,0.499003,0.99,188132,10,10,0.00985724,6.385e-05,0.9007163659005171,0.9920093804996108
200000.0,273,0.0354034,0.456689,0.99,194149,34,14,0.00996649,2.60571e-06,0.9001676906006878,0.9983857788255632
250877.0,387,0.248644,0.42903,0.99,19854,12,15,0.00232158,0.00144035,0.951817222994103,0.9620480567032464
204565.0,324,0.551612,0.407456,0.99,188132,10,10,0.00970166,0.000124668,0.90150299496939,0.98883451747572
208191.0,383,0.381009,0.539251,0.99,195941,18,39,0.00990525,4.68499e-05,0.9004748775434062,0.9931553013214606
200000.0,377,0.420864,0.468502,0.99,190952,49,21,0.0099092,2.52221e-05,0.9004550352855555,0.9949778391105023
529773.0,227,0.125064,0.641718,0.987331,10000,10,13,0.00319063,0.000534151,0.9435143381024883,0.9768882930098186
200000.0,338,0.219235,0.436442,0.99,194149,16,18,0.00996238,1.58789e-05,0.9001882772415986,0.9960151662518996
200000.0,323,0.28389,0.407456,0.99,188132,10,10,0.00988223,5.44516e-05,0.900590594006402,0.9926208672596301
224081.0,353,0.320136,0.300227,0.99,26815,31,15,0.000751315,0.0064711,0.9725898741338169,0.919556852373866
224081.0,372,0.280698,0.363361,0.99,26815,10,17,0.00184092,0.00169878,0.9570940563557915,0.9587837410722418
529773.0,227,0.125064,0.681998,0.987331,10000,10,13,0.00356557,0.000490942,0.9402876059766484,0.9778427889841704
203094.0,334,0.366287,0.460618,0.99,188132,10,17,0.00984689,6.54949e-05,0.9007685029841835,0.9919071080570664
250877.0,298,0.248644,0.42903,0.99,19854,10,15,0.00123805,0.00177989,0.9648140653101271,0.9578112574257066
200000.0,273,0.0354034,0.432253,0.99,194149,15,22,0.00996568,1.00274e-05,0.9001717474859947,0.996833392983018
234595.0,370,0.325406,0.376876,0.99,200000,10,10,0.0096934,0.000159219,0.9015449341069744,0.9873817988603764
208465.0,354,0.428512,0.483275,0.99,190952,35,23,0.00981217,9.14549e-05,0.9009436019229449,0.9904367944704717
205024.0,323,0.56749,0.407456,0.99,188537,10,10,0.00969356,0.000127517,0.9015441215569127,0.9887076574618018
203094.0,323,0.217479,0.461182,0.99,188132,10,10,0.00990365,5.02956e-05,0.900482916039506,0.9929080609139672
200000.0,273,0.184211,0.494509,0.99,194149,34,14,0.00995924,1.75727e-05,0.9002040080965172,0.9958080195611143
208222.0,356,0.388566,0.489055,0.99,190498,15,16,0.00983284,8.06979e-05,0.9008393223096978,0.9910167990114882
390986.0,432,0.125064,0.566553,0.99,132855,11,15,0.00881865,0.00033474,0.9060923325814128,0.9817040988196809
229387.0,372,0.280698,0.366343,0.99,26815,10,17,0.00192528,0.00161691,0.9561219872829226,0.9597891805604511
200000.0,338,0.383955,0.436442,0.99,190960,14,18,0.00989873,5.14085e-05,0.9005076384841529,0.992830027894057
250877.0,302,0.248644,0.42903,0.99,19854,12,17,0.00123604,0.00256071,0.9648426394619847,0.949396541620162
200000.0,489,0.0411262,0.435595,0.99,200000,18,14,0.010001,8.13261e-08,0.8999950001249938,0.9997148226867368
390986.0,432,0.148297,0.614573,0.99,177578,10,18,0.009281,0.000181611,0.9036620531669893,0.98652368744797
224081.0,372,0.280698,0.368813,0.99,26815,10,10,0.00185061,0.00169032,0.9569812831432642,0.9588864985679887
390986.0,459,0.125064,0.614573,0.99,177578,10,18,0.00937319,0.000168206,0.9031847635958059,0.987030574415187
224081.0,372,0.294693,0.363361,0.99,26815,10,17,0.00185075,0.00164331,0.9569796559753412,0.9594622398250717
202924.0,372,0.595159,0.392912,0.99,189863,12,12,0.00976895,0.00010505,0.9011620012343431,0.9897506097742353
224081.0,358,0.306092,0.290809,0.99,25548,20,15,0.000644882,0.00651653,0.9746054730305918,0.9192749729018317
390986.0,432,0.125064,0.566553,0.99,147089,11,17,0.00901143,0.000309259,0.9050714479200278,0.9824142387142325
202898.0,325,0.01,0.408739,0.99,189970,12,13,0.00993495,1.9298e-05,0.9003257806652091,0.9956070511043263
200287.0,323,0.28389,0.424012,0.99,188132,10,10,0.00988345,5.31503e-05,0.9005844579555088,0.992709574772347
208191.0,341,0.381009,0.539251,0.99,193864,15,39,0.00988012,5.95835e-05,0.9006012072507921,0.99228096508623
200000.0,324,0.501013,0.435649,0.99,188132,10,10,0.00981222,8.10369e-05,0.90094334954179,0.9909979502334191
200000.0,391,0.402075,0.383985,0.99,188923,12,40,0.00986846,6.14179e-05,0.9006598771895262,0.992163042682265
201299.0,323,0.56749,0.407456,0.99,188132,10,14,0.00975468,0.000106346,0.9012342164512426,0.9896875803033429
201795.0,399,0.420864,0.493554,0.99,190952,49,20,0.00989838,5.1937e-05,0.9005093974287018,0.9927932670369993
204565.0,324,0.551612,0.428969,0.99,188132,10,10,0.00971225,0.000117472,0.9014492516517505,0.989161549926304
203094.0,343,0.56749,0.407456,0.99,188132,10,10,0.00973036,0.000110627,0.9013574128482024,0.9894820629399107
245811.0,473,0.210072,0.42903,0.99,19013,12,14,0.00314765,0.000999508,0.943896078568428,0.9683850035584376
224081.0,358,0.325157,0.290809,0.99,25548,37,15,0.000583841,0.00675609,0.9758371980101644,0.9178045621703979
204565.0,324,0.551612,0.428969,0.99,188132,10,10,0.00971225,0.000117472,0.9014492516517505,0.989161549926304
555889.0,275,0.0842965,0.642254,0.987331,10000,10,13,0.00412149,0.00033614,0.9358011682349281,0.9816658788048077
421383.0,298,0.248644,0.42903,0.99,19854,10,14,0.00310031,0.00120524,0.9443195725591119,0.96528343334948
200000.0,262,0.248644,0.479356,0.99,19854,12,15,0.000832353,0.00353642,0.9711494714086553,0.9405321935834186
203094.0,344,0.366287,0.460618,0.99,188132,10,17,0.00985287,6.51586e-05,0.9007383759955541,0.991927912289872
200000.0,324,0.551612,0.415643,0.99,188132,10,10,0.00978711,9.33574e-05,0.9010701763875019,0.9903378366811567
203094.0,323,0.366287,0.499003,0.99,188132,10,10,0.00985724,6.385e-05,0.9007163659005171,0.9920093804996108
200000.0,385,0.280698,0.366343,0.99,26815,10,15,0.00183778,0.0017499,0.9571306636393797,0.9581681939189808
224081.0,372,0.294693,0.363361,0.99,26815,10,17,0.00185075,0.00164331,0.9569796559753412,0.9594622398250717
200000.0,323,0.56749,0.407456,0.99,184387,10,11,0.00969975,0.00012553,0.9015126911729232,0.9887959828632762
201795.0,399,0.420864,0.525156,0.989208,190952,16,20,0.00990275,5.04486e-05,0.9004874379789165,0.9928972822103085
410470.0,432,0.148297,0.582971,0.99,177578,43,18,0.00917825,0.000286548,0.9041968163368252,0.9830722712687142
200000.0,355,0.0354034,0.425966,0.99,200000,11,14,0.00999978,1.40495e-07,0.90000110000605,0.9996251733734112
200000.0,323,0.56749,0.407456,0.99,188132,10,10,0.00977908,0.000100066,0.9011107690392932,0.9899967005443204
229387.0,372,0.280698,0.38025,0.99,26815,10,17,0.00210603,0.00148873,0.9541084975186037,0.9614159359320458
224081.0,358,0.306092,0.290809,0.99,25548,37,10,0.000592219,0.00719725,0.9756644498726658,0.9151633923356196
200000.0,499,0.0354034,0.369962,0.99,200000,20,14,0.0100009,1.50192e-07,0.8999955001012454,0.9996124538737131
454134.0,365,0.125064,0.641718,0.987331,10304,10,20,0.00537087,0.000338681,0.9267137802857863,0.9815967122502527
390986.0,419,0.147495,0.489861,0.99,174483,10,15,0.00916513,0.000335737,0.9042653145406535,0.9816768725376916
224081.0,335,0.306044,0.320964,0.99,26815,33,15,0.00083458,0.00643834,0.9711109017101607,0.9197607328049414
250877.0,295,0.257386,0.42903,0.99,19854,18,15,0.00107001,0.00413702,0.9672889926783047,0.9356803296028345
250877.0,303,0.255543,0.42903,0.99,21146,12,21,0.00135728,0.00250873,0.9631587188062087,0.949912776080122
224081.0,404,0.348436,0.315904,0.99,26815,39,17,0.00133819,0.0040312,0.963418720634729,0.9365082682548349
250877.0,473,0.210072,0.42903,0.99,19854,12,14,0.00326799,0.000991799,0.9428336637521697,0.9685071595437947
200000.0,499,0.0354034,0.435595,0.99,198657,20,14,0.0100006,9.82111e-08,0.8999970000449986,0.9996866134974189
200000.0,273,0.0354034,0.436442,0.99,194149,15,14,0.0099658,7.36603e-06,0.9001711464555462,0.9972859568905413
208191.0,335,0.381009,0.52667,0.99,190498,15,36,0.00984053,7.81293e-05,0.9008005544370332,0.9911609219937824
200000.0,325,0.248644,0.42903,0.99,19854,12,15,0.00113937,0.00273669,0.966245444751856,0.9476866173909582
200000.0,377,0.420864,0.468502,0.99,190952,49,21,0.0099092,2.52221e-05,0.9004550352855555,0.9949778391105023
208191.0,383,0.381009,0.539251,0.99,193864,15,39,0.00988592,5.24818e-05,0.9005720361266509,0.9927555676550885
200000.0,499,0.0354034,0.435595,0.99,198657,20,14,0.0100006,9.82111e-08,0.8999970000449986,0.9996866134974189
250877.0,302,0.248644,0.42903,0.99,19854,12,15,0.00122954,0.00257117,0.964935202838174,0.9492932943290535
200000.0,383,0.386199,0.426705,0.99,190498,15,36,0.00990596,3.34452e-05,0.9004713106687323,0.9942168174851558
203094.0,323,0.366287,0.499003,0.99,188132,10,10,0.00985724,6.385e-05,0.9007163659005171,0.9920093804996108
200000.0,273,0.0354034,0.456689,0.99,194149,34,14,0.00996649,2.60571e-06,0.9001676906006878,0.9983857788255632
250877.0,387,0.248644,0.42903,0.99,19854,12,15,0.00232158,0.00144035,0.951817222994103,0.9620480567032464
208191.0,383,0.381009,0.539251,0.99,195941,18,39,0.00990525,4.68499e-05,0.9004748775434062,0.9931553013214606
200000.0,377,0.420864,0.468502,0.99,190952,49,21,0.0099092,2.52221e-05,0.9004550352855555,0.9949778391105023
529773.0,227,0.125064,0.641718,0.987331,10000,10,13,0.00319063,0.000534151,0.9435143381024883,0.9768882930098186
200000.0,338,0.219235,0.436442,0.99,194149,16,18,0.00996238,1.58789e-05,0.9001882772415986,0.9960151662518996
200000.0,323,0.28389,0.407456,0.99,188132,10,10,0.00988223,5.44516e-05,0.900590594006402,0.9926208672596301
224081.0,372,0.280698,0.363361,0.99,26815,10,17,0.00184092,0.00169878,0.9570940563557915,0.9587837410722418
529773.0,227,0.125064,0.681998,0.987331,10000,10,13,0.00356557,0.000490942,0.9402876059766484,0.9778427889841704
203094.0,334,0.366287,0.460618,0.99,188132,10,17,0.00984689,6.54949e-05,0.9007685029841835,0.9919071080570664
250877.0,298,0.248644,0.42903,0.99,19854,10,15,0.00123805,0.00177989,0.9648140653101271,0.9578112574257066
200000.0,273,0.0354034,0.432253,0.99,194149,15,22,0.00996568,1.00274e-05,0.9001717474859947,0.996833392983018
208465.0,354,0.428512,0.483275,0.99,190952,35,23,0.00981217,9.14549e-05,0.9009436019229449,0.9904367944704717
205024.0,323,0.56749,0.407456,0.99,188537,10,10,0.00969356,0.000127517,0.9015441215569127,0.9887076574618018
203094.0,323,0.217479,0.461182,0.99,188132,10,10,0.00990365,5.02956e-05,0.900482916039506,0.9929080609139672
200000.0,273,0.184211,0.494509,0.99,194149,34,14,0.00995924,1.75727e-05,0.9002040080965172,0.9958080195611143
208222.0,356,0.388566,0.489055,0.99,190498,15,16,0.00983284,8.06979e-05,0.9008393223096978,0.9910167990114882
390986.0,432,0.125064,0.566553,0.99,132855,11,15,0.00881865,0.00033474,0.9060923325814128,0.9817040988196809
229387.0,372,0.280698,0.366343,0.99,26815,10,17,0.00192528,0.00161691,0.9561219872829226,0.9597891805604511
200000.0,338,0.383955,0.436442,0.99,190960,14,18,0.00989873,5.14085e-05,0.9005076384841529,0.992830027894057
250877.0,302,0.248644,0.42903,0.99,19854,12,17,0.00123604,0.00256071,0.9648426394619847,0.949396541620162
200000.0,489,0.0411262,0.435595,0.99,200000,18,14,0.010001,8.13261e-08,0.8999950001249938,0.9997148226867368
390986.0,432,0.148297,0.614573,0.99,177578,10,18,0.009281,0.000181611,0.9036620531669893,0.98652368744797
224081.0,372,0.280698,0.368813,0.99,26815,10,10,0.00185061,0.00169032,0.9569812831432642,0.9588864985679887
390986.0,459,0.125064,0.614573,0.99,177578,10,18,0.00937319,0.000168206,0.9031847635958059,0.987030574415187
224081.0,372,0.294693,0.363361,0.99,26815,10,17,0.00185075,0.00164331,0.9569796559753412,0.9594622398250717
390986.0,432,0.125064,0.566553,0.99,147089,11,17,0.00901143,0.000309259,0.9050714479200278,0.9824142387142325
202898.0,325,0.01,0.408739,0.99,189970,12,13,0.00993495,1.9298e-05,0.9003257806652091,0.9956070511043263
200287.0,323,0.28389,0.424012,0.99,188132,10,10,0.00988345,5.31503e-05,0.9005844579555088,0.992709574772347
208191.0,341,0.381009,0.539251,0.99,193864,15,39,0.00988012,5.95835e-05,0.9006012072507921,0.99228096508623
200000.0,324,0.501013,0.435649,0.99,188132,10,10,0.00981222,8.10369e-05,0.90094334954179,0.9909979502334191
200000.0,391,0.402075,0.383985,0.99,188923,12,40,0.00986846,6.14179e-05,0.9006598771895262,0.992163042682265
201795.0,399,0.420864,0.493554,0.99,190952,49,20,0.00989838,5.1937e-05,0.9005093974287018,0.9927932670369993
204565.0,324,0.551612,0.428969,0.99,188132,10,10,0.00971225,0.000117472,0.9014492516517505,0.989161549926304
203094.0,343,0.56749,0.407456,0.99,188132,10,10,0.00973036,0.000110627,0.9013574128482024,0.9894820629399107
245811.0,473,0.210072,0.42903,0.99,19013,12,14,0.00314765,0.000999508,0.943896078568428,0.9683850035584376
204565.0,324,0.551612,0.428969,0.99,188132,10,10,0.00971225,0.000117472,0.9014492516517505,0.989161549926304
555889.0,275,0.0842965,0.642254,0.987331,10000,10,13,0.00412149,0.00033614,0.9358011682349281,0.9816658788048077
421383.0,298,0.248644,0.42903,0.99,19854,10,14,0.00310031,0.00120524,0.9443195725591119,0.96528343334948
200000.0,262,0.248644,0.479356,0.99,19854,12,15,0.000832353,0.00353642,0.9711494714086553,0.9405321935834186
203094.0,344,0.366287,0.460618,0.99,188132,10,17,0.00985287,6.51586e-05,0.9007383759955541,0.991927912289872
200000.0,324,0.551612,0.415643,0.99,188132,10,10,0.00978711,9.33574e-05,0.9010701763875019,0.9903378366811567
203094.0,323,0.366287,0.499003,0.99,188132,10,10,0.00985724,6.385e-05,0.9007163659005171,0.9920093804996108
200000.0,385,0.280698,0.366343,0.99,26815,10,15,0.00183778,0.0017499,0.9571306636393797,0.9581681939189808
224081.0,372,0.294693,0.363361,0.99,26815,10,17,0.00185075,0.00164331,0.9569796559753412,0.9594622398250717
201795.0,399,0.420864,0.525156,0.989208,190952,16,20,0.00990275,5.04486e-05,0.9004874379789165,0.9928972822103085
410470.0,432,0.148297,0.582971,0.99,177578,43,18,0.00917825,0.000286548,0.9041968163368252,0.9830722712687142
200000.0,355,0.0354034,0.425966,0.99,200000,11,14,0.00999978,1.40495e-07,0.90000110000605,0.9996251733734112
229387.0,372,0.280698,0.38025,0.99,26815,10,17,0.00210603,0.00148873,0.9541084975186037,0.9614159359320458
203094.0,400,0.429568,0.460618,0.99,188132,11,17,0.00984237,6.60488e-05,0.9007912806251386,0.9918729587179589
221494.0,429,0.264764,0.582971,0.99,178233,11,14,0.00973615,9.39691e-05,0.9013280688341411,0.9903062339619733
205024.0,333,0.56749,0.407456,0.99,188537,10,10,0.00969843,0.000123109,0.9015193927719777,0.9889045504822923
390986.0,432,0.125064,0.566553,0.99,147089,12,17,0.00900456,0.000330642,0.9051076399281797,0.9818164359929084
200000.0,273,0.0354034,0.432253,0.99,194149,14,22,0.0099394,1.8259e-05,0.9003034604411968,0.995726944886852
200000.0,393,0.56749,0.407456,0.99,179820,16,16,0.00966657,0.000148973,0.9016812835722516,0.9877945503974659
400060.0,294,0.125064,0.681998,0.987331,10000,10,17,0.00387809,0.000408846,0.9377256874787043,0.9797800593472681
220788.0,209,0.248644,0.42903,0.99,19854,10,16,0.00022927,0.00520786,0.9848583356264907,0.9278344957753359
224081.0,372,0.294693,0.363361,0.99,26815,10,30,0.00186347,0.00163488,0.9568320720904976,0.9595663506470168
200000.0,391,0.402075,0.383985,0.99,188923,12,40,0.00986846,6.14179e-05,0.9006598771895262,0.992163042682265
555889.0,275,0.0842965,0.642254,0.987331,10000,10,13,0.00412149,0.00033614,0.9358011682349281,0.9816658788048077
390986.0,432,0.148297,0.614573,0.99,177578,12,18,0.00926497,0.000208412,0.9037452858297319,0.985563518434189
200000.0,361,0.467042,0.425468,0.99,178786,20,17,0.00967845,0.000148348,0.901620886363009,0.9878201806253131
200000.0,499,0.0354034,0.369962,0.99,200000,20,14,0.0100009,1.50192e-07,0.8999955001012454,0.9996124538737131
224081.0,358,0.325157,0.290809,0.99,25548,37,15,0.000583841,0.00675609,0.9758371980101644,0.9178045621703979
454134.0,365,0.125064,0.641718,0.987331,10304,10,20,0.00537087,0.000338681,0.9267137802857863,0.9815967122502527
250877.0,295,0.257386,0.42903,0.99,19854,18,15,0.00107001,0.00413702,0.9672889926783047,0.9356803296028345
390986.0,419,0.147495,0.489861,0.99,174483,10,15,0.00916513,0.000335737,0.9042653145406535,0.9816768725376916
224081.0,335,0.306044,0.320964,0.99,26815,33,15,0.00083458,0.00643834,0.9711109017101607,0.9197607328049414
224081.0,372,0.294693,0.363361,0.99,29845,10,17,0.0021183,0.00166104,0.9539750067897886,0.9592441415254199
238003.0,495,0.210072,0.42903,0.99,22479,12,10,0.00356369,0.000949308,0.9403033501777529,0.9691891577525054
200000.0,499,0.0354034,0.435595,0.99,198657,20,14,0.0100006,9.82111e-08,0.8999970000449986,0.9996866134974189
208191.0,335,0.381009,0.52667,0.99,190498,15,36,0.00984053,7.81293e-05,0.9008005544370332,0.9911609219937824
200000.0,377,0.420864,0.468502,0.99,190952,49,21,0.0099092,2.52221e-05,0.9004550352855555,0.9949778391105023
208191.0,383,0.381009,0.539251,0.99,193864,15,39,0.00988592,5.24818e-05,0.9005720361266509,0.9927555676550885
200000.0,499,0.0354034,0.435595,0.99,198657,20,14,0.0100006,9.82111e-08,0.8999970000449986,0.9996866134974189
200000.0,383,0.386199,0.426705,0.99,190498,15,36,0.00990596,3.34452e-05,0.9004713106687323,0.9942168174851558
203094.0,323,0.366287,0.499003,0.99,188132,10,10,0.00985724,6.385e-05,0.9007163659005171,0.9920093804996108
200000.0,273,0.0354034,0.456689,0.99,194149,34,14,0.00996649,2.60571e-06,0.9001676906006878,0.9983857788255632
250877.0,387,0.248644,0.42903,0.99,19854,12,15,0.00232158,0.00144035,0.951817222994103,0.9620480567032464
200000.0,377,0.420864,0.468502,0.99,190952,49,21,0.0099092,2.52221e-05,0.9004550352855555,0.9949778391105023
529773.0,227,0.125064,0.641718,0.987331,10000,10,13,0.00319063,0.000534151,0.9435143381024883,0.9768882930098186
200000.0,338,0.219235,0.436442,0.99,194149,16,18,0.00996238,1.58789e-05,0.9001882772415986,0.9960151662518996
200000.0,323,0.28389,0.407456,0.99,188132,10,10,0.00988223,5.44516e-05,0.900590594006402,0.9926208672596301
224081.0,372,0.280698,0.363361,0.99,26815,10,17,0.00184092,0.00169878,0.9570940563557915,0.9587837410722418
529773.0,227,0.125064,0.681998,0.987331,10000,10,13,0.00356557,0.000490942,0.9402876059766484,0.9778427889841704
203094.0,334,0.366287,0.460618,0.99,188132,10,17,0.00984689,6.54949e-05,0.9007685029841835,0.9919071080570664
250877.0,298,0.248644,0.42903,0.99,19854,10,15,0.00123805,0.00177989,0.9648140653101271,0.9578112574257066
208465.0,354,0.428512,0.483275,0.99,190952,35,23,0.00981217,9.14549e-05,0.9009436019229449,0.9904367944704717
205024.0,323,0.56749,0.407456,0.99,188537,10,10,0.00969356,0.000127517,0.9015441215569127,0.9887076574618018
200000.0,273,0.184211,0.494509,0.99,194149,34,14,0.00995924,1.75727e-05,0.9002040080965172,0.9958080195611143
208222.0,356,0.388566,0.489055,0.99,190498,15,16,0.00983284,8.06979e-05,0.9008393223096978,0.9910167990114882
390986.0,432,0.125064,0.566553,0.99,132855,11,15,0.00881865,0.00033474,0.9060923325814128,0.9817040988196809
229387.0,372,0.280698,0.366343,0.99,26815,10,17,0.00192528,0.00161691,0.9561219872829226,0.9597891805604511
200000.0,338,0.383955,0.436442,0.99,190960,14,18,0.00989873,5.14085e-05,0.9005076384841529,0.992830027894057
200000.0,489,0.0411262,0.435595,0.99,200000,18,14,0.010001,8.13261e-08,0.8999950001249938,0.9997148226867368
390986.0,432,0.148297,0.614573,0.99,177578,10,18,0.009281,0.000181611,0.9036620531669893,0.98652368744797
224081.0,372,0.280698,0.368813,0.99,26815,10,10,0.00185061,0.00169032,0.9569812831432642,0.9588864985679887
390986.0,459,0.125064,0.614573,0.99,177578,10,18,0.00937319,0.000168206,0.9031847635958059,0.987030574415187
224081.0,372,0.294693,0.363361,0.99,26815,10,17,0.00185075,0.00164331,0.9569796559753412,0.9594622398250717
202898.0,325,0.01,0.408739,0.99,189970,12,13,0.00993495,1.9298e-05,0.9003257806652091,0.9956070511043263
200287.0,323,0.28389,0.424012,0.99,188132,10,10,0.00988345,5.31503e-05,0.9005844579555088,0.992709574772347
200000.0,324,0.501013,0.435649,0.99,188132,10,10,0.00981222,8.10369e-05,0.90094334954179,0.9909979502334191
201795.0,399,0.420864,0.493554,0.99,190952,49,20,0.00989838,5.1937e-05,0.9005093974287018,0.9927932670369993
204565.0,324,0.551612,0.428969,0.99,188132,10,10,0.00971225,0.000117472,0.9014492516517505,0.989161549926304
245811.0,473,0.210072,0.42903,0.99,19013,12,14,0.00314765,0.000999508,0.943896078568428,0.9683850035584376
204565.0,324,0.551612,0.428969,0.99,188132,10,10,0.00971225,0.000117472,0.9014492516517505,0.989161549926304
555889.0,275,0.0842965,0.642254,0.987331,10000,10,13,0.00412149,0.00033614,0.9358011682349281,0.9816658788048077
421383.0,298,0.248644,0.42903,0.99,19854,10,14,0.00310031,0.00120524,0.9443195725591119,0.96528343334948
200000.0,262,0.248644,0.479356,0.99,19854,12,15,0.000832353,0.00353642,0.9711494714086553,0.9405321935834186
203094.0,344,0.366287,0.460618,0.99,188132,10,17,0.00985287,6.51586e-05,0.9007383759955541,0.991927912289872
200000.0,324,0.551612,0.415643,0.99,188132,10,10,0.00978711,9.33574e-05,0.9010701763875019,0.9903378366811567
203094.0,323,0.366287,0.499003,0.99,188132,10,10,0.00985724,6.385e-05,0.9007163659005171,0.9920093804996108
200000.0,385,0.280698,0.366343,0.99,26815,10,15,0.00183778,0.0017499,0.9571306636393797,0.9581681939189808
224081.0,372,0.294693,0.363361,0.99,26815,10,17,0.00185075,0.00164331,0.9569796559753412,0.9594622398250717
410470.0,432,0.148297,0.582971,0.99,177578,43,18,0.00917825,0.000286548,0.9041968163368252,0.9830722712687142
200000.0,355,0.0354034,0.425966,0.99,200000,11,14,0.00999978,1.40495e-07,0.90000110000605,0.9996251733734112
229387.0,372,0.280698,0.38025,0.99,26815,10,17,0.00210603,0.00148873,0.9541084975186037,0.9614159359320458
203094.0,400,0.429568,0.460618,0.99,188132,11,17,0.00984237,6.60488e-05,0.9007912806251386,0.9918729587179589
221494.0,429,0.264764,0.582971,0.99,178233,11,14,0.00973615,9.39691e-05,0.9013280688341411,0.9903062339619733
205024.0,333,0.56749,0.407456,0.99,188537,10,10,0.00969843,0.000123109,0.9015193927719777,0.9889045504822923
200000.0,273,0.0354034,0.432253,0.99,194149,14,22,0.0099394,1.8259e-05,0.9003034604411968,0.995726944886852
400060.0,294,0.125064,0.681998,0.987331,10000,10,17,0.00387809,0.000408846,0.9377256874787043,0.9797800593472681
220788.0,209,0.248644,0.42903,0.99,19854,10,16,0.00022927,0.00520786,0.9848583356264907,0.9278344957753359
224081.0,372,0.294693,0.363361,0.99,26815,10,30,0.00186347,0.00163488,0.9568320720904976,0.9595663506470168
555889.0,275,0.0842965,0.642254,0.987331,10000,10,13,0.00412149,0.00033614,0.9358011682349281,0.9816658788048077
390986.0,432,0.148297,0.614573,0.99,177578,12,18,0.00926497,0.000208412,0.9037452858297319,0.985563518434189
203094.0,400,0.429568,0.46255,0.99,192853,10,17,0.00989877,4.61366e-05,0.9005074374638988,0.993207607196282
200000.0,331,0.0354034,0.436442,0.99,197063,10,14,0.00998773,1.78595e-06,0.9000613688306669,0.9986636055971383
220788.0,209,0.331138,0.36601,0.99,19854,12,16,1.01227e-05,0.00974024,0.99681838091532,0.9013073457647429
200000.0,273,0.108893,0.330104,0.99,194338,16,26,0.00996268,6.83763e-06,0.9001867744234262,0.9973851137692052
229387.0,451,0.298985,0.366343,0.99,21122,10,16,0.00284984,0.00129866,0.9466161072981747,0.9639630744929593
220788.0,209,0.270095,0.456779,0.98953,19854,10,12,0.000252784,0.00433197,0.9841008176310856,0.9341822972141993
200000.0,262,0.248644,0.479356,0.99,19854,10,11,0.000845663,0.0025713,0.9709197145818683,0.9492920124635181
224081.0,437,0.294693,0.363361,0.99,26815,10,26,0.00291783,0.00128513,0.9459830582131865,0.9641512901208426
221494.0,429,0.347944,0.508006,0.99,178233,11,14,0.00962788,0.000128502,0.9018782389069581,0.9886641277353704
390986.0,438,0.148297,0.541425,0.99,177578,10,18,0.00923204,0.000234043,0.9039164946517874,0.9847015360248161
206094.0,444,0.383955,0.436442,0.99,190960,13,18,0.00986697,5.84335e-05,0.900667376960034,0.992355819206743
200000.0,414,0.501013,0.435649,0.99,179548,10,10,0.00972865,0.000103415,0.9013660808849208,0.9898306834054593
200000.0,273,0.0354034,0.456689,0.99,199834,32,14,0.0099983,1.92645e-07,0.9000085003612808,0.9995610865689
390986.0,447,0.125064,0.566553,0.99,132855,11,37,0.00883417,0.000305894,0.9060097345466032,0.9825101743862324
200000.0,262,0.248644,0.479356,0.99,19854,10,15,0.000874478,0.00250997,0.9704284258112627,0.9499003992031873
224081.0,358,0.325157,0.290809,0.99,25548,37,15,0.000583841,0.00675609,0.9758371980101644,0.9178045621703979
200000.0,499,0.0354034,0.369962,0.99,200000,20,14,0.0100009,1.50192e-07,0.8999955001012454,0.9996124538737131
454134.0,365,0.125064,0.641718,0.987331,10304,10,20,0.00537087,0.000338681,0.9267137802857863,0.9815967122502527
250877.0,295,0.257386,0.42903,0.99,19854,18,15,0.00107001,0.00413702,0.9672889926783047,0.9356803296028345
238003.0,495,0.210072,0.42903,0.99,22479,12,10,0.00356369,0.000949308,0.9403033501777529,0.9691891577525054
224081.0,335,0.306044,0.320964,0.99,26815,33,15,0.00083458,0.00643834,0.9711109017101607,0.9197607328049414
390986.0,432,0.125064,0.566553,0.99,135360,11,14,0.00885473,0.000330594,0.9059004250806626,0.9818177559140793
224081.0,372,0.294693,0.363361,0.99,29845,10,17,0.0021183,0.00166104,0.9539750067897886,0.9592441415254199
200000.0,325,0.248644,0.42903,0.99,19854,12,15,0.00113937,0.00273669,0.966245444751856,0.9476866173909582
200000.0,499,0.0354034,0.435595,0.99,198657,20,14,0.0100006,9.82111e-08,0.8999970000449986,0.9996866134974189
208191.0,335,0.381009,0.52667,0.99,190498,15,36,0.00984053,7.81293e-05,0.9008005544370332,0.9911609219937824
200000.0,377,0.420864,0.468502,0.99,190952,49,21,0.0099092,2.52221e-05,0.9004550352855555,0.9949778391105023
208191.0,383,0.381009,0.539251,0.99,193864,15,39,0.00988592,5.24818e-05,0.9005720361266509,0.9927555676550885
200000.0,499,0.0354034,0.435595,0.99,198657,20,14,0.0100006,9.82111e-08,0.8999970000449986,0.9996866134974189
200000.0,383,0.386199,0.426705,0.99,190498,15,36,0.00990596,3.34452e-05,0.9004713106687323,0.9942168174851558
203094.0,323,0.366287,0.499003,0.99,188132,10,10,0.00985724,6.385e-05,0.9007163659005171,0.9920093804996108
200000.0,273,0.0354034,0.456689,0.99,194149,34,14,0.00996649,2.60571e-06,0.9001676906006878,0.9983857788255632
250877.0,387,0.248644,0.42903,0.99,19854,12,15,0.00232158,0.00144035,0.951817222994103,0.9620480567032464
200000.0,377,0.420864,0.468502,0.99,190952,49,21,0.0099092,2.52221e-05,0.9004550352855555,0.9949778391105023
529773.0,227,0.125064,0.641718,0.987331,10000,10,13,0.00319063,0.000534151,0.9435143381024883,0.9768882930098186
200000.0,338,0.219235,0.436442,0.99,194149,16,18,0.00996238,1.58789e-05,0.9001882772415986,0.9960151662518996
200000.0,323,0.28389,0.407456,0.99,188132,10,10,0.00988223,5.44516e-05,0.900590594006402,0.9926208672596301
224081.0,372,0.280698,0.363361,0.99,26815,10,17,0.00184092,0.00169878,0.9570940563557915,0.9587837410722418
529773.0,227,0.125064,0.681998,0.987331,10000,10,13,0.00356557,0.000490942,0.9402876059766484,0.9778427889841704
203094.0,334,0.366287,0.460618,0.99,188132,10,17,0.00984689,6.54949e-05,0.9007685029841835,0.9919071080570664
250877.0,298,0.248644,0.42903,0.99,19854,10,15,0.00123805,0.00177989,0.9648140653101271,0.9578112574257066
208465.0,354,0.428512,0.483275,0.99,190952,35,23,0.00981217,9.14549e-05,0.9009436019229449,0.9904367944704717
205024.0,323,0.56749,0.407456,0.99,188537,10,10,0.00969356,0.000127517,0.9015441215569127,0.9887076574618018
200000.0,273,0.184211,0.494509,0.99,194149,34,14,0.00995924,1.75727e-05,0.9002040080965172,0.9958080195611143
229387.0,372,0.280698,0.366343,0.99,26815,10,17,0.00192528,0.00161691,0.9561219872829226,0.9597891805604511
200000.0,489,0.0411262,0.435595,0.99,200000,18,14,0.010001,8.13261e-08,0.8999950001249938,0.9997148226867368
390986.0,432,0.148297,0.614573,0.99,177578,10,18,0.009281,0.000181611,0.9036620531669893,0.98652368744797
224081.0,372,0.280698,0.368813,0.99,26815,10,10,0.00185061,0.00169032,0.9569812831432642,0.9588864985679887
390986.0,459,0.125064,0.614573,0.99,177578,10,18,0.00937319,0.000168206,0.9031847635958059,0.987030574415187
224081.0,372,0.294693,0.363361,0.99,26815,10,17,0.00185075,0.00164331,0.9569796559753412,0.9594622398250717
202898.0,325,0.01,0.408739,0.99,189970,12,13,0.00993495,1.9298e-05,0.9003257806652091,0.9956070511043263
200287.0,323,0.28389,0.424012,0.99,188132,10,10,0.00988345,5.31503e-05,0.9005844579555088,0.992709574772347
200000.0,324,0.501013,0.435649,0.99,188132,10,10,0.00981222,8.10369e-05,0.90094334954179,0.9909979502334191
204565.0,324,0.551612,0.428969,0.99,188132,10,10,0.00971225,0.000117472,0.9014492516517505,0.989161549926304
204565.0,324,0.551612,0.428969,0.99,188132,10,10,0.00971225,0.000117472,0.9014492516517505,0.989161549926304
555889.0,275,0.0842965,0.642254,0.987331,10000,10,13,0.00412149,0.00033614,0.9358011682349281,0.9816658788048077
421383.0,298,0.248644,0.42903,0.99,19854,10,14,0.00310031,0.00120524,0.9443195725591119,0.96528343334948
200000.0,262,0.248644,0.479356,0.99,19854,12,15,0.000832353,0.00353642,0.9711494714086553,0.9405321935834186
203094.0,344,0.366287,0.460618,0.99,188132,10,17,0.00985287,6.51586e-05,0.9007383759955541,0.991927912289872
200000.0,324,0.551612,0.415643,0.99,188132,10,10,0.00978711,9.33574e-05,0.9010701763875019,0.9903378366811567
203094.0,323,0.366287,0.499003,0.99,188132,10,10,0.00985724,6.385e-05,0.9007163659005171,0.9920093804996108
224081.0,372,0.294693,0.363361,0.99,26815,10,17,0.00185075,0.00164331,0.9569796559753412,0.9594622398250717
200000.0,355,0.0354034,0.425966,0.99,200000,11,14,0.00999978,1.40495e-07,0.90000110000605,0.9996251733734112
229387.0,372,0.280698,0.38025,0.99,26815,10,17,0.00210603,0.00148873,0.9541084975186037,0.9614159359320458
203094.0,400,0.429568,0.460618,0.99,188132,11,17,0.00984237,6.60488e-05,0.9007912806251386,0.9918729587179589
221494.0,429,0.264764,0.582971,0.99,178233,11,14,0.00973615,9.39691e-05,0.9013280688341411,0.9903062339619733
205024.0,333,0.56749,0.407456,0.99,188537,10,10,0.00969843,0.000123109,0.9015193927719777,0.9889045504822923
200000.0,273,0.0354034,0.432253,0.99,194149,14,22,0.0099394,1.8259e-05,0.9003034604411968,0.995726944886852
220788.0,209,0.248644,0.42903,0.99,19854,10,16,0.00022927,0.00520786,0.9848583356264907,0.9278344957753359
224081.0,372,0.294693,0.363361,0.99,26815,10,30,0.00186347,0.00163488,0.9568320720904976,0.9595663506470168
555889.0,275,0.0842965,0.642254,0.987331,10000,10,13,0.00412149,0.00033614,0.9358011682349281,0.9816658788048077
390986.0,432,0.148297,0.614573,0.99,177578,12,18,0.00926497,0.000208412,0.9037452858297319,0.985563518434189
203094.0,400,0.429568,0.46255,0.99,192853,10,17,0.00989877,4.61366e-05,0.9005074374638988,0.993207607196282
200000.0,331,0.0354034,0.436442,0.99,197063,10,14,0.00998773,1.78595e-06,0.9000613688306669,0.9986636055971383
220788.0,209,0.331138,0.36601,0.99,19854,12,16,1.01227e-05,0.00974024,0.99681838091532,0.9013073457647429
200000.0,273,0.108893,0.330104,0.99,194338,16,26,0.00996268,6.83763e-06,0.9001867744234262,0.9973851137692052
229387.0,451,0.298985,0.366343,0.99,21122,10,16,0.00284984,0.00129866,0.9466161072981747,0.9639630744929593
220788.0,209,0.270095,0.456779,0.98953,19854,10,12,0.000252784,0.00433197,0.9841008176310856,0.9341822972141993
200000.0,262,0.248644,0.479356,0.99,19854,10,11,0.000845663,0.0025713,0.9709197145818683,0.9492920124635181
224081.0,437,0.294693,0.363361,0.99,26815,10,26,0.00291783,0.00128513,0.9459830582131865,0.9641512901208426
221494.0,429,0.347944,0.508006,0.99,178233,11,14,0.00962788,0.000128502,0.9018782389069581,0.9886641277353704
206094.0,444,0.383955,0.436442,0.99,190960,13,18,0.00986697,5.84335e-05,0.900667376960034,0.992355819206743
200000.0,414,0.501013,0.435649,0.99,179548,10,10,0.00972865,0.000103415,0.9013660808849208,0.9898306834054593
200000.0,273,0.0354034,0.456689,0.99,199834,32,14,0.0099983,1.92645e-07,0.9000085003612808,0.9995610865689
200000.0,262,0.248644,0.479356,0.99,19854,10,15,0.000874478,0.00250997,0.9704284258112627,0.9499003992031873
529773.0,227,0.125064,0.609153,0.989946,12515,10,14,0.00311329,0.000632634,0.9442031362888558,0.9748477833978793
410470.0,432,0.174472,0.582971,0.99,177578,43,18,0.00915349,0.000279314,0.9043261268684077,0.9832873102105018
208222.0,356,0.388566,0.489055,0.99,190498,15,10,0.00983279,8.00978e-05,0.9008395744260846,0.9910502625736841
200731.0,323,0.399613,0.499003,0.99,188132,10,10,0.00986631,5.98571e-05,0.9006706991869972,0.9922632629616873
388909.0,447,0.165708,0.541425,0.99,175900,10,18,0.00917659,0.000216864,0.904205480323768,0.9852736970016233
208191.0,383,0.372468,0.539251,0.99,193864,10,20,0.00988953,4.62958e-05,0.9005538839370788,0.9931958982958806
214003.0,262,0.248644,0.479356,0.99,19854,10,15,0.000954353,0.00230417,0.9691073957070628,0.9519982291993305
250877.0,306,0.248644,0.42903,0.987584,19854,10,15,0.00133583,0.00171694,0.9634509918055223,0.9585640252920243
555889.0,287,0.0842965,0.642254,0.989746,10000,10,13,0.00433698,0.000295272,0.934144248542743,0.9828165195609271
370805.0,275,0.0842965,0.8,0.987331,10000,10,13,0.00380352,0.000363001,0.9383273156089343,0.9809474148735664
208191.0,383,0.381009,0.539251,0.99,193864,15,39,0.00988592,5.24818e-05,0.9005720361266509,0.9927555676550885
220788.0,290,0.275104,0.36601,0.99,19854,12,16,0.00039664,0.00441361,0.9800841771447927,0.9335649941672314
200000.0,499,0.0354034,0.369962,0.99,200000,20,14,0.0100009,1.50192e-07,0.8999955001012454,0.9996124538737131
200000.0,237,0.248644,0.5267,0.99,19854,10,17,0.000877378,0.00255411,0.9703794328210954,0.9494617966286889
454134.0,365,0.125064,0.641718,0.987331,10304,10,20,0.00537087,0.000338681,0.9267137802857863,0.9815967122502527
390986.0,432,0.125064,0.566553,0.99,132855,11,15,0.00881865,0.00033474,0.9060923325814128,0.9817040988196809
245811.0,473,0.210072,0.42903,0.99,19013,12,14,0.00314765,0.000999508,0.943896078568428,0.9683850035584376
224081.0,372,0.294693,0.363361,0.99,29845,10,17,0.0021183,0.00166104,0.9539750067897886,0.9592441415254199
229387.0,419,0.280698,0.295247,0.99,26815,10,17,0.0015161,0.00208505,0.9610628711895702,0.954337652272359
200000.0,489,0.0411262,0.435595,0.99,200000,18,14,0.010001,8.13261e-08,0.8999950001249938,0.9997148226867368
220788.0,209,0.331138,0.36601,0.99,19854,12,16,1.01227e-05,0.00974024,0.99681838091532,0.9013073457647429
200000.0,489,0.0411262,0.435595,0.99,200000,18,14,0.010001,8.13261e-08,0.8999950001249938,0.9997148226867368
220788.0,209,0.248644,0.42903,0.99,19854,10,10,0.000203489,0.00548465,0.9857350429373236,0.9259415771164414
555889.0,287,0.0842965,0.642254,0.989746,10000,10,13,0.00433698,0.000295272,0.934144248542743,0.9828165195609271
410470.0,432,0.174472,0.582971,0.99,177578,43,18,0.00915349,0.000279314,0.9043261268684077,0.9832873102105018
229387.0,270,0.299811,0.340166,0.99,21122,10,16,0.000215454,0.00412137,0.9853216485939327,0.935802102838177
220788.0,209,0.337271,0.478297,0.98953,19854,10,11,0.000234093,0.00334915,0.9846999019610985,0.9421281588335052
380850.0,182,0.270095,0.456779,0.99,19854,10,12,0.000593937,0.00299709,0.975629177281019,0.9452543152385505
250877.0,387,0.248644,0.42903,0.99,19854,12,15,0.00232158,0.00144035,0.951817222994103,0.9620480567032464
421383.0,298,0.248644,0.42903,0.99,19854,10,14,0.00310031,0.00120524,0.9443195725591119,0.96528343334948
221265.0,298,0.248644,0.42903,0.99,19854,10,15,0.00103388,0.0020946,0.9678459955837535,0.9542331998059729
529773.0,227,0.125064,0.681998,0.987331,10000,10,13,0.00356557,0.000490942,0.9402876059766484,0.9778427889841704
200000.0,262,0.248644,0.479356,0.99,19854,10,11,0.000845663,0.0025713,0.9709197145818683,0.9492920124635181
529773.0,227,0.125064,0.609153,0.989946,12515,10,14,0.00311329,0.000632634,0.9442031362888558,0.9748477833978793
229387.0,451,0.298985,0.366343,0.99,21122,10,16,0.00284984,0.00129866,0.9466161072981747,0.9639630744929593
370805.0,275,0.0842965,0.8,0.987331,10000,10,13,0.00380352,0.000363001,0.9383273156089343,0.9809474148735664
250877.0,298,0.248644,0.42903,0.99,19854,10,15,0.00123805,0.00177989,0.9648140653101271,0.9578112574257066
250877.0,306,0.248644,0.42903,0.987584,19854,10,15,0.00133583,0.00171694,0.9634509918055223,0.9585640252920243
529773.0,227,0.125064,0.641718,0.987331,10000,10,13,0.00319063,0.000534151,0.9435143381024883,0.9768882930098186
214003.0,262,0.248644,0.479356,0.99,19854,10,15,0.000954353,0.00230417,0.9691073957070628,0.9519982291993305
229387.0,372,0.280698,0.38025,0.99,26815,10,17,0.00210603,0.00148873,0.9541084975186037,0.9614159359320458
224081.0,372,0.280698,0.363361,0.99,26815,10,17,0.00184092,0.00169878,0.9570940563557915,0.9587837410722418
390986.0,459,0.125064,0.614573,0.99,177578,10,18,0.00937319,0.000168206,0.9031847635958059,0.987030574415187
200000.0,262,0.248644,0.479356,0.99,19854,10,15,0.000874478,0.00250997,0.9704284258112627,0.9499003992031873
221494.0,429,0.347944,0.508006,0.99,178233,11,14,0.00962788,0.000128502,0.9018782389069581,0.9886641277353704
555889.0,275,0.0842965,0.642254,0.987331,10000,10,13,0.00412149,0.00033614,0.9358011682349281,0.9816658788048077
224081.0,437,0.294693,0.363361,0.99,26815,10,26,0.00291783,0.00128513,0.9459830582131865,0.9641512901208426
555889.0,275,0.0842965,0.642254,0.987331,10000,10,13,0.00412149,0.00033614,0.9358011682349281,0.9816658788048077
229387.0,372,0.280698,0.366343,0.99,26815,10,17,0.00192528,0.00161691,0.9561219872829226,0.9597891805604511
229387.0,372,0.280698,0.366343,0.99,26815,10,17,0.00192528,0.00161691,0.9561219872829226,0.9597891805604511
390986.0,432,0.148297,0.614573,0.99,177578,10,18,0.009281,0.000181611,0.9036620531669893,0.98652368744797
224081.0,372,0.294693,0.363361,0.99,26815,10,30,0.00186347,0.00163488,0.9568320720904976,0.9595663506470168
388909.0,447,0.165708,0.541425,0.99,175900,10,18,0.00917659,0.000216864,0.904205480323768,0.9852736970016233
390986.0,432,0.148297,0.614573,0.99,177578,12,18,0.00926497,0.000208412,0.9037452858297319,0.985563518434189
410470.0,436,0.174472,0.582971,0.989922,177578,43,18,0.00916443,0.000275296,0.904268970547685,0.9834079537126972
205024.0,323,0.56749,0.407456,0.99,188537,10,10,0.00969356,0.000127517,0.9015441215569127,0.9887076574618018
388909.0,447,0.165708,0.541425,0.99,180137,10,21,0.00921645,0.000210845,0.9039976562786095,0.9854794972538827
224081.0,372,0.294693,0.363361,0.99,26815,10,17,0.00185075,0.00164331,0.9569796559753412,0.9594622398250717
221494.0,429,0.264764,0.582971,0.99,178233,11,14,0.00973615,9.39691e-05,0.9013280688341411,0.9903062339619733
200000.0,324,0.551612,0.415643,0.99,188132,10,10,0.00978711,9.33574e-05,0.9010701763875019,0.9903378366811567
200000.0,429,0.347944,0.458128,0.99,178233,11,14,0.0098075,7.87022e-05,0.9009671771582775,0.9911285739590526
224081.0,372,0.280698,0.368813,0.99,26815,10,10,0.00185061,0.00169032,0.9569812831432642,0.9588864985679887
200000.0,414,0.501013,0.435649,0.99,179548,10,10,0.00972865,0.000103415,0.9013660808849208,0.9898306834054593
211612.0,444,0.383955,0.436442,0.99,190960,10,18,0.00981575,6.99307e-05,0.9009255330571998,0.9916375422273114
388909.0,447,0.165708,0.541425,0.99,178546,10,23,0.00920168,0.000213243,0.9040746123281225,0.9853971578108918
202898.0,325,0.01,0.408739,0.99,189970,12,13,0.00993495,1.9298e-05,0.9003257806652091,0.9956070511043263
203094.0,400,0.429568,0.460618,0.99,188132,11,17,0.00984237,6.60488e-05,0.9007912806251386,0.9918729587179589
200000.0,324,0.561971,0.415643,0.99,188390,10,10,0.00978864,9.14754e-05,0.9010624439355812,0.9904357227141828
200000.0,331,0.0354034,0.436442,0.99,197063,10,14,0.00998773,1.78595e-06,0.9000613688306669,0.9986636055971383
200000.0,377,0.420864,0.468502,0.99,190952,49,21,0.0099092,2.52221e-05,0.9004550352855555,0.9949778391105023
200000.0,383,0.386199,0.426705,0.99,190498,15,36,0.00990596,3.34452e-05,0.9004713106687323,0.9942168174851558
203094.0,400,0.429568,0.46255,0.99,192853,10,17,0.00989877,4.61366e-05,0.9005074374638988,0.993207607196282
205024.0,333,0.56749,0.407456,0.99,188537,10,10,0.00969843,0.000123109,0.9015193927719777,0.9889045504822923
204565.0,324,0.551612,0.428969,0.99,188132,10,10,0.00971225,0.000117472,0.9014492516517505,0.989161549926304
200000.0,273,0.0354034,0.432253,0.99,194149,14,22,0.0099394,1.8259e-05,0.9003034604411968,0.995726944886852
200000.0,273,0.0354034,0.456689,0.99,194149,34,14,0.00996649,2.60571e-06,0.9001676906006878,0.9983857788255632
200000.0,273,0.184211,0.494509,0.99,194149,34,14,0.00995924,1.75727e-05,0.9002040080965172,0.9958080195611143
204565.0,324,0.551612,0.428969,0.99,188132,10,10,0.00971225,0.000117472,0.9014492516517505,0.989161549926304
200000.0,323,0.28389,0.407456,0.99,188132,10,10,0.00988223,5.44516e-05,0.900590594006402,0.9926208672596301
206094.0,444,0.383955,0.436442,0.99,190960,13,18,0.00986697,5.84335e-05,0.900667376960034,0.992355819206743
208191.0,383,0.372468,0.539251,0.99,193864,10,20,0.00988953,4.62958e-05,0.9005538839370788,0.9931958982958806
224081.0,372,0.280698,0.36879,0.99,26815,10,10,0.00185028,0.00169066,0.9569851188540524,0.9588823638811762
200731.0,323,0.399613,0.499003,0.99,188132,10,10,0.00986631,5.98571e-05,0.9006706991869972,0.9922632629616873
410470.0,432,0.174472,0.582971,0.99,177578,28,27,0.00915378,0.000278086,0.904324611315135,0.9833240892302699
200000.0,338,0.219235,0.436442,0.99,194149,16,18,0.00996238,1.58789e-05,0.9001882772415986,0.9960151662518996
200000.0,273,0.0354034,0.456689,0.99,199834,32,14,0.0099983,1.92645e-07,0.9000085003612808,0.9995610865689
203094.0,344,0.366287,0.460618,0.99,188132,10,17,0.00985287,6.51586e-05,0.9007383759955541,0.991927912289872
203094.0,334,0.366287,0.460618,0.99,188132,10,17,0.00984689,6.54949e-05,0.9007685029841835,0.9919071080570664
203094.0,323,0.366287,0.499003,0.99,188132,10,10,0.00985724,6.385e-05,0.9007163659005171,0.9920093804996108
200000.0,273,0.108893,0.330104,0.983057,194338,11,26,0.00996262,7.25298e-06,0.9001870749852505,0.9973068642811771
200000.0,377,0.420864,0.468502,0.99,190952,49,21,0.0099092,2.52221e-05,0.9004550352855555,0.9949778391105023
208191.0,383,0.381009,0.539251,0.99,193864,15,39,0.00988592,5.24818e-05,0.9005720361266509,0.9927555676550885
224081.0,372,0.294693,0.363361,0.99,26815,10,17,0.00185075,0.00164331,0.9569796559753412,0.9594622398250717
203094.0,323,0.366287,0.499003,0.99,188132,10,10,0.00985724,6.385e-05,0.9007163659005171,0.9920093804996108
200000.0,273,0.0354034,0.432253,0.99,194149,11,15,0.0099659,5.33667e-06,0.9001706455996034,0.9976898766266712
221494.0,429,0.264764,0.582971,0.99,178233,11,14,0.00973615,9.39691e-05,0.9013280688341411,0.9903062339619733
200287.0,323,0.28389,0.424012,0.99,188132,10,10,0.00988345,5.31503e-05,0.9005844579555088,0.992709574772347
200000.0,273,0.108893,0.330104,0.99,194338,16,26,0.00996268,6.83763e-06,0.9001867744234262,0.9973851137692052
208191.0,383,0.381009,0.539251,0.99,193864,15,39,0.00988592,5.24818e-05,0.9005720361266509,0.9927555676550885
200000.0,489,0.0411262,0.435595,0.99,200000,18,14,0.010001,8.13261e-08,0.8999950001249938,0.9997148226867368
220788.0,209,0.331138,0.36601,0.99,19854,12,16,1.01227e-05,0.00974024,0.99681838091532,0.9013073457647429
200000.0,489,0.0411262,0.435595,0.99,200000,18,14,0.010001,8.13261e-08,0.8999950001249938,0.9997148226867368
220788.0,209,0.248644,0.42903,0.99,19854,10,10,0.000203489,0.00548465,0.9857350429373236,0.9259415771164414
555889.0,287,0.0842965,0.642254,0.989746,10000,10,13,0.00433698,0.000295272,0.934144248542743,0.9828165195609271
229387.0,270,0.299811,0.340166,0.99,21122,10,16,0.000215454,0.00412137,0.9853216485939327,0.935802102838177
220788.0,209,0.337271,0.478297,0.98953,19854,10,11,0.000234093,0.00334915,0.9846999019610985,0.9421281588335052
380850.0,182,0.270095,0.456779,0.99,19854,10,12,0.000593937,0.00299709,0.975629177281019,0.9452543152385505
250877.0,387,0.248644,0.42903,0.99,19854,12,15,0.00232158,0.00144035,0.951817222994103,0.9620480567032464
421383.0,298,0.248644,0.42903,0.99,19854,10,14,0.00310031,0.00120524,0.9443195725591119,0.96528343334948
221265.0,298,0.248644,0.42903,0.99,19854,10,15,0.00103388,0.0020946,0.9678459955837535,0.9542331998059729
529773.0,227,0.125064,0.681998,0.987331,10000,10,13,0.00356557,0.000490942,0.9402876059766484,0.9778427889841704
200000.0,262,0.248644,0.479356,0.99,19854,10,11,0.000845663,0.0025713,0.9709197145818683,0.9492920124635181
529773.0,227,0.125064,0.609153,0.989946,12515,10,14,0.00311329,0.000632634,0.9442031362888558,0.9748477833978793
229387.0,451,0.298985,0.366343,0.99,21122,10,16,0.00284984,0.00129866,0.9466161072981747,0.9639630744929593
370805.0,275,0.0842965,0.8,0.987331,10000,10,13,0.00380352,0.000363001,0.9383273156089343,0.9809474148735664
250877.0,298,0.248644,0.42903,0.99,19854,10,15,0.00123805,0.00177989,0.9648140653101271,0.9578112574257066
250877.0,306,0.248644,0.42903,0.987584,19854,10,15,0.00133583,0.00171694,0.9634509918055223,0.9585640252920243
529773.0,227,0.125064,0.641718,0.987331,10000,10,13,0.00319063,0.000534151,0.9435143381024883,0.9768882930098186
214003.0,262,0.248644,0.479356,0.99,19854,10,15,0.000954353,0.00230417,0.9691073957070628,0.9519982291993305
229387.0,372,0.280698,0.38025,0.99,26815,10,17,0.00210603,0.00148873,0.9541084975186037,0.9614159359320458
390986.0,459,0.125064,0.614573,0.99,177578,10,18,0.00937319,0.000168206,0.9031847635958059,0.987030574415187
200000.0,262,0.248644,0.479356,0.99,19854,10,15,0.000874478,0.00250997,0.9704284258112627,0.9499003992031873
221494.0,429,0.347944,0.508006,0.99,178233,11,14,0.00962788,0.000128502,0.9018782389069581,0.9886641277353704
555889.0,275,0.0842965,0.642254,0.987331,10000,10,13,0.00412149,0.00033614,0.9358011682349281,0.9816658788048077
224081.0,437,0.294693,0.363361,0.99,26815,10,26,0.00291783,0.00128513,0.9459830582131865,0.9641512901208426
555889.0,275,0.0842965,0.642254,0.987331,10000,10,13,0.00412149,0.00033614,0.9358011682349281,0.9816658788048077
390986.0,432,0.148297,0.614573,0.99,177578,10,18,0.009281,0.000181611,0.9036620531669893,0.98652368744797
388909.0,447,0.165708,0.541425,0.99,175900,10,18,0.00917659,0.000216864,0.904205480323768,0.9852736970016233
390986.0,432,0.148297,0.614573,0.99,177578,12,18,0.00926497,0.000208412,0.9037452858297319,0.985563518434189
388909.0,447,0.165708,0.541425,0.99,180137,10,21,0.00921645,0.000210845,0.9039976562786095,0.9854794972538827
221494.0,429,0.264764,0.582971,0.99,178233,11,14,0.00973615,9.39691e-05,0.9013280688341411,0.9903062339619733
200000.0,324,0.551612,0.415643,0.99,188132,10,10,0.00978711,9.33574e-05,0.9010701763875019,0.9903378366811567
200000.0,429,0.347944,0.458128,0.99,178233,11,14,0.0098075,7.87022e-05,0.9009671771582775,0.9911285739590526
200000.0,414,0.501013,0.435649,0.99,179548,10,10,0.00972865,0.000103415,0.9013660808849208,0.9898306834054593
211612.0,444,0.383955,0.436442,0.99,190960,10,18,0.00981575,6.99307e-05,0.9009255330571998,0.9916375422273114
388909.0,447,0.165708,0.541425,0.99,178546,10,23,0.00920168,0.000213243,0.9040746123281225,0.9853971578108918
202898.0,325,0.01,0.408739,0.99,189970,12,13,0.00993495,1.9298e-05,0.9003257806652091,0.9956070511043263
203094.0,400,0.429568,0.460618,0.99,188132,11,17,0.00984237,6.60488e-05,0.9007912806251386,0.9918729587179589
200000.0,324,0.561971,0.415643,0.99,188390,10,10,0.00978864,9.14754e-05,0.9010624439355812,0.9904357227141828
200000.0,331,0.0354034,0.436442,0.99,197063,10,14,0.00998773,1.78595e-06,0.9000613688306669,0.9986636055971383
200000.0,377,0.420864,0.468502,0.99,190952,49,21,0.0099092,2.52221e-05,0.9004550352855555,0.9949778391105023
200000.0,383,0.386199,0.426705,0.99,190498,15,36,0.00990596,3.34452e-05,0.9004713106687323,0.9942168174851558
203094.0,400,0.429568,0.46255,0.99,192853,10,17,0.00989877,4.61366e-05,0.9005074374638988,0.993207607196282
205024.0,333,0.56749,0.407456,0.99,188537,10,10,0.00969843,0.000123109,0.9015193927719777,0.9889045504822923
204565.0,324,0.551612,0.428969,0.99,188132,10,10,0.00971225,0.000117472,0.9014492516517505,0.989161549926304
200000.0,273,0.0354034,0.432253,0.99,194149,14,22,0.0099394,1.8259e-05,0.9003034604411968,0.995726944886852
200000.0,273,0.0354034,0.456689,0.99,194149,34,14,0.00996649,2.60571e-06,0.9001676906006878,0.9983857788255632
200000.0,273,0.184211,0.494509,0.99,194149,34,14,0.00995924,1.75727e-05,0.9002040080965172,0.9958080195611143
204565.0,324,0.551612,0.428969,0.99,188132,10,10,0.00971225,0.000117472,0.9014492516517505,0.989161549926304
200000.0,323,0.28389,0.407456,0.99,188132,10,10,0.00988223,5.44516e-05,0.900590594006402,0.9926208672596301
206094.0,444,0.383955,0.436442,0.99,190960,13,18,0.00986697,5.84335e-05,0.900667376960034,0.992355819206743
208191.0,383,0.372468,0.539251,0.99,193864,10,20,0.00988953,4.62958e-05,0.9005538839370788,0.9931958982958806
200731.0,323,0.399613,0.499003,0.99,188132,10,10,0.00986631,5.98571e-05,0.9006706991869972,0.9922632629616873
200000.0,273,0.0354034,0.456689,0.99,199834,32,14,0.0099983,1.92645e-07,0.9000085003612808,0.9995610865689
203094.0,344,0.366287,0.460618,0.99,188132,10,17,0.00985287,6.51586e-05,0.9007383759955541,0.991927912289872
203094.0,334,0.366287,0.460618,0.99,188132,10,17,0.00984689,6.54949e-05,0.9007685029841835,0.9919071080570664
203094.0,323,0.366287,0.499003,0.99,188132,10,10,0.00985724,6.385e-05,0.9007163659005171,0.9920093804996108
200000.0,273,0.108893,0.330104,0.983057,194338,11,26,0.00996262,7.25298e-06,0.9001870749852505,0.9973068642811771
200000.0,377,0.420864,0.468502,0.99,190952,49,21,0.0099092,2.52221e-05,0.9004550352855555,0.9949778391105023
208191.0,383,0.381009,0.539251,0.99,193864,15,39,0.00988592,5.24818e-05,0.9005720361266509,0.9927555676550885
203094.0,323,0.366287,0.499003,0.99,188132,10,10,0.00985724,6.385e-05,0.9007163659005171,0.9920093804996108
200000.0,273,0.0354034,0.432253,0.99,194149,11,15,0.0099659,5.33667e-06,0.9001706455996034,0.9976898766266712
221494.0,429,0.264764,0.582971,0.99,178233,11,14,0.00973615,9.39691e-05,0.9013280688341411,0.9903062339619733
200287.0,323,0.28389,0.424012,0.99,188132,10,10,0.00988345,5.31503e-05,0.9005844579555088,0.992709574772347
200000.0,273,0.108893,0.330104,0.99,194338,16,26,0.00996268,6.83763e-06,0.9001867744234262,0.9973851137692052
208191.0,383,0.381009,0.539251,0.99,193864,15,39,0.00988592,5.24818e-05,0.9005720361266509,0.9927555676550885
200000.0,286,0.128094,0.330104,0.983057,194338,11,26,0.00996115,1.01347e-05,0.9001944390326871,0.9968164956415925
434255.0,447,0.150823,0.541425,0.99,175900,10,18,0.00913252,0.000217755,0.9044357807545105,0.9852434760190619
380850.0,213,0.270095,0.456779,0.99,19469,10,12,0.00113858,0.0020133,0.9662571489052866,0.9551301883222137
200000.0,323,0.28389,0.407456,0.99,188132,10,10,0.00988223,5.44516e-05,0.900590594006402,0.9926208672596301
389204.0,447,0.165708,0.541425,0.99,180137,10,26,0.00921588,0.000211109,0.9040006250020345,0.9854704095033617
214003.0,311,0.248644,0.479356,0.99,22277,10,15,0.00179654,0.00150769,0.9576143892340808,0.9611710159803273
200000.0,303,0.0354034,0.456689,0.99,200000,32,14,0.00999929,1.25236e-07,0.9000035500630148,0.9996461130123896
388909.0,447,0.165708,0.541425,0.99,178546,10,23,0.00920168,0.000213243,0.9040746123281225,0.9853971578108918
224081.0,372,0.280698,0.440197,0.99,26815,10,17,0.00300057,0.00121334,0.9452225411323234,0.9651669696982879
203094.0,400,0.429568,0.554985,0.99,188132,11,17,0.00987337,5.56933e-05,0.9006351671867758,0.9925372056171967
203094.0,400,0.429568,0.462805,0.99,188132,11,17,0.00984297,6.5738e-05,0.9007882567434681,0.9918921026153509
221494.0,443,0.347944,0.505819,0.99,178233,11,14,0.00963861,0.000123241,0.9018235771684464,0.9888986036914269
299797.0,182,0.264707,0.447109,0.99,19854,10,12,0.000229906,0.00442301,0.9848373485168326,0.9334942859597763
200000.0,489,0.0411262,0.435595,0.99,200000,18,14,0.010001,8.13261e-08,0.8999950001249938,0.9997148226867368
220788.0,209,0.331138,0.36601,0.99,19854,12,16,1.01227e-05,0.00974024,0.99681838091532,0.9013073457647429
200000.0,489,0.0411262,0.435595,0.99,200000,18,14,0.010001,8.13261e-08,0.8999950001249938,0.9997148226867368
220788.0,209,0.248644,0.42903,0.99,19854,10,10,0.000203489,0.00548465,0.9857350429373236,0.9259415771164414
555889.0,287,0.0842965,0.642254,0.989746,10000,10,13,0.00433698,0.000295272,0.934144248542743,0.9828165195609271
229387.0,270,0.299811,0.340166,0.99,21122,10,16,0.000215454,0.00412137,0.9853216485939327,0.935802102838177
220788.0,209,0.337271,0.478297,0.98953,19854,10,11,0.000234093,0.00334915,0.9846999019610985,0.9421281588335052
380850.0,182,0.270095,0.456779,0.99,19854,10,12,0.000593937,0.00299709,0.975629177281019,0.9452543152385505
221265.0,298,0.248644,0.42903,0.99,19854,10,15,0.00103388,0.0020946,0.9678459955837535,0.9542331998059729
529773.0,227,0.125064,0.681998,0.987331,10000,10,13,0.00356557,0.000490942,0.9402876059766484,0.9778427889841704
200000.0,262,0.248644,0.479356,0.99,19854,10,11,0.000845663,0.0025713,0.9709197145818683,0.9492920124635181
529773.0,227,0.125064,0.609153,0.989946,12515,10,14,0.00311329,0.000632634,0.9442031362888558,0.9748477833978793
370805.0,275,0.0842965,0.8,0.987331,10000,10,13,0.00380352,0.000363001,0.9383273156089343,0.9809474148735664
250877.0,298,0.248644,0.42903,0.99,19854,10,15,0.00123805,0.00177989,0.9648140653101271,0.9578112574257066
250877.0,306,0.248644,0.42903,0.987584,19854,10,15,0.00133583,0.00171694,0.9634509918055223,0.9585640252920243
529773.0,227,0.125064,0.641718,0.987331,10000,10,13,0.00319063,0.000534151,0.9435143381024883,0.9768882930098186
214003.0,262,0.248644,0.479356,0.99,19854,10,15,0.000954353,0.00230417,0.9691073957070628,0.9519982291993305
390986.0,459,0.125064,0.614573,0.99,177578,10,18,0.00937319,0.000168206,0.9031847635958059,0.987030574415187
200000.0,262,0.248644,0.479356,0.99,19854,10,15,0.000874478,0.00250997,0.9704284258112627,0.9499003992031873
221494.0,429,0.347944,0.508006,0.99,178233,11,14,0.00962788,0.000128502,0.9018782389069581,0.9886641277353704
555889.0,275,0.0842965,0.642254,0.987331,10000,10,13,0.00412149,0.00033614,0.9358011682349281,0.9816658788048077
555889.0,275,0.0842965,0.642254,0.987331,10000,10,13,0.00412149,0.00033614,0.9358011682349281,0.9816658788048077
390986.0,432,0.148297,0.614573,0.99,177578,10,18,0.009281,0.000181611,0.9036620531669893,0.98652368744797
388909.0,447,0.165708,0.541425,0.99,175900,10,18,0.00917659,0.000216864,0.904205480323768,0.9852736970016233
390986.0,432,0.148297,0.614573,0.99,177578,12,18,0.00926497,0.000208412,0.9037452858297319,0.985563518434189
388909.0,447,0.165708,0.541425,0.99,180137,10,21,0.00921645,0.000210845,0.9039976562786095,0.9854794972538827
221494.0,429,0.264764,0.582971,0.99,178233,11,14,0.00973615,9.39691e-05,0.9013280688341411,0.9903062339619733
200000.0,429,0.347944,0.458128,0.99,178233,11,14,0.0098075,7.87022e-05,0.9009671771582775,0.9911285739590526
200000.0,414,0.501013,0.435649,0.99,179548,10,10,0.00972865,0.000103415,0.9013660808849208,0.9898306834054593
211612.0,444,0.383955,0.436442,0.99,190960,10,18,0.00981575,6.99307e-05,0.9009255330571998,0.9916375422273114
388909.0,447,0.165708,0.541425,0.99,178546,10,23,0.00920168,0.000213243,0.9040746123281225,0.9853971578108918
202898.0,325,0.01,0.408739,0.99,189970,12,13,0.00993495,1.9298e-05,0.9003257806652091,0.9956070511043263
200000.0,331,0.0354034,0.436442,0.99,197063,10,14,0.00998773,1.78595e-06,0.9000613688306669,0.9986636055971383
200000.0,377,0.420864,0.468502,0.99,190952,49,21,0.0099092,2.52221e-05,0.9004550352855555,0.9949778391105023
200000.0,383,0.386199,0.426705,0.99,190498,15,36,0.00990596,3.34452e-05,0.9004713106687323,0.9942168174851558
203094.0,400,0.429568,0.46255,0.99,192853,10,17,0.00989877,4.61366e-05,0.9005074374638988,0.993207607196282
205024.0,333,0.56749,0.407456,0.99,188537,10,10,0.00969843,0.000123109,0.9015193927719777,0.9889045504822923
204565.0,324,0.551612,0.428969,0.99,188132,10,10,0.00971225,0.000117472,0.9014492516517505,0.989161549926304
200000.0,273,0.0354034,0.432253,0.99,194149,14,22,0.0099394,1.8259e-05,0.9003034604411968,0.995726944886852
200000.0,273,0.0354034,0.456689,0.99,194149,34,14,0.00996649,2.60571e-06,0.9001676906006878,0.9983857788255632
200000.0,273,0.184211,0.494509,0.99,194149,34,14,0.00995924,1.75727e-05,0.9002040080965172,0.9958080195611143
204565.0,324,0.551612,0.428969,0.99,188132,10,10,0.00971225,0.000117472,0.9014492516517505,0.989161549926304
200000.0,323,0.28389,0.407456,0.99,188132,10,10,0.00988223,5.44516e-05,0.900590594006402,0.9926208672596301
208191.0,383,0.372468,0.539251,0.99,193864,10,20,0.00988953,4.62958e-05,0.9005538839370788,0.9931958982958806
200000.0,273,0.0354034,0.456689,0.99,199834,32,14,0.0099983,1.92645e-07,0.9000085003612808,0.9995610865689
200000.0,273,0.108893,0.330104,0.983057,194338,11,26,0.00996262,7.25298e-06,0.9001870749852505,0.9973068642811771
200000.0,377,0.420864,0.468502,0.99,190952,49,21,0.0099092,2.52221e-05,0.9004550352855555,0.9949778391105023
208191.0,383,0.381009,0.539251,0.99,193864,15,39,0.00988592,5.24818e-05,0.9005720361266509,0.9927555676550885
200000.0,273,0.0354034,0.432253,0.99,194149,11,15,0.0099659,5.33667e-06,0.9001706455996034,0.9976898766266712
221494.0,429,0.264764,0.582971,0.99,178233,11,14,0.00973615,9.39691e-05,0.9013280688341411,0.9903062339619733
200287.0,323,0.28389,0.424012,0.99,188132,10,10,0.00988345,5.31503e-05,0.9005844579555088,0.992709574772347
200000.0,273,0.108893,0.330104,0.99,194338,16,26,0.00996268,6.83763e-06,0.9001867744234262,0.9973851137692052
208191.0,383,0.381009,0.539251,0.99,193864,15,39,0.00988592,5.24818e-05,0.9005720361266509,0.9927555676550885
200000.0,286,0.128094,0.330104,0.983057,194338,11,26,0.00996115,1.01347e-05,0.9001944390326871,0.9968164956415925
434255.0,447,0.150823,0.541425,0.99,175900,10,18,0.00913252,0.000217755,0.9044357807545105,0.9852434760190619
380850.0,213,0.270095,0.456779,0.99,19469,10,12,0.00113858,0.0020133,0.9662571489052866,0.9551301883222137
200000.0,323,0.28389,0.407456,0.99,188132,10,10,0.00988223,5.44516e-05,0.900590594006402,0.9926208672596301
389204.0,447,0.165708,0.541425,0.99,180137,10,26,0.00921588,0.000211109,0.9040006250020345,0.9854704095033617
214003.0,311,0.248644,0.479356,0.99,22277,10,15,0.00179654,0.00150769,0.9576143892340808,0.9611710159803273
200000.0,303,0.0354034,0.456689,0.99,200000,32,14,0.00999929,1.25236e-07,0.9000035500630148,0.9996461130123896
388909.0,447,0.165708,0.541425,0.99,178546,10,23,0.00920168,0.000213243,0.9040746123281225,0.9853971578108918
203094.0,400,0.429568,0.554985,0.99,188132,11,17,0.00987337,5.56933e-05,0.9006351671867758,0.9925372056171967
221494.0,443,0.347944,0.505819,0.99,178233,11,14,0.00963861,0.000123241,0.9018235771684464,0.9888986036914269
235104.0,443,0.380185,0.495797,0.99,200000,10,16,0.0097583,8.83543e-05,0.9012158919663694,0.9906003031963792
221494.0,429,0.347944,0.505707,0.99,178233,11,16,0.00962611,0.0001293,0.9018872587275231,0.9886289842142402
221265.0,298,0.248644,0.42903,0.99,19854,10,15,0.00103388,0.0020946,0.9678459955837535,0.9542331998059729
200000.0,273,0.184211,0.494509,0.99,194149,34,14,0.00995924,1.75727e-05,0.9002040080965172,0.9958080195611143
211612.0,444,0.383955,0.515315,0.99,190960,10,12,0.00984158,5.83528e-05,0.9007952622099126,0.9923610995555643
200000.0,377,0.420864,0.468502,0.99,190952,49,21,0.0099092,2.52221e-05,0.9004550352855555,0.9949778391105023
200000.0,332,0.248644,0.509161,0.99,19854,10,15,0.00202615,0.00118368,0.9549872240358362,0.9655953491516045
203094.0,396,0.429568,0.554985,0.99,188132,12,17,0.00987103,5.75655e-05,0.9006469426741179,0.9924128068431073
211612.0,444,0.383955,0.474699,0.99,190960,10,18,0.00982604,6.33836e-05,0.9008736160247939,0.9920386182103859
388909.0,447,0.165708,0.541425,0.99,180137,10,21,0.00921645,0.000210845,0.9039976562786095,0.9854794972538827
220788.0,209,0.394567,0.478297,0.99,20321,10,11,0.000267925,0.00308424,0.9836315852936212,0.9444640656871607
200000.0,452,0.0411262,0.435595,0.99,200000,15,14,0.0100013,1.68662e-07,0.8999935002112363,0.9995893152060278
299797.0,182,0.264707,0.447109,0.99,19854,10,12,0.000229906,0.00442301,0.9848373485168326,0.9334942859597763
221479.0,329,0.212772,0.42903,0.99,19854,10,17,0.00149318,0.00182055,0.9613583126662408,0.9573320963720973
231151.0,270,0.299784,0.355355,0.974652,21122,10,16,0.000282383,0.00431626,0.9831957445865638,0.934301750403835
555889.0,261,0.0842965,0.642254,0.987331,10000,12,13,0.0037984,0.000688861,0.9383688390503635,0.9737538383758692
205024.0,333,0.56749,0.407456,0.99,151639,10,10,0.00894392,0.000482406,0.9054276996155851,0.9780362571495658
200000.0,489,0.0411262,0.435595,0.99,200000,18,14,0.010001,8.13261e-08,0.8999950001249938,0.9997148226867368
220788.0,209,0.331138,0.36601,0.99,19854,12,16,1.01227e-05,0.00974024,0.99681838091532,0.9013073457647429
200000.0,489,0.0411262,0.435595,0.99,200000,18,14,0.010001,8.13261e-08,0.8999950001249938,0.9997148226867368
555889.0,287,0.0842965,0.642254,0.989746,10000,10,13,0.00433698,0.000295272,0.934144248542743,0.9828165195609271
229387.0,270,0.299811,0.340166,0.99,21122,10,16,0.000215454,0.00412137,0.9853216485939327,0.935802102838177
220788.0,209,0.337271,0.478297,0.98953,19854,10,11,0.000234093,0.00334915,0.9846999019610985,0.9421281588335052
221265.0,298,0.248644,0.42903,0.99,19854,10,15,0.00103388,0.0020946,0.9678459955837535,0.9542331998059729
529773.0,227,0.125064,0.681998,0.987331,10000,10,13,0.00356557,0.000490942,0.9402876059766484,0.9778427889841704
200000.0,262,0.248644,0.479356,0.99,19854,10,11,0.000845663,0.0025713,0.9709197145818683,0.9492920124635181
529773.0,227,0.125064,0.609153,0.989946,12515,10,14,0.00311329,0.000632634,0.9442031362888558,0.9748477833978793
370805.0,275,0.0842965,0.8,0.987331,10000,10,13,0.00380352,0.000363001,0.9383273156089343,0.9809474148735664
250877.0,298,0.248644,0.42903,0.99,19854,10,15,0.00123805,0.00177989,0.9648140653101271,0.9578112574257066
250877.0,306,0.248644,0.42903,0.987584,19854,10,15,0.00133583,0.00171694,0.9634509918055223,0.9585640252920243
529773.0,227,0.125064,0.641718,0.987331,10000,10,13,0.00319063,0.000534151,0.9435143381024883,0.9768882930098186
214003.0,262,0.248644,0.479356,0.99,19854,10,15,0.000954353,0.00230417,0.9691073957070628,0.9519982291993305
390986.0,459,0.125064,0.614573,0.99,177578,10,18,0.00937319,0.000168206,0.9031847635958059,0.987030574415187
200000.0,262,0.248644,0.479356,0.99,19854,10,15,0.000874478,0.00250997,0.9704284258112627,0.9499003992031873
221494.0,429,0.347944,0.508006,0.99,178233,11,14,0.00962788,0.000128502,0.9018782389069581,0.9886641277353704
555889.0,275,0.0842965,0.642254,0.987331,10000,10,13,0.00412149,0.00033614,0.9358011682349281,0.9816658788048077
555889.0,275,0.0842965,0.642254,0.987331,10000,10,13,0.00412149,0.00033614,0.9358011682349281,0.9816658788048077
390986.0,432,0.148297,0.614573,0.99,177578,10,18,0.009281,0.000181611,0.9036620531669893,0.98652368744797
388909.0,447,0.165708,0.541425,0.99,175900,10,18,0.00917659,0.000216864,0.904205480323768,0.9852736970016233
390986.0,432,0.148297,0.614573,0.99,177578,12,18,0.00926497,0.000208412,0.9037452858297319,0.985563518434189
388909.0,447,0.165708,0.541425,0.99,180137,10,21,0.00921645,0.000210845,0.9039976562786095,0.9854794972538827
221494.0,429,0.264764,0.582971,0.99,178233,11,14,0.00973615,9.39691e-05,0.9013280688341411,0.9903062339619733
200000.0,429,0.347944,0.458128,0.99,178233,11,14,0.0098075,7.87022e-05,0.9009671771582775,0.9911285739590526
200000.0,414,0.501013,0.435649,0.99,179548,10,10,0.00972865,0.000103415,0.9013660808849208,0.9898306834054593
211612.0,444,0.383955,0.436442,0.99,190960,10,18,0.00981575,6.99307e-05,0.9009255330571998,0.9916375422273114
388909.0,447,0.165708,0.541425,0.99,178546,10,23,0.00920168,0.000213243,0.9040746123281225,0.9853971578108918
202898.0,325,0.01,0.408739,0.99,189970,12,13,0.00993495,1.9298e-05,0.9003257806652091,0.9956070511043263
200000.0,331,0.0354034,0.436442,0.99,197063,10,14,0.00998773,1.78595e-06,0.9000613688306669,0.9986636055971383
200000.0,377,0.420864,0.468502,0.99,190952,49,21,0.0099092,2.52221e-05,0.9004550352855555,0.9949778391105023
200000.0,383,0.386199,0.426705,0.99,190498,15,36,0.00990596,3.34452e-05,0.9004713106687323,0.9942168174851558
203094.0,400,0.429568,0.46255,0.99,192853,10,17,0.00989877,4.61366e-05,0.9005074374638988,0.993207607196282
204565.0,324,0.551612,0.428969,0.99,188132,10,10,0.00971225,0.000117472,0.9014492516517505,0.989161549926304
200000.0,273,0.0354034,0.432253,0.99,194149,14,22,0.0099394,1.8259e-05,0.9003034604411968,0.995726944886852
200000.0,273,0.0354034,0.456689,0.99,194149,34,14,0.00996649,2.60571e-06,0.9001676906006878,0.9983857788255632
204565.0,324,0.551612,0.428969,0.99,188132,10,10,0.00971225,0.000117472,0.9014492516517505,0.989161549926304
200000.0,273,0.0354034,0.456689,0.99,199834,32,14,0.0099983,1.92645e-07,0.9000085003612808,0.9995610865689
200000.0,273,0.108893,0.330104,0.983057,194338,11,26,0.00996262,7.25298e-06,0.9001870749852505,0.9973068642811771
200000.0,377,0.420864,0.468502,0.99,190952,49,21,0.0099092,2.52221e-05,0.9004550352855555,0.9949778391105023
200000.0,273,0.0354034,0.432253,0.99,194149,11,15,0.0099659,5.33667e-06,0.9001706455996034,0.9976898766266712
221494.0,429,0.264764,0.582971,0.99,178233,11,14,0.00973615,9.39691e-05,0.9013280688341411,0.9903062339619733
200000.0,273,0.108893,0.330104,0.99,194338,16,26,0.00996268,6.83763e-06,0.9001867744234262,0.9973851137692052
200000.0,286,0.128094,0.330104,0.983057,194338,11,26,0.00996115,1.01347e-05,0.9001944390326871,0.9968164956415925
434255.0,447,0.150823,0.541425,0.99,175900,10,18,0.00913252,0.000217755,0.9044357807545105,0.9852434760190619
380850.0,213,0.270095,0.456779,0.99,19469,10,12,0.00113858,0.0020133,0.9662571489052866,0.9551301883222137
389204.0,447,0.165708,0.541425,0.99,180137,10,26,0.00921588,0.000211109,0.9040006250020345,0.9854704095033617
200000.0,303,0.0354034,0.456689,0.99,200000,32,14,0.00999929,1.25236e-07,0.9000035500630148,0.9996461130123896
388909.0,447,0.165708,0.541425,0.99,178546,10,23,0.00920168,0.000213243,0.9040746123281225,0.9853971578108918
221494.0,443,0.347944,0.505819,0.99,178233,11,14,0.00963861,0.000123241,0.9018235771684464,0.9888986036914269
235104.0,443,0.380185,0.495797,0.99,200000,10,16,0.0097583,8.83543e-05,0.9012158919663694,0.9906003031963792
221494.0,429,0.347944,0.505707,0.99,178233,11,16,0.00962611,0.0001293,0.9018872587275231,0.9886289842142402
221265.0,298,0.248644,0.42903,0.99,19854,10,15,0.00103388,0.0020946,0.9678459955837535,0.9542331998059729
211612.0,444,0.383955,0.515315,0.99,190960,10,12,0.00984158,5.83528e-05,0.9007952622099126,0.9923610995555643
200000.0,377,0.420864,0.468502,0.99,190952,49,21,0.0099092,2.52221e-05,0.9004550352855555,0.9949778391105023
200000.0,332,0.248644,0.509161,0.99,19854,10,15,0.00202615,0.00118368,0.9549872240358362,0.9655953491516045
203094.0,396,0.429568,0.554985,0.99,188132,12,17,0.00987103,5.75655e-05,0.9006469426741179,0.9924128068431073
211612.0,444,0.383955,0.474699,0.99,190960,10,18,0.00982604,6.33836e-05,0.9008736160247939,0.9920386182103859
388909.0,447,0.165708,0.541425,0.99,180137,10,21,0.00921645,0.000210845,0.9039976562786095,0.9854794972538827
220788.0,209,0.394567,0.478297,0.99,20321,10,11,0.000267925,0.00308424,0.9836315852936212,0.9444640656871607
221494.0,443,0.328031,0.505819,0.99,178233,11,14,0.00964963,0.000121172,0.9017674697465244,0.988992184594571
200000.0,489,0.0411262,0.435595,0.99,200000,18,14,0.010001,8.13261e-08,0.8999950001249938,0.9997148226867368
529773.0,227,0.125064,0.641718,0.987331,10000,10,13,0.00319063,0.000534151,0.9435143381024883,0.9768882930098186
221494.0,429,0.264764,0.582971,0.99,178233,11,14,0.00973615,9.39691e-05,0.9013280688341411,0.9903062339619733
390986.0,432,0.148297,0.614573,0.99,177578,10,18,0.009281,0.000181611,0.9036620531669893,0.98652368744797
306826.0,262,0.248644,0.479356,0.99,19854,10,16,0.00168735,0.00147777,0.9589226339695447,0.9615582258473936
200000.0,270,0.299811,0.340166,0.99,21122,10,16,0.000160237,0.00492182,0.9873415245783704,0.9298443159822385
220788.0,209,0.337271,0.532546,0.98953,19854,10,11,0.000523956,0.00258571,0.9771099148101192,0.9491501229106697
434255.0,453,0.176787,0.49595,0.99,175900,10,11,0.00904927,0.000248549,0.9048723489199907,0.9842345631205476
211612.0,444,0.300394,0.474699,0.99,180787,10,18,0.00977954,8.17592e-05,0.9011084432319928,0.9909579205931379
200000.0,273,0.174146,0.265742,0.99,194338,14,26,0.00995749,1.4183e-05,0.9002127763689158,0.9962339676050251
221494.0,500,0.347944,0.505819,0.99,200000,10,14,0.00987305,4.62555e-05,0.9006367774274606,0.9931988603896111
200000.0,452,0.0411262,0.435595,0.99,200000,15,14,0.0100013,1.68662e-07,0.8999935002112363,0.9995893152060278
220788.0,209,0.248644,0.42903,0.99,19854,10,10,0.000203489,0.00548465,0.9857350429373236,0.9259415771164414
420899.0,287,0.123304,0.683845,0.99,10016,10,13,0.00395605,0.000392473,0.9371028617503149,0.9801890686740881
366427.0,323,0.28389,0.558547,0.99,188132,10,17,0.00905941,0.000354013,0.9048190670354613,0.9811847668098426
214003.0,311,0.248644,0.479356,0.99,22277,10,15,0.00179654,0.00150769,0.9576143892340808,0.9611710159803273
555889.0,261,0.0842965,0.642254,0.987331,10000,12,13,0.0037984,0.000688861,0.9383688390503635,0.9737538383758692
380850.0,182,0.270095,0.456779,0.99,19854,10,12,0.000593937,0.00299709,0.975629177281019,0.9452543152385505
