P_H,t_ads,alpha,v_0,beta,P_L,t_depres,t_pres,Obj1,Obj2,Pu,Rec
547174.0,70,0.841048,0.714953,0.0574714,118570,31,43,0.0217016,0.692203,0.8526853707196735,0.16801262028802388
569424.0,34,0.461438,0.514841,0.382617,196525,36,17,0.0167939,0.233889,0.8704087194291221,0.5163792808408638
871626.0,443,0.277259,0.455893,0.473556,130490,17,18,0.0116988,0.0337242,0.8918390088802807,0.816358501421928
399784.0,220,0.840288,0.481808,0.0966846,53680,11,40,0.00995609,0.618058,0.9002197915416088,0.2138333509999295
260639.0,159,0.616387,0.798821,0.789993,115187,48,25,0.0109479,0.0351268,0.8953677869869895,0.8125785497868507
579624.0,255,0.473899,0.683774,0.621707,164660,12,22,0.0112661,0.0463376,0.8938581138287057,0.7847382988081717
638062.0,141,0.590775,0.238791,0.630166,83723,24,50,0.020516,0.177344,0.856765925841649,0.5788776899759406
376692.0,395,0.671819,0.516099,0.349096,178144,20,25,0.0107788,0.208115,0.8961790001974552,0.5438037702917746
904940.0,388,0.240909,0.533234,0.610846,106200,43,22,0.0114951,0.0183173,0.8927847958543192,0.8646585798803633
242082.0,344,0.248198,0.452452,0.597293,49926,14,46,0.00941639,0.0295737,0.9029619146932505,0.8280299444670671
666510.0,92,0.0903138,0.147152,0.904379,125260,38,30,0.0145501,0.150909,0.879376204669228,0.6115299239323575
399400.0,497,0.233586,0.427312,0.019544,66964,14,16,0.0113321,0.0746569,0.8935476632478179,0.726765851328938
735589.0,165,0.591238,0.373212,0.878195,190047,14,10,0.0136747,0.0311901,0.8830611270791444,0.8233928087534372
470370.0,281,0.913143,0.22014,0.639731,22145,20,12,0.00953207,0.218344,0.9023676795318272,0.5327270604881982
429644.0,409,0.365684,0.192453,0.830576,81625,30,23,0.0128621,0.0352756,0.8865888012584295,0.8121820029922585
708062.0,43,0.203175,0.58757,0.109579,124517,22,47,100000.0,100000.0,-315.22776601683796,-315.22776601683796
434837.0,354,0.726494,0.247162,0.396055,120789,44,49,0.0131688,0.248022,0.8852446079698213,0.5019819280387507
621039.0,110,0.249665,0.381867,0.124833,189509,22,13,0.0136135,0.11006,0.8833230956872784,0.6682470798922788
222035.0,367,0.623059,0.638916,0.217004,180648,21,42,0.0102325,0.244119,0.8988441796039397,0.5059159990446969
617684.0,129,0.244524,0.668796,0.329732,135338,50,23,0.0132039,0.0594267,0.8850917757512544,0.756224078301404
399493.0,129,0.803108,0.343962,0.438852,93172,42,16,0.0194411,0.326748,0.8605686548870736,0.4283812459339704
645269.0,87,0.734871,0.328508,0.413286,28881,45,21,0.0183043,0.387988,0.8647066150914983,0.3771131723980672
898163.0,169,0.441591,0.590748,0.435819,87589,27,14,0.0135807,0.103027,0.8834637395485851,0.6790218075943476
548632.0,312,0.42342,0.633725,0.613127,62642,10,43,0.0109482,0.0434487,0.8953663534038883,0.7915564824706702
203564.0,109,0.81047,0.342389,0.64051,73812,21,25,0.00686729,0.196291,0.9171308863327234,0.5569525984728045
779694.0,203,0.556538,0.790563,0.42336,139324,40,13,0.0114653,0.128024,0.8929238588666925,0.6421955841524591
239570.0,232,0.888453,0.16465,0.265807,111793,43,32,0.0108058,0.509656,0.8960490500283907,0.28609804594748445
470363.0,404,0.148987,0.586097,0.31283,185422,20,23,0.0110186,0.016673,0.8950304806146089,0.8708760285616958
826532.0,488,0.0566373,0.436824,0.853292,113567,36,30,0.0106958,0.00234324,0.896579499130975,0.9515929757163281
354311.0,62,0.346138,0.700591,0.534577,174431,29,48,0.0116425,0.0709633,0.8920995829479793,0.7336106233349384
670502.0,292,0.681793,0.346471,0.0204706,185751,26,33,0.0145985,0.483287,0.8791757474676545,0.30481153634428026
845399.0,22,0.787577,0.6326,0.504975,93157,48,24,0.0383706,0.439912,0.8041158505646768,0.33674137774168367
666212.0,90,0.395872,0.144215,0.618257,34015,19,25,0.0171897,0.3115,0.8688905037764236,0.44187814950496695
328445.0,127,0.219101,0.306774,0.661024,152130,38,32,0.0109363,0.0454527,0.8954232339379344,0.7868036116628614
351865.0,297,0.129425,0.618735,0.324854,69197,15,47,0.0106212,0.0207577,0.896940793715457,0.8559246724799836
788637.0,345,0.346121,0.443487,0.471459,40808,39,48,0.0116265,0.0600702,0.8921737508766998,0.7549077724610591
276279.0,475,0.137434,0.434144,0.0344683,118301,29,26,0.0104138,0.0278938,0.8979519720915685,0.8329856293608242
991246.0,476,0.432179,0.382464,0.193728,149585,34,15,0.0118459,0.143356,0.8911611282675165,0.6213761761325629
762159.0,305,0.0843259,0.260631,0.552887,26282,15,28,0.0116615,0.0266279,0.892011574694322,0.8368194251756662
441902.0,104,0.201375,0.409983,0.947186,163896,23,26,0.0114416,0.0236293,0.8930345850286178,0.846281751245989
419431.0,257,0.233037,0.344429,0.109867,69375,11,18,0.0119891,0.0912711,0.8905052512674695,0.6978889277103535
207072.0,60,0.882396,0.773812,0.153622,55967,34,48,0.00181094,0.632958,0.9574448592999624,0.20441342394432016
761758.0,351,0.297025,0.755655,0.925897,90743,41,46,0.0105316,0.00345438,0.8973764159659194,0.9412260261680393
553077.0,452,0.580993,0.159796,0.316765,134677,29,27,0.0170849,0.226214,0.8692907807383121,0.5243804041042883
815398.0,218,0.572473,0.172661,0.149271,50335,22,10,0.0258109,0.382059,0.8393422893229211,0.38189078634920837
976116.0,418,0.193961,0.184877,0.56875,19389,27,16,0.0131915,0.0442071,0.8851457445281194,0.789745154633716
434009.0,215,0.431056,0.749131,0.533431,46802,22,11,0.0108687,0.0709468,0.8957469424908795,0.7336415948388337
994280.0,71,0.907421,0.702028,0.315556,40435,39,24,0.0113953,0.480666,0.8932512295152774,0.3066991994812064
771490.0,108,0.412299,0.198767,0.764713,175175,48,12,0.0168399,0.112454,0.8702313597204625,0.664658383137434
575795.0,275,0.0258588,0.203338,0.219303,59066,39,36,0.0112629,0.0349031,0.8938731890613876,0.8131762863017652
233003.0,409,0.757367,0.430425,0.210124,54258,26,25,0.00852529,0.394915,0.9076675030122113,0.3715773715086319
812080.0,464,0.18757,0.585412,0.153674,193268,17,24,0.0114396,0.0334639,0.893043934253358,0.8170685920898219
722196.0,60,0.207792,0.3218,0.98208,92459,22,11,0.015413,0.114775,0.8758508960966693,0.6612154076703015
739880.0,280,0.621217,0.70888,0.0230958,99333,28,50,100000.0,100000.0,-315.22776601683796,-315.22776601683796
269380.0,204,0.599922,0.556,0.974763,185117,17,37,0.0105164,0.00255559,0.8974504997574342,0.949447156360893
715709.0,447,0.410419,0.353498,0.355647,184805,16,21,0.0122327,0.0905863,0.8893984629401562,0.6990244195952103
203517.0,212,0.635361,0.706829,0.894633,41034,24,43,0.00861886,0.0239628,0.9071621844289731,0.8452007751957394
764732.0,308,0.78392,0.643151,0.27429,144189,19,26,0.0104704,0.346007,0.8976750274859553,0.41177640305747676
829408.0,207,0.409971,0.699288,0.880626,185075,23,17,0.0109056,0.00917042,0.8955701192186833,0.9042376900863393
446081.0,13,0.635518,0.434577,0.843476,48320,31,16,0.00448801,0.496751,0.9330073884670854,0.29519435303056774
536084.0,47,0.214357,0.243691,0.120511,197898,21,12,0.0142812,0.229598,0.8804960251707082,0.520836144935785
472505.0,416,0.959501,0.182312,0.179709,46738,37,26,0.00923263,0.67536,0.9039134244548178,0.17819710392333132
471805.0,11,0.90732,0.175803,0.702506,193584,15,50,0.0251471,0.649559,0.8414216282086362,0.19404776816488678
593932.0,14,0.136748,0.692329,0.0955245,54039,23,48,0.0151278,0.354816,0.8770048781455134,0.4043356649924389
491103.0,265,0.391205,0.624653,0.274965,76942,44,11,0.011975,0.111189,0.8905696568588035,0.6665498538012016
869032.0,467,0.906532,0.198927,0.141973,131353,19,33,0.0111664,0.637675,0.8943288118738131,0.20145444713529337
400017.0,411,0.982003,0.270842,0.767926,17824,18,14,0.0099008,0.114753,0.9004972362192889,0.6612478782354272
562131.0,260,0.678907,0.649547,0.5407,88896,29,22,0.010709,0.126233,0.8965157016741188,0.6447071630330834
726239.0,97,0.176111,0.629169,0.96972,63242,36,37,0.0127268,0.0256223,0.8871868801956084,0.8399303276694801
525327.0,456,0.985573,0.491972,0.544426,144682,35,16,0.00992572,0.222121,0.9003720922632619,0.5287028538172547
966137.0,211,0.302536,0.175848,0.751991,66304,33,34,0.0164133,0.0774827,0.8718855979992881,0.7216428553099454
215457.0,496,0.420132,0.52678,0.105252,193762,30,38,0.0101656,0.144063,0.8991753998272247,0.6204436800684252
291182.0,77,0.422482,0.490852,0.981785,109532,31,23,0.0113104,0.0414484,0.8936496356376716,0.7964111987362763
744849.0,70,0.287487,0.315884,0.805236,176416,19,30,0.014756,0.0826896,0.8785257228875183,0.7124420058492549
762994.0,56,0.429937,0.368784,0.950207,21818,34,36,0.0167495,0.167061,0.870580140627491,0.591269037140566
779848.0,27,0.292884,0.286274,0.531483,130572,46,22,0.021019,0.331842,0.8550206911314584,0.4239427111822991
279175.0,337,0.255382,0.367921,0.261886,177987,36,46,0.0106059,0.0480868,0.8970150496431639,0.7807129734799616
948638.0,38,0.70801,0.30038,0.152573,57904,10,33,0.0637062,0.638429,0.7475991283691754,0.20098247828974358
281254.0,23,0.504345,0.636595,0.869133,118356,26,15,0.0109316,0.159503,0.8954457078834159,0.6006217331901997
333747.0,363,0.290479,0.450414,0.614122,45660,17,26,0.0103906,0.0338324,0.8980657074385661,0.8160641416145291
276279.0,475,0.01,0.434144,0.0344683,118301,29,26,0.0100662,0.00227244,0.8996695459992331,0.9523298835747174
276279.0,475,0.304349,0.434144,0.99,179452,27,26,0.0103232,0.000669442,0.8983968504425183,0.9741264227444291
220055.0,204,0.586154,0.572177,0.974763,185117,16,41,0.0101369,0.00106084,0.8993178268013646,0.9674294611650345
288652.0,500,0.420132,0.52678,0.873354,193762,31,35,0.0102441,0.00472184,0.898786858560758,0.9312843540378175
268965.0,269,0.285556,0.699288,0.945318,185075,23,18,0.0102866,0.00137676,0.8985771228962617,0.9628952833186938
428144.0,456,0.985573,0.340255,0.962537,144682,35,16,0.0102209,0.00742901,0.8989015331471342,0.9138082950626918
826532.0,488,0.032506,0.696716,0.853292,131400,35,30,0.0103511,0.000824305,0.8982596441916975,0.9712892877134683
761758.0,334,0.0259868,0.755655,0.925897,90743,39,37,0.0104126,0.00147836,0.8979578518454261,0.9615505526697717
826532.0,488,0.0566373,0.436824,0.853292,113567,36,30,0.0106958,0.00234324,0.896579499130975,0.9515929757163281
269380.0,204,0.599922,0.556,0.974763,185117,17,37,0.0105164,0.00255559,0.8974504997574342,0.949447156360893
269380.0,199,0.599922,0.556,0.974763,185117,17,38,0.0105195,0.00263808,0.8974353862192228,0.9486377570583215
761758.0,351,0.297025,0.755655,0.925897,90743,41,46,0.0105316,0.00345438,0.8973764159659194,0.9412260261680393
761758.0,196,0.297025,0.757583,0.975634,98640,40,48,0.0113095,0.00537053,0.8936538670190589,0.92671609999461
826532.0,488,0.256564,0.436824,0.853292,111559,36,30,0.0109305,0.00634248,0.8954509684406402,0.9203603114019147
761758.0,374,0.297025,0.677974,0.830114,89521,30,18,0.0106852,0.00783132,0.8966307589270386,0.9115052543932692
829408.0,207,0.409971,0.699288,0.880626,185075,23,17,0.0109056,0.00917042,0.8955701192186833,0.9042376900863393
826532.0,488,0.0526284,0.276821,0.491631,113567,37,30,0.0109902,0.00734297,0.8951658452602398,0.9143088686035714
617684.0,114,0.312934,0.687524,0.99,134031,50,23,0.0120716,0.0117487,0.8901291667456736,0.8916085796753267
470363.0,370,0.148987,0.586097,0.371738,175934,19,23,0.0110519,0.0153752,0.894871982801919,0.8760032258484117
351865.0,296,0.09123,0.562497,0.324854,62012,16,47,0.0104262,0.0162959,0.8978912344605029,0.8723446045010239
470363.0,404,0.148987,0.586097,0.31283,185422,20,23,0.0110186,0.016673,0.8950304806146089,0.8708760285616958
731181.0,488,0.338853,0.436824,0.736596,113567,36,32,0.0109767,0.0168616,0.8952302524580688,0.870147776299364
744396.0,404,0.148987,0.528167,0.31283,200000,15,22,0.0116311,0.0178545,0.8921524223730547,0.8663792680756464
904940.0,388,0.240909,0.533234,0.610846,106200,43,22,0.0114951,0.0183173,0.8927847958543192,0.8646585798803633
351865.0,297,0.129425,0.618735,0.324854,69197,15,47,0.0106212,0.0207577,0.896940793715457,0.8559246724799836
242082.0,344,0.248198,0.54849,0.651147,49926,14,46,0.00948765,0.0217721,0.9025954313186492,0.852446280968591
509221.0,236,0.591238,0.334901,0.878195,197438,18,10,0.0128558,0.0233129,0.8866165796952659,0.8473143752673488
441902.0,104,0.201375,0.409983,0.947186,163896,23,26,0.0114416,0.0236293,0.8930345850286178,0.846281751245989
203517.0,212,0.635361,0.706829,0.894633,41034,24,43,0.00861886,0.0239628,0.9071621844289731,0.8452007751957394
726239.0,97,0.176111,0.629169,0.96972,63242,36,37,0.0127268,0.0256223,0.8871868801956084,0.8399303276694801
255669.0,475,0.137434,0.51537,0.0344683,118301,29,26,0.0103107,0.0258245,0.8984583829161659,0.8392999688861262
399400.0,497,0.190319,0.441703,0.405671,66964,14,16,0.011132,0.025969,0.8944917064871202,0.8388510006236465
762159.0,305,0.0843259,0.260631,0.552887,26282,15,28,0.0116615,0.0266279,0.892011574694322,0.8368194251756662
454602.0,119,0.0848104,0.409983,0.487197,163896,23,28,0.0109642,0.0274104,0.895289924076047,0.8344391350590363
276279.0,475,0.137434,0.434144,0.0344683,118301,29,26,0.0104138,0.0278938,0.8979519720915685,0.8329856293608242
829408.0,207,0.409971,0.487004,0.753074,185075,31,17,0.0127116,0.0285551,0.8872542683734768,0.8310174565228704
890291.0,207,0.439839,0.699288,0.71475,186645,23,17,0.0112135,0.0286036,0.8941061852608945,0.8308740114589127
242082.0,344,0.248198,0.452452,0.597293,49926,14,46,0.00941639,0.0295737,0.9029619146932505,0.8280299444670671
735589.0,165,0.591238,0.373212,0.878195,190047,14,10,0.0136747,0.0311901,0.8830611270791444,0.8233928087534372
812080.0,481,0.18757,0.585412,0.153674,193268,18,24,0.0113783,0.0331654,0.8933308854447549,0.8178862992523627
800171.0,409,0.365684,0.192453,0.830576,81625,30,23,0.0141798,0.0332084,0.8809210346030837,0.817768279380345
812080.0,464,0.18757,0.585412,0.153674,193268,17,24,0.0114396,0.0334639,0.893043934253358,0.8170685920898219
631414.0,500,0.18757,0.585412,0.153674,170220,34,24,0.0113633,0.0334647,0.8934012195191708,0.8170664054909542
871626.0,443,0.277259,0.455893,0.473556,130490,17,18,0.0116988,0.0337242,0.8918390088802807,0.816358501421928
333747.0,363,0.290479,0.450414,0.614122,45660,17,26,0.0103906,0.0338324,0.8980657074385661,0.8160641416145291
291182.0,77,0.130955,0.559281,0.981785,101663,32,23,0.0104916,0.0338505,0.8975714883443091,0.8160149462592138
328445.0,127,0.243135,0.383268,0.710613,152130,37,30,0.0110048,0.0348886,0.8950962345766369,0.8132150969698033
559008.0,260,0.136748,0.621902,0.0955245,54039,22,48,0.0115629,0.0348924,0.8924690742158331,0.8132049251184603
575795.0,275,0.0258588,0.203338,0.219303,59066,39,36,0.0112629,0.0349031,0.8938731890613876,0.8131762863017652
260639.0,159,0.616387,0.798821,0.789993,115187,48,25,0.0109479,0.0351268,0.8953677869869895,0.8125785497868507
429644.0,409,0.365684,0.192453,0.830576,81625,30,23,0.0128621,0.0352756,0.8865888012584295,0.8121820029922585
579624.0,255,0.410855,0.683774,0.621707,192545,12,20,0.0114581,0.035979,0.892957485081861,0.8103186883217011
762159.0,322,0.232413,0.260631,0.725731,26282,21,35,0.0130138,0.0369473,0.885921956538517,0.8077831953236139
429644.0,409,0.362202,0.198846,0.776986,91810,30,28,0.0128798,0.0380451,0.8865107934647528,0.8049484683474646
871626.0,443,0.277259,0.455893,0.414648,139978,14,18,0.0117823,0.0392259,0.8914536965161871,0.8019447046908363
291182.0,77,0.422482,0.490852,0.981785,109532,31,23,0.0113104,0.0414484,0.8936496356376716,0.7964111987362763
461556.0,165,0.591238,0.373212,0.812218,187441,14,11,0.0134257,0.0414971,0.8841306770538465,0.7962916300197755
548632.0,312,0.42342,0.633725,0.613127,62642,10,43,0.0109482,0.0434487,0.8953663534038883,0.7915564824706702
976116.0,418,0.193961,0.184877,0.56875,19389,27,16,0.0131915,0.0442071,0.8851457445281194,0.789745154633716
328445.0,127,0.219101,0.306774,0.661024,152130,38,32,0.0109363,0.0454527,0.8954232339379344,0.7868036116628614
695025.0,375,0.218295,0.585412,0.153674,193268,17,24,0.0118476,0.0456726,0.8911533188379177,0.7862885122413865
579624.0,255,0.473899,0.683774,0.621707,164660,12,22,0.0112661,0.0463376,0.8938581138287057,0.7847382988081717
740619.0,312,0.453704,0.633725,0.613127,62642,10,43,0.0108141,0.0467716,0.8960091350165794,0.7837325729565361
579624.0,255,0.473899,0.683774,0.621707,152844,12,22,0.0112833,0.0469947,0.893777121108492,0.7832173899963376
617684.0,363,0.256852,0.668796,0.272148,140770,50,30,0.0116277,0.047437,0.8921681865125138,0.7821996326908515
279175.0,337,0.255382,0.367921,0.261886,177987,36,46,0.0106059,0.0480868,0.8970150496431639,0.7807129734799616
921689.0,437,0.302536,0.175848,0.695579,25298,33,34,0.0133363,0.0491395,0.884517100833067,0.7783256893548556
894190.0,301,0.414895,0.450414,0.619513,25958,17,26,0.0111559,0.0519884,0.8943785059753461,0.7719903510813633
579624.0,255,0.473899,0.753942,0.621707,64489,17,22,0.0108915,0.0522403,0.8956376504672303,0.7714386296855918
548632.0,312,0.42342,0.410323,0.613127,65154,12,43,0.0122113,0.0549961,0.8894952489709153,0.7654875269841708
434009.0,370,0.431056,0.749131,0.533431,46802,23,11,0.010225,0.0579874,0.8988812579192166,0.7591942691711844
617684.0,129,0.244524,0.668796,0.329732,135338,50,23,0.0132039,0.0594267,0.8850917757512544,0.756224078301404
788637.0,345,0.346121,0.443487,0.471459,40808,39,48,0.0116265,0.0600702,0.8921737508766998,0.7549077724610591
560839.0,345,0.346121,0.443487,0.457781,40808,39,49,0.0113946,0.0651543,0.893254508291919,0.7447465964967361
279175.0,319,0.352899,0.367921,0.352619,177987,36,47,0.0108598,0.0676802,0.8957896358321304,0.7398458149481351
744849.0,70,0.287487,0.309491,0.920396,176416,19,27,0.0144636,0.0704678,0.8797352919597773,0.7345422820862049
434009.0,215,0.431056,0.749131,0.533431,46802,22,11,0.0108687,0.0709468,0.8957469424908795,0.7336415948388337
354311.0,62,0.346138,0.700591,0.534577,174431,29,48,0.0116425,0.0709633,0.8920995829479793,0.7336106233349384
354311.0,62,0.346138,0.700591,0.534577,174431,29,48,0.0116425,0.0709633,0.8920995829479793,0.7336106233349384
399400.0,497,0.233586,0.427312,0.019544,66964,14,16,0.0113321,0.0746569,0.8935476632478179,0.726765851328938
276279.0,475,0.01,0.434144,0.0344683,118301,29,26,0.0100662,0.00227244,0.8996695459992331,0.9523298835747174
226388.0,448,0.298289,0.676384,0.99,179452,27,26,0.0100936,0.000155595,0.8995330900246256,0.9875262275153024
220055.0,204,0.586154,0.572177,0.974763,185117,16,41,0.0101369,0.00106084,0.8993178268013646,0.9674294611650345
276279.0,474,0.272991,0.434144,0.99,179452,27,26,0.0102891,0.000644042,0.8985647990094169,0.9746220174166661
268965.0,269,0.285556,0.579738,0.979594,200000,23,18,0.0101931,0.000696896,0.8990391164856408,0.9736012121490398
276279.0,475,0.304349,0.434144,0.99,179452,27,26,0.0103232,0.000669442,0.8983968504425183,0.9741264227444291
220055.0,204,0.586154,0.572177,0.972938,185117,21,27,0.0101391,0.00116309,0.8993069019247099,0.965895894675274
288652.0,500,0.420132,0.52678,0.873354,193762,31,35,0.0102441,0.00472184,0.898786858560758,0.9312843540378175
268965.0,269,0.285556,0.699288,0.945318,185075,23,18,0.0102866,0.00137676,0.8985771228962617,0.9628952833186938
826532.0,488,0.032506,0.696716,0.853292,131400,35,30,0.0103511,0.000824305,0.8982596441916975,0.9712892877134683
428144.0,462,0.985573,0.340255,0.964863,144682,35,11,0.0102208,0.00698027,0.8989020277156856,0.9164519898501466
428144.0,456,0.985573,0.340255,0.962537,144682,35,16,0.0102209,0.00742901,0.8989015331471342,0.9138082950626918
274958.0,475,0.38655,0.380637,0.99,181800,27,26,0.0103986,0.000852155,0.8980264740238919,0.9708083059758431
943923.0,488,0.032506,0.696716,0.853292,109522,35,30,0.0103923,0.000884482,0.8980573690745624,0.9702597579028012
826532.0,488,0.032506,0.638254,0.853292,116590,35,30,0.0103913,0.00102358,0.8980622739119614,0.9680065631730507
288652.0,455,0.420132,0.548126,0.873354,193762,31,35,0.0102926,0.00485736,0.8985475480828581,0.9303052369255767
761758.0,334,0.0259868,0.755655,0.925897,90743,39,37,0.0104126,0.00147836,0.8979578518454261,0.9615505526697717
761758.0,401,0.297025,0.8,0.925897,90743,40,46,0.0104035,0.00275702,0.8980024510098404,0.9474926671787645
761758.0,313,0.0259868,0.755655,0.925897,90743,39,37,0.0104331,0.00165798,0.897857452547922,0.9592816994460721
826532.0,488,0.0566373,0.436824,0.853292,113567,36,30,0.0106958,0.00234324,0.896579499130975,0.9515929757163281
878757.0,488,0.121909,0.696716,0.853292,131400,36,29,0.0107012,0.00193394,0.8965533954157991,0.9560234153213326
288652.0,500,0.337932,0.52678,0.9334,148984,31,35,0.0104637,0.00235722,0.897707771556193,0.9514487899223922
286219.0,500,0.300241,0.357826,0.873354,193762,31,23,0.0104553,0.00369033,0.8977488386374023,0.9392519136103861
269380.0,133,0.599922,0.556,0.974763,185117,17,37,0.0104465,0.00448695,0.8977918789919314,0.9330153002544611
269380.0,204,0.599922,0.556,0.974763,185117,17,37,0.0105164,0.00255559,0.8974504997574342,0.949447156360893
813509.0,297,0.01,0.486478,0.324854,108176,15,47,0.0104942,0.00379996,0.8975587973518467,0.9383561844140063
244255.0,204,0.599922,0.556,0.974763,156028,17,31,0.0105136,0.0034585,0.8974641526099286,0.9411909870853115
269380.0,199,0.599922,0.556,0.974763,185117,17,38,0.0105195,0.00263808,0.8974353862192228,0.9486377570583215
269380.0,203,0.599922,0.556,0.972437,185117,18,38,0.0105237,0.00273086,0.8974149133645636,0.9477423689783013
761758.0,351,0.297025,0.755655,0.925897,90743,41,46,0.0105316,0.00345438,0.8973764159659194,0.9412260261680393
810509.0,410,0.297025,0.677974,0.830114,89521,30,18,0.010574,0.00715388,0.8971700432753179,0.9154193875642888
761758.0,217,0.297025,0.757583,0.975634,98640,34,48,0.0110541,0.00438542,0.8948615198892432,0.9337774962720375
269380.0,199,0.599922,0.556,0.940487,185117,13,38,0.0105948,0.00490017,0.8970689551204303,0.9299987857248176
761758.0,351,0.279099,0.513415,0.925897,131123,44,46,0.0110225,0.00476546,0.8950119054368544,0.9309676887247718
826532.0,488,0.256564,0.436824,0.853292,111559,36,30,0.0109305,0.00634248,0.8954509684406402,0.9203603114019147
928718.0,196,0.297025,0.757583,0.975634,98640,36,48,0.0110569,0.00457755,0.894848204960638,0.9323424061911747
761758.0,374,0.288649,0.677974,0.830114,125077,30,18,0.0106618,0.00685374,0.8967440074378247,0.9172126821306548
761758.0,196,0.297025,0.757583,0.975634,98640,40,48,0.0113095,0.00537053,0.8936538670190589,0.92671609999461
761758.0,374,0.297025,0.677974,0.831939,87352,30,36,0.0106848,0.00778915,0.8966326937566814,0.9117438387419893
557447.0,488,0.0690827,0.409079,0.491631,83505,37,30,0.0108226,0.00719604,0.8959682740698781,0.9151705239907731
761758.0,374,0.297025,0.677974,0.830114,89521,30,18,0.0106852,0.00783132,0.8966307589270386,0.9115052543932692
826532.0,488,0.0526284,0.276821,0.491631,113567,37,30,0.0109902,0.00734297,0.8951658452602398,0.9143088686035714
441902.0,175,0.103118,0.436044,0.947186,163896,29,26,0.0107425,0.0082712,0.8963539677556347,0.9090538620940944
744396.0,462,0.0931845,0.56777,0.31283,200000,15,23,0.0110081,0.00800681,0.895080507054218,0.9105192199408163
829408.0,207,0.409971,0.699288,0.880626,185075,23,17,0.0109056,0.00917042,0.8955701192186833,0.9042376900863393
829408.0,207,0.409971,0.699288,0.880626,185075,23,17,0.0109056,0.00917042,0.8955701192186833,0.9042376900863393
508318.0,488,0.117104,0.436824,0.569548,73807,39,35,0.0111068,0.010175,0.894611196040566,0.89912879499084
441902.0,198,0.27609,0.418412,0.947186,153646,23,21,0.0114945,0.0103507,0.8927875940014403,0.8982616099989783
866846.0,312,0.42342,0.410323,0.896872,102906,12,38,0.0111556,0.0109514,0.8943799261503761,0.895351063072767
726239.0,97,0.176111,0.671592,0.919277,200000,36,34,0.0116585,0.0116179,0.892025465965349,0.8922136372262242
617684.0,114,0.312934,0.687524,0.99,134031,50,23,0.0120716,0.0117487,0.8901291667456736,0.8916085796753267
477894.0,456,0.985573,0.221926,0.962537,144682,30,31,0.0102814,0.012141,0.8986027613788226,0.8898137939667583
762159.0,289,0.0843259,0.462429,0.552887,20114,15,28,0.0111362,0.0143394,0.8944718047155169,0.8802527662114903
470363.0,370,0.148212,0.586097,0.371738,200000,18,27,0.0109531,0.0144403,0.8953429409929746,0.8798322006525875
579624.0,255,0.410855,0.683774,0.784857,192545,12,20,0.0110132,0.0153219,0.8950562055193353,0.8762183373839243
470363.0,370,0.148987,0.586097,0.371738,175934,19,23,0.0110519,0.0153752,0.894871982801919,0.8760032258484117
795906.0,409,0.365684,0.361408,0.830576,89721,30,32,0.0114141,0.0155705,0.8931632085843084,0.8752181904282519
731181.0,488,0.282345,0.357637,0.736596,107962,36,34,0.0117557,0.0161917,0.8915762941050251,0.8727533890431655
351865.0,296,0.09123,0.562497,0.324854,62012,16,47,0.0104262,0.0162959,0.8978912344605029,0.8723446045010239
470363.0,404,0.148987,0.586097,0.31283,185422,20,23,0.0110186,0.016673,0.8950304806146089,0.8708760285616958
351865.0,296,0.09123,0.549588,0.324854,62012,16,47,0.010429,0.0167523,0.8978775245110069,0.870569323574355
731181.0,488,0.338853,0.436824,0.736596,113567,36,32,0.0109767,0.0168616,0.8952302524580688,0.870147776299364
470363.0,364,0.148987,0.586097,0.31283,185422,20,23,0.0110321,0.0173205,0.8949661959176951,0.8683926293857369
470363.0,370,0.148987,0.586097,0.371738,130914,19,23,0.011216,0.0173617,0.8940943816410102,0.8682361961690541
648785.0,447,0.148987,0.528167,0.31283,172686,16,24,0.0115231,0.0177072,0.8926542967790513,0.8669315965377205
744396.0,404,0.148987,0.528167,0.31283,200000,15,22,0.0116311,0.0178545,0.8921524223730547,0.8663792680756464
904940.0,388,0.240909,0.533234,0.610846,106200,43,22,0.0114951,0.0183173,0.8927847958543192,0.8646585798803633
800171.0,409,0.365684,0.310782,0.830576,76845,35,19,0.011897,0.0191882,0.8909266301978342,0.8614785215210291
255669.0,500,0.137434,0.51537,0.170695,118301,29,26,0.0103047,0.0199505,0.8984879317519341,0.8587537611120211
351865.0,297,0.129425,0.618735,0.324854,69197,15,47,0.0106212,0.0207577,0.896940793715457,0.8559246724799836
351865.0,297,0.130199,0.618735,0.324854,69197,16,36,0.0106248,0.0209715,0.896923329506624,0.8551846002664081
295556.0,344,0.248198,0.560259,0.639051,57574,12,47,0.0103651,0.0212232,0.8981908648499556,0.8543181548716519
242082.0,344,0.248198,0.54849,0.651147,49926,14,46,0.00948765,0.0217721,0.9025954313186492,0.852446280968591
441902.0,104,0.114997,0.409983,0.947186,163896,23,26,0.0110407,0.0218267,0.8949252646922201,0.8522613794568259
276279.0,417,0.110071,0.434144,0.0211782,107545,33,25,0.0103374,0.0227251,0.8983269947331152,0.8492515340044882
509221.0,236,0.591238,0.334901,0.878195,197438,18,10,0.0128558,0.0233129,0.8866165796952659,0.8473143752673488
441902.0,104,0.201375,0.409983,0.947186,163896,23,26,0.0114416,0.0236293,0.8930345850286178,0.846281751245989
787339.0,471,0.190319,0.441703,0.427984,66964,14,16,0.0118104,0.0238747,0.8913243357508223,0.8454855993766277
203517.0,212,0.635361,0.706829,0.894633,41034,24,43,0.00861886,0.0239628,0.9071621844289731,0.8452007751957394
351865.0,306,0.129425,0.618735,0.188627,76753,15,47,0.0106691,0.0247348,0.8967086644485608,0.8427269889650484
226388.0,448,0.298289,0.676384,0.99,179452,27,26,0.0100936,0.000155595,0.8995330900246256,0.9875262275153024
220055.0,244,0.01,0.572177,0.857565,185117,21,27,0.0100041,0.000250988,0.8999795021008193,0.9841573992034136
226388.0,448,0.298289,0.676384,0.99,179452,27,26,0.0100936,0.000155595,0.8995330900246256,0.9875262275153024
200000.0,344,0.599922,0.556,0.974763,156028,17,29,0.0100772,0.00100309,0.8996147421181775,0.9683284038924465
281926.0,448,0.374507,0.676384,0.99,179452,29,31,0.0100997,0.000376163,0.8995027363556599,0.9806050779841733
265366.0,381,0.599922,0.556,0.974763,185117,17,38,0.010062,0.00108897,0.899690479016197,0.9670004545485851
220055.0,148,0.385791,0.572177,0.964859,185159,30,41,0.0100418,0.00141966,0.8997912179497226,0.9623216242388289
276279.0,475,0.01,0.434144,0.0344683,118301,29,26,0.0100662,0.00227244,0.8996695459992331,0.9523298835747174
274104.0,475,0.288772,0.434144,0.985826,200000,27,26,0.0102187,0.000438764,0.8989124142142073,0.9790533057500712
268965.0,328,0.285556,0.699288,0.99,185075,23,23,0.0102296,0.000436747,0.898858514940703,0.9791015072313815
268965.0,269,0.218395,0.699288,0.99,185075,23,30,0.010178,0.000549114,0.8991139256388673,0.976566818397836
234954.0,204,0.278886,0.642335,0.974763,185117,33,35,0.0101054,0.000790253,0.8994743813746964,0.9718885610471467
220055.0,204,0.586154,0.572177,0.974763,185117,16,41,0.0101369,0.00106084,0.8993178268013646,0.9674294611650345
276279.0,474,0.272991,0.434144,0.99,179452,27,26,0.0102891,0.000644042,0.8985647990094169,0.9746220174166661
268965.0,269,0.285556,0.579738,0.979594,200000,23,18,0.0101931,0.000696896,0.8990391164856408,0.9736012121490398
276279.0,474,0.272991,0.464028,0.99,175913,34,26,0.0102991,0.000625893,0.8985155184276926,0.9749821463750384
826532.0,488,0.032506,0.696716,0.853292,182215,35,30,0.0102939,0.000636432,0.8985411413429069,0.9747723960709702
233114.0,441,0.470592,0.548126,0.873354,200000,29,33,0.0101118,0.0044956,0.8994425537317101,0.9329507643593158
276279.0,475,0.304349,0.434144,0.99,179452,27,26,0.0103232,0.000669442,0.8983968504425183,0.9741264227444291
220055.0,204,0.586154,0.572177,0.972938,185117,21,27,0.0101391,0.00116309,0.8993069019247099,0.965895894675274
271140.0,234,0.301133,0.579738,0.983768,200000,23,26,0.0102068,0.000802751,0.8989712912088846,0.971667139219627
826532.0,488,0.032506,0.696716,0.853292,131400,35,30,0.0103511,0.000824305,0.8982596441916975,0.9712892877134683
826532.0,488,0.032506,0.696716,0.853292,131400,28,32,0.0103524,0.000822874,0.8982532555803381,0.9713142195504463
753818.0,500,0.586154,0.572177,0.974763,185117,16,41,0.0101727,0.0015185,0.8991401963119102,0.9610320644632026
270678.0,292,0.272991,0.434144,0.99,179452,27,26,0.0102737,0.00134673,0.8986407379663802,0.963302179901253
328817.0,448,0.298289,0.666553,0.947423,191938,27,26,0.0102947,0.00111069,0.898537198934782,0.966672983931951
276279.0,474,0.272991,0.434144,0.99,156679,10,26,0.010363,0.000780178,0.8982011787887502,0.9720683333830579
274958.0,475,0.38655,0.380637,0.99,181800,27,26,0.0103986,0.000852155,0.8980264740238919,0.9708083059758431
943923.0,488,0.032506,0.696716,0.853292,109522,35,30,0.0103923,0.000884482,0.8980573690745624,0.9702597579028012
826532.0,488,0.032506,0.638254,0.853292,116590,35,30,0.0103913,0.00102358,0.8980622739119614,0.9680065631730507
603079.0,401,0.29206,0.8,0.99,90743,40,26,0.0103726,0.00127513,0.8981540378807289,0.9642910375395756
826532.0,448,0.662473,0.696716,0.968666,136398,35,30,0.0102002,0.00215292,0.8990039604736899,0.9536004310364848
268965.0,269,0.285556,0.699288,0.945318,185075,23,20,0.0102866,0.00137595,0.8985771228962617,0.9629061999789722
268965.0,269,0.285556,0.699288,0.945318,185075,23,18,0.0102866,0.00137676,0.8985771228962617,0.9628952833186938
807614.0,366,0.0259868,0.755655,0.925897,90743,40,37,0.0103936,0.00122634,0.8980509931387265,0.9649808623749813
1000000.0,484,0.032506,0.682257,0.83612,109522,35,30,0.0104099,0.000935613,0.8979710825304904,0.9694122083176964
262151.0,462,0.0974378,0.38937,0.936331,108100,35,11,0.0102028,0.00284745,0.8989910895019653,0.9466384970226662
761758.0,334,0.0259868,0.755655,0.925897,90743,39,37,0.0104126,0.00147836,0.8979578518454261,0.9615505526697717
359920.0,324,0.290521,0.602629,0.979594,200000,23,38,0.0105245,0.00114756,0.8974110142364201,0.9661243450247822
269380.0,337,0.599922,0.432445,0.974763,185117,18,32,0.010404,0.00186417,0.898,0.956823964980559
226388.0,448,0.298289,0.676384,0.84589,167599,29,20,0.0102083,0.00336159,0.8989638678491699,0.9420207795844062
288652.0,428,0.225717,0.548126,0.878288,193762,33,46,0.0103256,0.00204626,0.8983850404713951,0.9547643945547316
288652.0,500,0.420132,0.52678,0.873354,193762,31,35,0.0102441,0.00472184,0.898786858560758,0.9312843540378175
761758.0,313,0.0259868,0.755655,0.925897,90743,39,37,0.0104331,0.00165798,0.897857452547922,0.9592816994460721
428144.0,462,0.227415,0.502472,0.99,144682,34,37,0.0107344,0.00160829,0.8963930504261418,0.9598965088801485
428144.0,456,0.985573,0.354833,0.962537,144682,35,16,0.010215,0.00712222,0.8989307168324618,0.9156067538247283
428144.0,462,0.985573,0.340255,0.964863,144682,35,21,0.0102207,0.00695309,0.8989025222866565,0.9166148094683474
761758.0,382,0.297025,0.8,0.925897,135530,44,46,0.0103644,0.00242429,0.8981943027134532,0.9507629204765352
428144.0,462,0.985573,0.340255,0.964863,144682,35,11,0.0102208,0.00698027,0.8989020277156856,0.9164519898501466
288652.0,455,0.420132,0.548126,0.873354,193762,31,35,0.0102926,0.00485736,0.8985475480828581,0.9303052369255767
761758.0,401,0.297025,0.8,0.925897,90743,40,46,0.0104035,0.00275702,0.8980024510098404,0.9474926671787645
878757.0,488,0.121909,0.696716,0.853292,131400,36,29,0.0107012,0.00193394,0.8965533954157991,0.9560234153213326
761758.0,401,0.297025,0.8,0.925897,90743,40,46,0.0104035,0.00275702,0.8980024510098404,0.9474926671787645
761758.0,374,0.0282443,0.582283,0.693876,125077,30,18,0.0104565,0.00208403,0.8977429709017517,0.9543488225781634
428144.0,456,0.985573,0.340255,0.962537,144682,35,16,0.0102209,0.00742901,0.8989015331471342,0.9138082950626918
826532.0,488,0.0566373,0.436824,0.853292,113567,36,30,0.0106958,0.00234324,0.896579499130975,0.9515929757163281
288652.0,500,0.337932,0.52678,0.9334,148984,31,35,0.0104637,0.00235722,0.897707771556193,0.9514487899223922
286219.0,500,0.300241,0.357826,0.873354,193762,31,23,0.0104553,0.00369033,0.8977488386374023,0.9392519136103861
269380.0,133,0.599922,0.556,0.974763,185117,17,37,0.0104465,0.00448695,0.8977918789919314,0.9330153002544611
288652.0,500,0.420132,0.52678,0.873354,142947,31,35,0.0103573,0.00627165,0.89822917903446,0.9208062502466261
376800.0,409,0.420132,0.562586,0.873354,193762,31,32,0.0104338,0.00602137,0.8978540260215803,0.9224025129272861
269380.0,204,0.599922,0.556,0.974763,185117,17,37,0.0105164,0.00255559,0.8974504997574342,0.949447156360893
244255.0,241,0.599922,0.556,0.974763,156028,17,31,0.0104788,0.00276758,0.8976339900162168,0.9473922059006462
318813.0,322,0.259513,0.586097,0.934571,166209,40,23,0.0105867,0.00250268,0.8971083093733998,0.9499732071785528
813509.0,297,0.01,0.486478,0.324854,108176,15,47,0.0104942,0.00379996,0.8975587973518467,0.9383561844140063
244255.0,204,0.599922,0.556,0.974763,156028,17,31,0.0105136,0.0034585,0.8974641526099286,0.9411909870853115
269380.0,199,0.599922,0.556,0.974763,185117,17,38,0.0105195,0.00263808,0.8974353862192228,0.9486377570583215
269380.0,203,0.599922,0.556,0.972437,185117,18,38,0.0105237,0.00273086,0.8974149133645636,0.9477423689783013
719069.0,318,0.292605,0.8,0.925897,126011,32,17,0.0105224,0.0031342,0.8974212497639009,0.9440160737354015
761758.0,351,0.297025,0.755655,0.925897,90743,41,46,0.0105316,0.00345438,0.8973764159659194,0.9412260261680393
288652.0,500,0.337932,0.424102,0.9334,140899,31,35,0.0107043,0.00328864,0.8965384129253761,0.9426533348833604
269380.0,199,0.599922,0.556,0.940487,185117,13,38,0.0105948,0.00490017,0.8970689551204303,0.9299987857248176
269380.0,136,0.599922,0.556,0.99,165599,17,36,0.0105713,0.00500466,0.8971831725834725,0.9292563783793902
276279.0,475,0.427223,0.415632,0.882366,179452,27,26,0.010553,0.00544388,0.8972722043456592,0.9262173462119991
821470.0,410,0.297025,0.700938,0.858182,70444,23,18,0.010535,0.00599016,0.8973598519096937,0.9226038760660458
699260.0,488,0.111998,0.539595,0.791531,116590,22,33,0.0110087,0.00349232,0.8950776477579729,0.9409041456614764
344994.0,183,0.121909,0.696716,0.853292,131400,36,29,0.0105506,0.00602951,0.8972838863663544,0.9223500804894171
761758.0,217,0.297025,0.757583,0.975634,98640,34,48,0.0110541,0.00438542,0.8948615198892432,0.9337774962720375
871491.0,279,0.0159882,0.434144,0.472174,118301,29,26,0.0106351,0.00505415,0.896873378800622,0.9289074546805363
892702.0,370,0.279099,0.513415,0.925897,86336,40,46,0.0108778,0.00495279,0.8957033078185123,0.9296239387291388
220055.0,244,0.01,0.572177,0.857565,185117,21,27,0.0100041,0.000250988,0.8999795021008193,0.9841573992034136
200000.0,374,0.599922,0.68554,0.974763,156028,17,41,0.0100025,0.000746017,0.8999875007811524,0.9726866882271666
226388.0,448,0.298289,0.676384,0.99,200000,27,26,0.0100464,6.597e-05,0.8997682684974464,0.9918778081775915
226388.0,448,0.298289,0.676384,0.99,179452,27,26,0.0100936,0.000155595,0.8995330900246256,0.9875262275153024
226388.0,448,0.298289,0.676384,0.99,179452,27,26,0.0100936,0.000155595,0.8995330900246256,0.9875262275153024
276279.0,475,0.531978,0.537377,0.99,179452,27,26,0.0100487,0.000528211,0.8997567957415566,0.9770171585742755
253823.0,244,0.0426244,0.511278,0.857565,200000,21,24,0.010028,0.000710016,0.8998600978630397,0.973353874578093
200000.0,344,0.599724,0.684206,0.974763,154133,17,29,0.0100149,0.00084257,0.8999255277305945,0.9709729436559612
213564.0,441,0.470592,0.524824,0.99,185542,29,33,0.010049,0.000157648,0.8997552993919379,0.9874442045253994
220055.0,148,0.385791,0.572177,0.964859,185159,30,41,0.0100418,0.00141966,0.8997912179497226,0.9623216242388289
220055.0,204,0.430137,0.572177,0.988264,194842,23,27,0.0100523,0.000310886,0.899738841020064,0.9823680403811714
217868.0,401,0.599922,0.556,0.974763,139292,17,30,0.0100558,0.00147977,0.8997213881228904,0.9615322212754622
289230.0,500,0.432234,0.556,0.99,192302,11,37,0.0100636,0.000318929,0.8996825040184914,0.9821414166295308
200000.0,344,0.599922,0.556,0.99,160631,33,29,0.0100582,0.000445641,0.8997094221773551,0.9788897892004841
200000.0,344,0.599922,0.556,0.974763,156028,17,29,0.0100772,0.00100309,0.8996147421181775,0.9683284038924465
281926.0,448,0.374507,0.676384,0.99,179452,29,31,0.0100997,0.000376163,0.8995027363556599,0.9806050779841733
265366.0,381,0.599922,0.556,0.974763,185117,17,38,0.010062,0.00108897,0.899690479016197,0.9670004545485851
317485.0,461,0.148427,0.740964,0.99,176742,28,26,0.0102199,0.000336252,0.8989064789415266,0.9816628246450005
226388.0,448,0.298487,0.532793,0.99,167599,29,20,0.0101468,0.000340467,0.8992686741872222,0.9815482521153144
220055.0,148,0.385791,0.604043,0.964859,175501,30,41,0.0100646,0.00187639,0.8996775199668589,0.9566826824468551
227844.0,412,0.272991,0.434144,0.99,171004,27,26,0.0101268,0.000472454,0.8993679971380873,0.9782639930069942
220185.0,204,0.435457,0.642335,0.974763,185117,33,35,0.0101016,0.000747979,0.8994932838065037,0.9726507952583626
274104.0,452,0.208484,0.434144,0.985826,200000,27,30,0.0101499,0.000407128,0.8992532878948399,0.9798225868853314
234954.0,204,0.278886,0.642335,0.974763,185117,41,35,0.0101051,0.00066042,0.8994758735427161,0.9743013619037896
276279.0,475,0.01,0.434144,0.0344683,118301,29,26,0.0100662,0.00227244,0.8996695459992331,0.9523298835747174
269106.0,269,0.20258,0.533629,0.979594,200000,21,22,0.0101349,0.000674717,0.8993277595362058,0.9740246847949827
288652.0,455,0.398928,0.548126,0.99,193762,31,33,0.0101635,0.00043625,0.8991858144902216,0.9791134014257946
234954.0,204,0.259279,0.774896,0.964464,185117,41,32,0.0101054,0.000786687,0.8994743813746964,0.9719520588990921
274104.0,475,0.288772,0.434144,0.985826,200000,27,26,0.0102187,0.000438764,0.8989124142142073,0.9790533057500712
268965.0,328,0.285556,0.699288,0.99,185075,23,23,0.0102296,0.000436747,0.898858514940703,0.9791015072313815
234954.0,204,0.278886,0.642335,0.974763,185117,33,35,0.0101054,0.000790253,0.8994743813746964,0.9718885610471467
271140.0,234,0.239051,0.607705,0.983768,200000,24,25,0.0101619,0.000706415,0.8991937501937504,0.9734215312705943
242511.0,481,0.271725,0.495044,0.971593,179452,27,27,0.0101698,0.0005114,0.8991545737279077,0.9773858451407089
268965.0,269,0.218395,0.699288,0.99,185075,23,30,0.010178,0.000549114,0.8991139256388673,0.976566818397836
233114.0,441,0.470592,0.548126,0.873354,200000,29,33,0.0101118,0.0044956,0.8994425537317101,0.9329507643593158
369620.0,473,0.032506,0.499241,0.853292,182215,35,28,0.0101251,0.000839793,0.8993764441097414,0.9710208178169224
226388.0,448,0.298289,0.676384,0.946467,167762,30,24,0.0101545,0.000793152,0.8992304609517341,0.9718370456095246
428144.0,462,0.01,0.513729,0.99,144682,35,37,0.0101279,0.00103209,0.8993625318283494,0.9678738424333068
276279.0,474,0.233344,0.434144,0.99,166337,10,28,0.0102738,0.000612334,0.8986402446727499,0.9752546165921803
239011.0,269,0.289928,0.699288,0.945318,185075,30,18,0.0101577,0.000998218,0.8992145843884146,0.9684054118558257
288652.0,500,0.337932,0.648372,0.970271,148984,32,35,0.010189,0.000945314,0.8990594234215001,0.9692540409159187
268965.0,269,0.285556,0.607231,0.979594,200000,23,18,0.0101923,0.000646131,0.8990430784938447,0.9745808930133256
220055.0,204,0.586154,0.572177,0.974763,185117,16,41,0.0101369,0.00106084,0.8993178268013646,0.9674294611650345
276279.0,474,0.272991,0.434144,0.99,179452,27,26,0.0102891,0.000644042,0.8985647990094169,0.9746220174166661
268965.0,269,0.285556,0.579738,0.979594,200000,23,18,0.0101931,0.000696896,0.8990391164856408,0.9736012121490398
733191.0,474,0.272991,0.661502,0.99,175913,34,28,0.0102465,0.000679133,0.8987750030871821,0.9739398196475926
826532.0,493,0.662473,0.696716,0.971034,186141,35,30,0.0101294,0.0015425,0.8993550796115373,0.960725326226689
826532.0,488,0.032506,0.696716,0.853292,182215,18,30,0.0102908,0.000621588,0.8985564196215453,0.9750683333890412
276279.0,474,0.272991,0.464028,0.99,175913,34,26,0.0102991,0.000625893,0.8985155184276926,0.9749821463750384
826532.0,488,0.032506,0.696716,0.853292,182215,35,30,0.0102939,0.000636432,0.8985411413429069,0.9747723960709702
220055.0,204,0.586154,0.572177,0.972938,185117,21,27,0.0101391,0.00116309,0.8993069019247099,0.965895894675274
271140.0,234,0.301133,0.579738,0.983768,200000,23,26,0.0102068,0.000802751,0.8989712912088846,0.971667139219627
274104.0,431,0.288772,0.434144,0.985826,187603,27,26,0.0102701,0.000679695,0.8986584981362522,0.9739290391431386
233114.0,441,0.314021,0.568118,0.873354,200000,29,33,0.0101323,0.00220526,0.8993406735567936,0.9530398040889947
276279.0,475,0.304349,0.434144,0.99,179452,27,26,0.0103232,0.000669442,0.8983968504425183,0.9741264227444291
753818.0,500,0.586154,0.572177,0.974763,185117,16,41,0.0101727,0.0015185,0.8991401963119102,0.9610320644632026
226388.0,448,0.293916,0.676384,0.84589,184055,22,20,0.0101523,0.00288036,0.8992413775401827,0.946331014542848
428144.0,462,0.78574,0.340255,0.964863,200000,32,23,0.010152,0.00401393,0.89924286625752,0.9366444161892576
268965.0,269,0.285556,0.544816,0.954102,200000,23,18,0.0102188,0.00121396,0.8989119195948405,0.9651580712359376
240083.0,337,0.512879,0.432445,0.982931,185117,22,34,0.0102629,0.000901253,0.8986940278167175,0.9699791239301715
753818.0,500,0.45582,0.578195,0.974763,188008,16,41,0.0101982,0.00122716,0.8990138623374475,0.9649691564474961
311096.0,269,0.164143,0.579738,0.979594,200000,23,21,0.0102202,0.000918371,0.8989049951778032,0.9696953633910584
826532.0,488,0.032506,0.696716,0.853292,131400,35,30,0.0103511,0.000824305,0.8982596441916975,0.9712892877134683
826532.0,488,0.032506,0.696716,0.853292,131400,28,32,0.0103524,0.000822874,0.8982532555803381,0.9713142195504463
270678.0,292,0.272991,0.434144,0.99,179452,27,26,0.0102737,0.00134673,0.8986407379663802,0.963302179901253
328817.0,448,0.298289,0.666553,0.947423,191938,27,26,0.0102947,0.00111069,0.898537198934782,0.966672983931951
276279.0,474,0.272991,0.434144,0.99,156679,10,26,0.010363,0.000780178,0.8982011787887502,0.9720683333830579
826532.0,448,0.662473,0.696716,0.968666,136398,35,30,0.0102002,0.00215292,0.8990039604736899,0.9536004310364848
1000000.0,484,0.032506,0.653086,0.983453,109522,28,30,0.0103649,0.000721132,0.8981918470848234,0.9731460989798503
268965.0,287,0.285556,0.699288,0.945318,185075,23,21,0.0102863,0.00128667,0.8985786018633148,0.9641298173966175
428144.0,462,0.985573,0.44181,0.964863,144682,35,21,0.0101892,0.0053443,0.8990584327444833,0.9268952805901014
274958.0,475,0.38655,0.380637,0.99,181800,27,26,0.0103986,0.000852155,0.8980264740238919,0.9708083059758431
268965.0,269,0.285556,0.699288,0.945318,185075,23,20,0.0102866,0.00137595,0.8985771228962617,0.9629061999789722
262151.0,462,0.0974378,0.38937,0.936331,108100,35,11,0.0102028,0.00284745,0.8989910895019653,0.9466384970226662
708723.0,407,0.29206,0.8,0.99,90743,38,26,0.0103544,0.00113727,0.8982434277306865,0.9662765660111547
586373.0,401,0.334894,0.8,0.99,90743,40,26,0.0103504,0.00131796,0.898263084379366,0.9636962811822259
807614.0,366,0.0369106,0.8,0.99,120243,40,37,0.0103782,0.000854747,0.8981265490915322,0.9707639434943767
428144.0,356,0.985573,0.354833,0.962537,144682,44,16,0.0102082,0.00922608,0.8989643627228491,0.9039475143476234
274958.0,457,0.381984,0.380637,0.99,183375,27,26,0.0103899,0.000869981,0.8980691410808287,0.9705045596744175
226388.0,448,0.298289,0.676384,0.84589,167599,29,20,0.0102083,0.00336159,0.8989638678491699,0.9420207795844062
200000.0,163,0.399568,0.572177,0.972938,185117,21,26,0.00999957,0.000476665,0.900002150023113,0.9781673409773339
200000.0,287,0.231658,0.560642,0.979594,200000,23,18,0.0100004,2.23435e-05,0.8999980000199996,0.9952731088440709
200000.0,344,0.743193,0.556,0.99,156028,17,22,0.00998415,0.000567241,0.9000792814277239,0.9761831782137078
200000.0,447,0.470592,0.524824,0.99,198501,31,28,0.010002,3.02879e-05,0.89999000049995,0.9944965556239751
200000.0,374,0.599922,0.68554,0.982617,156028,17,33,0.00999994,0.000512254,0.90000030000045,0.9773669710378836
220055.0,244,0.01,0.572177,0.857565,185117,21,27,0.0100041,0.000250988,0.8999795021008193,0.9841573992034136
200000.0,374,0.599922,0.68554,0.974763,156028,17,41,0.0100025,0.000746017,0.8999875007811524,0.9726866882271666
226388.0,448,0.298289,0.676384,0.99,200000,27,26,0.0100464,6.597e-05,0.8997682684974464,0.9918778081775915
200000.0,441,0.470592,0.548126,0.872319,200000,29,33,0.01,0.0036103,0.9,0.9399142279736709
200000.0,434,0.599922,0.556,0.99,160631,33,33,0.0100032,0.000319252,0.8999840012797953,0.9821323756475574
226388.0,448,0.484107,0.676506,0.99,179452,32,26,0.0100105,0.000199345,0.8999475137740196,0.9858810411148697
226388.0,448,0.298289,0.765627,0.982147,200000,27,37,0.0100365,9.89121e-05,0.8998176662280221,0.9900545437510389
213564.0,441,0.470592,0.524824,0.99,185542,29,33,0.010049,0.000157648,0.8997552993919379,0.9874442045253994
200000.0,472,0.271725,0.42114,0.975354,169695,32,27,0.0100487,0.00030273,0.8997567957415566,0.9826008620903218
220185.0,397,0.439878,0.642335,0.99,185117,27,35,0.0100488,0.000167958,0.8997562969558686,0.9870401388896332
200000.0,344,0.599724,0.644285,0.974763,165274,13,29,0.0100196,0.000656476,0.899902047972998,0.9743782123964779
200000.0,448,0.298487,0.550305,0.99,167599,29,20,0.0100575,0.000149155,0.8997129120973193,0.9877870969872025
213564.0,460,0.344031,0.551086,0.99,185542,29,33,0.0100624,0.000122581,0.8996884852073302,0.9889283695870933
200000.0,366,0.599724,0.684206,0.974763,154133,17,34,0.0100055,0.00079456,0.8999725037802105,0.9718120593160834
226388.0,448,0.298289,0.676384,0.99,179452,27,26,0.0100936,0.000155595,0.8995330900246256,0.9875262275153024
226388.0,448,0.298289,0.676384,0.99,179452,27,26,0.0100936,0.000155595,0.8995330900246256,0.9875262275153024
276279.0,475,0.531978,0.537377,0.99,179452,27,26,0.0100487,0.000528211,0.8997567957415566,0.9770171585742755
253823.0,244,0.0426244,0.511278,0.857565,200000,21,24,0.010028,0.000710016,0.8998600978630397,0.973353874578093
200000.0,344,0.599724,0.684206,0.974763,154133,17,29,0.0100149,0.00084257,0.8999255277305945,0.9709729436559612
220055.0,204,0.430137,0.572177,0.988264,194842,23,27,0.0100523,0.000310886,0.899738841020064,0.9823680403811714
220736.0,441,0.470592,0.517238,0.99,185542,29,33,0.0100668,0.000205264,0.8996665559247565,0.9856729626230682
226388.0,448,0.298289,0.676384,0.99,179452,27,26,0.0100936,0.000155595,0.8995330900246256,0.9875262275153024
289230.0,500,0.432234,0.556,0.99,192302,11,37,0.0100636,0.000318929,0.8996825040184914,0.9821414166295308
200000.0,344,0.599922,0.556,0.99,160631,33,29,0.0100582,0.000445641,0.8997094221773551,0.9788897892004841
209679.0,148,0.385791,0.604043,0.964859,175501,33,41,0.0100277,0.00141905,0.8998615957786424,0.96232971993733
221188.0,448,0.517633,0.676384,0.946467,167762,30,24,0.0100222,0.00149447,0.8998890615367132,0.961341624452132
226388.0,448,0.298289,0.633146,0.99,179452,26,26,0.0101019,0.000172202,0.8994917913800071,0.9868774240333691
227844.0,412,0.109324,0.261437,0.99,171004,23,26,0.0100314,0.000968544,0.8998431230518843,0.9688785604446066
217868.0,401,0.591686,0.559696,0.974763,165032,16,30,0.0100364,0.000878347,0.8998181653192556,0.9703630804569706
220055.0,148,0.385791,0.572177,0.964859,185159,30,41,0.0100418,0.00141966,0.8997912179497226,0.9623216242388289
200000.0,374,0.48887,0.685418,0.974763,144126,19,48,0.0100599,0.000814327,0.8997009471629966,0.9714635846680071
303169.0,433,0.032506,0.499241,0.853292,182215,30,28,0.0100707,0.000720492,0.8996471226122539,0.9731580179569391
285524.0,500,0.432234,0.538488,0.99,192302,11,37,0.0100729,0.000324997,0.8996361618908484,0.9819723268279015
271140.0,323,0.106062,0.607705,0.983768,197889,24,25,0.0100721,0.000343741,0.8996401474692195,0.9814597464958
200000.0,344,0.649241,0.547303,0.974763,156028,23,29,0.0100478,0.00111881,0.8997612849244365,0.966551382689265
217868.0,401,0.599922,0.556,0.974763,139292,17,30,0.0100558,0.00147977,0.8997213881228904,0.9615322212754622
281926.0,448,0.374507,0.676384,0.99,179452,29,31,0.0100997,0.000376163,0.8995027363556599,0.9806050779841733
265366.0,381,0.599922,0.556,0.974763,185117,17,38,0.010062,0.00108897,0.899690479016197,0.9670004545485851
317485.0,461,0.148427,0.740964,0.99,176742,28,26,0.0102199,0.000336252,0.8989064789415266,0.9816628246450005
226388.0,448,0.298487,0.532793,0.99,167599,29,20,0.0101468,0.000340467,0.8992686741872222,0.9815482521153144
234954.0,204,0.259279,0.774896,0.964464,197182,41,31,0.0100723,0.000497688,0.8996391510597883,0.9776910780179767
220185.0,213,0.435457,0.642335,0.99,185117,29,35,0.0100938,0.000403704,0.8995320946769567,0.9799076133821788
200000.0,344,0.599922,0.556,0.974763,156028,17,29,0.0100772,0.00100309,0.8996147421181775,0.9683284038924465
220055.0,148,0.385791,0.604043,0.964859,175501,30,41,0.0100646,0.00187639,0.8996775199668589,0.9566826824468551
274104.0,452,0.208484,0.434144,0.985826,200000,27,30,0.0101499,0.000407128,0.8992532878948399,0.9798225868853314
234954.0,283,0.278886,0.725138,0.974763,185117,41,35,0.0101163,0.000435665,0.8994201809506499,0.9791274103187937
277015.0,500,0.398928,0.536072,0.988703,187278,28,36,0.0101234,0.00040856,0.8993848917905467,0.9797871328110038
276279.0,500,0.223803,0.537377,0.99,179452,26,26,0.010222,0.00038762,0.898896093052741,0.9803119325478604
266490.0,500,0.430137,0.572177,0.983169,170734,23,30,0.0100852,0.00057313,0.8995749035350227,0.9760598663328711
281926.0,444,0.341129,0.659193,0.99,179452,29,32,0.0101671,0.000397264,0.8991679614408198,0.9800685173657352
227844.0,412,0.272991,0.434144,0.99,171004,27,26,0.0101268,0.000472454,0.8993679971380873,0.9782639930069942
220185.0,204,0.435457,0.642335,0.974763,185117,33,35,0.0101016,0.000747979,0.8994932838065037,0.9726507952583626
234954.0,204,0.278886,0.642335,0.974763,185117,41,35,0.0101051,0.00066042,0.8994758735427161,0.9743013619037896
276279.0,475,0.01,0.434144,0.0344683,118301,29,26,0.0100662,0.00227244,0.8996695459992331,0.9523298835747174
288652.0,455,0.398928,0.548126,0.99,193762,31,33,0.0101635,0.00043625,0.8991858144902216,0.9791134014257946
281926.0,432,0.329635,0.676384,0.99,179452,29,31,0.0101869,0.000397627,0.8990698261172606,0.980059413248352
234954.0,500,0.418044,0.581022,0.912584,185117,50,32,0.0100962,0.00216122,0.8995201512739992,0.9535110765880731
234954.0,204,0.278886,0.551729,0.974763,185117,30,35,0.0100987,0.000994976,0.8995077117386613,0.968456759836694
269106.0,269,0.20258,0.533629,0.979594,200000,21,22,0.0101349,0.000674717,0.8993277595362058,0.9740246847949827
234954.0,204,0.259279,0.774896,0.964464,185117,41,32,0.0101054,0.000786687,0.8994743813746964,0.9719520588990921
242511.0,481,0.271725,0.495044,0.971593,179452,27,27,0.0101698,0.0005114,0.8991545737279077,0.9773858451407089
268965.0,328,0.285556,0.699288,0.99,185100,23,29,0.0102295,0.000436419,0.8988590092989,0.9791093561611902
234954.0,162,0.259279,0.57913,0.920474,185117,41,28,0.0100781,0.00244707,0.8996102594883322,0.9505321316408317
274104.0,475,0.288772,0.435613,0.985826,200000,35,26,0.0102184,0.000437643,0.898913898086829,0.9790800812621081
274104.0,475,0.288772,0.434144,0.985826,200000,27,26,0.0102187,0.000438764,0.8989124142142073,0.9790533057500712
268965.0,328,0.285556,0.699288,0.99,185075,23,23,0.0102296,0.000436747,0.898858514940703,0.9791015072313815
234954.0,204,0.278886,0.642335,0.974763,185117,33,35,0.0101054,0.000790253,0.8994743813746964,0.9718885610471467
271140.0,234,0.239051,0.607705,0.983768,200000,24,25,0.0101619,0.000706415,0.8991937501937504,0.9734215312705943
268965.0,269,0.218395,0.699288,0.99,185075,23,30,0.010178,0.000549114,0.8991139256388673,0.976566818397836
220055.0,244,0.264102,0.572177,0.857565,185117,21,27,0.0100951,0.00273991,0.8995256251574562,0.9476558503746598
226388.0,448,0.298289,0.676384,0.946467,167762,30,24,0.0101545,0.000793152,0.8992304609517341,0.9718370456095246
268965.0,269,0.285556,0.607231,0.979594,200000,23,18,0.0101923,0.000646131,0.8990430784938447,0.9745808930133256
220055.0,204,0.586154,0.572177,0.97606,191601,16,38,0.0101066,0.000811395,0.8994684129240963,0.9715150039494473
317485.0,442,0.307752,0.663693,0.99,176742,28,26,0.0102569,0.000526812,0.8987236454052576,0.9770476145030631
251244.0,273,0.285556,0.614427,0.989854,179496,25,16,0.0101897,0.000647049,0.8990559560944777,0.9745628421398931
200000.0,457,0.231658,0.560642,0.989721,200000,23,18,0.00999997,5.6628e-06,0.9000001500001125,0.9976203361581938
200000.0,448,0.0882142,0.771076,0.982147,200000,27,37,0.00999999,2.48023e-06,0.9000000500000125,0.9984251254018176
200000.0,163,0.172924,0.572177,0.972938,186826,21,24,0.00998392,0.000174878,0.9000804323468121,0.9867758554151884
200000.0,287,0.231658,0.560642,0.979594,200000,23,18,0.0100004,2.23435e-05,0.8999980000199996,0.9952731088440709
200000.0,344,0.743193,0.556,0.99,156028,17,22,0.00998415,0.000567241,0.9000792814277239,0.9761831782137078
200000.0,285,0.190033,0.560642,0.979594,200000,23,18,0.0100004,1.54574e-05,0.8999980000199996,0.9960684099908561
200000.0,434,0.599922,0.60659,0.99,160631,33,30,0.00999564,0.000282203,0.9000218023767181,0.9832011012265685
200000.0,447,0.470592,0.524824,0.99,198501,31,28,0.010002,3.02879e-05,0.89999000049995,0.9944965556239751
200000.0,374,0.599922,0.68554,0.974763,180671,17,40,0.00999966,0.000407094,0.9000017000144502,0.9798234294291621
200000.0,407,0.599724,0.650506,0.976136,165274,23,29,0.00999868,0.000557766,0.9000066002178144,0.9763829299022931
200000.0,163,0.399568,0.553018,0.972938,185117,22,28,0.00999917,0.00047072,0.9000041500861161,0.978303917404287
200000.0,256,0.470592,0.524824,0.99,198501,31,28,0.0100025,2.83482e-05,0.8999875007811524,0.9946756972287444
200000.0,163,0.399568,0.572177,0.972938,185117,21,26,0.00999957,0.000476665,0.900002150023113,0.9781673409773339
220055.0,244,0.01,0.572177,0.857565,185117,21,27,0.0100041,0.000250988,0.8999795021008193,0.9841573992034136
200000.0,434,0.599922,0.556,0.99,160631,33,33,0.0100032,0.000319252,0.8999840012797953,0.9821323756475574
201955.0,204,0.476941,0.572177,0.99,194842,20,27,0.0100073,5.53676e-05,0.8999635066588197,0.9925590591992679
200000.0,419,0.0426244,0.42652,0.864081,180445,21,24,0.010005,0.000228269,0.899975003124219,0.9848914262751245
200000.0,374,0.599922,0.68554,0.982617,156028,17,33,0.00999994,0.000512254,0.90000030000045,0.9773669710378836
226388.0,448,0.298289,0.676384,0.99,200000,27,26,0.0100464,6.597e-05,0.8997682684974464,0.9918778081775915
226388.0,448,0.484107,0.676506,0.99,179452,32,26,0.0100105,0.000199345,0.8999475137740196,0.9858810411148697
200000.0,286,0.231658,0.560642,0.99,184182,19,18,0.0100107,7.76275e-05,0.8999465143035986,0.9911893530317007
220055.0,244,0.01,0.572177,0.857565,185117,20,27,0.0100046,0.000263217,0.8999770026443918,0.983776036242644
226388.0,448,0.313037,0.676384,0.99,200000,27,26,0.010045,6.60539e-05,0.8997752525570655,0.991872644956691
200000.0,374,0.599922,0.68554,0.974763,156028,17,41,0.0100025,0.000746017,0.8999875007811524,0.9726866882271666
200000.0,441,0.470592,0.548126,0.872319,200000,29,33,0.01,0.0036103,0.9,0.9399142279736709
200000.0,366,0.599724,0.684206,0.974763,158571,17,23,0.0100046,0.000720279,0.8999770026443918,0.9731619859154966
216910.0,500,0.418044,0.581022,0.99,195187,45,32,0.0100166,7.85809e-05,0.8999170344164402,0.9911354131511954
226388.0,448,0.298289,0.676384,0.99,197395,33,26,0.0100519,7.50386e-05,0.8997408358303342,0.9913375176767857
200000.0,434,0.599922,0.515564,0.99,160631,33,33,0.010015,0.000353849,0.899925028103926,0.9811891254855071
225838.0,423,0.0856597,0.765627,0.894922,200000,28,33,0.0100157,0.00017984,0.8999215307870869,0.9865895563086078
200000.0,163,0.444458,0.639503,0.972938,185117,23,26,0.010007,0.000470452,0.8999650061228572,0.9783100945138067
200000.0,366,0.599724,0.684206,0.974763,154133,17,34,0.0100055,0.00079456,0.8999725037802105,0.9718120593160834
252903.0,499,0.032506,0.490774,0.853292,182215,30,27,0.0100281,0.000371711,0.8998595985628178,0.9807201919096689
253823.0,246,0.0239781,0.53316,0.855769,200000,21,24,0.0100189,0.000532983,0.8999055446091043,0.976913575417575
200000.0,344,0.599724,0.684206,0.974763,163866,15,29,0.0100106,0.000660606,0.899947014037561,0.9742977432897421
200000.0,448,0.298289,0.633146,0.98306,182057,26,26,0.0100304,8.45288e-05,0.8998481153447425,0.9908060454645458
200000.0,148,0.385791,0.604043,0.964859,175501,35,41,0.0100039,0.0010355,0.8999805019008793,0.9678208141805918
226388.0,448,0.298289,0.765627,0.982147,200000,27,37,0.0100365,9.89121e-05,0.8998176662280221,0.9900545437510389
200000.0,344,0.599724,0.644285,0.974763,165274,13,29,0.0100196,0.000656476,0.899902047972998,0.9743782123964779
200000.0,344,0.599724,0.684206,0.974763,154133,17,29,0.0100149,0.00084257,0.8999255277305945,0.9709729436559612
283608.0,448,0.568538,0.754236,0.946467,200000,30,24,0.0100141,0.00168179,0.8999295248337453,0.9589903669853045
213564.0,441,0.470592,0.524824,0.99,185542,29,33,0.010049,0.000157648,0.8997552993919379,0.9874442045253994
200000.0,472,0.271725,0.42114,0.975354,169695,32,27,0.0100487,0.00030273,0.8997567957415566,0.9826008620903218
200000.0,448,0.298487,0.550305,0.99,167599,29,20,0.0100575,0.000149155,0.8997129120973193,0.9877870969872025
213564.0,460,0.344031,0.551086,0.99,185542,29,33,0.0100624,0.000122581,0.8996884852073302,0.9889283695870933
253823.0,244,0.0426244,0.511278,0.857565,200000,21,24,0.010028,0.000710016,0.8998600978630397,0.973353874578093
209679.0,148,0.385791,0.604043,0.964859,175501,33,41,0.0100277,0.00141905,0.8998615957786424,0.96232971993733
221188.0,448,0.517633,0.676384,0.946467,167762,30,24,0.0100222,0.00149447,0.8998890615367132,0.961341624452132
220185.0,397,0.439878,0.642335,0.99,185117,27,24,0.0100488,0.000164192,0.8997562969558686,0.9871862573773311
220605.0,244,0.204327,0.572177,0.94479,191821,21,31,0.0100367,0.000546949,0.899816668053014,0.9766130591996303
220185.0,397,0.439878,0.642335,0.99,185117,27,35,0.0100488,0.000167958,0.8997562969558686,0.9870401388896332
226388.0,448,0.298289,0.676384,0.99,179452,27,26,0.0100936,0.000155595,0.8995330900246256,0.9875262275153024
226388.0,448,0.298289,0.676384,0.99,179452,27,26,0.0100936,0.000155595,0.8995330900246256,0.9875262275153024
276279.0,475,0.531978,0.537377,0.99,179452,27,26,0.0100487,0.000528211,0.8997567957415566,0.9770171585742755
226388.0,448,0.298289,0.676384,0.99,179452,27,26,0.0100936,0.000155595,0.8995330900246256,0.9875262275153024
227844.0,412,0.109324,0.261437,0.99,171004,23,26,0.0100314,0.000968544,0.8998431230518843,0.9688785604446066
217868.0,401,0.591686,0.559696,0.974763,165032,16,30,0.0100364,0.000878347,0.8998181653192556,0.9703630804569706
200000.0,163,0.399568,0.603253,0.861669,185117,24,26,0.0100256,0.0041782,0.8998720818153099,0.9353610024830211
200000.0,355,0.599724,0.610108,0.974408,153136,17,29,0.0100358,0.000954167,0.8998211599188731,0.9691104062830215
220185.0,397,0.439878,0.642335,0.99,185117,27,35,0.0100488,0.000167958,0.8997562969558686,0.9870401388896332
200000.0,374,0.48887,0.685418,0.974763,159944,19,48,0.0100426,0.000555851,0.8997872263631028,0.9764235074703637
224107.0,500,0.398928,0.536072,0.988703,187278,28,38,0.0100629,0.000164952,0.899685993001974,0.987156635954704
220055.0,204,0.430137,0.572177,0.988264,194842,23,27,0.0100523,0.000310886,0.899738841020064,0.9823680403811714
220736.0,441,0.470592,0.517238,0.99,185542,29,33,0.0100668,0.000205264,0.8996665559247565,0.9856729626230682
351111.0,441,0.783201,0.518304,0.99,185542,29,30,0.0100443,0.00104009,0.8997787447693854,0.9677495736462292
209679.0,148,0.385791,0.484075,0.964859,172809,33,41,0.0100348,0.00213769,0.8998261511171703,0.9537648402187253
257347.0,448,0.298289,0.676384,0.99,200000,26,36,0.0101111,0.00015976,0.8994460343894881,0.98736037975254
200000.0,344,0.633857,0.547303,0.974763,165109,19,29,0.0100459,0.000848078,0.8997707627485871,0.9708782212081748
224366.0,485,0.44768,0.676384,0.946467,167762,30,24,0.0100355,0.0011935,0.8998226572522509,0.9654529306597506
220185.0,397,0.394989,0.609464,0.99,184763,25,35,0.010082,0.000171159,0.8995908370715102,0.9869172250649948
289230.0,500,0.432234,0.556,0.99,192302,11,37,0.0100636,0.000318929,0.8996825040184914,0.9821414166295308
226388.0,448,0.298289,0.633146,0.99,179452,26,26,0.0101019,0.000172202,0.8994917913800071,0.9868774240333691
220055.0,148,0.385791,0.572177,0.964859,185159,30,41,0.0100418,0.00141966,0.8997912179497226,0.9623216242388289
200000.0,344,0.649241,0.547303,0.974763,156028,23,29,0.0100478,0.00111881,0.8997612849244365,0.966551382689265
221188.0,448,0.523059,0.676409,0.889138,172585,30,23,0.0100383,0.00457586,0.8998086830109515,0.9323548967034568
200000.0,427,0.400232,0.450571,0.972938,179728,21,26,0.0100531,0.000331356,0.899734851518586,0.9817968134657692
289230.0,500,0.432234,0.556,0.99,192302,11,37,0.0100636,0.000318929,0.8996825040184914,0.9821414166295308
226388.0,448,0.298289,0.633146,0.99,179452,26,26,0.0101019,0.000172202,0.8994917913800071,0.9868774240333691
226388.0,448,0.298289,0.633146,0.99,179452,26,26,0.0101019,0.000172202,0.8994917913800071,0.9868774240333691
281926.0,444,0.326381,0.690624,0.99,200000,29,32,0.0101127,0.000235515,0.8994380787773026,0.9846535020281498
200000.0,163,0.172924,0.572177,0.972938,186826,21,24,0.00998392,0.000174878,0.9000804323468121,0.9867758554151884
200000.0,448,0.0882142,0.771076,0.982147,200000,27,31,0.00999999,2.47433e-06,0.9000000500000125,0.9984269996821361
200000.0,449,0.0659311,0.771076,0.982147,200000,27,37,0.00999999,1.38283e-06,0.9000000500000125,0.9988240620764683
200000.0,457,0.231658,0.717117,0.989721,200000,23,13,0.00999994,5.67354e-06,0.90000030000045,0.9976180806058979
200000.0,476,0.231658,0.560642,0.99,200000,23,18,0.00999997,5.37709e-06,0.9000001500001125,0.9976811446789418
200000.0,457,0.231658,0.560642,0.989721,200000,23,18,0.00999997,5.6628e-06,0.9000001500001125,0.9976203361581938
200000.0,448,0.0882142,0.771076,0.982147,200000,27,37,0.00999999,2.48023e-06,0.9000000500000125,0.9984251254018176
200000.0,344,0.743193,0.556,0.99,156028,17,22,0.00998415,0.000567241,0.9000792814277239,0.9761831782137078
200000.0,344,0.743193,0.556,0.99,181363,17,22,0.00999129,0.000197578,0.9000435594871445,0.9859437558359283
200000.0,344,0.73428,0.556,0.99,158735,36,22,0.00998833,0.000523981,0.900058367033553,0.9771093687286698
200000.0,352,0.243288,0.560642,0.99,200000,31,20,0.0100001,5.92968e-06,0.89999950000125,0.9975649065726342
200000.0,434,0.599922,0.623067,0.99,160631,29,37,0.00999414,0.000272755,0.9000293042937082,0.9834847040595696
255098.0,386,0.743193,0.755734,0.926863,156028,17,15,0.00999185,0.00512808,0.9000407583061976,0.9283893862615324
200000.0,287,0.231658,0.560642,0.979594,200000,23,18,0.0100004,2.23435e-05,0.8999980000199996,0.9952731088440709
200000.0,434,0.599922,0.60659,0.99,160631,33,30,0.00999564,0.000282203,0.9000218023767181,0.9832011012265685
200000.0,285,0.582086,0.531569,0.979594,200000,23,16,0.0100001,0.000141117,0.89999950000125,0.9881207323458051
200000.0,444,0.368527,0.524824,0.99,198501,28,26,0.0100027,1.4015e-05,0.899986500911127,0.996256338690533
200000.0,285,0.190033,0.560642,0.979594,200000,28,18,0.0100004,1.50543e-05,0.8999980000199996,0.9961200128866193
237465.0,344,0.743193,0.556,0.99,190476,17,22,0.00999451,0.000425304,0.9000274537685471,0.97937710010692
200000.0,406,0.231658,0.560642,0.99,194634,19,18,0.0100047,1.19482e-05,0.8999765027606013,0.9965433831569004
200000.0,285,0.190033,0.560642,0.979594,200000,23,18,0.0100004,1.54574e-05,0.8999980000199996,0.9960684099908561
200000.0,374,0.599922,0.68554,0.974763,180671,17,40,0.00999966,0.000407094,0.9000017000144502,0.9798234294291621
200000.0,407,0.599724,0.650506,0.976136,165274,23,29,0.00999868,0.000557766,0.9000066002178144,0.9763829299022931
200000.0,163,0.399568,0.553018,0.972938,185117,22,28,0.00999917,0.00047072,0.9000041500861161,0.978303917404287
208031.0,483,0.546552,0.650506,0.976136,165274,23,29,0.00999907,0.000489998,0.9000046501081175,0.9778641015542626
200000.0,366,0.599724,0.738816,0.974763,158571,17,18,0.00999774,0.00067445,0.9000113006385222,0.9740298247984347
200000.0,407,0.599724,0.650506,0.976136,165274,23,29,0.00999868,0.000557766,0.9000066002178144,0.9763829299022931
200000.0,447,0.470592,0.524824,0.99,198501,31,28,0.010002,3.02879e-05,0.89999000049995,0.9944965556239751
200000.0,256,0.470592,0.524824,0.99,198501,31,28,0.0100025,2.83482e-05,0.8999875007811524,0.9946756972287444
200000.0,163,0.399568,0.572177,0.972938,185117,21,26,0.00999957,0.000476665,0.900002150023113,0.9781673409773339
220185.0,412,0.582725,0.642335,0.99,176453,28,37,0.0100015,0.000258683,0.8999925002812289,0.9839163747867591
200000.0,434,0.287044,0.569102,0.989721,187595,23,18,0.010018,3.35087e-05,0.8999100404635909,0.994211330031864
200000.0,155,0.399568,0.603253,0.969987,185117,24,26,0.00999986,0.000501401,0.90000070000245,0.9776080148267288
200000.0,500,0.460487,0.581828,0.99,192302,11,37,0.0100022,3.84161e-05,0.8999890006049335,0.9938019277190404
220055.0,244,0.01,0.572177,0.857565,185117,21,27,0.0100041,0.000250988,0.8999795021008193,0.9841573992034136
200000.0,434,0.599922,0.556,0.99,160631,33,33,0.0100032,0.000319252,0.8999840012797953,0.9821323756475574
200000.0,374,0.599922,0.68554,0.982617,156028,17,33,0.00999994,0.000512254,0.90000030000045,0.9773669710378836
222635.0,244,0.01,0.572177,0.857565,190062,20,27,0.0100042,0.000172118,0.8999790022045371,0.9868806250148874
200000.0,285,0.190033,0.560642,0.979594,188737,23,19,0.0100052,7.22072e-05,0.8999740033791215,0.991502518020025
222529.0,381,0.0856597,0.565892,0.99,200000,28,33,0.0100068,4.28191e-05,0.8999660057780356,0.9934563695092098
201955.0,204,0.476941,0.572177,0.99,194842,20,27,0.0100073,5.53676e-05,0.8999635066588197,0.9925590591992679
200000.0,419,0.0426244,0.42652,0.864081,180445,21,24,0.010005,0.000228269,0.899975003124219,0.9848914262751245
220055.0,244,0.01,0.572177,0.857565,185117,20,27,0.0100046,0.000263217,0.8999770026443918,0.983776036242644
200000.0,441,0.470592,0.548126,0.872319,200000,29,33,0.01,0.0036103,0.9,0.9399142279736709
200000.0,366,0.60658,0.684206,0.974763,154133,11,34,0.010002,0.000740742,0.89999000049995,0.9727834241683492
200000.0,344,0.131666,0.547303,0.974763,182961,23,28,0.0100068,9.02259e-05,0.8999660057780356,0.9905012685057425
226388.0,448,0.484107,0.676506,0.99,179452,32,26,0.0100105,0.000199345,0.8999475137740196,0.9858810411148697
200000.0,286,0.231658,0.560642,0.99,184182,19,18,0.0100107,7.76275e-05,0.8999465143035986,0.9911893530317007
200000.0,374,0.599922,0.68554,0.974763,156028,17,41,0.0100025,0.000746017,0.8999875007811524,0.9726866882271666
200000.0,366,0.599724,0.684206,0.974763,158571,17,23,0.0100046,0.000720279,0.8999770026443918,0.9731619859154966
200000.0,374,0.538838,0.728867,0.974763,177643,22,40,0.0100046,0.000371947,0.8999770026443918,0.9807140724879512
200000.0,286,0.231658,0.625736,0.99,184182,19,18,0.0100123,5.97208e-05,0.8999385188996285,0.9922720766049345
200000.0,426,0.599922,0.556,0.99,160631,33,33,0.0100055,0.000326686,0.8999725037802105,0.9819255428850546
216910.0,500,0.418044,0.581022,0.99,195187,45,32,0.0100166,7.85809e-05,0.8999170344164402,0.9911354131511954
200000.0,148,0.385791,0.604043,0.964859,175501,35,41,0.0100039,0.0010355,0.8999805019008793,0.9678208141805918
218357.0,448,0.366209,0.596324,0.99,200000,27,26,0.0100335,6.13448e-05,0.8998326400467698,0.9921677078706167
252903.0,499,0.01,0.520074,0.853292,182215,30,31,0.0100128,0.000229171,0.8999360204669032,0.9848616051048996
204220.0,438,0.109324,0.418921,0.99,171004,23,29,0.0100149,0.000178241,0.8999255277305945,0.9866493071340847
202463.0,457,0.231658,0.514919,0.879868,200000,23,18,0.0100049,0.000790031,0.8999755030005149,0.9718925098950475
200000.0,381,0.599922,0.59985,0.974763,180671,21,37,0.0100068,0.000439328,0.8999660057780356,0.9790398473288003
226388.0,448,0.298289,0.676384,0.99,200000,27,26,0.0100464,6.597e-05,0.8997682684974464,0.9918778081775915
226388.0,448,0.313037,0.676384,0.99,200000,27,26,0.010045,6.60539e-05,0.8997752525570655,0.991872644956691
200000.0,434,0.599922,0.515564,0.99,160631,33,33,0.010015,0.000353849,0.899925028103926,0.9811891254855071
225838.0,423,0.0856597,0.765627,0.894922,200000,28,33,0.0100157,0.00017984,0.8999215307870869,0.9865895563086078
200000.0,163,0.444458,0.639503,0.972938,185117,23,26,0.010007,0.000470452,0.8999650061228572,0.9783100945138067
200000.0,366,0.599724,0.684206,0.974763,154133,17,34,0.0100055,0.00079456,0.8999725037802105,0.9718120593160834
200000.0,448,0.298289,0.633146,0.98306,182057,26,26,0.0100304,8.45288e-05,0.8998481153447425,0.9908060454645458
226388.0,448,0.298289,0.676384,0.99,200000,27,26,0.0100464,6.597e-05,0.8997682684974464,0.9918778081775915
200000.0,148,0.385791,0.514396,0.964859,175501,35,38,0.0100048,0.00135012,0.899976002879309,0.9632560209013776
226388.0,448,0.298289,0.676384,0.99,197395,33,26,0.0100519,7.50386e-05,0.8997408358303342,0.9913375176767857
253823.0,246,0.0239781,0.53316,0.855769,200000,21,24,0.0100189,0.000532983,0.8999055446091043,0.976913575417575
200000.0,344,0.599724,0.684206,0.974763,163866,15,29,0.0100106,0.000660606,0.899947014037561,0.9742977432897421
226388.0,448,0.298289,0.765627,0.982147,200000,27,37,0.0100365,9.89121e-05,0.8998176662280221,0.9900545437510389
203270.0,448,0.568538,0.659408,0.946467,140247,31,24,0.0100066,0.00211293,0.8999670054432038,0.9540333816775696
200000.0,457,0.41842,0.732701,0.982617,156028,17,33,0.0100189,0.000278834,0.8999055446091043,0.983301676730881
200000.0,434,0.452766,0.632359,0.99,160631,33,28,0.010036,0.000226103,0.8998201617090544,0.984963278282817
226388.0,448,0.347066,0.676384,0.988511,194744,31,26,0.0100459,9.63775e-05,0.8997707627485871,0.9901827957136464
200000.0,434,0.696062,0.556,0.881702,157924,14,36,0.0100054,0.00877068,0.8999730036440162,0.9063480913168344
223925.0,448,0.298289,0.676384,0.99,192508,33,26,0.0100582,0.000101686,0.8997094221773551,0.9899160523603104
283608.0,448,0.568538,0.754236,0.946467,200000,30,24,0.0100141,0.00168179,0.8999295248337453,0.9589903669853045
200000.0,163,0.172924,0.572177,0.972938,186826,21,24,0.00998392,0.000174878,0.9000804323468121,0.9867758554151884
200000.0,448,0.0882142,0.771076,0.982147,200000,27,31,0.00999999,2.47433e-06,0.9000000500000125,0.9984269996821361
200000.0,449,0.0659311,0.771076,0.982147,200000,27,37,0.00999999,1.38283e-06,0.9000000500000125,0.9988240620764683
200000.0,457,0.231658,0.717117,0.989721,200000,23,13,0.00999994,5.67354e-06,0.90000030000045,0.9976180806058979
200000.0,476,0.231658,0.560642,0.99,200000,23,18,0.00999997,5.37709e-06,0.9000001500001125,0.9976811446789418
200000.0,394,0.01,0.771076,0.911255,200000,27,37,0.01,8.42684e-07,0.9,0.9990820217867509
200000.0,371,0.73428,0.654083,0.99,158735,36,22,0.00997884,0.000385941,0.9001058560274928,0.980354618863458
200000.0,155,0.358838,0.74212,0.969987,200000,24,26,0.00999965,0.00011622,0.9000017500153128,0.9892194619800309
200000.0,476,0.231658,0.72907,0.987288,200000,23,18,0.00999994,8.67406e-06,0.90000030000045,0.9970548242836802
200000.0,163,0.136598,0.553018,0.972938,185117,20,28,0.00998041,0.000198979,0.9000979980180577,0.9858940083652371
200000.0,449,0.0718754,0.516769,0.99,200000,27,29,0.01,4.98298e-07,0.9,0.9992940977404767
200000.0,199,0.582086,0.545871,0.979594,200000,23,16,0.00999963,0.000141372,0.9000018500171129,0.9881100042052152
200000.0,499,0.231658,0.585573,0.989721,200000,17,18,0.00999996,5.66672e-06,0.9000002000002,0.9976195126549381
200000.0,457,0.231658,0.560642,0.989721,200000,23,18,0.00999997,5.6628e-06,0.9000001500001125,0.9976203361581938
200000.0,448,0.0882142,0.771076,0.982147,200000,27,37,0.00999999,2.48023e-06,0.9000000500000125,0.9984251254018176
200000.0,344,0.743193,0.556,0.99,156028,17,22,0.00998415,0.000567241,0.9000792814277239,0.9761831782137078
200000.0,344,0.743193,0.556,0.99,181363,17,22,0.00999129,0.000197578,0.9000435594871445,0.9859437558359283
200000.0,106,0.226153,0.603253,0.969987,185117,24,26,0.00998533,0.000470446,0.9000733769208625,0.9783102328274368
200000.0,457,0.231658,0.627495,0.989721,200000,24,14,0.00999995,7.79201e-06,0.9000002500003125,0.9972085827972157
200000.0,486,0.180558,0.72479,0.982147,200000,27,27,0.00999995,1.04092e-05,0.9000002500003125,0.9967736708165471
200000.0,344,0.743193,0.556,0.99,158167,17,26,0.00998468,0.000526688,0.9000766293602943,0.9770503159063136
200000.0,344,0.73428,0.556,0.99,158735,36,22,0.00998833,0.000523981,0.900058367033553,0.9771093687286698
200000.0,434,0.599922,0.623067,0.99,160631,29,37,0.00999414,0.000272755,0.9000293042937082,0.9834847040595696
200000.0,344,0.743193,0.556,0.989825,156028,17,22,0.00998423,0.000573492,0.9000788811111484,0.9760523070004645
200000.0,434,0.580601,0.623067,0.99,160631,28,37,0.00999743,0.000268383,0.9000128508257186,0.9836176009082919
200000.0,352,0.243288,0.560642,0.99,200000,31,19,0.0100001,5.90674e-06,0.89999950000125,0.9975696214286659
200000.0,403,0.13084,0.726931,0.982147,200000,26,29,0.00999998,1.54125e-05,0.90000010000005,0.9960741243015093
200000.0,461,0.599724,0.69465,0.976136,165274,29,29,0.00999124,0.000481639,0.9000438095964037,0.9780537246895971
200000.0,283,0.190033,0.560642,0.987139,200000,28,18,0.0100004,5.8396e-06,0.8999980000199996,0.9975834735672872
200000.0,448,0.134653,0.627509,0.982147,200000,25,31,0.00999998,6.12588e-06,0.90000010000005,0.9975249484853846
200000.0,476,0.231658,0.531829,0.99,199174,23,18,0.0100007,5.30315e-06,0.8999965000612479,0.9976971430786955
200000.0,457,0.231658,0.700974,0.973302,200000,23,18,0.00999997,3.82321e-05,0.9000001500001125,0.9938167888601471
200000.0,352,0.243288,0.560642,0.99,200000,31,20,0.0100001,5.92968e-06,0.89999950000125,0.9975649065726342
255098.0,386,0.743193,0.755734,0.926863,156028,17,15,0.00999185,0.00512808,0.9000407583061976,0.9283893862615324
200000.0,434,0.599922,0.60659,0.99,160631,33,30,0.00999564,0.000282203,0.9000218023767181,0.9832011012265685
237465.0,344,0.743193,0.556,0.99,190476,17,22,0.00999451,0.000425304,0.9000274537685471,0.97937710010692
200000.0,426,0.599922,0.624526,0.99,158492,33,28,0.00999506,0.000301312,0.9000247030512036,0.9826416590654521
200000.0,408,0.60658,0.710253,0.974763,154133,18,34,0.00999225,0.000706597,0.9000387575107232,0.9734181076670603
237465.0,344,0.743193,0.556,0.99,190476,17,28,0.00999452,0.000424438,0.9000274037548289,0.9793981068831041
200000.0,434,0.599922,0.674492,0.99,200000,33,37,0.01,3.60447e-05,0.9,0.9939962761555847
200000.0,287,0.231658,0.560642,0.979594,200000,23,18,0.0100004,2.23435e-05,0.8999980000199996,0.9952731088440709
200000.0,444,0.368527,0.524824,0.99,198501,28,26,0.0100027,1.4015e-05,0.899986500911127,0.996256338690533
200000.0,285,0.190033,0.560642,0.979594,200000,28,18,0.0100004,1.50543e-05,0.8999980000199996,0.9961200128866193
200000.0,406,0.231658,0.560642,0.99,194634,19,18,0.0100047,1.19482e-05,0.8999765027606013,0.9965433831569004
200000.0,457,0.629659,0.717117,0.989721,200000,17,13,0.01,4.19233e-05,0.9,0.9935251795391686
200000.0,418,0.608372,0.60659,0.99,160631,33,35,0.00999658,0.000300344,0.9000171014623001,0.9826695643447719
200000.0,256,0.306406,0.524824,0.99,198501,31,35,0.0100009,1.48985e-05,0.8999955001012454,0.9961401424896766
200000.0,285,0.582086,0.531569,0.979594,200000,23,16,0.0100001,0.000141117,0.89999950000125,0.9881207323458051
200000.0,285,0.190033,0.560642,0.979594,200000,23,18,0.0100004,1.54574e-05,0.8999980000199996,0.9960684099908561
200000.0,285,0.382563,0.527526,0.979594,200000,17,18,0.0100003,6.09027e-05,0.8999985000112498,0.9921959818042242
200000.0,369,0.0856597,0.540731,0.99,190844,26,31,0.0100011,1.53602e-05,0.8999945001512417,0.9960807908961118
200000.0,374,0.599922,0.68554,0.99,156028,17,41,0.00999763,0.000333089,0.9000118507021957,0.9817492739870437
200000.0,366,0.599724,0.738816,0.974763,158571,17,18,0.00999774,0.00067445,0.9000113006385222,0.9740298247984347
200000.0,447,0.470592,0.524824,0.99,198501,31,28,0.010002,3.02879e-05,0.89999000049995,0.9944965556239751
200000.0,256,0.470592,0.524824,0.99,198501,31,28,0.0100025,2.83482e-05,0.8999875007811524,0.9946756972287444
200000.0,285,0.582086,0.549157,0.979594,200000,23,16,0.0100001,0.000141119,0.89999950000125,0.9881206481658299
200000.0,406,0.231658,0.560642,0.982455,196892,19,18,0.0100028,1.5695e-05,0.8999860009798628,0.996038308442092
203563.0,482,0.546552,0.650506,0.976136,171327,21,29,0.00999792,0.000402533,0.9000104005408562,0.9799367749352204
200000.0,374,0.599922,0.68554,0.974763,180671,17,40,0.00999966,0.000407094,0.9000017000144502,0.9798234294291621
200000.0,407,0.599724,0.650506,0.976136,165274,23,29,0.00999868,0.000557766,0.9000066002178144,0.9763829299022931
200000.0,163,0.399568,0.553018,0.972938,185117,22,28,0.00999917,0.00047072,0.9000041500861161,0.978303917404287
208031.0,483,0.546552,0.650506,0.976136,165274,23,29,0.00999907,0.000489998,0.9000046501081175,0.9778641015542626
200000.0,407,0.599724,0.650506,0.976136,165274,23,29,0.00999868,0.000557766,0.9000066002178144,0.9763829299022931
220185.0,412,0.582725,0.642335,0.99,176453,28,37,0.0100015,0.000258683,0.8999925002812289,0.9839163747867591
200000.0,500,0.460487,0.581828,0.99,192302,11,37,0.0100022,3.84161e-05,0.8999890006049335,0.9938019277190404
207090.0,442,0.0882142,0.694375,0.99,184098,33,33,0.0100064,3.57932e-05,0.8999680051183623,0.9940172581536556
200000.0,500,0.343126,0.569594,0.99,192302,12,30,0.010012,2.61675e-05,0.8999400179892081,0.9948845821285061
200000.0,163,0.399568,0.572177,0.972938,185117,21,26,0.00999957,0.000476665,0.900002150023113,0.9781673409773339
200000.0,329,0.471707,0.560642,0.99,194634,19,18,0.0100121,2.981e-05,0.8999395182901861,0.9945401465221125
200545.0,204,0.476941,0.566424,0.99,194842,20,31,0.0100047,4.08195e-05,0.8999765027606013,0.9936109859915633
201410.0,434,0.599922,0.561753,0.99,160631,33,29,0.0100026,0.000325235,0.8999870008448901,0.9819657270731532
205308.0,383,0.568733,0.565258,0.99,200000,31,29,0.0100029,5.4511e-05,0.8999855010510975,0.9926168434934644
200000.0,374,0.599922,0.710499,0.974763,149720,17,34,0.00999952,0.00082621,0.9000024000288007,0.971256131088526
200000.0,434,0.287044,0.569102,0.989721,187595,23,18,0.010018,3.35087e-05,0.8999100404635909,0.994211330031864
200000.0,155,0.399568,0.603253,0.969987,185117,24,26,0.00999986,0.000501401,0.90000070000245,0.9776080148267288
222529.0,381,0.0856597,0.565892,0.99,200000,28,33,0.0100068,4.28191e-05,0.8999660057780356,0.9934563695092098
200000.0,219,0.113825,0.715744,0.972938,186826,22,24,0.0100031,7.1277e-05,0.8999845012010639,0.9915574293014509
218357.0,448,0.291281,0.612467,0.99,200000,27,26,0.0100329,4.57324e-05,0.8998356350791361,0.993237426525353
200000.0,374,0.599922,0.68554,0.982617,156028,17,33,0.00999994,0.000512254,0.90000030000045,0.9773669710378836
200000.0,434,0.599922,0.556,0.99,160631,33,33,0.0100032,0.000319252,0.8999840012797953,0.9821323756475574
200000.0,448,0.0882142,0.771076,0.982147,200000,27,31,0.00999999,2.47433e-06,0.9000000500000125,0.9984269996821361
200000.0,449,0.0659311,0.771076,0.982147,200000,27,37,0.00999999,1.38283e-06,0.9000000500000125,0.9988240620764683
200000.0,457,0.231658,0.717117,0.989721,200000,23,13,0.00999994,5.67354e-06,0.90000030000045,0.9976180806058979
200000.0,476,0.231658,0.560642,0.99,200000,23,18,0.00999997,5.37709e-06,0.9000001500001125,0.9976811446789418
200000.0,394,0.01,0.771076,0.911255,200000,27,37,0.01,8.42684e-07,0.9,0.9990820217867509
200000.0,449,0.0718754,0.516769,0.99,200000,27,29,0.01,4.98298e-07,0.9,0.9992940977404767
200000.0,163,0.01,0.518806,0.972938,185117,14,30,0.00997672,0.00012401,0.9001164678237699,0.9888640222701373
200000.0,456,0.13084,0.697101,0.987473,200000,26,29,0.00999997,2.61902e-06,0.9000001500001125,0.9983816613457005
200000.0,457,0.231658,0.611949,0.989721,200000,22,14,0.00999996,5.6522e-06,0.9000002000002,0.9976225644067609
200000.0,457,0.231346,0.610785,0.989721,200000,24,18,0.00999996,5.59986e-06,0.9000002000002,0.9976335976673439
215802.0,344,0.807224,0.556,0.99,170150,17,22,0.0099749,0.000531343,0.9001255788502381,0.9769491214917956
200000.0,306,0.818329,0.556,0.99,158167,17,23,0.00996591,0.000654244,0.9001705955141472,0.9744218061622796
200000.0,163,0.172924,0.549416,0.972938,198068,21,24,0.00999693,2.65981e-05,0.9000153511782933,0.9948426654170976
200000.0,449,0.0718754,0.516769,0.99,200000,27,29,0.01,4.98298e-07,0.9,0.9992940977404767
200000.0,457,0.271025,0.699291,0.99,200000,21,13,0.00999994,7.31913e-06,0.90000030000045,0.9972946109337103
200000.0,163,0.172924,0.572177,0.972938,186826,21,24,0.00998392,0.000174878,0.9000804323468121,0.9867758554151884
200000.0,476,0.231658,0.72907,0.987288,200000,23,18,0.00999994,8.67406e-06,0.90000030000045,0.9970548242836802
200000.0,163,0.136598,0.553018,0.972938,185117,20,28,0.00998041,0.000198979,0.9000979980180577,0.9858940083652371
200000.0,499,0.231658,0.585573,0.989721,200000,17,18,0.00999996,5.66672e-06,0.9000002000002,0.9976195126549381
200000.0,457,0.231658,0.560642,0.989721,200000,23,18,0.00999997,5.6628e-06,0.9000001500001125,0.9976203361581938
200000.0,448,0.0882142,0.771076,0.982147,200000,27,37,0.00999999,2.48023e-06,0.9000000500000125,0.9984251254018176
200000.0,457,0.231658,0.627495,0.989721,200000,24,14,0.00999995,7.79201e-06,0.9000002500003125,0.9972085827972157
200000.0,402,0.178071,0.627495,0.989824,200000,25,14,0.00999998,4.09262e-06,0.90000010000005,0.9979769775087756
200000.0,409,0.815694,0.654083,0.99,165706,32,22,0.00997749,0.00029904,0.9001126134088994,0.9827072269430261
200000.0,457,0.231658,0.64532,0.989721,200000,23,14,0.00999996,5.73396e-06,0.9000002000002,0.997605431145279
200000.0,347,0.798146,0.556,0.99,198306,17,22,0.00999864,7.60144e-05,0.9000068002312157,0.9912813762553945
200000.0,371,0.73428,0.654083,0.99,158735,36,22,0.00997884,0.000385941,0.9001058560274928,0.980354618863458
200000.0,155,0.358838,0.74212,0.969987,200000,24,26,0.00999965,0.00011622,0.9000017500153128,0.9892194619800309
200000.0,199,0.582086,0.545871,0.979594,200000,23,16,0.00999963,0.000141372,0.9000018500171129,0.9881100042052152
200000.0,344,0.743193,0.556,0.99,181363,17,22,0.00999129,0.000197578,0.9000435594871445,0.9859437558359283
200000.0,426,0.750143,0.624526,0.99,172780,27,28,0.00998465,0.00021645,0.9000767794754393,0.9852877601977129
200000.0,403,0.188309,0.567742,0.99,200000,27,18,0.01,3.38778e-06,0.9,0.9981594077040257
200000.0,129,0.172924,0.584248,0.972938,186826,21,24,0.00998353,0.000263046,0.9000823839355642,0.9837813070810253
200000.0,500,0.190033,0.608446,0.987139,200000,28,18,0.00999997,5.79685e-06,0.9000001500001125,0.9975923351562146
200000.0,448,0.0882142,0.748752,0.982147,200000,18,37,0.00999999,3.46338e-06,0.9000000500000125,0.9981389841483749
200000.0,500,0.180558,0.791733,0.982147,200000,28,32,0.00999995,1.03781e-05,0.9000002500003125,0.9967784941409334
200000.0,447,0.790185,0.524824,0.99,172053,31,27,0.00998145,0.000268184,0.9000927930527531,0.9836236756260753
200000.0,344,0.743193,0.556,0.99,156028,17,22,0.00998415,0.000567241,0.9000792814277239,0.9761831782137078
200000.0,486,0.180558,0.72479,0.982147,200000,27,27,0.00999995,1.04092e-05,0.9000002500003125,0.9967736708165471
200000.0,344,0.743193,0.556,0.99,158167,17,26,0.00998468,0.000526688,0.9000766293602943,0.9770503159063136
200000.0,352,0.243288,0.560642,0.99,200000,31,19,0.0100001,5.90674e-06,0.89999950000125,0.9975696214286659
200000.0,448,0.134653,0.627509,0.982147,200000,25,31,0.00999998,6.12588e-06,0.90000010000005,0.9975249484853846
200000.0,476,0.231658,0.531829,0.99,199174,23,18,0.0100007,5.30315e-06,0.8999965000612479,0.9976971430786955
231105.0,457,0.629659,0.659672,0.99,186838,20,12,0.00999222,0.000214831,0.9000389075689946,0.9853428856864661
200000.0,327,0.231658,0.560642,0.989721,200000,23,18,0.0100001,5.67369e-06,0.89999950000125,0.9976180491188944
200000.0,283,0.190033,0.492121,0.987139,200000,28,18,0.0100003,5.45117e-06,0.8999985000112498,0.9976652259209936
200000.0,163,0.222017,0.553018,0.972938,185117,22,32,0.00998512,0.000270313,0.9000744276974108,0.9835588017468312
218641.0,111,0.136598,0.553018,0.972974,185117,17,28,0.00998059,0.00127576,0.9000970971392723,0.9642822173140605
200000.0,106,0.226153,0.603253,0.969987,185117,24,26,0.00998533,0.000470446,0.9000733769208625,0.9783102328274368
200000.0,434,0.599922,0.623067,0.99,160631,29,37,0.00999414,0.000272755,0.9000293042937082,0.9834847040595696
200000.0,344,0.743193,0.556,0.989825,156028,17,22,0.00998423,0.000573492,0.9000788811111484,0.9760523070004645
200000.0,403,0.13084,0.726931,0.982147,200000,26,29,0.00999998,1.54125e-05,0.90000010000005,0.9960741243015093
200000.0,457,0.231658,0.700974,0.973302,200000,23,18,0.00999997,3.82321e-05,0.9000001500001125,0.9938167888601471
200000.0,352,0.243288,0.560642,0.99,200000,31,20,0.0100001,5.92968e-06,0.89999950000125,0.9975649065726342
200000.0,404,0.261053,0.560642,0.987511,200000,26,18,0.00999999,1.0619e-05,0.9000000500000125,0.9967413192853549
200000.0,434,0.580601,0.639894,0.99,160631,23,37,0.00999575,0.000255356,0.9000212522582924,0.9840201376726831
200000.0,457,0.331164,0.560642,0.983316,200000,23,18,0.00999998,3.04564e-05,0.90000010000005,0.9944812682616384
200000.0,258,0.222547,0.535838,0.989397,200000,34,18,0.0100004,5.60185e-06,0.8999980000199996,0.9976331772351948
200000.0,344,0.73428,0.556,0.99,158735,36,22,0.00998833,0.000523981,0.900058367033553,0.9771093687286698
200000.0,434,0.580601,0.623067,0.99,160631,28,37,0.00999743,0.000268383,0.9000128508257186,0.9836176009082919
200000.0,461,0.599724,0.69465,0.976136,165274,29,29,0.00999124,0.000481639,0.9000438095964037,0.9780537246895971
200000.0,283,0.190033,0.560642,0.987139,200000,28,18,0.0100004,5.8396e-06,0.8999980000199996,0.9975834735672872
200000.0,434,0.599922,0.60659,0.99,160631,33,30,0.00999564,0.000282203,0.9000218023767181,0.9832011012265685
237465.0,344,0.743193,0.556,0.99,190476,17,22,0.00999451,0.000425304,0.9000274537685471,0.97937710010692
200000.0,426,0.599922,0.624526,0.99,158492,33,28,0.00999506,0.000301312,0.9000247030512036,0.9826416590654521
237465.0,344,0.743193,0.556,0.99,190476,17,28,0.00999452,0.000424438,0.9000274037548289,0.9793981068831041
200000.0,434,0.599922,0.674492,0.99,200000,33,37,0.01,3.60447e-05,0.9,0.9939962761555847
200000.0,283,0.190033,0.632986,0.987139,200000,28,10,0.0100002,6.2272e-06,0.899999000005,0.9975045641663228
200000.0,268,0.582086,0.549157,0.99,200000,27,16,0.0100001,3.3918e-05,0.89999950000125,0.9941760837918115
200000.0,285,0.668544,0.649443,0.980344,200000,17,18,0.01,0.00017276,0.9,0.9868561801594818
200000.0,500,0.629659,0.70029,0.989721,200000,17,11,0.01,4.19204e-05,0.9,0.9935254034874751
200000.0,371,0.743193,0.556,0.99,200000,25,29,0.01,5.53681e-05,0.9,0.9925590256014417
200000.0,434,0.599922,0.60659,0.99,160631,25,30,0.00999561,0.000282614,0.9000219524095414,0.9831888727326215
200000.0,78,0.226153,0.603253,0.969987,185117,24,26,0.00998608,0.000831526,0.9000696242376723,0.9711638074635364
200000.0,476,0.438401,0.646579,0.99,199174,22,18,0.0100002,1.86999e-05,0.899999000005,0.9956756619003598
243160.0,386,0.743193,0.755734,0.93256,193445,18,17,0.00999003,0.00345072,0.9000498624313102,0.9412571706503678
208435.0,449,0.0659311,0.687037,0.982147,200000,27,39,0.010001,7.3139e-06,0.8999950001249938,0.9972955776956991
200000.0,408,0.60658,0.710253,0.974763,154133,18,34,0.00999225,0.000706597,0.9000387575107232,0.9734181076670603
200000.0,418,0.608372,0.60659,0.99,160631,33,35,0.00999658,0.000300344,0.9000171014623001,0.9826695643447719
200000.0,457,0.629659,0.717117,0.989721,200000,17,13,0.01,4.19233e-05,0.9,0.9935251795391686
200000.0,163,0.01,0.518806,0.972938,185117,14,30,0.00997672,0.00012401,0.9001164678237699,0.9888640222701373
215802.0,344,0.807224,0.556,0.99,170150,17,22,0.0099749,0.000531343,0.9001255788502381,0.9769491214917956
200000.0,306,0.818329,0.556,0.99,158167,17,23,0.00996591,0.000654244,0.9001705955141472,0.9744218061622796
200000.0,448,0.0147876,0.748752,0.982147,200000,18,11,0.01,6.98899e-08,0.9,0.9997356330202162
200000.0,306,0.818329,0.556,0.99,158167,17,23,0.00996591,0.000654244,0.9001705955141472,0.9744218061622796
200000.0,148,0.178071,0.627495,0.989824,200000,25,14,0.00999955,3.27363e-06,0.9000022500253131,0.9981906824490986
200000.0,163,0.01,0.497548,0.972938,200000,12,31,0.00999977,7.55336e-08,0.9000011500066125,0.9997251662320602
200000.0,163,0.01,0.586673,0.99,191978,14,30,0.00998765,2.29759e-05,0.9000617690770945,0.9952066817339134
200000.0,449,0.0659311,0.771076,0.982147,200000,27,37,0.00999999,1.38283e-06,0.9000000500000125,0.9988240620764683
200000.0,394,0.01,0.771076,0.911255,200000,27,37,0.01,8.42684e-07,0.9,0.9990820217867509
200000.0,449,0.0718754,0.516769,0.99,200000,27,29,0.01,4.98298e-07,0.9,0.9992940977404767
200000.0,163,0.172924,0.549416,0.972938,198068,21,24,0.00999693,2.65981e-05,0.9000153511782933,0.9948426654170976
200000.0,449,0.0718754,0.516769,0.99,200000,27,29,0.01,4.98298e-07,0.9,0.9992940977404767
200000.0,163,0.172924,0.572177,0.972938,186826,21,24,0.00998392,0.000174878,0.9000804323468121,0.9867758554151884
200000.0,163,0.136598,0.553018,0.972938,185117,20,28,0.00998041,0.000198979,0.9000979980180577,0.9858940083652371
200000.0,409,0.815694,0.654083,0.99,165706,32,22,0.00997749,0.00029904,0.9001126134088994,0.9827072269430261
200000.0,426,0.746825,0.624526,0.99,178329,18,28,0.00998781,0.000170411,0.9000609685858423,0.9869458435737885
200000.0,409,0.81316,0.654083,0.99,165706,32,22,0.00997759,0.000298802,0.9001121128464517,0.9827141098001867
205112.0,111,0.136598,0.579261,0.969699,176439,13,28,0.00997191,0.000958983,0.9001405487697834,0.9690325493461279
200000.0,163,0.172924,0.549416,0.972938,200000,21,24,0.00999968,2.252e-05,0.9000016000128002,0.9952544757929181
200000.0,464,0.147462,0.668977,0.99,200000,23,25,0.00999997,1.5747e-06,0.9000001500001125,0.9987451294887519
200000.0,464,0.231346,0.8,0.99,200000,24,21,0.00999992,5.48995e-06,0.9000004000008,0.9976569357669923
200000.0,129,0.172924,0.564602,0.99,186826,22,25,0.00998242,0.000194402,0.900087938666045,0.9860571882319239
200000.0,163,0.172924,0.604014,0.972938,191749,21,24,0.00998947,8.13942e-05,0.9000526638674147,0.9909781265803603
200000.0,106,0.147966,0.569619,0.969987,172080,24,23,0.00997174,0.00126834,0.9001413999697573,0.9643862386148275
200000.0,457,0.176875,0.68394,0.989721,200000,25,16,0.00999996,3.3002e-06,0.9000002000002,0.9981833547401873
200000.0,457,0.231658,0.644983,0.989721,200000,23,13,0.00999995,5.47693e-06,0.9000002500003125,0.9976597158292208
200000.0,448,0.0882142,0.771076,0.982147,200000,27,31,0.00999999,2.47433e-06,0.9000000500000125,0.9984269996821361
200000.0,457,0.231658,0.717117,0.989721,200000,23,13,0.00999994,5.67354e-06,0.90000030000045,0.9976180806058979
200000.0,456,0.13084,0.697101,0.987473,200000,26,29,0.00999997,2.61902e-06,0.9000001500001125,0.9983816613457005
200000.0,457,0.271025,0.699291,0.99,200000,21,13,0.00999994,7.31913e-06,0.90000030000045,0.9972946109337103
200000.0,347,0.798146,0.556,0.99,198306,17,22,0.00999864,7.60144e-05,0.9000068002312157,0.9912813762553945
200000.0,371,0.73428,0.654083,0.99,158735,36,22,0.00997884,0.000385941,0.9001058560274928,0.980354618863458
200000.0,426,0.750143,0.624526,0.99,172780,27,28,0.00998465,0.00021645,0.9000767794754393,0.9852877601977129
200000.0,129,0.172924,0.584248,0.972938,186826,21,24,0.00998353,0.000263046,0.9000823839355642,0.9837813070810253
200000.0,447,0.790185,0.524824,0.99,172053,31,27,0.00998145,0.000268184,0.9000927930527531,0.9836236756260753
200000.0,449,0.0659311,0.795441,0.982147,200000,27,37,0.01,1.60423e-06,0.9,0.9987334179852848
200000.0,153,0.314785,0.697692,0.979864,191302,24,26,0.00999537,0.000138367,0.900023152680233,0.98823704968981
200000.0,434,0.612382,0.684322,0.99,169329,23,36,0.00999098,0.000180431,0.9000451101746393,0.9865675393170127
200000.0,421,0.790309,0.433994,0.99,198306,17,22,0.00999869,7.44187e-05,0.9000065502145266,0.9913733726172971
200000.0,457,0.271025,0.697923,0.99,200000,30,13,0.00999994,9.34161e-06,0.90000030000045,0.9969435952493166
200000.0,449,0.180558,0.696383,0.988481,200000,28,32,0.00999996,4.30089e-06,0.9000002000002,0.9979261412777144
200000.0,394,0.01,0.8,0.911255,200000,27,37,0.01,1.10187e-06,0.9,0.9989503000428694
200000.0,344,0.743193,0.553508,0.99,183409,17,23,0.00999218,0.000178086,0.9000391076470403,0.9866551133388103
200000.0,442,0.750143,0.624526,0.99,172780,27,26,0.00998472,0.000203552,0.9000764292071185,0.9857328348996726
200000.0,476,0.231658,0.560642,0.99,200000,23,18,0.00999997,5.37709e-06,0.9000001500001125,0.9976811446789418
200000.0,457,0.231658,0.611949,0.989721,200000,22,14,0.00999996,5.6522e-06,0.9000002000002,0.9976225644067609
200000.0,457,0.231346,0.610785,0.989721,200000,24,18,0.00999996,5.59986e-06,0.9000002000002,0.9976335976673439
200000.0,476,0.231658,0.72907,0.987288,200000,23,18,0.00999994,8.67406e-06,0.90000030000045,0.9970548242836802
200000.0,448,0.0882142,0.771076,0.982147,200000,27,37,0.00999999,2.48023e-06,0.9000000500000125,0.9984251254018176
200000.0,457,0.231658,0.627495,0.989721,200000,24,14,0.00999995,7.79201e-06,0.9000002500003125,0.9972085827972157
200000.0,402,0.178071,0.627495,0.989824,200000,25,14,0.00999998,4.09262e-06,0.90000010000005,0.9979769775087756
200000.0,457,0.231658,0.64532,0.989721,200000,23,14,0.00999996,5.73396e-06,0.9000002000002,0.997605431145279
200000.0,344,0.743193,0.556,0.99,181363,17,22,0.00999129,0.000197578,0.9000435594871445,0.9859437558359283
200000.0,163,0.222017,0.553018,0.972938,185117,22,32,0.00998512,0.000270313,0.9000744276974108,0.9835588017468312
218641.0,111,0.136598,0.553018,0.972974,185117,17,28,0.00998059,0.00127576,0.9000970971392723,0.9642822173140605
200000.0,420,0.798146,0.556,0.987048,198306,17,32,0.0099989,0.000103068,0.9000055001512584,0.9898477588681119
200000.0,500,0.156993,0.534874,0.989721,200000,23,13,0.00999998,2.78062e-06,0.90000010000005,0.9983324808846673
203594.0,403,0.188309,0.567742,0.99,200000,32,18,0.0100019,1.10278e-06,0.8999905004512071,0.9989498666751312
236278.0,171,0.0100565,0.560088,0.985682,200000,14,30,0.00998351,0.000341837,0.9000824840180662,0.9815111655315972
200000.0,499,0.231658,0.585573,0.989721,200000,17,18,0.00999996,5.66672e-06,0.9000002000002,0.9976195126549381
200000.0,155,0.358838,0.74212,0.969987,200000,24,26,0.00999965,0.00011622,0.9000017500153128,0.9892194619800309
200000.0,199,0.582086,0.545871,0.979594,200000,23,16,0.00999963,0.000141372,0.9000018500171129,0.9881100042052152
200000.0,403,0.188309,0.567742,0.99,200000,27,18,0.01,3.38778e-06,0.9,0.9981594077040257
200000.0,448,0.0882142,0.748752,0.982147,200000,18,37,0.00999999,3.46338e-06,0.9000000500000125,0.9981389841483749
200000.0,500,0.180558,0.791733,0.982147,200000,28,32,0.00999995,1.03781e-05,0.9000002500003125,0.9967784941409334
200000.0,344,0.743193,0.556,0.99,156028,17,22,0.00998415,0.000567241,0.9000792814277239,0.9761831782137078
200000.0,344,0.743193,0.556,0.99,158167,17,26,0.00998468,0.000526688,0.9000766293602943,0.9770503159063136
231105.0,457,0.629659,0.659672,0.99,186838,20,12,0.00999222,0.000214831,0.9000389075689946,0.9853428856864661
200000.0,106,0.226153,0.603253,0.969987,185117,24,26,0.00998533,0.000470446,0.9000733769208625,0.9783102328274368
237465.0,395,0.746511,0.556,0.99,190476,28,22,0.00998931,0.000367886,0.9000534642921527,0.9808196454673017
200000.0,449,0.107269,0.574897,0.99,200000,28,29,0.01,2.49497e-06,0.9,0.9984204525964695
200000.0,457,0.231658,0.560642,0.989793,200000,23,18,0.00999997,5.58423e-06,0.9000001500001125,0.9976369024565203
200000.0,155,0.358838,0.74212,0.969987,200000,24,26,0.00999965,0.00011622,0.9000017500153128,0.9892194619800309
200000.0,67,0.227464,0.713174,0.99,185117,24,26,0.00998367,0.000675851,0.9000816833608571,0.9740028655425257
215802.0,344,0.807224,0.589633,0.95571,170150,17,17,0.00998152,0.00244395,0.90009244272829,0.9505636773212246
200000.0,375,0.134653,0.596775,0.985099,200000,25,23,0.01,4.04873e-06,0.9,0.9979878543790272
200000.0,344,0.743193,0.556,0.989825,156028,17,22,0.00998423,0.000573492,0.9000788811111484,0.9760523070004645
200000.0,434,0.580601,0.639894,0.99,160631,23,37,0.00999575,0.000255356,0.9000212522582924,0.9840201376726831
200000.0,461,0.599724,0.69465,0.976136,165274,29,29,0.00999124,0.000481639,0.9000438095964037,0.9780537246895971
200000.0,163,0.01,0.518806,0.972938,185117,14,30,0.00997672,0.00012401,0.9001164678237699,0.9888640222701373
215802.0,344,0.807224,0.556,0.99,170150,17,22,0.0099749,0.000531343,0.9001255788502381,0.9769491214917956
200000.0,148,0.178071,0.627495,0.989824,200000,25,14,0.00999955,3.27363e-06,0.9000022500253131,0.9981906824490986
200000.0,163,0.01,0.497548,0.972938,200000,12,31,0.00999977,7.55336e-08,0.9000011500066125,0.9997251662320602
200000.0,163,0.01,0.586673,0.99,191978,14,30,0.00998765,2.29759e-05,0.9000617690770945,0.9952066817339134
200000.0,432,0.798146,0.556,0.987048,163758,20,32,0.00997578,0.000443269,0.9001211734149825,0.9789460455020915
200000.0,449,0.01,0.771076,0.99,200000,28,37,0.01,9.96165e-09,0.9,0.9999001919341937
200000.0,306,0.818329,0.618282,0.989944,158167,20,23,0.00996518,0.000579531,0.9001742518184812,0.9759265498941261
200000.0,287,0.909297,0.478237,0.99,158167,16,23,0.0099289,0.000925206,0.9003561341576913,0.9695828009179017
200000.0,425,0.786358,0.699552,0.99,161070,27,28,0.00997665,0.000301009,0.9001168182324972,0.9826503890533533
200000.0,148,0.142683,0.552681,0.989824,200000,29,14,0.00999969,2.19889e-06,0.9000015500120127,0.9985171345307142
200000.0,448,0.0147876,0.748752,0.982147,200000,18,11,0.01,6.98899e-08,0.9,0.9997356330202162
200000.0,449,0.0659311,0.771076,0.982147,200000,27,37,0.00999999,1.38283e-06,0.9000000500000125,0.9988240620764683
200000.0,163,0.172924,0.549416,0.972938,198068,21,24,0.00999693,2.65981e-05,0.9000153511782933,0.9948426654170976
200000.0,409,0.815694,0.654083,0.99,165706,32,22,0.00997749,0.00029904,0.9001126134088994,0.9827072269430261
200000.0,409,0.81316,0.654083,0.99,165706,32,22,0.00997759,0.000298802,0.9001121128464517,0.9827141098001867
200000.0,163,0.172924,0.549416,0.972938,200000,21,24,0.00999968,2.252e-05,0.9000016000128002,0.9952544757929181
200000.0,464,0.147462,0.668977,0.99,200000,23,25,0.00999997,1.5747e-06,0.9000001500001125,0.9987451294887519
200000.0,163,0.172924,0.604014,0.972938,191749,21,24,0.00998947,8.13942e-05,0.9000526638674147,0.9909781265803603
200000.0,154,0.172924,0.584248,0.99,186826,21,23,0.00998238,0.000131284,0.9000881388422776,0.9885420769770433
200000.0,163,0.0401609,0.497548,0.972938,200000,12,31,0.00999977,1.60367e-06,0.9000011500066125,0.9987336390719862
200000.0,197,0.0703433,0.484734,0.972938,185117,24,30,0.00997869,0.000131915,0.9001066068250758,0.988514574452812
200000.0,306,0.818329,0.556,0.989596,158167,14,27,0.00996556,0.000646022,0.9001723485200619,0.9745830371601956
200000.0,306,0.818329,0.556,0.99,158167,17,23,0.00996591,0.000654244,0.9001705955141472,0.9744218061622796
200000.0,306,0.818329,0.556,0.99,158167,17,23,0.00996591,0.000654244,0.9001705955141472,0.9744218061622796
200000.0,394,0.01,0.771076,0.911255,200000,27,37,0.01,8.42684e-07,0.9,0.9990820217867509
200000.0,449,0.0718754,0.516769,0.99,200000,27,29,0.01,4.98298e-07,0.9,0.9992940977404767
200000.0,449,0.0718754,0.516769,0.99,200000,27,29,0.01,4.98298e-07,0.9,0.9992940977404767
200000.0,464,0.231346,0.8,0.99,200000,24,21,0.00999992,5.48995e-06,0.9000004000008,0.9976569357669923
200000.0,448,0.0882142,0.771076,0.982147,200000,27,31,0.00999999,2.47433e-06,0.9000000500000125,0.9984269996821361
200000.0,456,0.13084,0.697101,0.987473,200000,26,29,0.00999997,2.61902e-06,0.9000001500001125,0.9983816613457005
200000.0,347,0.798146,0.556,0.99,198306,17,22,0.00999864,7.60144e-05,0.9000068002312157,0.9912813762553945
200000.0,449,0.0659311,0.795441,0.982147,200000,27,37,0.01,1.60423e-06,0.9,0.9987334179852848
200000.0,421,0.790309,0.433994,0.99,198306,17,22,0.00999869,7.44187e-05,0.9000065502145266,0.9913733726172971
200000.0,449,0.0718754,0.516769,0.99,200000,27,29,0.01,4.98298e-07,0.9,0.9992940977404767
200000.0,500,0.107269,0.574897,0.99,200000,28,29,0.00999999,2.09147e-06,0.9000000500000125,0.998553808449755
200000.0,163,0.116967,0.541521,0.99,185117,18,28,0.00997873,0.00015405,0.9001064066118352,0.9875883119600918
200000.0,432,0.176875,0.750853,0.989987,200000,22,21,0.00999995,3.11141e-06,0.9000002500003125,0.9982360810676224
200000.0,163,0.136598,0.555203,0.99,185117,20,28,0.00997946,0.000133005,0.90010275279068,0.9884672206298741
200000.0,394,0.01,0.771076,0.911255,200000,27,36,0.01,1.15665e-06,0.9,0.9989245233614811
200000.0,495,0.207339,0.717117,0.989721,200000,23,15,0.00999993,4.54159e-06,0.9000003500006125,0.9978688993454086
200000.0,445,0.0147876,0.748752,0.943414,200000,19,19,0.01,6.82284e-07,0.9,0.9991739951573991
200000.0,449,0.0718754,0.572147,0.99,200000,27,29,0.01,5.16982e-07,0.9,0.9992809853965322
200000.0,457,0.0347379,0.467624,0.99,200000,30,13,0.01,1.19525e-07,0.9,0.9996542761217387
200000.0,449,0.312808,0.795441,0.989214,200000,27,41,0.00999992,1.10689e-05,0.9000004000008,0.9966730043582835
200956.0,442,0.750143,0.515661,0.99,162131,22,26,0.00997866,0.000384985,0.9001067569852695,0.9803789653687681
200000.0,163,0.172924,0.572177,0.972938,186826,21,24,0.00998392,0.000174878,0.9000804323468121,0.9867758554151884
200000.0,163,0.136598,0.553018,0.972938,185117,20,28,0.00998041,0.000198979,0.9000979980180577,0.9858940083652371
200000.0,426,0.746825,0.624526,0.99,178329,18,28,0.00998781,0.000170411,0.9000609685858423,0.9869458435737885
200000.0,129,0.172924,0.564602,0.99,186826,22,25,0.00998242,0.000194402,0.900087938666045,0.9860571882319239
200000.0,457,0.176875,0.68394,0.989721,200000,25,16,0.00999996,3.3002e-06,0.9000002000002,0.9981833547401873
200000.0,457,0.231658,0.644983,0.989721,200000,23,13,0.00999995,5.47693e-06,0.9000002500003125,0.9976597158292208
200000.0,457,0.231658,0.717117,0.989721,200000,23,13,0.00999994,5.67354e-06,0.90000030000045,0.9976180806058979
200000.0,457,0.271025,0.699291,0.99,200000,21,13,0.00999994,7.31913e-06,0.90000030000045,0.9972946109337103
200000.0,371,0.73428,0.654083,0.99,158735,36,22,0.00997884,0.000385941,0.9001058560274928,0.980354618863458
200000.0,457,0.271025,0.697923,0.99,200000,30,13,0.00999994,9.34161e-06,0.90000030000045,0.9969435952493166
200000.0,394,0.01,0.8,0.911255,200000,27,37,0.01,1.10187e-06,0.9,0.9989503000428694
200000.0,448,0.0882142,0.771076,0.982147,200000,27,37,0.00999999,2.48023e-06,0.9000000500000125,0.9984251254018176
200000.0,420,0.798146,0.556,0.987048,198306,17,32,0.0099989,0.000103068,0.9000055001512584,0.9898477588681119
200000.0,500,0.156993,0.534874,0.989721,200000,23,13,0.00999998,2.78062e-06,0.90000010000005,0.9983324808846673
200000.0,457,0.231658,0.644983,0.989721,200000,23,13,0.00999995,5.47693e-06,0.9000002500003125,0.9976597158292208
200000.0,437,0.180558,0.696383,0.988481,200000,28,32,0.00999995,4.4167e-06,0.9000002500003125,0.997898405367346
200000.0,342,0.796535,0.524824,0.99,172053,25,24,0.00998,0.000358367,0.9001000500500626,0.9810694162794699
200000.0,306,0.818329,0.553816,0.99,158167,17,25,0.00996611,0.000658054,0.9001695938103025,0.974347436775246
200000.0,449,0.0718754,0.430021,0.99,200000,27,29,0.0100001,5.16328e-07,0.89999950000125,0.999281440329548
200000.0,409,0.815694,0.654083,0.99,183775,32,22,0.00998956,0.000149153,0.9000522136313165,0.9877871788680911
200000.0,371,0.73428,0.776981,0.99,181926,36,22,0.00999048,0.000135957,0.9000476113341958,0.9883399399658492
200000.0,114,0.147966,0.565047,0.969987,172080,24,22,0.00997126,0.00112556,0.9001438033970851,0.9664506333889893
203594.0,403,0.188309,0.567742,0.99,200000,32,18,0.0100019,1.10278e-06,0.8999905004512071,0.9989498666751312
201956.0,111,0.136598,0.635975,0.969699,176439,14,31,0.0099715,0.000737591,0.9001426016761902,0.9728413733778749
200000.0,447,0.790185,0.524824,0.99,172053,31,27,0.00998145,0.000268184,0.9000927930527531,0.9836236756260753
200000.0,343,0.743193,0.603546,0.989734,183409,18,23,0.00999082,0.000162286,0.9000459105388879,0.9872608477519107
200000.0,153,0.314785,0.697692,0.979864,191302,24,26,0.00999537,0.000138367,0.900023152680233,0.98823704968981
200000.0,442,0.750143,0.624526,0.99,172780,27,26,0.00998472,0.000203552,0.9000764292071185,0.9857328348996726
200000.0,155,0.358838,0.74212,0.969987,200000,24,26,0.00999965,0.00011622,0.9000017500153128,0.9892194619800309
200000.0,129,0.172924,0.584248,0.972938,186826,21,24,0.00998353,0.000263046,0.9000823839355642,0.9837813070810253
200000.0,476,0.231658,0.72907,0.987288,200000,23,18,0.00999994,8.67406e-06,0.90000030000045,0.9970548242836802
200000.0,426,0.750143,0.624526,0.99,172780,27,28,0.00998465,0.00021645,0.9000767794754393,0.9852877601977129
200000.0,394,0.01,0.724975,0.911255,198778,27,37,0.01,1.82761e-06,0.9,0.9986481087321829
200000.0,155,0.358838,0.74212,0.969987,200000,24,26,0.00999965,0.00011622,0.9000017500153128,0.9892194619800309
200000.0,163,0.01,0.518806,0.972938,185117,14,30,0.00997672,0.00012401,0.9001164678237699,0.9888640222701373
200000.0,163,0.01,0.497548,0.972938,200000,12,31,0.00999977,7.55336e-08,0.9000011500066125,0.9997251662320602
200000.0,163,0.01,0.586673,0.99,191978,14,30,0.00998765,2.29759e-05,0.9000617690770945,0.9952066817339134
200000.0,432,0.798146,0.556,0.987048,163758,20,32,0.00997578,0.000443269,0.9001211734149825,0.9789460455020915
200000.0,449,0.01,0.771076,0.99,200000,28,37,0.01,9.96165e-09,0.9,0.9999001919341937
200000.0,306,0.818329,0.618282,0.989944,158167,20,23,0.00996518,0.000579531,0.9001742518184812,0.9759265498941261
200000.0,287,0.909297,0.478237,0.99,158167,16,23,0.0099289,0.000925206,0.9003561341576913,0.9695828009179017
200000.0,306,0.818329,0.618282,0.99,150598,20,28,0.00995903,0.000738031,0.9002050602485276,0.9728332740286946
200000.0,424,0.01,0.689389,0.99,200000,34,37,0.01,2.65462e-08,0.9,0.9998370699536611
200000.0,149,0.01,0.515318,0.99,191978,14,30,0.00998728,3.33102e-05,0.9000636202376732,0.9942285010612494
200000.0,306,0.99,0.556,0.989596,133365,29,29,0.00987948,0.00159013,0.9006044266579241,0.9601235658565112
200000.0,163,0.01,0.501716,0.972938,185117,14,30,0.00997662,0.000138837,0.9001169684080423,0.988217088644991
200000.0,425,0.786358,0.667596,0.99,161070,27,25,0.00997634,0.000316023,0.9001183700573524,0.9822229642515969
200000.0,171,0.01,0.504692,0.972938,200000,12,31,0.00999975,1.15919e-07,0.9000012500078126,0.9996595312055415
200000.0,344,0.807224,0.556,0.99,170150,17,21,0.00997631,0.000356701,0.9001185202352308,0.9811134704087807
200000.0,388,0.01,0.771076,0.99,200000,27,37,0.01,9.96188e-09,0.9,0.9999001907819889
200000.0,119,0.100278,0.771076,0.99,200000,20,37,0.0099994,9.94388e-07,0.9000030000450013,0.9990028099479036
200000.0,371,0.792907,0.654083,0.99,148391,33,22,0.00996656,0.000561911,0.9001673400134005,0.9762953380112688
200000.0,231,0.154347,0.534496,0.99,198306,20,22,0.00999939,3.81635e-06,0.9000030500465139,0.9980464519458175
200550.0,322,0.818329,0.660982,0.989944,158167,20,23,0.0099677,0.000504238,0.9001616306222903,0.9775447556236856
215802.0,344,0.807224,0.556,0.99,170150,17,22,0.0099749,0.000531343,0.9001255788502381,0.9769491214917956
200000.0,148,0.178071,0.627495,0.989824,200000,25,14,0.00999955,3.27363e-06,0.9000022500253131,0.9981906824490986
200000.0,425,0.786358,0.699552,0.99,161070,27,28,0.00997665,0.000301009,0.9001168182324972,0.9826503890533533
200000.0,448,0.0147876,0.748752,0.982147,200000,18,11,0.01,6.98899e-08,0.9,0.9997356330202162
200000.0,163,0.172924,0.604014,0.972938,191749,21,24,0.00998947,8.13942e-05,0.9000526638674147,0.9909781265803603
200000.0,154,0.172924,0.584248,0.99,186826,21,23,0.00998238,0.000131284,0.9000881388422776,0.9885420769770433
200000.0,197,0.0703433,0.484734,0.972938,185117,24,30,0.00997869,0.000131915,0.9001066068250758,0.988514574452812
200000.0,306,0.818329,0.556,0.989596,158167,14,27,0.00996556,0.000646022,0.9001723485200619,0.9745830371601956
200000.0,154,0.172924,0.584248,0.99,186826,21,23,0.00998238,0.000131284,0.9000881388422776,0.9885420769770433
200000.0,163,0.01,0.534808,0.972938,185117,14,30,0.00997668,0.000143421,0.9001166680571778,0.9880241492995279
200000.0,162,0.142683,0.552681,0.989824,200000,27,14,0.00999967,2.19492e-06,0.9000016500136128,0.9985184737599354
200000.0,325,0.813163,0.556,0.989596,158167,14,29,0.00996571,0.000592966,0.9001715972280434,0.975649106792563
200000.0,163,0.172924,0.598941,0.979595,198068,22,24,0.00999691,2.34582e-05,0.900015451193697,0.9951566334022707
200000.0,154,0.172924,0.584248,0.964145,130116,21,23,0.00992965,0.00384548,0.9003523708259951,0.9379880656647448
200000.0,445,0.0147876,0.554003,0.99,200000,19,19,0.01,2.14565e-08,0.9,0.999853519625888
200000.0,306,0.818329,0.556,0.99,131969,17,21,0.00994316,0.00144165,0.9002846050000302,0.9620309336432933
200000.0,163,0.0401609,0.497548,0.972938,200000,11,31,0.00999977,1.36577e-06,0.9000011500066125,0.998831338372325
200000.0,148,0.142683,0.552681,0.989824,200000,29,14,0.00999969,2.19889e-06,0.9000015500120127,0.9985171345307142
200000.0,449,0.0659311,0.771076,0.982147,200000,27,37,0.00999999,1.38283e-06,0.9000000500000125,0.9988240620764683
200000.0,163,0.172924,0.549416,0.972938,198068,21,24,0.00999693,2.65981e-05,0.9000153511782933,0.9948426654170976
200000.0,409,0.815694,0.654083,0.99,165706,32,22,0.00997749,0.00029904,0.9001126134088994,0.9827072269430261
200000.0,409,0.81316,0.654083,0.99,165706,32,22,0.00997759,0.000298802,0.9001121128464517,0.9827141098001867
200000.0,464,0.147462,0.668977,0.99,200000,23,25,0.00999997,1.5747e-06,0.9000001500001125,0.9987451294887519
200000.0,163,0.0401609,0.497548,0.972938,200000,12,31,0.00999977,1.60367e-06,0.9000011500066125,0.9987336390719862
200000.0,306,0.818329,0.556,0.99,158167,17,23,0.00996591,0.000654244,0.9001705955141472,0.9744218061622796
200000.0,306,0.818329,0.556,0.99,158167,17,23,0.00996591,0.000654244,0.9001705955141472,0.9744218061622796
200000.0,394,0.01,0.771076,0.911255,200000,27,37,0.01,8.42684e-07,0.9,0.9990820217867509
200000.0,449,0.0718754,0.516769,0.99,200000,27,29,0.01,4.98298e-07,0.9,0.9992940977404767
200000.0,449,0.0718754,0.516769,0.99,200000,27,29,0.01,4.98298e-07,0.9,0.9992940977404767
200000.0,449,0.0718754,0.516769,0.99,200000,27,29,0.01,4.98298e-07,0.9,0.9992940977404767
200000.0,163,0.116967,0.541521,0.99,185117,18,28,0.00997873,0.00015405,0.9001064066118352,0.9875883119600918
200000.0,163,0.136598,0.555203,0.99,185117,20,28,0.00997946,0.000133005,0.90010275279068,0.9884672206298741
200000.0,394,0.01,0.771076,0.911255,200000,27,36,0.01,1.15665e-06,0.9,0.9989245233614811
200000.0,445,0.0147876,0.748752,0.943414,200000,19,19,0.01,6.82284e-07,0.9,0.9991739951573991
200000.0,449,0.0718754,0.572147,0.99,200000,27,29,0.01,5.16982e-07,0.9,0.9992809853965322
200000.0,457,0.0347379,0.467624,0.99,200000,30,13,0.01,1.19525e-07,0.9,0.9996542761217387
200000.0,306,0.818329,0.556,0.99,158167,17,23,0.00996591,0.000654244,0.9001705955141472,0.9744218061622796
200000.0,371,0.73428,0.776981,0.99,181926,36,24,0.00999041,0.000132632,0.9000479615015281,0.9884834032804826
200000.0,129,0.198426,0.584248,0.99,133182,21,21,0.00994379,0.00420885,0.9002814460594218,0.9351243497142417
200000.0,150,0.204416,0.545663,0.989824,200000,29,14,0.00999967,4.54191e-06,0.9000016500136128,0.9978688242681562
200000.0,163,0.172924,0.549416,0.985387,182134,21,24,0.00997842,0.000230978,0.9001079582749456,0.9848020396105267
200000.0,449,0.0718754,0.430021,0.99,200000,27,29,0.0100001,5.16328e-07,0.89999950000125,0.999281440329548
200000.0,306,0.818329,0.553816,0.99,158167,17,25,0.00996611,0.000658054,0.9001695938103025,0.974347436775246
200956.0,442,0.750143,0.515661,0.99,162131,22,26,0.00997866,0.000384985,0.9001067569852695,0.9803789653687681
200000.0,371,0.73428,0.776981,0.99,181926,36,22,0.00999048,0.000135957,0.9000476113341958,0.9883399399658492
200000.0,149,0.136598,0.554347,0.99,185117,22,28,0.00997931,0.000192793,0.9001035035649397,0.986115008102271
200000.0,154,0.13343,0.584248,0.99,185235,21,28,0.00997943,0.000154337,0.9001029029450806,0.9875767556572367
200000.0,409,0.815694,0.654083,0.99,183775,32,22,0.00998956,0.000149153,0.9000522136313165,0.9877871788680911
200000.0,347,0.798146,0.556,0.99,198306,17,22,0.00999864,7.60144e-05,0.9000068002312157,0.9912813762553945
200000.0,163,0.172924,0.549416,0.972938,200000,21,24,0.00999968,2.252e-05,0.9000016000128002,0.9952544757929181
200000.0,421,0.790309,0.433994,0.99,198306,17,22,0.00999869,7.44187e-05,0.9000065502145266,0.9913733726172971
200000.0,449,0.312808,0.795441,0.989214,200000,27,41,0.00999992,1.10689e-05,0.9000004000008,0.9966730043582835
200000.0,464,0.231346,0.8,0.99,200000,24,21,0.00999992,5.48995e-06,0.9000004000008,0.9976569357669923
200000.0,495,0.207339,0.717117,0.989721,200000,23,15,0.00999993,4.54159e-06,0.9000003500006125,0.9978688993454086
200000.0,432,0.176875,0.750853,0.989987,200000,19,21,0.00999995,3.12575e-06,0.9000002500003125,0.9982320209277257
200000.0,433,0.0147876,0.748752,0.943414,200000,22,29,0.01,6.93897e-07,0.9,0.999166995198093
200000.0,456,0.13084,0.697101,0.987473,200000,26,29,0.00999997,2.61902e-06,0.9000001500001125,0.9983816613457005
200000.0,449,0.0659311,0.795441,0.982147,200000,27,37,0.01,1.60423e-06,0.9,0.9987334179852848
200000.0,432,0.176875,0.750853,0.989987,200000,22,21,0.00999995,3.11141e-06,0.9000002500003125,0.9982360810676224
200000.0,500,0.107269,0.574897,0.99,200000,28,29,0.00999999,2.09147e-06,0.9000000500000125,0.998553808449755
200000.0,163,0.01,0.518806,0.972938,185117,14,30,0.00997672,0.00012401,0.9001164678237699,0.9888640222701373
200000.0,163,0.01,0.497548,0.972938,200000,12,31,0.00999977,7.55336e-08,0.9000011500066125,0.9997251662320602
200000.0,163,0.01,0.586673,0.99,191978,14,30,0.00998765,2.29759e-05,0.9000617690770945,0.9952066817339134
200000.0,449,0.01,0.771076,0.99,200000,28,37,0.01,9.96165e-09,0.9,0.9999001919341937
200000.0,306,0.818329,0.618282,0.989944,158167,20,23,0.00996518,0.000579531,0.9001742518184812,0.9759265498941261
200000.0,287,0.909297,0.478237,0.99,158167,16,23,0.0099289,0.000925206,0.9003561341576913,0.9695828009179017
200000.0,424,0.01,0.689389,0.99,200000,34,37,0.01,2.65462e-08,0.9,0.9998370699536611
200000.0,149,0.01,0.515318,0.99,191978,14,30,0.00998728,3.33102e-05,0.9000636202376732,0.9942285010612494
200000.0,306,0.99,0.556,0.989596,133365,29,29,0.00987948,0.00159013,0.9006044266579241,0.9601235658565112
200000.0,163,0.01,0.501716,0.972938,185117,14,30,0.00997662,0.000138837,0.9001169684080423,0.988217088644991
200000.0,425,0.786358,0.667596,0.99,161070,27,25,0.00997634,0.000316023,0.9001183700573524,0.9822229642515969
200000.0,344,0.807224,0.556,0.99,170150,17,21,0.00997631,0.000356701,0.9001185202352308,0.9811134704087807
200000.0,388,0.01,0.771076,0.99,200000,27,37,0.01,9.96188e-09,0.9,0.9999001907819889
200000.0,119,0.100278,0.771076,0.99,200000,20,37,0.0099994,9.94388e-07,0.9000030000450013,0.9990028099479036
200000.0,371,0.792907,0.654083,0.99,148391,33,22,0.00996656,0.000561911,0.9001673400134005,0.9762953380112688
200550.0,322,0.818329,0.660982,0.989944,158167,20,23,0.0099677,0.000504238,0.9001616306222903,0.9775447556236856
200000.0,171,0.01,0.589982,0.974213,200000,12,32,0.00999965,1.03907e-07,0.9000017500153128,0.9996776539126964
200000.0,184,0.01,0.497548,0.97394,200000,12,32,0.00999978,6.79341e-08,0.90000110000605,0.9997393582919024
200000.0,306,0.921488,0.581797,0.989944,158167,20,23,0.00994373,0.000677415,0.9002817469065969,0.9739728026864205
200000.0,306,0.905208,0.556,0.989596,133365,29,20,0.00990334,0.00152765,0.9004844735732157,0.960914836574475
200000.0,163,0.102623,0.574229,0.99,191978,14,11,0.00998762,2.65069e-05,0.9000619191699181,0.9948515147858812
200000.0,154,0.172924,0.584248,0.99,199162,21,25,0.00999855,2.38073e-06,0.9000072502628316,0.9984570385617262
200000.0,215,0.01,0.501716,0.972938,185117,14,31,0.00998255,8.76561e-05,0.9000872880960585,0.9906375163551545
200550.0,413,0.788053,0.660982,0.99,140554,20,23,0.00996385,0.000590321,0.9001809136487415,0.9757034776150989
200000.0,127,0.172924,0.584248,0.99,195180,19,23,0.00999245,1.11882e-05,0.9000377571280036,0.9966551233206589
200000.0,305,0.819554,0.603926,0.99,170150,17,21,0.0099742,0.000376434,0.9001290833125078,0.9805980928772453
200000.0,388,0.01,0.771076,0.99,200000,27,37,0.01,9.96188e-09,0.9,0.9999001907819889
200000.0,432,0.798146,0.556,0.987048,163758,20,32,0.00997578,0.000443269,0.9001211734149825,0.9789460455020915
200000.0,171,0.01,0.504692,0.972938,200000,12,31,0.00999975,1.15919e-07,0.9000012500078126,0.9996595312055415
200000.0,231,0.154347,0.534496,0.99,198306,20,22,0.00999939,3.81635e-06,0.9000030500465139,0.9980464519458175
215802.0,344,0.807224,0.556,0.99,170150,17,22,0.0099749,0.000531343,0.9001255788502381,0.9769491214917956
200000.0,148,0.178071,0.627495,0.989824,200000,25,14,0.00999955,3.27363e-06,0.9000022500253131,0.9981906824490986
200000.0,425,0.786358,0.699552,0.99,161070,27,28,0.00997665,0.000301009,0.9001168182324972,0.9826503890533533
200000.0,448,0.0147876,0.748752,0.982147,200000,18,11,0.01,6.98899e-08,0.9,0.9997356330202162
200000.0,154,0.172924,0.584248,0.99,186826,21,23,0.00998238,0.000131284,0.9000881388422776,0.9885420769770433
200000.0,197,0.0703433,0.484734,0.972938,185117,24,30,0.00997869,0.000131915,0.9001066068250758,0.988514574452812
200000.0,306,0.818329,0.556,0.989596,158167,14,27,0.00996556,0.000646022,0.9001723485200619,0.9745830371601956
200000.0,154,0.172924,0.584248,0.99,186826,21,23,0.00998238,0.000131284,0.9000881388422776,0.9885420769770433
200000.0,163,0.01,0.534808,0.972938,185117,14,30,0.00997668,0.000143421,0.9001166680571778,0.9880241492995279
200000.0,162,0.142683,0.552681,0.989824,200000,27,14,0.00999967,2.19492e-06,0.9000016500136128,0.9985184737599354
200000.0,325,0.813163,0.556,0.989596,158167,14,29,0.00996571,0.000592966,0.9001715972280434,0.975649106792563
200000.0,163,0.172924,0.598941,0.979595,198068,22,24,0.00999691,2.34582e-05,0.900015451193697,0.9951566334022707
200000.0,154,0.172924,0.584248,0.964145,130116,21,23,0.00992965,0.00384548,0.9003523708259951,0.9379880656647448
200000.0,445,0.0147876,0.554003,0.99,200000,19,19,0.01,2.14565e-08,0.9,0.999853519625888
200000.0,149,0.0310514,0.515318,0.99,193090,14,29,0.00998875,3.02843e-05,0.9000562658292177,0.9944968827015954
200000.0,163,0.01,0.539787,0.972938,200000,10,31,0.00999971,2.72218e-07,0.9000014500105127,0.999478254851484
200000.0,154,0.172924,0.584248,0.99,191400,23,25,0.00998756,4.64799e-05,0.9000622193562414,0.9931823831143133
200000.0,171,0.01,0.526912,0.972938,200000,12,29,0.00999972,1.39457e-07,0.9000014000098001,0.9996265605805489
200000.0,163,0.0869433,0.586011,0.99,154576,15,28,0.00994089,0.00108555,0.9002959880446127,0.9670523141935583
200000.0,306,0.818329,0.62779,0.99,150598,20,28,0.00995929,0.000722832,0.9002037575857688,0.9731144648556143
200000.0,449,0.01,0.446436,0.99,200000,28,37,0.01,9.98611e-09,0.9,0.9999000694741332
200000.0,445,0.0147876,0.554003,0.99,200000,19,22,0.01,2.1434e-08,0.9,0.9998535964481305
200000.0,421,0.786358,0.699552,0.99,161070,27,32,0.00997662,0.000304014,0.9001169684080423,0.9825640027529252
200784.0,322,0.818329,0.554181,0.989054,158167,20,26,0.00996523,0.000674706,0.9001740013824054,0.974024896535336
200000.0,306,0.818329,0.556,0.99,142698,12,17,0.00995143,0.000971146,0.9002431455989114,0.9688367845048044
200000.0,315,0.805999,0.618282,0.989944,158167,20,25,0.00996797,0.000551567,0.9001602784459011,0.9765145364107923
200000.0,306,0.818329,0.620333,0.99,150598,18,29,0.00995892,0.000726941,0.9002056113801984,0.9730381565912121
200000.0,306,0.818329,0.618282,0.99,150598,20,28,0.00995903,0.000738031,0.9002050602485276,0.9728332740286946
200000.0,163,0.172924,0.604014,0.972938,191749,21,24,0.00998947,8.13942e-05,0.9000526638674147,0.9909781265803603
200000.0,306,0.818329,0.556,0.99,131969,17,21,0.00994316,0.00144165,0.9002846050000302,0.9620309336432933
200000.0,148,0.142683,0.552681,0.989824,200000,29,14,0.00999969,2.19889e-06,0.9000015500120127,0.9985171345307142
200000.0,163,0.172924,0.549416,0.972938,198068,21,24,0.00999693,2.65981e-05,0.9000153511782933,0.9948426654170976
200000.0,409,0.815694,0.654083,0.99,165706,32,22,0.00997749,0.00029904,0.9001126134088994,0.9827072269430261
200000.0,409,0.81316,0.654083,0.99,165706,32,22,0.00997759,0.000298802,0.9001121128464517,0.9827141098001867
200000.0,306,0.818329,0.556,0.99,158167,17,23,0.00996591,0.000654244,0.9001705955141472,0.9744218061622796
200000.0,306,0.818329,0.556,0.99,158167,17,23,0.00996591,0.000654244,0.9001705955141472,0.9744218061622796
200000.0,163,0.116967,0.541521,0.99,185117,18,28,0.00997873,0.00015405,0.9001064066118352,0.9875883119600918
200000.0,163,0.136598,0.555203,0.99,185117,20,28,0.00997946,0.000133005,0.90010275279068,0.9884672206298741
200000.0,457,0.0347379,0.467624,0.99,200000,30,13,0.01,1.19525e-07,0.9,0.9996542761217387
200000.0,306,0.818329,0.556,0.99,158167,17,23,0.00996591,0.000654244,0.9001705955141472,0.9744218061622796
200000.0,150,0.204416,0.545663,0.989824,200000,29,14,0.00999967,4.54191e-06,0.9000016500136128,0.9978688242681562
200000.0,163,0.172924,0.549416,0.985387,182134,21,24,0.00997842,0.000230978,0.9001079582749456,0.9848020396105267
200000.0,219,0.01,0.771076,0.989036,200000,27,37,0.0100006,1.19139e-08,0.8999970000449986,0.9998908491869017
200000.0,432,0.800171,0.510972,0.987206,158902,23,25,0.00997118,0.000556804,0.9001442039739305,0.9764033053162101
200000.0,163,0.01,0.497548,0.972938,200000,12,40,0.00999976,1.26033e-07,0.9000012000072001,0.9996449887325731
215802.0,344,0.807224,0.563102,0.99,173523,17,24,0.00997643,0.000469753,0.9001179195250719,0.9783262139901677
200000.0,163,0.01,0.510983,0.972938,185117,14,23,0.00997906,0.000136436,0.9001047548679117,0.9883194178227281
200000.0,366,0.0347379,0.467624,0.989939,200000,30,13,0.0100002,1.20728e-07,0.899999000005,0.9996525406498595
200000.0,129,0.198426,0.584248,0.99,133182,21,21,0.00994379,0.00420885,0.9002814460594218,0.9351243497142417
200000.0,306,0.818329,0.553816,0.99,158167,17,25,0.00996611,0.000658054,0.9001695938103025,0.974347436775246
200000.0,163,0.01,0.518806,0.972938,185117,14,30,0.00997672,0.00012401,0.9001164678237699,0.9888640222701373
200000.0,449,0.01,0.771076,0.99,200000,28,37,0.01,9.96165e-09,0.9,0.9999001919341937
200000.0,287,0.909297,0.478237,0.99,158167,16,23,0.0099289,0.000925206,0.9003561341576913,0.9695828009179017
200000.0,424,0.01,0.689389,0.99,200000,34,37,0.01,2.65462e-08,0.9,0.9998370699536611
200000.0,306,0.99,0.556,0.989596,133365,29,29,0.00987948,0.00159013,0.9006044266579241,0.9601235658565112
200000.0,163,0.01,0.501716,0.972938,185117,14,30,0.00997662,0.000138837,0.9001169684080423,0.988217088644991
200000.0,425,0.786358,0.667596,0.99,161070,27,25,0.00997634,0.000316023,0.9001183700573524,0.9822229642515969
200000.0,388,0.01,0.771076,0.99,200000,27,37,0.01,9.96188e-09,0.9,0.9999001907819889
200000.0,119,0.100278,0.771076,0.99,200000,20,37,0.0099994,9.94388e-07,0.9000030000450013,0.9990028099479036
200550.0,322,0.818329,0.660982,0.989944,158167,20,23,0.0099677,0.000504238,0.9001616306222903,0.9775447556236856
200000.0,171,0.01,0.589982,0.974213,200000,12,32,0.00999965,1.03907e-07,0.9000017500153128,0.9996776539126964
200000.0,306,0.905208,0.556,0.989596,133365,29,20,0.00990334,0.00152765,0.9004844735732157,0.960914836574475
200000.0,154,0.172924,0.584248,0.99,199162,21,25,0.00999855,2.38073e-06,0.9000072502628316,0.9984570385617262
200000.0,215,0.01,0.501716,0.972938,185117,14,31,0.00998255,8.76561e-05,0.9000872880960585,0.9906375163551545
200000.0,388,0.01,0.771076,0.99,200000,27,37,0.01,9.96188e-09,0.9,0.9999001907819889
200000.0,163,0.100852,0.53056,0.99,177099,18,28,0.00996855,0.000356036,0.900157373832616,0.9811310837619115
200000.0,197,0.0430707,0.484734,0.975901,185117,24,30,0.00997812,0.000111554,0.9001094599073566,0.9894380872944338
232098.0,133,0.0283283,0.555658,0.99,191978,14,30,0.00996201,0.00054138,0.9001901307485076,0.9767324259966794
200000.0,162,0.01,0.552681,0.989824,190814,27,14,0.00998569,4.70988e-06,0.9000715756153436,0.9978297742052957
200000.0,325,0.813163,0.596045,0.989596,158167,12,27,0.00996548,0.00051844,0.9001727492114503,0.9772307224532705
200000.0,306,0.99,0.556,0.99,133365,29,27,0.00987951,0.00155916,0.9006042757458853,0.960513799878945
200000.0,184,0.01,0.536094,0.99,200000,15,35,0.00999969,4.55267e-08,0.9000015500120127,0.9997866301333365
200000.0,306,0.921488,0.581797,0.99,158167,20,23,0.00994373,0.000674489,0.9002817469065969,0.9740290739479702
200000.0,152,0.168523,0.584248,0.989923,199177,21,23,0.0099983,2.42109e-06,0.9000085003612808,0.9984440147815612
200000.0,154,0.172924,0.584248,0.99,177857,21,25,0.00997433,0.000330716,0.9001284324745026,0.9818144013021292
200000.0,425,0.811473,0.667596,0.99,158352,27,25,0.00997346,0.000352986,0.9001327881634817,0.981212078348045
200000.0,163,0.01,0.497548,0.972938,200000,12,31,0.00999977,7.55336e-08,0.9000011500066125,0.9997251662320602
200000.0,163,0.01,0.586673,0.99,191978,14,30,0.00998765,2.29759e-05,0.9000617690770945,0.9952066817339134
200000.0,306,0.818329,0.618282,0.989944,158167,20,23,0.00996518,0.000579531,0.9001742518184812,0.9759265498941261
200000.0,149,0.01,0.515318,0.99,191978,14,30,0.00998728,3.33102e-05,0.9000636202376732,0.9942285010612494
200000.0,344,0.807224,0.556,0.99,170150,17,21,0.00997631,0.000356701,0.9001185202352308,0.9811134704087807
200000.0,371,0.792907,0.654083,0.99,148391,33,22,0.00996656,0.000561911,0.9001673400134005,0.9762953380112688
200000.0,184,0.01,0.497548,0.97394,200000,12,32,0.00999978,6.79341e-08,0.90000110000605,0.9997393582919024
200000.0,306,0.921488,0.581797,0.989944,158167,20,23,0.00994373,0.000677415,0.9002817469065969,0.9739728026864205
200000.0,163,0.102623,0.574229,0.99,191978,14,11,0.00998762,2.65069e-05,0.9000619191699181,0.9948515147858812
200550.0,413,0.788053,0.660982,0.99,140554,20,23,0.00996385,0.000590321,0.9001809136487415,0.9757034776150989
200000.0,127,0.172924,0.584248,0.99,195180,19,23,0.00999245,1.11882e-05,0.9000377571280036,0.9966551233206589
200000.0,305,0.819554,0.603926,0.99,170150,17,21,0.0099742,0.000376434,0.9001290833125078,0.9805980928772453
200000.0,171,0.01,0.504692,0.972938,200000,12,31,0.00999975,1.15919e-07,0.9000012500078126,0.9996595312055415
200000.0,231,0.154347,0.534496,0.99,198306,20,22,0.00999939,3.81635e-06,0.9000030500465139,0.9980464519458175
200000.0,148,0.178071,0.627495,0.989824,200000,25,14,0.00999955,3.27363e-06,0.9000022500253131,0.9981906824490986
200000.0,425,0.786358,0.699552,0.99,161070,27,28,0.00997665,0.000301009,0.9001168182324972,0.9826503890533533
200000.0,154,0.172924,0.584248,0.99,186826,21,23,0.00998238,0.000131284,0.9000881388422776,0.9885420769770433
200000.0,197,0.0703433,0.484734,0.972938,185117,24,30,0.00997869,0.000131915,0.9001066068250758,0.988514574452812
200000.0,154,0.172924,0.584248,0.99,186826,21,23,0.00998238,0.000131284,0.9000881388422776,0.9885420769770433
200000.0,163,0.01,0.534808,0.972938,185117,14,30,0.00997668,0.000143421,0.9001166680571778,0.9880241492995279
200000.0,162,0.142683,0.552681,0.989824,200000,27,14,0.00999967,2.19492e-06,0.9000016500136128,0.9985184737599354
200000.0,163,0.01,0.539787,0.972938,200000,10,31,0.00999971,2.72218e-07,0.9000014500105127,0.999478254851484
200000.0,171,0.01,0.526912,0.972938,200000,12,29,0.00999972,1.39457e-07,0.9000014000098001,0.9996265605805489
200000.0,163,0.0869433,0.586011,0.99,154576,15,28,0.00994089,0.00108555,0.9002959880446127,0.9670523141935583
200000.0,421,0.786358,0.699552,0.99,161070,27,32,0.00997662,0.000304014,0.9001169684080423,0.9825640027529252
200000.0,315,0.805999,0.618282,0.989944,158167,20,25,0.00996797,0.000551567,0.9001602784459011,0.9765145364107923
200000.0,74,0.172924,0.549416,0.99,198068,21,14,0.00999661,9.95278e-06,0.9000169514367561,0.9968451973120336
200550.0,322,0.818329,0.8,0.989967,158167,20,34,0.0099719,0.000400801,0.9001405988401693,0.9799799850149906
200000.0,154,0.138454,0.584248,0.964145,130116,21,24,0.00991535,0.00368601,0.9004241495140514,0.9392874806979647
200000.0,308,0.81362,0.60667,0.99,170150,21,21,0.00997536,0.000366944,0.9001232759848422,0.9808442175831944
200000.0,163,0.01,0.533125,0.99,191978,14,30,0.00998729,3.07032e-05,0.9000635702058554,0.9944589531674962
200000.0,432,0.922465,0.556,0.987048,162623,20,32,0.00996962,0.000522469,0.9001520155436276,0.9771424192006241
200000.0,127,0.172924,0.584248,0.99,191125,19,23,0.00998709,6.83867e-05,0.9000645708469714,0.9917303748573469
200000.0,445,0.01,0.604251,0.99,200000,15,19,0.01,9.97921e-09,0.9,0.9999001040040842
200000.0,163,0.172924,0.549416,0.99,200000,21,18,0.00999966,2.92037e-06,0.9000017000144502,0.9982910909913046
200000.0,154,0.172924,0.584248,0.964145,130116,10,23,0.00992175,0.00295444,0.9003920183920987,0.9456452393989266
200000.0,163,0.102623,0.574229,0.99,151590,14,11,0.00993897,0.00128419,0.9003056170087803,0.9641644031722646
200000.0,421,0.786358,0.699552,0.99,161070,27,32,0.00997662,0.000304014,0.9001169684080423,0.9825640027529252
200000.0,163,0.0869433,0.572934,0.99,154576,14,28,0.00993966,0.00110034,0.9003021564927305,0.9668286267996032
200000.0,127,0.0837919,0.584248,0.99,195180,20,23,0.00999209,1.46601e-05,0.9000395578241073,0.9961711489974145
200000.0,154,0.172924,0.584248,0.987299,130116,16,23,0.00992542,0.00323369,0.900373597876868,0.9431344568301683
200000.0,449,0.01,0.446436,0.99,200000,28,37,0.01,9.98611e-09,0.9,0.9999000694741332
200000.0,306,0.818329,0.556,0.99,131969,17,21,0.00994316,0.00144165,0.9002846050000302,0.9620309336432933
200000.0,306,0.818329,0.556,0.99,142698,12,17,0.00995143,0.000971146,0.9002431455989114,0.9688367845048044
200000.0,119,0.100278,0.771076,0.99,163722,19,37,0.00995345,0.000793288,0.9002330214950859,0.9718346311936095
200000.0,163,0.172924,0.598941,0.979595,198068,22,24,0.00999691,2.34582e-05,0.900015451193697,0.9951566334022707
200000.0,163,0.136598,0.555203,0.99,185117,20,28,0.00997946,0.000133005,0.90010275279068,0.9884672206298741
200000.0,154,0.172924,0.584248,0.99,191400,23,25,0.00998756,4.64799e-05,0.9000622193562414,0.9931823831143133
200000.0,149,0.0310514,0.515318,0.99,193090,14,29,0.00998875,3.02843e-05,0.9000562658292177,0.9944968827015954
200000.0,315,0.805999,0.618282,0.989944,152802,20,25,0.00996402,0.00065837,0.9001800621118206,0.9743412782859318
200000.0,306,0.818329,0.620333,0.99,150598,18,29,0.00995892,0.000726941,0.9002056113801984,0.9730381565912121
200000.0,325,0.813163,0.556,0.989596,158167,14,29,0.00996571,0.000592966,0.9001715972280434,0.975649106792563
200000.0,291,0.786358,0.699552,0.99,163063,24,32,0.00997502,0.000432791,0.9001249780976244,0.9791963705089712
200000.0,322,0.793215,0.660982,0.989944,160885,20,23,0.00997277,0.00044466,0.9001362428105171,0.9789130372030489
200000.0,449,0.01,0.771076,0.99,200000,28,37,0.01,9.96165e-09,0.9,0.9999001919341937
200000.0,287,0.909297,0.478237,0.99,158167,16,23,0.0099289,0.000925206,0.9003561341576913,0.9695828009179017
200000.0,424,0.01,0.689389,0.99,200000,34,37,0.01,2.65462e-08,0.9,0.9998370699536611
200000.0,388,0.01,0.771076,0.99,200000,27,37,0.01,9.96188e-09,0.9,0.9999001907819889
200000.0,119,0.100278,0.771076,0.99,200000,20,37,0.0099994,9.94388e-07,0.9000030000450013,0.9990028099479036
200000.0,171,0.01,0.589982,0.974213,200000,12,32,0.00999965,1.03907e-07,0.9000017500153128,0.9996776539126964
200000.0,306,0.905208,0.556,0.989596,133365,29,20,0.00990334,0.00152765,0.9004844735732157,0.960914836574475
200000.0,154,0.172924,0.584248,0.99,199162,21,25,0.00999855,2.38073e-06,0.9000072502628316,0.9984570385617262
200000.0,388,0.01,0.771076,0.99,200000,27,37,0.01,9.96188e-09,0.9,0.9999001907819889
200000.0,162,0.01,0.552681,0.989824,190814,27,14,0.00998569,4.70988e-06,0.9000715756153436,0.9978297742052957
200000.0,184,0.01,0.536094,0.99,200000,15,35,0.00999969,4.55267e-08,0.9000015500120127,0.9997866301333365
200000.0,306,0.921488,0.581797,0.99,158167,20,23,0.00994373,0.000674489,0.9002817469065969,0.9740290739479702
200000.0,152,0.168523,0.584248,0.989923,199177,21,23,0.0099983,2.42109e-06,0.9000085003612808,0.9984440147815612
200000.0,449,0.01,0.771076,0.99,200000,28,37,0.01,9.96165e-09,0.9,0.9999001919341937
200000.0,119,0.100278,0.771076,0.99,200000,20,37,0.0099994,9.94388e-07,0.9000030000450013,0.9990028099479036
200000.0,306,0.99,0.589733,0.989596,156243,29,24,0.00993586,0.000770289,0.9003212158982665,0.9722459192189689
200000.0,306,0.99,0.556,0.99,169220,24,30,0.00994935,0.000507038,0.9002535714925091,0.977482495697791
200000.0,306,0.99,0.556,0.99,133365,28,25,0.00987947,0.00155617,0.9006044769619879,0.9605516793766832
200000.0,163,0.0893487,0.563589,0.99,177099,18,28,0.00996823,0.000312918,0.900158976367427,0.9823105115958658
200000.0,142,0.01,0.549435,0.972938,185117,18,34,0.00997624,5.53673e-05,0.9001188706511585,0.9925590793580364
200000.0,204,0.01,0.497548,0.975951,182064,12,36,0.00997456,0.00015058,0.9001272810022677,0.9877288957302124
200000.0,163,0.01,0.54525,0.927372,154576,15,28,0.00992549,0.00123097,0.9003732465649914,0.9649148179426129
200000.0,184,0.01,0.510564,0.99,173731,15,30,0.00995962,0.000344393,0.9002021042306001,0.9814421714632342
200000.0,149,0.01,0.515318,0.99,182807,16,30,0.00997229,0.000270354,0.9001386461137243,0.9835575549263499
201537.0,306,0.921488,0.581797,0.99,158167,20,20,0.00994325,0.000698329,0.9002841537166735,0.9735740846894568
200000.0,306,0.921488,0.581797,0.99,146348,20,23,0.00992617,0.000974293,0.9003698338855144,0.9687863331215315
200000.0,163,0.01,0.518806,0.972938,185117,14,30,0.00997672,0.00012401,0.9001164678237699,0.9888640222701373
200000.0,306,0.99,0.556,0.989596,133365,29,29,0.00987948,0.00159013,0.9006044266579241,0.9601235658565112
200000.0,163,0.01,0.501716,0.972938,185117,14,30,0.00997662,0.000138837,0.9001169684080423,0.988217088644991
200000.0,425,0.786358,0.667596,0.99,161070,27,25,0.00997634,0.000316023,0.9001183700573524,0.9822229642515969
200000.0,215,0.01,0.501716,0.972938,185117,14,31,0.00998255,8.76561e-05,0.9000872880960585,0.9906375163551545
200000.0,163,0.100852,0.53056,0.99,177099,18,28,0.00996855,0.000356036,0.900157373832616,0.9811310837619115
200000.0,197,0.0430707,0.484734,0.975901,185117,24,30,0.00997812,0.000111554,0.9001094599073566,0.9894380872944338
200000.0,306,0.99,0.556,0.99,133365,29,27,0.00987951,0.00155916,0.9006042757458853,0.960513799878945
200000.0,154,0.172924,0.584248,0.99,177857,21,25,0.00997433,0.000330716,0.9001284324745026,0.9818144013021292
200000.0,425,0.811473,0.667596,0.99,158352,27,25,0.00997346,0.000352986,0.9001327881634817,0.981212078348045
200000.0,163,0.01,0.497548,0.972938,200000,12,31,0.00999977,7.55336e-08,0.9000011500066125,0.9997251662320602
200000.0,163,0.01,0.586673,0.99,191978,14,30,0.00998765,2.29759e-05,0.9000617690770945,0.9952066817339134
200000.0,149,0.01,0.515318,0.99,191978,14,30,0.00998728,3.33102e-05,0.9000636202376732,0.9942285010612494
200000.0,184,0.01,0.497548,0.97394,200000,12,32,0.00999978,6.79341e-08,0.90000110000605,0.9997393582919024
200000.0,306,0.921488,0.581797,0.989944,158167,20,23,0.00994373,0.000677415,0.9002817469065969,0.9739728026864205
200000.0,163,0.102623,0.574229,0.99,191978,14,11,0.00998762,2.65069e-05,0.9000619191699181,0.9948515147858812
200000.0,127,0.172924,0.584248,0.99,195180,19,23,0.00999245,1.11882e-05,0.9000377571280036,0.9966551233206589
200000.0,171,0.01,0.504692,0.972938,200000,12,31,0.00999975,1.15919e-07,0.9000012500078126,0.9996595312055415
200000.0,231,0.154347,0.534496,0.99,198306,20,22,0.00999939,3.81635e-06,0.9000030500465139,0.9980464519458175
200000.0,148,0.178071,0.627495,0.989824,200000,25,14,0.00999955,3.27363e-06,0.9000022500253131,0.9981906824490986
200000.0,162,0.142683,0.552681,0.989824,200000,27,14,0.00999967,2.19492e-06,0.9000016500136128,0.9985184737599354
200000.0,163,0.01,0.539787,0.972938,200000,10,31,0.00999971,2.72218e-07,0.9000014500105127,0.999478254851484
200000.0,171,0.01,0.526912,0.972938,200000,12,29,0.00999972,1.39457e-07,0.9000014000098001,0.9996265605805489
200000.0,163,0.0869433,0.586011,0.99,154576,15,28,0.00994089,0.00108555,0.9002959880446127,0.9670523141935583
200000.0,74,0.172924,0.549416,0.99,198068,21,14,0.00999661,9.95278e-06,0.9000169514367561,0.9968451973120336
200000.0,163,0.01,0.533125,0.99,191978,14,30,0.00998729,3.07032e-05,0.9000635702058554,0.9944589531674962
200000.0,127,0.172924,0.584248,0.99,191125,19,23,0.00998709,6.83867e-05,0.9000645708469714,0.9917303748573469
200000.0,445,0.01,0.604251,0.99,200000,15,19,0.01,9.97921e-09,0.9,0.9999001040040842
200000.0,163,0.172924,0.549416,0.99,200000,21,18,0.00999966,2.92037e-06,0.9000017000144502,0.9982910909913046
200000.0,163,0.102623,0.574229,0.99,151590,14,11,0.00993897,0.00128419,0.9003056170087803,0.9641644031722646
200000.0,163,0.0869433,0.572934,0.99,154576,14,28,0.00993966,0.00110034,0.9003021564927305,0.9668286267996032
200000.0,127,0.0837919,0.584248,0.99,195180,20,23,0.00999209,1.46601e-05,0.9000395578241073,0.9961711489974145
200000.0,488,0.01,0.664724,0.99,200000,28,26,0.01,3.88358e-08,0.9,0.9998029319914344
200000.0,163,0.0869433,0.598813,0.99,154576,15,28,0.00994237,0.0010476,0.9002885663526996,0.9676333504977732
200000.0,455,0.786358,0.699552,0.99,146033,26,32,0.00996829,0.000424211,0.9001586758901906,0.9794036168223642
200345.0,308,0.99,0.60667,0.99,170150,21,21,0.00996147,0.000446486,0.9001928359284765,0.9788697846674483
200000.0,425,0.809729,0.667596,0.99,161070,27,26,0.00997529,0.000325153,0.9001236264174555,0.9819680006654836
200000.0,346,0.922465,0.556,0.987048,162623,20,32,0.00995728,0.000658698,0.9002138286133795,0.974334887492941
200000.0,215,0.01,0.501716,0.972938,185117,14,31,0.00998255,8.76561e-05,0.9000872880960585,0.9906375163551545
200000.0,306,0.99,0.556,0.989992,133365,29,28,0.00987952,0.00155991,0.9006042254419233,0.9605043040319581
200000.0,449,0.01,0.446436,0.99,200000,28,37,0.01,9.98611e-09,0.9,0.9999000694741332
200000.0,306,0.818329,0.556,0.99,131969,17,21,0.00994316,0.00144165,0.9002846050000302,0.9620309336432933
200000.0,306,0.818329,0.556,0.99,142698,12,17,0.00995143,0.000971146,0.9002431455989114,0.9688367845048044
200000.0,306,0.818329,0.620333,0.99,150598,18,29,0.00995892,0.000726941,0.9002056113801984,0.9730381565912121
200000.0,119,0.100278,0.771076,0.99,163722,19,37,0.00995345,0.000793288,0.9002330214950859,0.9718346311936095
232098.0,133,0.0283283,0.555658,0.99,191978,14,30,0.00996201,0.00054138,0.9001901307485076,0.9767324259966794
200550.0,322,0.818329,0.660982,0.989944,158167,20,23,0.0099677,0.000504238,0.9001616306222903,0.9775447556236856
200000.0,163,0.01,0.534808,0.972938,185117,14,30,0.00997668,0.000143421,0.9001166680571778,0.9880241492995279
200550.0,322,0.818329,0.8,0.989967,158167,20,34,0.0099719,0.000400801,0.9001405988401693,0.9799799850149906
200000.0,163,0.172924,0.598941,0.979595,198068,22,24,0.00999691,2.34582e-05,0.900015451193697,0.9951566334022707
200000.0,425,0.786358,0.699552,0.99,161070,27,28,0.00997665,0.000301009,0.9001168182324972,0.9826503890533533
200000.0,149,0.0310514,0.515318,0.99,193090,14,29,0.00998875,3.02843e-05,0.9000562658292177,0.9944968827015954
200000.0,154,0.172924,0.690203,0.99,186826,37,23,0.00998623,9.73101e-05,0.9000688737179451,0.990135411818023
200000.0,325,0.813163,0.596045,0.989596,158167,12,27,0.00996548,0.00051844,0.9001727492114503,0.9772307224532705
200000.0,287,0.909297,0.478237,0.99,158167,16,23,0.0099289,0.000925206,0.9003561341576913,0.9695828009179017
200000.0,162,0.01,0.552681,0.989824,190814,27,14,0.00998569,4.70988e-06,0.9000715756153436,0.9978297742052957
200000.0,306,0.921488,0.581797,0.99,158167,20,23,0.00994373,0.000674489,0.9002817469065969,0.9740290739479702
200000.0,306,0.99,0.589733,0.989596,156243,29,24,0.00993586,0.000770289,0.9003212158982665,0.9722459192189689
200000.0,306,0.99,0.556,0.99,169220,24,30,0.00994935,0.000507038,0.9002535714925091,0.977482495697791
200000.0,306,0.99,0.556,0.99,133365,28,25,0.00987947,0.00155617,0.9006044769619879,0.9605516793766832
200000.0,142,0.01,0.549435,0.972938,185117,18,34,0.00997624,5.53673e-05,0.9001188706511585,0.9925590793580364
200000.0,204,0.01,0.497548,0.975951,182064,12,36,0.00997456,0.00015058,0.9001272810022677,0.9877288957302124
200000.0,184,0.01,0.510564,0.99,173731,15,30,0.00995962,0.000344393,0.9002021042306001,0.9814421714632342
201537.0,306,0.921488,0.581797,0.99,158167,20,20,0.00994325,0.000698329,0.9002841537166735,0.9735740846894568
200000.0,306,0.921488,0.581797,0.99,146348,20,23,0.00992617,0.000974293,0.9003698338855144,0.9687863331215315
200000.0,119,0.01,0.771076,0.99,180378,20,37,0.00996963,0.000197163,0.9001519654675166,0.9859585257184297
200000.0,228,0.952793,0.598813,0.99,154576,15,28,0.0098923,0.00106411,0.9005399577719776,0.9673793010497935
200000.0,266,0.99,0.556,0.971397,133365,29,33,0.00983371,0.00379081,0.9008349355871736,0.9384304458356243
200000.0,306,0.921488,0.581797,0.989899,156812,20,23,0.00994176,0.000710599,0.9002916252263633,0.9733429371460395
200000.0,215,0.01,0.501716,0.972938,194600,14,34,0.00999344,5.35038e-09,0.9000328053809651,0.999926853708228
200000.0,247,0.99,0.589733,0.99,186301,29,22,0.00996548,0.000257961,0.9001727492114503,0.9839388356586454
200000.0,119,0.100278,0.771076,0.99,200000,20,37,0.0099994,9.94388e-07,0.9000030000450013,0.9990028099479036
200000.0,171,0.01,0.589982,0.974213,200000,12,32,0.00999965,1.03907e-07,0.9000017500153128,0.9996776539126964
200000.0,306,0.905208,0.556,0.989596,133365,29,20,0.00990334,0.00152765,0.9004844735732157,0.960914836574475
200000.0,154,0.172924,0.584248,0.99,199162,21,25,0.00999855,2.38073e-06,0.9000072502628316,0.9984570385617262
200000.0,184,0.01,0.536094,0.99,200000,15,35,0.00999969,4.55267e-08,0.9000015500120127,0.9997866301333365
200000.0,152,0.168523,0.584248,0.989923,199177,21,23,0.0099983,2.42109e-06,0.9000085003612808,0.9984440147815612
200000.0,119,0.100278,0.771076,0.99,200000,20,37,0.0099994,9.94388e-07,0.9000030000450013,0.9990028099479036
200000.0,163,0.0893487,0.563589,0.99,177099,18,28,0.00996823,0.000312918,0.900158976367427,0.9823105115958658
200000.0,149,0.01,0.515318,0.99,182807,16,30,0.00997229,0.000270354,0.9001386461137243,0.9835575549263499
200000.0,163,0.01,0.518806,0.972938,185117,14,30,0.00997672,0.00012401,0.9001164678237699,0.9888640222701373
200000.0,306,0.99,0.556,0.989596,133365,29,29,0.00987948,0.00159013,0.9006044266579241,0.9601235658565112
200000.0,163,0.01,0.501716,0.972938,185117,14,30,0.00997662,0.000138837,0.9001169684080423,0.988217088644991
200000.0,215,0.01,0.501716,0.972938,185117,14,31,0.00998255,8.76561e-05,0.9000872880960585,0.9906375163551545
200000.0,197,0.0430707,0.484734,0.975901,185117,24,30,0.00997812,0.000111554,0.9001094599073566,0.9894380872944338
200000.0,306,0.99,0.556,0.99,133365,29,27,0.00987951,0.00155916,0.9006042757458853,0.960513799878945
200000.0,163,0.01,0.586673,0.99,191978,14,30,0.00998765,2.29759e-05,0.9000617690770945,0.9952066817339134
200000.0,149,0.01,0.515318,0.99,191978,14,30,0.00998728,3.33102e-05,0.9000636202376732,0.9942285010612494
200000.0,306,0.921488,0.581797,0.989944,158167,20,23,0.00994373,0.000677415,0.9002817469065969,0.9739728026864205
200000.0,163,0.102623,0.574229,0.99,191978,14,11,0.00998762,2.65069e-05,0.9000619191699181,0.9948515147858812
200000.0,127,0.172924,0.584248,0.99,195180,19,23,0.00999245,1.11882e-05,0.9000377571280036,0.9966551233206589
200000.0,74,0.172924,0.549416,0.99,198068,21,14,0.00999661,9.95278e-06,0.9000169514367561,0.9968451973120336
200000.0,163,0.01,0.533125,0.99,191978,14,30,0.00998729,3.07032e-05,0.9000635702058554,0.9944589531674962
200000.0,127,0.172924,0.584248,0.99,191125,19,23,0.00998709,6.83867e-05,0.9000645708469714,0.9917303748573469
200000.0,127,0.0837919,0.584248,0.99,195180,20,23,0.00999209,1.46601e-05,0.9000395578241073,0.9961711489974145
200345.0,308,0.99,0.60667,0.99,170150,21,21,0.00996147,0.000446486,0.9001928359284765,0.9788697846674483
200000.0,215,0.01,0.501716,0.972938,185117,14,31,0.00998255,8.76561e-05,0.9000872880960585,0.9906375163551545
200000.0,146,0.0893487,0.571383,0.99,186149,18,24,0.00997905,9.75118e-05,0.9001048049203566,0.9901251936727853
200000.0,306,0.905208,0.556,0.989596,133365,29,20,0.00990334,0.00152765,0.9004844735732157,0.960914836574475
200000.0,142,0.01,0.549435,0.972938,200000,18,34,0.00999973,1.87731e-08,0.9000013500091126,0.9998629850373134
200000.0,163,0.0470349,0.53056,0.99,177099,17,28,0.00996559,0.000327921,0.9001721982612059,0.9818914108777078
200000.0,163,0.0464939,0.586673,0.99,200000,14,36,0.00999964,2.15784e-07,0.9000018000162002,0.9995354744355797
200000.0,184,0.01,0.419547,0.99,200000,15,35,0.00999983,9.99318e-09,0.9000008500036125,0.9999000341058161
200000.0,163,0.0860582,0.625195,0.986155,162025,10,10,0.00995355,0.000561939,0.9002325203285159,0.9762947474175026
200000.0,298,0.922465,0.556,0.987048,162623,20,32,0.00994226,0.000775715,0.9002891179459334,0.9721483393672837
200000.0,388,0.01,0.771076,0.99,200000,27,42,0.01,9.93957e-09,0.9,0.9999003026078576
200000.0,306,0.905208,0.619499,0.989926,136199,29,20,0.009924,0.00119292,0.9003807247567018,0.9654613260242956
200000.0,154,0.172924,0.584248,0.99,199162,21,25,0.00999855,2.38073e-06,0.9000072502628316,0.9984570385617262
200000.0,119,0.100278,0.8,0.99,200000,20,31,0.00999935,1.85273e-06,0.9000032500528142,0.9986388497511296
200000.0,163,0.0143589,0.639805,0.99,154576,15,34,0.0099395,0.000874786,0.9003029589205377,0.9704232185659089
200000.0,119,0.0622891,0.771076,0.99,200000,20,37,0.0099994,3.80553e-07,0.9000030000450013,0.9993831102205418
200000.0,306,0.99,0.556,0.989992,133365,29,28,0.00987952,0.00155991,0.9006042254419233,0.9605043040319581
200000.0,449,0.01,0.771076,0.99,200000,28,37,0.01,9.96165e-09,0.9,0.9999001919341937
200000.0,449,0.01,0.771076,0.99,200000,28,37,0.01,9.96165e-09,0.9,0.9999001919341937
200000.0,163,0.01,0.54525,0.927372,154576,15,28,0.00992549,0.00123097,0.9003732465649914,0.9649148179426129
200000.0,119,0.100278,0.771076,0.99,163722,19,37,0.00995345,0.000793288,0.9002330214950859,0.9718346311936095
200000.0,306,0.818329,0.556,0.99,142698,12,17,0.00995143,0.000971146,0.9002431455989114,0.9688367845048044
200000.0,341,0.99,0.589733,0.989596,159986,29,25,0.00995519,0.000601622,0.90022430155594,0.9754720159817404
200000.0,163,0.0869433,0.572934,0.99,154576,14,28,0.00993966,0.00110034,0.9003021564927305,0.9668286267996032
200000.0,163,0.01,0.534808,0.972938,185117,14,30,0.00997668,0.000143421,0.9001166680571778,0.9880241492995279
200000.0,163,0.0869433,0.598813,0.99,154576,15,28,0.00994237,0.0010476,0.9002885663526996,0.9676333504977732
232098.0,133,0.0283283,0.555658,0.99,191978,14,30,0.00996201,0.00054138,0.9001901307485076,0.9767324259966794
200000.0,425,0.786358,0.699552,0.99,161070,27,28,0.00997665,0.000301009,0.9001168182324972,0.9826503890533533
200000.0,171,0.0951794,0.589982,0.974213,186332,12,27,0.00998178,9.92171e-05,0.900091141533896,0.9900392219179424
200000.0,455,0.786358,0.699552,0.99,146033,26,32,0.00996829,0.000424211,0.9001586758901906,0.9794036168223642
200000.0,163,0.100852,0.53056,0.99,177099,18,28,0.00996855,0.000356036,0.900157373832616,0.9811310837619115
200000.0,154,0.172924,0.690203,0.99,186826,37,23,0.00998623,9.73101e-05,0.9000688737179451,0.990135411818023
200261.0,312,0.869732,0.747319,0.989944,157549,20,23,0.00996607,0.000477635,0.9001697941502673,0.9781451378407459
200000.0,149,0.01,0.473649,0.99,176601,16,29,0.0099636,0.000482673,0.9001821659221159,0.9780301797913592
200000.0,127,0.172924,0.656613,0.988506,195180,19,23,0.00999234,2.55954e-05,0.9000383073372604,0.9949408103415666
200000.0,425,0.811473,0.667596,0.99,158352,27,25,0.00997346,0.000352986,0.9001327881634817,0.981212078348045
200000.0,150,0.01,0.529711,0.99,192325,14,29,0.00998765,4.9153e-05,0.9000617690770945,0.9929890799462553
200000.0,163,0.0869433,0.586011,0.99,154576,15,28,0.00994089,0.00108555,0.9002959880446127,0.9670523141935583
200000.0,149,0.0310514,0.515318,0.99,193090,14,29,0.00998875,3.02843e-05,0.9000562658292177,0.9944968827015954
200000.0,162,0.01,0.552681,0.989824,190814,27,14,0.00998569,4.70988e-06,0.9000715756153436,0.9978297742052957
200000.0,306,0.921488,0.581797,0.99,158167,20,23,0.00994373,0.000674489,0.9002817469065969,0.9740290739479702
200000.0,306,0.99,0.556,0.99,169220,24,30,0.00994935,0.000507038,0.9002535714925091,0.977482495697791
200000.0,142,0.01,0.549435,0.972938,185117,18,34,0.00997624,5.53673e-05,0.9001188706511585,0.9925590793580364
200000.0,204,0.01,0.497548,0.975951,182064,12,36,0.00997456,0.00015058,0.9001272810022677,0.9877288957302124
200000.0,184,0.01,0.510564,0.99,173731,15,30,0.00995962,0.000344393,0.9002021042306001,0.9814421714632342
200000.0,119,0.01,0.771076,0.99,180378,20,37,0.00996963,0.000197163,0.9001519654675166,0.9859585257184297
200000.0,266,0.99,0.556,0.971397,133365,29,33,0.00983371,0.00379081,0.9008349355871736,0.9384304458356243
200000.0,215,0.01,0.501716,0.972938,194600,14,34,0.00999344,5.35038e-09,0.9000328053809651,0.999926853708228
200000.0,247,0.99,0.589733,0.99,186301,29,22,0.00996548,0.000257961,0.9001727492114503,0.9839388356586454
200000.0,306,0.99,0.556,0.989596,132412,29,30,0.00987748,0.00162891,0.9006144879773716,0.9596402428153984
200000.0,287,0.99,0.478237,0.99,159666,16,23,0.00988328,0.000913263,0.900585312956284,0.9697797584390859
203638.0,133,0.0283283,0.555658,0.99,191978,14,21,0.00998249,4.52518e-05,0.9000875883586028,0.9932730541848473
200238.0,308,0.99,0.417876,0.99,169690,19,21,0.00989846,0.000691532,0.9005089953814919,0.9737030039738376
200000.0,306,0.99,0.505337,0.99,133365,24,25,0.00984828,0.00178344,0.9007614994067322,0.9577692055485574
200000.0,215,0.01,0.501716,0.972938,194600,14,34,0.00999344,5.35038e-09,0.9000328053809651,0.999926853708228
200000.0,263,0.99,0.60542,0.99,141694,28,25,0.00987829,0.00136869,0.9006104130202766,0.9630041894263688
200000.0,306,0.99,0.556,0.99,133365,28,25,0.00987947,0.00155617,0.9006044769619879,0.9605516793766832
201537.0,306,0.921488,0.581797,0.99,158167,20,20,0.00994325,0.000698329,0.9002841537166735,0.9735740846894568
200000.0,228,0.952793,0.598813,0.99,154576,15,28,0.0098923,0.00106411,0.9005399577719776,0.9673793010497935
200000.0,306,0.921488,0.581797,0.989899,156812,20,23,0.00994176,0.000710599,0.9002916252263633,0.9733429371460395
200000.0,171,0.01,0.589982,0.974213,200000,12,32,0.00999965,1.03907e-07,0.9000017500153128,0.9996776539126964
200000.0,163,0.0893487,0.563589,0.99,177099,18,28,0.00996823,0.000312918,0.900158976367427,0.9823105115958658
200000.0,149,0.01,0.515318,0.99,182807,16,30,0.00997229,0.000270354,0.9001386461137243,0.9835575549263499
200000.0,163,0.01,0.518806,0.972938,185117,14,30,0.00997672,0.00012401,0.9001164678237699,0.9888640222701373
200000.0,163,0.01,0.501716,0.972938,185117,14,30,0.00997662,0.000138837,0.9001169684080423,0.988217088644991
200000.0,197,0.0430707,0.484734,0.975901,185117,24,30,0.00997812,0.000111554,0.9001094599073566,0.9894380872944338
200000.0,306,0.921488,0.581797,0.989944,158167,20,23,0.00994373,0.000677415,0.9002817469065969,0.9739728026864205
200000.0,127,0.172924,0.584248,0.99,195180,19,23,0.00999245,1.11882e-05,0.9000377571280036,0.9966551233206589
200000.0,127,0.0837919,0.584248,0.99,195180,20,23,0.00999209,1.46601e-05,0.9000395578241073,0.9961711489974145
200000.0,146,0.0893487,0.571383,0.99,186149,18,24,0.00997905,9.75118e-05,0.9001048049203566,0.9901251936727853
200000.0,163,0.0470349,0.53056,0.99,177099,17,28,0.00996559,0.000327921,0.9001721982612059,0.9818914108777078
200000.0,184,0.01,0.419547,0.99,200000,15,35,0.00999983,9.99318e-09,0.9000008500036125,0.9999000341058161
200000.0,163,0.0860582,0.625195,0.986155,162025,10,10,0.00995355,0.000561939,0.9002325203285159,0.9762947474175026
200000.0,388,0.01,0.771076,0.99,200000,27,42,0.01,9.93957e-09,0.9,0.9999003026078576
200000.0,197,0.01,0.552681,0.981389,194595,27,14,0.00999382,1.26314e-07,0.9000309047755257,0.9996445931908362
200000.0,215,0.01,0.501716,0.99,185117,14,31,0.00998295,7.95329e-05,0.9000852863688236,0.9910818780003859
200000.0,287,0.909297,0.56762,0.99,158167,16,23,0.0099355,0.000730587,0.9003230217151422,0.9729706270882952
200000.0,163,0.0470349,0.53056,0.99,177099,17,28,0.00996559,0.000327921,0.9001721982612059,0.9818914108777078
200000.0,119,0.0767283,0.718621,0.99,191955,10,37,0.00998698,1.92719e-05,0.900065121203856,0.9956100227791024
200000.0,163,0.03355,0.586673,0.99,200000,14,30,0.00999964,1.12468e-07,0.9000018000162002,0.9996646375095513
200000.0,162,0.0130832,0.556838,0.99,200000,20,18,0.00999968,1.70976e-08,0.9000016000128002,0.9998692422086451
200000.0,204,0.01,0.497548,0.975951,186181,10,36,0.00998046,7.98718e-05,0.9000977477731358,0.9910628975612897
200000.0,184,0.100247,0.510564,0.99,173731,14,30,0.00996511,0.000370688,0.9001746024300429,0.9807467405356911
200000.0,342,0.99,0.589733,0.989596,158313,22,25,0.0099533,0.00063145,0.9002337732496613,0.9748713311136463
200000.0,271,0.952793,0.549393,0.99,146247,15,28,0.0098841,0.00122315,0.9005811889027031,0.9650264385571043
200000.0,163,0.0860582,0.625195,0.986155,162025,10,10,0.00995355,0.000561939,0.9002325203285159,0.9762947474175026
200000.0,163,0.0457615,0.563589,0.99,172828,18,28,0.00995991,0.000373198,0.9002006513047305,0.9806816667385615
200000.0,194,0.99,0.5865,0.99,169220,24,30,0.00990473,0.000832346,0.9004774899834214,0.9711495927238453
200000.0,266,0.978579,0.606975,0.971397,133365,27,33,0.00986493,0.00342713,0.9006776460206465,0.9414583054567089
200000.0,449,0.01,0.771076,0.99,200000,28,37,0.01,9.96165e-09,0.9,0.9999001919341937
200000.0,449,0.01,0.771076,0.99,200000,28,37,0.01,9.96165e-09,0.9,0.9999001919341937
200000.0,306,0.99,0.556,0.989596,133365,29,29,0.00987948,0.00159013,0.9006044266579241,0.9601235658565112
200107.0,306,0.99,0.571695,0.99,133825,26,27,0.0098885,0.00147983,0.9005590627558248,0.9615314414098994
200000.0,341,0.99,0.589733,0.989596,159986,29,25,0.00995519,0.000601622,0.90022430155594,0.9754720159817404
200000.0,306,0.921488,0.581797,0.99,136378,20,24,0.00991068,0.00128573,0.9004476017365729,0.9641429225953927
200000.0,306,0.99,0.589733,0.989596,156243,29,24,0.00993586,0.000770289,0.9003212158982665,0.9722459192189689
200000.0,306,0.921488,0.571449,0.99,146348,20,23,0.00992351,0.000999439,0.9003831841504658,0.968386094831546
200000.0,361,0.99,0.556,0.99,133365,29,29,0.00991942,0.00123616,0.9004037149287183,0.9648409328906469
201537.0,245,0.921488,0.626399,0.99,158167,22,20,0.00992536,0.000851023,0.9003738990023197,0.9708277014961111
200345.0,308,0.99,0.60667,0.99,170150,21,21,0.00996147,0.000446486,0.9001928359284765,0.9788697846674483
200000.0,306,0.99,0.556,0.99,133365,28,28,0.00987951,0.00155875,0.9006042757458853,0.9605189919075007
200000.0,425,0.786358,0.699552,0.99,161070,27,28,0.00997665,0.000301009,0.9001168182324972,0.9826503890533533
200000.0,163,0.01,0.534808,0.972938,185117,14,30,0.00997668,0.000143421,0.9001166680571778,0.9880241492995279
200000.0,455,0.786358,0.699552,0.99,146033,26,32,0.00996829,0.000424211,0.9001586758901906,0.9794036168223642
200000.0,163,0.100852,0.53056,0.99,177099,18,28,0.00996855,0.000356036,0.900157373832616,0.9811310837619115
200000.0,149,0.01,0.515318,0.905813,182807,16,30,0.00997334,0.000313348,0.9001333889630774,0.9822983616577448
200000.0,127,0.172924,0.584248,0.99,191125,19,23,0.00998709,6.83867e-05,0.9000645708469714,0.9917303748573469
200000.0,184,0.01,0.419547,0.99,187452,16,34,0.00998021,0.000135134,0.900098999004014,0.9883752849497289
200000.0,215,0.0518386,0.501716,0.972938,196382,14,31,0.00999545,3.37517e-06,0.9000227525884014,0.9981628364253556
200000.0,149,0.01,0.515318,0.99,194448,14,30,0.00999109,2.21827e-05,0.9000445599279359,0.9952901486223024
200000.0,171,0.0951794,0.589982,0.974213,186332,12,27,0.00998178,9.92171e-05,0.900091141533896,0.9900392219179424
200000.0,215,0.01,0.501716,0.972938,185117,14,31,0.00998255,8.76561e-05,0.9000872880960585,0.9906375163551545
200000.0,163,0.01,0.649294,0.970229,191978,16,30,0.00999006,2.23598e-05,0.900049712356592,0.9952713849807793
200000.0,149,0.01,0.515318,0.99,191978,14,30,0.00998728,3.33102e-05,0.9000636202376732,0.9942285010612494
200000.0,163,0.01,0.599826,0.99,198677,14,30,0.00999777,2.52639e-06,0.9000111506216818,0.9984105378268106
200000.0,163,0.01,0.586673,0.99,191978,14,30,0.00998765,2.29759e-05,0.9000617690770945,0.9952066817339134
200000.0,215,0.01,0.501716,0.972938,185117,14,31,0.00998255,8.76561e-05,0.9000872880960585,0.9906375163551545
200000.0,163,0.102623,0.574229,0.99,191978,14,11,0.00998762,2.65069e-05,0.9000619191699181,0.9948515147858812
200000.0,119,0.100278,0.8,0.99,200000,20,31,0.00999935,1.85273e-06,0.9000032500528142,0.9986388497511296
200000.0,162,0.01,0.552681,0.989824,190814,27,14,0.00998569,4.70988e-06,0.9000715756153436,0.9978297742052957
200000.0,306,0.921488,0.581797,0.99,158167,20,23,0.00994373,0.000674489,0.9002817469065969,0.9740290739479702
200000.0,142,0.01,0.549435,0.972938,185117,18,34,0.00997624,5.53673e-05,0.9001188706511585,0.9925590793580364
200000.0,204,0.01,0.497548,0.975951,182064,12,36,0.00997456,0.00015058,0.9001272810022677,0.9877288957302124
200000.0,119,0.01,0.771076,0.99,180378,20,37,0.00996963,0.000197163,0.9001519654675166,0.9859585257184297
200000.0,215,0.01,0.501716,0.972938,194600,14,34,0.00999344,5.35038e-09,0.9000328053809651,0.999926853708228
200000.0,247,0.99,0.589733,0.99,186301,29,22,0.00996548,0.000257961,0.9001727492114503,0.9839388356586454
200000.0,287,0.99,0.478237,0.99,159666,16,23,0.00988328,0.000913263,0.900585312956284,0.9697797584390859
203638.0,133,0.0283283,0.555658,0.99,191978,14,21,0.00998249,4.52518e-05,0.9000875883586028,0.9932730541848473
200238.0,308,0.99,0.417876,0.99,169690,19,21,0.00989846,0.000691532,0.9005089953814919,0.9737030039738376
200000.0,215,0.01,0.501716,0.972938,194600,14,34,0.00999344,5.35038e-09,0.9000328053809651,0.999926853708228
200000.0,159,0.0181751,0.520427,0.972938,194600,14,34,0.00999134,4.24938e-06,0.9000433093785113,0.9979385975647632
200000.0,338,0.99,0.561486,0.989675,158313,15,25,0.009946,0.000646056,0.9002703654874841,0.9745823683243304
200000.0,247,0.946281,0.587087,0.989976,186301,21,24,0.00996958,0.000251183,0.9001522158483224,0.9841512461057659
200000.0,162,0.01,0.552681,0.989824,190814,27,14,0.00998569,4.70988e-06,0.9000715756153436,0.9978297742052957
200000.0,306,0.99,0.504056,0.99,133365,18,23,0.00984676,0.00174825,0.900769158020301,0.9581879204057009
200000.0,287,0.99,0.478237,0.99,182644,16,23,0.00994772,0.000334306,0.9002617425458014,0.9817159632465913
200000.0,257,0.99,0.555213,0.9771,132393,28,21,0.00982055,0.00334783,0.9009013118149387,0.9421395644675915
200000.0,139,0.01,0.59436,0.975951,182064,12,36,0.00997168,0.000196891,0.9001417003950097,0.9859682146538653
200000.0,251,0.99,0.589733,0.99,145612,29,24,0.00986695,0.00135639,0.9006674776319458,0.9631707996285556
200000.0,150,0.0392411,0.60081,0.99,164856,11,30,0.00994604,0.00059748,0.9002701649454888,0.9755565959817377
221214.0,287,0.99,0.457901,0.99,161529,16,23,0.00985737,0.00138762,0.9007157112126999,0.9627492281959151
200000.0,306,0.99,0.556,0.99,169220,24,30,0.00994935,0.000507038,0.9002535714925091,0.977482495697791
200000.0,184,0.01,0.510564,0.99,173731,15,30,0.00995962,0.000344393,0.9002021042306001,0.9814421714632342
200000.0,266,0.99,0.556,0.971397,133365,29,33,0.00983371,0.00379081,0.9008349355871736,0.9384304458356243
200000.0,306,0.99,0.556,0.989596,132412,29,30,0.00987748,0.00162891,0.9006144879773716,0.9596402428153984
200000.0,306,0.99,0.505337,0.99,133365,24,25,0.00984828,0.00178344,0.9007614994067322,0.9577692055485574
200000.0,263,0.99,0.60542,0.99,141694,28,25,0.00987829,0.00136869,0.9006104130202766,0.9630041894263688
201537.0,306,0.921488,0.581797,0.99,158167,20,20,0.00994325,0.000698329,0.9002841537166735,0.9735740846894568
200000.0,228,0.952793,0.598813,0.99,154576,15,28,0.0098923,0.00106411,0.9005399577719776,0.9673793010497935
200000.0,306,0.921488,0.581797,0.989899,156812,20,23,0.00994176,0.000710599,0.9002916252263633,0.9733429371460395
200000.0,171,0.01,0.589982,0.974213,200000,12,32,0.00999965,1.03907e-07,0.9000017500153128,0.9996776539126964
200000.0,163,0.0893487,0.563589,0.99,177099,18,28,0.00996823,0.000312918,0.900158976367427,0.9823105115958658
200000.0,149,0.01,0.515318,0.99,182807,16,30,0.00997229,0.000270354,0.9001386461137243,0.9835575549263499
200000.0,163,0.01,0.518806,0.972938,185117,14,30,0.00997672,0.00012401,0.9001164678237699,0.9888640222701373
200000.0,163,0.01,0.501716,0.972938,185117,14,30,0.00997662,0.000138837,0.9001169684080423,0.988217088644991
200000.0,197,0.0430707,0.484734,0.975901,185117,24,30,0.00997812,0.000111554,0.9001094599073566,0.9894380872944338
200000.0,306,0.921488,0.581797,0.989944,158167,20,23,0.00994373,0.000677415,0.9002817469065969,0.9739728026864205
200000.0,127,0.0837919,0.584248,0.99,195180,20,23,0.00999209,1.46601e-05,0.9000395578241073,0.9961711489974145
200000.0,146,0.0893487,0.571383,0.99,186149,18,24,0.00997905,9.75118e-05,0.9001048049203566,0.9901251936727853
200000.0,163,0.0470349,0.53056,0.99,177099,17,28,0.00996559,0.000327921,0.9001721982612059,0.9818914108777078
200000.0,184,0.01,0.419547,0.99,200000,15,35,0.00999983,9.99318e-09,0.9000008500036125,0.9999000341058161
200000.0,388,0.01,0.771076,0.99,200000,27,42,0.01,9.93957e-09,0.9,0.9999003026078576
200000.0,197,0.01,0.552681,0.981389,194595,27,14,0.00999382,1.26314e-07,0.9000309047755257,0.9996445931908362
200000.0,215,0.01,0.501716,0.99,185117,14,31,0.00998295,7.95329e-05,0.9000852863688236,0.9910818780003859
200000.0,287,0.909297,0.56762,0.99,158167,16,23,0.0099355,0.000730587,0.9003230217151422,0.9729706270882952
200000.0,163,0.0470349,0.53056,0.99,177099,17,28,0.00996559,0.000327921,0.9001721982612059,0.9818914108777078
200000.0,119,0.0767283,0.718621,0.99,191955,10,37,0.00998698,1.92719e-05,0.900065121203856,0.9956100227791024
200000.0,163,0.03355,0.586673,0.99,200000,14,30,0.00999964,1.12468e-07,0.9000018000162002,0.9996646375095513
200000.0,162,0.0130832,0.556838,0.99,200000,20,18,0.00999968,1.70976e-08,0.9000016000128002,0.9998692422086451
200000.0,204,0.01,0.497548,0.975951,186181,10,36,0.00998046,7.98718e-05,0.9000977477731358,0.9910628975612897
200000.0,271,0.952793,0.549393,0.99,146247,15,28,0.0098841,0.00122315,0.9005811889027031,0.9650264385571043
200238.0,272,0.99,0.417876,0.99,169690,19,21,0.00989986,0.000807858,0.900501959818296,0.9715771570739309
200000.0,127,0.0837919,0.584248,0.99,195180,20,23,0.00999209,1.46601e-05,0.9000395578241073,0.9961711489974145
200000.0,306,0.921488,0.581797,0.989944,158167,20,23,0.00994373,0.000677415,0.9002817469065969,0.9739728026864205
200000.0,127,0.172924,0.584248,0.99,195180,25,23,0.00999237,1.07857e-05,0.90003815727989,0.9967158410513497
200000.0,204,0.01,0.497548,0.975951,186181,10,36,0.00998046,7.98718e-05,0.9000977477731358,0.9910628975612897
200000.0,287,0.99,0.5474,0.99,158167,14,23,0.00991156,0.00078538,0.9004431820516545,0.9719753679774381
200000.0,306,0.99,0.505337,0.99,133293,24,21,0.009848,0.00178742,0.9007629101595578,0.9577221097972002
200000.0,148,0.0767283,0.746819,0.99,191955,10,37,0.00999136,1.80799e-05,0.9000432093352333,0.9957479534339333
200000.0,162,0.01,0.522704,0.989818,190814,27,14,0.00998553,6.8396e-05,0.9000723761915655,0.9917298125776981
200000.0,162,0.01,0.552681,0.989824,190814,23,14,0.00998622,2.50858e-05,0.9000689237524182,0.9949914273490345
200000.0,163,0.01,0.518806,0.972938,185117,14,30,0.00997672,0.00012401,0.9001164678237699,0.9888640222701373
200000.0,163,0.01,0.501716,0.972938,185117,14,30,0.00997662,0.000138837,0.9001169684080423,0.988217088644991
200000.0,153,0.0893487,0.551998,0.99,182602,18,28,0.0099747,0.000172817,0.9001265801126246,0.9868540120188706
200000.0,449,0.01,0.771076,0.99,200000,28,37,0.01,9.96165e-09,0.9,0.9999001919341937
200000.0,306,0.99,0.486707,0.946607,133365,25,25,0.00983373,0.00723057,0.9008348347452595,0.9149672416065432
200000.0,449,0.01,0.771076,0.99,200000,28,37,0.01,9.96165e-09,0.9,0.9999001919341937
200000.0,266,0.978579,0.606975,0.971397,133365,27,33,0.00986493,0.00342713,0.9006776460206465,0.9414583054567089
200000.0,306,0.99,0.556,0.99,133365,26,26,0.00987945,0.0015539,0.9006045775701919,0.9605804616972751
200000.0,194,0.99,0.5865,0.99,169220,24,30,0.00990473,0.000832346,0.9004774899834214,0.9711495927238453
200107.0,306,0.99,0.571695,0.99,133825,26,27,0.0098885,0.00147983,0.9005590627558248,0.9615314414098994
200000.0,306,0.921488,0.554542,0.989899,156812,20,23,0.00993578,0.000755256,0.9003216171880783,0.9725180786697873
200000.0,306,0.921488,0.584442,0.989968,158167,28,29,0.00994443,0.000680358,0.9002782370793616,0.9739163269457694
200000.0,163,0.0457615,0.563589,0.99,172828,18,28,0.00995991,0.000373198,0.9002006513047305,0.9806816667385615
200000.0,342,0.99,0.589733,0.989596,158313,22,25,0.0099533,0.00063145,0.9002337732496613,0.9748713311136463
200000.0,306,0.921488,0.581797,0.99,154897,21,23,0.009939,0.000752835,0.900305466549063,0.9725621611638234
200000.0,163,0.100852,0.53056,0.99,177099,18,28,0.00996855,0.000356036,0.900157373832616,0.9811310837619115
200000.0,149,0.01,0.515318,0.905813,182807,16,30,0.00997334,0.000313348,0.9001333889630774,0.9822983616577448
200000.0,176,0.99,0.589733,0.99,186301,29,22,0.00996452,0.000365497,0.9001775576335662,0.980882024165723
200000.0,162,0.01,0.552681,0.989824,190814,27,14,0.00998569,4.70988e-06,0.9000715756153436,0.9978297742052957
200000.0,142,0.01,0.549435,0.972938,185117,18,34,0.00997624,5.53673e-05,0.9001188706511585,0.9925590793580364
200000.0,204,0.01,0.497548,0.975951,182064,12,36,0.00997456,0.00015058,0.9001272810022677,0.9877288957302124
200000.0,119,0.01,0.771076,0.99,180378,20,37,0.00996963,0.000197163,0.9001519654675166,0.9859585257184297
200000.0,215,0.01,0.501716,0.972938,194600,14,34,0.00999344,5.35038e-09,0.9000328053809651,0.999926853708228
200000.0,247,0.99,0.589733,0.99,186301,29,22,0.00996548,0.000257961,0.9001727492114503,0.9839388356586454
200000.0,287,0.99,0.478237,0.99,159666,16,23,0.00988328,0.000913263,0.900585312956284,0.9697797584390859
203638.0,133,0.0283283,0.555658,0.99,191978,14,21,0.00998249,4.52518e-05,0.9000875883586028,0.9932730541848473
200238.0,308,0.99,0.417876,0.99,169690,19,21,0.00989846,0.000691532,0.9005089953814919,0.9737030039738376
200000.0,215,0.01,0.501716,0.972938,194600,14,34,0.00999344,5.35038e-09,0.9000328053809651,0.999926853708228
200000.0,159,0.0181751,0.520427,0.972938,194600,14,34,0.00999134,4.24938e-06,0.9000433093785113,0.9979385975647632
200000.0,247,0.946281,0.587087,0.989976,186301,21,24,0.00996958,0.000251183,0.9001522158483224,0.9841512461057659
200000.0,162,0.01,0.552681,0.989824,190814,27,14,0.00998569,4.70988e-06,0.9000715756153436,0.9978297742052957
200000.0,287,0.99,0.478237,0.99,182644,16,23,0.00994772,0.000334306,0.9002617425458014,0.9817159632465913
200000.0,139,0.01,0.59436,0.975951,182064,12,36,0.00997168,0.000196891,0.9001417003950097,0.9859682146538653
200000.0,251,0.99,0.589733,0.99,145612,29,24,0.00986695,0.00135639,0.9006674776319458,0.9631707996285556
221214.0,287,0.99,0.457901,0.99,161529,16,23,0.00985737,0.00138762,0.9007157112126999,0.9627492281959151
200000.0,251,0.99,0.589733,0.99,145612,29,24,0.00986695,0.00135639,0.9006674776319458,0.9631707996285556
200000.0,287,0.99,0.478237,0.988574,155461,14,23,0.00987148,0.00111617,0.9006446780489339,0.9665908695114643
200000.0,287,0.99,0.519852,0.99,182644,16,23,0.00995884,0.000305832,0.9002060122051434,0.9825119469351217
200000.0,288,0.99,0.452931,0.99,159666,18,23,0.00987302,0.000996568,0.9006369283888627,0.9684315347221313
200000.0,306,0.99,0.521907,0.99,169220,28,26,0.00993941,0.0005437,0.9003034102890174,0.9766826245044602
221214.0,287,0.99,0.457901,0.99,154992,17,30,0.00984366,0.00166606,0.9007847793934822,0.959182601748764
200000.0,287,0.99,0.478237,0.99,133121,16,24,0.00980889,0.00205233,0.9009601595316309,0.9546973510708259
200000.0,306,0.99,0.505337,0.99,112408,21,20,0.00979142,0.00294047,0.9010483956673769,0.9457738992735049
200000.0,272,0.99,0.417876,0.99,152999,19,21,0.00985621,0.00155821,0.9007215531950665,0.9605258312310443
200000.0,305,0.99,0.478237,0.99,182644,16,23,0.00995575,0.00031527,0.9002214953008415,0.9822441558916508
200000.0,306,0.921488,0.581797,0.99,158167,20,23,0.00994373,0.000674489,0.9002817469065969,0.9740290739479702
200000.0,338,0.99,0.561486,0.989675,158313,15,25,0.009946,0.000646056,0.9002703654874841,0.9745823683243304
200000.0,306,0.99,0.504056,0.99,133365,18,23,0.00984676,0.00174825,0.900769158020301,0.9581879204057009
200000.0,257,0.99,0.555213,0.9771,132393,28,21,0.00982055,0.00334783,0.9009013118149387,0.9421395644675915
200000.0,150,0.0392411,0.60081,0.99,164856,11,30,0.00994604,0.00059748,0.9002701649454888,0.9755565959817377
200000.0,306,0.99,0.556,0.99,169220,24,30,0.00994935,0.000507038,0.9002535714925091,0.977482495697791
200000.0,184,0.01,0.510564,0.99,173731,15,30,0.00995962,0.000344393,0.9002021042306001,0.9814421714632342
200000.0,306,0.99,0.556,0.989596,132412,29,30,0.00987748,0.00162891,0.9006144879773716,0.9596402428153984
201537.0,306,0.921488,0.581797,0.99,158167,20,20,0.00994325,0.000698329,0.9002841537166735,0.9735740846894568
200000.0,306,0.921488,0.581797,0.989899,156812,20,23,0.00994176,0.000710599,0.9002916252263633,0.9733429371460395
200000.0,171,0.01,0.589982,0.974213,200000,12,32,0.00999965,1.03907e-07,0.9000017500153128,0.9996776539126964
200000.0,149,0.01,0.515318,0.99,182807,16,30,0.00997229,0.000270354,0.9001386461137243,0.9835575549263499
200000.0,163,0.01,0.501716,0.972938,185117,14,30,0.00997662,0.000138837,0.9001169684080423,0.988217088644991
200000.0,127,0.0837919,0.584248,0.99,195180,20,23,0.00999209,1.46601e-05,0.9000395578241073,0.9961711489974145
200000.0,163,0.0470349,0.53056,0.99,177099,17,28,0.00996559,0.000327921,0.9001721982612059,0.9818914108777078
200000.0,184,0.01,0.419547,0.99,200000,15,35,0.00999983,9.99318e-09,0.9000008500036125,0.9999000341058161
200000.0,388,0.01,0.771076,0.99,200000,27,42,0.01,9.93957e-09,0.9,0.9999003026078576
200000.0,197,0.01,0.552681,0.981389,194595,27,14,0.00999382,1.26314e-07,0.9000309047755257,0.9996445931908362
200000.0,163,0.0470349,0.53056,0.99,177099,17,28,0.00996559,0.000327921,0.9001721982612059,0.9818914108777078
200000.0,119,0.0767283,0.718621,0.99,191955,10,37,0.00998698,1.92719e-05,0.900065121203856,0.9956100227791024
200000.0,163,0.03355,0.586673,0.99,200000,14,30,0.00999964,1.12468e-07,0.9000018000162002,0.9996646375095513
200000.0,162,0.0130832,0.556838,0.99,200000,20,18,0.00999968,1.70976e-08,0.9000016000128002,0.9998692422086451
200000.0,204,0.01,0.497548,0.975951,186181,10,36,0.00998046,7.98718e-05,0.9000977477731358,0.9910628975612897
200238.0,272,0.99,0.417876,0.99,169690,19,21,0.00989986,0.000807858,0.900501959818296,0.9715771570739309
200000.0,127,0.0837919,0.584248,0.99,195180,20,23,0.00999209,1.46601e-05,0.9000395578241073,0.9961711489974145
200000.0,127,0.172924,0.584248,0.99,195180,25,23,0.00999237,1.07857e-05,0.90003815727989,0.9967158410513497
200000.0,204,0.01,0.497548,0.975951,186181,10,36,0.00998046,7.98718e-05,0.9000977477731358,0.9910628975612897
200000.0,287,0.99,0.5474,0.99,158167,14,23,0.00991156,0.00078538,0.9004431820516545,0.9719753679774381
200000.0,148,0.0767283,0.746819,0.99,191955,10,37,0.00999136,1.80799e-05,0.9000432093352333,0.9957479534339333
200000.0,162,0.01,0.552681,0.989824,190814,23,14,0.00998622,2.50858e-05,0.9000689237524182,0.9949914273490345
200000.0,163,0.01,0.501716,0.972938,185117,14,30,0.00997662,0.000138837,0.9001169684080423,0.988217088644991
200000.0,153,0.0893487,0.551998,0.99,182602,18,28,0.0099747,0.000172817,0.9001265801126246,0.9868540120188706
200000.0,251,0.952793,0.532989,0.99,166058,15,28,0.00991607,0.000717643,0.9004205342452571,0.9732111403751484
200000.0,208,0.99,0.549393,0.99,139076,16,28,0.00982245,0.0023299,0.9008917258751823,0.9517309623050138
200000.0,306,0.921488,0.581797,0.99,158167,20,23,0.00994373,0.000674489,0.9002817469065969,0.9740290739479702
200000.0,204,0.99,0.509499,0.99,182064,12,38,0.00995446,0.000437953,0.9002279598284169,0.979072673367102
200000.0,306,0.921488,0.581797,0.989899,156812,20,23,0.00994176,0.000710599,0.9002916252263633,0.9733429371460395
200000.0,167,0.01,0.497548,0.975951,184286,15,36,0.00997535,0.000155842,0.9001233260465689,0.9875163306676282
200000.0,287,0.99,0.559225,0.99,182644,14,22,0.00996713,0.00028529,0.9001644852770319,0.9831094701089634
203638.0,133,0.01,0.621832,0.99,191978,14,21,0.00998226,5.79642e-05,0.900088739373382,0.992386577642085
200000.0,306,0.921488,0.545524,0.99,168702,20,23,0.00995257,0.000498251,0.9002374318694631,0.9776784633145476
200000.0,257,0.99,0.555213,0.9771,132393,28,25,0.00982064,0.00334723,0.9009008577231872,0.9421447495900329
200000.0,162,0.0316395,0.556838,0.99,200000,20,18,0.00999968,2.19859e-08,0.9000016000128002,0.9998517235689666
200000.0,236,0.99,0.581797,0.989899,156812,16,23,0.00987764,0.00101501,0.9006136830343332,0.9681407784150334
200000.0,139,0.01,0.609264,0.975951,172800,12,32,0.00995603,0.000418888,0.9002200922028889,0.9795332464714113
200000.0,119,0.01,0.771076,0.99,172759,20,37,0.00995773,0.000408862,0.900211573817401,0.9797796637021042
200000.0,156,0.01,0.552681,0.99,190814,17,14,0.00998483,5.26149e-05,0.9000758787879524,0.9927463871071031
200000.0,163,0.01,0.518806,0.972938,185117,14,24,0.00997663,9.59306e-05,0.9001169183495022,0.9902055832230806
200000.0,449,0.01,0.771076,0.99,200000,28,37,0.01,9.96165e-09,0.9,0.9999001919341937
200000.0,449,0.01,0.771076,0.99,200000,28,37,0.01,9.96165e-09,0.9,0.9999001919341937
200000.0,266,0.99,0.556,0.971397,133365,29,33,0.00983371,0.00379081,0.9008349355871736,0.9384304458356243
200000.0,306,0.99,0.505337,0.99,133293,24,21,0.009848,0.00178742,0.9007629101595578,0.9577221097972002
200000.0,263,0.99,0.60542,0.99,141694,28,25,0.00987829,0.00136869,0.9006104130202766,0.9630041894263688
200000.0,162,0.01,0.552681,0.989824,190814,27,14,0.00998569,4.70988e-06,0.9000715756153436,0.9978297742052957
200000.0,142,0.01,0.549435,0.972938,185117,18,34,0.00997624,5.53673e-05,0.9001188706511585,0.9925590793580364
200000.0,204,0.01,0.497548,0.975951,182064,12,36,0.00997456,0.00015058,0.9001272810022677,0.9877288957302124
200000.0,119,0.01,0.771076,0.99,180378,20,37,0.00996963,0.000197163,0.9001519654675166,0.9859585257184297
200000.0,215,0.01,0.501716,0.972938,194600,14,34,0.00999344,5.35038e-09,0.9000328053809651,0.999926853708228
200000.0,247,0.99,0.589733,0.99,186301,29,22,0.00996548,0.000257961,0.9001727492114503,0.9839388356586454
200000.0,287,0.99,0.478237,0.99,159666,16,23,0.00988328,0.000913263,0.900585312956284,0.9697797584390859
200238.0,308,0.99,0.417876,0.99,169690,19,21,0.00989846,0.000691532,0.9005089953814919,0.9737030039738376
200000.0,215,0.01,0.501716,0.972938,194600,14,34,0.00999344,5.35038e-09,0.9000328053809651,0.999926853708228
200000.0,159,0.0181751,0.520427,0.972938,194600,14,34,0.00999134,4.24938e-06,0.9000433093785113,0.9979385975647632
200000.0,247,0.946281,0.587087,0.989976,186301,21,24,0.00996958,0.000251183,0.9001522158483224,0.9841512461057659
200000.0,162,0.01,0.552681,0.989824,190814,27,14,0.00998569,4.70988e-06,0.9000715756153436,0.9978297742052957
200000.0,287,0.99,0.478237,0.99,182644,16,23,0.00994772,0.000334306,0.9002617425458014,0.9817159632465913
200000.0,139,0.01,0.59436,0.975951,182064,12,36,0.00997168,0.000196891,0.9001417003950097,0.9859682146538653
200000.0,251,0.99,0.589733,0.99,145612,29,24,0.00986695,0.00135639,0.9006674776319458,0.9631707996285556
221214.0,287,0.99,0.457901,0.99,161529,16,23,0.00985737,0.00138762,0.9007157112126999,0.9627492281959151
200000.0,251,0.99,0.589733,0.99,145612,29,24,0.00986695,0.00135639,0.9006674776319458,0.9631707996285556
200000.0,287,0.99,0.478237,0.988574,155461,14,23,0.00987148,0.00111617,0.9006446780489339,0.9665908695114643
200000.0,287,0.99,0.519852,0.99,182644,16,23,0.00995884,0.000305832,0.9002060122051434,0.9825119469351217
200000.0,288,0.99,0.452931,0.99,159666,18,23,0.00987302,0.000996568,0.9006369283888627,0.9684315347221313
200000.0,306,0.99,0.521907,0.99,169220,28,26,0.00993941,0.0005437,0.9003034102890174,0.9766826245044602
200000.0,287,0.99,0.478237,0.99,133121,16,24,0.00980889,0.00205233,0.9009601595316309,0.9546973510708259
200000.0,305,0.99,0.478237,0.99,182644,16,23,0.00995575,0.00031527,0.9002214953008415,0.9822441558916508
200000.0,259,0.99,0.559225,0.99,168268,12,22,0.00991826,0.000577017,0.9004095386093628,0.9759788218440477
200000.0,233,0.99,0.545024,0.99,148698,14,29,0.00984124,0.00142767,0.9007969758525477,0.9622154793599283
200000.0,287,0.99,0.505428,0.989948,182644,16,24,0.0099552,0.000321449,0.9002242514435497,0.982071001143399
200000.0,284,0.99,0.478237,0.99,182644,17,23,0.0099464,0.000339417,0.9002683600856779,0.9815767266752078
200000.0,308,0.99,0.488232,0.99,169690,19,21,0.00992919,0.000554279,0.9003546789859153,0.9764568693670531
200000.0,295,0.99,0.407881,0.99,133121,15,24,0.00979089,0.00248839,0.9010510737804599,0.9501162351059986
200000.0,289,0.99,0.457901,0.99,141664,17,34,0.00982523,0.00173257,0.9008777018022686,0.9583758483569935
200000.0,297,0.99,0.478237,0.99,182644,16,23,0.00995224,0.000323907,0.900239085810123,0.982002583518738
200000.0,197,0.01,0.552681,0.981389,200000,21,14,0.00999975,3.39634e-09,0.9000012500078126,0.9999417218737432
200238.0,308,0.99,0.417876,0.99,169690,19,26,0.00989849,0.000690315,0.900508844614207,0.9737261536885061
200000.0,305,0.99,0.478237,0.99,182644,16,23,0.00995575,0.00031527,0.9002214953008415,0.9822441558916508
200000.0,180,0.01,0.549435,0.972938,185117,18,34,0.00997705,1.23875e-05,0.90011481591347,0.9964804119559244
200000.0,163,0.0470349,0.53056,0.984843,195831,17,28,0.00999307,2.78596e-07,0.9000346560051935,0.9994721780603272
203638.0,133,0.0283283,0.555658,0.99,191978,14,21,0.00998249,4.52518e-05,0.9000875883586028,0.9932730541848473
221214.0,287,0.99,0.457901,0.99,154992,17,30,0.00984366,0.00166606,0.9007847793934822,0.959182601748764
200000.0,306,0.99,0.505337,0.99,112408,21,20,0.00979142,0.00294047,0.9010483956673769,0.9457738992735049
200000.0,272,0.99,0.417876,0.99,152999,19,21,0.00985621,0.00155821,0.9007215531950665,0.9605258312310443
200000.0,150,0.0392411,0.60081,0.99,164856,11,30,0.00994604,0.00059748,0.9002701649454888,0.9755565959817377
200000.0,306,0.99,0.556,0.99,169220,24,30,0.00994935,0.000507038,0.9002535714925091,0.977482495697791
200000.0,184,0.01,0.510564,0.99,173731,15,30,0.00995962,0.000344393,0.9002021042306001,0.9814421714632342
200000.0,171,0.01,0.589982,0.974213,200000,12,32,0.00999965,1.03907e-07,0.9000017500153128,0.9996776539126964
200000.0,149,0.01,0.515318,0.99,182807,16,30,0.00997229,0.000270354,0.9001386461137243,0.9835575549263499
200000.0,184,0.01,0.419547,0.99,200000,15,35,0.00999983,9.99318e-09,0.9000008500036125,0.9999000341058161
200000.0,388,0.01,0.771076,0.99,200000,27,42,0.01,9.93957e-09,0.9,0.9999003026078576
200000.0,197,0.01,0.552681,0.981389,194595,27,14,0.00999382,1.26314e-07,0.9000309047755257,0.9996445931908362
200000.0,119,0.0767283,0.718621,0.99,191955,10,37,0.00998698,1.92719e-05,0.900065121203856,0.9956100227791024
200000.0,163,0.03355,0.586673,0.99,200000,14,30,0.00999964,1.12468e-07,0.9000018000162002,0.9996646375095513
200000.0,162,0.0130832,0.556838,0.99,200000,20,18,0.00999968,1.70976e-08,0.9000016000128002,0.9998692422086451
200000.0,204,0.01,0.497548,0.975951,186181,10,36,0.00998046,7.98718e-05,0.9000977477731358,0.9910628975612897
200000.0,204,0.01,0.497548,0.975951,186181,10,36,0.00998046,7.98718e-05,0.9000977477731358,0.9910628975612897
200000.0,162,0.01,0.552681,0.989824,190814,23,14,0.00998622,2.50858e-05,0.9000689237524182,0.9949914273490345
200000.0,153,0.0893487,0.551998,0.99,182602,18,28,0.0099747,0.000172817,0.9001265801126246,0.9868540120188706
200000.0,208,0.99,0.549393,0.99,139076,16,28,0.00982245,0.0023299,0.9008917258751823,0.9517309623050138
200000.0,204,0.99,0.509499,0.99,182064,12,38,0.00995446,0.000437953,0.9002279598284169,0.979072673367102
200000.0,167,0.01,0.497548,0.975951,184286,15,36,0.00997535,0.000155842,0.9001233260465689,0.9875163306676282
200000.0,287,0.99,0.559225,0.99,182644,14,22,0.00996713,0.00028529,0.9001644852770319,0.9831094701089634
203638.0,133,0.01,0.621832,0.99,191978,14,21,0.00998226,5.79642e-05,0.900088739373382,0.992386577642085
200000.0,306,0.921488,0.545524,0.99,168702,20,23,0.00995257,0.000498251,0.9002374318694631,0.9776784633145476
200000.0,162,0.0316395,0.556838,0.99,200000,20,18,0.00999968,2.19859e-08,0.9000016000128002,0.9998517235689666
200000.0,236,0.99,0.581797,0.989899,156812,16,23,0.00987764,0.00101501,0.9006136830343332,0.9681407784150334
200000.0,139,0.01,0.609264,0.975951,172800,12,32,0.00995603,0.000418888,0.9002200922028889,0.9795332464714113
200000.0,119,0.01,0.771076,0.99,172759,20,37,0.00995773,0.000408862,0.900211573817401,0.9797796637021042
200000.0,163,0.01,0.518806,0.972938,185117,14,24,0.00997663,9.59306e-05,0.9001169183495022,0.9902055832230806
203638.0,161,0.01,0.621832,0.823128,186654,14,21,0.00997634,0.00011552,0.9001183700573524,0.9892519769259644
200000.0,255,0.921488,0.545524,0.99,168702,20,23,0.00993918,0.000620799,0.9003045637955277,0.9750841616637128
200000.0,149,0.01,0.506954,0.99,182807,18,30,0.00997311,0.000204605,0.9001345405057384,0.9856959795861443
200000.0,266,0.99,0.602266,0.99,183639,18,24,0.00996902,0.000281381,0.9001550201562443,0.983225584958038
203638.0,133,0.0283283,0.555658,0.99,191978,14,21,0.00998249,4.52518e-05,0.9000875883586028,0.9932730541848473
200000.0,137,0.01,0.552681,0.989824,190814,27,12,0.00998558,4.29762e-05,0.9000721260108072,0.9934443764598628
200000.0,148,0.0767283,0.746819,0.99,189294,10,37,0.00998889,8.11551e-06,0.9000555654375892,0.9971512265797364
200000.0,121,0.01,0.464156,0.972938,185117,18,34,0.00997727,9.17582e-05,0.9001137146551139,0.9904209499427136
200000.0,287,0.99,0.524103,0.99,182644,26,16,0.00995988,0.000317231,0.9002008016064257,0.9821890202403124
200000.0,328,0.98786,0.452931,0.99,164583,20,18,0.00991454,0.000697533,0.9004282168483461,0.9735891499568833
200238.0,308,0.99,0.417876,0.988313,169690,19,21,0.00989878,0.000776143,0.9005073872088988,0.9721406568634506
200000.0,449,0.01,0.771076,0.99,200000,28,37,0.01,9.96165e-09,0.9,0.9999001919341937
200000.0,449,0.01,0.771076,0.99,200000,28,37,0.01,9.96165e-09,0.9,0.9999001919341937
200000.0,257,0.99,0.555213,0.9771,132393,28,21,0.00982055,0.00334783,0.9009013118149387,0.9421395644675915
200000.0,162,0.01,0.552681,0.989824,190814,27,14,0.00998569,4.70988e-06,0.9000715756153436,0.9978297742052957
200000.0,142,0.01,0.549435,0.972938,185117,18,34,0.00997624,5.53673e-05,0.9001188706511585,0.9925590793580364
200000.0,204,0.01,0.497548,0.975951,182064,12,36,0.00997456,0.00015058,0.9001272810022677,0.9877288957302124
200000.0,119,0.01,0.771076,0.99,180378,20,37,0.00996963,0.000197163,0.9001519654675166,0.9859585257184297
200000.0,215,0.01,0.501716,0.972938,194600,14,34,0.00999344,5.35038e-09,0.9000328053809651,0.999926853708228
200000.0,247,0.99,0.589733,0.99,186301,29,22,0.00996548,0.000257961,0.9001727492114503,0.9839388356586454
200000.0,287,0.99,0.478237,0.99,159666,16,23,0.00988328,0.000913263,0.900585312956284,0.9697797584390859
200238.0,308,0.99,0.417876,0.99,169690,19,21,0.00989846,0.000691532,0.9005089953814919,0.9737030039738376
200000.0,215,0.01,0.501716,0.972938,194600,14,34,0.00999344,5.35038e-09,0.9000328053809651,0.999926853708228
200000.0,159,0.0181751,0.520427,0.972938,194600,14,34,0.00999134,4.24938e-06,0.9000433093785113,0.9979385975647632
200000.0,247,0.946281,0.587087,0.989976,186301,21,24,0.00996958,0.000251183,0.9001522158483224,0.9841512461057659
200000.0,162,0.01,0.552681,0.989824,190814,27,14,0.00998569,4.70988e-06,0.9000715756153436,0.9978297742052957
200000.0,139,0.01,0.59436,0.975951,182064,12,36,0.00997168,0.000196891,0.9001417003950097,0.9859682146538653
221214.0,287,0.99,0.457901,0.99,161529,16,23,0.00985737,0.00138762,0.9007157112126999,0.9627492281959151
200000.0,287,0.99,0.478237,0.988574,155461,14,23,0.00987148,0.00111617,0.9006446780489339,0.9665908695114643
200000.0,287,0.99,0.519852,0.99,182644,16,23,0.00995884,0.000305832,0.9002060122051434,0.9825119469351217
200000.0,288,0.99,0.452931,0.99,159666,18,23,0.00987302,0.000996568,0.9006369283888627,0.9684315347221313
200000.0,287,0.99,0.478237,0.99,133121,16,24,0.00980889,0.00205233,0.9009601595316309,0.9546973510708259
200000.0,305,0.99,0.478237,0.99,182644,16,23,0.00995575,0.00031527,0.9002214953008415,0.9822441558916508
200000.0,259,0.99,0.559225,0.99,168268,12,22,0.00991826,0.000577017,0.9004095386093628,0.9759788218440477
200000.0,233,0.99,0.545024,0.99,148698,14,29,0.00984124,0.00142767,0.9007969758525477,0.9622154793599283
200000.0,287,0.99,0.505428,0.989948,182644,16,24,0.0099552,0.000321449,0.9002242514435497,0.982071001143399
200000.0,284,0.99,0.478237,0.99,182644,17,23,0.0099464,0.000339417,0.9002683600856779,0.9815767266752078
200000.0,295,0.99,0.407881,0.99,133121,15,24,0.00979089,0.00248839,0.9010510737804599,0.9501162351059986
200000.0,289,0.99,0.457901,0.99,141664,17,34,0.00982523,0.00173257,0.9008777018022686,0.9583758483569935
200000.0,297,0.99,0.478237,0.99,182644,16,23,0.00995224,0.000323907,0.900239085810123,0.982002583518738
200000.0,197,0.01,0.552681,0.981389,200000,21,14,0.00999975,3.39634e-09,0.9000012500078126,0.9999417218737432
200238.0,308,0.99,0.417876,0.99,169690,19,26,0.00989849,0.000690315,0.900508844614207,0.9737261536885061
200000.0,305,0.99,0.478237,0.99,182644,16,23,0.00995575,0.00031527,0.9002214953008415,0.9822441558916508
200000.0,180,0.01,0.549435,0.972938,185117,18,34,0.00997705,1.23875e-05,0.90011481591347,0.9964804119559244
200000.0,163,0.0470349,0.53056,0.984843,195831,17,28,0.00999307,2.78596e-07,0.9000346560051935,0.9994721780603272
200000.0,213,0.99,0.587979,0.99,153959,29,24,0.00985764,0.0013166,0.9007143514902581,0.9637150168802575
200000.0,295,0.99,0.42823,0.99,133121,15,24,0.00979213,0.00230024,0.9010448081200385,0.9520391826591748
200000.0,288,0.99,0.498505,0.989948,182644,16,24,0.00995381,0.000321929,0.9002312173072158,0.9820576200017946
200000.0,287,0.99,0.452931,0.99,159666,18,23,0.00987247,0.000999891,0.9006396960552153,0.9683789468866073
200000.0,233,0.99,0.545024,0.99,172267,14,30,0.0099087,0.000594547,0.9004575467451199,0.9756166655274551
200000.0,237,0.99,0.509499,0.99,166246,12,33,0.00988732,0.000783416,0.9005649961029819,0.9720104305142077
200000.0,287,0.99,0.478237,0.99,182644,13,23,0.00994765,0.000324363,0.9002620934649218,0.9819899194893527
200051.0,308,0.99,0.417876,0.99,178543,10,14,0.00992528,0.000394251,0.9003743005043378,0.980144245166703
200000.0,233,0.99,0.545024,0.99,121346,14,29,0.00976008,0.00300943,0.9012068828308368,0.9451417280622147
200000.0,245,0.99,0.549393,0.99,139076,20,28,0.00982413,0.00185697,0.9008832506586298,0.9569074252335742
200000.0,119,0.01,0.765988,0.99,180378,20,28,0.00996959,0.000215194,0.900152165772111,0.9853305078479179
200000.0,287,0.99,0.519852,0.99,182644,16,23,0.00995884,0.000305832,0.9002060122051434,0.9825119469351217
200000.0,306,0.99,0.478237,0.99,91838,15,20,0.00978087,0.00467419,0.9011017189229257,0.9316319519073419
200000.0,388,0.01,0.771076,0.99,200000,27,42,0.01,9.93957e-09,0.9,0.9999003026078576
200000.0,276,0.99,0.608617,0.99,98912,14,32,0.0097895,0.00318465,0.9010580978553575,0.9435672967154682
200000.0,289,0.99,0.404947,0.99,141664,17,34,0.00981885,0.00210178,0.9009098894944606,0.9541548257719529
200000.0,306,0.99,0.505337,0.99,112408,21,20,0.00979142,0.00294047,0.9010483956673769,0.9457738992735049
200238.0,308,0.99,0.417876,0.988313,169690,19,21,0.00989878,0.000776143,0.9005073872088988,0.9721406568634506
200000.0,236,0.99,0.581797,0.989899,156812,16,23,0.00987764,0.00101501,0.9006136830343332,0.9681407784150334
221214.0,287,0.99,0.457901,0.99,154992,17,30,0.00984366,0.00166606,0.9007847793934822,0.959182601748764
200000.0,287,0.99,0.496787,0.99,134500,21,24,0.00982472,0.00193857,0.9008802744152306,0.9559708051402254
200000.0,272,0.99,0.417876,0.99,152999,19,21,0.00985621,0.00155821,0.9007215531950665,0.9605258312310443
200000.0,328,0.98786,0.452931,0.99,164583,20,18,0.00991454,0.000697533,0.9004282168483461,0.9735891499568833
200000.0,306,0.99,0.521907,0.99,169220,28,26,0.00993941,0.0005437,0.9003034102890174,0.9766826245044602
200000.0,288,0.99,0.452931,0.985116,159666,18,24,0.00987403,0.00131686,0.9006318461477723,0.9637114343077603
200000.0,287,0.99,0.478237,0.99,182644,16,23,0.00994772,0.000334306,0.9002617425458014,0.9817159632465913
200000.0,237,0.99,0.606908,0.99,169690,18,21,0.00992161,0.000596287,0.9003927211495063,0.9755810114869595
200000.0,308,0.99,0.488232,0.99,169690,19,21,0.00992919,0.000554279,0.9003546789859153,0.9764568693670531
200000.0,251,0.99,0.589733,0.99,145612,29,24,0.00986695,0.00135639,0.9006674776319458,0.9631707996285556
200000.0,210,0.95208,0.589733,0.99,184734,29,23,0.00996086,0.000309567,0.90019589186812,0.9824054838088682
200000.0,251,0.99,0.589733,0.99,145612,29,24,0.00986695,0.00135639,0.9006674776319458,0.9631707996285556
200000.0,197,0.01,0.552681,0.981389,194595,27,14,0.00999382,1.26314e-07,0.9000309047755257,0.9996445931908362
200000.0,204,0.01,0.497548,0.838704,186181,10,36,0.00997976,4.46128e-05,0.9001012512590874,0.993320718601526
200000.0,287,0.99,0.559225,0.99,182644,14,22,0.00996713,0.00028529,0.9001644852770319,0.9831094701089634
200000.0,287,0.99,0.505424,0.989948,182644,16,21,0.00995519,0.000322155,0.90022430155594,0.9820513231685453
200000.0,148,0.0767283,0.746819,0.99,189294,10,37,0.00998889,8.11551e-06,0.9000555654375892,0.9971512265797364
200000.0,137,0.01,0.552681,0.989824,190814,27,12,0.00998558,4.29762e-05,0.9000721260108072,0.9934443764598628
200000.0,305,0.99,0.478237,0.99,182644,16,33,0.00995578,0.000316969,0.9002213449679742,0.982196376773252
200000.0,163,0.03355,0.586673,0.99,200000,14,30,0.00999964,1.12468e-07,0.9000018000162002,0.9996646375095513
200000.0,121,0.01,0.464156,0.972938,185117,18,34,0.00997727,9.17582e-05,0.9001137146551139,0.9904209499427136
200000.0,149,0.01,0.506954,0.99,182807,18,30,0.00997311,0.000204605,0.9001345405057384,0.9856959795861443
200000.0,153,0.0893487,0.551998,0.99,182602,18,28,0.0099747,0.000172817,0.9001265801126246,0.9868540120188706
200000.0,167,0.01,0.497548,0.975951,184286,15,36,0.00997535,0.000155842,0.9001233260465689,0.9875163306676282
200000.0,149,0.01,0.515318,0.99,182807,16,30,0.00997229,0.000270354,0.9001386461137243,0.9835575549263499
203638.0,161,0.01,0.621832,0.823128,186654,14,21,0.00997634,0.00011552,0.9001183700573524,0.9892519769259644
200000.0,119,0.0767283,0.718621,0.99,191955,10,37,0.00998698,1.92719e-05,0.900065121203856,0.9956100227791024
200238.0,308,0.99,0.523322,0.99,183760,19,26,0.00996944,0.000279209,0.900152916917919,0.983290451831363
200000.0,133,0.01,0.497548,0.975951,182064,11,27,0.00997198,0.000270908,0.9001401982777855,0.9835407169050411
200000.0,266,0.99,0.602266,0.99,183639,18,24,0.00996902,0.000281381,0.9001550201562443,0.983225584958038
200000.0,162,0.01,0.552681,0.989824,190814,27,14,0.00998569,4.70988e-06,0.9000715756153436,0.9978297742052957
200000.0,142,0.01,0.549435,0.972938,185117,18,34,0.00997624,5.53673e-05,0.9001188706511585,0.9925590793580364
200000.0,204,0.01,0.497548,0.975951,182064,12,36,0.00997456,0.00015058,0.9001272810022677,0.9877288957302124
200000.0,119,0.01,0.771076,0.99,180378,20,37,0.00996963,0.000197163,0.9001519654675166,0.9859585257184297
200000.0,215,0.01,0.501716,0.972938,194600,14,34,0.00999344,5.35038e-09,0.9000328053809651,0.999926853708228
200000.0,247,0.99,0.589733,0.99,186301,29,22,0.00996548,0.000257961,0.9001727492114503,0.9839388356586454
200238.0,308,0.99,0.417876,0.99,169690,19,21,0.00989846,0.000691532,0.9005089953814919,0.9737030039738376
200000.0,215,0.01,0.501716,0.972938,194600,14,34,0.00999344,5.35038e-09,0.9000328053809651,0.999926853708228
200000.0,159,0.0181751,0.520427,0.972938,194600,14,34,0.00999134,4.24938e-06,0.9000433093785113,0.9979385975647632
200000.0,247,0.946281,0.587087,0.989976,186301,21,24,0.00996958,0.000251183,0.9001522158483224,0.9841512461057659
200000.0,162,0.01,0.552681,0.989824,190814,27,14,0.00998569,4.70988e-06,0.9000715756153436,0.9978297742052957
200000.0,139,0.01,0.59436,0.975951,182064,12,36,0.00997168,0.000196891,0.9001417003950097,0.9859682146538653
221214.0,287,0.99,0.457901,0.99,161529,16,23,0.00985737,0.00138762,0.9007157112126999,0.9627492281959151
200000.0,287,0.99,0.478237,0.988574,155461,14,23,0.00987148,0.00111617,0.9006446780489339,0.9665908695114643
200000.0,288,0.99,0.452931,0.99,159666,18,23,0.00987302,0.000996568,0.9006369283888627,0.9684315347221313
200000.0,287,0.99,0.478237,0.99,133121,16,24,0.00980889,0.00205233,0.9009601595316309,0.9546973510708259
200000.0,259,0.99,0.559225,0.99,168268,12,22,0.00991826,0.000577017,0.9004095386093628,0.9759788218440477
200000.0,233,0.99,0.545024,0.99,148698,14,29,0.00984124,0.00142767,0.9007969758525477,0.9622154793599283
200000.0,295,0.99,0.407881,0.99,133121,15,24,0.00979089,0.00248839,0.9010510737804599,0.9501162351059986
200000.0,197,0.01,0.552681,0.981389,200000,21,14,0.00999975,3.39634e-09,0.9000012500078126,0.9999417218737432
200238.0,308,0.99,0.417876,0.99,169690,19,26,0.00989849,0.000690315,0.900508844614207,0.9737261536885061
200000.0,180,0.01,0.549435,0.972938,185117,18,34,0.00997705,1.23875e-05,0.90011481591347,0.9964804119559244
200000.0,163,0.0470349,0.53056,0.984843,195831,17,28,0.00999307,2.78596e-07,0.9000346560051935,0.9994721780603272
200000.0,213,0.99,0.587979,0.99,153959,29,24,0.00985764,0.0013166,0.9007143514902581,0.9637150168802575
200000.0,295,0.99,0.42823,0.99,133121,15,24,0.00979213,0.00230024,0.9010448081200385,0.9520391826591748
200000.0,287,0.99,0.452931,0.99,159666,18,23,0.00987247,0.000999891,0.9006396960552153,0.9683789468866073
200000.0,233,0.99,0.545024,0.99,172267,14,30,0.0099087,0.000594547,0.9004575467451199,0.9756166655274551
200000.0,237,0.99,0.509499,0.99,166246,12,33,0.00988732,0.000783416,0.9005649961029819,0.9720104305142077
200051.0,308,0.99,0.417876,0.99,178543,10,14,0.00992528,0.000394251,0.9003743005043378,0.980144245166703
200000.0,233,0.99,0.545024,0.99,121346,14,29,0.00976008,0.00300943,0.9012068828308368,0.9451417280622147
200000.0,119,0.01,0.765988,0.99,180378,20,28,0.00996959,0.000215194,0.900152165772111,0.9853305078479179
200000.0,295,0.99,0.42823,0.99,133121,15,24,0.00979213,0.00230024,0.9010448081200385,0.9520391826591748
200000.0,159,0.0181751,0.520427,0.972938,194600,14,34,0.00999134,4.24938e-06,0.9000433093785113,0.9979385975647632
200000.0,299,0.99,0.478237,0.99,127632,15,23,0.00980407,0.00218623,0.9009844961634795,0.953242861507573
200000.0,247,0.99,0.51666,0.99,186301,29,22,0.00995242,0.000299111,0.9002381836572729,0.9827051741841671
200000.0,290,0.99,0.478237,0.99,159666,16,23,0.00988556,0.000900686,0.9005738464990222,0.9699885688445219
220983.0,302,0.99,0.417876,0.99,169690,19,22,0.00986359,0.00118801,0.9006843919617868,0.9655324790563637
200000.0,265,0.99,0.504815,0.989948,182644,14,27,0.00994486,0.000338644,0.9002760811038796,0.9815977175328711
200000.0,245,0.99,0.549393,0.99,139076,13,28,0.00982207,0.00169514,0.9008936429889586,0.9588279220830427
200000.0,295,0.99,0.42823,0.99,133121,15,24,0.00979213,0.00230024,0.9010448081200385,0.9520391826591748
200000.0,180,0.01,0.549435,0.972938,185117,18,34,0.00997705,1.23875e-05,0.90011481591347,0.9964804119559244
200000.0,287,0.99,0.478237,0.99,182644,10,24,0.00994746,0.000301822,0.9002630459659009,0.9826269749323844
200000.0,287,0.99,0.457901,0.99,161529,16,31,0.00987957,0.000904444,0.9006039739224952,0.9699260245394793
200000.0,237,0.99,0.509499,0.99,166246,12,33,0.00988732,0.000783416,0.9005649961029819,0.9720104305142077
200000.0,284,0.99,0.457901,0.99,141664,15,34,0.0098216,0.00173374,0.9008960142072984,0.9583617963884127
200000.0,295,0.99,0.407881,0.99,120404,15,22,0.00978039,0.00343821,0.9011041456885073,0.9413637484144833
200000.0,388,0.01,0.771076,0.99,200000,27,42,0.01,9.93957e-09,0.9,0.9999003026078576
200000.0,289,0.99,0.404947,0.99,141664,17,34,0.00981885,0.00210178,0.9009098894944606,0.9541548257719529
200000.0,306,0.99,0.505337,0.99,112408,21,20,0.00979142,0.00294047,0.9010483956673769,0.9457738992735049
200238.0,308,0.99,0.417876,0.988313,169690,19,21,0.00989878,0.000776143,0.9005073872088988,0.9721406568634506
200000.0,276,0.99,0.608617,0.99,98912,14,32,0.0097895,0.00318465,0.9010580978553575,0.9435672967154682
221214.0,287,0.99,0.457901,0.99,154992,17,30,0.00984366,0.00166606,0.9007847793934822,0.959182601748764
200000.0,287,0.99,0.478237,0.99,159666,16,23,0.00988328,0.000913263,0.900585312956284,0.9697797584390859
200000.0,272,0.99,0.417876,0.99,152999,19,21,0.00985621,0.00155821,0.9007215531950665,0.9605258312310443
200000.0,233,0.99,0.545024,0.99,172267,16,30,0.00990886,0.000600346,0.9004567430711653,0.975498040894655
200000.0,213,0.99,0.587979,0.99,153959,29,25,0.00985766,0.0013254,0.9007142507708181,0.9635939565456503
200000.0,245,0.99,0.549393,0.99,139076,20,28,0.00982413,0.00185697,0.9008832506586298,0.9569074252335742
200000.0,237,0.99,0.606908,0.99,169690,18,21,0.00992161,0.000596287,0.9003927211495063,0.9755810114869595
200000.0,260,0.99,0.589733,0.99,145612,29,24,0.00987679,0.00129033,0.9006179593689081,0.9640788363217448
200000.0,289,0.99,0.457901,0.99,141664,17,34,0.00982523,0.00173257,0.9008777018022686,0.9583758483569935
200000.0,308,0.99,0.488232,0.99,169690,19,21,0.00992919,0.000554279,0.9003546789859153,0.9764568693670531
200000.0,301,0.99,0.521907,0.99,169220,10,36,0.00993567,0.000474875,0.9003221689642075,0.9782083731676591
200000.0,287,0.99,0.390383,0.99,182644,14,22,0.00993983,0.000396572,0.9003013039202619,0.9800858844032682
200000.0,236,0.99,0.581797,0.989899,156812,16,23,0.00987764,0.00101501,0.9006136830343332,0.9681407784150334
200000.0,288,0.99,0.452931,0.985116,159666,18,24,0.00987403,0.00131686,0.9006318461477723,0.9637114343077603
200000.0,236,0.99,0.581797,0.989949,156812,16,26,0.00987768,0.00101269,0.9006134817995921,0.9681772094246907
200000.0,287,0.99,0.559225,0.99,182644,14,22,0.00996713,0.00028529,0.9001644852770319,0.9831094701089634
200000.0,204,0.01,0.497548,0.838704,186181,10,36,0.00997976,4.46128e-05,0.9001012512590874,0.993320718601526
200000.0,289,0.99,0.457901,0.99,141664,17,28,0.00982513,0.00173266,0.9008782062309202,0.9583747672679179
200000.0,287,0.99,0.519852,0.99,182644,16,23,0.00995884,0.000305832,0.9002060122051434,0.9825119469351217
200000.0,137,0.01,0.552681,0.989824,190814,27,12,0.00998558,4.29762e-05,0.9000721260108072,0.9934443764598628
200000.0,149,0.01,0.506954,0.99,182807,18,30,0.00997311,0.000204605,0.9001345405057384,0.9856959795861443
200000.0,121,0.01,0.464156,0.972938,185117,18,34,0.00997727,9.17582e-05,0.9001137146551139,0.9904209499427136
200000.0,284,0.99,0.478237,0.99,182644,17,23,0.0099464,0.000339417,0.9002683600856779,0.9815767266752078
200000.0,148,0.0767283,0.746819,0.99,189294,10,37,0.00998889,8.11551e-06,0.9000555654375892,0.9971512265797364
200000.0,287,0.99,0.478237,0.99,182644,13,23,0.00994765,0.000324363,0.9002620934649218,0.9819899194893527
200000.0,297,0.99,0.478237,0.99,182644,16,23,0.00995224,0.000323907,0.900239085810123,0.982002583518738
200000.0,243,0.01,0.549435,0.989659,185117,18,39,0.00999882,8.13988e-08,0.9000059001740602,0.9997146952506529
203638.0,161,0.01,0.621832,0.823128,186654,14,21,0.00997634,0.00011552,0.9001183700573524,0.9892519769259644
200000.0,197,0.01,0.552681,0.981389,194595,27,14,0.00999382,1.26314e-07,0.9000309047755257,0.9996445931908362
200000.0,162,0.01,0.552681,0.989824,190814,27,14,0.00998569,4.70988e-06,0.9000715756153436,0.9978297742052957
200000.0,142,0.01,0.549435,0.972938,185117,18,34,0.00997624,5.53673e-05,0.9001188706511585,0.9925590793580364
200000.0,204,0.01,0.497548,0.975951,182064,12,36,0.00997456,0.00015058,0.9001272810022677,0.9877288957302124
200000.0,119,0.01,0.771076,0.99,180378,20,37,0.00996963,0.000197163,0.9001519654675166,0.9859585257184297
200000.0,215,0.01,0.501716,0.972938,194600,14,34,0.00999344,5.35038e-09,0.9000328053809651,0.999926853708228
200238.0,308,0.99,0.417876,0.99,169690,19,21,0.00989846,0.000691532,0.9005089953814919,0.9737030039738376
200000.0,215,0.01,0.501716,0.972938,194600,14,34,0.00999344,5.35038e-09,0.9000328053809651,0.999926853708228
200000.0,159,0.0181751,0.520427,0.972938,194600,14,34,0.00999134,4.24938e-06,0.9000433093785113,0.9979385975647632
200000.0,247,0.946281,0.587087,0.989976,186301,21,24,0.00996958,0.000251183,0.9001522158483224,0.9841512461057659
200000.0,162,0.01,0.552681,0.989824,190814,27,14,0.00998569,4.70988e-06,0.9000715756153436,0.9978297742052957
200000.0,139,0.01,0.59436,0.975951,182064,12,36,0.00997168,0.000196891,0.9001417003950097,0.9859682146538653
200000.0,287,0.99,0.478237,0.99,133121,16,24,0.00980889,0.00205233,0.9009601595316309,0.9546973510708259
200000.0,259,0.99,0.559225,0.99,168268,12,22,0.00991826,0.000577017,0.9004095386093628,0.9759788218440477
200000.0,197,0.01,0.552681,0.981389,200000,21,14,0.00999975,3.39634e-09,0.9000012500078126,0.9999417218737432
200238.0,308,0.99,0.417876,0.99,169690,19,26,0.00989849,0.000690315,0.900508844614207,0.9737261536885061
200000.0,180,0.01,0.549435,0.972938,185117,18,34,0.00997705,1.23875e-05,0.90011481591347,0.9964804119559244
200000.0,163,0.0470349,0.53056,0.984843,195831,17,28,0.00999307,2.78596e-07,0.9000346560051935,0.9994721780603272
200000.0,295,0.99,0.42823,0.99,133121,15,24,0.00979213,0.00230024,0.9010448081200385,0.9520391826591748
200000.0,233,0.99,0.545024,0.99,172267,14,30,0.0099087,0.000594547,0.9004575467451199,0.9756166655274551
200051.0,308,0.99,0.417876,0.99,178543,10,14,0.00992528,0.000394251,0.9003743005043378,0.980144245166703
200000.0,233,0.99,0.545024,0.99,121346,14,29,0.00976008,0.00300943,0.9012068828308368,0.9451417280622147
200000.0,119,0.01,0.765988,0.99,180378,20,28,0.00996959,0.000215194,0.900152165772111,0.9853305078479179
200000.0,295,0.99,0.42823,0.99,133121,15,24,0.00979213,0.00230024,0.9010448081200385,0.9520391826591748
200000.0,159,0.0181751,0.520427,0.972938,194600,14,34,0.00999134,4.24938e-06,0.9000433093785113,0.9979385975647632
200000.0,299,0.99,0.478237,0.99,127632,15,23,0.00980407,0.00218623,0.9009844961634795,0.953242861507573
200000.0,265,0.99,0.504815,0.989948,182644,14,27,0.00994486,0.000338644,0.9002760811038796,0.9815977175328711
200000.0,245,0.99,0.549393,0.99,139076,13,28,0.00982207,0.00169514,0.9008936429889586,0.9588279220830427
200000.0,295,0.99,0.42823,0.99,133121,15,24,0.00979213,0.00230024,0.9010448081200385,0.9520391826591748
200000.0,180,0.01,0.549435,0.972938,185117,18,34,0.00997705,1.23875e-05,0.90011481591347,0.9964804119559244
200000.0,287,0.99,0.478237,0.99,182644,10,24,0.00994746,0.000301822,0.9002630459659009,0.9826269749323844
200000.0,284,0.99,0.457901,0.99,141664,15,34,0.0098216,0.00173374,0.9008960142072984,0.9583617963884127
200000.0,295,0.99,0.42823,0.99,133121,15,24,0.00979213,0.00230024,0.9010448081200385,0.9520391826591748
200000.0,233,0.99,0.545024,0.99,148698,14,28,0.00984122,0.00142747,0.9007970766559775,0.9622181260390648
200000.0,162,0.0144945,0.552681,0.989824,184037,27,14,0.0099752,0.000134119,0.9001240769754792,0.9884190242207317
200000.0,237,0.99,0.509499,0.99,153620,22,28,0.00985323,0.00140439,0.9007365626224842,0.9625248082059611
200000.0,247,0.99,0.51666,0.99,186301,23,27,0.00995241,0.000289784,0.9002382337766617,0.9829769567938045
200000.0,245,0.99,0.530331,0.99,139076,13,27,0.00981537,0.00178829,0.9009274508251655,0.9577118219829702
200000.0,275,0.99,0.452931,0.99,159666,18,23,0.0098677,0.00106307,0.9006637025050762,0.9673952457454438
200000.0,237,0.99,0.509499,0.99,188269,17,33,0.00995693,0.000252927,0.9002155823788103,0.9840963211803054
200000.0,241,0.99,0.538505,0.99,156516,17,34,0.00986613,0.00111326,0.9006716052681812,0.9666344489030977
200000.0,237,0.99,0.509499,0.99,166246,10,33,0.00988658,0.000724886,0.9005687171962465,0.9730762929744063
200238.0,307,0.99,0.417876,0.99,131832,19,21,0.00979051,0.00243584,0.9010529939816267,0.9506457701914011
200000.0,247,0.99,0.549393,0.99,123849,13,30,0.00977802,0.00248126,0.9011161287165597,0.9501877525100503
200238.0,308,0.99,0.417876,0.99,156284,19,26,0.00986,0.00115478,0.9007024673015487,0.9660179459125849
200000.0,287,0.99,0.478237,0.99,171415,18,20,0.00991589,0.000585395,0.9004214380501505,0.9758050625129967
200000.0,180,0.01,0.549435,0.812328,185117,18,29,0.0099762,0.000132435,0.9001190708893835,0.9884919593327101
205210.0,245,0.99,0.549393,0.99,152851,13,30,0.0098552,0.0012417,0.9007266400286562,0.9647622361662945
200000.0,287,0.99,0.444064,0.99,147754,16,29,0.00983581,0.00151212,0.9008243477460319,0.9611140128066678
200000.0,295,0.99,0.407881,0.989702,162279,10,22,0.00987072,0.00086256,0.9006485027792737,0.970630628198751
200000.0,388,0.01,0.771076,0.99,200000,27,42,0.01,9.93957e-09,0.9,0.9999003026078576
200000.0,295,0.99,0.407881,0.99,120404,15,22,0.00978039,0.00343821,0.9011041456885073,0.9413637484144833
200000.0,276,0.99,0.608617,0.99,98912,14,32,0.0097895,0.00318465,0.9010580978553575,0.9435672967154682
200000.0,295,0.99,0.407881,0.99,133121,15,24,0.00979089,0.00248839,0.9010510737804599,0.9501162351059986
200000.0,233,0.99,0.545024,0.99,148698,14,29,0.00984124,0.00142767,0.9007969758525477,0.9622154793599283
200000.0,289,0.99,0.404947,0.99,141664,17,34,0.00981885,0.00210178,0.9009098894944606,0.9541548257719529
200000.0,304,0.99,0.42823,0.99,133121,20,23,0.00979721,0.00230453,0.9010191432649727,0.951994479484126
200000.0,287,0.99,0.476962,0.99,149660,18,24,0.00985537,0.00130522,0.9007257838106993,0.9638721713910177
200000.0,289,0.99,0.457901,0.99,141664,17,34,0.00982523,0.00173257,0.9008777018022686,0.9583758483569935
200000.0,233,0.99,0.545024,0.99,172267,16,30,0.00990886,0.000600346,0.9004567430711653,0.975498040894655
200238.0,308,0.99,0.417876,0.988313,169690,19,21,0.00989878,0.000776143,0.9005073872088988,0.9721406568634506
200000.0,245,0.99,0.549393,0.99,139076,20,28,0.00982413,0.00185697,0.9008832506586298,0.9569074252335742
220983.0,302,0.99,0.417876,0.99,169690,19,22,0.00986359,0.00118801,0.9006843919617868,0.9655324790563637
200000.0,237,0.99,0.606908,0.99,169690,18,21,0.00992161,0.000596287,0.9003927211495063,0.9755810114869595
200000.0,308,0.99,0.488232,0.99,169690,19,21,0.00992919,0.000554279,0.9003546789859153,0.9764568693670531
200000.0,287,0.99,0.478237,0.988574,155461,14,23,0.00987148,0.00111617,0.9006446780489339,0.9665908695114643
200000.0,149,0.01,0.506954,0.99,182807,18,30,0.00997311,0.000204605,0.9001345405057384,0.9856959795861443
200000.0,301,0.99,0.521907,0.99,169220,10,36,0.00993567,0.000474875,0.9003221689642075,0.9782083731676591
200000.0,247,0.99,0.51666,0.99,186301,29,22,0.00995242,0.000299111,0.9002381836572729,0.9827051741841671
200000.0,245,0.99,0.589733,0.99,186301,29,22,0.00996475,0.000266532,0.9001764055946692,0.9836741922098783
200000.0,287,0.99,0.457901,0.99,161529,16,31,0.00987957,0.000904444,0.9006039739224952,0.9699260245394793
200000.0,288,0.99,0.452931,0.99,159666,18,23,0.00987302,0.000996568,0.9006369283888627,0.9684315347221313
200000.0,237,0.99,0.509499,0.99,166246,12,33,0.00988732,0.000783416,0.9005649961029819,0.9720104305142077
200000.0,284,0.99,0.478237,0.99,182644,17,23,0.0099464,0.000339417,0.9002683600856779,0.9815767266752078
200000.0,290,0.99,0.478237,0.99,159666,16,23,0.00988556,0.000900686,0.9005738464990222,0.9699885688445219
200000.0,287,0.99,0.390383,0.99,182644,14,22,0.00993983,0.000396572,0.9003013039202619,0.9800858844032682
200000.0,204,0.01,0.497548,0.838704,186181,10,36,0.00997976,4.46128e-05,0.9001012512590874,0.993320718601526
203638.0,161,0.01,0.621832,0.823128,186654,14,21,0.00997634,0.00011552,0.9001183700573524,0.9892519769259644
200000.0,247,0.99,0.589733,0.99,186301,29,22,0.00996548,0.000257961,0.9001727492114503,0.9839388356586454
200000.0,197,0.01,0.552681,0.981389,194595,27,14,0.00999382,1.26314e-07,0.9000309047755257,0.9996445931908362
204441.0,302,0.99,0.417876,0.99,169690,19,25,0.0098872,0.000803342,0.9005655995140515,0.9716567115528209
200000.0,162,0.01,0.552681,0.989824,190814,27,14,0.00998569,4.70988e-06,0.9000715756153436,0.9978297742052957
200000.0,142,0.01,0.549435,0.972938,185117,18,34,0.00997624,5.53673e-05,0.9001188706511585,0.9925590793580364
200000.0,204,0.01,0.497548,0.975951,182064,12,36,0.00997456,0.00015058,0.9001272810022677,0.9877288957302124
200000.0,119,0.01,0.771076,0.99,180378,20,37,0.00996963,0.000197163,0.9001519654675166,0.9859585257184297
200000.0,215,0.01,0.501716,0.972938,194600,14,34,0.00999344,5.35038e-09,0.9000328053809651,0.999926853708228
200000.0,215,0.01,0.501716,0.972938,194600,14,34,0.00999344,5.35038e-09,0.9000328053809651,0.999926853708228
200000.0,247,0.946281,0.587087,0.989976,186301,21,24,0.00996958,0.000251183,0.9001522158483224,0.9841512461057659
200000.0,162,0.01,0.552681,0.989824,190814,27,14,0.00998569,4.70988e-06,0.9000715756153436,0.9978297742052957
200000.0,139,0.01,0.59436,0.975951,182064,12,36,0.00997168,0.000196891,0.9001417003950097,0.9859682146538653
200000.0,287,0.99,0.478237,0.99,133121,16,24,0.00980889,0.00205233,0.9009601595316309,0.9546973510708259
200000.0,197,0.01,0.552681,0.981389,200000,21,14,0.00999975,3.39634e-09,0.9000012500078126,0.9999417218737432
200000.0,180,0.01,0.549435,0.972938,185117,18,34,0.00997705,1.23875e-05,0.90011481591347,0.9964804119559244
200000.0,163,0.0470349,0.53056,0.984843,195831,17,28,0.00999307,2.78596e-07,0.9000346560051935,0.9994721780603272
200000.0,295,0.99,0.42823,0.99,133121,15,24,0.00979213,0.00230024,0.9010448081200385,0.9520391826591748
200000.0,233,0.99,0.545024,0.99,172267,14,30,0.0099087,0.000594547,0.9004575467451199,0.9756166655274551
200051.0,308,0.99,0.417876,0.99,178543,10,14,0.00992528,0.000394251,0.9003743005043378,0.980144245166703
200000.0,233,0.99,0.545024,0.99,121346,14,29,0.00976008,0.00300943,0.9012068828308368,0.9451417280622147
200000.0,119,0.01,0.765988,0.99,180378,20,28,0.00996959,0.000215194,0.900152165772111,0.9853305078479179
200000.0,295,0.99,0.42823,0.99,133121,15,24,0.00979213,0.00230024,0.9010448081200385,0.9520391826591748
200000.0,299,0.99,0.478237,0.99,127632,15,23,0.00980407,0.00218623,0.9009844961634795,0.953242861507573
200000.0,265,0.99,0.504815,0.989948,182644,14,27,0.00994486,0.000338644,0.9002760811038796,0.9815977175328711
200000.0,245,0.99,0.549393,0.99,139076,13,28,0.00982207,0.00169514,0.9008936429889586,0.9588279220830427
200000.0,295,0.99,0.42823,0.99,133121,15,24,0.00979213,0.00230024,0.9010448081200385,0.9520391826591748
200000.0,180,0.01,0.549435,0.972938,185117,18,34,0.00997705,1.23875e-05,0.90011481591347,0.9964804119559244
200000.0,287,0.99,0.478237,0.99,182644,10,24,0.00994746,0.000301822,0.9002630459659009,0.9826269749323844
200000.0,284,0.99,0.457901,0.99,141664,15,34,0.0098216,0.00173374,0.9008960142072984,0.9583617963884127
200000.0,295,0.99,0.42823,0.99,133121,15,24,0.00979213,0.00230024,0.9010448081200385,0.9520391826591748
200000.0,233,0.99,0.545024,0.99,148698,14,28,0.00984122,0.00142747,0.9007970766559775,0.9622181260390648
200000.0,162,0.0144945,0.552681,0.989824,184037,27,14,0.0099752,0.000134119,0.9001240769754792,0.9884190242207317
200000.0,247,0.99,0.51666,0.99,186301,23,27,0.00995241,0.000289784,0.9002382337766617,0.9829769567938045
200000.0,245,0.99,0.530331,0.99,139076,13,27,0.00981537,0.00178829,0.9009274508251655,0.9577118219829702
200000.0,275,0.99,0.452931,0.99,159666,18,23,0.0098677,0.00106307,0.9006637025050762,0.9673952457454438
200000.0,237,0.99,0.509499,0.99,188269,17,33,0.00995693,0.000252927,0.9002155823788103,0.9840963211803054
200000.0,241,0.99,0.538505,0.99,156516,17,34,0.00986613,0.00111326,0.9006716052681812,0.9666344489030977
200000.0,237,0.99,0.509499,0.99,166246,10,33,0.00988658,0.000724886,0.9005687171962465,0.9730762929744063
200238.0,307,0.99,0.417876,0.99,131832,19,21,0.00979051,0.00243584,0.9010529939816267,0.9506457701914011
200000.0,247,0.99,0.549393,0.99,123849,13,30,0.00977802,0.00248126,0.9011161287165597,0.9501877525100503
200238.0,308,0.99,0.417876,0.99,156284,19,26,0.00986,0.00115478,0.9007024673015487,0.9660179459125849
200000.0,287,0.99,0.478237,0.99,171415,18,20,0.00991589,0.000585395,0.9004214380501505,0.9758050625129967
200000.0,180,0.01,0.549435,0.812328,185117,18,29,0.0099762,0.000132435,0.9001190708893835,0.9884919593327101
205210.0,245,0.99,0.549393,0.99,152851,13,30,0.0098552,0.0012417,0.9007266400286562,0.9647622361662945
200000.0,287,0.99,0.444064,0.99,147754,16,29,0.00983581,0.00151212,0.9008243477460319,0.9611140128066678
200000.0,295,0.99,0.407881,0.989702,162279,10,22,0.00987072,0.00086256,0.9006485027792737,0.970630628198751
200000.0,247,0.99,0.530195,0.99,139669,13,30,0.00981833,0.00173758,0.9009125134035584,0.9583157103934827
200000.0,204,0.0297452,0.497548,0.978902,182064,12,36,0.00997498,0.000138469,0.9001251783480941,0.9882327148415618
200000.0,263,0.99,0.549393,0.99,123849,13,30,0.00979594,0.00225214,0.9010255588548235,0.952543282877974
200000.0,310,0.99,0.428767,0.99,141664,14,34,0.00982431,0.00164537,0.9008823426426956,0.9594368393736386
217731.0,233,0.99,0.519697,0.99,172267,14,30,0.00986976,0.00103113,0.9006533342280678,0.9678887870051597
200000.0,182,0.01,0.426098,0.99,194600,14,34,0.00999073,2.80424e-06,0.9000463607465942,0.9983254134838713
200000.0,236,0.99,0.502924,0.989873,149660,12,24,0.00984112,0.00146277,0.900797580674663,0.9617538237205339
200238.0,308,0.99,0.417876,0.99,169690,15,24,0.00989821,0.000668529,0.9005102517844175,0.9741440722463881
200000.0,204,0.01,0.43621,0.975951,182064,17,36,0.00997207,0.000191612,0.9001397476470242,0.9861576013639254
200000.0,233,0.99,0.545024,0.99,151859,14,28,0.0098501,0.00129033,0.9007523300021607,0.9640788363217448
202286.0,273,0.99,0.417876,0.99,178543,10,14,0.00991779,0.000492259,0.9004118983010521,0.9778130894444494
200000.0,245,0.99,0.478491,0.99,128389,11,26,0.00977956,0.00258824,0.9011083421111771,0.9491252518433752
200000.0,388,0.01,0.771076,0.99,200000,27,42,0.01,9.93957e-09,0.9,0.9999003026078576
200000.0,233,0.99,0.545024,0.99,148698,14,29,0.00984124,0.00142767,0.9007969758525477,0.9622154793599283
200000.0,304,0.99,0.42823,0.99,133121,20,23,0.00979721,0.00230453,0.9010191432649727,0.951994479484126
200000.0,289,0.99,0.457901,0.99,141664,17,34,0.00982523,0.00173257,0.9008777018022686,0.9583758483569935
200000.0,231,0.99,0.530331,0.99,139076,17,27,0.00981316,0.00210547,0.9009386048957516,0.9541145992716638
200000.0,295,0.99,0.407881,0.99,133121,15,24,0.00979089,0.00248839,0.9010510737804599,0.9501162351059986
200000.0,259,0.99,0.457901,0.99,141664,15,34,0.00981881,0.00200304,0.9009100913311552,0.9552446651224684
200000.0,233,0.99,0.545024,0.99,172267,16,30,0.00990886,0.000600346,0.9004567430711653,0.975498040894655
200000.0,245,0.99,0.549393,0.99,139076,20,28,0.00982413,0.00185697,0.9008832506586298,0.9569074252335742
200000.0,288,0.99,0.452931,0.99,159666,18,23,0.00987302,0.000996568,0.9006369283888627,0.9684315347221313
200000.0,287,0.99,0.478237,0.988574,155461,14,23,0.00987148,0.00111617,0.9006446780489339,0.9665908695114643
200000.0,238,0.99,0.57056,0.99,172267,14,30,0.00991791,0.000549363,0.9004112958212629,0.9765615060210772
200000.0,237,0.99,0.509499,0.99,153620,22,28,0.00985323,0.00140439,0.9007365626224842,0.9625248082059611
200000.0,204,0.01,0.497548,0.838704,186181,10,36,0.00997976,4.46128e-05,0.9001012512590874,0.993320718601526
200000.0,285,0.99,0.521907,0.99,169220,10,36,0.00992534,0.000502269,0.9003739993776725,0.9775886412727831
200000.0,301,0.99,0.521907,0.99,169220,10,36,0.00993567,0.000474875,0.9003221689642075,0.9782083731676591
200000.0,287,0.99,0.390383,0.99,182644,14,22,0.00993983,0.000396572,0.9003013039202619,0.9800858844032682
200000.0,247,0.99,0.51666,0.99,186301,29,22,0.00995242,0.000299111,0.9002381836572729,0.9827051741841671
200000.0,237,0.99,0.509499,0.99,166246,12,33,0.00988732,0.000783416,0.9005649961029819,0.9720104305142077
200000.0,287,0.99,0.457901,0.99,161529,16,31,0.00987957,0.000904444,0.9006039739224952,0.9699260245394793
203638.0,161,0.01,0.621832,0.823128,186654,14,21,0.00997634,0.00011552,0.9001183700573524,0.9892519769259644
200238.0,308,0.99,0.417876,0.99,169690,19,21,0.00989846,0.000691532,0.9005089953814919,0.9737030039738376
220983.0,302,0.99,0.417876,0.99,169690,19,22,0.00986359,0.00118801,0.9006843919617868,0.9655324790563637
200000.0,287,0.99,0.476962,0.99,149660,18,24,0.00985537,0.00130522,0.9007257838106993,0.9638721713910177
200000.0,245,0.99,0.589733,0.99,186301,29,22,0.00996475,0.000266532,0.9001764055946692,0.9836741922098783
200000.0,162,0.01,0.552681,0.989824,190814,27,14,0.00998569,4.70988e-06,0.9000715756153436,0.9978297742052957
200000.0,142,0.01,0.549435,0.972938,185117,18,34,0.00997624,5.53673e-05,0.9001188706511585,0.9925590793580364
200000.0,119,0.01,0.771076,0.99,180378,20,37,0.00996963,0.000197163,0.9001519654675166,0.9859585257184297
200000.0,215,0.01,0.501716,0.972938,194600,14,34,0.00999344,5.35038e-09,0.9000328053809651,0.999926853708228
200000.0,215,0.01,0.501716,0.972938,194600,14,34,0.00999344,5.35038e-09,0.9000328053809651,0.999926853708228
200000.0,247,0.946281,0.587087,0.989976,186301,21,24,0.00996958,0.000251183,0.9001522158483224,0.9841512461057659
200000.0,162,0.01,0.552681,0.989824,190814,27,14,0.00998569,4.70988e-06,0.9000715756153436,0.9978297742052957
200000.0,139,0.01,0.59436,0.975951,182064,12,36,0.00997168,0.000196891,0.9001417003950097,0.9859682146538653
200000.0,287,0.99,0.478237,0.99,133121,16,24,0.00980889,0.00205233,0.9009601595316309,0.9546973510708259
200000.0,197,0.01,0.552681,0.981389,200000,21,14,0.00999975,3.39634e-09,0.9000012500078126,0.9999417218737432
200000.0,180,0.01,0.549435,0.972938,185117,18,34,0.00997705,1.23875e-05,0.90011481591347,0.9964804119559244
200000.0,163,0.0470349,0.53056,0.984843,195831,17,28,0.00999307,2.78596e-07,0.9000346560051935,0.9994721780603272
200000.0,295,0.99,0.42823,0.99,133121,15,24,0.00979213,0.00230024,0.9010448081200385,0.9520391826591748
200000.0,233,0.99,0.545024,0.99,172267,14,30,0.0099087,0.000594547,0.9004575467451199,0.9756166655274551
200051.0,308,0.99,0.417876,0.99,178543,10,14,0.00992528,0.000394251,0.9003743005043378,0.980144245166703
200000.0,119,0.01,0.765988,0.99,180378,20,28,0.00996959,0.000215194,0.900152165772111,0.9853305078479179
200000.0,295,0.99,0.42823,0.99,133121,15,24,0.00979213,0.00230024,0.9010448081200385,0.9520391826591748
200000.0,299,0.99,0.478237,0.99,127632,15,23,0.00980407,0.00218623,0.9009844961634795,0.953242861507573
200000.0,245,0.99,0.549393,0.99,139076,13,28,0.00982207,0.00169514,0.9008936429889586,0.9588279220830427
200000.0,295,0.99,0.42823,0.99,133121,15,24,0.00979213,0.00230024,0.9010448081200385,0.9520391826591748
200000.0,180,0.01,0.549435,0.972938,185117,18,34,0.00997705,1.23875e-05,0.90011481591347,0.9964804119559244
200000.0,287,0.99,0.478237,0.99,182644,10,24,0.00994746,0.000301822,0.9002630459659009,0.9826269749323844
200000.0,284,0.99,0.457901,0.99,141664,15,34,0.0098216,0.00173374,0.9008960142072984,0.9583617963884127
200000.0,295,0.99,0.42823,0.99,133121,15,24,0.00979213,0.00230024,0.9010448081200385,0.9520391826591748
200000.0,233,0.99,0.545024,0.99,148698,14,28,0.00984122,0.00142747,0.9007970766559775,0.9622181260390648
200000.0,247,0.99,0.51666,0.99,186301,23,27,0.00995241,0.000289784,0.9002382337766617,0.9829769567938045
200000.0,245,0.99,0.530331,0.99,139076,13,27,0.00981537,0.00178829,0.9009274508251655,0.9577118219829702
200000.0,275,0.99,0.452931,0.99,159666,18,23,0.0098677,0.00106307,0.9006637025050762,0.9673952457454438
200000.0,237,0.99,0.509499,0.99,188269,17,33,0.00995693,0.000252927,0.9002155823788103,0.9840963211803054
200000.0,241,0.99,0.538505,0.99,156516,17,34,0.00986613,0.00111326,0.9006716052681812,0.9666344489030977
200000.0,237,0.99,0.509499,0.99,166246,10,33,0.00988658,0.000724886,0.9005687171962465,0.9730762929744063
200238.0,307,0.99,0.417876,0.99,131832,19,21,0.00979051,0.00243584,0.9010529939816267,0.9506457701914011
200000.0,247,0.99,0.549393,0.99,123849,13,30,0.00977802,0.00248126,0.9011161287165597,0.9501877525100503
200238.0,308,0.99,0.417876,0.99,156284,19,26,0.00986,0.00115478,0.9007024673015487,0.9660179459125849
200000.0,287,0.99,0.478237,0.99,171415,18,20,0.00991589,0.000585395,0.9004214380501505,0.9758050625129967
200000.0,180,0.01,0.549435,0.812328,185117,18,29,0.0099762,0.000132435,0.9001190708893835,0.9884919593327101
205210.0,245,0.99,0.549393,0.99,152851,13,30,0.0098552,0.0012417,0.9007266400286562,0.9647622361662945
200000.0,287,0.99,0.444064,0.99,147754,16,29,0.00983581,0.00151212,0.9008243477460319,0.9611140128066678
200000.0,295,0.99,0.407881,0.989702,162279,10,22,0.00987072,0.00086256,0.9006485027792737,0.970630628198751
200000.0,247,0.99,0.530195,0.99,139669,13,30,0.00981833,0.00173758,0.9009125134035584,0.9583157103934827
200000.0,263,0.99,0.549393,0.99,123849,13,30,0.00979594,0.00225214,0.9010255588548235,0.952543282877974
200000.0,310,0.99,0.428767,0.99,141664,14,34,0.00982431,0.00164537,0.9008823426426956,0.9594368393736386
217731.0,233,0.99,0.519697,0.99,172267,14,30,0.00986976,0.00103113,0.9006533342280678,0.9678887870051597
200000.0,182,0.01,0.426098,0.99,194600,14,34,0.00999073,2.80424e-06,0.9000463607465942,0.9983254134838713
200000.0,236,0.99,0.502924,0.989873,149660,12,24,0.00984112,0.00146277,0.900797580674663,0.9617538237205339
200238.0,308,0.99,0.417876,0.99,169690,15,24,0.00989821,0.000668529,0.9005102517844175,0.9741440722463881
200000.0,204,0.01,0.43621,0.975951,182064,17,36,0.00997207,0.000191612,0.9001397476470242,0.9861576013639254
200000.0,233,0.99,0.545024,0.99,151859,14,28,0.0098501,0.00129033,0.9007523300021607,0.9640788363217448
202286.0,273,0.99,0.417876,0.99,178543,10,14,0.00991779,0.000492259,0.9004118983010521,0.9778130894444494
200000.0,142,0.01,0.549435,0.977475,185117,18,34,0.00997371,0.000133011,0.9001315365092664,0.9884669605047065
200000.0,310,0.99,0.428767,0.99,118587,14,28,0.00975437,0.00298608,0.9012357858331268,0.9453549636288894
202286.0,273,0.99,0.528665,0.99,178543,10,14,0.00993964,0.000367325,0.9003022567958532,0.9808342753854701
200000.0,322,0.99,0.415317,0.99,156284,23,26,0.00986744,0.00110496,0.9006650111994772,0.9667590613850933
200000.0,245,0.99,0.494826,0.99,152851,13,35,0.00984896,0.00130592,0.9007580733762186,0.9638624848668312
200000.0,287,0.99,0.478237,0.99,171415,18,20,0.00991589,0.000585395,0.9004214380501505,0.9758050625129967
200031.0,308,0.99,0.417876,0.99,156284,19,26,0.00986035,0.00115136,0.900700704937044,0.9660683039032825
200000.0,295,0.99,0.42823,0.99,133121,15,24,0.00979213,0.00230024,0.9010448081200385,0.9520391826591748
200000.0,247,0.99,0.530195,0.99,142974,13,30,0.00982787,0.00158102,0.9008643858141787,0.9602379577989258
200000.0,287,0.99,0.478237,0.99,180630,10,19,0.00994155,0.000334296,0.900292678302945,0.9817162367112238
202286.0,301,0.99,0.417876,0.99,180557,10,19,0.00992352,0.000398664,0.9003831339581494,0.980033427935672
200000.0,388,0.01,0.771076,0.99,200000,27,42,0.01,9.93957e-09,0.9,0.9999003026078576
200000.0,233,0.99,0.545024,0.99,121346,14,29,0.00976008,0.00300943,0.9012068828308368,0.9451417280622147
200000.0,245,0.99,0.478491,0.99,128389,11,26,0.00977956,0.00258824,0.9011083421111771,0.9491252518433752
200000.0,233,0.99,0.545024,0.99,148698,14,29,0.00984124,0.00142767,0.9007969758525477,0.9622154793599283
200000.0,304,0.99,0.42823,0.99,133121,20,23,0.00979721,0.00230453,0.9010191432649727,0.951994479484126
200000.0,254,0.99,0.511051,0.99,142897,15,23,0.00982645,0.00167812,0.900871547979402,0.9590351370074304
200000.0,295,0.99,0.407881,0.99,133121,15,24,0.00979089,0.00248839,0.9010510737804599,0.9501162351059986
200238.0,308,0.99,0.417876,0.99,169690,19,21,0.00989846,0.000691532,0.9005089953814919,0.9737030039738376
200000.0,237,0.99,0.509499,0.99,166246,12,33,0.00988732,0.000783416,0.9005649961029819,0.9720104305142077
200000.0,204,0.01,0.497548,0.838704,186181,10,36,0.00997976,4.46128e-05,0.9001012512590874,0.993320718601526
214834.0,247,0.99,0.53281,0.99,139669,16,30,0.00981195,0.00222126,0.9009447124076659,0.9528697549338008
200000.0,231,0.99,0.530331,0.99,139076,17,27,0.00981316,0.00210547,0.9009386048957516,0.9541145992716638
200000.0,287,0.99,0.457901,0.99,161529,16,31,0.00987957,0.000904444,0.9006039739224952,0.9699260245394793
200000.0,233,0.99,0.545024,0.99,172267,16,30,0.00990886,0.000600346,0.9004567430711653,0.975498040894655
200000.0,266,0.99,0.549393,0.989987,130090,13,30,0.00981809,0.00190057,0.9009137244619619,0.9564044727064805
220983.0,302,0.99,0.417876,0.99,169690,19,22,0.00986359,0.00118801,0.9006843919617868,0.9655324790563637
200000.0,288,0.99,0.452931,0.99,159666,18,23,0.00987302,0.000996568,0.9006369283888627,0.9684315347221313
200000.0,287,0.99,0.478237,0.988574,155461,14,23,0.00987148,0.00111617,0.9006446780489339,0.9665908695114643
200000.0,238,0.99,0.57056,0.99,172267,14,30,0.00991791,0.000549363,0.9004112958212629,0.9765615060210772
200000.0,289,0.99,0.457901,0.99,150857,17,34,0.00985104,0.00130826,0.9007475944875893,0.9638301230303448
200000.0,162,0.01,0.552681,0.989824,190814,27,14,0.00998569,4.70988e-06,0.9000715756153436,0.9978297742052957
200000.0,142,0.01,0.549435,0.972938,185117,18,34,0.00997624,5.53673e-05,0.9001188706511585,0.9925590793580364
200000.0,119,0.01,0.771076,0.99,180378,20,37,0.00996963,0.000197163,0.9001519654675166,0.9859585257184297
200000.0,215,0.01,0.501716,0.972938,194600,14,34,0.00999344,5.35038e-09,0.9000328053809651,0.999926853708228
200000.0,215,0.01,0.501716,0.972938,194600,14,34,0.00999344,5.35038e-09,0.9000328053809651,0.999926853708228
200000.0,162,0.01,0.552681,0.989824,190814,27,14,0.00998569,4.70988e-06,0.9000715756153436,0.9978297742052957
200000.0,139,0.01,0.59436,0.975951,182064,12,36,0.00997168,0.000196891,0.9001417003950097,0.9859682146538653
200000.0,287,0.99,0.478237,0.99,133121,16,24,0.00980889,0.00205233,0.9009601595316309,0.9546973510708259
200000.0,197,0.01,0.552681,0.981389,200000,21,14,0.00999975,3.39634e-09,0.9000012500078126,0.9999417218737432
200000.0,180,0.01,0.549435,0.972938,185117,18,34,0.00997705,1.23875e-05,0.90011481591347,0.9964804119559244
200000.0,295,0.99,0.42823,0.99,133121,15,24,0.00979213,0.00230024,0.9010448081200385,0.9520391826591748
200000.0,233,0.99,0.545024,0.99,172267,14,30,0.0099087,0.000594547,0.9004575467451199,0.9756166655274551
200051.0,308,0.99,0.417876,0.99,178543,10,14,0.00992528,0.000394251,0.9003743005043378,0.980144245166703
200000.0,119,0.01,0.765988,0.99,180378,20,28,0.00996959,0.000215194,0.900152165772111,0.9853305078479179
200000.0,295,0.99,0.42823,0.99,133121,15,24,0.00979213,0.00230024,0.9010448081200385,0.9520391826591748
200000.0,245,0.99,0.549393,0.99,139076,13,28,0.00982207,0.00169514,0.9008936429889586,0.9588279220830427
200000.0,295,0.99,0.42823,0.99,133121,15,24,0.00979213,0.00230024,0.9010448081200385,0.9520391826591748
200000.0,180,0.01,0.549435,0.972938,185117,18,34,0.00997705,1.23875e-05,0.90011481591347,0.9964804119559244
200000.0,287,0.99,0.478237,0.99,182644,10,24,0.00994746,0.000301822,0.9002630459659009,0.9826269749323844
200000.0,284,0.99,0.457901,0.99,141664,15,34,0.0098216,0.00173374,0.9008960142072984,0.9583617963884127
200000.0,295,0.99,0.42823,0.99,133121,15,24,0.00979213,0.00230024,0.9010448081200385,0.9520391826591748
200000.0,233,0.99,0.545024,0.99,148698,14,28,0.00984122,0.00142747,0.9007970766559775,0.9622181260390648
200000.0,247,0.99,0.51666,0.99,186301,23,27,0.00995241,0.000289784,0.9002382337766617,0.9829769567938045
200000.0,245,0.99,0.530331,0.99,139076,13,27,0.00981537,0.00178829,0.9009274508251655,0.9577118219829702
200000.0,275,0.99,0.452931,0.99,159666,18,23,0.0098677,0.00106307,0.9006637025050762,0.9673952457454438
200000.0,237,0.99,0.509499,0.99,188269,17,33,0.00995693,0.000252927,0.9002155823788103,0.9840963211803054
200000.0,241,0.99,0.538505,0.99,156516,17,34,0.00986613,0.00111326,0.9006716052681812,0.9666344489030977
200000.0,237,0.99,0.509499,0.99,166246,10,33,0.00988658,0.000724886,0.9005687171962465,0.9730762929744063
200238.0,307,0.99,0.417876,0.99,131832,19,21,0.00979051,0.00243584,0.9010529939816267,0.9506457701914011
200000.0,247,0.99,0.549393,0.99,123849,13,30,0.00977802,0.00248126,0.9011161287165597,0.9501877525100503
200238.0,308,0.99,0.417876,0.99,156284,19,26,0.00986,0.00115478,0.9007024673015487,0.9660179459125849
200000.0,287,0.99,0.478237,0.99,171415,18,20,0.00991589,0.000585395,0.9004214380501505,0.9758050625129967
200000.0,180,0.01,0.549435,0.812328,185117,18,29,0.0099762,0.000132435,0.9001190708893835,0.9884919593327101
205210.0,245,0.99,0.549393,0.99,152851,13,30,0.0098552,0.0012417,0.9007266400286562,0.9647622361662945
200000.0,287,0.99,0.444064,0.99,147754,16,29,0.00983581,0.00151212,0.9008243477460319,0.9611140128066678
200000.0,295,0.99,0.407881,0.989702,162279,10,22,0.00987072,0.00086256,0.9006485027792737,0.970630628198751
200000.0,247,0.99,0.530195,0.99,139669,13,30,0.00981833,0.00173758,0.9009125134035584,0.9583157103934827
200000.0,263,0.99,0.549393,0.99,123849,13,30,0.00979594,0.00225214,0.9010255588548235,0.952543282877974
200000.0,310,0.99,0.428767,0.99,141664,14,34,0.00982431,0.00164537,0.9008823426426956,0.9594368393736386
200000.0,182,0.01,0.426098,0.99,194600,14,34,0.00999073,2.80424e-06,0.9000463607465942,0.9983254134838713
200000.0,236,0.99,0.502924,0.989873,149660,12,24,0.00984112,0.00146277,0.900797580674663,0.9617538237205339
200238.0,308,0.99,0.417876,0.99,169690,15,24,0.00989821,0.000668529,0.9005102517844175,0.9741440722463881
200000.0,204,0.01,0.43621,0.975951,182064,17,36,0.00997207,0.000191612,0.9001397476470242,0.9861576013639254
200000.0,233,0.99,0.545024,0.99,151859,14,28,0.0098501,0.00129033,0.9007523300021607,0.9640788363217448
202286.0,273,0.99,0.417876,0.99,178543,10,14,0.00991779,0.000492259,0.9004118983010521,0.9778130894444494
200000.0,142,0.01,0.549435,0.977475,185117,18,34,0.00997371,0.000133011,0.9001315365092664,0.9884669605047065
200000.0,310,0.99,0.428767,0.99,118587,14,28,0.00975437,0.00298608,0.9012357858331268,0.9453549636288894
200000.0,322,0.99,0.415317,0.99,156284,23,26,0.00986744,0.00110496,0.9006650111994772,0.9667590613850933
200000.0,245,0.99,0.494826,0.99,152851,13,35,0.00984896,0.00130592,0.9007580733762186,0.9638624848668312
200000.0,287,0.99,0.478237,0.99,171415,18,20,0.00991589,0.000585395,0.9004214380501505,0.9758050625129967
200031.0,308,0.99,0.417876,0.99,156284,19,26,0.00986035,0.00115136,0.900700704937044,0.9660683039032825
200000.0,295,0.99,0.42823,0.99,133121,15,24,0.00979213,0.00230024,0.9010448081200385,0.9520391826591748
200000.0,247,0.99,0.530195,0.99,142974,13,30,0.00982787,0.00158102,0.9008643858141787,0.9602379577989258
200000.0,287,0.99,0.478237,0.99,180630,10,19,0.00994155,0.000334296,0.900292678302945,0.9817162367112238
202286.0,301,0.99,0.417876,0.99,180557,10,19,0.00992352,0.000398664,0.9003831339581494,0.980033427935672
200000.0,295,0.99,0.42823,0.99,133121,15,24,0.00979213,0.00230024,0.9010448081200385,0.9520391826591748
200000.0,267,0.99,0.509499,0.99,188269,15,33,0.00996368,0.000241202,0.9001817651929268,0.984469320684529
200000.0,245,0.99,0.494826,0.99,160053,13,31,0.00986915,0.00101624,0.9006564043332435,0.9681214805864513
200000.0,287,0.99,0.4166,0.99,182644,10,24,0.00993513,0.000343813,0.9003248777276898,0.9814578048764446
200000.0,310,0.99,0.428767,0.99,141664,14,34,0.00982431,0.00164537,0.9008823426426956,0.9594368393736386
225624.0,308,0.99,0.393332,0.99,151053,14,28,0.00980821,0.00210288,0.9009635925530414,0.9541428304405952
200000.0,235,0.01,0.411174,0.99,194600,13,34,0.00999174,2.04103e-08,0.9000413085319741,0.9998571353787672
200000.0,308,0.99,0.417876,0.99,161345,10,14,0.00987259,0.000799922,0.9006390921941632,0.9717171076443727
200000.0,278,0.99,0.42823,0.99,133121,13,29,0.00979165,0.00241616,0.901047233489912,0.9508455495402501
200000.0,310,0.99,0.428767,0.99,121958,14,23,0.00976509,0.00275746,0.90118153006649,0.9474884774549432
204376.0,250,0.99,0.520629,0.99,193684,13,30,0.00996504,0.000222881,0.900174953042836,0.9850708004233315
200000.0,245,0.99,0.490189,0.99,139076,13,18,0.00981055,0.00202503,0.9009517794203248,0.9549996666679013
200000.0,263,0.99,0.549393,0.99,107017,19,30,0.00974675,0.00364329,0.9012743700957041,0.9396403280327005
200238.0,300,0.99,0.417876,0.99,169690,15,24,0.00989534,0.00069373,0.900524676426764,0.9736612452838028
200000.0,295,0.99,0.44251,0.99,133121,15,29,0.00979691,0.00218407,0.901020658721125,0.9532659652929474
200000.0,142,0.01,0.549435,0.972938,185117,18,34,0.00997624,5.53673e-05,0.9001188706511585,0.9925590793580364
200000.0,119,0.01,0.765988,0.99,180378,20,28,0.00996959,0.000215194,0.900152165772111,0.9853305078479179
200000.0,197,0.01,0.552681,0.981389,200000,24,14,0.00999976,8.08975e-09,0.9000012000072001,0.9999100569624707
200000.0,233,0.99,0.545024,0.99,121346,14,29,0.00976008,0.00300943,0.9012068828308368,0.9451417280622147
200000.0,245,0.99,0.478491,0.99,128389,11,26,0.00977956,0.00258824,0.9011083421111771,0.9491252518433752
202286.0,273,0.99,0.528665,0.99,178543,10,14,0.00993964,0.000367325,0.9003022567958532,0.9808342753854701
200000.0,254,0.99,0.511051,0.99,142897,15,23,0.00982645,0.00167812,0.900871547979402,0.9590351370074304
200000.0,233,0.99,0.545024,0.99,148698,14,29,0.00984124,0.00142767,0.9007969758525477,0.9622154793599283
200000.0,238,0.99,0.57056,0.99,172267,14,30,0.00991791,0.000549363,0.9004112958212629,0.9765615060210772
200000.0,289,0.99,0.457901,0.99,150857,17,34,0.00985104,0.00130826,0.9007475944875893,0.9638301230303448
200000.0,162,0.01,0.552681,0.989824,190814,27,14,0.00998569,4.70988e-06,0.9000715756153436,0.9978297742052957
200000.0,142,0.01,0.549435,0.972938,185117,18,34,0.00997624,5.53673e-05,0.9001188706511585,0.9925590793580364
200000.0,119,0.01,0.771076,0.99,180378,20,37,0.00996963,0.000197163,0.9001519654675166,0.9859585257184297
200000.0,215,0.01,0.501716,0.972938,194600,14,34,0.00999344,5.35038e-09,0.9000328053809651,0.999926853708228
200000.0,215,0.01,0.501716,0.972938,194600,14,34,0.00999344,5.35038e-09,0.9000328053809651,0.999926853708228
200000.0,162,0.01,0.552681,0.989824,190814,27,14,0.00998569,4.70988e-06,0.9000715756153436,0.9978297742052957
200000.0,287,0.99,0.478237,0.99,133121,16,24,0.00980889,0.00205233,0.9009601595316309,0.9546973510708259
200000.0,197,0.01,0.552681,0.981389,200000,21,14,0.00999975,3.39634e-09,0.9000012500078126,0.9999417218737432
200000.0,180,0.01,0.549435,0.972938,185117,18,34,0.00997705,1.23875e-05,0.90011481591347,0.9964804119559244
200000.0,295,0.99,0.42823,0.99,133121,15,24,0.00979213,0.00230024,0.9010448081200385,0.9520391826591748
200000.0,233,0.99,0.545024,0.99,172267,14,30,0.0099087,0.000594547,0.9004575467451199,0.9756166655274551
200051.0,308,0.99,0.417876,0.99,178543,10,14,0.00992528,0.000394251,0.9003743005043378,0.980144245166703
200000.0,119,0.01,0.765988,0.99,180378,20,28,0.00996959,0.000215194,0.900152165772111,0.9853305078479179
200000.0,295,0.99,0.42823,0.99,133121,15,24,0.00979213,0.00230024,0.9010448081200385,0.9520391826591748
200000.0,245,0.99,0.549393,0.99,139076,13,28,0.00982207,0.00169514,0.9008936429889586,0.9588279220830427
200000.0,295,0.99,0.42823,0.99,133121,15,24,0.00979213,0.00230024,0.9010448081200385,0.9520391826591748
200000.0,180,0.01,0.549435,0.972938,185117,18,34,0.00997705,1.23875e-05,0.90011481591347,0.9964804119559244
200000.0,287,0.99,0.478237,0.99,182644,10,24,0.00994746,0.000301822,0.9002630459659009,0.9826269749323844
200000.0,284,0.99,0.457901,0.99,141664,15,34,0.0098216,0.00173374,0.9008960142072984,0.9583617963884127
200000.0,295,0.99,0.42823,0.99,133121,15,24,0.00979213,0.00230024,0.9010448081200385,0.9520391826591748
200000.0,247,0.99,0.51666,0.99,186301,23,27,0.00995241,0.000289784,0.9002382337766617,0.9829769567938045
200000.0,245,0.99,0.530331,0.99,139076,13,27,0.00981537,0.00178829,0.9009274508251655,0.9577118219829702
200000.0,237,0.99,0.509499,0.99,188269,17,33,0.00995693,0.000252927,0.9002155823788103,0.9840963211803054
200000.0,237,0.99,0.509499,0.99,166246,10,33,0.00988658,0.000724886,0.9005687171962465,0.9730762929744063
200238.0,307,0.99,0.417876,0.99,131832,19,21,0.00979051,0.00243584,0.9010529939816267,0.9506457701914011
200000.0,247,0.99,0.549393,0.99,123849,13,30,0.00977802,0.00248126,0.9011161287165597,0.9501877525100503
200000.0,180,0.01,0.549435,0.812328,185117,18,29,0.0099762,0.000132435,0.9001190708893835,0.9884919593327101
200000.0,295,0.99,0.407881,0.989702,162279,10,22,0.00987072,0.00086256,0.9006485027792737,0.970630628198751
200000.0,247,0.99,0.530195,0.99,139669,13,30,0.00981833,0.00173758,0.9009125134035584,0.9583157103934827
200000.0,263,0.99,0.549393,0.99,123849,13,30,0.00979594,0.00225214,0.9010255588548235,0.952543282877974
200000.0,310,0.99,0.428767,0.99,141664,14,34,0.00982431,0.00164537,0.9008823426426956,0.9594368393736386
200000.0,182,0.01,0.426098,0.99,194600,14,34,0.00999073,2.80424e-06,0.9000463607465942,0.9983254134838713
200238.0,308,0.99,0.417876,0.99,169690,15,24,0.00989821,0.000668529,0.9005102517844175,0.9741440722463881
200000.0,142,0.01,0.549435,0.977475,185117,18,34,0.00997371,0.000133011,0.9001315365092664,0.9884669605047065
200000.0,310,0.99,0.428767,0.99,118587,14,28,0.00975437,0.00298608,0.9012357858331268,0.9453549636288894
200000.0,295,0.99,0.42823,0.99,133121,15,24,0.00979213,0.00230024,0.9010448081200385,0.9520391826591748
200000.0,247,0.99,0.530195,0.99,142974,13,30,0.00982787,0.00158102,0.9008643858141787,0.9602379577989258
200000.0,287,0.99,0.478237,0.99,180630,10,19,0.00994155,0.000334296,0.900292678302945,0.9817162367112238
202286.0,301,0.99,0.417876,0.99,180557,10,19,0.00992352,0.000398664,0.9003831339581494,0.980033427935672
200000.0,295,0.99,0.42823,0.99,133121,15,24,0.00979213,0.00230024,0.9010448081200385,0.9520391826591748
200000.0,267,0.99,0.509499,0.99,188269,15,33,0.00996368,0.000241202,0.9001817651929268,0.984469320684529
200000.0,245,0.99,0.494826,0.99,160053,13,31,0.00986915,0.00101624,0.9006564043332435,0.9681214805864513
200000.0,287,0.99,0.4166,0.99,182644,10,24,0.00993513,0.000343813,0.9003248777276898,0.9814578048764446
200000.0,310,0.99,0.428767,0.99,141664,14,34,0.00982431,0.00164537,0.9008823426426956,0.9594368393736386
225624.0,308,0.99,0.393332,0.99,151053,14,28,0.00980821,0.00210288,0.9009635925530414,0.9541428304405952
200000.0,235,0.01,0.411174,0.99,194600,13,34,0.00999174,2.04103e-08,0.9000413085319741,0.9998571353787672
200000.0,308,0.99,0.417876,0.99,161345,10,14,0.00987259,0.000799922,0.9006390921941632,0.9717171076443727
200000.0,278,0.99,0.42823,0.99,133121,13,29,0.00979165,0.00241616,0.901047233489912,0.9508455495402501
200000.0,310,0.99,0.428767,0.99,121958,14,23,0.00976509,0.00275746,0.90118153006649,0.9474884774549432
204376.0,250,0.99,0.520629,0.99,193684,13,30,0.00996504,0.000222881,0.900174953042836,0.9850708004233315
200238.0,300,0.99,0.417876,0.99,169690,15,24,0.00989534,0.00069373,0.900524676426764,0.9736612452838028
200000.0,295,0.99,0.44251,0.99,133121,15,29,0.00979691,0.00218407,0.901020658721125,0.9532659652929474
200000.0,142,0.01,0.549435,0.972938,185117,18,34,0.00997624,5.53673e-05,0.9001188706511585,0.9925590793580364
200000.0,119,0.01,0.765988,0.99,180378,20,28,0.00996959,0.000215194,0.900152165772111,0.9853305078479179
204376.0,250,0.99,0.463256,0.99,193684,13,30,0.00996065,0.000243241,0.9001969439345668,0.9844038145689402
200000.0,278,0.99,0.42823,0.99,133121,13,29,0.00979165,0.00241616,0.901047233489912,0.9508455495402501
200000.0,269,0.99,0.509499,0.99,188269,17,33,0.00996438,0.000239694,0.9001782588811436,0.9845179458727209
200000.0,310,0.99,0.416902,0.99,121958,14,23,0.00975975,0.00288382,0.9012085530017907,0.9462987895853362
200000.0,287,0.99,0.4166,0.99,176920,10,27,0.00991612,0.000460533,0.9004202831897982,0.9785399673811991
202286.0,301,0.99,0.417876,0.99,180557,10,19,0.00992352,0.000398664,0.9003831339581494,0.980033427935672
215800.0,237,0.99,0.509499,0.99,166246,10,33,0.00985497,0.001049,0.9007277984529405,0.9676117305185967
200000.0,247,0.99,0.498304,0.99,188887,23,29,0.00995917,0.000251576,0.9002043588126215,0.9841388525005282
200000.0,243,0.99,0.575481,0.99,169059,10,25,0.00991342,0.000541786,0.9004338410904589,0.9767237030436541
200000.0,292,0.99,0.435123,0.99,138984,16,26,0.00981032,0.00196957,0.9009529404777709,0.9556201622355376
200000.0,247,0.99,0.530195,0.99,142974,13,30,0.00982787,0.00158102,0.9008643858141787,0.9602379577989258
200000.0,287,0.99,0.444064,0.99,147754,10,29,0.00983273,0.00126236,0.9008398769665951,0.9644702941188644
200000.0,204,0.01,0.421406,0.975951,182064,13,36,0.00997135,0.000156781,0.9001433527500547,0.987478778014906
225624.0,308,0.99,0.393332,0.99,151053,14,28,0.00980821,0.00210288,0.9009635925530414,0.9541428304405952
200000.0,263,0.99,0.549393,0.99,107017,12,24,0.00974028,0.00317712,0.9013071431156237,0.943634052833293
200000.0,197,0.01,0.552681,0.981389,200000,24,14,0.00999976,8.08975e-09,0.9000012000072001,0.9999100569624707
200000.0,263,0.99,0.549393,0.99,107017,19,30,0.00974675,0.00364329,0.9012743700957041,0.9396403280327005
200000.0,245,0.99,0.478491,0.99,128389,11,26,0.00977956,0.00258824,0.9011083421111771,0.9491252518433752
200000.0,233,0.99,0.545024,0.99,121346,14,29,0.00976008,0.00300943,0.9012068828308368,0.9451417280622147
200000.0,245,0.99,0.490189,0.99,139076,13,18,0.00981055,0.00202503,0.9009517794203248,0.9549996666679013
202286.0,273,0.99,0.528665,0.99,178543,10,14,0.00993964,0.000367325,0.9003022567958532,0.9808342753854701
200000.0,245,0.99,0.494826,0.99,168078,13,38,0.00989239,0.00074186,0.9005395053300055,0.9727628929583187
200000.0,287,0.99,0.478237,0.99,156188,18,16,0.00987378,0.00103448,0.9006331041040327,0.9678366668393962
200000.0,237,0.99,0.509499,0.99,188269,19,29,0.00995693,0.000269445,0.9002155823788103,0.9835852200745792
200000.0,247,0.99,0.530195,0.99,139669,14,30,0.00981887,0.00178158,0.9009097885762676,0.9577912331381264
200000.0,254,0.99,0.511051,0.99,142897,15,23,0.00982645,0.00167812,0.900871547979402,0.9590351370074304
200000.0,162,0.01,0.552681,0.989824,190814,27,14,0.00998569,4.70988e-06,0.9000715756153436,0.9978297742052957
200000.0,142,0.01,0.549435,0.972938,185117,18,34,0.00997624,5.53673e-05,0.9001188706511585,0.9925590793580364
200000.0,119,0.01,0.771076,0.99,180378,20,37,0.00996963,0.000197163,0.9001519654675166,0.9859585257184297
200000.0,215,0.01,0.501716,0.972938,194600,14,34,0.00999344,5.35038e-09,0.9000328053809651,0.999926853708228
200000.0,215,0.01,0.501716,0.972938,194600,14,34,0.00999344,5.35038e-09,0.9000328053809651,0.999926853708228
200000.0,162,0.01,0.552681,0.989824,190814,27,14,0.00998569,4.70988e-06,0.9000715756153436,0.9978297742052957
200000.0,197,0.01,0.552681,0.981389,200000,21,14,0.00999975,3.39634e-09,0.9000012500078126,0.9999417218737432
200000.0,180,0.01,0.549435,0.972938,185117,18,34,0.00997705,1.23875e-05,0.90011481591347,0.9964804119559244
200000.0,295,0.99,0.42823,0.99,133121,15,24,0.00979213,0.00230024,0.9010448081200385,0.9520391826591748
200000.0,233,0.99,0.545024,0.99,172267,14,30,0.0099087,0.000594547,0.9004575467451199,0.9756166655274551
200051.0,308,0.99,0.417876,0.99,178543,10,14,0.00992528,0.000394251,0.9003743005043378,0.980144245166703
200000.0,119,0.01,0.765988,0.99,180378,20,28,0.00996959,0.000215194,0.900152165772111,0.9853305078479179
200000.0,295,0.99,0.42823,0.99,133121,15,24,0.00979213,0.00230024,0.9010448081200385,0.9520391826591748
200000.0,295,0.99,0.42823,0.99,133121,15,24,0.00979213,0.00230024,0.9010448081200385,0.9520391826591748
200000.0,180,0.01,0.549435,0.972938,185117,18,34,0.00997705,1.23875e-05,0.90011481591347,0.9964804119559244
200000.0,287,0.99,0.478237,0.99,182644,10,24,0.00994746,0.000301822,0.9002630459659009,0.9826269749323844
200000.0,295,0.99,0.42823,0.99,133121,15,24,0.00979213,0.00230024,0.9010448081200385,0.9520391826591748
200000.0,247,0.99,0.51666,0.99,186301,23,27,0.00995241,0.000289784,0.9002382337766617,0.9829769567938045
200000.0,245,0.99,0.530331,0.99,139076,13,27,0.00981537,0.00178829,0.9009274508251655,0.9577118219829702
200000.0,237,0.99,0.509499,0.99,188269,17,33,0.00995693,0.000252927,0.9002155823788103,0.9840963211803054
200238.0,307,0.99,0.417876,0.99,131832,19,21,0.00979051,0.00243584,0.9010529939816267,0.9506457701914011
200000.0,247,0.99,0.549393,0.99,123849,13,30,0.00977802,0.00248126,0.9011161287165597,0.9501877525100503
200000.0,180,0.01,0.549435,0.812328,185117,18,29,0.0099762,0.000132435,0.9001190708893835,0.9884919593327101
200000.0,295,0.99,0.407881,0.989702,162279,10,22,0.00987072,0.00086256,0.9006485027792737,0.970630628198751
200000.0,263,0.99,0.549393,0.99,123849,13,30,0.00979594,0.00225214,0.9010255588548235,0.952543282877974
200000.0,182,0.01,0.426098,0.99,194600,14,34,0.00999073,2.80424e-06,0.9000463607465942,0.9983254134838713
200238.0,308,0.99,0.417876,0.99,169690,15,24,0.00989821,0.000668529,0.9005102517844175,0.9741440722463881
200000.0,142,0.01,0.549435,0.977475,185117,18,34,0.00997371,0.000133011,0.9001315365092664,0.9884669605047065
200000.0,310,0.99,0.428767,0.99,118587,14,28,0.00975437,0.00298608,0.9012357858331268,0.9453549636288894
200000.0,295,0.99,0.42823,0.99,133121,15,24,0.00979213,0.00230024,0.9010448081200385,0.9520391826591748
200000.0,287,0.99,0.478237,0.99,180630,10,19,0.00994155,0.000334296,0.900292678302945,0.9817162367112238
202286.0,301,0.99,0.417876,0.99,180557,10,19,0.00992352,0.000398664,0.9003831339581494,0.980033427935672
200000.0,295,0.99,0.42823,0.99,133121,15,24,0.00979213,0.00230024,0.9010448081200385,0.9520391826591748
200000.0,267,0.99,0.509499,0.99,188269,15,33,0.00996368,0.000241202,0.9001817651929268,0.984469320684529
200000.0,245,0.99,0.494826,0.99,160053,13,31,0.00986915,0.00101624,0.9006564043332435,0.9681214805864513
200000.0,287,0.99,0.4166,0.99,182644,10,24,0.00993513,0.000343813,0.9003248777276898,0.9814578048764446
200000.0,235,0.01,0.411174,0.99,194600,13,34,0.00999174,2.04103e-08,0.9000413085319741,0.9998571353787672
200000.0,308,0.99,0.417876,0.99,161345,10,14,0.00987259,0.000799922,0.9006390921941632,0.9717171076443727
200000.0,278,0.99,0.42823,0.99,133121,13,29,0.00979165,0.00241616,0.901047233489912,0.9508455495402501
200000.0,310,0.99,0.428767,0.99,121958,14,23,0.00976509,0.00275746,0.90118153006649,0.9474884774549432
204376.0,250,0.99,0.520629,0.99,193684,13,30,0.00996504,0.000222881,0.900174953042836,0.9850708004233315
200238.0,300,0.99,0.417876,0.99,169690,15,24,0.00989534,0.00069373,0.900524676426764,0.9736612452838028
200000.0,295,0.99,0.44251,0.99,133121,15,29,0.00979691,0.00218407,0.901020658721125,0.9532659652929474
200000.0,142,0.01,0.549435,0.972938,185117,18,34,0.00997624,5.53673e-05,0.9001188706511585,0.9925590793580364
200000.0,119,0.01,0.765988,0.99,180378,20,28,0.00996959,0.000215194,0.900152165772111,0.9853305078479179
204376.0,250,0.99,0.463256,0.99,193684,13,30,0.00996065,0.000243241,0.9001969439345668,0.9844038145689402
200000.0,278,0.99,0.42823,0.99,133121,13,29,0.00979165,0.00241616,0.901047233489912,0.9508455495402501
200000.0,269,0.99,0.509499,0.99,188269,17,33,0.00996438,0.000239694,0.9001782588811436,0.9845179458727209
200000.0,310,0.99,0.416902,0.99,121958,14,23,0.00975975,0.00288382,0.9012085530017907,0.9462987895853362
200000.0,287,0.99,0.4166,0.99,176920,10,27,0.00991612,0.000460533,0.9004202831897982,0.9785399673811991
202286.0,301,0.99,0.417876,0.99,180557,10,19,0.00992352,0.000398664,0.9003831339581494,0.980033427935672
215800.0,237,0.99,0.509499,0.99,166246,10,33,0.00985497,0.001049,0.9007277984529405,0.9676117305185967
200000.0,247,0.99,0.498304,0.99,188887,23,29,0.00995917,0.000251576,0.9002043588126215,0.9841388525005282
200000.0,243,0.99,0.575481,0.99,169059,10,25,0.00991342,0.000541786,0.9004338410904589,0.9767237030436541
200000.0,292,0.99,0.435123,0.99,138984,16,26,0.00981032,0.00196957,0.9009529404777709,0.9556201622355376
200000.0,287,0.99,0.444064,0.99,147754,10,29,0.00983273,0.00126236,0.9008398769665951,0.9644702941188644
200000.0,204,0.01,0.421406,0.975951,182064,13,36,0.00997135,0.000156781,0.9001433527500547,0.987478778014906
200000.0,263,0.99,0.549393,0.99,107017,12,24,0.00974028,0.00317712,0.9013071431156237,0.943634052833293
201443.0,308,0.99,0.417876,0.99,184005,12,24,0.00993945,0.000337525,0.9003032096805519,0.9816281465279085
200000.0,247,0.99,0.51666,0.99,170845,23,30,0.00990452,0.000662723,0.900478545026713,0.9742565930770615
200000.0,245,0.99,0.494826,0.99,160053,13,31,0.00986915,0.00101624,0.9006564043332435,0.9681214805864513
200313.0,247,0.99,0.542365,0.99,135998,13,30,0.00981168,0.00186507,0.9009460752922934,0.9568135437897481
200000.0,310,0.99,0.428767,0.99,138379,15,29,0.0098152,0.00184073,0.9009283087860109,0.9570962705583769
200000.0,251,0.99,0.527595,0.99,133791,13,30,0.00980279,0.00200387,0.9009909600086942,0.9552353934452675
200000.0,287,0.99,0.444064,0.99,147754,10,29,0.00983273,0.00126236,0.9008398769665951,0.9644702941188644
200000.0,251,0.99,0.48744,0.99,180622,11,18,0.00993067,0.000391528,0.9003472529229626,0.9802129335170673
200000.0,263,0.99,0.54478,0.99,107981,12,28,0.00974046,0.00315307,0.9013062311997359,0.9438477961251742
200000.0,247,0.99,0.530195,0.99,139669,10,30,0.00981568,0.00152795,0.9009258863274568,0.9609109989894855
202286.0,301,0.99,0.417876,0.99,166962,10,19,0.00988162,0.000711381,0.9005936621738835,0.9733282733967221
200000.0,292,0.99,0.435123,0.99,138984,16,26,0.00981032,0.00196957,0.9009529404777709,0.9556201622355376
200000.0,263,0.99,0.549393,0.99,107017,19,30,0.00974675,0.00364329,0.9012743700957041,0.9396403280327005
200000.0,197,0.01,0.552681,0.981389,200000,24,14,0.00999976,8.08975e-09,0.9000012000072001,0.9999100569624707
200000.0,287,0.99,0.466404,0.99,156188,15,21,0.00986793,0.00105361,0.9006625448282471,0.9675406407949879
200000.0,233,0.99,0.545024,0.99,121346,14,29,0.00976008,0.00300943,0.9012068828308368,0.9451417280622147
200000.0,301,0.99,0.42823,0.99,118520,15,24,0.00974942,0.0032109,0.901260848697186,0.9433351961090485
200000.0,295,0.99,0.440063,0.99,133121,18,19,0.00979671,0.00228675,0.9010216690381172,0.9521800250941095
200000.0,243,0.99,0.530897,0.988247,169059,10,32,0.00989993,0.000681485,0.9005016080531951,0.9738947323323434
200046.0,295,0.99,0.42823,0.99,128596,15,24,0.0097786,0.00259114,0.9011131960269724,0.9490967584529236
201492.0,246,0.99,0.492485,0.99,180557,15,19,0.00992646,0.000450718,0.9003683785136466,0.9787698798872922
200000.0,247,0.99,0.530195,0.99,142974,13,30,0.00982787,0.00158102,0.9008643858141787,0.9602379577989258
200000.0,162,0.01,0.552681,0.989824,190814,27,14,0.00998569,4.70988e-06,0.9000715756153436,0.9978297742052957
200000.0,142,0.01,0.549435,0.972938,185117,18,34,0.00997624,5.53673e-05,0.9001188706511585,0.9925590793580364
200000.0,119,0.01,0.771076,0.99,180378,20,37,0.00996963,0.000197163,0.9001519654675166,0.9859585257184297
200000.0,215,0.01,0.501716,0.972938,194600,14,34,0.00999344,5.35038e-09,0.9000328053809651,0.999926853708228
200000.0,215,0.01,0.501716,0.972938,194600,14,34,0.00999344,5.35038e-09,0.9000328053809651,0.999926853708228
200000.0,162,0.01,0.552681,0.989824,190814,27,14,0.00998569,4.70988e-06,0.9000715756153436,0.9978297742052957
200000.0,197,0.01,0.552681,0.981389,200000,21,14,0.00999975,3.39634e-09,0.9000012500078126,0.9999417218737432
200000.0,180,0.01,0.549435,0.972938,185117,18,34,0.00997705,1.23875e-05,0.90011481591347,0.9964804119559244
200051.0,308,0.99,0.417876,0.99,178543,10,14,0.00992528,0.000394251,0.9003743005043378,0.980144245166703
200000.0,119,0.01,0.765988,0.99,180378,20,28,0.00996959,0.000215194,0.900152165772111,0.9853305078479179
200000.0,180,0.01,0.549435,0.972938,185117,18,34,0.00997705,1.23875e-05,0.90011481591347,0.9964804119559244
200000.0,287,0.99,0.478237,0.99,182644,10,24,0.00994746,0.000301822,0.9002630459659009,0.9826269749323844
200000.0,247,0.99,0.51666,0.99,186301,23,27,0.00995241,0.000289784,0.9002382337766617,0.9829769567938045
200000.0,237,0.99,0.509499,0.99,188269,17,33,0.00995693,0.000252927,0.9002155823788103,0.9840963211803054
200000.0,295,0.99,0.407881,0.989702,162279,10,22,0.00987072,0.00086256,0.9006485027792737,0.970630628198751
200000.0,182,0.01,0.426098,0.99,194600,14,34,0.00999073,2.80424e-06,0.9000463607465942,0.9983254134838713
200238.0,308,0.99,0.417876,0.99,169690,15,24,0.00989821,0.000668529,0.9005102517844175,0.9741440722463881
200000.0,142,0.01,0.549435,0.977475,185117,18,34,0.00997371,0.000133011,0.9001315365092664,0.9884669605047065
200000.0,287,0.99,0.478237,0.99,180630,10,19,0.00994155,0.000334296,0.900292678302945,0.9817162367112238
202286.0,301,0.99,0.417876,0.99,180557,10,19,0.00992352,0.000398664,0.9003831339581494,0.980033427935672
200000.0,267,0.99,0.509499,0.99,188269,15,33,0.00996368,0.000241202,0.9001817651929268,0.984469320684529
200000.0,245,0.99,0.494826,0.99,160053,13,31,0.00986915,0.00101624,0.9006564043332435,0.9681214805864513
200000.0,287,0.99,0.4166,0.99,182644,10,24,0.00993513,0.000343813,0.9003248777276898,0.9814578048764446
200000.0,235,0.01,0.411174,0.99,194600,13,34,0.00999174,2.04103e-08,0.9000413085319741,0.9998571353787672
200000.0,308,0.99,0.417876,0.99,161345,10,14,0.00987259,0.000799922,0.9006390921941632,0.9717171076443727
204376.0,250,0.99,0.520629,0.99,193684,13,30,0.00996504,0.000222881,0.900174953042836,0.9850708004233315
200238.0,300,0.99,0.417876,0.99,169690,15,24,0.00989534,0.00069373,0.900524676426764,0.9736612452838028
200000.0,142,0.01,0.549435,0.972938,185117,18,34,0.00997624,5.53673e-05,0.9001188706511585,0.9925590793580364
200000.0,119,0.01,0.765988,0.99,180378,20,28,0.00996959,0.000215194,0.900152165772111,0.9853305078479179
200000.0,269,0.99,0.509499,0.99,188269,17,33,0.00996438,0.000239694,0.9001782588811436,0.9845179458727209
200000.0,287,0.99,0.4166,0.99,176920,10,27,0.00991612,0.000460533,0.9004202831897982,0.9785399673811991
202286.0,301,0.99,0.417876,0.99,180557,10,19,0.00992352,0.000398664,0.9003831339581494,0.980033427935672
215800.0,237,0.99,0.509499,0.99,166246,10,33,0.00985497,0.001049,0.9007277984529405,0.9676117305185967
200000.0,247,0.99,0.498304,0.99,188887,23,29,0.00995917,0.000251576,0.9002043588126215,0.9841388525005282
200000.0,243,0.99,0.575481,0.99,169059,10,25,0.00991342,0.000541786,0.9004338410904589,0.9767237030436541
200000.0,287,0.99,0.444064,0.99,147754,10,29,0.00983273,0.00126236,0.9008398769665951,0.9644702941188644
200000.0,263,0.99,0.549393,0.99,107017,12,24,0.00974028,0.00317712,0.9013071431156237,0.943634052833293
201443.0,308,0.99,0.417876,0.99,184005,12,24,0.00993945,0.000337525,0.9003032096805519,0.9816281465279085
200000.0,245,0.99,0.494826,0.99,160053,13,31,0.00986915,0.00101624,0.9006564043332435,0.9681214805864513
200313.0,247,0.99,0.542365,0.99,135998,13,30,0.00981168,0.00186507,0.9009460752922934,0.9568135437897481
200000.0,251,0.99,0.527595,0.99,133791,13,30,0.00980279,0.00200387,0.9009909600086942,0.9552353934452675
200000.0,287,0.99,0.444064,0.99,147754,10,29,0.00983273,0.00126236,0.9008398769665951,0.9644702941188644
200000.0,251,0.99,0.48744,0.99,180622,11,18,0.00993067,0.000391528,0.9003472529229626,0.9802129335170673
200000.0,263,0.99,0.54478,0.99,107981,12,28,0.00974046,0.00315307,0.9013062311997359,0.9438477961251742
200000.0,247,0.99,0.530195,0.99,139669,10,30,0.00981568,0.00152795,0.9009258863274568,0.9609109989894855
202286.0,301,0.99,0.417876,0.99,166962,10,19,0.00988162,0.000711381,0.9005936621738835,0.9733282733967221
200000.0,310,0.99,0.428767,0.99,118587,10,28,0.00974881,0.00251896,0.901263937692452,0.949810758124873
200000.0,247,0.99,0.530195,0.99,139669,10,30,0.00981568,0.00152795,0.9009258863274568,0.9609109989894855
200000.0,154,0.01,0.549435,0.972938,185117,18,33,0.00997489,5.94375e-05,0.9001256289131191,0.9922904280274454
200000.0,310,0.99,0.428767,0.99,125263,10,23,0.00977072,0.00215691,0.9011530475937675,0.9535574548501053
200000.0,310,0.99,0.412542,0.99,138379,15,29,0.00980817,0.00195353,0.9009637944991833,0.9558012443614077
200000.0,250,0.99,0.530195,0.99,139651,10,34,0.00981776,0.00150143,0.9009153896914359,0.9612517097151371
200000.0,269,0.95054,0.509499,0.99,188269,11,33,0.00996997,0.000188131,0.9001502628946876,0.9862839145526138
200000.0,204,0.01,0.417879,0.975951,182064,13,42,0.00997111,0.000139464,0.9001445544799884,0.9881905122888417
204376.0,250,0.99,0.463256,0.99,193684,13,33,0.00996063,0.000243197,0.9001970441319497,0.9844052252340728
200000.0,247,0.99,0.52539,0.99,139669,10,30,0.00981413,0.00154893,0.9009337090630724,0.9606435519895405
200000.0,217,0.99,0.575481,0.99,176725,10,27,0.00992134,0.000443609,0.9003940764813658,0.9789379725572299
200000.0,287,0.99,0.444064,0.99,147754,10,29,0.00983273,0.00126236,0.9008398769665951,0.9644702941188644
200000.0,309,0.99,0.417876,0.99,170005,11,14,0.00989936,0.000591034,0.9005044724623262,0.9756888091612114
200000.0,287,0.99,0.444064,0.99,147754,10,29,0.00983273,0.00126236,0.9008398769665951,0.9644702941188644
200000.0,287,0.99,0.444064,0.99,147754,10,29,0.00983273,0.00126236,0.9008398769665951,0.9644702941188644
200000.0,197,0.01,0.552681,0.981389,200000,24,14,0.00999976,8.08975e-09,0.9000012000072001,0.9999100569624707
200000.0,263,0.99,0.549393,0.99,107017,19,30,0.00974675,0.00364329,0.9012743700957041,0.9396403280327005
200000.0,276,0.99,0.530331,0.99,139076,13,27,0.00984365,0.00149831,0.9007848297889884,0.9612919904929226
200000.0,287,0.99,0.466404,0.99,156188,15,21,0.00986793,0.00105361,0.9006625448282471,0.9675406407949879
200000.0,301,0.99,0.417876,0.99,178714,10,20,0.00992379,0.000399505,0.9003817787751658,0.9800123788308863
200000.0,301,0.99,0.42823,0.99,118520,15,24,0.00974942,0.0032109,0.901260848697186,0.9433351961090485
200000.0,247,0.99,0.530195,0.99,142974,13,30,0.00982787,0.00158102,0.9008643858141787,0.9602379577989258
200000.0,287,0.922949,0.509313,0.989921,176920,10,16,0.00995432,0.000353633,0.9002286614302484,0.981194867721816
200000.0,310,0.99,0.428767,0.99,121958,14,23,0.00976509,0.00275746,0.90118153006649,0.9474884774549432
200000.0,245,0.99,0.530331,0.99,160889,13,27,0.00987752,0.000895217,0.9006142867410009,0.970079822861487
200000.0,247,0.99,0.549393,0.99,123849,13,30,0.00977802,0.00248126,0.9011161287165597,0.9501877525100503
200000.0,233,0.99,0.545024,0.99,172267,14,30,0.0099087,0.000594547,0.9004575467451199,0.9756166655274551
200000.0,238,0.99,0.537938,0.99,166236,12,30,0.00989113,0.00072441,0.9005458397049173,0.9730851342191718
200000.0,310,0.99,0.428767,0.99,118587,14,28,0.00975437,0.00298608,0.9012357858331268,0.9453549636288894
200000.0,295,0.99,0.44251,0.99,133121,15,29,0.00979691,0.00218407,0.901020658721125,0.9532659652929474
200000.0,245,0.99,0.530331,0.99,139076,13,27,0.00981537,0.00178829,0.9009274508251655,0.9577118219829702
204376.0,250,0.99,0.463256,0.99,193684,13,30,0.00996065,0.000243241,0.9001969439345668,0.9844038145689402
200000.0,289,0.99,0.435123,0.99,139002,16,26,0.00980949,0.00200072,0.9009571304939119,0.9552705913296409
200000.0,162,0.01,0.459968,0.989904,190814,27,25,0.00998556,7.0298e-05,0.9000722260830354,0.9916156097419073
200000.0,162,0.01,0.552681,0.989824,190814,27,14,0.00998569,4.70988e-06,0.9000715756153436,0.9978297742052957
200000.0,142,0.01,0.549435,0.972938,185117,18,34,0.00997624,5.53673e-05,0.9001188706511585,0.9925590793580364
200000.0,119,0.01,0.771076,0.99,180378,20,37,0.00996963,0.000197163,0.9001519654675166,0.9859585257184297
200000.0,215,0.01,0.501716,0.972938,194600,14,34,0.00999344,5.35038e-09,0.9000328053809651,0.999926853708228
200000.0,215,0.01,0.501716,0.972938,194600,14,34,0.00999344,5.35038e-09,0.9000328053809651,0.999926853708228
200000.0,162,0.01,0.552681,0.989824,190814,27,14,0.00998569,4.70988e-06,0.9000715756153436,0.9978297742052957
200000.0,197,0.01,0.552681,0.981389,200000,21,14,0.00999975,3.39634e-09,0.9000012500078126,0.9999417218737432
200000.0,180,0.01,0.549435,0.972938,185117,18,34,0.00997705,1.23875e-05,0.90011481591347,0.9964804119559244
200051.0,308,0.99,0.417876,0.99,178543,10,14,0.00992528,0.000394251,0.9003743005043378,0.980144245166703
200000.0,180,0.01,0.549435,0.972938,185117,18,34,0.00997705,1.23875e-05,0.90011481591347,0.9964804119559244
200000.0,287,0.99,0.478237,0.99,182644,10,24,0.00994746,0.000301822,0.9002630459659009,0.9826269749323844
200000.0,247,0.99,0.51666,0.99,186301,23,27,0.00995241,0.000289784,0.9002382337766617,0.9829769567938045
200000.0,237,0.99,0.509499,0.99,188269,17,33,0.00995693,0.000252927,0.9002155823788103,0.9840963211803054
200000.0,295,0.99,0.407881,0.989702,162279,10,22,0.00987072,0.00086256,0.9006485027792737,0.970630628198751
200000.0,182,0.01,0.426098,0.99,194600,14,34,0.00999073,2.80424e-06,0.9000463607465942,0.9983254134838713
200000.0,142,0.01,0.549435,0.977475,185117,18,34,0.00997371,0.000133011,0.9001315365092664,0.9884669605047065
202286.0,301,0.99,0.417876,0.99,180557,10,19,0.00992352,0.000398664,0.9003831339581494,0.980033427935672
200000.0,267,0.99,0.509499,0.99,188269,15,33,0.00996368,0.000241202,0.9001817651929268,0.984469320684529
200000.0,245,0.99,0.494826,0.99,160053,13,31,0.00986915,0.00101624,0.9006564043332435,0.9681214805864513
200000.0,287,0.99,0.4166,0.99,182644,10,24,0.00993513,0.000343813,0.9003248777276898,0.9814578048764446
200000.0,235,0.01,0.411174,0.99,194600,13,34,0.00999174,2.04103e-08,0.9000413085319741,0.9998571353787672
200000.0,308,0.99,0.417876,0.99,161345,10,14,0.00987259,0.000799922,0.9006390921941632,0.9717171076443727
204376.0,250,0.99,0.520629,0.99,193684,13,30,0.00996504,0.000222881,0.900174953042836,0.9850708004233315
200238.0,300,0.99,0.417876,0.99,169690,15,24,0.00989534,0.00069373,0.900524676426764,0.9736612452838028
200000.0,142,0.01,0.549435,0.972938,185117,18,34,0.00997624,5.53673e-05,0.9001188706511585,0.9925590793580364
200000.0,287,0.99,0.4166,0.99,176920,10,27,0.00991612,0.000460533,0.9004202831897982,0.9785399673811991
202286.0,301,0.99,0.417876,0.99,180557,10,19,0.00992352,0.000398664,0.9003831339581494,0.980033427935672
215800.0,237,0.99,0.509499,0.99,166246,10,33,0.00985497,0.001049,0.9007277984529405,0.9676117305185967
200000.0,247,0.99,0.498304,0.99,188887,23,29,0.00995917,0.000251576,0.9002043588126215,0.9841388525005282
200000.0,243,0.99,0.575481,0.99,169059,10,25,0.00991342,0.000541786,0.9004338410904589,0.9767237030436541
200000.0,287,0.99,0.444064,0.99,147754,10,29,0.00983273,0.00126236,0.9008398769665951,0.9644702941188644
200000.0,263,0.99,0.549393,0.99,107017,12,24,0.00974028,0.00317712,0.9013071431156237,0.943634052833293
200000.0,245,0.99,0.494826,0.99,160053,13,31,0.00986915,0.00101624,0.9006564043332435,0.9681214805864513
200313.0,247,0.99,0.542365,0.99,135998,13,30,0.00981168,0.00186507,0.9009460752922934,0.9568135437897481
200000.0,251,0.99,0.527595,0.99,133791,13,30,0.00980279,0.00200387,0.9009909600086942,0.9552353934452675
200000.0,287,0.99,0.444064,0.99,147754,10,29,0.00983273,0.00126236,0.9008398769665951,0.9644702941188644
200000.0,251,0.99,0.48744,0.99,180622,11,18,0.00993067,0.000391528,0.9003472529229626,0.9802129335170673
200000.0,263,0.99,0.54478,0.99,107981,12,28,0.00974046,0.00315307,0.9013062311997359,0.9438477961251742
200000.0,247,0.99,0.530195,0.99,139669,10,30,0.00981568,0.00152795,0.9009258863274568,0.9609109989894855
202286.0,301,0.99,0.417876,0.99,166962,10,19,0.00988162,0.000711381,0.9005936621738835,0.9733282733967221
200000.0,310,0.99,0.428767,0.99,118587,10,28,0.00974881,0.00251896,0.901263937692452,0.949810758124873
200000.0,247,0.99,0.530195,0.99,139669,10,30,0.00981568,0.00152795,0.9009258863274568,0.9609109989894855
200000.0,154,0.01,0.549435,0.972938,185117,18,33,0.00997489,5.94375e-05,0.9001256289131191,0.9922904280274454
200000.0,310,0.99,0.428767,0.99,125263,10,23,0.00977072,0.00215691,0.9011530475937675,0.9535574548501053
200000.0,310,0.99,0.412542,0.99,138379,15,29,0.00980817,0.00195353,0.9009637944991833,0.9558012443614077
200000.0,250,0.99,0.530195,0.99,139651,10,34,0.00981776,0.00150143,0.9009153896914359,0.9612517097151371
200000.0,269,0.95054,0.509499,0.99,188269,11,33,0.00996997,0.000188131,0.9001502628946876,0.9862839145526138
200000.0,204,0.01,0.417879,0.975951,182064,13,42,0.00997111,0.000139464,0.9001445544799884,0.9881905122888417
204376.0,250,0.99,0.463256,0.99,193684,13,33,0.00996063,0.000243197,0.9001970441319497,0.9844052252340728
200000.0,247,0.99,0.52539,0.99,139669,10,30,0.00981413,0.00154893,0.9009337090630724,0.9606435519895405
200000.0,217,0.99,0.575481,0.99,176725,10,27,0.00992134,0.000443609,0.9003940764813658,0.9789379725572299
200000.0,287,0.99,0.444064,0.99,147754,10,29,0.00983273,0.00126236,0.9008398769665951,0.9644702941188644
200000.0,309,0.99,0.417876,0.99,170005,11,14,0.00989936,0.000591034,0.9005044724623262,0.9756888091612114
200000.0,287,0.99,0.444064,0.99,147754,10,29,0.00983273,0.00126236,0.9008398769665951,0.9644702941188644
200000.0,287,0.99,0.444064,0.99,147754,10,29,0.00983273,0.00126236,0.9008398769665951,0.9644702941188644
200000.0,308,0.99,0.417876,0.99,161345,10,17,0.00987267,0.000799171,0.9006386896221673,0.9717303873390526
200000.0,269,0.99,0.509499,0.99,188269,10,33,0.00996426,0.000222906,0.9001788599544165,0.9850699631614654
200000.0,245,0.99,0.494826,0.99,160053,13,31,0.00986915,0.00101624,0.9006564043332435,0.9681214805864513
200000.0,119,0.01,0.727807,0.989832,180378,20,29,0.00996931,0.000214341,0.9001535679155234,0.9853596106609148
200000.0,240,0.99,0.530195,0.99,130665,10,32,0.00978461,0.00202119,0.9010828124136154,0.9550423532644334
200000.0,247,0.99,0.52539,0.99,139669,10,30,0.00981413,0.00154893,0.9009337090630724,0.9606435519895405
202286.0,301,0.99,0.427709,0.99,129068,10,19,0.00977475,0.00212112,0.9011326646460015,0.9539443814502508
202286.0,289,0.99,0.417876,0.99,166962,10,24,0.00987927,0.000750429,0.9006054830486108,0.9726060408118871
200238.0,308,0.99,0.417876,0.99,169690,15,19,0.00989818,0.000667331,0.9005104025538349,0.9741672494689396
200000.0,197,0.01,0.552681,0.981389,200000,21,14,0.00999975,3.39634e-09,0.9000012500078126,0.9999417218737432
200000.0,287,0.99,0.446726,0.99,182644,11,24,0.00993919,0.000331232,0.9003045136427932,0.9818002197815469
200000.0,295,0.99,0.407881,0.989991,155998,10,22,0.00985236,0.00105732,0.9007409449974462,0.9674835426283859
200000.0,292,0.99,0.417876,0.99,161345,14,15,0.0098697,0.000981775,0.900653636201419,0.9686667109929391
200000.0,263,0.99,0.54478,0.99,107981,12,34,0.0097406,0.00315279,0.9013055219376485,0.9438502894041296
200000.0,287,0.99,0.444064,0.99,149264,10,29,0.00983711,0.00120599,0.9008177939345974,0.9652726332699987
200000.0,263,0.99,0.549393,0.99,107017,19,30,0.00974675,0.00364329,0.9012743700957041,0.9396403280327005
200000.0,197,0.01,0.552681,0.981389,200000,24,14,0.00999976,8.08975e-09,0.9000012000072001,0.9999100569624707
215800.0,244,0.99,0.509499,0.99,132417,10,30,0.00977308,0.00237496,0.9011411106677806,0.9512664386690239
200000.0,310,0.99,0.428767,0.99,121958,14,23,0.00976509,0.00275746,0.90118153006649,0.9474884774549432
200000.0,301,0.99,0.42823,0.99,118520,15,24,0.00974942,0.0032109,0.901260848697186,0.9433351961090485
200000.0,295,0.99,0.44251,0.99,133121,15,29,0.00979691,0.00218407,0.901020658721125,0.9532659652929474
200000.0,247,0.99,0.530195,0.99,142974,13,30,0.00982787,0.00158102,0.9008643858141787,0.9602379577989258
200000.0,245,0.99,0.530331,0.99,139076,13,27,0.00981537,0.00178829,0.9009274508251655,0.9577118219829702
200000.0,310,0.99,0.428767,0.99,118587,14,28,0.00975437,0.00298608,0.9012357858331268,0.9453549636288894
200000.0,287,0.975195,0.40143,0.989711,147754,10,29,0.00985786,0.0014909,0.9007132435820366,0.9613878257540449
200000.0,162,0.01,0.552681,0.989824,190814,27,14,0.00998569,4.70988e-06,0.9000715756153436,0.9978297742052957
200000.0,142,0.01,0.549435,0.972938,185117,18,34,0.00997624,5.53673e-05,0.9001188706511585,0.9925590793580364
200000.0,215,0.01,0.501716,0.972938,194600,14,34,0.00999344,5.35038e-09,0.9000328053809651,0.999926853708228
200000.0,215,0.01,0.501716,0.972938,194600,14,34,0.00999344,5.35038e-09,0.9000328053809651,0.999926853708228
200000.0,162,0.01,0.552681,0.989824,190814,27,14,0.00998569,4.70988e-06,0.9000715756153436,0.9978297742052957
200000.0,197,0.01,0.552681,0.981389,200000,21,14,0.00999975,3.39634e-09,0.9000012500078126,0.9999417218737432
200000.0,180,0.01,0.549435,0.972938,185117,18,34,0.00997705,1.23875e-05,0.90011481591347,0.9964804119559244
200051.0,308,0.99,0.417876,0.99,178543,10,14,0.00992528,0.000394251,0.9003743005043378,0.980144245166703
200000.0,180,0.01,0.549435,0.972938,185117,18,34,0.00997705,1.23875e-05,0.90011481591347,0.9964804119559244
200000.0,295,0.99,0.407881,0.989702,162279,10,22,0.00987072,0.00086256,0.9006485027792737,0.970630628198751
200000.0,182,0.01,0.426098,0.99,194600,14,34,0.00999073,2.80424e-06,0.9000463607465942,0.9983254134838713
200000.0,142,0.01,0.549435,0.977475,185117,18,34,0.00997371,0.000133011,0.9001315365092664,0.9884669605047065
202286.0,301,0.99,0.417876,0.99,180557,10,19,0.00992352,0.000398664,0.9003831339581494,0.980033427935672
200000.0,245,0.99,0.494826,0.99,160053,13,31,0.00986915,0.00101624,0.9006564043332435,0.9681214805864513
200000.0,287,0.99,0.4166,0.99,182644,10,24,0.00993513,0.000343813,0.9003248777276898,0.9814578048764446
200000.0,235,0.01,0.411174,0.99,194600,13,34,0.00999174,2.04103e-08,0.9000413085319741,0.9998571353787672
200000.0,308,0.99,0.417876,0.99,161345,10,14,0.00987259,0.000799922,0.9006390921941632,0.9717171076443727
204376.0,250,0.99,0.520629,0.99,193684,13,30,0.00996504,0.000222881,0.900174953042836,0.9850708004233315
200238.0,300,0.99,0.417876,0.99,169690,15,24,0.00989534,0.00069373,0.900524676426764,0.9736612452838028
200000.0,142,0.01,0.549435,0.972938,185117,18,34,0.00997624,5.53673e-05,0.9001188706511585,0.9925590793580364
200000.0,287,0.99,0.4166,0.99,176920,10,27,0.00991612,0.000460533,0.9004202831897982,0.9785399673811991
202286.0,301,0.99,0.417876,0.99,180557,10,19,0.00992352,0.000398664,0.9003831339581494,0.980033427935672
215800.0,237,0.99,0.509499,0.99,166246,10,33,0.00985497,0.001049,0.9007277984529405,0.9676117305185967
200000.0,243,0.99,0.575481,0.99,169059,10,25,0.00991342,0.000541786,0.9004338410904589,0.9767237030436541
200000.0,287,0.99,0.444064,0.99,147754,10,29,0.00983273,0.00126236,0.9008398769665951,0.9644702941188644
200000.0,263,0.99,0.549393,0.99,107017,12,24,0.00974028,0.00317712,0.9013071431156237,0.943634052833293
200000.0,245,0.99,0.494826,0.99,160053,13,31,0.00986915,0.00101624,0.9006564043332435,0.9681214805864513
200313.0,247,0.99,0.542365,0.99,135998,13,30,0.00981168,0.00186507,0.9009460752922934,0.9568135437897481
200000.0,287,0.99,0.444064,0.99,147754,10,29,0.00983273,0.00126236,0.9008398769665951,0.9644702941188644
200000.0,251,0.99,0.48744,0.99,180622,11,18,0.00993067,0.000391528,0.9003472529229626,0.9802129335170673
200000.0,263,0.99,0.54478,0.99,107981,12,28,0.00974046,0.00315307,0.9013062311997359,0.9438477961251742
200000.0,247,0.99,0.530195,0.99,139669,10,30,0.00981568,0.00152795,0.9009258863274568,0.9609109989894855
202286.0,301,0.99,0.417876,0.99,166962,10,19,0.00988162,0.000711381,0.9005936621738835,0.9733282733967221
200000.0,310,0.99,0.428767,0.99,118587,10,28,0.00974881,0.00251896,0.901263937692452,0.949810758124873
200000.0,247,0.99,0.530195,0.99,139669,10,30,0.00981568,0.00152795,0.9009258863274568,0.9609109989894855
200000.0,154,0.01,0.549435,0.972938,185117,18,33,0.00997489,5.94375e-05,0.9001256289131191,0.9922904280274454
200000.0,310,0.99,0.428767,0.99,125263,10,23,0.00977072,0.00215691,0.9011530475937675,0.9535574548501053
200000.0,250,0.99,0.530195,0.99,139651,10,34,0.00981776,0.00150143,0.9009153896914359,0.9612517097151371
200000.0,204,0.01,0.417879,0.975951,182064,13,42,0.00997111,0.000139464,0.9001445544799884,0.9881905122888417
200000.0,247,0.99,0.52539,0.99,139669,10,30,0.00981413,0.00154893,0.9009337090630724,0.9606435519895405
200000.0,217,0.99,0.575481,0.99,176725,10,27,0.00992134,0.000443609,0.9003940764813658,0.9789379725572299
200000.0,287,0.99,0.444064,0.99,147754,10,29,0.00983273,0.00126236,0.9008398769665951,0.9644702941188644
200000.0,309,0.99,0.417876,0.99,170005,11,14,0.00989936,0.000591034,0.9005044724623262,0.9756888091612114
200000.0,287,0.99,0.444064,0.99,147754,10,29,0.00983273,0.00126236,0.9008398769665951,0.9644702941188644
200000.0,287,0.99,0.444064,0.99,147754,10,29,0.00983273,0.00126236,0.9008398769665951,0.9644702941188644
200000.0,308,0.99,0.417876,0.99,161345,10,17,0.00987267,0.000799171,0.9006386896221673,0.9717303873390526
200000.0,269,0.99,0.509499,0.99,188269,10,33,0.00996426,0.000222906,0.9001788599544165,0.9850699631614654
200000.0,245,0.99,0.494826,0.99,160053,13,31,0.00986915,0.00101624,0.9006564043332435,0.9681214805864513
200000.0,240,0.99,0.530195,0.99,130665,10,32,0.00978461,0.00202119,0.9010828124136154,0.9550423532644334
200000.0,247,0.99,0.52539,0.99,139669,10,30,0.00981413,0.00154893,0.9009337090630724,0.9606435519895405
202286.0,301,0.99,0.427709,0.99,129068,10,19,0.00977475,0.00212112,0.9011326646460015,0.9539443814502508
202286.0,289,0.99,0.417876,0.99,166962,10,24,0.00987927,0.000750429,0.9006054830486108,0.9726060408118871
200238.0,308,0.99,0.417876,0.99,169690,15,19,0.00989818,0.000667331,0.9005104025538349,0.9741672494689396
200000.0,197,0.01,0.552681,0.981389,200000,21,14,0.00999975,3.39634e-09,0.9000012500078126,0.9999417218737432
200000.0,287,0.99,0.446726,0.99,182644,11,24,0.00993919,0.000331232,0.9003045136427932,0.9818002197815469
200000.0,295,0.99,0.407881,0.989991,155998,10,22,0.00985236,0.00105732,0.9007409449974462,0.9674835426283859
200000.0,292,0.99,0.417876,0.99,161345,14,15,0.0098697,0.000981775,0.900653636201419,0.9686667109929391
200000.0,263,0.99,0.54478,0.99,107981,12,34,0.0097406,0.00315279,0.9013055219376485,0.9438502894041296
200000.0,287,0.99,0.444064,0.99,149264,10,29,0.00983711,0.00120599,0.9008177939345974,0.9652726332699987
200000.0,309,0.99,0.417876,0.99,177502,11,18,0.00992267,0.000420411,0.9003874003953315,0.9794960735467569
202286.0,301,0.99,0.417876,0.99,187578,10,24,0.00994672,0.000278182,0.9002667557932662,0.983321211075141
200000.0,287,0.99,0.444064,0.989954,187317,10,22,0.00995421,0.000235492,0.9002292126922915,0.9846542514030758
200000.0,197,0.01,0.552681,0.981389,200000,21,14,0.00999975,3.39634e-09,0.9000012500078126,0.9999417218737432
200000.0,295,0.99,0.407881,0.989702,184278,10,22,0.00994053,0.000318038,0.900297793404559,0.9821663800646083
200000.0,370,0.99,0.354877,0.989702,162279,10,22,0.00987707,0.000768506,0.900616550673666,0.972278059230999
200220.0,247,0.99,0.542365,0.99,135998,13,30,0.00981176,0.00186239,0.9009456714726711,0.9568445831905195
202239.0,292,0.99,0.444064,0.99,132461,10,29,0.00978706,0.00192754,0.9010704290922072,0.9560962416187406
200000.0,204,0.01,0.417879,0.981716,182064,12,37,0.00996881,0.000169066,0.9001560717920213,0.9869974617862511
200000.0,247,0.99,0.530195,0.99,140265,10,29,0.00981744,0.00150329,0.900917004486138,0.9612277160848113
200000.0,287,0.99,0.444064,0.99,147158,10,30,0.009831,0.00128486,0.900848600615019,0.9641550561445551
208719.0,310,0.99,0.428767,0.99,118587,10,28,0.00974641,0.00270888,0.9012760920546599,0.9479530980749094
200000.0,247,0.99,0.52539,0.99,139669,10,30,0.00981413,0.00154893,0.9009337090630724,0.9606435519895405
200000.0,320,0.99,0.412819,0.989916,149264,10,29,0.00984191,0.00115087,0.900793598996839,0.9660755250593321
200000.0,263,0.99,0.54478,0.986175,107981,17,28,0.00974543,0.0039914,0.9012810555161777,0.936822472349735
200000.0,197,0.01,0.552681,0.981389,200000,24,14,0.00999976,8.08975e-09,0.9000012000072001,0.9999100569624707
200000.0,295,0.99,0.407881,0.989702,162279,13,22,0.00987196,0.000962625,0.9006422625056307,0.9689738013930163
200000.0,287,0.99,0.444064,0.99,147754,10,31,0.00983276,0.0012626,0.9008397256962245,0.964466916823895
200000.0,263,0.99,0.549393,0.99,107017,19,30,0.00974675,0.00364329,0.9012743700957041,0.9396403280327005
200000.0,247,0.99,0.530195,0.99,142974,13,30,0.00982787,0.00158102,0.9008643858141787,0.9602379577989258
215800.0,244,0.99,0.509499,0.99,132417,10,30,0.00977308,0.00237496,0.9011411106677806,0.9512664386690239
200000.0,162,0.01,0.552681,0.989824,190814,27,14,0.00998569,4.70988e-06,0.9000715756153436,0.9978297742052957
200000.0,142,0.01,0.549435,0.972938,185117,18,34,0.00997624,5.53673e-05,0.9001188706511585,0.9925590793580364
200000.0,215,0.01,0.501716,0.972938,194600,14,34,0.00999344,5.35038e-09,0.9000328053809651,0.999926853708228
200000.0,215,0.01,0.501716,0.972938,194600,14,34,0.00999344,5.35038e-09,0.9000328053809651,0.999926853708228
200000.0,162,0.01,0.552681,0.989824,190814,27,14,0.00998569,4.70988e-06,0.9000715756153436,0.9978297742052957
200000.0,197,0.01,0.552681,0.981389,200000,21,14,0.00999975,3.39634e-09,0.9000012500078126,0.9999417218737432
200000.0,180,0.01,0.549435,0.972938,185117,18,34,0.00997705,1.23875e-05,0.90011481591347,0.9964804119559244
200051.0,308,0.99,0.417876,0.99,178543,10,14,0.00992528,0.000394251,0.9003743005043378,0.980144245166703
200000.0,180,0.01,0.549435,0.972938,185117,18,34,0.00997705,1.23875e-05,0.90011481591347,0.9964804119559244
200000.0,295,0.99,0.407881,0.989702,162279,10,22,0.00987072,0.00086256,0.9006485027792737,0.970630628198751
200000.0,182,0.01,0.426098,0.99,194600,14,34,0.00999073,2.80424e-06,0.9000463607465942,0.9983254134838713
200000.0,142,0.01,0.549435,0.977475,185117,18,34,0.00997371,0.000133011,0.9001315365092664,0.9884669605047065
202286.0,301,0.99,0.417876,0.99,180557,10,19,0.00992352,0.000398664,0.9003831339581494,0.980033427935672
200000.0,287,0.99,0.4166,0.99,182644,10,24,0.00993513,0.000343813,0.9003248777276898,0.9814578048764446
200000.0,235,0.01,0.411174,0.99,194600,13,34,0.00999174,2.04103e-08,0.9000413085319741,0.9998571353787672
200000.0,308,0.99,0.417876,0.99,161345,10,14,0.00987259,0.000799922,0.9006390921941632,0.9717171076443727
200238.0,300,0.99,0.417876,0.99,169690,15,24,0.00989534,0.00069373,0.900524676426764,0.9736612452838028
200000.0,142,0.01,0.549435,0.972938,185117,18,34,0.00997624,5.53673e-05,0.9001188706511585,0.9925590793580364
200000.0,287,0.99,0.4166,0.99,176920,10,27,0.00991612,0.000460533,0.9004202831897982,0.9785399673811991
202286.0,301,0.99,0.417876,0.99,180557,10,19,0.00992352,0.000398664,0.9003831339581494,0.980033427935672
215800.0,237,0.99,0.509499,0.99,166246,10,33,0.00985497,0.001049,0.9007277984529405,0.9676117305185967
200000.0,243,0.99,0.575481,0.99,169059,10,25,0.00991342,0.000541786,0.9004338410904589,0.9767237030436541
200000.0,287,0.99,0.444064,0.99,147754,10,29,0.00983273,0.00126236,0.9008398769665951,0.9644702941188644
200000.0,263,0.99,0.549393,0.99,107017,12,24,0.00974028,0.00317712,0.9013071431156237,0.943634052833293
200313.0,247,0.99,0.542365,0.99,135998,13,30,0.00981168,0.00186507,0.9009460752922934,0.9568135437897481
200000.0,287,0.99,0.444064,0.99,147754,10,29,0.00983273,0.00126236,0.9008398769665951,0.9644702941188644
200000.0,251,0.99,0.48744,0.99,180622,11,18,0.00993067,0.000391528,0.9003472529229626,0.9802129335170673
200000.0,263,0.99,0.54478,0.99,107981,12,28,0.00974046,0.00315307,0.9013062311997359,0.9438477961251742
200000.0,247,0.99,0.530195,0.99,139669,10,30,0.00981568,0.00152795,0.9009258863274568,0.9609109989894855
202286.0,301,0.99,0.417876,0.99,166962,10,19,0.00988162,0.000711381,0.9005936621738835,0.9733282733967221
200000.0,310,0.99,0.428767,0.99,118587,10,28,0.00974881,0.00251896,0.901263937692452,0.949810758124873
200000.0,247,0.99,0.530195,0.99,139669,10,30,0.00981568,0.00152795,0.9009258863274568,0.9609109989894855
200000.0,154,0.01,0.549435,0.972938,185117,18,33,0.00997489,5.94375e-05,0.9001256289131191,0.9922904280274454
200000.0,310,0.99,0.428767,0.99,125263,10,23,0.00977072,0.00215691,0.9011530475937675,0.9535574548501053
200000.0,250,0.99,0.530195,0.99,139651,10,34,0.00981776,0.00150143,0.9009153896914359,0.9612517097151371
200000.0,204,0.01,0.417879,0.975951,182064,13,42,0.00997111,0.000139464,0.9001445544799884,0.9881905122888417
200000.0,247,0.99,0.52539,0.99,139669,10,30,0.00981413,0.00154893,0.9009337090630724,0.9606435519895405
200000.0,217,0.99,0.575481,0.99,176725,10,27,0.00992134,0.000443609,0.9003940764813658,0.9789379725572299
200000.0,287,0.99,0.444064,0.99,147754,10,29,0.00983273,0.00126236,0.9008398769665951,0.9644702941188644
200000.0,309,0.99,0.417876,0.99,170005,11,14,0.00989936,0.000591034,0.9005044724623262,0.9756888091612114
200000.0,287,0.99,0.444064,0.99,147754,10,29,0.00983273,0.00126236,0.9008398769665951,0.9644702941188644
200000.0,287,0.99,0.444064,0.99,147754,10,29,0.00983273,0.00126236,0.9008398769665951,0.9644702941188644
200000.0,308,0.99,0.417876,0.99,161345,10,17,0.00987267,0.000799171,0.9006386896221673,0.9717303873390526
200000.0,240,0.99,0.530195,0.99,130665,10,32,0.00978461,0.00202119,0.9010828124136154,0.9550423532644334
200000.0,247,0.99,0.52539,0.99,139669,10,30,0.00981413,0.00154893,0.9009337090630724,0.9606435519895405
202286.0,301,0.99,0.427709,0.99,129068,10,19,0.00977475,0.00212112,0.9011326646460015,0.9539443814502508
202286.0,289,0.99,0.417876,0.99,166962,10,24,0.00987927,0.000750429,0.9006054830486108,0.9726060408118871
200000.0,197,0.01,0.552681,0.981389,200000,21,14,0.00999975,3.39634e-09,0.9000012500078126,0.9999417218737432
200000.0,287,0.99,0.446726,0.99,182644,11,24,0.00993919,0.000331232,0.9003045136427932,0.9818002197815469
200000.0,295,0.99,0.407881,0.989991,155998,10,22,0.00985236,0.00105732,0.9007409449974462,0.9674835426283859
200000.0,263,0.99,0.54478,0.99,107981,12,34,0.0097406,0.00315279,0.9013055219376485,0.9438502894041296
200000.0,287,0.99,0.444064,0.99,149264,10,29,0.00983711,0.00120599,0.9008177939345974,0.9652726332699987
200000.0,309,0.99,0.417876,0.99,177502,11,18,0.00992267,0.000420411,0.9003874003953315,0.9794960735467569
202286.0,301,0.99,0.417876,0.99,187578,10,24,0.00994672,0.000278182,0.9002667557932662,0.983321211075141
200000.0,287,0.99,0.444064,0.989954,187317,10,22,0.00995421,0.000235492,0.9002292126922915,0.9846542514030758
200000.0,197,0.01,0.552681,0.981389,200000,21,14,0.00999975,3.39634e-09,0.9000012500078126,0.9999417218737432
200000.0,295,0.99,0.407881,0.989702,184278,10,22,0.00994053,0.000318038,0.900297793404559,0.9821663800646083
200220.0,247,0.99,0.542365,0.99,135998,13,30,0.00981176,0.00186239,0.9009456714726711,0.9568445831905195
202239.0,292,0.99,0.444064,0.99,132461,10,29,0.00978706,0.00192754,0.9010704290922072,0.9560962416187406
200000.0,204,0.01,0.417879,0.981716,182064,12,37,0.00996881,0.000169066,0.9001560717920213,0.9869974617862511
200000.0,247,0.99,0.530195,0.99,140265,10,29,0.00981744,0.00150329,0.900917004486138,0.9612277160848113
200000.0,287,0.99,0.444064,0.99,147158,10,30,0.009831,0.00128486,0.900848600615019,0.9641550561445551
208719.0,310,0.99,0.428767,0.99,118587,10,28,0.00974641,0.00270888,0.9012760920546599,0.9479530980749094
200000.0,247,0.99,0.52539,0.99,139669,10,30,0.00981413,0.00154893,0.9009337090630724,0.9606435519895405
200000.0,287,0.99,0.453095,0.99,185367,10,22,0.00994945,0.000273081,0.9002530702226881,0.9834748373684251
200000.0,287,0.99,0.4166,0.989997,184594,10,24,0.00994184,0.000304573,0.9002912240572576,0.9825479800596034
200000.0,320,0.99,0.412819,0.99,149264,10,27,0.00984187,0.00114538,0.9007938005969385,0.9661565368202366
200928.0,301,0.99,0.410965,0.99,166962,10,15,0.00988298,0.000700319,0.9005868217991196,0.9735364590426754
200000.0,287,0.99,0.419029,0.99,147158,10,30,0.00982771,0.00140215,0.9008651927928439,0.9625547065707851
200000.0,245,0.99,0.553856,0.99,118587,10,30,0.00975658,0.00243852,0.9012245982038039,0.9506186269935718
200000.0,370,0.99,0.354877,0.99,162279,10,22,0.00987702,0.000752801,0.9006168022249234,0.9725627807531448
200000.0,272,0.99,0.530195,0.99,130665,10,32,0.00981204,0.00167258,0.9009442581169572,0.9591028118325966
200000.0,293,0.99,0.423922,0.99,190040,10,25,0.00996214,0.000201167,0.9001894795124281,0.9858166647081866
200000.0,287,0.99,0.444064,0.989954,187317,10,22,0.00995421,0.000235492,0.9002292126922915,0.9846542514030758
203314.0,250,0.99,0.520629,0.99,193684,13,30,0.00996807,0.000187249,0.9001597776444784,0.9863161043558495
200000.0,287,0.99,0.446726,0.99,182644,11,24,0.00993919,0.000331232,0.9003045136427932,0.9818002197815469
200000.0,372,0.979991,0.354877,0.989956,166787,10,28,0.00989675,0.000629949,0.9005175894944237,0.9749012151688573
215800.0,237,0.99,0.509499,0.99,153877,10,35,0.0098246,0.00148647,0.9008808797456314,0.9614452337576792
200000.0,294,0.979126,0.428767,0.99,157277,10,28,0.00986809,0.000942427,0.9006617394958015,0.9693010260757791
200000.0,197,0.01,0.552681,0.981389,200000,24,14,0.00999976,8.08975e-09,0.9000012000072001,0.9999100569624707
200000.0,197,0.01,0.552681,0.981389,200000,21,14,0.00999975,3.39634e-09,0.9000012500078126,0.9999417218737432
200000.0,263,0.99,0.549393,0.99,107017,12,24,0.00974028,0.00317712,0.9013071431156237,0.943634052833293
200000.0,197,0.01,0.552681,0.981389,200000,21,14,0.00999975,3.39634e-09,0.9000012500078126,0.9999417218737432
208719.0,310,0.99,0.428767,0.99,118587,10,28,0.00974641,0.00270888,0.9012760920546599,0.9479530980749094
200000.0,263,0.99,0.54478,0.99,107981,12,34,0.0097406,0.00315279,0.9013055219376485,0.9438502894041296
215800.0,237,0.99,0.509499,0.99,145304,10,35,0.00980362,0.00184697,0.9009867685609645,0.9570236111335538
200000.0,245,0.99,0.553856,0.99,118587,10,32,0.00975663,0.00243844,0.9012243451046767,0.9506194370222453
200000.0,310,0.99,0.428767,0.989993,125263,10,23,0.00977072,0.00215745,0.9011530475937675,0.9535516415790611
202239.0,292,0.99,0.444064,0.99,132461,10,29,0.00978706,0.00192754,0.9010704290922072,0.9560962416187406
200000.0,294,0.979126,0.428767,0.99,157277,10,28,0.00986809,0.000942427,0.9006617394958015,0.9693010260757791
200000.0,310,0.99,0.428767,0.99,118587,10,28,0.00974881,0.00251896,0.901263937692452,0.949810758124873
200000.0,252,0.99,0.468991,0.99,140265,10,29,0.00981193,0.00176011,0.9009448133614397,0.9580463350826176
202286.0,301,0.99,0.427709,0.99,129068,10,19,0.00977475,0.00212112,0.9011326646460015,0.9539443814502508
200000.0,287,0.99,0.4295,0.99,156717,10,27,0.00985544,0.000995893,0.9007254312525106,0.9684422275817827
200000.0,287,0.99,0.419029,0.99,147158,10,30,0.00982771,0.00140215,0.9008651927928439,0.9625547065707851
200000.0,309,0.99,0.417876,0.99,170005,11,14,0.00989936,0.000591034,0.9005044724623262,0.9756888091612114
200000.0,372,0.99,0.354877,0.989956,166787,10,28,0.00989152,0.000634239,0.9005438790219527,0.9748158978718716
200000.0,272,0.99,0.530195,0.99,130665,10,32,0.00981204,0.00167258,0.9009442581169572,0.9591028118325966
200000.0,287,0.99,0.444064,0.99,149264,10,29,0.00983711,0.00120599,0.9008177939345974,0.9652726332699987
200000.0,327,0.99,0.419841,0.99,170005,11,13,0.00991013,0.000554654,0.9004503641392898,0.9764489066071234
215800.0,237,0.99,0.509499,0.99,153877,10,35,0.0098246,0.00148647,0.9008808797456314,0.9614452337576792
200980.0,240,0.99,0.530195,0.99,130665,10,29,0.00978346,0.00204491,0.9010886255276978,0.9547793188905784
200000.0,293,0.99,0.423922,0.99,190040,10,25,0.00996214,0.000201167,0.9001894795124281,0.9858166647081866
202286.0,289,0.99,0.426469,0.99,154976,10,24,0.00984568,0.00110687,0.9007746000260014,0.9667303441556724
200000.0,320,0.99,0.412819,0.99,149264,10,27,0.00984187,0.00114538,0.9007938005969385,0.9661565368202366
200928.0,301,0.99,0.410965,0.99,166962,10,15,0.00988298,0.000700319,0.9005868217991196,0.9735364590426754
200000.0,245,0.99,0.553856,0.99,118587,10,30,0.00975658,0.00243852,0.9012245982038039,0.9506186269935718
200000.0,295,0.99,0.407881,0.989991,155998,10,22,0.00985236,0.00105732,0.9007409449974462,0.9674835426283859
200000.0,251,0.99,0.48744,0.99,180622,11,18,0.00993067,0.000391528,0.9003472529229626,0.9802129335170673
200000.0,287,0.99,0.4166,0.99,182644,10,24,0.00993513,0.000343813,0.9003248777276898,0.9814578048764446
200000.0,168,0.01,0.549435,0.972938,185117,18,33,0.00997482,4.78373e-05,0.9001259793539882,0.9930835485977273
200000.0,240,0.99,0.530195,0.99,130665,10,32,0.00978461,0.00202119,0.9010828124136154,0.9550423532644334
200000.0,295,0.99,0.407881,0.989702,162279,10,22,0.00987072,0.00086256,0.9006485027792737,0.970630628198751
200000.0,303,0.99,0.419029,0.99,147158,10,30,0.00982962,0.00129208,0.9008555599138308,0.964054485676235
200000.0,243,0.99,0.575481,0.99,169059,10,25,0.00991342,0.000541786,0.9004338410904589,0.9767237030436541
200000.0,247,0.99,0.52539,0.99,139669,10,30,0.00981413,0.00154893,0.9009337090630724,0.9606435519895405
200000.0,180,0.01,0.549435,0.972938,185117,18,34,0.00997705,1.23875e-05,0.90011481591347,0.9964804119559244
200000.0,372,0.979991,0.354877,0.989956,166787,10,28,0.00989675,0.000629949,0.9005175894944237,0.9749012151688573
200000.0,142,0.01,0.549435,0.977475,185117,18,34,0.00997371,0.000133011,0.9001315365092664,0.9884669605047065
200000.0,287,0.99,0.444064,0.989954,187317,10,22,0.00995421,0.000235492,0.9002292126922915,0.9846542514030758
200000.0,287,0.99,0.453095,0.99,185367,10,22,0.00994945,0.000273081,0.9002530702226881,0.9834748373684251
202286.0,301,0.99,0.417876,0.99,187578,10,24,0.00994672,0.000278182,0.9002667557932662,0.983321211075141
200000.0,217,0.99,0.575481,0.99,176725,10,27,0.00992134,0.000443609,0.9003940764813658,0.9789379725572299
200000.0,287,0.99,0.4166,0.989997,184594,10,24,0.00994184,0.000304573,0.9002912240572576,0.9825479800596034
200000.0,308,0.99,0.417876,0.99,175093,10,18,0.00991448,0.000461639,0.9004285181389772,0.9785142140008796
203314.0,250,0.99,0.520629,0.99,193684,13,30,0.00996807,0.000187249,0.9001597776444784,0.9863161043558495
200000.0,310,0.99,0.428767,0.99,118587,10,28,0.00974881,0.00251896,0.901263937692452,0.949810758124873
200000.0,162,0.01,0.552681,0.989824,190814,27,14,0.00998569,4.70988e-06,0.9000715756153436,0.9978297742052957
200000.0,250,0.99,0.530195,0.99,139651,10,34,0.00981776,0.00150143,0.9009153896914359,0.9612517097151371
200000.0,287,0.99,0.4166,0.99,176920,10,27,0.00991612,0.000460533,0.9004202831897982,0.9785399673811991
200000.0,370,0.99,0.354877,0.99,162049,10,20,0.0098763,0.000758968,0.9006204246336301,0.9724506261414165
200000.0,204,0.01,0.417879,0.975951,182064,13,42,0.00997111,0.000139464,0.9001445544799884,0.9881905122888417
200051.0,308,0.99,0.417876,0.99,178543,10,14,0.00992528,0.000394251,0.9003743005043378,0.980144245166703
200000.0,287,0.99,0.444064,0.989954,187317,10,22,0.00995421,0.000235492,0.9002292126922915,0.9846542514030758
202286.0,301,0.99,0.417876,0.99,166962,10,19,0.00988162,0.000711381,0.9005936621738835,0.9733282733967221
200000.0,308,0.99,0.417876,0.99,161345,10,17,0.00987267,0.000799171,0.9006386896221673,0.9717303873390526
200000.0,310,0.99,0.428767,0.99,125263,10,23,0.00977072,0.00215691,0.9011530475937675,0.9535574548501053
200000.0,309,0.99,0.417876,0.99,160594,10,13,0.00987082,0.000817961,0.9006479995168694,0.9713999825174878
215800.0,237,0.99,0.509499,0.99,166246,10,33,0.00985497,0.001049,0.9007277984529405,0.9676117305185967
200000.0,204,0.01,0.417879,0.981716,182064,12,37,0.00996881,0.000169066,0.9001560717920213,0.9869974617862511
200000.0,182,0.01,0.426098,0.99,194600,14,34,0.00999073,2.80424e-06,0.9000463607465942,0.9983254134838713
200000.0,287,0.99,0.444064,0.99,147754,10,29,0.00983273,0.00126236,0.9008398769665951,0.9644702941188644
200000.0,215,0.01,0.501716,0.972938,194600,14,34,0.00999344,5.35038e-09,0.9000328053809651,0.999926853708228
200000.0,287,0.99,0.444064,0.99,147754,10,29,0.00983273,0.00126236,0.9008398769665951,0.9644702941188644
200000.0,309,0.99,0.417876,0.99,177502,11,18,0.00992267,0.000420411,0.9003874003953315,0.9794960735467569
200000.0,162,0.01,0.552681,0.989824,190814,27,14,0.00998569,4.70988e-06,0.9000715756153436,0.9978297742052957
200000.0,294,0.99,0.415525,0.99,165105,10,27,0.00987937,0.00074701,0.9006049800040263,0.972668516322746
200000.0,287,0.99,0.444064,0.99,147158,10,30,0.009831,0.00128486,0.900848600615019,0.9641550561445551
200000.0,287,0.99,0.446726,0.99,182644,11,24,0.00993919,0.000331232,0.9003045136427932,0.9818002197815469
200000.0,295,0.99,0.407881,0.989702,184278,10,22,0.00994053,0.000318038,0.900297793404559,0.9821663800646083
200000.0,247,0.99,0.530195,0.99,140265,10,29,0.00981744,0.00150329,0.900917004486138,0.9612277160848113
200000.0,247,0.99,0.52539,0.99,139669,10,30,0.00981413,0.00154893,0.9009337090630724,0.9606435519895405
200000.0,370,0.99,0.354877,0.99,162279,10,22,0.00987702,0.000752801,0.9006168022249234,0.9725627807531448
200000.0,247,0.99,0.530195,0.99,139669,10,30,0.00981568,0.00152795,0.9009258863274568,0.9609109989894855
202286.0,301,0.99,0.417876,0.99,180557,10,19,0.00992352,0.000398664,0.9003831339581494,0.980033427935672
200000.0,247,0.99,0.530195,0.99,139669,10,30,0.00981568,0.00152795,0.9009258863274568,0.9609109989894855
200000.0,308,0.99,0.417876,0.99,161345,10,14,0.00987259,0.000799922,0.9006390921941632,0.9717171076443727
200000.0,235,0.01,0.411174,0.99,194600,13,34,0.00999174,2.04103e-08,0.9000413085319741,0.9998571353787672
200000.0,180,0.01,0.549435,0.972938,185117,18,34,0.00997705,1.23875e-05,0.90011481591347,0.9964804119559244
202286.0,289,0.99,0.417876,0.99,166962,10,24,0.00987927,0.000750429,0.9006054830486108,0.9726060408118871
200000.0,197,0.01,0.552681,0.981389,200000,21,14,0.00999975,3.39634e-09,0.9000012500078126,0.9999417218737432
200000.0,263,0.99,0.549393,0.99,107017,12,24,0.00974028,0.00317712,0.9013071431156237,0.943634052833293
200000.0,197,0.01,0.552681,0.981389,200000,21,14,0.00999975,3.39634e-09,0.9000012500078126,0.9999417218737432
208719.0,310,0.99,0.428767,0.99,118587,10,28,0.00974641,0.00270888,0.9012760920546599,0.9479530980749094
200000.0,263,0.99,0.54478,0.99,107981,12,34,0.0097406,0.00315279,0.9013055219376485,0.9438502894041296
200000.0,297,0.99,0.417876,0.99,136575,10,17,0.00979661,0.0018052,0.9010221742004807,0.9575123547369356
200000.0,245,0.99,0.553856,0.99,118587,10,32,0.00975663,0.00243844,0.9012243451046767,0.9506194370222453
200000.0,310,0.99,0.428767,0.989993,125263,10,23,0.00977072,0.00215745,0.9011530475937675,0.9535516415790611
200000.0,252,0.99,0.468991,0.99,140265,10,29,0.00981193,0.00176011,0.9009448133614397,0.9580463350826176
202239.0,292,0.99,0.444064,0.99,132461,10,29,0.00978706,0.00192754,0.9010704290922072,0.9560962416187406
200000.0,310,0.99,0.428767,0.99,118587,10,28,0.00974881,0.00251896,0.901263937692452,0.949810758124873
200000.0,287,0.99,0.419029,0.99,147158,10,30,0.00982771,0.00140215,0.9008651927928439,0.9625547065707851
200000.0,372,0.99,0.354877,0.989956,166787,10,28,0.00989152,0.000634239,0.9005438790219527,0.9748158978718716
200000.0,272,0.99,0.530195,0.99,130665,10,32,0.00981204,0.00167258,0.9009442581169572,0.9591028118325966
200000.0,287,0.99,0.444064,0.99,149264,10,29,0.00983711,0.00120599,0.9008177939345974,0.9652726332699987
200000.0,294,0.979126,0.428767,0.99,172206,10,27,0.0099101,0.000532476,0.9004505148180062,0.9769245585090989
215800.0,237,0.99,0.509499,0.99,153877,10,35,0.0098246,0.00148647,0.9008808797456314,0.9614452337576792
202286.0,289,0.99,0.426469,0.99,154976,10,24,0.00984568,0.00110687,0.9007746000260014,0.9667303441556724
200000.0,287,0.99,0.4295,0.99,156717,10,31,0.00985548,0.0009956,0.9007252297912506,0.9684468702027834
200000.0,320,0.99,0.412819,0.99,149264,10,27,0.00984187,0.00114538,0.9007938005969385,0.9661565368202366
200928.0,301,0.99,0.410965,0.99,166962,10,15,0.00988298,0.000700319,0.9005868217991196,0.9735364590426754
200000.0,309,0.979452,0.417876,0.99,170005,10,24,0.009905,0.000567507,0.9004761335156235,0.9761775945798918
202239.0,306,0.99,0.444064,0.99,126154,10,29,0.00977796,0.00208909,0.9011164321032054,0.9542934359199906
200000.0,294,0.979126,0.428767,0.99,157277,10,28,0.00986809,0.000942427,0.9006617394958015,0.9693010260757791
200000.0,245,0.99,0.553856,0.99,118587,10,30,0.00975658,0.00243852,0.9012245982038039,0.9506186269935718
200000.0,251,0.99,0.48744,0.99,180622,11,18,0.00993067,0.000391528,0.9003472529229626,0.9802129335170673
200000.0,293,0.99,0.423922,0.99,190040,10,25,0.00996214,0.000201167,0.9001894795124281,0.9858166647081866
200000.0,287,0.99,0.4166,0.99,182644,10,24,0.00993513,0.000343813,0.9003248777276898,0.9814578048764446
200000.0,295,0.99,0.407881,0.989991,155998,10,22,0.00985236,0.00105732,0.9007409449974462,0.9674835426283859
200000.0,309,0.99,0.417876,0.99,170005,11,14,0.00989936,0.000591034,0.9005044724623262,0.9756888091612114
200000.0,168,0.01,0.549435,0.972938,185117,18,33,0.00997482,4.78373e-05,0.9001259793539882,0.9930835485977273
200000.0,372,0.99,0.354877,0.989987,145261,10,29,0.00982833,0.00129107,0.9008620657871065,0.9640685374636656
202286.0,301,0.99,0.427709,0.99,129068,10,19,0.00977475,0.00212112,0.9011326646460015,0.9539443814502508
200980.0,240,0.99,0.530195,0.99,130665,10,29,0.00978346,0.00204491,0.9010886255276978,0.9547793188905784
200000.0,308,0.99,0.417876,0.99,175093,10,18,0.00991448,0.000461639,0.9004285181389772,0.9785142140008796
200000.0,247,0.99,0.52539,0.99,139669,10,30,0.00981413,0.00154893,0.9009337090630724,0.9606435519895405
200000.0,180,0.01,0.549435,0.972938,185117,18,34,0.00997705,1.23875e-05,0.90011481591347,0.9964804119559244
200000.0,372,0.979991,0.354877,0.989956,166787,10,28,0.00989675,0.000629949,0.9005175894944237,0.9749012151688573
200000.0,142,0.01,0.549435,0.977475,185117,18,34,0.00997371,0.000133011,0.9001315365092664,0.9884669605047065
200000.0,309,0.99,0.417876,0.99,188060,11,14,0.0099573,0.000223574,0.900213728399143,0.9850476088868703
202286.0,301,0.99,0.417876,0.99,187578,10,24,0.00994672,0.000278182,0.9002667557932662,0.983321211075141
200783.0,240,0.99,0.540762,0.99,130665,10,33,0.00978646,0.00197842,0.9010734615990229,0.9555205665503708
200000.0,217,0.99,0.575481,0.99,176725,10,27,0.00992134,0.000443609,0.9003940764813658,0.9789379725572299
200000.0,287,0.99,0.4166,0.989997,184594,10,24,0.00994184,0.000304573,0.9002912240572576,0.9825479800596034
200000.0,295,0.99,0.407881,0.989702,162279,10,22,0.00987072,0.00086256,0.9006485027792737,0.970630628198751
200980.0,259,0.99,0.530195,0.99,155435,10,29,0.00986956,0.000914669,0.9006543408094747,0.9697565048316171
200000.0,310,0.99,0.428767,0.99,118587,10,28,0.00974881,0.00251896,0.901263937692452,0.949810758124873
200000.0,162,0.01,0.552681,0.989824,190814,27,14,0.00998569,4.70988e-06,0.9000715756153436,0.9978297742052957
200000.0,250,0.99,0.530195,0.99,139651,10,34,0.00981776,0.00150143,0.9009153896914359,0.9612517097151371
200000.0,287,0.99,0.4166,0.99,176920,10,27,0.00991612,0.000460533,0.9004202831897982,0.9785399673811991
200000.0,370,0.99,0.354877,0.99,162049,10,20,0.0098763,0.000758968,0.9006204246336301,0.9724506261414165
200000.0,295,0.99,0.416215,0.989991,155998,10,22,0.00985257,0.00102711,0.9007398871650854,0.9679514430902108
200000.0,215,0.01,0.501716,0.972938,194600,14,34,0.00999344,5.35038e-09,0.9000328053809651,0.999926853708228
200000.0,204,0.01,0.417879,0.975951,182064,13,42,0.00997111,0.000139464,0.9001445544799884,0.9881905122888417
200000.0,283,0.99,0.428767,0.99,187311,10,28,0.00995177,0.000257795,0.9002414414699169,0.9839440042351775
200051.0,308,0.99,0.417876,0.99,178543,10,14,0.00992528,0.000394251,0.9003743005043378,0.980144245166703
200000.0,287,0.99,0.446726,0.99,182644,11,24,0.00993919,0.000331232,0.9003045136427932,0.9818002197815469
202286.0,301,0.99,0.417876,0.99,166962,10,19,0.00988162,0.000711381,0.9005936621738835,0.9733282733967221
203314.0,250,0.99,0.520629,0.99,193684,13,30,0.00996807,0.000187249,0.9001597776444784,0.9863161043558495
200000.0,308,0.99,0.417876,0.99,161345,10,17,0.00987267,0.000799171,0.9006386896221673,0.9717303873390526
200000.0,310,0.99,0.428767,0.99,125263,10,23,0.00977072,0.00215691,0.9011530475937675,0.9535574548501053
200000.0,309,0.99,0.417876,0.99,160594,10,13,0.00987082,0.000817961,0.9006479995168694,0.9713999825174878
200000.0,204,0.01,0.417879,0.981716,182064,12,37,0.00996881,0.000169066,0.9001560717920213,0.9869974617862511
200000.0,287,0.99,0.444064,0.99,147158,10,30,0.009831,0.00128486,0.900848600615019,0.9641550561445551
200000.0,287,0.99,0.453095,0.99,185367,10,22,0.00994945,0.000273081,0.9002530702226881,0.9834748373684251
200000.0,287,0.99,0.444064,0.99,147754,10,29,0.00983273,0.00126236,0.9008398769665951,0.9644702941188644
200000.0,287,0.99,0.444064,0.99,147754,10,29,0.00983273,0.00126236,0.9008398769665951,0.9644702941188644
200000.0,309,0.99,0.417876,0.99,177502,11,18,0.00992267,0.000420411,0.9003874003953315,0.9794960735467569
200000.0,294,0.979126,0.428767,0.99,157277,10,28,0.00986809,0.000942427,0.9006617394958015,0.9693010260757791
200000.0,162,0.01,0.552681,0.989824,190814,27,14,0.00998569,4.70988e-06,0.9000715756153436,0.9978297742052957
200000.0,294,0.99,0.415525,0.99,165105,10,27,0.00987937,0.00074701,0.9006049800040263,0.972668516322746
200000.0,287,0.99,0.4295,0.99,156717,10,27,0.00985544,0.000995893,0.9007254312525106,0.9684422275817827
200000.0,240,0.99,0.530195,0.99,130665,10,32,0.00978461,0.00202119,0.9010828124136154,0.9550423532644334
200000.0,182,0.01,0.426098,0.99,194600,14,34,0.00999073,2.80424e-06,0.9000463607465942,0.9983254134838713
200000.0,287,0.99,0.444064,0.989954,187317,10,22,0.00995421,0.000235492,0.9002292126922915,0.9846542514030758
200000.0,295,0.99,0.407881,0.989702,184278,10,22,0.00994053,0.000318038,0.900297793404559,0.9821663800646083
202286.0,301,0.99,0.417876,0.99,180557,10,19,0.00992352,0.000398664,0.9003831339581494,0.980033427935672
200000.0,247,0.99,0.52539,0.99,139669,10,30,0.00981413,0.00154893,0.9009337090630724,0.9606435519895405
200000.0,370,0.99,0.354877,0.99,162279,10,22,0.00987702,0.000752801,0.9006168022249234,0.9725627807531448
200000.0,247,0.99,0.530195,0.99,139669,10,30,0.00981568,0.00152795,0.9009258863274568,0.9609109989894855
200000.0,197,0.01,0.552681,0.981389,200000,21,14,0.00999975,3.39634e-09,0.9000012500078126,0.9999417218737432
200000.0,263,0.99,0.549393,0.99,107017,12,24,0.00974028,0.00317712,0.9013071431156237,0.943634052833293
200000.0,197,0.01,0.552681,0.981389,200000,21,14,0.00999975,3.39634e-09,0.9000012500078126,0.9999417218737432
208719.0,310,0.99,0.428767,0.99,118587,10,28,0.00974641,0.00270888,0.9012760920546599,0.9479530980749094
200000.0,263,0.99,0.54478,0.99,107981,12,34,0.0097406,0.00315279,0.9013055219376485,0.9438502894041296
200000.0,295,0.99,0.43173,0.989991,138618,10,22,0.00980518,0.00164066,0.9009788911393132,0.9594949385878753
200000.0,297,0.99,0.417876,0.99,136575,10,17,0.00979661,0.0018052,0.9010221742004807,0.9575123547369356
200606.0,274,0.99,0.448426,0.99,126154,10,34,0.00976526,0.00240451,0.9011806699071483,0.9509641967538004
200000.0,310,0.99,0.461157,0.99,118587,10,28,0.0097701,0.00225128,0.9011561838049542,0.9525523446311622
200000.0,287,0.99,0.444064,0.99,145520,10,29,0.00982621,0.00134858,0.9008727585373224,0.963276982694773
200000.0,250,0.99,0.530195,0.99,140025,10,37,0.00981892,0.00148618,0.9009095362812344,0.9614489948250373
200000.0,309,0.986657,0.417876,0.99,132388,10,15,0.00979091,0.00189381,0.9010509727182727,0.9564820726596498
200000.0,303,0.99,0.4295,0.99,156717,10,31,0.00986138,0.000923128,0.9006955187315295,0.9696169784254429
200000.0,310,0.99,0.428767,0.99,118587,10,28,0.00974881,0.00251896,0.901263937692452,0.949810758124873
202286.0,289,0.99,0.426469,0.99,154976,10,24,0.00984568,0.00110687,0.9007746000260014,0.9667303441556724
202239.0,306,0.99,0.444064,0.99,126154,10,29,0.00977796,0.00208909,0.9011164321032054,0.9542934359199906
200000.0,309,0.99,0.417876,0.99,170005,11,14,0.00989936,0.000591034,0.9005044724623262,0.9756888091612114
200000.0,180,0.01,0.549435,0.972938,185117,18,34,0.00997705,1.23875e-05,0.90011481591347,0.9964804119559244
200000.0,310,0.99,0.428767,0.99,119422,10,33,0.00975173,0.00247143,0.9012491519023761,0.950286520942505
200000.0,287,0.99,0.419029,0.99,161181,10,30,0.00986799,0.000881515,0.9006622428278149,0.9703096817127199
200000.0,315,0.99,0.401642,0.99,167087,10,18,0.00988712,0.000656892,0.9005660017901321,0.9743700955912824
200000.0,309,0.99,0.417876,0.99,188060,11,14,0.0099573,0.000223574,0.900213728399143,0.9850476088868703
200000.0,293,0.99,0.423922,0.99,190040,10,25,0.00996214,0.000201167,0.9001894795124281,0.9858166647081866
200140.0,301,0.99,0.428767,0.99,172206,10,27,0.00990589,0.000524,0.9004716623267524,0.9771089537154808
200000.0,295,0.99,0.42074,0.99,175177,10,17,0.00991146,0.000478935,0.9004436842786958,0.9781154163850441
200000.0,295,0.99,0.407881,0.989991,155998,10,22,0.00985236,0.00105732,0.9007409449974462,0.9674835426283859
202286.0,301,0.99,0.427709,0.99,129068,10,19,0.00977475,0.00212112,0.9011326646460015,0.9539443814502508
200980.0,240,0.99,0.530195,0.99,130665,10,29,0.00978346,0.00204491,0.9010886255276978,0.9547793188905784
200000.0,309,0.979452,0.417876,0.99,170005,10,24,0.009905,0.000567507,0.9004761335156235,0.9761775945798918
200000.0,309,0.99,0.39545,0.99,187243,10,14,0.00995092,0.000232704,0.900245701846988,0.9847453613612122
200928.0,301,0.99,0.435254,0.99,155373,10,15,0.00985704,0.000976426,0.9007173731209734,0.968752184076323
200000.0,245,0.99,0.553856,0.99,118587,10,32,0.00975663,0.00243844,0.9012243451046767,0.9506194370222453
202286.0,301,0.99,0.417876,0.99,171004,10,19,0.00989374,0.000607995,0.9005327189473845,0.9753424453767208
202239.0,292,0.99,0.444064,0.99,132461,10,29,0.00978706,0.00192754,0.9010704290922072,0.9560962416187406
200000.0,142,0.01,0.549435,0.977475,185117,18,34,0.00997371,0.000133011,0.9001315365092664,0.9884669605047065
200000.0,247,0.99,0.52539,0.99,139669,10,30,0.00981413,0.00154893,0.9009337090630724,0.9606435519895405
200000.0,372,0.99,0.354877,0.989956,166787,10,28,0.00989152,0.000634239,0.9005438790219527,0.9748158978718716
200000.0,308,0.99,0.417876,0.99,161345,10,17,0.00987267,0.000799171,0.9006386896221673,0.9717303873390526
202286.0,301,0.99,0.417876,0.99,187578,10,24,0.00994672,0.000278182,0.9002667557932662,0.983321211075141
200783.0,240,0.99,0.540762,0.99,130665,10,33,0.00978646,0.00197842,0.9010734615990229,0.9555205665503708
200000.0,372,0.99,0.354877,0.989987,145261,10,29,0.00982833,0.00129107,0.9008620657871065,0.9640685374636656
200928.0,301,0.99,0.410965,0.99,166962,10,15,0.00988298,0.000700319,0.9005868217991196,0.9735364590426754
200000.0,287,0.99,0.444064,0.99,149264,10,29,0.00983711,0.00120599,0.9008177939345974,0.9652726332699987
200000.0,217,0.99,0.575481,0.99,176725,10,27,0.00992134,0.000443609,0.9003940764813658,0.9789379725572299
200000.0,310,0.99,0.428767,0.99,147301,10,23,0.0098378,0.0012041,0.9008143155490672,0.9652998559080801
200000.0,287,0.99,0.4166,0.989997,184594,10,24,0.00994184,0.000304573,0.9002912240572576,0.9825479800596034
203314.0,250,0.99,0.520629,0.99,193684,13,30,0.00996807,0.000187249,0.9001597776444784,0.9863161043558495
200000.0,215,0.01,0.501716,0.972938,194600,14,34,0.00999344,5.35038e-09,0.9000328053809651,0.999926853708228
200000.0,168,0.01,0.549435,0.972938,185117,18,33,0.00997482,4.78373e-05,0.9001259793539882,0.9930835485977273
200000.0,247,0.99,0.52539,0.99,139669,10,30,0.00981413,0.00154893,0.9009337090630724,0.9606435519895405
200000.0,162,0.01,0.552681,0.989824,190814,27,14,0.00998569,4.70988e-06,0.9000715756153436,0.9978297742052957
200000.0,251,0.99,0.48744,0.99,180622,11,18,0.00993067,0.000391528,0.9003472529229626,0.9802129335170673
200000.0,320,0.99,0.412819,0.99,149264,10,27,0.00984187,0.00114538,0.9007938005969385,0.9661565368202366
200000.0,287,0.99,0.4166,0.99,182644,10,24,0.00993513,0.000343813,0.9003248777276898,0.9814578048764446
200000.0,240,0.99,0.530195,0.99,130665,10,32,0.00978461,0.00202119,0.9010828124136154,0.9550423532644334
200000.0,303,0.99,0.407881,0.99,181689,10,27,0.00993229,0.00035055,0.9003391250289262,0.9812770194680441
200000.0,287,0.99,0.4166,0.99,176920,10,27,0.00991612,0.000460533,0.9004202831897982,0.9785399673811991
200000.0,182,0.01,0.426098,0.99,194600,14,34,0.00999073,2.80424e-06,0.9000463607465942,0.9983254134838713
200000.0,370,0.99,0.354877,0.99,162049,10,20,0.0098763,0.000758968,0.9006204246336301,0.9724506261414165
200000.0,295,0.99,0.416215,0.989991,155998,10,22,0.00985257,0.00102711,0.9007398871650854,0.9679514430902108
200000.0,294,0.99,0.415525,0.99,165105,10,27,0.00987937,0.00074701,0.9006049800040263,0.972668516322746
200000.0,287,0.99,0.453095,0.99,185367,10,22,0.00994945,0.000273081,0.9002530702226881,0.9834748373684251
200000.0,204,0.01,0.417879,0.975951,182064,13,42,0.00997111,0.000139464,0.9001445544799884,0.9881905122888417
200051.0,308,0.99,0.417876,0.99,178543,10,14,0.00992528,0.000394251,0.9003743005043378,0.980144245166703
200000.0,310,0.99,0.428767,0.989993,125263,10,23,0.00977072,0.00215745,0.9011530475937675,0.9535516415790611
200000.0,245,0.99,0.553856,0.99,118587,10,30,0.00975658,0.00243852,0.9012245982038039,0.9506186269935718
200000.0,287,0.99,0.446726,0.99,182644,11,24,0.00993919,0.000331232,0.9003045136427932,0.9818002197815469
200000.0,247,0.99,0.530195,0.99,139669,10,30,0.00981568,0.00152795,0.9009258863274568,0.9609109989894855
202286.0,301,0.99,0.417876,0.99,166962,10,19,0.00988162,0.000711381,0.9005936621738835,0.9733282733967221
200000.0,320,0.99,0.412819,0.99,149264,10,27,0.00984187,0.00114538,0.9007938005969385,0.9661565368202366
200000.0,309,0.99,0.417876,0.99,160594,10,13,0.00987082,0.000817961,0.9006479995168694,0.9713999825174878
200000.0,310,0.99,0.428767,0.99,125263,10,23,0.00977072,0.00215691,0.9011530475937675,0.9535574548501053
200000.0,204,0.01,0.417879,0.981716,182064,12,37,0.00996881,0.000169066,0.9001560717920213,0.9869974617862511
200000.0,287,0.99,0.444064,0.99,147158,10,30,0.009831,0.00128486,0.900848600615019,0.9641550561445551
200000.0,250,0.99,0.530195,0.99,139651,10,34,0.00981776,0.00150143,0.9009153896914359,0.9612517097151371
200000.0,295,0.99,0.407881,0.989702,162279,10,22,0.00987072,0.00086256,0.9006485027792737,0.970630628198751
200000.0,287,0.99,0.444064,0.99,147754,10,29,0.00983273,0.00126236,0.9008398769665951,0.9644702941188644
200000.0,310,0.99,0.428767,0.99,118587,10,28,0.00974881,0.00251896,0.901263937692452,0.949810758124873
200000.0,287,0.99,0.444064,0.99,147754,10,29,0.00983273,0.00126236,0.9008398769665951,0.9644702941188644
200000.0,308,0.99,0.417876,0.99,175093,10,18,0.00991448,0.000461639,0.9004285181389772,0.9785142140008796
200000.0,197,0.01,0.552681,0.981389,200000,21,14,0.00999975,3.39634e-09,0.9000012500078126,0.9999417218737432
200000.0,263,0.99,0.549393,0.99,107017,12,24,0.00974028,0.00317712,0.9013071431156237,0.943634052833293
200000.0,197,0.01,0.552681,0.981389,200000,21,14,0.00999975,3.39634e-09,0.9000012500078126,0.9999417218737432
208719.0,310,0.99,0.428767,0.99,118587,10,28,0.00974641,0.00270888,0.9012760920546599,0.9479530980749094
200000.0,263,0.99,0.54478,0.99,107981,12,34,0.0097406,0.00315279,0.9013055219376485,0.9438502894041296
200606.0,274,0.99,0.448426,0.99,126154,10,34,0.00976526,0.00240451,0.9011806699071483,0.9509641967538004
200000.0,297,0.99,0.417876,0.99,136575,10,17,0.00979661,0.0018052,0.9010221742004807,0.9575123547369356
200000.0,310,0.99,0.461157,0.99,118587,10,28,0.0097701,0.00225128,0.9011561838049542,0.9525523446311622
200000.0,287,0.99,0.444064,0.99,145520,10,29,0.00982621,0.00134858,0.9008727585373224,0.963276982694773
200000.0,295,0.99,0.43173,0.989991,138618,10,22,0.00980518,0.00164066,0.9009788911393132,0.9594949385878753
200000.0,250,0.99,0.530195,0.99,140025,10,37,0.00981892,0.00148618,0.9009095362812344,0.9614489948250373
200000.0,303,0.99,0.4295,0.99,156717,10,31,0.00986138,0.000923128,0.9006955187315295,0.9696169784254429
200000.0,310,0.99,0.428767,0.99,118587,10,28,0.00974881,0.00251896,0.901263937692452,0.949810758124873
202286.0,289,0.99,0.426469,0.99,154976,10,24,0.00984568,0.00110687,0.9007746000260014,0.9667303441556724
200000.0,295,0.99,0.43173,0.989991,138618,10,22,0.00980518,0.00164066,0.9009788911393132,0.9594949385878753
202239.0,306,0.99,0.444064,0.99,126154,10,29,0.00977796,0.00208909,0.9011164321032054,0.9542934359199906
200000.0,162,0.01,0.552681,0.989824,190814,27,14,0.00998569,4.70988e-06,0.9000715756153436,0.9978297742052957
200000.0,180,0.01,0.549435,0.972938,185117,18,34,0.00997705,1.23875e-05,0.90011481591347,0.9964804119559244
200000.0,310,0.99,0.428767,0.99,119422,10,33,0.00975173,0.00247143,0.9012491519023761,0.950286520942505
200000.0,287,0.99,0.419029,0.99,161181,10,30,0.00986799,0.000881515,0.9006622428278149,0.9703096817127199
200000.0,315,0.99,0.401642,0.99,167087,10,18,0.00988712,0.000656892,0.9005660017901321,0.9743700955912824
200000.0,309,0.99,0.417876,0.99,188060,11,14,0.0099573,0.000223574,0.900213728399143,0.9850476088868703
200000.0,293,0.99,0.423922,0.99,190040,10,25,0.00996214,0.000201167,0.9001894795124281,0.9858166647081866
200140.0,301,0.99,0.428767,0.99,172206,10,27,0.00990589,0.000524,0.9004716623267524,0.9771089537154808
200051.0,308,0.99,0.417876,0.99,178543,10,14,0.00992528,0.000394251,0.9003743005043378,0.980144245166703
200980.0,240,0.99,0.530195,0.99,130665,10,29,0.00978346,0.00204491,0.9010886255276978,0.9547793188905784
200000.0,295,0.99,0.407881,0.989991,155998,10,22,0.00985236,0.00105732,0.9007409449974462,0.9674835426283859
200928.0,301,0.99,0.435254,0.99,155373,10,15,0.00985704,0.000976426,0.9007173731209734,0.968752184076323
200000.0,168,0.01,0.549435,0.972938,185117,18,33,0.00997482,4.78373e-05,0.9001259793539882,0.9930835485977273
200000.0,287,0.99,0.444064,0.99,134259,10,29,0.00979267,0.00183915,0.9010420796499845,0.9571146878290481
200000.0,309,0.986657,0.417876,0.99,132388,10,15,0.00979091,0.00189381,0.9010509727182727,0.9564820726596498
202286.0,301,0.99,0.427709,0.99,129068,10,19,0.00977475,0.00212112,0.9011326646460015,0.9539443814502508
200000.0,309,0.99,0.39545,0.99,187243,10,14,0.00995092,0.000232704,0.900245701846988,0.9847453613612122
200000.0,287,0.99,0.4166,0.989997,184594,10,24,0.00994184,0.000304573,0.9002912240572576,0.9825479800596034
200000.0,245,0.99,0.553856,0.99,118587,10,32,0.00975663,0.00243844,0.9012243451046767,0.9506194370222453
202239.0,292,0.99,0.444064,0.99,132461,10,29,0.00978706,0.00192754,0.9010704290922072,0.9560962416187406
200000.0,142,0.01,0.549435,0.977475,185117,18,34,0.00997371,0.000133011,0.9001315365092664,0.9884669605047065
200000.0,370,0.99,0.354877,0.99,162049,10,20,0.0098763,0.000758968,0.9006204246336301,0.9724506261414165
200000.0,309,0.979452,0.417876,0.99,170005,10,24,0.009905,0.000567507,0.9004761335156235,0.9761775945798918
200000.0,247,0.99,0.52539,0.99,139669,10,30,0.00981413,0.00154893,0.9009337090630724,0.9606435519895405
200000.0,372,0.99,0.354877,0.989956,166787,10,28,0.00989152,0.000634239,0.9005438790219527,0.9748158978718716
200000.0,251,0.99,0.48744,0.99,180622,11,18,0.00993067,0.000391528,0.9003472529229626,0.9802129335170673
200000.0,309,0.99,0.417876,0.99,170005,10,16,0.0098991,0.000572216,0.9005057790622993,0.9760789632331707
202286.0,301,0.99,0.417876,0.99,187578,10,24,0.00994672,0.000278182,0.9002667557932662,0.983321211075141
200000.0,372,0.99,0.354877,0.989987,145261,10,29,0.00982833,0.00129107,0.9008620657871065,0.9640685374636656
200928.0,301,0.99,0.410965,0.99,166962,10,15,0.00988298,0.000700319,0.9005868217991196,0.9735364590426754
200000.0,287,0.99,0.446726,0.99,182644,11,24,0.00993919,0.000331232,0.9003045136427932,0.9818002197815469
200000.0,215,0.01,0.501716,0.972938,194600,14,34,0.00999344,5.35038e-09,0.9000328053809651,0.999926853708228
203314.0,250,0.99,0.520629,0.99,193684,13,30,0.00996807,0.000187249,0.9001597776444784,0.9863161043558495
200000.0,294,0.99,0.415525,0.99,165105,10,27,0.00987937,0.00074701,0.9006049800040263,0.972668516322746
200000.0,217,0.99,0.575481,0.99,176725,10,27,0.00992134,0.000443609,0.9003940764813658,0.9789379725572299
200000.0,247,0.99,0.52539,0.99,139669,10,30,0.00981413,0.00154893,0.9009337090630724,0.9606435519895405
200000.0,287,0.99,0.436916,0.99,149264,10,30,0.00983522,0.00123498,0.9008273223110317,0.9648577177747375
200783.0,240,0.99,0.540762,0.99,130665,10,33,0.00978646,0.00197842,0.9010734615990229,0.9555205665503708
202286.0,301,0.99,0.417876,0.99,171004,10,19,0.00989374,0.000607995,0.9005327189473845,0.9753424453767208
200000.0,247,0.99,0.52539,0.99,153864,10,30,0.00985573,0.0010179,0.900723970667638,0.968095454869251
200000.0,320,0.99,0.412819,0.99,149264,10,27,0.00984187,0.00114538,0.9007938005969385,0.9661565368202366
200000.0,287,0.99,0.4166,0.99,182644,10,24,0.00993513,0.000343813,0.9003248777276898,0.9814578048764446
207141.0,301,0.99,0.427709,0.99,133705,10,19,0.00978429,0.00200183,0.90108442994149,0.9552581851061002
200000.0,303,0.99,0.407881,0.99,181689,10,27,0.00993229,0.00035055,0.9003391250289262,0.9812770194680441
200000.0,310,0.99,0.428767,0.989993,125263,10,23,0.00977072,0.00215745,0.9011530475937675,0.9535516415790611
202286.0,308,0.99,0.417876,0.99,171004,10,19,0.00989671,0.000591712,0.9005177905351917,0.9756748689623262
200000.0,162,0.0938718,0.582717,0.98984,194051,27,14,0.00999061,2.05858e-06,0.9000469610266901,0.9985652247562772
200000.0,295,0.99,0.407881,0.989702,162279,10,22,0.00987072,0.00086256,0.9006485027792737,0.970630628198751
200000.0,287,0.99,0.453095,0.99,185367,10,22,0.00994945,0.000273081,0.9002530702226881,0.9834748373684251
200000.0,204,0.01,0.417879,0.975951,182064,13,42,0.00997111,0.000139464,0.9001445544799884,0.9881905122888417
200000.0,263,0.99,0.54478,0.99,107981,12,34,0.0097406,0.00315279,0.9013055219376485,0.9438502894041296
200000.0,245,0.99,0.553856,0.99,118587,10,30,0.00975658,0.00243852,0.9012245982038039,0.9506186269935718
200000.0,247,0.99,0.530195,0.99,139669,10,30,0.00981568,0.00152795,0.9009258863274568,0.9609109989894855
202286.0,301,0.99,0.417876,0.99,166962,10,19,0.00988162,0.000711381,0.9005936621738835,0.9733282733967221
200000.0,320,0.99,0.412819,0.99,149264,10,27,0.00984187,0.00114538,0.9007938005969385,0.9661565368202366
200000.0,287,0.99,0.4166,0.99,176920,10,27,0.00991612,0.000460533,0.9004202831897982,0.9785399673811991
200000.0,309,0.99,0.417876,0.99,160594,10,13,0.00987082,0.000817961,0.9006479995168694,0.9713999825174878
200000.0,310,0.99,0.428767,0.99,125263,10,23,0.00977072,0.00215691,0.9011530475937675,0.9535574548501053
200000.0,204,0.01,0.417879,0.981716,182064,12,37,0.00996881,0.000169066,0.9001560717920213,0.9869974617862511
200000.0,287,0.99,0.444064,0.99,147158,10,30,0.009831,0.00128486,0.900848600615019,0.9641550561445551
200000.0,250,0.99,0.530195,0.99,139651,10,34,0.00981776,0.00150143,0.9009153896914359,0.9612517097151371
200000.0,214,0.99,0.575481,0.99,176725,10,22,0.00992071,0.000450096,0.9003972389940922,0.9787845339433705
200000.0,295,0.99,0.416215,0.989991,155998,10,22,0.00985257,0.00102711,0.9007398871650854,0.9679514430902108
200000.0,310,0.99,0.428767,0.99,118587,10,28,0.00974881,0.00251896,0.901263937692452,0.949810758124873
200000.0,197,0.01,0.552681,0.981389,200000,21,14,0.00999975,3.39634e-09,0.9000012500078126,0.9999417218737432
200000.0,263,0.99,0.549393,0.99,107017,12,24,0.00974028,0.00317712,0.9013071431156237,0.943634052833293
200000.0,197,0.01,0.552681,0.981389,200000,21,14,0.00999975,3.39634e-09,0.9000012500078126,0.9999417218737432
208719.0,308,0.99,0.428767,0.99,118587,10,28,0.00974461,0.00273646,0.901285208808406,0.9476888157274183
200000.0,263,0.99,0.54478,0.99,107981,12,34,0.0097406,0.00315279,0.9013055219376485,0.9438502894041296
200000.0,297,0.99,0.417876,0.99,136575,10,17,0.00979661,0.0018052,0.9010221742004807,0.9575123547369356
200000.0,276,0.99,0.462463,0.99,126154,10,34,0.00976831,0.00224816,0.9011652389085703,0.9525852343673408
200000.0,310,0.99,0.446412,0.99,118587,10,28,0.00975941,0.00236598,0.9012102738135185,0.951358659557944
200000.0,287,0.99,0.436916,0.99,149264,10,30,0.00983522,0.00123498,0.9008273223110317,0.9648577177747375
208719.0,310,0.99,0.428767,0.99,118587,10,28,0.00974641,0.00270888,0.9012760920546599,0.9479530980749094
200140.0,301,0.99,0.428767,0.99,172206,10,27,0.00990589,0.000524,0.9004716623267524,0.9771089537154808
200000.0,287,0.99,0.444064,0.99,145520,10,29,0.00982621,0.00134858,0.9008727585373224,0.963276982694773
200000.0,287,0.99,0.4166,0.99,176920,10,27,0.00991612,0.000460533,0.9004202831897982,0.9785399673811991
200000.0,303,0.99,0.4295,0.99,156717,10,31,0.00986138,0.000923128,0.9006955187315295,0.9696169784254429
200000.0,310,0.99,0.428767,0.99,118587,10,28,0.00974881,0.00251896,0.901263937692452,0.949810758124873
202239.0,306,0.99,0.444064,0.99,126154,10,29,0.00977796,0.00208909,0.9011164321032054,0.9542934359199906
200000.0,352,0.99,0.354877,0.99,144697,10,29,0.00981823,0.00142313,0.9009130180094277,0.9622756047099493
200000.0,310,0.99,0.428767,0.989993,128729,10,24,0.00978177,0.00198349,0.9010971688979532,0.955463610384316
200000.0,295,0.99,0.435271,0.99,138618,10,27,0.00980636,0.00161944,0.9009729329930448,0.9597577336622302
200000.0,295,0.99,0.43173,0.989991,138618,10,22,0.00980518,0.00164066,0.9009788911393132,0.9594949385878753
200000.0,162,0.01,0.552681,0.989824,190814,27,14,0.00998569,4.70988e-06,0.9000715756153436,0.9978297742052957
200000.0,180,0.01,0.549435,0.972938,185117,18,34,0.00997705,1.23875e-05,0.90011481591347,0.9964804119559244
200000.0,370,0.99,0.354877,0.99,162049,10,20,0.0098763,0.000758968,0.9006204246336301,0.9724506261414165
200000.0,310,0.99,0.428767,0.99,119422,10,33,0.00975173,0.00247143,0.9012491519023761,0.950286520942505
200000.0,287,0.99,0.419029,0.99,161181,10,30,0.00986799,0.000881515,0.9006622428278149,0.9703096817127199
200000.0,309,0.99,0.417876,0.99,160594,10,13,0.00987082,0.000817961,0.9006479995168694,0.9713999825174878
202286.0,289,0.99,0.426469,0.99,154976,10,24,0.00984568,0.00110687,0.9007746000260014,0.9667303441556724
200000.0,315,0.99,0.401642,0.99,167087,10,18,0.00988712,0.000656892,0.9005660017901321,0.9743700955912824
200000.0,295,0.99,0.407881,0.989991,155998,10,22,0.00985236,0.00105732,0.9007409449974462,0.9674835426283859
200000.0,309,0.99,0.417876,0.99,188060,11,14,0.0099573,0.000223574,0.900213728399143,0.9850476088868703
200000.0,293,0.99,0.423922,0.99,190040,10,25,0.00996214,0.000201167,0.9001894795124281,0.9858166647081866
200928.0,301,0.99,0.435254,0.99,155373,10,15,0.00985704,0.000976426,0.9007173731209734,0.968752184076323
200000.0,168,0.01,0.549435,0.972938,185117,18,33,0.00997482,4.78373e-05,0.9001259793539882,0.9930835485977273
200000.0,287,0.99,0.444064,0.99,134259,10,29,0.00979267,0.00183915,0.9010420796499845,0.9571146878290481
200000.0,309,0.986657,0.417876,0.99,132388,10,15,0.00979091,0.00189381,0.9010509727182727,0.9564820726596498
202286.0,301,0.99,0.427709,0.99,129068,10,19,0.00977475,0.00212112,0.9011326646460015,0.9539443814502508
200000.0,309,0.99,0.39545,0.99,187243,10,14,0.00995092,0.000232704,0.900245701846988,0.9847453613612122
200000.0,287,0.99,0.4166,0.989997,184594,10,24,0.00994184,0.000304573,0.9002912240572576,0.9825479800596034
200000.0,287,0.99,0.444064,0.99,147158,10,30,0.009831,0.00128486,0.900848600615019,0.9641550561445551
202239.0,292,0.99,0.444064,0.99,132461,10,29,0.00978706,0.00192754,0.9010704290922072,0.9560962416187406
200000.0,247,0.99,0.52539,0.99,139669,10,30,0.00981413,0.00154893,0.9009337090630724,0.9606435519895405
200000.0,142,0.01,0.549435,0.977475,185117,18,34,0.00997371,0.000133011,0.9001315365092664,0.9884669605047065
200000.0,372,0.99,0.354877,0.989956,166787,10,28,0.00989152,0.000634239,0.9005438790219527,0.9748158978718716
200000.0,251,0.99,0.48744,0.99,180622,11,18,0.00993067,0.000391528,0.9003472529229626,0.9802129335170673
200000.0,295,0.99,0.43173,0.989991,138618,10,22,0.00980518,0.00164066,0.9009788911393132,0.9594949385878753
202286.0,301,0.99,0.417876,0.99,187578,10,24,0.00994672,0.000278182,0.9002667557932662,0.983321211075141
200000.0,372,0.99,0.354877,0.989987,145261,10,29,0.00982833,0.00129107,0.9008620657871065,0.9640685374636656
200051.0,308,0.99,0.417876,0.99,178543,10,14,0.00992528,0.000394251,0.9003743005043378,0.980144245166703
200928.0,301,0.99,0.410965,0.99,166962,10,15,0.00988298,0.000700319,0.9005868217991196,0.9735364590426754
200000.0,287,0.99,0.446726,0.99,182644,11,24,0.00993919,0.000331232,0.9003045136427932,0.9818002197815469
200000.0,310,0.99,0.428767,0.989993,125263,10,23,0.00977072,0.00215745,0.9011530475937675,0.9535516415790611
200000.0,320,0.99,0.412819,0.99,149264,10,27,0.00984187,0.00114538,0.9007938005969385,0.9661565368202366
200783.0,240,0.99,0.540762,0.99,130665,10,33,0.00978646,0.00197842,0.9010734615990229,0.9555205665503708
200000.0,215,0.01,0.501716,0.972938,194600,14,34,0.00999344,5.35038e-09,0.9000328053809651,0.999926853708228
203314.0,250,0.99,0.520629,0.99,193684,13,30,0.00996807,0.000187249,0.9001597776444784,0.9863161043558495
200000.0,294,0.99,0.415525,0.99,165105,10,27,0.00987937,0.00074701,0.9006049800040263,0.972668516322746
200000.0,245,0.99,0.553856,0.99,118587,10,32,0.00975663,0.00243844,0.9012243451046767,0.9506194370222453
202286.0,301,0.99,0.417876,0.99,171004,10,19,0.00989374,0.000607995,0.9005327189473845,0.9753424453767208
200000.0,287,0.99,0.4166,0.99,182644,10,24,0.00993513,0.000343813,0.9003248777276898,0.9814578048764446
200000.0,303,0.99,0.407881,0.99,181689,10,27,0.00993229,0.00035055,0.9003391250289262,0.9812770194680441
202286.0,308,0.99,0.417876,0.99,171004,10,19,0.00989671,0.000591712,0.9005177905351917,0.9756748689623262
200000.0,247,0.99,0.52539,0.99,153864,10,30,0.00985573,0.0010179,0.900723970667638,0.968095454869251
200000.0,309,0.99,0.417876,0.99,170005,10,16,0.0098991,0.000572216,0.9005057790622993,0.9760789632331707
200000.0,162,0.0938718,0.582717,0.98984,194051,27,14,0.00999061,2.05858e-06,0.9000469610266901,0.9985652247562772
200000.0,295,0.99,0.407881,0.989702,162279,10,22,0.00987072,0.00086256,0.9006485027792737,0.970630628198751
200000.0,310,0.99,0.425234,0.99,177102,12,24,0.00992446,0.000437399,0.90037841599332,0.9790859138377982
200000.0,287,0.99,0.453095,0.99,185367,10,22,0.00994945,0.000273081,0.9002530702226881,0.9834748373684251
200000.0,204,0.01,0.417879,0.975951,182064,13,42,0.00997111,0.000139464,0.9001445544799884,0.9881905122888417
200000.0,320,0.99,0.412819,0.99,149264,10,27,0.00984187,0.00114538,0.9007938005969385,0.9661565368202366
200000.0,245,0.99,0.553856,0.99,118587,10,30,0.00975658,0.00243852,0.9012245982038039,0.9506186269935718
200606.0,305,0.99,0.439015,0.99,139320,10,34,0.00981561,0.00150537,0.9009262395989736,0.961200902072342
202286.0,301,0.99,0.417876,0.99,166962,10,19,0.00988162,0.000711381,0.9005936621738835,0.9733282733967221
200000.0,247,0.99,0.52539,0.99,139669,10,30,0.00981413,0.00154893,0.9009337090630724,0.9606435519895405
200000.0,310,0.99,0.428767,0.99,125263,10,23,0.00977072,0.00215691,0.9011530475937675,0.9535574548501053
200000.0,305,0.99,0.436916,0.99,149264,10,30,0.00984441,0.00113143,0.900780999803465,0.9663632641298238
200000.0,204,0.01,0.417879,0.981716,182064,12,37,0.00996881,0.000169066,0.9001560717920213,0.9869974617862511
200000.0,291,0.99,0.43173,0.989999,143382,10,22,0.00981796,0.00146629,0.9009143804581109,0.9617078336993061
200000.0,214,0.99,0.575481,0.99,176725,10,22,0.00992071,0.000450096,0.9003972389940922,0.9787845339433705
209723.0,287,0.99,0.429245,0.99,162289,10,30,0.00985252,0.00102167,0.9007401390289106,0.9680364269832048
200140.0,301,0.99,0.428767,0.99,171038,10,31,0.00990235,0.000550864,0.9004894477957237,0.9765295078875623
200000.0,260,0.99,0.550886,0.961649,107017,10,24,0.00973113,0.00649069,0.9013535099458678,0.9194351813754912
200000.0,197,0.0212401,0.643389,0.99,200000,21,14,0.0100004,1.00407e-11,0.8999980000199996,0.9999968312936394
200000.0,263,0.99,0.549393,0.99,107017,12,24,0.00974028,0.00317712,0.9013071431156237,0.943634052833293
208719.0,308,0.99,0.428767,0.99,118587,10,28,0.00974461,0.00273646,0.901285208808406,0.9476888157274183
200000.0,263,0.99,0.54478,0.99,107981,12,34,0.0097406,0.00315279,0.9013055219376485,0.9438502894041296
200000.0,297,0.99,0.417876,0.99,136575,10,17,0.00979661,0.0018052,0.9010221742004807,0.9575123547369356
200000.0,276,0.99,0.462463,0.99,126154,10,34,0.00976831,0.00224816,0.9011652389085703,0.9525852343673408
200000.0,310,0.99,0.446412,0.99,118587,10,28,0.00975941,0.00236598,0.9012102738135185,0.951358659557944
200000.0,287,0.99,0.444064,0.99,145520,10,29,0.00982621,0.00134858,0.9008727585373224,0.963276982694773
200000.0,287,0.99,0.4166,0.99,176920,10,24,0.00991611,0.000460108,0.9004203334008393,0.9785498717952549
200000.0,303,0.99,0.4295,0.99,156717,10,31,0.00986138,0.000923128,0.9006955187315295,0.9696169784254429
200000.0,162,0.01,0.552681,0.989824,190814,27,14,0.00998569,4.70988e-06,0.9000715756153436,0.9978297742052957
208719.0,310,0.99,0.428767,0.99,118587,10,28,0.00974641,0.00270888,0.9012760920546599,0.9479530980749094
200000.0,352,0.99,0.354877,0.99,144697,10,29,0.00981823,0.00142313,0.9009130180094277,0.9622756047099493
200140.0,306,0.99,0.428767,0.99,172206,10,24,0.00990827,0.000513874,0.9004597066510249,0.9773312108836841
202239.0,306,0.99,0.444064,0.99,126154,10,29,0.00977796,0.00208909,0.9011164321032054,0.9542934359199906
200000.0,180,0.01,0.549435,0.972938,185117,18,34,0.00997705,1.23875e-05,0.90011481591347,0.9964804119559244
200000.0,309,0.99,0.417876,0.99,188060,11,14,0.0099573,0.000223574,0.900213728399143,0.9850476088868703
200000.0,293,0.99,0.423922,0.99,190040,10,25,0.00996214,0.000201167,0.9001894795124281,0.9858166647081866
200000.0,309,0.99,0.417876,0.99,160594,10,13,0.00987082,0.000817961,0.9006479995168694,0.9713999825174878
200000.0,370,0.99,0.354877,0.99,162049,10,20,0.0098763,0.000758968,0.9006204246336301,0.9724506261414165
200000.0,310,0.99,0.428767,0.99,118587,10,28,0.00974881,0.00251896,0.901263937692452,0.949810758124873
200000.0,295,0.99,0.435271,0.99,138618,10,27,0.00980636,0.00161944,0.9009729329930448,0.9597577336622302
200000.0,315,0.99,0.401642,0.99,167087,10,18,0.00988712,0.000656892,0.9005660017901321,0.9743700955912824
200000.0,287,0.99,0.436916,0.99,149264,10,30,0.00983522,0.00123498,0.9008273223110317,0.9648577177747375
200000.0,310,0.99,0.428767,0.989993,128729,10,24,0.00978177,0.00198349,0.9010971688979532,0.955463610384316
202286.0,301,0.99,0.427709,0.99,129068,10,19,0.00977475,0.00212112,0.9011326646460015,0.9539443814502508
200000.0,309,0.99,0.39545,0.99,187243,10,14,0.00995092,0.000232704,0.900245701846988,0.9847453613612122
200000.0,287,0.99,0.419029,0.99,161181,10,30,0.00986799,0.000881515,0.9006622428278149,0.9703096817127199
200000.0,247,0.99,0.52539,0.99,139669,10,30,0.00981413,0.00154893,0.9009337090630724,0.9606435519895405
200000.0,214,0.99,0.575481,0.99,176725,10,22,0.00992071,0.000450096,0.9003972389940922,0.9787845339433705
200000.0,295,0.99,0.43173,0.989991,138618,10,22,0.00980518,0.00164066,0.9009788911393132,0.9594949385878753
200000.0,215,0.01,0.501716,0.972938,194600,14,34,0.00999344,5.35038e-09,0.9000328053809651,0.999926853708228
200000.0,287,0.99,0.444064,0.99,147158,10,30,0.009831,0.00128486,0.900848600615019,0.9641550561445551
202286.0,301,0.99,0.417876,0.99,187578,10,24,0.00994672,0.000278182,0.9002667557932662,0.983321211075141
200000.0,295,0.99,0.405463,0.99,180771,10,27,0.00992846,0.000379218,0.9003583420451065,0.9805264795170467
200140.0,301,0.99,0.428767,0.99,171038,10,31,0.00990235,0.000550864,0.9004894477957237,0.9765295078875623
200928.0,301,0.99,0.435254,0.99,155373,10,15,0.00985704,0.000976426,0.9007173731209734,0.968752184076323
200000.0,287,0.99,0.444064,0.99,134259,10,29,0.00979267,0.00183915,0.9010420796499845,0.9571146878290481
200000.0,168,0.01,0.549435,0.972938,185117,18,33,0.00997482,4.78373e-05,0.9001259793539882,0.9930835485977273
200000.0,287,0.99,0.446726,0.99,182644,11,24,0.00993919,0.000331232,0.9003045136427932,0.9818002197815469
200000.0,303,0.99,0.407881,0.99,181689,10,27,0.00993229,0.00035055,0.9003391250289262,0.9812770194680441
203314.0,250,0.99,0.520629,0.99,193684,13,30,0.00996807,0.000187249,0.9001597776444784,0.9863161043558495
200000.0,162,0.0938718,0.582717,0.98984,194051,27,14,0.00999061,2.05858e-06,0.9000469610266901,0.9985652247562772
200000.0,295,0.99,0.43173,0.989991,138618,10,22,0.00980518,0.00164066,0.9009788911393132,0.9594949385878753
200928.0,301,0.99,0.410965,0.99,166962,10,15,0.00988298,0.000700319,0.9005868217991196,0.9735364590426754
200000.0,287,0.99,0.4166,0.99,182644,10,24,0.00993513,0.000343813,0.9003248777276898,0.9814578048764446
200000.0,142,0.01,0.549435,0.977475,185117,18,34,0.00997371,0.000133011,0.9001315365092664,0.9884669605047065
200140.0,301,0.99,0.428767,0.99,172206,10,27,0.00990589,0.000524,0.9004716623267524,0.9771089537154808
200000.0,372,0.99,0.354877,0.989987,145261,10,29,0.00982833,0.00129107,0.9008620657871065,0.9640685374636656
200000.0,309,0.99,0.417876,0.99,170005,10,16,0.0098991,0.000572216,0.9005057790622993,0.9760789632331707
200000.0,294,0.99,0.415525,0.99,165105,10,27,0.00987937,0.00074701,0.9006049800040263,0.972668516322746
200606.0,305,0.99,0.439015,0.99,139320,10,34,0.00981561,0.00150537,0.9009262395989736,0.961200902072342
200000.0,320,0.99,0.412819,0.99,149264,10,27,0.00984187,0.00114538,0.9007938005969385,0.9661565368202366
209723.0,287,0.99,0.429245,0.99,162289,10,30,0.00985252,0.00102167,0.9007401390289106,0.9680364269832048
200000.0,310,0.99,0.428767,0.99,119422,10,33,0.00975173,0.00247143,0.9012491519023761,0.950286520942505
202286.0,301,0.99,0.417876,0.99,171004,10,19,0.00989374,0.000607995,0.9005327189473845,0.9753424453767208
200000.0,309,0.99,0.39545,0.99,179249,10,15,0.00992321,0.000400857,0.9003846899317178,0.9799785864634887
202286.0,308,0.99,0.417876,0.99,171004,10,19,0.00989671,0.000591712,0.9005177905351917,0.9756748689623262
200784.0,289,0.99,0.426469,0.99,154976,10,28,0.00984865,0.00107343,0.9007596352284011,0.9672367584021361
202286.0,289,0.99,0.426469,0.99,154976,10,24,0.00984568,0.00110687,0.9007746000260014,0.9667303441556724
200000.0,204,0.01,0.417879,0.975951,182064,13,42,0.00997111,0.000139464,0.9001445544799884,0.9881905122888417
200000.0,197,0.01,0.552681,0.981389,200000,21,14,0.00999975,3.39634e-09,0.9000012500078126,0.9999417218737432
200000.0,287,0.99,0.436916,0.99,149264,10,23,0.00983512,0.0012354,0.9008278264834334,0.9648517425752001
200000.0,245,0.99,0.553856,0.99,118587,10,30,0.00975658,0.00243852,0.9012245982038039,0.9506186269935718
200000.0,320,0.99,0.412819,0.99,149264,10,27,0.00984187,0.00114538,0.9007938005969385,0.9661565368202366
200000.0,310,0.99,0.428767,0.989993,125263,10,23,0.00977072,0.00215745,0.9011530475937675,0.9535516415790611
200051.0,308,0.99,0.417876,0.99,178543,10,14,0.00992528,0.000394251,0.9003743005043378,0.980144245166703
200000.0,309,0.986657,0.417876,0.99,132388,10,15,0.00979091,0.00189381,0.9010509727182727,0.9564820726596498
200000.0,287,0.99,0.453095,0.99,185367,10,22,0.00994945,0.000273081,0.9002530702226881,0.9834748373684251
200000.0,291,0.99,0.43173,0.989999,143382,10,22,0.00981796,0.00146629,0.9009143804581109,0.9617078336993061
200820.0,294,0.99,0.423113,0.99,155373,10,15,0.00984996,0.00104818,0.9007530353108972,0.967624391897603
200000.0,287,0.99,0.4166,0.989997,184594,10,24,0.00994184,0.000304573,0.9002912240572576,0.9825479800596034
200000.0,245,0.99,0.553856,0.99,118587,10,32,0.00975663,0.00243844,0.9012243451046767,0.9506194370222453
202286.0,301,0.99,0.417876,0.99,166962,10,19,0.00988162,0.000711381,0.9005936621738835,0.9733282733967221
200000.0,310,0.99,0.428767,0.99,125263,10,23,0.00977072,0.00215691,0.9011530475937675,0.9535574548501053
200000.0,310,0.99,0.432188,0.989993,128729,10,24,0.00978359,0.00195954,0.9010879683759352,0.9557333082329389
229382.0,287,0.99,0.4166,0.99,182371,10,27,0.00986831,0.000854583,0.9006606321743489,0.9707667483847588
200000.0,305,0.99,0.436916,0.99,149264,10,30,0.00984441,0.00113143,0.900780999803465,0.9663632641298238
200000.0,287,0.99,0.419029,0.99,169060,10,26,0.00989143,0.00064934,0.9005443314838214,0.974517849384324
200000.0,197,0.0212401,0.643389,0.99,200000,21,14,0.0100004,1.00407e-11,0.8999980000199996,0.9999968312936394
200000.0,260,0.99,0.550886,0.961649,107017,10,24,0.00973113,0.00649069,0.9013535099458678,0.9194351813754912
200000.0,263,0.99,0.549393,0.99,107017,12,24,0.00974028,0.00317712,0.9013071431156237,0.943634052833293
208719.0,308,0.99,0.428767,0.99,118587,10,28,0.00974461,0.00273646,0.901285208808406,0.9476888157274183
200000.0,263,0.99,0.54478,0.99,107981,12,34,0.0097406,0.00315279,0.9013055219376485,0.9438502894041296
200000.0,297,0.99,0.417876,0.99,136575,10,17,0.00979661,0.0018052,0.9010221742004807,0.9575123547369356
200000.0,310,0.99,0.446412,0.99,118587,10,28,0.00975941,0.00236598,0.9012102738135185,0.951358659557944
200000.0,287,0.99,0.444064,0.99,145520,10,29,0.00982621,0.00134858,0.9008727585373224,0.963276982694773
200000.0,310,0.99,0.428767,0.99,118587,10,28,0.00974881,0.00251896,0.901263937692452,0.949810758124873
200000.0,372,0.99,0.354877,0.989987,132072,10,29,0.00978882,0.001844,0.901061534275086,0.9570581788928322
200000.0,162,0.01,0.552681,0.989824,190814,27,14,0.00998569,4.70988e-06,0.9000715756153436,0.9978297742052957
208719.0,310,0.99,0.428767,0.99,118587,10,28,0.00974641,0.00270888,0.9012760920546599,0.9479530980749094
202239.0,306,0.99,0.444064,0.99,126154,10,29,0.00977796,0.00208909,0.9011164321032054,0.9542934359199906
200000.0,352,0.99,0.354877,0.99,144697,10,29,0.00981823,0.00142313,0.9009130180094277,0.9622756047099493
200140.0,306,0.99,0.428767,0.99,172206,10,24,0.00990827,0.000513874,0.9004597066510249,0.9773312108836841
200000.0,310,0.99,0.432188,0.989993,128729,10,24,0.00978359,0.00195954,0.9010879683759352,0.9557333082329389
200000.0,276,0.99,0.462463,0.99,126154,10,34,0.00976831,0.00224816,0.9011652389085703,0.9525852343673408
200000.0,180,0.01,0.549435,0.972938,185117,18,34,0.00997705,1.23875e-05,0.90011481591347,0.9964804119559244
200000.0,297,0.99,0.417876,0.99,158777,10,14,0.00986117,0.00092042,0.9006965760912545,0.9696615755188244
200016.0,287,0.99,0.4166,0.99,176920,10,23,0.00991607,0.000458667,0.9004205342452571,0.978583487678896
200000.0,309,0.99,0.417876,0.99,160594,10,13,0.00987082,0.000817961,0.9006479995168694,0.9713999825174878
200000.0,247,0.99,0.52539,0.99,139669,10,30,0.00981413,0.00154893,0.9009337090630724,0.9606435519895405
203314.0,250,0.99,0.520629,0.99,193684,13,30,0.00996807,0.000187249,0.9001597776444784,0.9863161043558495
200000.0,370,0.99,0.354877,0.99,162049,10,20,0.0098763,0.000758968,0.9006204246336301,0.9724506261414165
200000.0,310,0.99,0.428767,0.99,119422,10,33,0.00975173,0.00247143,0.9012491519023761,0.950286520942505
200000.0,310,0.99,0.428767,0.989993,128729,10,24,0.00978177,0.00198349,0.9010971688979532,0.955463610384316
200140.0,301,0.99,0.428767,0.99,138928,10,31,0.00980765,0.00159649,0.9009664198365019,0.9600438990891254
200000.0,315,0.99,0.401642,0.99,167087,10,18,0.00988712,0.000656892,0.9005660017901321,0.9743700955912824
200000.0,320,0.99,0.412819,0.99,147092,10,27,0.00983551,0.0012223,0.9008258602255608,0.9650385927056705
200000.0,310,0.99,0.428767,0.99,126167,10,34,0.00977384,0.00210983,0.9011372668797792,0.954067114177313
200000.0,309,0.99,0.39545,0.99,187243,10,14,0.00995092,0.000232704,0.900245701846988,0.9847453613612122
200000.0,287,0.99,0.419029,0.99,161181,10,30,0.00986799,0.000881515,0.9006622428278149,0.9703096817127199
200000.0,309,0.99,0.417876,0.99,188060,11,14,0.0099573,0.000223574,0.900213728399143,0.9850476088868703
200000.0,287,0.99,0.4166,0.989997,184594,10,24,0.00994184,0.000304573,0.9002912240572576,0.9825479800596034
200000.0,295,0.99,0.43173,0.989991,138618,10,22,0.00980518,0.00164066,0.9009788911393132,0.9594949385878753
200000.0,287,0.99,0.444064,0.99,134259,10,29,0.00979267,0.00183915,0.9010420796499845,0.9571146878290481
200000.0,215,0.01,0.501716,0.972938,194600,14,34,0.00999344,5.35038e-09,0.9000328053809651,0.999926853708228
200000.0,293,0.99,0.423922,0.99,190040,10,25,0.00996214,0.000201167,0.9001894795124281,0.9858166647081866
200000.0,287,0.99,0.444064,0.99,147158,10,30,0.009831,0.00128486,0.900848600615019,0.9641550561445551
200000.0,309,0.99,0.419358,0.99,175865,10,14,0.00991775,0.000442721,0.9004120991284584,0.9789590637090456
202286.0,301,0.99,0.417876,0.99,187578,10,24,0.00994672,0.000278182,0.9002667557932662,0.983321211075141
200000.0,295,0.99,0.405463,0.99,180771,10,27,0.00992846,0.000379218,0.9003583420451065,0.9805264795170467
200140.0,301,0.99,0.428767,0.99,171038,10,31,0.00990235,0.000550864,0.9004894477957237,0.9765295078875623
200000.0,287,0.99,0.419029,0.99,169060,10,26,0.00989143,0.00064934,0.9005443314838214,0.974517849384324
200000.0,168,0.01,0.549435,0.972938,185117,18,33,0.00997482,4.78373e-05,0.9001259793539882,0.9930835485977273
200000.0,287,0.99,0.446726,0.99,182644,11,24,0.00993919,0.000331232,0.9003045136427932,0.9818002197815469
200000.0,295,0.99,0.43173,0.989991,138618,10,22,0.00980518,0.00164066,0.9009788911393132,0.9594949385878753
200000.0,162,0.0938718,0.582717,0.98984,194051,27,14,0.00999061,2.05858e-06,0.9000469610266901,0.9985652247562772
200000.0,204,0.01,0.417879,0.975951,182064,13,42,0.00997111,0.000139464,0.9001445544799884,0.9881905122888417
200928.0,301,0.99,0.410965,0.99,166962,10,15,0.00988298,0.000700319,0.9005868217991196,0.9735364590426754
202286.0,301,0.99,0.417876,0.99,171004,10,19,0.00989374,0.000607995,0.9005327189473845,0.9753424453767208
200784.0,289,0.99,0.426469,0.99,154976,10,28,0.00984865,0.00107343,0.9007596352284011,0.9672367584021361
200000.0,142,0.01,0.549435,0.977475,185117,18,34,0.00997371,0.000133011,0.9001315365092664,0.9884669605047065
200140.0,301,0.99,0.428767,0.99,172206,10,27,0.00990589,0.000524,0.9004716623267524,0.9771089537154808
200000.0,287,0.99,0.4166,0.99,182644,10,24,0.00993513,0.000343813,0.9003248777276898,0.9814578048764446
200000.0,276,0.99,0.462463,0.99,126154,10,34,0.00976831,0.00224816,0.9011652389085703,0.9525852343673408
200606.0,305,0.99,0.439015,0.99,139320,10,34,0.00981561,0.00150537,0.9009262395989736,0.961200902072342
200149.0,309,0.99,0.39545,0.99,179249,10,19,0.00992277,0.000403533,0.9003868984520611,0.9799118691760532
200000.0,197,0.01,0.552681,0.981389,200000,21,14,0.00999975,3.39634e-09,0.9000012500078126,0.9999417218737432
200000.0,320,0.99,0.412819,0.99,149264,10,27,0.00984187,0.00114538,0.9007938005969385,0.9661565368202366
202286.0,308,0.99,0.417876,0.99,171004,10,19,0.00989671,0.000591712,0.9005177905351917,0.9756748689623262
200000.0,295,0.99,0.43173,0.989991,152102,10,22,0.00984471,0.00110602,0.9007794880077713,0.966743121012338
200000.0,301,0.99,0.435254,0.99,155373,10,15,0.00985854,0.000957049,0.9007098192166013,0.9690637914410961
200000.0,294,0.99,0.415525,0.99,156761,10,27,0.00985474,0.00100717,0.9007289568907428,0.9682640582304542
200000.0,287,0.99,0.436916,0.99,149264,10,23,0.00983512,0.0012354,0.9008278264834334,0.9648517425752001
200000.0,245,0.99,0.553856,0.99,118587,10,30,0.00975658,0.00243852,0.9012245982038039,0.9506186269935718
200000.0,310,0.99,0.428767,0.989993,125263,10,23,0.00977072,0.00215745,0.9011530475937675,0.9535516415790611
200051.0,308,0.99,0.417876,0.99,178543,10,14,0.00992528,0.000394251,0.9003743005043378,0.980144245166703
200000.0,287,0.99,0.453095,0.99,185367,10,22,0.00994945,0.000273081,0.9002530702226881,0.9834748373684251
200000.0,291,0.99,0.43173,0.989999,143382,10,22,0.00981796,0.00146629,0.9009143804581109,0.9617078336993061
200928.0,301,0.99,0.435254,0.99,155373,10,15,0.00985704,0.000976426,0.9007173731209734,0.968752184076323
200000.0,245,0.99,0.553856,0.99,118587,10,32,0.00975663,0.00243844,0.9012243451046767,0.9506194370222453
202286.0,301,0.99,0.393968,0.99,192082,10,19,0.00996028,0.00022053,0.9001987976024337,0.9851497474768945
200000.0,320,0.99,0.412819,0.99,149264,10,27,0.00984187,0.00114538,0.9007938005969385,0.9661565368202366
200820.0,294,0.99,0.423113,0.99,155373,10,15,0.00984996,0.00104818,0.9007530353108972,0.967624391897603
200000.0,294,0.99,0.415525,0.99,165105,10,27,0.00987937,0.00074701,0.9006049800040263,0.972668516322746
229382.0,287,0.99,0.4166,0.99,182371,10,27,0.00986831,0.000854583,0.9006606321743489,0.9707667483847588
200000.0,303,0.99,0.407881,0.99,181689,10,27,0.00993229,0.00035055,0.9003391250289262,0.9812770194680441
200000.0,310,0.99,0.428767,0.99,125263,10,23,0.00977072,0.00215691,0.9011530475937675,0.9535574548501053
200000.0,372,0.99,0.354877,0.989987,145261,10,29,0.00982833,0.00129107,0.9008620657871065,0.9640685374636656
200000.0,197,0.0212401,0.643389,0.99,200000,21,14,0.0100004,1.00407e-11,0.8999980000199996,0.9999968312936394
200000.0,260,0.99,0.550886,0.961649,107017,10,24,0.00973113,0.00649069,0.9013535099458678,0.9194351813754912
200000.0,197,0.0212401,0.643389,0.99,200000,21,14,0.0100004,1.00407e-11,0.8999980000199996,0.9999968312936394
200000.0,262,0.99,0.550886,0.961649,107017,10,33,0.00973394,0.00643963,0.9013392681965109,0.9197526947492939
200000.0,263,0.99,0.549393,0.99,107017,12,24,0.00974028,0.00317712,0.9013071431156237,0.943634052833293
208719.0,308,0.99,0.428767,0.99,118587,10,28,0.00974461,0.00273646,0.901285208808406,0.9476888157274183
200000.0,263,0.99,0.54478,0.99,107981,12,34,0.0097406,0.00315279,0.9013055219376485,0.9438502894041296
200000.0,310,0.99,0.446412,0.99,118587,10,28,0.00975941,0.00236598,0.9012102738135185,0.951358659557944
200000.0,372,0.99,0.354877,0.989987,132072,10,29,0.00978882,0.001844,0.901061534275086,0.9570581788928322
200000.0,162,0.01,0.552681,0.989824,190814,27,14,0.00998569,4.70988e-06,0.9000715756153436,0.9978297742052957
200000.0,352,0.99,0.354877,0.99,144697,10,29,0.00981823,0.00142313,0.9009130180094277,0.9622756047099493
200000.0,297,0.988916,0.42371,0.99,136575,10,17,0.00979884,0.00176601,0.9010109096920271,0.957976078241078
200140.0,306,0.99,0.428767,0.99,172206,10,24,0.00990827,0.000513874,0.9004597066510249,0.9773312108836841
200000.0,310,0.99,0.432188,0.989999,128729,10,24,0.00978359,0.00195893,0.9010879683759352,0.9557401988255708
200000.0,276,0.99,0.462463,0.99,126154,10,34,0.00976831,0.00224816,0.9011652389085703,0.9525852343673408
200000.0,180,0.01,0.549435,0.972938,185117,18,34,0.00997705,1.23875e-05,0.90011481591347,0.9964804119559244
200016.0,287,0.99,0.4166,0.99,176920,10,23,0.00991607,0.000458667,0.9004205342452571,0.978583487678896
200140.0,301,0.99,0.428767,0.99,171038,10,31,0.00990235,0.000550864,0.9004894477957237,0.9765295078875623
200000.0,287,0.99,0.444064,0.99,145520,10,29,0.00982621,0.00134858,0.9008727585373224,0.963276982694773
203314.0,250,0.99,0.520629,0.99,193684,13,30,0.00996807,0.000187249,0.9001597776444784,0.9863161043558495
202239.0,306,0.99,0.444064,0.99,126154,10,29,0.00977796,0.00208909,0.9011164321032054,0.9542934359199906
202286.0,308,0.99,0.417876,0.99,171004,10,19,0.00989671,0.000591712,0.9005177905351917,0.9756748689623262
200000.0,320,0.99,0.412819,0.99,147092,10,27,0.00983551,0.0012223,0.9008258602255608,0.9650385927056705
201759.0,308,0.99,0.428767,0.99,118587,10,26,0.00974647,0.00258494,0.9012757881773675,0.9491576947808226
200000.0,297,0.99,0.417876,0.99,158777,10,14,0.00986117,0.00092042,0.9006965760912545,0.9696615755188244
200000.0,294,0.99,0.415525,0.99,156761,10,27,0.00985474,0.00100717,0.9007289568907428,0.9682640582304542
200000.0,310,0.99,0.428767,0.99,118587,10,26,0.00974877,0.00251896,0.9012641402528949,0.949810758124873
200000.0,287,0.99,0.419029,0.99,161181,10,30,0.00986799,0.000881515,0.9006622428278149,0.9703096817127199
200000.0,309,0.99,0.417876,0.99,188060,11,14,0.0099573,0.000223574,0.900213728399143,0.9850476088868703
200000.0,295,0.99,0.43173,0.989991,152102,10,22,0.00984471,0.00110602,0.9007794880077713,0.966743121012338
200000.0,287,0.99,0.444064,0.99,134259,10,29,0.00979267,0.00183915,0.9010420796499845,0.9571146878290481
200140.0,301,0.99,0.428767,0.99,138928,10,31,0.00980765,0.00159649,0.9009664198365019,0.9600438990891254
200000.0,215,0.01,0.501716,0.972938,194600,14,34,0.00999344,5.35038e-09,0.9000328053809651,0.999926853708228
200000.0,293,0.99,0.423922,0.99,190040,10,25,0.00996214,0.000201167,0.9001894795124281,0.9858166647081866
200000.0,287,0.99,0.444064,0.99,147158,10,30,0.009831,0.00128486,0.900848600615019,0.9641550561445551
202286.0,301,0.99,0.417876,0.99,187578,10,24,0.00994672,0.000278182,0.9002667557932662,0.983321211075141
200820.0,294,0.99,0.423113,0.99,155373,10,15,0.00984996,0.00104818,0.9007530353108972,0.967624391897603
200000.0,295,0.99,0.405463,0.99,180771,10,27,0.00992846,0.000379218,0.9003583420451065,0.9805264795170467
200000.0,168,0.01,0.549435,0.972938,185117,18,33,0.00997482,4.78373e-05,0.9001259793539882,0.9930835485977273
200000.0,287,0.99,0.4166,0.989997,184594,10,24,0.00994184,0.000304573,0.9002912240572576,0.9825479800596034
200000.0,310,0.99,0.426354,0.989993,128729,10,24,0.00978056,0.00200077,0.90110328620222,0.9552700324167342
200000.0,295,0.99,0.43173,0.989991,138618,10,22,0.00980518,0.00164066,0.9009788911393132,0.9594949385878753
208719.0,310,0.99,0.428767,0.99,118587,10,28,0.00974641,0.00270888,0.9012760920546599,0.9479530980749094
200000.0,303,0.99,0.407881,0.99,181689,10,27,0.00993229,0.00035055,0.9003391250289262,0.9812770194680441
200000.0,309,0.99,0.39545,0.99,187243,10,14,0.00995092,0.000232704,0.900245701846988,0.9847453613612122
200000.0,370,0.99,0.354877,0.99,162049,10,20,0.0098763,0.000758968,0.9006204246336301,0.9724506261414165
200000.0,310,0.99,0.428767,0.99,126167,10,34,0.00977384,0.00210983,0.9011372668797792,0.954067114177313
200000.0,320,0.99,0.412819,0.99,149264,10,27,0.00984187,0.00114538,0.9007938005969385,0.9661565368202366
200149.0,309,0.99,0.39545,0.99,179249,10,19,0.00992277,0.000403533,0.9003868984520611,0.9799118691760532
200000.0,162,0.0938718,0.582717,0.98984,194051,27,14,0.00999061,2.05858e-06,0.9000469610266901,0.9985652247562772
200000.0,309,0.99,0.423941,0.99,160594,10,19,0.00987356,0.000801011,0.9006342111187156,0.9716978622715527
200000.0,204,0.01,0.417879,0.975951,182064,13,42,0.00997111,0.000139464,0.9001445544799884,0.9881905122888417
200000.0,297,0.99,0.417876,0.99,136575,10,17,0.00979661,0.0018052,0.9010221742004807,0.9575123547369356
200000.0,315,0.99,0.401642,0.99,167087,10,18,0.00988712,0.000656892,0.9005660017901321,0.9743700955912824
200000.0,287,0.99,0.4166,0.99,182644,10,24,0.00993513,0.000343813,0.9003248777276898,0.9814578048764446
202286.0,301,0.99,0.417876,0.99,171004,10,19,0.00989374,0.000607995,0.9005327189473845,0.9753424453767208
200000.0,295,0.99,0.43173,0.989991,138618,10,22,0.00980518,0.00164066,0.9009788911393132,0.9594949385878753
200784.0,289,0.99,0.426469,0.99,154976,10,28,0.00984865,0.00107343,0.9007596352284011,0.9672367584021361
200928.0,301,0.99,0.410965,0.99,166962,10,15,0.00988298,0.000700319,0.9005868217991196,0.9735364590426754
200000.0,142,0.01,0.549435,0.977475,185117,18,34,0.00997371,0.000133011,0.9001315365092664,0.9884669605047065
200000.0,309,0.99,0.417876,0.99,160594,10,13,0.00987082,0.000817961,0.9006479995168694,0.9713999825174878
200140.0,301,0.99,0.428767,0.99,172206,10,27,0.00990589,0.000524,0.9004716623267524,0.9771089537154808
200000.0,294,0.99,0.415525,0.99,165105,10,27,0.00987937,0.00074701,0.9006049800040263,0.972668516322746
200000.0,276,0.99,0.462463,0.99,126154,10,34,0.00976831,0.00224816,0.9011652389085703,0.9525852343673408
200000.0,287,0.99,0.436916,0.99,149264,10,23,0.00983512,0.0012354,0.9008278264834334,0.9648517425752001
200000.0,197,0.01,0.552681,0.981389,200000,21,14,0.00999975,3.39634e-09,0.9000012500078126,0.9999417218737432
200140.0,234,0.99,0.553449,0.99,138928,10,29,0.0098124,0.00158866,0.9009424409749563,0.9601420020573035
200000.0,287,0.99,0.419029,0.99,169060,10,26,0.00989143,0.00064934,0.9005443314838214,0.974517849384324
200000.0,372,0.99,0.354877,0.989987,145261,10,29,0.00982833,0.00129107,0.9008620657871065,0.9640685374636656
200000.0,310,0.99,0.428767,0.99,119422,10,33,0.00975173,0.00247143,0.9012491519023761,0.950286520942505
200051.0,308,0.99,0.417876,0.99,178543,10,14,0.00992528,0.000394251,0.9003743005043378,0.980144245166703
200016.0,305,0.99,0.4166,0.99,176920,10,23,0.00991881,0.00043054,0.9004067773390176,0.9792505421757579
200000.0,245,0.99,0.553856,0.99,118587,10,30,0.00975658,0.00243852,0.9012245982038039,0.9506186269935718
200000.0,310,0.99,0.428767,0.989993,125263,10,23,0.00977072,0.00215745,0.9011530475937675,0.9535516415790611
200000.0,287,0.99,0.446726,0.99,182644,11,24,0.00993919,0.000331232,0.9003045136427932,0.9818002197815469
200000.0,287,0.99,0.453095,0.99,185367,10,22,0.00994945,0.000273081,0.9002530702226881,0.9834748373684251
200000.0,320,0.99,0.412819,0.99,149264,10,27,0.00984187,0.00114538,0.9007938005969385,0.9661565368202366
200928.0,301,0.99,0.435254,0.99,155373,10,15,0.00985704,0.000976426,0.9007173731209734,0.968752184076323
200000.0,245,0.99,0.553856,0.99,118587,10,32,0.00975663,0.00243844,0.9012243451046767,0.9506194370222453
202286.0,301,0.99,0.393968,0.99,192082,10,19,0.00996028,0.00022053,0.9001987976024337,0.9851497474768945
200000.0,197,0.0212401,0.643389,0.99,200000,21,14,0.0100004,1.00407e-11,0.8999980000199996,0.9999968312936394
200000.0,260,0.99,0.550886,0.961649,107017,10,24,0.00973113,0.00649069,0.9013535099458678,0.9194351813754912
200000.0,197,0.0212401,0.643389,0.99,200000,21,14,0.0100004,1.00407e-11,0.8999980000199996,0.9999968312936394
200000.0,262,0.99,0.550886,0.961649,107017,10,33,0.00973394,0.00643963,0.9013392681965109,0.9197526947492939
200000.0,263,0.99,0.549393,0.99,107017,12,24,0.00974028,0.00317712,0.9013071431156237,0.943634052833293
208719.0,308,0.99,0.428767,0.99,118587,10,28,0.00974461,0.00273646,0.901285208808406,0.9476888157274183
200000.0,352,0.99,0.354877,0.99,144697,10,29,0.00981823,0.00142313,0.9009130180094277,0.9622756047099493
200000.0,263,0.99,0.54478,0.99,107981,12,34,0.0097406,0.00315279,0.9013055219376485,0.9438502894041296
200000.0,310,0.99,0.446412,0.99,118587,10,28,0.00975941,0.00236598,0.9012102738135185,0.951358659557944
200140.0,234,0.99,0.553449,0.99,138928,10,29,0.0098124,0.00158866,0.9009424409749563,0.9601420020573035
200000.0,287,0.99,0.444064,0.99,145520,10,29,0.00982621,0.00134858,0.9008727585373224,0.963276982694773
200000.0,297,0.988916,0.42371,0.99,136575,10,17,0.00979884,0.00176601,0.9010109096920271,0.957976078241078
200000.0,297,0.99,0.417876,0.99,158777,10,14,0.00986117,0.00092042,0.9006965760912545,0.9696615755188244
200000.0,310,0.99,0.432188,0.989999,128729,10,24,0.00978359,0.00195893,0.9010879683759352,0.9557401988255708
200000.0,372,0.99,0.354877,0.989987,132072,10,29,0.00978882,0.001844,0.901061534275086,0.9570581788928322
200016.0,287,0.99,0.4166,0.99,176920,10,23,0.00991607,0.000458667,0.9004205342452571,0.978583487678896
200000.0,215,0.01,0.501716,0.972938,194600,14,34,0.00999344,5.35038e-09,0.9000328053809651,0.999926853708228
200000.0,287,0.99,0.419029,0.99,161181,10,30,0.00986799,0.000881515,0.9006622428278149,0.9703096817127199
200140.0,306,0.99,0.428767,0.99,172206,10,24,0.00990827,0.000513874,0.9004597066510249,0.9773312108836841
200000.0,276,0.99,0.462463,0.99,126154,10,34,0.00976831,0.00224816,0.9011652389085703,0.9525852343673408
200000.0,180,0.01,0.549435,0.972938,185117,18,34,0.00997705,1.23875e-05,0.90011481591347,0.9964804119559244
203314.0,250,0.99,0.520629,0.99,193684,13,30,0.00996807,0.000187249,0.9001597776444784,0.9863161043558495
200928.0,301,0.99,0.410965,0.99,166962,10,15,0.00988298,0.000700319,0.9005868217991196,0.9735364590426754
200000.0,310,0.99,0.428767,0.989993,125263,10,23,0.00977072,0.00215745,0.9011530475937675,0.9535516415790611
200000.0,310,0.99,0.428767,0.99,119422,10,33,0.00975173,0.00247143,0.9012491519023761,0.950286520942505
202286.0,308,0.99,0.417876,0.99,171004,10,19,0.00989671,0.000591712,0.9005177905351917,0.9756748689623262
200000.0,315,0.99,0.401642,0.99,167087,10,18,0.00988712,0.000656892,0.9005660017901321,0.9743700955912824
200140.0,301,0.99,0.428767,0.99,171038,10,31,0.00990235,0.000550864,0.9004894477957237,0.9765295078875623
200000.0,294,0.99,0.415525,0.99,156761,10,27,0.00985474,0.00100717,0.9007289568907428,0.9682640582304542
200928.0,301,0.99,0.435254,0.99,155373,10,15,0.00985704,0.000976426,0.9007173731209734,0.968752184076323
200000.0,309,0.99,0.39545,0.99,187243,10,14,0.00995092,0.000232704,0.900245701846988,0.9847453613612122
200000.0,309,0.99,0.417876,0.99,188060,11,14,0.0099573,0.000223574,0.900213728399143,0.9850476088868703
200000.0,295,0.99,0.43173,0.989991,152102,10,22,0.00984471,0.00110602,0.9007794880077713,0.966743121012338
200000.0,310,0.99,0.426354,0.989993,128729,10,24,0.00978056,0.00200077,0.90110328620222,0.9552700324167342
200000.0,320,0.99,0.40185,0.99,149264,10,30,0.00983678,0.00119018,0.9008194575534092,0.9655010145076699
200000.0,287,0.99,0.444064,0.99,134259,10,29,0.00979267,0.00183915,0.9010420796499845,0.9571146878290481
200140.0,301,0.99,0.428767,0.99,138928,10,31,0.00980765,0.00159649,0.9009664198365019,0.9600438990891254
200000.0,162,0.01,0.552681,0.989824,190814,27,14,0.00998569,4.70988e-06,0.9000715756153436,0.9978297742052957
200000.0,297,0.99,0.417876,0.99,136575,10,17,0.00979661,0.0018052,0.9010221742004807,0.9575123547369356
200000.0,293,0.99,0.423922,0.99,190040,10,25,0.00996214,0.000201167,0.9001894795124281,0.9858166647081866
200000.0,294,0.99,0.415525,0.99,165105,10,27,0.00987937,0.00074701,0.9006049800040263,0.972668516322746
200016.0,305,0.99,0.4166,0.99,176920,10,23,0.00991881,0.00043054,0.9004067773390176,0.9792505421757579
200000.0,309,0.99,0.417876,0.99,160594,10,13,0.00987082,0.000817961,0.9006479995168694,0.9713999825174878
200820.0,294,0.99,0.423113,0.99,155373,10,15,0.00984996,0.00104818,0.9007530353108972,0.967624391897603
202286.0,301,0.99,0.417876,0.99,187578,10,24,0.00994672,0.000278182,0.9002667557932662,0.983321211075141
200000.0,287,0.99,0.419029,0.99,169060,10,26,0.00989143,0.00064934,0.9005443314838214,0.974517849384324
200000.0,287,0.99,0.444064,0.99,147158,10,30,0.009831,0.00128486,0.900848600615019,0.9641550561445551
200000.0,168,0.01,0.549435,0.972938,185117,18,33,0.00997482,4.78373e-05,0.9001259793539882,0.9930835485977273
200000.0,310,0.99,0.428767,0.99,126167,10,34,0.00977384,0.00210983,0.9011372668797792,0.954067114177313
200000.0,295,0.99,0.43173,0.989991,138618,10,22,0.00980518,0.00164066,0.9009788911393132,0.9594949385878753
200000.0,277,0.99,0.467182,0.99,118587,10,28,0.00974521,0.00262748,0.901282169796941,0.9487410495620521
200000.0,303,0.99,0.407881,0.99,181689,10,27,0.00993229,0.00035055,0.9003391250289262,0.9812770194680441
200149.0,309,0.99,0.39545,0.99,179249,10,19,0.00992277,0.000403533,0.9003868984520611,0.9799118691760532
200000.0,168,0.01,0.501435,0.917561,190897,18,33,0.00998578,1.16111e-08,0.9000711252940372,0.9998922451857224
200000.0,204,0.01,0.417879,0.975951,182064,13,42,0.00997111,0.000139464,0.9001445544799884,0.9881905122888417
200000.0,287,0.99,0.446726,0.99,182644,11,24,0.00993919,0.000331232,0.9003045136427932,0.9818002197815469
202286.0,301,0.99,0.417876,0.99,171004,10,19,0.00989374,0.000607995,0.9005327189473845,0.9753424453767208
200000.0,295,0.99,0.43173,0.989991,138618,10,22,0.00980518,0.00164066,0.9009788911393132,0.9594949385878753
200784.0,289,0.99,0.426469,0.99,154976,10,28,0.00984865,0.00107343,0.9007596352284011,0.9672367584021361
200000.0,142,0.01,0.549435,0.977475,185117,18,34,0.00997371,0.000133011,0.9001315365092664,0.9884669605047065
200000.0,372,0.99,0.354877,0.989987,145261,10,29,0.00982833,0.00129107,0.9008620657871065,0.9640685374636656
200000.0,263,0.99,0.549393,0.99,107017,12,24,0.00974028,0.00317712,0.9013071431156237,0.943634052833293
200000.0,276,0.99,0.462463,0.99,126154,10,34,0.00976831,0.00224816,0.9011652389085703,0.9525852343673408
200000.0,301,0.99,0.428767,0.99,147963,10,27,0.00983445,0.00123171,0.9008312045046427,0.9649042737644595
200000.0,197,0.01,0.552681,0.981389,200000,21,14,0.00999975,3.39634e-09,0.9000012500078126,0.9999417218737432
200000.0,320,0.99,0.412819,0.99,149264,10,27,0.00984187,0.00114538,0.9007938005969385,0.9661565368202366
200051.0,308,0.99,0.417876,0.99,178543,10,14,0.00992528,0.000394251,0.9003743005043378,0.980144245166703
200000.0,309,0.99,0.423941,0.99,160594,10,19,0.00987356,0.000801011,0.9006342111187156,0.9716978622715527
200000.0,245,0.99,0.553856,0.99,118587,10,30,0.00975658,0.00243852,0.9012245982038039,0.9506186269935718
200000.0,297,0.988916,0.42371,0.99,130152,10,17,0.0097793,0.00208577,0.9011096566898467,0.9543297689955481
200000.0,287,0.99,0.453095,0.99,185367,10,22,0.00994945,0.000273081,0.9002530702226881,0.9834748373684251
200000.0,287,0.99,0.4166,0.989999,184594,10,24,0.00994185,0.000299941,0.9002911739112329,0.9826811951913534
200000.0,245,0.99,0.553856,0.99,118587,10,32,0.00975663,0.00243844,0.9012243451046767,0.9506194370222453
202286.0,301,0.99,0.393968,0.99,192082,10,19,0.00996028,0.00022053,0.9001987976024337,0.9851497474768945
200000.0,310,0.99,0.428767,0.99,118587,10,26,0.00974877,0.00251896,0.9012641402528949,0.949810758124873
200000.0,295,0.99,0.405463,0.99,180771,10,27,0.00992846,0.000379218,0.9003583420451065,0.9805264795170467
200148.0,310,0.99,0.428767,0.99,118587,10,26,0.00974868,0.00252262,0.901264596015411,0.949774309362638
200000.0,308,0.99,0.412819,0.99,129383,10,27,0.00977621,0.00208973,0.9011252812899071,0.9542864352735427
200000.0,370,0.99,0.354877,0.99,162049,10,20,0.0098763,0.000758968,0.9006204246336301,0.9724506261414165
200000.0,320,0.99,0.412819,0.99,149264,10,27,0.00984187,0.00114538,0.9007938005969385,0.9661565368202366
200000.0,197,0.0212401,0.643389,0.99,200000,21,14,0.0100004,1.00407e-11,0.8999980000199996,0.9999968312936394
200000.0,260,0.99,0.550886,0.961649,107017,10,24,0.00973113,0.00649069,0.9013535099458678,0.9194351813754912
200000.0,197,0.0212401,0.643389,0.99,200000,21,14,0.0100004,1.00407e-11,0.8999980000199996,0.9999968312936394
200000.0,262,0.99,0.550886,0.961649,107017,10,33,0.00973394,0.00643963,0.9013392681965109,0.9197526947492939
200000.0,263,0.99,0.549393,0.99,107017,12,24,0.00974028,0.00317712,0.9013071431156237,0.943634052833293
208719.0,308,0.99,0.428767,0.99,118587,10,28,0.00974461,0.00273646,0.901285208808406,0.9476888157274183
200000.0,352,0.99,0.354877,0.99,144697,10,29,0.00981823,0.00142313,0.9009130180094277,0.9622756047099493
200000.0,263,0.99,0.54478,0.99,107981,12,34,0.0097406,0.00315279,0.9013055219376485,0.9438502894041296
200000.0,310,0.99,0.446412,0.99,118587,10,28,0.00975941,0.00236598,0.9012102738135185,0.951358659557944
200140.0,234,0.99,0.553449,0.99,138928,10,29,0.0098124,0.00158866,0.9009424409749563,0.9601420020573035
200140.0,306,0.99,0.428767,0.99,172206,10,24,0.00990827,0.000513874,0.9004597066510249,0.9773312108836841
200000.0,297,0.99,0.417876,0.99,158777,10,14,0.00986117,0.00092042,0.9006965760912545,0.9696615755188244
200000.0,287,0.99,0.444064,0.99,145520,10,29,0.00982621,0.00134858,0.9008727585373224,0.963276982694773
200140.0,301,0.99,0.428767,0.99,171038,10,31,0.00990235,0.000550864,0.9004894477957237,0.9765295078875623
200000.0,372,0.99,0.354877,0.989987,132072,10,29,0.00978882,0.001844,0.901061534275086,0.9570581788928322
200016.0,287,0.99,0.4166,0.99,176920,10,23,0.00991607,0.000458667,0.9004205342452571,0.978583487678896
200000.0,215,0.01,0.501716,0.972938,194600,14,34,0.00999344,5.35038e-09,0.9000328053809651,0.999926853708228
200000.0,277,0.99,0.467182,0.99,118587,10,28,0.00974521,0.00262748,0.901282169796941,0.9487410495620521
200000.0,303,0.99,0.407881,0.99,181689,10,27,0.00993229,0.00035055,0.9003391250289262,0.9812770194680441
200000.0,276,0.99,0.462463,0.99,126154,10,34,0.00976831,0.00224816,0.9011652389085703,0.9525852343673408
200000.0,180,0.01,0.549435,0.972938,185117,18,34,0.00997705,1.23875e-05,0.90011481591347,0.9964804119559244
200000.0,287,0.99,0.446726,0.99,182644,11,24,0.00993919,0.000331232,0.9003045136427932,0.9818002197815469
203314.0,250,0.99,0.520629,0.99,193684,13,30,0.00996807,0.000187249,0.9001597776444784,0.9863161043558495
200928.0,301,0.99,0.410965,0.99,166962,10,15,0.00988298,0.000700319,0.9005868217991196,0.9735364590426754
200000.0,310,0.99,0.428767,0.989993,125263,10,23,0.00977072,0.00215745,0.9011530475937675,0.9535516415790611
202286.0,308,0.99,0.417876,0.99,171004,10,19,0.00989671,0.000591712,0.9005177905351917,0.9756748689623262
200000.0,315,0.99,0.401642,0.99,167087,10,18,0.00988712,0.000656892,0.9005660017901321,0.9743700955912824
200000.0,287,0.99,0.419029,0.99,161181,10,30,0.00986799,0.000881515,0.9006622428278149,0.9703096817127199
200000.0,310,0.99,0.432188,0.989999,128729,10,24,0.00978359,0.00195893,0.9010879683759352,0.9557401988255708
200000.0,372,0.99,0.354877,0.989987,135784,10,30,0.00980016,0.00167575,0.9010042425151461,0.9590640744577578
200000.0,320,0.99,0.40185,0.99,155696,10,34,0.00985559,0.000970815,0.9007246757748936,0.9688420957059047
200000.0,309,0.99,0.39545,0.99,187243,10,14,0.00995092,0.000232704,0.900245701846988,0.9847453613612122
200000.0,309,0.99,0.417876,0.99,188060,11,14,0.0099573,0.000223574,0.900213728399143,0.9850476088868703
200000.0,287,0.99,0.4166,0.989999,184594,10,24,0.00994185,0.000299941,0.9002911739112329,0.9826811951913534
200000.0,287,0.99,0.444064,0.99,134259,10,29,0.00979267,0.00183915,0.9010420796499845,0.9571146878290481
200140.0,301,0.99,0.428767,0.99,138928,10,31,0.00980765,0.00159649,0.9009664198365019,0.9600438990891254
200000.0,293,0.99,0.423922,0.99,190040,10,25,0.00996214,0.000201167,0.9001894795124281,0.9858166647081866
200000.0,294,0.99,0.415525,0.99,165105,10,27,0.00987937,0.00074701,0.9006049800040263,0.972668516322746
200016.0,305,0.99,0.4166,0.99,176920,10,23,0.00991881,0.00043054,0.9004067773390176,0.9792505421757579
200000.0,162,0.01,0.520188,0.989824,190814,27,15,0.00998551,7.96943e-06,0.9000724762640443,0.9971769821112859
200028.0,296,0.99,0.444064,0.99,134259,10,29,0.00979723,0.00175476,0.9010190422353875,0.9581101444261263
201102.0,309,0.99,0.423113,0.99,154827,10,18,0.0098545,0.000999193,0.900730165709819,0.9683899857640019
200000.0,295,0.99,0.405463,0.99,180771,10,27,0.00992846,0.000379218,0.9003583420451065,0.9805264795170467
202286.0,301,0.99,0.417876,0.99,187578,10,24,0.00994672,0.000278182,0.9002667557932662,0.983321211075141
200000.0,168,0.01,0.549435,0.972938,185117,18,33,0.00997482,4.78373e-05,0.9001259793539882,0.9930835485977273
200000.0,310,0.99,0.428767,0.99,126167,10,34,0.00977384,0.00210983,0.9011372668797792,0.954067114177313
200000.0,297,0.99,0.417876,0.99,136575,10,17,0.00979661,0.0018052,0.9010221742004807,0.9575123547369356
200148.0,310,0.99,0.428767,0.99,118587,10,26,0.00974868,0.00252262,0.901264596015411,0.949774309362638
200000.0,370,0.99,0.354877,0.99,162049,10,20,0.0098763,0.000758968,0.9006204246336301,0.9724506261414165
200000.0,297,0.988916,0.42371,0.99,130152,10,17,0.0097793,0.00208577,0.9011096566898467,0.9543297689955481
200149.0,309,0.99,0.39545,0.99,179249,10,19,0.00992277,0.000403533,0.9003868984520611,0.9799118691760532
200000.0,168,0.01,0.501435,0.917561,190897,18,33,0.00998578,1.16111e-08,0.9000711252940372,0.9998922451857224
200000.0,309,0.99,0.423941,0.99,160594,10,19,0.00987356,0.000801011,0.9006342111187156,0.9716978622715527
200000.0,287,0.99,0.444064,0.99,147158,10,30,0.009831,0.00128486,0.900848600615019,0.9641550561445551
200000.0,204,0.01,0.417879,0.975951,182064,13,42,0.00997111,0.000139464,0.9001445544799884,0.9881905122888417
200820.0,294,0.99,0.423113,0.99,155373,10,15,0.00984996,0.00104818,0.9007530353108972,0.967624391897603
200000.0,320,0.99,0.40185,0.99,149264,10,30,0.00983678,0.00119018,0.9008194575534092,0.9655010145076699
200000.0,142,0.01,0.549435,0.977475,185117,18,34,0.00997371,0.000133011,0.9001315365092664,0.9884669605047065
200000.0,372,0.99,0.354877,0.989987,145261,10,29,0.00982833,0.00129107,0.9008620657871065,0.9640685374636656
200000.0,263,0.99,0.549393,0.99,107017,12,24,0.00974028,0.00317712,0.9013071431156237,0.943634052833293
200000.0,276,0.99,0.462463,0.99,126154,10,34,0.00976831,0.00224816,0.9011652389085703,0.9525852343673408
200000.0,197,0.01,0.552681,0.981389,200000,21,14,0.00999975,3.39634e-09,0.9000012500078126,0.9999417218737432
200000.0,310,0.99,0.428767,0.99,119422,10,33,0.00975173,0.00247143,0.9012491519023761,0.950286520942505
200051.0,308,0.99,0.417876,0.99,178543,10,14,0.00992528,0.000394251,0.9003743005043378,0.980144245166703
200000.0,310,0.99,0.426354,0.989993,128729,10,24,0.00978056,0.00200077,0.90110328620222,0.9552700324167342
200000.0,302,0.99,0.429414,0.989992,137175,10,25,0.00980322,0.00165939,0.9009887885136234,0.9592643890434916
200000.0,308,0.99,0.412819,0.99,129383,10,27,0.00977621,0.00208973,0.9011252812899071,0.9542864352735427
202286.0,301,0.99,0.417876,0.99,171004,10,19,0.00989374,0.000607995,0.9005327189473845,0.9753424453767208
200000.0,245,0.99,0.553856,0.99,118587,10,30,0.00975658,0.00243852,0.9012245982038039,0.9506186269935718
200000.0,287,0.99,0.453095,0.99,185367,10,22,0.00994945,0.000273081,0.9002530702226881,0.9834748373684251
200000.0,245,0.99,0.553856,0.99,118587,10,32,0.00975663,0.00243844,0.9012243451046767,0.9506194370222453
202286.0,301,0.99,0.393968,0.99,192082,10,19,0.00996028,0.00022053,0.9001987976024337,0.9851497474768945
200000.0,294,0.99,0.444064,0.99,147158,10,15,0.00983422,0.00124259,0.9008323641503944,0.9647496099312363
200000.0,327,0.99,0.40153,0.989996,151304,10,22,0.00984621,0.00108563,0.9007719293747984,0.9670511001701119
200000.0,310,0.99,0.426354,0.989993,158364,10,17,0.00986871,0.000856384,0.9006586188942393,0.9707359606342528
200000.0,287,0.99,0.419029,0.99,169060,10,23,0.0098914,0.000648725,0.9005444823049018,0.9745299195132799
200000.0,287,0.99,0.467182,0.99,118587,10,28,0.00975165,0.00248465,0.9012495569630191,0.950153736348649
200000.0,260,0.99,0.555127,0.961649,107017,10,25,0.00973382,0.00644049,0.9013398763430737,0.9197473364927992
200000.0,310,0.99,0.432188,0.989999,128729,10,23,0.00978356,0.00195919,0.9010881200259544,0.9557372617204946
200000.0,301,0.99,0.428767,0.99,147963,10,27,0.00983445,0.00123171,0.9008312045046427,0.9649042737644595
200000.0,260,0.99,0.550886,0.950942,107017,10,24,0.0097303,0.00822873,0.9013577169769474,0.9092876524391524
200000.0,197,0.0212401,0.643389,0.99,200000,21,14,0.0100004,1.00407e-11,0.8999980000199996,0.9999968312936394
200000.0,197,0.0212401,0.643389,0.99,200000,21,14,0.0100004,1.00407e-11,0.8999980000199996,0.9999968312936394
200000.0,262,0.99,0.550886,0.961649,107017,10,33,0.00973394,0.00643963,0.9013392681965109,0.9197526947492939
200000.0,263,0.99,0.549393,0.99,107017,12,24,0.00974028,0.00317712,0.9013071431156237,0.943634052833293
200000.0,260,0.99,0.550886,0.961649,107017,10,24,0.00973113,0.00649069,0.9013535099458678,0.9194351813754912
208719.0,308,0.99,0.428767,0.99,118587,10,28,0.00974461,0.00273646,0.901285208808406,0.9476888157274183
200000.0,352,0.99,0.354877,0.99,144697,10,29,0.00981823,0.00142313,0.9009130180094277,0.9622756047099493
200000.0,263,0.99,0.54478,0.99,107981,12,34,0.0097406,0.00315279,0.9013055219376485,0.9438502894041296
200000.0,310,0.99,0.446412,0.99,118587,10,28,0.00975941,0.00236598,0.9012102738135185,0.951358659557944
200000.0,327,0.99,0.40153,0.989996,151304,10,22,0.00984621,0.00108563,0.9007719293747984,0.9670511001701119
200000.0,320,0.99,0.40185,0.99,149264,10,30,0.00983678,0.00119018,0.9008194575534092,0.9655010145076699
200140.0,234,0.99,0.553449,0.99,138928,10,29,0.0098124,0.00158866,0.9009424409749563,0.9601420020573035
200000.0,297,0.99,0.417876,0.99,158777,10,14,0.00986117,0.00092042,0.9006965760912545,0.9696615755188244
200140.0,301,0.99,0.428767,0.99,171038,10,31,0.00990235,0.000550864,0.9004894477957237,0.9765295078875623
200000.0,215,0.01,0.501716,0.972938,194600,14,34,0.00999344,5.35038e-09,0.9000328053809651,0.999926853708228
200140.0,306,0.99,0.428767,0.99,172206,10,24,0.00990827,0.000513874,0.9004597066510249,0.9773312108836841
200000.0,372,0.99,0.354877,0.989987,132072,10,29,0.00978882,0.001844,0.901061534275086,0.9570581788928322
200000.0,287,0.99,0.444064,0.99,145520,10,29,0.00982621,0.00134858,0.9008727585373224,0.963276982694773
200000.0,180,0.01,0.549435,0.972938,185117,18,34,0.00997705,1.23875e-05,0.90011481591347,0.9964804119559244
200000.0,276,0.99,0.462463,0.99,126154,10,34,0.00976831,0.00224816,0.9011652389085703,0.9525852343673408
200820.0,294,0.99,0.423113,0.99,155373,10,15,0.00984996,0.00104818,0.9007530353108972,0.967624391897603
200000.0,277,0.99,0.467182,0.99,118587,10,28,0.00974521,0.00262748,0.901282169796941,0.9487410495620521
203314.0,250,0.99,0.520629,0.99,193684,13,30,0.00996807,0.000187249,0.9001597776444784,0.9863161043558495
200928.0,301,0.99,0.410965,0.99,166962,10,15,0.00988298,0.000700319,0.9005868217991196,0.9735364590426754
202286.0,308,0.99,0.417876,0.99,171004,10,19,0.00989671,0.000591712,0.9005177905351917,0.9756748689623262
200000.0,287,0.99,0.446726,0.99,182644,11,24,0.00993919,0.000331232,0.9003045136427932,0.9818002197815469
200000.0,315,0.99,0.401642,0.99,167087,10,18,0.00988712,0.000656892,0.9005660017901321,0.9743700955912824
200000.0,302,0.99,0.429414,0.989992,137175,10,25,0.00980322,0.00165939,0.9009887885136234,0.9592643890434916
200000.0,310,0.99,0.428767,0.989993,125263,10,23,0.00977072,0.00215745,0.9011530475937675,0.9535516415790611
200000.0,287,0.99,0.419029,0.99,161181,10,30,0.00986799,0.000881515,0.9006622428278149,0.9703096817127199
200000.0,296,0.99,0.423888,0.99,175440,10,25,0.00991321,0.000467321,0.9004348956712243,0.9783823914366089
200000.0,287,0.99,0.4166,0.989999,184594,10,24,0.00994185,0.000299941,0.9002911739112329,0.9826811951913534
200000.0,320,0.99,0.40185,0.99,155696,10,34,0.00985559,0.000970815,0.9007246757748936,0.9688420957059047
200000.0,309,0.99,0.423941,0.99,160594,10,19,0.00987356,0.000801011,0.9006342111187156,0.9716978622715527
200000.0,162,0.01,0.520188,0.989824,190814,27,15,0.00998551,7.96943e-06,0.9000724762640443,0.9971769821112859
200000.0,287,0.99,0.444064,0.99,134259,10,29,0.00979267,0.00183915,0.9010420796499845,0.9571146878290481
200000.0,293,0.99,0.423922,0.99,190040,10,25,0.00996214,0.000201167,0.9001894795124281,0.9858166647081866
200000.0,309,0.99,0.417876,0.99,188060,11,14,0.0099573,0.000223574,0.900213728399143,0.9850476088868703
200000.0,294,0.99,0.415525,0.99,165105,10,27,0.00987937,0.00074701,0.9006049800040263,0.972668516322746
200016.0,305,0.99,0.4166,0.99,176920,10,23,0.00991881,0.00043054,0.9004067773390176,0.9792505421757579
202286.0,301,0.99,0.417876,0.99,187578,10,24,0.00994672,0.000278182,0.9002667557932662,0.983321211075141
200000.0,295,0.99,0.405463,0.99,180771,10,27,0.00992846,0.000379218,0.9003583420451065,0.9805264795170467
200000.0,287,0.99,0.419029,0.99,169060,10,23,0.0098914,0.000648725,0.9005444823049018,0.9745299195132799
200000.0,168,0.01,0.501435,0.917561,190897,18,33,0.00998578,1.16111e-08,0.9000711252940372,0.9998922451857224
201102.0,309,0.99,0.423113,0.99,154827,10,18,0.0098545,0.000999193,0.900730165709819,0.9683899857640019
200000.0,372,0.99,0.354877,0.989987,135784,10,30,0.00980016,0.00167575,0.9010042425151461,0.9590640744577578
200000.0,310,0.99,0.428767,0.99,126167,10,34,0.00977384,0.00210983,0.9011372668797792,0.954067114177313
200149.0,309,0.99,0.39545,0.99,179249,10,19,0.00992277,0.000403533,0.9003868984520611,0.9799118691760532
200000.0,370,0.99,0.354877,0.99,162049,10,20,0.0098763,0.000758968,0.9006204246336301,0.9724506261414165
200000.0,303,0.99,0.412795,0.99,181689,10,27,0.00993314,0.000345392,0.9003348606583024,0.981415275089472
200000.0,309,0.99,0.39545,0.99,187243,10,14,0.00995092,0.000232704,0.900245701846988,0.9847453613612122
200000.0,287,0.99,0.444064,0.99,147158,10,30,0.009831,0.00128486,0.900848600615019,0.9641550561445551
200000.0,204,0.01,0.417879,0.975951,182064,13,42,0.00997111,0.000139464,0.9001445544799884,0.9881905122888417
200000.0,310,0.99,0.426354,0.989993,128729,10,24,0.00978056,0.00200077,0.90110328620222,0.9552700324167342
200000.0,297,0.99,0.417876,0.99,136575,10,17,0.00979661,0.0018052,0.9010221742004807,0.9575123547369356
200000.0,168,0.01,0.549435,0.972938,185117,18,33,0.00997482,4.78373e-05,0.9001259793539882,0.9930835485977273
202286.0,301,0.99,0.417876,0.99,171004,10,19,0.00989374,0.000607995,0.9005327189473845,0.9753424453767208
200000.0,263,0.99,0.549393,0.99,107017,12,24,0.00974028,0.00317712,0.9013071431156237,0.943634052833293
200000.0,197,0.01,0.552681,0.981389,200000,21,14,0.00999975,3.39634e-09,0.9000012500078126,0.9999417218737432
200148.0,310,0.99,0.428767,0.99,118587,10,26,0.00974868,0.00252262,0.901264596015411,0.949774309362638
200016.0,287,0.99,0.4166,0.99,176920,10,23,0.00991607,0.000458667,0.9004205342452571,0.978583487678896
200000.0,142,0.01,0.549435,0.977475,185117,18,34,0.00997371,0.000133011,0.9001315365092664,0.9884669605047065
200140.0,301,0.99,0.428767,0.99,138928,10,31,0.00980765,0.00159649,0.9009664198365019,0.9600438990891254
200000.0,300,0.99,0.419029,0.99,161181,10,30,0.00986947,0.000829341,0.9006547937744351,0.9712017188012896
200051.0,308,0.99,0.417876,0.99,178543,10,14,0.00992528,0.000394251,0.9003743005043378,0.980144245166703
200000.0,310,0.99,0.428767,0.99,119422,10,33,0.00975173,0.00247143,0.9012491519023761,0.950286520942505
200000.0,276,0.99,0.462463,0.99,126154,10,34,0.00976831,0.00224816,0.9011652389085703,0.9525852343673408
200000.0,308,0.99,0.412819,0.99,129383,10,27,0.00977621,0.00208973,0.9011252812899071,0.9542864352735427
200000.0,245,0.99,0.553856,0.99,118587,10,30,0.00975658,0.00243852,0.9012245982038039,0.9506186269935718
200000.0,303,0.99,0.407881,0.99,181689,10,27,0.00993229,0.00035055,0.9003391250289262,0.9812770194680441
200000.0,287,0.99,0.444064,0.99,136134,10,28,0.00979835,0.00175065,0.9010133847431886,0.9581592304086074
200000.0,310,0.99,0.432188,0.989999,128729,10,24,0.00978359,0.00195893,0.9010879683759352,0.9557401988255708
200000.0,245,0.99,0.553856,0.99,118587,10,32,0.00975663,0.00243844,0.9012243451046767,0.9506194370222453
200000.0,294,0.99,0.444064,0.99,147158,10,15,0.00983422,0.00124259,0.9008323641503944,0.9647496099312363
200038.0,301,0.99,0.428767,0.99,138928,10,31,0.00980778,0.00159436,0.9009657634956476,0.9600705622378677
200000.0,287,0.99,0.453095,0.99,185367,10,22,0.00994945,0.000273081,0.9002530702226881,0.9834748373684251
200000.0,287,0.99,0.467182,0.99,118587,10,28,0.00975165,0.00248465,0.9012495569630191,0.950153736348649
200000.0,260,0.99,0.555127,0.961649,107017,10,25,0.00973382,0.00644049,0.9013398763430737,0.9197473364927992
200000.0,310,0.99,0.432188,0.989999,128729,10,23,0.00978356,0.00195919,0.9010881200259544,0.9557372617204946
200000.0,197,0.0212401,0.643389,0.99,200000,21,14,0.0100004,1.00407e-11,0.8999980000199996,0.9999968312936394
200000.0,197,0.0212401,0.643389,0.99,200000,21,14,0.0100004,1.00407e-11,0.8999980000199996,0.9999968312936394
200000.0,260,0.99,0.550886,0.950942,107017,10,24,0.0097303,0.00822873,0.9013577169769474,0.9092876524391524
200000.0,260,0.99,0.550886,0.96532,107017,10,24,0.00973137,0.00594232,0.9013522934883937,0.9229135550177594
200000.0,263,0.99,0.549393,0.99,107017,12,24,0.00974028,0.00317712,0.9013071431156237,0.943634052833293
200000.0,260,0.99,0.550886,0.961649,107017,10,24,0.00973113,0.00649069,0.9013535099458678,0.9194351813754912
208719.0,308,0.99,0.428767,0.99,118587,10,28,0.00974461,0.00273646,0.901285208808406,0.9476888157274183
200000.0,263,0.99,0.54478,0.99,107981,12,34,0.0097406,0.00315279,0.9013055219376485,0.9438502894041296
200000.0,320,0.99,0.40185,0.99,149264,10,30,0.00983678,0.00119018,0.9008194575534092,0.9655010145076699
200000.0,352,0.99,0.354877,0.99,144697,10,29,0.00981823,0.00142313,0.9009130180094277,0.9622756047099493
200000.0,215,0.01,0.501716,0.972938,194600,14,34,0.00999344,5.35038e-09,0.9000328053809651,0.999926853708228
200000.0,372,0.99,0.354877,0.989987,132072,10,29,0.00978882,0.001844,0.901061534275086,0.9570581788928322
200000.0,310,0.99,0.446412,0.99,118587,10,28,0.00975941,0.00236598,0.9012102738135185,0.951358659557944
200000.0,326,0.99,0.40153,0.989996,151304,10,22,0.00984563,0.00109033,0.9007748519779386,0.9669798546338754
211158.0,308,0.99,0.412819,0.99,129383,10,27,0.0097666,0.0023476,0.9011738900897136,0.9515479618591746
200140.0,301,0.99,0.428767,0.99,171038,10,31,0.00990235,0.000550864,0.9004894477957237,0.9765295078875623
200140.0,306,0.99,0.428767,0.99,172206,10,24,0.00990827,0.000513874,0.9004597066510249,0.9773312108836841
200000.0,287,0.99,0.444064,0.99,145520,10,29,0.00982621,0.00134858,0.9008727585373224,0.963276982694773
200000.0,180,0.01,0.549435,0.972938,185117,18,34,0.00997705,1.23875e-05,0.90011481591347,0.9964804119559244
200000.0,310,0.99,0.426354,0.989993,128729,10,24,0.00978056,0.00200077,0.90110328620222,0.9552700324167342
200140.0,234,0.99,0.553449,0.99,138928,10,29,0.0098124,0.00158866,0.9009424409749563,0.9601420020573035
217667.0,320,0.99,0.40185,0.99,149264,10,28,0.0098179,0.0015591,0.9009146832270291,0.9605145596453579
200000.0,309,0.99,0.417876,0.99,188060,11,14,0.0099573,0.000223574,0.900213728399143,0.9850476088868703
200820.0,294,0.99,0.423113,0.99,155373,10,15,0.00984996,0.00104818,0.9007530353108972,0.967624391897603
200000.0,277,0.99,0.467182,0.99,118587,10,28,0.00974521,0.00262748,0.901282169796941,0.9487410495620521
200000.0,297,0.99,0.417876,0.99,158777,10,14,0.00986117,0.00092042,0.9006965760912545,0.9696615755188244
203314.0,250,0.99,0.520629,0.99,193684,13,30,0.00996807,0.000187249,0.9001597776444784,0.9863161043558495
200928.0,301,0.99,0.410965,0.99,166962,10,15,0.00988298,0.000700319,0.9005868217991196,0.9735364590426754
200000.0,308,0.99,0.412819,0.99,129383,10,27,0.00977621,0.00208973,0.9011252812899071,0.9542864352735427
200000.0,302,0.99,0.429414,0.989992,137175,10,25,0.00980322,0.00165939,0.9009887885136234,0.9592643890434916
200000.0,310,0.99,0.428767,0.989993,125263,10,23,0.00977072,0.00215745,0.9011530475937675,0.9535516415790611
200000.0,287,0.99,0.444064,0.99,147158,10,30,0.009831,0.00128486,0.900848600615019,0.9641550561445551
200000.0,263,0.99,0.549393,0.99,107017,12,24,0.00974028,0.00317712,0.9013071431156237,0.943634052833293
200000.0,287,0.99,0.446726,0.99,182644,11,24,0.00993919,0.000331232,0.9003045136427932,0.9818002197815469
200148.0,310,0.99,0.428767,0.99,118587,10,26,0.00974868,0.00252262,0.901264596015411,0.949774309362638
200000.0,309,0.99,0.39545,0.99,187243,10,14,0.00995092,0.000232704,0.900245701846988,0.9847453613612122
200000.0,320,0.99,0.40185,0.99,155696,10,34,0.00985559,0.000970815,0.9007246757748936,0.9688420957059047
200000.0,309,0.99,0.423941,0.99,160594,10,19,0.00987356,0.000801011,0.9006342111187156,0.9716978622715527
200000.0,162,0.01,0.520188,0.989824,190814,27,15,0.00998551,7.96943e-06,0.9000724762640443,0.9971769821112859
200000.0,310,0.99,0.432188,0.989999,128729,10,24,0.00978359,0.00195893,0.9010879683759352,0.9557401988255708
200000.0,294,0.99,0.444064,0.99,147158,10,15,0.00983422,0.00124259,0.9008323641503944,0.9647496099312363
200000.0,287,0.99,0.444064,0.99,136134,10,28,0.00979835,0.00175065,0.9010133847431886,0.9581592304086074
200000.0,294,0.99,0.415525,0.99,165105,10,27,0.00987937,0.00074701,0.9006049800040263,0.972668516322746
202184.0,287,0.99,0.444064,0.99,136134,10,28,0.00979557,0.00180234,0.9010274280419065,0.9575460249210984
200016.0,305,0.99,0.4166,0.99,176920,10,23,0.00991881,0.00043054,0.9004067773390176,0.9792505421757579
200000.0,295,0.99,0.405463,0.99,180771,10,27,0.00992846,0.000379218,0.9003583420451065,0.9805264795170467
200000.0,300,0.99,0.419029,0.99,161181,10,30,0.00986947,0.000829341,0.9006547937744351,0.9712017188012896
200000.0,168,0.01,0.501435,0.917561,190897,18,33,0.00998578,1.16111e-08,0.9000711252940372,0.9998922451857224
201102.0,309,0.99,0.423113,0.99,154827,10,18,0.0098545,0.000999193,0.900730165709819,0.9683899857640019
200000.0,287,0.99,0.444064,0.99,134259,10,29,0.00979267,0.00183915,0.9010420796499845,0.9571146878290481
200000.0,297,0.99,0.417876,0.99,159722,10,14,0.00986396,0.000890262,0.9006825292307542,0.9701627414127906
200000.0,372,0.99,0.354877,0.989987,135784,10,30,0.00980016,0.00167575,0.9010042425151461,0.9590640744577578
200000.0,310,0.99,0.428767,0.99,126167,10,34,0.00977384,0.00210983,0.9011372668797792,0.954067114177313
200149.0,309,0.99,0.39545,0.99,179249,10,19,0.00992277,0.000403533,0.9003868984520611,0.9799118691760532
200000.0,370,0.99,0.354877,0.99,162049,10,20,0.0098763,0.000758968,0.9006204246336301,0.9724506261414165
200000.0,287,0.99,0.419029,0.99,161181,10,30,0.00986799,0.000881515,0.9006622428278149,0.9703096817127199
200000.0,204,0.01,0.417879,0.975951,182064,13,42,0.00997111,0.000139464,0.9001445544799884,0.9881905122888417
200000.0,168,0.01,0.549435,0.972938,185117,18,33,0.00997482,4.78373e-05,0.9001259793539882,0.9930835485977273
200000.0,315,0.99,0.401642,0.99,167087,10,18,0.00988712,0.000656892,0.9005660017901321,0.9743700955912824
200000.0,197,0.01,0.552681,0.981389,200000,21,14,0.00999975,3.39634e-09,0.9000012500078126,0.9999417218737432
200000.0,301,0.99,0.410965,0.99,171142,10,15,0.00989811,0.000574825,0.9005107543500304,0.9760244916633661
209107.0,295,0.99,0.424664,0.99,151829,10,30,0.00982761,0.00134201,0.9008656971578455,0.9633665453444532
200016.0,287,0.99,0.4166,0.99,176920,10,23,0.00991607,0.000458667,0.9004205342452571,0.978583487678896
200000.0,142,0.01,0.549435,0.977475,185117,18,34,0.00997371,0.000133011,0.9001315365092664,0.9884669605047065
200000.0,303,0.99,0.415971,0.99,181689,10,30,0.00993377,0.000344001,0.9003317001248642,0.9814527360508349
200051.0,308,0.99,0.417876,0.99,178543,10,14,0.00992528,0.000394251,0.9003743005043378,0.980144245166703
200140.0,282,0.99,0.415149,0.99,175722,10,31,0.00991286,0.000502646,0.9004366533306558,0.9775802319369713
200000.0,310,0.99,0.428767,0.99,119422,10,33,0.00975173,0.00247143,0.9012491519023761,0.950286520942505
200000.0,293,0.99,0.423922,0.99,190040,10,25,0.00996214,0.000201167,0.9001894795124281,0.9858166647081866
200000.0,287,0.99,0.4166,0.989999,184594,10,24,0.00994185,0.000299941,0.9002911739112329,0.9826811951913534
200000.0,245,0.99,0.553856,0.99,118587,10,30,0.00975658,0.00243852,0.9012245982038039,0.9506186269935718
202286.0,301,0.99,0.417876,0.99,187578,10,24,0.00994672,0.000278182,0.9002667557932662,0.983321211075141
200000.0,287,0.99,0.453095,0.99,185367,10,22,0.00994945,0.000273081,0.9002530702226881,0.9834748373684251
200000.0,276,0.99,0.462463,0.99,126154,10,34,0.00976831,0.00224816,0.9011652389085703,0.9525852343673408
200000.0,287,0.99,0.446726,0.99,184216,11,24,0.00994435,0.000298691,0.900278638196222,0.9827173208095504
200000.0,279,0.99,0.423922,0.99,190040,10,25,0.00996155,0.000214389,0.9001924351564472,0.9853579714520153
202286.0,308,0.99,0.417876,0.99,171004,10,19,0.00989671,0.000591712,0.9005177905351917,0.9756748689623262
202286.0,301,0.99,0.417876,0.99,171004,10,19,0.00989374,0.000607995,0.9005327189473845,0.9753424453767208
200000.0,245,0.99,0.553856,0.99,118587,10,32,0.00975663,0.00243844,0.9012243451046767,0.9506194370222453
200038.0,301,0.99,0.428767,0.99,138928,10,31,0.00980778,0.00159436,0.9009657634956476,0.9600705622378677
200000.0,260,0.99,0.550886,0.950942,107017,10,24,0.0097303,0.00822873,0.9013577169769474,0.9092876524391524
200000.0,197,0.0212401,0.643389,0.99,200000,21,14,0.0100004,1.00407e-11,0.8999980000199996,0.9999968312936394
200000.0,197,0.0212401,0.643389,0.99,200000,21,14,0.0100004,1.00407e-11,0.8999980000199996,0.9999968312936394
200000.0,260,0.99,0.550886,0.96532,107017,10,24,0.00973137,0.00594232,0.9013522934883937,0.9229135550177594
200000.0,263,0.99,0.549393,0.99,107017,12,24,0.00974028,0.00317712,0.9013071431156237,0.943634052833293
200000.0,260,0.99,0.550886,0.961649,107017,10,24,0.00973113,0.00649069,0.9013535099458678,0.9194351813754912
208719.0,308,0.99,0.428767,0.99,118587,10,28,0.00974461,0.00273646,0.901285208808406,0.9476888157274183
200000.0,263,0.99,0.54478,0.99,107981,12,34,0.0097406,0.00315279,0.9013055219376485,0.9438502894041296
200000.0,370,0.99,0.354877,0.99,144697,10,29,0.00982553,0.00132167,0.9008761885317156,0.9636452203967621
200000.0,352,0.99,0.354877,0.99,144697,10,29,0.00981823,0.00142313,0.9009130180094277,0.9622756047099493
200000.0,215,0.01,0.501716,0.972938,194600,14,34,0.00999344,5.35038e-09,0.9000328053809651,0.999926853708228
200000.0,320,0.99,0.40185,0.99,149264,10,30,0.00983678,0.00119018,0.9008194575534092,0.9655010145076699
200000.0,310,0.99,0.446412,0.99,118587,10,28,0.00975941,0.00236598,0.9012102738135185,0.951358659557944
211158.0,308,0.99,0.412819,0.99,129383,10,27,0.0097666,0.0023476,0.9011738900897136,0.9515479618591746
200000.0,303,0.99,0.415971,0.99,181689,10,30,0.00993377,0.000344001,0.9003317001248642,0.9814527360508349
200140.0,301,0.99,0.428767,0.99,171038,10,31,0.00990235,0.000550864,0.9004894477957237,0.9765295078875623
200140.0,306,0.99,0.428767,0.99,172206,10,24,0.00990827,0.000513874,0.9004597066510249,0.9773312108836841
200000.0,180,0.01,0.549435,0.972938,185117,18,34,0.00997705,1.23875e-05,0.90011481591347,0.9964804119559244
200820.0,294,0.99,0.423113,0.99,155373,10,15,0.00984996,0.00104818,0.9007530353108972,0.967624391897603
200000.0,300,0.99,0.419029,0.99,161181,10,30,0.00986947,0.000829341,0.9006547937744351,0.9712017188012896
200000.0,297,0.99,0.417876,0.99,158777,10,14,0.00986117,0.00092042,0.9006965760912545,0.9696615755188244
202286.0,301,0.99,0.417876,0.99,171004,10,19,0.00989374,0.000607995,0.9005327189473845,0.9753424453767208
200000.0,310,0.99,0.426354,0.989993,128729,10,24,0.00978056,0.00200077,0.90110328620222,0.9552700324167342
200148.0,310,0.99,0.428767,0.99,118587,10,26,0.00974868,0.00252262,0.901264596015411,0.949774309362638
200000.0,264,0.99,0.500682,0.99,149264,10,30,0.00984463,0.00114497,0.9007798911510373,0.9661625946621198
200038.0,301,0.99,0.428767,0.99,138928,10,31,0.00980778,0.00159436,0.9009657634956476,0.9600705622378677
202399.0,352,0.99,0.354877,0.99,162049,10,20,0.00986371,0.00085988,0.9006837878289753,0.9706762894571646
200000.0,287,0.99,0.444064,0.99,147158,10,30,0.009831,0.00128486,0.900848600615019,0.9641550561445551
200140.0,234,0.99,0.553449,0.99,138928,10,29,0.0098124,0.00158866,0.9009424409749563,0.9601420020573035
200000.0,309,0.99,0.417876,0.99,188060,11,14,0.0099573,0.000223574,0.900213728399143,0.9850476088868703
200000.0,310,0.99,0.432188,0.989999,128729,10,24,0.00978359,0.00195893,0.9010879683759352,0.9557401988255708
203314.0,250,0.99,0.520629,0.99,193684,13,30,0.00996807,0.000187249,0.9001597776444784,0.9863161043558495
200000.0,315,0.99,0.401642,0.99,167087,10,18,0.00988712,0.000656892,0.9005660017901321,0.9743700955912824
200000.0,310,0.99,0.428767,0.99,119422,10,33,0.00975173,0.00247143,0.9012491519023761,0.950286520942505
200000.0,276,0.99,0.462463,0.99,126154,10,34,0.00976831,0.00224816,0.9011652389085703,0.9525852343673408
200000.0,308,0.99,0.412819,0.99,129383,10,27,0.00977621,0.00208973,0.9011252812899071,0.9542864352735427
200000.0,302,0.99,0.429414,0.989994,137201,10,21,0.0098032,0.00165778,0.900988889512338,0.9592841554183141
200000.0,295,0.99,0.405463,0.99,180771,10,27,0.00992846,0.000379218,0.9003583420451065,0.9805264795170467
200000.0,310,0.99,0.428767,0.989993,125263,10,23,0.00977072,0.00215745,0.9011530475937675,0.9535516415790611
217667.0,320,0.99,0.40185,0.99,149264,10,28,0.0098179,0.0015591,0.9009146832270291,0.9605145596453579
200000.0,263,0.99,0.549393,0.99,107017,12,24,0.00974028,0.00317712,0.9013071431156237,0.943634052833293
200140.0,282,0.99,0.415149,0.99,175722,10,31,0.00991286,0.000502646,0.9004366533306558,0.9775802319369713
200000.0,309,0.99,0.39545,0.99,187243,10,14,0.00995092,0.000232704,0.900245701846988,0.9847453613612122
200000.0,309,0.99,0.423941,0.99,160594,10,19,0.00987356,0.000801011,0.9006342111187156,0.9716978622715527
200000.0,162,0.01,0.520188,0.989824,190814,27,15,0.00998551,7.96943e-06,0.9000724762640443,0.9971769821112859
200000.0,309,0.99,0.436371,0.99,129704,10,23,0.00978821,0.0018942,0.9010646170472869,0.9564775919783843
200000.0,294,0.99,0.415525,0.99,165105,10,27,0.00987937,0.00074701,0.9006049800040263,0.972668516322746
200016.0,305,0.99,0.4166,0.99,176920,10,23,0.00991881,0.00043054,0.9004067773390176,0.9792505421757579
200016.0,287,0.99,0.4166,0.99,176920,10,23,0.00991607,0.000458667,0.9004205342452571,0.978583487678896
200000.0,168,0.01,0.501435,0.917561,190897,18,33,0.00998578,1.16111e-08,0.9000711252940372,0.9998922451857224
200000.0,287,0.99,0.444064,0.99,134259,10,29,0.00979267,0.00183915,0.9010420796499845,0.9571146878290481
200000.0,287,0.99,0.444064,0.99,136134,10,28,0.00979835,0.00175065,0.9010133847431886,0.9581592304086074
200928.0,301,0.99,0.410965,0.99,166962,10,15,0.00988298,0.000700319,0.9005868217991196,0.9735364590426754
200000.0,320,0.99,0.40185,0.99,155696,10,34,0.00985559,0.000970815,0.9007246757748936,0.9688420957059047
200000.0,372,0.99,0.354877,0.989987,135784,10,30,0.00980016,0.00167575,0.9010042425151461,0.9590640744577578
200000.0,310,0.99,0.428767,0.99,126167,10,34,0.00977384,0.00210983,0.9011372668797792,0.954067114177313
200149.0,309,0.99,0.39545,0.99,179249,10,19,0.00992277,0.000403533,0.9003868984520611,0.9799118691760532
200000.0,370,0.99,0.354877,0.99,162049,10,20,0.0098763,0.000758968,0.9006204246336301,0.9724506261414165
201102.0,309,0.99,0.423113,0.99,154827,10,18,0.0098545,0.000999193,0.900730165709819,0.9683899857640019
200000.0,204,0.01,0.417879,0.975951,182064,13,42,0.00997111,0.000139464,0.9001445544799884,0.9881905122888417
200000.0,293,0.99,0.423922,0.99,190040,10,25,0.00996214,0.000201167,0.9001894795124281,0.9858166647081866
200000.0,168,0.01,0.549435,0.972938,185117,18,33,0.00997482,4.78373e-05,0.9001259793539882,0.9930835485977273
200000.0,197,0.01,0.552681,0.981389,200000,21,14,0.00999975,3.39634e-09,0.9000012500078126,0.9999417218737432
200000.0,301,0.99,0.410965,0.99,171142,10,15,0.00989811,0.000574825,0.9005107543500304,0.9760244916633661
200000.0,277,0.99,0.467182,0.99,118587,10,30,0.00974526,0.00262732,0.9012819165502085,0.9487426102888569
200000.0,142,0.01,0.549435,0.977475,185117,18,34,0.00997371,0.000133011,0.9001315365092664,0.9884669605047065
200000.0,287,0.99,0.446726,0.99,182644,11,24,0.00993919,0.000331232,0.9003045136427932,0.9818002197815469
200051.0,308,0.99,0.417876,0.99,178543,10,14,0.00992528,0.000394251,0.9003743005043378,0.980144245166703
200000.0,326,0.99,0.40153,0.989996,151304,10,22,0.00984563,0.00109033,0.9007748519779386,0.9669798546338754
200000.0,372,0.99,0.354877,0.989987,132072,10,29,0.00978882,0.001844,0.901061534275086,0.9570581788928322
200000.0,245,0.99,0.553856,0.99,118587,10,30,0.00975658,0.00243852,0.9012245982038039,0.9506186269935718
202286.0,301,0.99,0.417876,0.99,187578,10,24,0.00994672,0.000278182,0.9002667557932662,0.983321211075141
200000.0,287,0.99,0.453095,0.99,185367,10,22,0.00994945,0.000273081,0.9002530702226881,0.9834748373684251
200000.0,287,0.99,0.446726,0.99,184216,11,24,0.00994435,0.000298691,0.900278638196222,0.9827173208095504
200000.0,279,0.99,0.423922,0.99,190040,10,25,0.00996155,0.000214389,0.9001924351564472,0.9853579714520153
200000.0,301,0.99,0.410965,0.99,166962,10,15,0.0098852,0.000682097,0.9005756569043577,0.9738830131906454
200000.0,287,0.99,0.4166,0.989999,184594,10,24,0.00994185,0.000299941,0.9002911739112329,0.9826811951913534
202286.0,308,0.99,0.417876,0.99,171004,10,19,0.00989671,0.000591712,0.9005177905351917,0.9756748689623262
200000.0,245,0.99,0.553856,0.99,118587,10,32,0.00975663,0.00243844,0.9012243451046767,0.9506194370222453
200000.0,294,0.99,0.444064,0.99,147158,10,15,0.00983422,0.00124259,0.9008323641503944,0.9647496099312363
200000.0,260,0.99,0.550886,0.950942,107017,10,24,0.0097303,0.00822873,0.9013577169769474,0.9092876524391524
200000.0,197,0.0212401,0.643389,0.99,200000,21,14,0.0100004,1.00407e-11,0.8999980000199996,0.9999968312936394
200000.0,197,0.0212401,0.643389,0.99,200000,21,14,0.0100004,1.00407e-11,0.8999980000199996,0.9999968312936394
200000.0,260,0.99,0.550886,0.950942,107017,10,24,0.0097303,0.00822873,0.9013577169769474,0.9092876524391524
200000.0,263,0.99,0.549393,0.99,107017,12,24,0.00974028,0.00317712,0.9013071431156237,0.943634052833293
200000.0,260,0.99,0.550886,0.96532,107017,10,24,0.00973137,0.00594232,0.9013522934883937,0.9229135550177594
200000.0,260,0.99,0.550886,0.961649,107017,10,24,0.00973113,0.00649069,0.9013535099458678,0.9194351813754912
200000.0,260,0.99,0.550886,0.96532,107017,10,24,0.00973137,0.00594232,0.9013522934883937,0.9229135550177594
208719.0,308,0.99,0.428767,0.99,118587,10,28,0.00974461,0.00273646,0.901285208808406,0.9476888157274183
200000.0,263,0.99,0.54478,0.99,107981,12,34,0.0097406,0.00315279,0.9013055219376485,0.9438502894041296
200000.0,215,0.01,0.501716,0.972938,194600,14,34,0.00999344,5.35038e-09,0.9000328053809651,0.999926853708228
200000.0,310,0.99,0.446412,0.99,118587,10,28,0.00975941,0.00236598,0.9012102738135185,0.951358659557944
211158.0,308,0.99,0.412819,0.99,129383,10,27,0.0097666,0.0023476,0.9011738900897136,0.9515479618591746
200000.0,303,0.99,0.415971,0.99,181689,10,30,0.00993377,0.000344001,0.9003317001248642,0.9814527360508349
200140.0,306,0.99,0.428767,0.99,172206,10,24,0.00990827,0.000513874,0.9004597066510249,0.9773312108836841
200000.0,370,0.99,0.354877,0.99,144697,10,29,0.00982553,0.00132167,0.9008761885317156,0.9636452203967621
200000.0,180,0.01,0.549435,0.972938,185117,18,34,0.00997705,1.23875e-05,0.90011481591347,0.9964804119559244
200000.0,300,0.99,0.419029,0.99,161181,10,30,0.00986947,0.000829341,0.9006547937744351,0.9712017188012896
202286.0,301,0.99,0.417876,0.99,171004,10,19,0.00989374,0.000607995,0.9005327189473845,0.9753424453767208
200000.0,310,0.99,0.426354,0.989993,128729,10,24,0.00978056,0.00200077,0.90110328620222,0.9552700324167342
200148.0,310,0.99,0.428767,0.99,118587,10,26,0.00974868,0.00252262,0.901264596015411,0.949774309362638
200038.0,301,0.99,0.428767,0.99,138928,10,31,0.00980778,0.00159436,0.9009657634956476,0.9600705622378677
202399.0,352,0.99,0.354877,0.99,162049,10,20,0.00986371,0.00085988,0.9006837878289753,0.9706762894571646
200000.0,287,0.99,0.444064,0.99,147158,10,30,0.009831,0.00128486,0.900848600615019,0.9641550561445551
200140.0,234,0.99,0.553449,0.99,138928,10,29,0.0098124,0.00158866,0.9009424409749563,0.9601420020573035
217667.0,320,0.99,0.40185,0.99,149264,10,28,0.0098179,0.0015591,0.9009146832270291,0.9605145596453579
200000.0,310,0.99,0.432188,0.989999,128729,10,24,0.00978359,0.00195893,0.9010879683759352,0.9557401988255708
200000.0,277,0.99,0.467182,0.99,118587,10,30,0.00974526,0.00262732,0.9012819165502085,0.9487426102888569
203314.0,250,0.99,0.520629,0.99,193684,13,30,0.00996807,0.000187249,0.9001597776444784,0.9863161043558495
200000.0,315,0.99,0.401642,0.99,167087,10,18,0.00988712,0.000656892,0.9005660017901321,0.9743700955912824
200000.0,310,0.99,0.428767,0.99,119422,10,33,0.00975173,0.00247143,0.9012491519023761,0.950286520942505
200000.0,264,0.99,0.474088,0.99,144697,10,29,0.00982337,0.00141941,0.9008870845953969,0.9623249419376692
200000.0,276,0.99,0.462463,0.99,126154,10,34,0.00976831,0.00224816,0.9011652389085703,0.9525852343673408
200000.0,308,0.99,0.412819,0.99,129383,10,27,0.00977621,0.00208973,0.9011252812899071,0.9542864352735427
200000.0,302,0.99,0.429414,0.989994,137201,10,21,0.0098032,0.00165778,0.900988889512338,0.9592841554183141
200000.0,295,0.99,0.405463,0.99,180771,10,27,0.00992846,0.000379218,0.9003583420451065,0.9805264795170467
200000.0,310,0.99,0.428767,0.989993,125263,10,23,0.00977072,0.00215745,0.9011530475937675,0.9535516415790611
200000.0,352,0.99,0.354877,0.99,144697,10,29,0.00981823,0.00142313,0.9009130180094277,0.9622756047099493
200000.0,263,0.99,0.549393,0.99,107017,12,24,0.00974028,0.00317712,0.9013071431156237,0.943634052833293
200000.0,287,0.99,0.444064,0.99,134259,10,29,0.00979267,0.00183915,0.9010420796499845,0.9571146878290481
200140.0,282,0.99,0.415149,0.99,175722,10,31,0.00991286,0.000502646,0.9004366533306558,0.9775802319369713
200000.0,320,0.99,0.40185,0.99,149264,10,30,0.00983678,0.00119018,0.9008194575534092,0.9655010145076699
200000.0,287,0.99,0.446726,0.99,182644,11,24,0.00993919,0.000331232,0.9003045136427932,0.9818002197815469
200000.0,264,0.99,0.500682,0.99,149264,10,30,0.00984463,0.00114497,0.9007798911510373,0.9661625946621198
200000.0,309,0.99,0.423941,0.99,160594,10,19,0.00987356,0.000801011,0.9006342111187156,0.9716978622715527
200000.0,162,0.01,0.520188,0.989824,190814,27,15,0.00998551,7.96943e-06,0.9000724762640443,0.9971769821112859
200000.0,309,0.99,0.436371,0.99,129704,10,23,0.00978821,0.0018942,0.9010646170472869,0.9564775919783843
200000.0,294,0.99,0.444064,0.99,147158,10,15,0.00983422,0.00124259,0.9008323641503944,0.9647496099312363
200000.0,309,0.99,0.39545,0.99,187243,10,14,0.00995092,0.000232704,0.900245701846988,0.9847453613612122
206635.0,308,0.99,0.422662,0.99,137170,10,27,0.0097969,0.00179712,0.9010207092367297,0.9576075478416264
200016.0,305,0.99,0.4166,0.99,176920,10,23,0.00991881,0.00043054,0.9004067773390176,0.9792505421757579
200016.0,287,0.99,0.4166,0.99,176920,10,23,0.00991607,0.000458667,0.9004205342452571,0.978583487678896
200000.0,320,0.99,0.40185,0.99,155696,10,34,0.00985559,0.000970815,0.9007246757748936,0.9688420957059047
200000.0,168,0.01,0.501435,0.917561,190897,18,33,0.00998578,1.16111e-08,0.9000711252940372,0.9998922451857224
201102.0,309,0.99,0.423113,0.99,154827,10,18,0.0098545,0.000999193,0.900730165709819,0.9683899857640019
200000.0,326,0.99,0.40153,0.989996,151304,10,22,0.00984563,0.00109033,0.9007748519779386,0.9669798546338754
200000.0,310,0.99,0.428767,0.99,126167,10,34,0.00977384,0.00210983,0.9011372668797792,0.954067114177313
200149.0,309,0.99,0.39545,0.99,179249,10,19,0.00992277,0.000403533,0.9003868984520611,0.9799118691760532
200000.0,370,0.99,0.354877,0.99,162049,10,20,0.0098763,0.000758968,0.9006204246336301,0.9724506261414165
200000.0,204,0.01,0.417879,0.975951,182064,13,42,0.00997111,0.000139464,0.9001445544799884,0.9881905122888417
200000.0,293,0.99,0.423922,0.99,190040,10,25,0.00996214,0.000201167,0.9001894795124281,0.9858166647081866
200000.0,168,0.01,0.549435,0.972938,185117,18,33,0.00997482,4.78373e-05,0.9001259793539882,0.9930835485977273
200000.0,287,0.99,0.444064,0.99,136134,10,28,0.00979835,0.00175065,0.9010133847431886,0.9581592304086074
200148.0,297,0.99,0.41553,0.99,158777,10,14,0.00986048,0.000930553,0.90070005035248,0.9694950331912982
200000.0,197,0.01,0.552681,0.981389,200000,21,14,0.00999975,3.39634e-09,0.9000012500078126,0.9999417218737432
200000.0,301,0.99,0.410965,0.99,171142,10,15,0.00989811,0.000574825,0.9005107543500304,0.9760244916633661
200820.0,294,0.99,0.423113,0.99,155373,10,15,0.00984996,0.00104818,0.9007530353108972,0.967624391897603
200000.0,142,0.01,0.549435,0.977475,185117,18,34,0.00997371,0.000133011,0.9001315365092664,0.9884669605047065
200140.0,301,0.99,0.428767,0.99,171038,10,31,0.00990235,0.000550864,0.9004894477957237,0.9765295078875623
200065.0,307,0.99,0.417876,0.99,188060,10,14,0.00995658,0.000225874,0.9002173361750649,0.9849708949035546
200051.0,308,0.99,0.417876,0.99,178543,10,14,0.00992528,0.000394251,0.9003743005043378,0.980144245166703
200000.0,372,0.99,0.354877,0.989987,132072,10,29,0.00978882,0.001844,0.901061534275086,0.9570581788928322
200000.0,287,0.99,0.4166,0.989999,184594,10,24,0.00994185,0.000299941,0.9002911739112329,0.9826811951913534
200000.0,245,0.99,0.553856,0.99,118587,10,30,0.00975658,0.00243852,0.9012245982038039,0.9506186269935718
202286.0,301,0.99,0.417876,0.99,187578,10,24,0.00994672,0.000278182,0.9002667557932662,0.983321211075141
200820.0,292,0.99,0.423113,0.99,155373,10,15,0.00984955,0.0010583,0.9007551008867458,0.9674684768263151
200000.0,287,0.99,0.453095,0.99,185367,10,22,0.00994945,0.000273081,0.9002530702226881,0.9834748373684251
200000.0,287,0.99,0.446726,0.99,184216,11,24,0.00994435,0.000298691,0.900278638196222,0.9827173208095504
200000.0,301,0.99,0.410965,0.99,166962,10,15,0.0098852,0.000682097,0.9005756569043577,0.9738830131906454
200928.0,301,0.99,0.410965,0.99,166962,10,15,0.00988298,0.000700319,0.9005868217991196,0.9735364590426754
200000.0,260,0.99,0.550886,0.950942,107017,10,24,0.0097303,0.00822873,0.9013577169769474,0.9092876524391524
200000.0,197,0.0212401,0.643389,0.99,200000,21,14,0.0100004,1.00407e-11,0.8999980000199996,0.9999968312936394
200000.0,197,0.0212401,0.643389,0.99,200000,21,14,0.0100004,1.00407e-11,0.8999980000199996,0.9999968312936394
200000.0,260,0.99,0.550886,0.950942,107017,10,24,0.0097303,0.00822873,0.9013577169769474,0.9092876524391524
200000.0,263,0.99,0.549393,0.99,107017,12,24,0.00974028,0.00317712,0.9013071431156237,0.943634052833293
200000.0,260,0.99,0.550886,0.96532,107017,10,24,0.00973137,0.00594232,0.9013522934883937,0.9229135550177594
200000.0,260,0.99,0.550886,0.961649,107017,10,24,0.00973113,0.00649069,0.9013535099458678,0.9194351813754912
208719.0,308,0.99,0.428767,0.99,118587,10,28,0.00974461,0.00273646,0.901285208808406,0.9476888157274183
200000.0,263,0.99,0.54478,0.99,107981,12,34,0.0097406,0.00315279,0.9013055219376485,0.9438502894041296
200000.0,260,0.99,0.550886,0.96532,107017,10,20,0.00973122,0.00594433,0.9013530537725571,0.92290051880849
200000.0,277,0.99,0.467182,0.99,139733,10,28,0.00981191,0.0015526,0.9009449143153164,0.96059695443243
200000.0,352,0.99,0.354877,0.99,144697,10,29,0.00981823,0.00142313,0.9009130180094277,0.9622756047099493
200000.0,215,0.01,0.501716,0.972938,194600,14,34,0.00999344,5.35038e-09,0.9000328053809651,0.999926853708228
202286.0,301,0.99,0.417876,0.99,171004,10,19,0.00989374,0.000607995,0.9005327189473845,0.9753424453767208
200000.0,310,0.99,0.446412,0.99,118587,10,28,0.00975941,0.00236598,0.9012102738135185,0.951358659557944
211158.0,308,0.99,0.412819,0.99,129383,10,27,0.0097666,0.0023476,0.9011738900897136,0.9515479618591746
200000.0,293,0.99,0.423922,0.99,190040,10,25,0.00996214,0.000201167,0.9001894795124281,0.9858166647081866
202399.0,352,0.99,0.354877,0.99,162049,10,20,0.00986371,0.00085988,0.9006837878289753,0.9706762894571646
200065.0,307,0.99,0.417876,0.99,188060,10,14,0.00995658,0.000225874,0.9002173361750649,0.9849708949035546
200140.0,301,0.99,0.428767,0.99,171038,10,31,0.00990235,0.000550864,0.9004894477957237,0.9765295078875623
200000.0,180,0.01,0.549435,0.972938,185117,18,34,0.00997705,1.23875e-05,0.90011481591347,0.9964804119559244
200000.0,300,0.99,0.419029,0.99,161181,10,30,0.00986947,0.000829341,0.9006547937744351,0.9712017188012896
200148.0,297,0.99,0.41553,0.99,158777,10,14,0.00986048,0.000930553,0.90070005035248,0.9694950331912982
200000.0,310,0.99,0.426354,0.99,128729,10,24,0.00978055,0.00200025,0.9011033367600302,0.9552758454523733
200148.0,310,0.99,0.428767,0.99,118587,10,26,0.00974868,0.00252262,0.901264596015411,0.949774309362638
200928.0,301,0.99,0.410965,0.99,166962,10,15,0.00988298,0.000700319,0.9005868217991196,0.9735364590426754
200000.0,245,0.99,0.553856,0.99,118587,10,30,0.00975658,0.00243852,0.9012245982038039,0.9506186269935718
200000.0,310,0.99,0.432188,0.989999,128729,10,24,0.00978359,0.00195893,0.9010879683759352,0.9557401988255708
200000.0,277,0.99,0.467182,0.99,118587,10,30,0.00974526,0.00262732,0.9012819165502085,0.9487426102888569
203314.0,250,0.99,0.520629,0.99,193684,13,30,0.00996807,0.000187249,0.9001597776444784,0.9863161043558495
200000.0,315,0.99,0.401642,0.99,167087,10,18,0.00988712,0.000656892,0.9005660017901321,0.9743700955912824
200000.0,287,0.99,0.444064,0.99,136134,10,28,0.00979835,0.00175065,0.9010133847431886,0.9581592304086074
200016.0,287,0.99,0.4166,0.99,176920,10,23,0.00991607,0.000458667,0.9004205342452571,0.978583487678896
200038.0,301,0.99,0.428767,0.99,138928,10,31,0.00980778,0.00159436,0.9009657634956476,0.9600705622378677
200000.0,310,0.99,0.428767,0.99,119422,10,33,0.00975173,0.00247143,0.9012491519023761,0.950286520942505
200000.0,264,0.99,0.474088,0.99,144697,10,29,0.00982337,0.00141941,0.9008870845953969,0.9623249419376692
200000.0,301,0.99,0.410965,0.99,171142,10,15,0.00989811,0.000574825,0.9005107543500304,0.9760244916633661
200000.0,303,0.99,0.415971,0.99,181689,10,30,0.00993377,0.000344001,0.9003317001248642,0.9814527360508349
200000.0,276,0.99,0.462463,0.99,126154,10,34,0.00976831,0.00224816,0.9011652389085703,0.9525852343673408
200000.0,308,0.99,0.412819,0.99,129383,10,27,0.00977621,0.00208973,0.9011252812899071,0.9542864352735427
200000.0,295,0.99,0.405463,0.99,180771,10,27,0.00992846,0.000379218,0.9003583420451065,0.9805264795170467
200000.0,263,0.99,0.549393,0.99,107017,12,24,0.00974028,0.00317712,0.9013071431156237,0.943634052833293
200000.0,310,0.99,0.428767,0.99,131858,10,34,0.00979173,0.00183366,0.9010468292574715,0.9571787435961998
204746.0,309,0.99,0.39545,0.99,179249,10,19,0.00990974,0.000483696,0.9004523229803929,0.9780069101761485
200000.0,370,0.99,0.354877,0.99,162049,10,20,0.0098763,0.000758968,0.9006204246336301,0.9724506261414165
200140.0,306,0.99,0.428767,0.99,172206,10,24,0.00990827,0.000513874,0.9004597066510249,0.9773312108836841
200000.0,302,0.99,0.429414,0.989994,137201,10,21,0.0098032,0.00165778,0.900988889512338,0.9592841554183141
206635.0,308,0.99,0.422662,0.99,137170,10,27,0.0097969,0.00179712,0.9010207092367297,0.9576075478416264
200000.0,287,0.99,0.444064,0.99,150032,10,30,0.00983937,0.00117806,0.9008064014162204,0.9656771213328486
200000.0,264,0.99,0.500682,0.99,149264,10,30,0.00984463,0.00114497,0.9007798911510373,0.9661625946621198
200000.0,162,0.01,0.520188,0.989824,190814,27,15,0.00998551,7.96943e-06,0.9000724762640443,0.9971769821112859
200000.0,309,0.99,0.436371,0.99,129704,10,23,0.00978821,0.0018942,0.9010646170472869,0.9564775919783843
200000.0,260,0.99,0.550886,0.96532,107017,10,24,0.00973137,0.00594232,0.9013522934883937,0.9229135550177594
200000.0,294,0.99,0.444064,0.99,147158,10,15,0.00983422,0.00124259,0.9008323641503944,0.9647496099312363
200000.0,309,0.99,0.39545,0.99,187243,10,14,0.00995092,0.000232704,0.900245701846988,0.9847453613612122
200016.0,305,0.99,0.4166,0.99,176920,10,23,0.00991881,0.00043054,0.9004067773390176,0.9792505421757579
200000.0,320,0.99,0.40185,0.99,155696,10,34,0.00985559,0.000970815,0.9007246757748936,0.9688420957059047
200000.0,168,0.01,0.501435,0.917561,190897,18,33,0.00998578,1.16111e-08,0.9000711252940372,0.9998922451857224
201102.0,309,0.99,0.423113,0.99,154827,10,18,0.0098545,0.000999193,0.900730165709819,0.9683899857640019
200000.0,309,0.99,0.423941,0.99,160594,10,19,0.00987356,0.000801011,0.9006342111187156,0.9716978622715527
200149.0,309,0.99,0.39545,0.99,179249,10,19,0.00992277,0.000403533,0.9003868984520611,0.9799118691760532
200000.0,204,0.01,0.417879,0.975951,182064,13,42,0.00997111,0.000139464,0.9001445544799884,0.9881905122888417
200000.0,168,0.01,0.549435,0.972938,185117,18,33,0.00997482,4.78373e-05,0.9001259793539882,0.9930835485977273
200000.0,320,0.99,0.40185,0.99,149264,10,30,0.00983678,0.00119018,0.9008194575534092,0.9655010145076699
200000.0,197,0.01,0.552681,0.981389,200000,21,14,0.00999975,3.39634e-09,0.9000012500078126,0.9999417218737432
200000.0,310,0.99,0.428767,0.989993,125263,10,23,0.00977072,0.00215745,0.9011530475937675,0.9535516415790611
200820.0,294,0.99,0.423113,0.99,155373,10,15,0.00984996,0.00104818,0.9007530353108972,0.967624391897603
200000.0,287,0.99,0.444064,0.99,147158,10,30,0.009831,0.00128486,0.900848600615019,0.9641550561445551
200000.0,142,0.01,0.549435,0.977475,185117,18,34,0.00997371,0.000133011,0.9001315365092664,0.9884669605047065
200000.0,370,0.99,0.354877,0.99,144697,10,30,0.00982555,0.00132156,0.9008760876478334,0.9636467332967174
200000.0,310,0.99,0.426354,0.989993,136412,10,24,0.00980425,0.00164521,0.9009835872190878,0.9594388116544892
200051.0,308,0.99,0.417876,0.99,178543,10,14,0.00992528,0.000394251,0.9003743005043378,0.980144245166703
200000.0,287,0.99,0.4166,0.989999,184594,10,24,0.00994185,0.000299941,0.9002911739112329,0.9826811951913534
200000.0,310,0.99,0.428767,0.99,126167,10,34,0.00977384,0.00210983,0.9011372668797792,0.954067114177313
202286.0,301,0.99,0.417876,0.99,187578,10,24,0.00994672,0.000278182,0.9002667557932662,0.983321211075141
200000.0,303,0.980639,0.415971,0.99,181689,10,30,0.00993763,0.000339651,0.9003123377744267,0.9815703771064083
200000.0,287,0.99,0.453095,0.99,185367,10,22,0.00994945,0.000273081,0.9002530702226881,0.9834748373684251
200000.0,287,0.99,0.446726,0.99,184216,11,24,0.00994435,0.000298691,0.900278638196222,0.9827173208095504
200000.0,301,0.99,0.410965,0.99,166962,10,15,0.0098852,0.000682097,0.9005756569043577,0.9738830131906454
200000.0,372,0.99,0.354877,0.989987,132072,10,29,0.00978882,0.001844,0.901061534275086,0.9570581788928322
200000.0,197,0.0212401,0.643389,0.99,200000,21,14,0.0100004,1.00407e-11,0.8999980000199996,0.9999968312936394
200000.0,260,0.99,0.550886,0.950942,107017,10,24,0.0097303,0.00822873,0.9013577169769474,0.9092876524391524
200000.0,197,0.0212401,0.643389,0.99,200000,21,14,0.0100004,1.00407e-11,0.8999980000199996,0.9999968312936394
200000.0,260,0.99,0.550886,0.950942,107017,10,24,0.0097303,0.00822873,0.9013577169769474,0.9092876524391524
200000.0,263,0.99,0.549393,0.99,107017,12,24,0.00974028,0.00317712,0.9013071431156237,0.943634052833293
200000.0,260,0.99,0.550886,0.96532,107017,10,24,0.00973137,0.00594232,0.9013522934883937,0.9229135550177594
200000.0,260,0.99,0.550886,0.961649,107017,10,24,0.00973113,0.00649069,0.9013535099458678,0.9194351813754912
200000.0,260,0.99,0.550886,0.96532,107017,10,20,0.00973122,0.00594433,0.9013530537725571,0.92290051880849
200000.0,301,0.99,0.436696,0.99,116403,13,28,0.00974418,0.00311047,0.9012873868241753,0.9442284122513981
208719.0,308,0.99,0.428767,0.99,118587,10,28,0.00974461,0.00273646,0.901285208808406,0.9476888157274183
200000.0,264,0.99,0.500682,0.99,149264,10,30,0.00984463,0.00114497,0.9007798911510373,0.9661625946621198
200820.0,294,0.99,0.423113,0.99,155373,10,15,0.00984996,0.00104818,0.9007530353108972,0.967624391897603
200000.0,352,0.99,0.354877,0.99,144697,10,29,0.00981823,0.00142313,0.9009130180094277,0.9622756047099493
200000.0,215,0.01,0.501716,0.972938,194600,14,34,0.00999344,5.35038e-09,0.9000328053809651,0.999926853708228
202286.0,301,0.99,0.417876,0.99,171004,10,19,0.00989374,0.000607995,0.9005327189473845,0.9753424453767208
200000.0,370,0.99,0.354877,0.99,144697,10,30,0.00982555,0.00132156,0.9008760876478334,0.9636467332967174
200000.0,310,0.99,0.446412,0.99,118587,10,28,0.00975941,0.00236598,0.9012102738135185,0.951358659557944
200000.0,293,0.99,0.423922,0.99,190040,10,25,0.00996214,0.000201167,0.9001894795124281,0.9858166647081866
200000.0,370,0.99,0.354877,0.99,162049,10,20,0.0098763,0.000758968,0.9006204246336301,0.9724506261414165
202399.0,352,0.99,0.354877,0.99,162049,10,20,0.00986371,0.00085988,0.9006837878289753,0.9706762894571646
200065.0,307,0.99,0.417876,0.99,188060,10,14,0.00995658,0.000225874,0.9002173361750649,0.9849708949035546
200000.0,180,0.01,0.549435,0.972938,185117,18,34,0.00997705,1.23875e-05,0.90011481591347,0.9964804119559244
200000.0,300,0.99,0.419029,0.99,161181,10,30,0.00986947,0.000829341,0.9006547937744351,0.9712017188012896
200000.0,310,0.99,0.426354,0.99,128729,10,24,0.00978055,0.00200025,0.9011033367600302,0.9552758454523733
200148.0,310,0.99,0.428767,0.99,118587,10,26,0.00974868,0.00252262,0.901264596015411,0.949774309362638
200928.0,301,0.99,0.410965,0.99,166962,10,15,0.00988298,0.000700319,0.9005868217991196,0.9735364590426754
200000.0,287,0.99,0.444064,0.99,147158,10,30,0.009831,0.00128486,0.900848600615019,0.9641550561445551
200000.0,245,0.99,0.553856,0.99,118587,10,30,0.00975658,0.00243852,0.9012245982038039,0.9506186269935718
200000.0,277,0.99,0.467182,0.99,118587,10,30,0.00974526,0.00262732,0.9012819165502085,0.9487426102888569
203314.0,250,0.99,0.520629,0.99,193684,13,30,0.00996807,0.000187249,0.9001597776444784,0.9863161043558495
200000.0,315,0.99,0.401642,0.99,167087,10,18,0.00988712,0.000656892,0.9005660017901321,0.9743700955912824
200000.0,287,0.99,0.444064,0.99,136134,10,28,0.00979835,0.00175065,0.9010133847431886,0.9581592304086074
200016.0,287,0.99,0.4166,0.99,176920,10,23,0.00991607,0.000458667,0.9004205342452571,0.978583487678896
200000.0,310,0.99,0.428767,0.99,119422,10,33,0.00975173,0.00247143,0.9012491519023761,0.950286520942505
200000.0,360,0.99,0.354877,0.99,144697,10,29,0.00982077,0.00137598,0.9009002018165526,0.9629057956009298
211158.0,308,0.99,0.412819,0.99,129383,10,27,0.0097666,0.0023476,0.9011738900897136,0.9515479618591746
200000.0,276,0.99,0.462463,0.99,126154,10,34,0.00976831,0.00224816,0.9011652389085703,0.9525852343673408
200000.0,308,0.99,0.412819,0.99,129383,10,27,0.00977621,0.00208973,0.9011252812899071,0.9542864352735427
200000.0,310,0.99,0.428767,0.989993,125263,10,23,0.00977072,0.00215745,0.9011530475937675,0.9535516415790611
200000.0,263,0.99,0.549393,0.99,107017,12,24,0.00974028,0.00317712,0.9013071431156237,0.943634052833293
200140.0,301,0.99,0.428767,0.99,171038,10,31,0.00990235,0.000550864,0.9004894477957237,0.9765295078875623
204746.0,309,0.99,0.39545,0.99,179249,10,19,0.00990974,0.000483696,0.9004523229803929,0.9780069101761485
200140.0,306,0.99,0.428767,0.99,172206,10,24,0.00990827,0.000513874,0.9004597066510249,0.9773312108836841
200000.0,303,0.980639,0.415971,0.99,181689,10,30,0.00993763,0.000339651,0.9003123377744267,0.9815703771064083
200000.0,302,0.99,0.429414,0.989994,137201,10,21,0.0098032,0.00165778,0.900988889512338,0.9592841554183141
206635.0,308,0.99,0.422662,0.99,137170,10,27,0.0097969,0.00179712,0.9010207092367297,0.9576075478416264
200000.0,287,0.99,0.444064,0.99,150032,10,30,0.00983937,0.00117806,0.9008064014162204,0.9656771213328486
200000.0,309,0.99,0.423941,0.99,160594,10,19,0.00987356,0.000801011,0.9006342111187156,0.9716978622715527
200000.0,162,0.01,0.520188,0.989824,190814,27,15,0.00998551,7.96943e-06,0.9000724762640443,0.9971769821112859
200000.0,309,0.99,0.436371,0.99,129704,10,23,0.00978821,0.0018942,0.9010646170472869,0.9564775919783843
200000.0,260,0.99,0.550886,0.96532,107017,10,24,0.00973137,0.00594232,0.9013522934883937,0.9229135550177594
200000.0,294,0.99,0.444064,0.99,147158,10,15,0.00983422,0.00124259,0.9008323641503944,0.9647496099312363
200000.0,309,0.99,0.39545,0.99,187243,10,14,0.00995092,0.000232704,0.900245701846988,0.9847453613612122
200016.0,305,0.99,0.4166,0.99,176920,10,23,0.00991881,0.00043054,0.9004067773390176,0.9792505421757579
200000.0,277,0.99,0.467182,0.99,139733,10,28,0.00981191,0.0015526,0.9009449143153164,0.96059695443243
200000.0,168,0.01,0.501435,0.917561,190897,18,33,0.00998578,1.16111e-08,0.9000711252940372,0.9998922451857224
201102.0,309,0.99,0.423113,0.99,154827,10,18,0.0098545,0.000999193,0.900730165709819,0.9683899857640019
200000.0,287,0.99,0.4166,0.989999,184594,10,24,0.00994185,0.000299941,0.9002911739112329,0.9826811951913534
200000.0,295,0.99,0.405463,0.99,180771,10,27,0.00992846,0.000379218,0.9003583420451065,0.9805264795170467
200000.0,301,0.99,0.410965,0.99,171142,10,15,0.00989811,0.000574825,0.9005107543500304,0.9760244916633661
200000.0,310,0.99,0.428767,0.99,126167,10,34,0.00977384,0.00210983,0.9011372668797792,0.954067114177313
200000.0,277,0.99,0.467182,0.99,139733,10,28,0.00981191,0.0015526,0.9009449143153164,0.96059695443243
200149.0,309,0.99,0.39545,0.99,179249,10,19,0.00992277,0.000403533,0.9003868984520611,0.9799118691760532
200000.0,320,0.99,0.40185,0.99,155696,10,34,0.00985559,0.000970815,0.9007246757748936,0.9688420957059047
200000.0,204,0.01,0.417879,0.975951,182064,13,42,0.00997111,0.000139464,0.9001445544799884,0.9881905122888417
200000.0,168,0.01,0.549435,0.972938,185117,18,33,0.00997482,4.78373e-05,0.9001259793539882,0.9930835485977273
200000.0,320,0.99,0.40185,0.99,149264,10,30,0.00983678,0.00119018,0.9008194575534092,0.9655010145076699
200000.0,197,0.01,0.552681,0.981389,200000,21,14,0.00999975,3.39634e-09,0.9000012500078126,0.9999417218737432
200000.0,310,0.99,0.432188,0.989999,128729,10,24,0.00978359,0.00195893,0.9010879683759352,0.9557401988255708
200000.0,142,0.01,0.549435,0.977475,185117,18,34,0.00997371,0.000133011,0.9001315365092664,0.9884669605047065
200000.0,310,0.99,0.426354,0.989993,136412,10,24,0.00980425,0.00164521,0.9009835872190878,0.9594388116544892
200051.0,308,0.99,0.417876,0.99,178543,10,14,0.00992528,0.000394251,0.9003743005043378,0.980144245166703
200000.0,300,0.99,0.419029,0.99,181308,12,31,0.0099326,0.000372329,0.9003375697667371,0.9807041714352558
200140.0,301,0.99,0.428767,0.99,156811,10,27,0.00986,0.000933883,0.9007024673015487,0.9694405006585514
200148.0,297,0.99,0.41553,0.99,158777,10,14,0.00986048,0.000930553,0.90070005035248,0.9694950331912982
200000.0,303,0.99,0.415971,0.99,181689,10,30,0.00993377,0.000344001,0.9003317001248642,0.9814527360508349
202286.0,301,0.99,0.417876,0.99,187578,10,24,0.00994672,0.000278182,0.9002667557932662,0.983321211075141
200038.0,301,0.99,0.428767,0.99,138928,10,31,0.00980778,0.00159436,0.9009657634956476,0.9600705622378677
200000.0,287,0.99,0.453095,0.99,185367,10,22,0.00994945,0.000273081,0.9002530702226881,0.9834748373684251
200000.0,287,0.99,0.446726,0.99,184216,11,24,0.00994435,0.000298691,0.900278638196222,0.9827173208095504
200000.0,260,0.99,0.550886,0.950942,107017,10,24,0.0097303,0.00822873,0.9013577169769474,0.9092876524391524
200000.0,197,0.0212401,0.643389,0.99,200000,21,14,0.0100004,1.00407e-11,0.8999980000199996,0.9999968312936394
200000.0,260,0.99,0.550886,0.950942,107017,10,24,0.0097303,0.00822873,0.9013577169769474,0.9092876524391524
200000.0,197,0.0212401,0.643389,0.99,200000,21,14,0.0100004,1.00407e-11,0.8999980000199996,0.9999968312936394
200000.0,263,0.99,0.549393,0.99,107017,12,24,0.00974028,0.00317712,0.9013071431156237,0.943634052833293
200000.0,260,0.99,0.550886,0.96532,107017,10,24,0.00973137,0.00594232,0.9013522934883937,0.9229135550177594
200000.0,260,0.99,0.550886,0.961649,107017,10,24,0.00973113,0.00649069,0.9013535099458678,0.9194351813754912
200000.0,301,0.99,0.446205,0.99,116403,10,28,0.00974409,0.00260307,0.9012878426940227,0.948979709918504
200000.0,263,0.99,0.549393,0.99,107017,12,24,0.00974028,0.00317712,0.9013071431156237,0.943634052833293
200000.0,260,0.99,0.550886,0.96532,107017,10,20,0.00973122,0.00594433,0.9013530537725571,0.92290051880849
200000.0,309,0.99,0.436371,0.99,129704,10,23,0.00978821,0.0018942,0.9010646170472869,0.9564775919783843
202570.0,289,0.99,0.444064,0.99,136134,10,28,0.00979602,0.00179189,0.9010251547109065,0.9576692782957814
200928.0,301,0.99,0.410965,0.99,166962,10,15,0.00988298,0.000700319,0.9005868217991196,0.9735364590426754
200000.0,215,0.01,0.501716,0.972938,194600,14,34,0.00999344,5.35038e-09,0.9000328053809651,0.999926853708228
202286.0,301,0.99,0.417876,0.99,171004,10,19,0.00989374,0.000607995,0.9005327189473845,0.9753424453767208
200000.0,370,0.99,0.354877,0.99,144697,10,30,0.00982555,0.00132156,0.9008760876478334,0.9636467332967174
200000.0,287,0.99,0.444064,0.99,151756,10,30,0.00984436,0.00111637,0.9007812517716536,0.9665878764518027
200000.0,310,0.99,0.446412,0.99,118587,10,28,0.00975941,0.00236598,0.9012102738135185,0.951358659557944
211158.0,308,0.99,0.412819,0.99,129383,10,27,0.0097666,0.0023476,0.9011738900897136,0.9515479618591746
200000.0,293,0.99,0.423922,0.99,190040,10,25,0.00996214,0.000201167,0.9001894795124281,0.9858166647081866
200000.0,370,0.99,0.354877,0.99,162049,10,20,0.0098763,0.000758968,0.9006204246336301,0.9724506261414165
202399.0,352,0.99,0.354877,0.99,162049,10,20,0.00986371,0.00085988,0.9006837878289753,0.9706762894571646
200065.0,307,0.99,0.417876,0.99,188060,10,14,0.00995658,0.000225874,0.9002173361750649,0.9849708949035546
200140.0,301,0.99,0.428767,0.99,171038,10,31,0.00990235,0.000550864,0.9004894477957237,0.9765295078875623
200000.0,180,0.01,0.549435,0.972938,185117,18,34,0.00997705,1.23875e-05,0.90011481591347,0.9964804119559244
200148.0,310,0.99,0.428767,0.99,118587,10,26,0.00974868,0.00252262,0.901264596015411,0.949774309362638
200000.0,300,0.99,0.419029,0.99,161181,10,30,0.00986947,0.000829341,0.9006547937744351,0.9712017188012896
200000.0,310,0.99,0.426354,0.99,128729,10,24,0.00978055,0.00200025,0.9011033367600302,0.9552758454523733
200000.0,287,0.99,0.444064,0.99,136134,10,28,0.00979835,0.00175065,0.9010133847431886,0.9581592304086074
200000.0,287,0.99,0.444064,0.99,147158,10,30,0.009831,0.00128486,0.900848600615019,0.9641550561445551
200000.0,245,0.99,0.553856,0.99,118587,10,30,0.00975658,0.00243852,0.9012245982038039,0.9506186269935718
200000.0,310,0.99,0.432188,0.989999,128729,10,24,0.00978359,0.00195893,0.9010879683759352,0.9557401988255708
203314.0,250,0.99,0.520629,0.99,193684,13,30,0.00996807,0.000187249,0.9001597776444784,0.9863161043558495
200016.0,287,0.99,0.4166,0.99,176920,10,23,0.00991607,0.000458667,0.9004205342452571,0.978583487678896
200038.0,301,0.99,0.428767,0.99,138928,10,31,0.00980778,0.00159436,0.9009657634956476,0.9600705622378677
200000.0,310,0.99,0.428767,0.99,119422,10,33,0.00975173,0.00247143,0.9012491519023761,0.950286520942505
200000.0,360,0.99,0.354877,0.99,144697,10,29,0.00982077,0.00137598,0.9009002018165526,0.9629057956009298
200000.0,352,0.99,0.366914,0.99,142080,10,22,0.00981502,0.00145909,0.9009292172232398,0.9618019634012427
200000.0,301,0.99,0.410965,0.99,171142,10,15,0.00989811,0.000574825,0.9005107543500304,0.9760244916633661
200000.0,276,0.99,0.462463,0.99,126154,10,34,0.00976831,0.00224816,0.9011652389085703,0.9525852343673408
200000.0,310,0.99,0.428767,0.989993,125263,10,23,0.00977072,0.00215745,0.9011530475937675,0.9535516415790611
200000.0,287,0.99,0.444064,0.99,150032,10,30,0.00983937,0.00117806,0.9008064014162204,0.9656771213328486
204746.0,309,0.99,0.39545,0.99,179249,10,19,0.00990974,0.000483696,0.9004523229803929,0.9780069101761485
200140.0,306,0.99,0.428767,0.99,172206,10,24,0.00990827,0.000513874,0.9004597066510249,0.9773312108836841
200000.0,303,0.980639,0.415971,0.99,181689,10,30,0.00993763,0.000339651,0.9003123377744267,0.9815703771064083
200000.0,302,0.99,0.429414,0.989994,137201,10,21,0.0098032,0.00165778,0.900988889512338,0.9592841554183141
200000.0,309,0.99,0.423941,0.99,160594,10,19,0.00987356,0.000801011,0.9006342111187156,0.9716978622715527
200000.0,162,0.01,0.520188,0.989824,190814,27,15,0.00998551,7.96943e-06,0.9000724762640443,0.9971769821112859
200000.0,260,0.99,0.550886,0.96532,107017,10,24,0.00973137,0.00594232,0.9013522934883937,0.9229135550177594
200000.0,294,0.99,0.444064,0.99,147158,10,15,0.00983422,0.00124259,0.9008323641503944,0.9647496099312363
200000.0,309,0.99,0.39545,0.99,187243,10,14,0.00995092,0.000232704,0.900245701846988,0.9847453613612122
200016.0,305,0.99,0.4166,0.99,176920,10,23,0.00991881,0.00043054,0.9004067773390176,0.9792505421757579
200000.0,352,0.99,0.354877,0.99,144697,10,29,0.00981823,0.00142313,0.9009130180094277,0.9622756047099493
200000.0,168,0.01,0.501435,0.917561,190897,18,33,0.00998578,1.16111e-08,0.9000711252940372,0.9998922451857224
201102.0,309,0.99,0.423113,0.99,154827,10,18,0.0098545,0.000999193,0.900730165709819,0.9683899857640019
200000.0,315,0.99,0.401642,0.99,167087,10,18,0.00988712,0.000656892,0.9005660017901321,0.9743700955912824
200065.0,307,0.99,0.417876,0.99,153314,10,16,0.00984849,0.00105509,0.9007604413552741,0.9675178510563109
200000.0,310,0.99,0.428767,0.99,126167,10,34,0.00977384,0.00210983,0.9011372668797792,0.954067114177313
200149.0,309,0.99,0.39545,0.99,179249,10,19,0.00992277,0.000403533,0.9003868984520611,0.9799118691760532
200000.0,204,0.01,0.417879,0.975951,182064,13,42,0.00997111,0.000139464,0.9001445544799884,0.9881905122888417
200000.0,303,0.99,0.415971,0.99,181689,10,30,0.00993377,0.000344001,0.9003317001248642,0.9814527360508349
200000.0,168,0.01,0.549435,0.972938,185117,18,33,0.00997482,4.78373e-05,0.9001259793539882,0.9930835485977273
200000.0,320,0.99,0.40185,0.99,149264,10,30,0.00983678,0.00119018,0.9008194575534092,0.9655010145076699
200000.0,277,0.99,0.467182,0.99,139733,10,28,0.00981191,0.0015526,0.9009449143153164,0.96059695443243
200000.0,287,0.99,0.4166,0.989999,184594,10,24,0.00994185,0.000299941,0.9002911739112329,0.9826811951913534
200000.0,197,0.01,0.552681,0.981389,200000,21,14,0.00999975,3.39634e-09,0.9000012500078126,0.9999417218737432
200000.0,295,0.99,0.405463,0.99,180771,10,27,0.00992846,0.000379218,0.9003583420451065,0.9805264795170467
202286.0,301,0.99,0.417876,0.99,187578,10,24,0.00994672,0.000278182,0.9002667557932662,0.983321211075141
200000.0,142,0.01,0.549435,0.977475,185117,18,34,0.00997371,0.000133011,0.9001315365092664,0.9884669605047065
200000.0,310,0.99,0.426354,0.989993,136412,10,24,0.00980425,0.00164521,0.9009835872190878,0.9594388116544892
200000.0,320,0.99,0.40185,0.99,155696,10,34,0.00985559,0.000970815,0.9007246757748936,0.9688420957059047
200051.0,308,0.99,0.417876,0.99,178543,10,14,0.00992528,0.000394251,0.9003743005043378,0.980144245166703
200000.0,301,0.99,0.410965,0.99,181229,10,30,0.0099309,0.000357088,0.9003460989223202,0.9811032277888524
200148.0,297,0.99,0.41553,0.99,158777,10,14,0.00986048,0.000930553,0.90070005035248,0.9694950331912982
200000.0,315,0.99,0.401642,0.99,167087,10,18,0.00988712,0.000656892,0.9005660017901321,0.9743700955912824
200000.0,287,0.99,0.453095,0.99,185367,10,22,0.00994945,0.000273081,0.9002530702226881,0.9834748373684251
200820.0,314,0.99,0.423113,0.99,155373,10,15,0.00985961,0.000955791,0.9007044311159859,0.9690841302887983
200000.0,307,0.99,0.416716,0.99,184189,10,27,0.00994338,0.000295965,0.9002835018665416,0.9827963666628238
200000.0,308,0.99,0.412819,0.99,129383,10,27,0.00977621,0.00208973,0.9011252812899071,0.9542864352735427
200000.0,308,0.99,0.412819,0.99,129383,10,27,0.00977621,0.00208973,0.9011252812899071,0.9542864352735427
200000.0,197,0.0212401,0.643389,0.99,200000,21,14,0.0100004,1.00407e-11,0.8999980000199996,0.9999968312936394
200000.0,260,0.99,0.550886,0.950942,107017,10,24,0.0097303,0.00822873,0.9013577169769474,0.9092876524391524
200000.0,197,0.0212401,0.643389,0.99,200000,21,14,0.0100004,1.00407e-11,0.8999980000199996,0.9999968312936394
200000.0,260,0.99,0.550886,0.950942,107017,10,24,0.0097303,0.00822873,0.9013577169769474,0.9092876524391524
200000.0,263,0.99,0.549393,0.99,107017,12,24,0.00974028,0.00317712,0.9013071431156237,0.943634052833293
200000.0,260,0.99,0.550886,0.96532,107017,10,24,0.00973137,0.00594232,0.9013522934883937,0.9229135550177594
200000.0,260,0.99,0.550886,0.957476,107017,10,29,0.00973095,0.00714244,0.9013544222988177,0.9154870424136038
208738.0,301,0.99,0.446205,0.99,116403,10,28,0.00974316,0.00278965,0.901292553472395,0.947182862629635
200000.0,263,0.99,0.549393,0.99,107017,12,24,0.00974028,0.00317712,0.9013071431156237,0.943634052833293
200000.0,260,0.99,0.550886,0.961649,107017,10,24,0.00973113,0.00649069,0.9013535099458678,0.9194351813754912
200000.0,260,0.99,0.550886,0.96532,107017,10,20,0.00973122,0.00594433,0.9013530537725571,0.92290051880849
200000.0,260,0.99,0.550886,0.961649,107017,10,24,0.00973113,0.00649069,0.9013535099458678,0.9194351813754912
200000.0,309,0.99,0.436371,0.99,129704,10,23,0.00978821,0.0018942,0.9010646170472869,0.9564775919783843
202570.0,289,0.99,0.444064,0.99,136134,10,28,0.00979602,0.00179189,0.9010251547109065,0.9576692782957814
202399.0,352,0.99,0.354877,0.99,162049,10,20,0.00986371,0.00085988,0.9006837878289753,0.9706762894571646
200000.0,287,0.99,0.444064,0.99,151756,10,30,0.00984436,0.00111637,0.9007812517716536,0.9665878764518027
200000.0,301,0.99,0.446205,0.99,116403,10,28,0.00974409,0.00260307,0.9012878426940227,0.948979709918504
200065.0,307,0.99,0.417876,0.99,153314,10,16,0.00984849,0.00105509,0.9007604413552741,0.9675178510563109
200000.0,215,0.01,0.501716,0.972938,194600,14,34,0.00999344,5.35038e-09,0.9000328053809651,0.999926853708228
202286.0,301,0.99,0.417876,0.99,171004,10,19,0.00989374,0.000607995,0.9005327189473845,0.9753424453767208
200000.0,370,0.99,0.354877,0.99,144697,10,30,0.00982555,0.00132156,0.9008760876478334,0.9636467332967174
211158.0,308,0.99,0.412819,0.99,129383,10,27,0.0097666,0.0023476,0.9011738900897136,0.9515479618591746
200140.0,301,0.99,0.428767,0.99,171038,10,31,0.00990235,0.000550864,0.9004894477957237,0.9765295078875623
200000.0,180,0.01,0.549435,0.972938,185117,18,34,0.00997705,1.23875e-05,0.90011481591347,0.9964804119559244
200000.0,300,0.99,0.419029,0.99,161181,10,30,0.00986947,0.000829341,0.9006547937744351,0.9712017188012896
200000.0,350,0.99,0.366914,0.99,157052,10,26,0.00985806,0.000929612,0.9007122364034722,0.9695104608103041
200000.0,310,0.99,0.426354,0.99,128729,10,24,0.00978055,0.00200025,0.9011033367600302,0.9552758454523733
200000.0,287,0.99,0.444064,0.99,136134,10,28,0.00979835,0.00175065,0.9010133847431886,0.9581592304086074
200000.0,287,0.99,0.444064,0.99,147158,10,30,0.009831,0.00128486,0.900848600615019,0.9641550561445551
200000.0,310,0.99,0.432188,0.989999,128729,10,24,0.00978359,0.00195893,0.9010879683759352,0.9557401988255708
200000.0,245,0.99,0.553856,0.99,118587,10,30,0.00975658,0.00243852,0.9012245982038039,0.9506186269935718
203314.0,250,0.99,0.520629,0.99,193684,13,30,0.00996807,0.000187249,0.9001597776444784,0.9863161043558495
200016.0,287,0.99,0.4166,0.99,176920,10,23,0.00991607,0.000458667,0.9004205342452571,0.978583487678896
200038.0,301,0.99,0.428767,0.99,138928,10,31,0.00980778,0.00159436,0.9009657634956476,0.9600705622378677
200000.0,360,0.99,0.354877,0.99,144697,10,29,0.00982077,0.00137598,0.9009002018165526,0.9629057956009298
201267.0,370,0.99,0.326066,0.99,153400,10,20,0.00983808,0.00117724,0.9008129040650952,0.9656890687972477
200000.0,370,0.99,0.354877,0.99,162049,10,20,0.0098763,0.000758968,0.9006204246336301,0.9724506261414165
201102.0,309,0.99,0.423113,0.99,154827,10,18,0.0098545,0.000999193,0.900730165709819,0.9683899857640019
204746.0,309,0.99,0.39545,0.99,179249,10,19,0.00990974,0.000483696,0.9004523229803929,0.9780069101761485
200140.0,306,0.99,0.428767,0.99,172206,10,24,0.00990827,0.000513874,0.9004597066510249,0.9773312108836841
200000.0,303,0.980639,0.415971,0.99,181689,10,30,0.00993763,0.000339651,0.9003123377744267,0.9815703771064083
200000.0,310,0.99,0.428767,0.99,119422,10,33,0.00975173,0.00247143,0.9012491519023761,0.950286520942505
200000.0,302,0.99,0.429414,0.989994,137201,10,21,0.0098032,0.00165778,0.900988889512338,0.9592841554183141
200000.0,352,0.99,0.365191,0.99,162049,10,20,0.00987285,0.000780273,0.9006377838411401,0.9720666328560268
200000.0,162,0.01,0.520188,0.989824,190814,27,15,0.00998551,7.96943e-06,0.9000724762640443,0.9971769821112859
200000.0,260,0.99,0.550886,0.96532,107017,10,24,0.00973137,0.00594232,0.9013522934883937,0.9229135550177594
200000.0,294,0.99,0.444064,0.99,147158,10,15,0.00983422,0.00124259,0.9008323641503944,0.9647496099312363
200000.0,309,0.99,0.39545,0.99,187243,10,14,0.00995092,0.000232704,0.900245701846988,0.9847453613612122
200016.0,305,0.99,0.4166,0.99,176920,10,23,0.00991881,0.00043054,0.9004067773390176,0.9792505421757579
200000.0,352,0.99,0.354877,0.99,144697,10,29,0.00981823,0.00142313,0.9009130180094277,0.9622756047099493
200000.0,168,0.01,0.501435,0.917561,190897,18,33,0.00998578,1.16111e-08,0.9000711252940372,0.9998922451857224
200000.0,315,0.99,0.401642,0.99,167087,10,18,0.00988712,0.000656892,0.9005660017901321,0.9743700955912824
200000.0,310,0.99,0.446412,0.99,118587,10,28,0.00975941,0.00236598,0.9012102738135185,0.951358659557944
200000.0,276,0.99,0.462463,0.99,126154,10,34,0.00976831,0.00224816,0.9011652389085703,0.9525852343673408
200000.0,310,0.99,0.428767,0.99,126167,10,34,0.00977384,0.00210983,0.9011372668797792,0.954067114177313
200149.0,309,0.99,0.39545,0.99,179249,10,19,0.00992277,0.000403533,0.9003868984520611,0.9799118691760532
200000.0,204,0.01,0.417879,0.975951,182064,13,42,0.00997111,0.000139464,0.9001445544799884,0.9881905122888417
200000.0,303,0.99,0.415971,0.99,181689,10,30,0.00993377,0.000344001,0.9003317001248642,0.9814527360508349
200000.0,168,0.01,0.549435,0.972938,185117,18,33,0.00997482,4.78373e-05,0.9001259793539882,0.9930835485977273
200000.0,310,0.99,0.428767,0.989993,125263,10,23,0.00977072,0.00215745,0.9011530475937675,0.9535516415790611
200000.0,287,0.99,0.4166,0.989999,184594,10,24,0.00994185,0.000299941,0.9002911739112329,0.9826811951913534
200000.0,197,0.01,0.552681,0.981389,200000,21,14,0.00999975,3.39634e-09,0.9000012500078126,0.9999417218737432
200000.0,295,0.99,0.405463,0.99,180771,10,27,0.00992846,0.000379218,0.9003583420451065,0.9805264795170467
202286.0,301,0.99,0.417876,0.99,187578,10,24,0.00994672,0.000278182,0.9002667557932662,0.983321211075141
200000.0,293,0.99,0.423922,0.99,190040,10,25,0.00996214,0.000201167,0.9001894795124281,0.9858166647081866
200000.0,142,0.01,0.549435,0.977475,185117,18,34,0.00997371,0.000133011,0.9001315365092664,0.9884669605047065
200000.0,310,0.99,0.426354,0.989993,136412,10,24,0.00980425,0.00164521,0.9009835872190878,0.9594388116544892
200000.0,277,0.99,0.467182,0.99,139733,10,28,0.00981191,0.0015526,0.9009449143153164,0.96059695443243
200051.0,308,0.99,0.417876,0.99,178543,10,14,0.00992528,0.000394251,0.9003743005043378,0.980144245166703
200065.0,307,0.99,0.417876,0.99,188060,10,14,0.00995658,0.000225874,0.9002173361750649,0.9849708949035546
200000.0,301,0.99,0.410965,0.99,181229,10,30,0.0099309,0.000357088,0.9003460989223202,0.9811032277888524
200093.0,352,0.99,0.381419,0.99,162049,10,23,0.00988148,0.0007393,0.9005943663568307,0.9728099282825514
200000.0,295,0.99,0.444064,0.99,139484,10,28,0.00981238,0.00153484,0.9009425419264152,0.9608229659111361
200000.0,293,0.99,0.423922,0.99,190040,10,25,0.00996214,0.000201167,0.9001894795124281,0.9858166647081866
200000.0,320,0.99,0.40185,0.99,149264,10,30,0.00983678,0.00119018,0.9008194575534092,0.9655010145076699
200000.0,320,0.99,0.40185,0.99,155696,10,34,0.00985559,0.000970815,0.9007246757748936,0.9688420957059047
200065.0,307,0.99,0.417876,0.99,188060,10,14,0.00995658,0.000225874,0.9002173361750649,0.9849708949035546
200000.0,315,0.99,0.401642,0.99,167087,10,18,0.00988712,0.000656892,0.9005660017901321,0.9743700955912824
200000.0,352,0.99,0.366914,0.99,142080,10,22,0.00981502,0.00145909,0.9009292172232398,0.9618019634012427
200000.0,287,0.99,0.453095,0.99,185367,10,22,0.00994945,0.000273081,0.9002530702226881,0.9834748373684251
200000.0,260,0.99,0.550886,0.950942,107017,10,24,0.0097303,0.00822873,0.9013577169769474,0.9092876524391524
200000.0,197,0.0212401,0.643389,0.99,200000,21,14,0.0100004,1.00407e-11,0.8999980000199996,0.9999968312936394
200000.0,260,0.99,0.550886,0.950942,107017,10,24,0.0097303,0.00822873,0.9013577169769474,0.9092876524391524
200000.0,197,0.0212401,0.643389,0.99,200000,21,14,0.0100004,1.00407e-11,0.8999980000199996,0.9999968312936394
200000.0,263,0.99,0.549393,0.99,107017,12,24,0.00974028,0.00317712,0.9013071431156237,0.943634052833293
200000.0,260,0.99,0.550886,0.96532,107017,10,24,0.00973137,0.00594232,0.9013522934883937,0.9229135550177594
200000.0,260,0.99,0.550886,0.957476,107017,10,21,0.00973073,0.00714495,0.9013555374083269,0.9154721939241293
208738.0,301,0.99,0.446205,0.99,116403,10,28,0.00974316,0.00278965,0.901292553472395,0.947182862629635
200000.0,260,0.99,0.550886,0.957476,107017,10,29,0.00973095,0.00714244,0.9013544222988177,0.9154870424136038
200000.0,263,0.99,0.549393,0.99,107017,12,24,0.00974028,0.00317712,0.9013071431156237,0.943634052833293
200000.0,260,0.99,0.550886,0.961649,107017,10,24,0.00973113,0.00649069,0.9013535099458678,0.9194351813754912
200000.0,301,0.99,0.446205,0.99,116403,10,28,0.00974409,0.00260307,0.9012878426940227,0.948979709918504
200000.0,260,0.99,0.550886,0.96532,107017,10,20,0.00973122,0.00594433,0.9013530537725571,0.92290051880849
200000.0,260,0.99,0.550886,0.961649,107017,10,24,0.00973113,0.00649069,0.9013535099458678,0.9194351813754912
200000.0,310,0.99,0.428767,0.99,119422,10,33,0.00975173,0.00247143,0.9012491519023761,0.950286520942505
202286.0,301,0.99,0.417876,0.99,171004,10,19,0.00989374,0.000607995,0.9005327189473845,0.9753424453767208
200000.0,310,0.99,0.428767,0.99,126167,10,34,0.00977384,0.00210983,0.9011372668797792,0.954067114177313
202399.0,352,0.99,0.354877,0.99,162049,10,20,0.00986371,0.00085988,0.9006837878289753,0.9706762894571646
200000.0,309,0.99,0.436371,0.99,129704,10,23,0.00978821,0.0018942,0.9010646170472869,0.9564775919783843
200093.0,352,0.99,0.381419,0.99,162049,10,23,0.00988148,0.0007393,0.9005943663568307,0.9728099282825514
200000.0,215,0.01,0.501716,0.972938,194600,14,34,0.00999344,5.35038e-09,0.9000328053809651,0.999926853708228
200000.0,310,0.99,0.446412,0.99,118587,10,28,0.00975941,0.00236598,0.9012102738135185,0.951358659557944
211158.0,308,0.99,0.412819,0.99,129383,10,27,0.0097666,0.0023476,0.9011738900897136,0.9515479618591746
200000.0,180,0.01,0.549435,0.972938,185117,18,34,0.00997705,1.23875e-05,0.90011481591347,0.9964804119559244
200000.0,310,0.99,0.426354,0.99,128729,10,24,0.00978055,0.00200025,0.9011033367600302,0.9552758454523733
200000.0,350,0.99,0.366914,0.99,157052,10,26,0.00985806,0.000929612,0.9007122364034722,0.9695104608103041
200000.0,287,0.99,0.444064,0.99,136134,10,28,0.00979835,0.00175065,0.9010133847431886,0.9581592304086074
200000.0,335,0.99,0.376295,0.99,135556,10,24,0.00979289,0.00180802,0.9010409680726413,0.9574791815694947
200000.0,245,0.99,0.553856,0.99,118587,10,30,0.00975658,0.00243852,0.9012245982038039,0.9506186269935718
203314.0,250,0.99,0.520629,0.99,193684,13,30,0.00996807,0.000187249,0.9001597776444784,0.9863161043558495
200038.0,301,0.99,0.428767,0.99,138928,10,31,0.00980778,0.00159436,0.9009657634956476,0.9600705622378677
200140.0,286,0.99,0.428767,0.99,172206,10,20,0.00990134,0.000557068,0.9004945227638197,0.976397711975319
200000.0,360,0.99,0.354877,0.99,144697,10,29,0.00982077,0.00137598,0.9009002018165526,0.9629057956009298
200000.0,370,0.99,0.354877,0.99,162049,10,20,0.0098763,0.000758968,0.9006204246336301,0.9724506261414165
200000.0,276,0.99,0.462463,0.99,126154,10,34,0.00976831,0.00224816,0.9011652389085703,0.9525852343673408
201102.0,309,0.99,0.423113,0.99,154827,10,18,0.0098545,0.000999193,0.900730165709819,0.9683899857640019
200000.0,310,0.99,0.432188,0.989999,128729,10,24,0.00978359,0.00195893,0.9010879683759352,0.9557401988255708
204746.0,309,0.99,0.39545,0.99,179249,10,19,0.00990974,0.000483696,0.9004523229803929,0.9780069101761485
200140.0,306,0.99,0.428767,0.99,172206,10,24,0.00990827,0.000513874,0.9004597066510249,0.9773312108836841
200000.0,352,0.99,0.366914,0.99,142080,10,22,0.00981502,0.00145909,0.9009292172232398,0.9618019634012427
200000.0,302,0.99,0.429414,0.989994,137201,10,21,0.0098032,0.00165778,0.900988889512338,0.9592841554183141
200000.0,315,0.99,0.401642,0.99,167087,10,18,0.00988712,0.000656892,0.9005660017901321,0.9743700955912824
200000.0,162,0.01,0.520188,0.989824,190814,27,15,0.00998551,7.96943e-06,0.9000724762640443,0.9971769821112859
200000.0,260,0.99,0.550886,0.96532,107017,10,24,0.00973137,0.00594232,0.9013522934883937,0.9229135550177594
200000.0,294,0.99,0.444064,0.99,147158,10,15,0.00983422,0.00124259,0.9008323641503944,0.9647496099312363
200000.0,309,0.99,0.39545,0.99,187243,10,14,0.00995092,0.000232704,0.900245701846988,0.9847453613612122
202286.0,301,0.99,0.417876,0.99,187578,10,24,0.00994672,0.000278182,0.9002667557932662,0.983321211075141
200000.0,352,0.99,0.354877,0.99,144697,10,29,0.00981823,0.00142313,0.9009130180094277,0.9622756047099493
200065.0,307,0.99,0.417876,0.99,153314,10,16,0.00984849,0.00105509,0.9007604413552741,0.9675178510563109
200000.0,287,0.99,0.439032,0.99,151756,10,30,0.00984294,0.00113482,0.9007884079353627,0.9663129104848757
200000.0,168,0.01,0.501435,0.917561,190897,18,33,0.00998578,1.16111e-08,0.9000711252940372,0.9998922451857224
200016.0,287,0.99,0.4166,0.99,176920,10,23,0.00991607,0.000458667,0.9004205342452571,0.978583487678896
201267.0,370,0.99,0.326066,0.99,153400,10,20,0.00983808,0.00117724,0.9008129040650952,0.9656890687972477
200149.0,309,0.99,0.39545,0.99,179249,10,19,0.00992277,0.000403533,0.9003868984520611,0.9799118691760532
200016.0,305,0.99,0.4166,0.99,176920,10,23,0.00991881,0.00043054,0.9004067773390176,0.9792505421757579
200000.0,204,0.01,0.417879,0.975951,182064,13,42,0.00997111,0.000139464,0.9001445544799884,0.9881905122888417
202570.0,289,0.99,0.444064,0.99,136134,10,28,0.00979602,0.00179189,0.9010251547109065,0.9576692782957814
200000.0,303,0.99,0.415971,0.99,181689,10,30,0.00993377,0.000344001,0.9003317001248642,0.9814527360508349
200000.0,168,0.01,0.549435,0.972938,185117,18,33,0.00997482,4.78373e-05,0.9001259793539882,0.9930835485977273
200000.0,315,0.99,0.401642,0.99,167087,10,18,0.00988712,0.000656892,0.9005660017901321,0.9743700955912824
200000.0,197,0.01,0.552681,0.981389,200000,21,14,0.00999975,3.39634e-09,0.9000012500078126,0.9999417218737432
200000.0,295,0.99,0.405463,0.99,180771,10,27,0.00992846,0.000379218,0.9003583420451065,0.9805264795170467
200000.0,300,0.99,0.419029,0.99,161181,10,26,0.00986943,0.000829371,0.9006549950928584,0.971201197941581
200000.0,293,0.99,0.423922,0.99,190040,10,25,0.00996214,0.000201167,0.9001894795124281,0.9858166647081866
200000.0,142,0.01,0.549435,0.977475,185117,18,34,0.00997371,0.000133011,0.9001315365092664,0.9884669605047065
200000.0,310,0.99,0.426354,0.989993,136412,10,24,0.00980425,0.00164521,0.9009835872190878,0.9594388116544892
200000.0,354,0.99,0.354877,0.99,146858,10,32,0.00982506,0.00132402,0.9008785593325036,0.9636129143788624
200000.0,287,0.99,0.4166,0.989999,184594,10,24,0.00994185,0.000299941,0.9002911739112329,0.9826811951913534
200000.0,277,0.99,0.467182,0.99,139733,10,28,0.00981191,0.0015526,0.9009449143153164,0.96059695443243
200051.0,308,0.99,0.417876,0.99,178543,10,14,0.00992528,0.000394251,0.9003743005043378,0.980144245166703
200065.0,307,0.99,0.417876,0.99,188060,10,14,0.00995658,0.000225874,0.9002173361750649,0.9849708949035546
200000.0,301,0.99,0.410965,0.99,181229,10,30,0.0099309,0.000357088,0.9003460989223202,0.9811032277888524
200000.0,375,0.99,0.354877,0.99,144697,10,15,0.00982815,0.0012982,0.9008629736173209,0.9639694574006996
200000.0,295,0.99,0.444064,0.99,139484,10,28,0.00981238,0.00153484,0.9009425419264152,0.9608229659111361
200065.0,306,0.99,0.417876,0.99,153314,10,16,0.00984804,0.00105998,0.900762708622212,0.9674426659568078
200140.0,301,0.99,0.428767,0.99,171038,10,31,0.00990235,0.000550864,0.9004894477957237,0.9765295078875623
200000.0,293,0.99,0.423922,0.99,190040,10,25,0.00996214,0.000201167,0.9001894795124281,0.9858166647081866
200000.0,320,0.99,0.40185,0.99,149264,10,30,0.00983678,0.00119018,0.9008194575534092,0.9655010145076699
200000.0,320,0.99,0.40185,0.99,155696,10,34,0.00985559,0.000970815,0.9007246757748936,0.9688420957059047
200065.0,307,0.99,0.417876,0.99,188060,10,14,0.00995658,0.000225874,0.9002173361750649,0.9849708949035546
200000.0,197,0.0212401,0.643389,0.99,200000,21,14,0.0100004,1.00407e-11,0.8999980000199996,0.9999968312936394
200000.0,260,0.99,0.550886,0.950942,107017,10,24,0.0097303,0.00822873,0.9013577169769474,0.9092876524391524
200000.0,197,0.0212401,0.643389,0.99,200000,21,14,0.0100004,1.00407e-11,0.8999980000199996,0.9999968312936394
200000.0,260,0.99,0.550886,0.950942,107017,10,24,0.0097303,0.00822873,0.9013577169769474,0.9092876524391524
200000.0,301,0.99,0.446205,0.99,114756,10,26,0.00973834,0.00270019,0.9013169720772615,0.9480366475292442
200000.0,260,0.99,0.550886,0.96532,107017,10,24,0.00973137,0.00594232,0.9013522934883937,0.9229135550177594
200000.0,260,0.99,0.550886,0.957476,107017,10,21,0.00973073,0.00714495,0.9013555374083269,0.9154721939241293
200000.0,260,0.99,0.550886,0.957476,107017,10,29,0.00973095,0.00714244,0.9013544222988177,0.9154870424136038
200000.0,260,0.99,0.550886,0.961649,107017,10,24,0.00973113,0.00649069,0.9013535099458678,0.9194351813754912
200000.0,310,0.99,0.428767,0.99,126167,10,34,0.00977384,0.00210983,0.9011372668797792,0.954067114177313
200000.0,260,0.99,0.550886,0.961649,107017,10,24,0.00973113,0.00649069,0.9013535099458678,0.9194351813754912
200000.0,260,0.99,0.550886,0.96532,107017,10,20,0.00973122,0.00594433,0.9013530537725571,0.92290051880849
202286.0,301,0.99,0.417876,0.99,171004,10,19,0.00989374,0.000607995,0.9005327189473845,0.9753424453767208
200000.0,300,0.99,0.419029,0.99,161181,10,26,0.00986943,0.000829371,0.9006549950928584,0.971201197941581
200000.0,287,0.99,0.4166,0.989999,184594,10,24,0.00994185,0.000299941,0.9002911739112329,0.9826811951913534
200000.0,276,0.99,0.462463,0.99,126154,10,34,0.00976831,0.00224816,0.9011652389085703,0.9525852343673408
200000.0,370,0.99,0.354877,0.99,162049,10,20,0.0098763,0.000758968,0.9006204246336301,0.9724506261414165
200000.0,310,0.99,0.426354,0.99,128729,10,24,0.00978055,0.00200025,0.9011033367600302,0.9552758454523733
202399.0,352,0.99,0.354877,0.99,162049,10,20,0.00986371,0.00085988,0.9006837878289753,0.9706762894571646
200000.0,309,0.99,0.436371,0.99,129704,10,23,0.00978821,0.0018942,0.9010646170472869,0.9564775919783843
200093.0,352,0.99,0.381419,0.99,162049,10,23,0.00988148,0.0007393,0.9005943663568307,0.9728099282825514
200000.0,215,0.01,0.501716,0.972938,194600,14,34,0.00999344,5.35038e-09,0.9000328053809651,0.999926853708228
200000.0,287,0.99,0.439032,0.99,151756,10,30,0.00984294,0.00113482,0.9007884079353627,0.9663129104848757
200000.0,303,0.99,0.415971,0.99,181689,10,30,0.00993377,0.000344001,0.9003317001248642,0.9814527360508349
211158.0,308,0.99,0.412819,0.99,129383,10,27,0.0097666,0.0023476,0.9011738900897136,0.9515479618591746
200000.0,294,0.99,0.444064,0.99,147158,10,15,0.00983422,0.00124259,0.9008323641503944,0.9647496099312363
200000.0,180,0.01,0.549435,0.972938,185117,18,34,0.00997705,1.23875e-05,0.90011481591347,0.9964804119559244
200000.0,302,0.99,0.436371,0.99,119082,10,23,0.00974886,0.00252495,0.9012636844924827,0.9497511194154536
200000.0,375,0.99,0.354877,0.99,144697,10,15,0.00982815,0.0012982,0.9008629736173209,0.9639694574006996
200000.0,350,0.99,0.366914,0.99,157052,10,26,0.00985806,0.000929612,0.9007122364034722,0.9695104608103041
200000.0,309,0.99,0.39545,0.99,187243,10,14,0.00995092,0.000232704,0.900245701846988,0.9847453613612122
202286.0,301,0.99,0.417876,0.99,187578,10,24,0.00994672,0.000278182,0.9002667557932662,0.983321211075141
200000.0,310,0.99,0.432188,0.989999,128729,10,24,0.00978359,0.00195893,0.9010879683759352,0.9557401988255708
203314.0,250,0.99,0.520629,0.99,193684,13,30,0.00996807,0.000187249,0.9001597776444784,0.9863161043558495
200016.0,287,0.99,0.4166,0.99,176920,10,23,0.00991607,0.000458667,0.9004205342452571,0.978583487678896
200038.0,301,0.99,0.428767,0.99,138928,10,31,0.00980778,0.00159436,0.9009657634956476,0.9600705622378677
200140.0,286,0.99,0.428767,0.99,172206,10,20,0.00990134,0.000557068,0.9004945227638197,0.976397711975319
200000.0,310,0.99,0.446412,0.99,118587,10,28,0.00975941,0.00236598,0.9012102738135185,0.951358659557944
200000.0,354,0.99,0.354877,0.99,146858,10,32,0.00982506,0.00132402,0.9008785593325036,0.9636129143788624
200000.0,315,0.99,0.401642,0.99,167087,10,18,0.00988712,0.000656892,0.9005660017901321,0.9743700955912824
200000.0,162,0.01,0.520188,0.989824,190814,27,15,0.00998551,7.96943e-06,0.9000724762640443,0.9971769821112859
200016.0,305,0.99,0.4166,0.99,176920,10,23,0.00991881,0.00043054,0.9004067773390176,0.9792505421757579
200140.0,301,0.99,0.428767,0.99,171038,10,31,0.00990235,0.000550864,0.9004894477957237,0.9765295078875623
200000.0,301,0.99,0.446205,0.99,116403,10,28,0.00974409,0.00260307,0.9012878426940227,0.948979709918504
200000.0,168,0.01,0.501435,0.917561,190897,18,33,0.00998578,1.16111e-08,0.9000711252940372,0.9998922451857224
200065.0,306,0.99,0.417876,0.99,153314,10,16,0.00984804,0.00105998,0.900762708622212,0.9674426659568078
200000.0,352,0.99,0.366914,0.99,142080,10,22,0.00981502,0.00145909,0.9009292172232398,0.9618019634012427
200000.0,360,0.99,0.354877,0.99,144697,10,29,0.00982077,0.00137598,0.9009002018165526,0.9629057956009298
201267.0,370,0.99,0.326066,0.99,153400,10,20,0.00983808,0.00117724,0.9008129040650952,0.9656890687972477
200000.0,301,0.99,0.446205,0.99,116403,10,28,0.00974409,0.00260307,0.9012878426940227,0.948979709918504
200000.0,290,0.99,0.444064,0.99,136134,10,28,0.00979959,0.00172304,0.9010071214682591,0.9584904830189509
200379.0,370,0.99,0.354304,0.99,153400,10,18,0.0098499,0.00102638,0.9007533375876045,0.9679628340828967
200149.0,309,0.99,0.39545,0.99,179249,10,19,0.00992277,0.000403533,0.9003868984520611,0.9799118691760532
201102.0,309,0.99,0.423113,0.99,154827,10,18,0.0098545,0.000999193,0.900730165709819,0.9683899857640019
200000.0,204,0.01,0.417879,0.975951,182064,13,42,0.00997111,0.000139464,0.9001445544799884,0.9881905122888417
202570.0,289,0.99,0.444064,0.99,136134,10,28,0.00979602,0.00179189,0.9010251547109065,0.9576692782957814
204746.0,309,0.99,0.39545,0.99,179249,10,19,0.00990974,0.000483696,0.9004523229803929,0.9780069101761485
200000.0,168,0.01,0.549435,0.972938,185117,18,33,0.00997482,4.78373e-05,0.9001259793539882,0.9930835485977273
200000.0,315,0.99,0.401642,0.99,167087,10,18,0.00988712,0.000656892,0.9005660017901321,0.9743700955912824
200000.0,302,0.99,0.429414,0.989994,137201,10,21,0.0098032,0.00165778,0.900988889512338,0.9592841554183141
200000.0,310,0.99,0.428767,0.99,119422,10,33,0.00975173,0.00247143,0.9012491519023761,0.950286520942505
200000.0,260,0.99,0.550886,0.96532,107017,10,24,0.00973137,0.00594232,0.9013522934883937,0.9229135550177594
200000.0,197,0.01,0.552681,0.981389,200000,21,14,0.00999975,3.39634e-09,0.9000012500078126,0.9999417218737432
200140.0,306,0.99,0.428767,0.99,172206,10,24,0.00990827,0.000513874,0.9004597066510249,0.9773312108836841
200000.0,295,0.99,0.405463,0.99,180771,10,27,0.00992846,0.000379218,0.9003583420451065,0.9805264795170467
200000.0,293,0.99,0.423922,0.99,190040,10,25,0.00996214,0.000201167,0.9001894795124281,0.9858166647081866
200000.0,142,0.01,0.549435,0.977475,185117,18,34,0.00997371,0.000133011,0.9001315365092664,0.9884669605047065
200000.0,310,0.99,0.426354,0.989993,136412,10,24,0.00980425,0.00164521,0.9009835872190878,0.9594388116544892
200000.0,245,0.99,0.553856,0.99,118587,10,30,0.00975658,0.00243852,0.9012245982038039,0.9506186269935718
200000.0,277,0.99,0.467182,0.99,139733,10,28,0.00981191,0.0015526,0.9009449143153164,0.96059695443243
200051.0,308,0.99,0.417876,0.99,178543,10,14,0.00992528,0.000394251,0.9003743005043378,0.980144245166703
200065.0,307,0.99,0.417876,0.99,188060,10,14,0.00995658,0.000225874,0.9002173361750649,0.9849708949035546
200000.0,301,0.99,0.410965,0.99,181229,10,30,0.0099309,0.000357088,0.9003460989223202,0.9811032277888524
200000.0,295,0.99,0.444064,0.99,139484,10,28,0.00981238,0.00153484,0.9009425419264152,0.9608229659111361
200000.0,293,0.99,0.423922,0.99,190040,10,25,0.00996214,0.000201167,0.9001894795124281,0.9858166647081866
200000.0,320,0.99,0.40185,0.99,149264,10,30,0.00983678,0.00119018,0.9008194575534092,0.9655010145076699
200000.0,335,0.99,0.376295,0.99,135556,10,24,0.00979289,0.00180802,0.9010409680726413,0.9574791815694947
200000.0,310,0.99,0.43692,0.99,118587,10,27,0.00975332,0.00244601,0.9012411016667359,0.9505428468267734
200000.0,320,0.99,0.40185,0.99,155696,10,34,0.00985559,0.000970815,0.9007246757748936,0.9688420957059047
200000.0,287,0.99,0.444064,0.99,136134,10,28,0.00979835,0.00175065,0.9010133847431886,0.9581592304086074
200000.0,260,0.99,0.550886,0.961649,96853,10,24,0.00972876,0.00743465,0.9013655232689908,0.9137755835044389
200000.0,197,0.0212401,0.643389,0.99,200000,21,14,0.0100004,1.00407e-11,0.8999980000199996,0.9999968312936394
200000.0,197,0.0212401,0.643389,0.99,200000,21,14,0.0100004,1.00407e-11,0.8999980000199996,0.9999968312936394
200000.0,301,0.99,0.446205,0.99,114756,10,26,0.00973834,0.00270019,0.9013169720772615,0.9480366475292442
200000.0,260,0.99,0.550886,0.96532,107017,10,24,0.00973137,0.00594232,0.9013522934883937,0.9229135550177594
200000.0,260,0.99,0.550886,0.957476,107017,10,29,0.00973095,0.00714244,0.9013544222988177,0.9154870424136038
200000.0,260,0.99,0.550886,0.961649,107017,10,24,0.00973113,0.00649069,0.9013535099458678,0.9194351813754912
200000.0,310,0.99,0.428767,0.99,126167,10,34,0.00977384,0.00210983,0.9011372668797792,0.954067114177313
200000.0,260,0.99,0.550886,0.96532,107017,10,20,0.00973122,0.00594433,0.9013530537725571,0.92290051880849
200000.0,260,0.99,0.550886,0.961649,107017,10,24,0.00973113,0.00649069,0.9013535099458678,0.9194351813754912
202286.0,301,0.99,0.417876,0.99,171004,10,19,0.00989374,0.000607995,0.9005327189473845,0.9753424453767208
200000.0,310,0.99,0.426354,0.99,128729,10,24,0.00978055,0.00200025,0.9011033367600302,0.9552758454523733
200000.0,287,0.99,0.4166,0.989999,184594,10,24,0.00994185,0.000299941,0.9002911739112329,0.9826811951913534
202399.0,352,0.99,0.354877,0.99,162049,10,20,0.00986371,0.00085988,0.9006837878289753,0.9706762894571646
200000.0,360,0.99,0.354877,0.99,144697,10,29,0.00982077,0.00137598,0.9009002018165526,0.9629057956009298
200000.0,309,0.99,0.436371,0.99,129704,10,23,0.00978821,0.0018942,0.9010646170472869,0.9564775919783843
200093.0,352,0.99,0.381419,0.99,162049,10,23,0.00988148,0.0007393,0.9005943663568307,0.9728099282825514
200000.0,352,0.99,0.366914,0.99,142080,10,22,0.00981502,0.00145909,0.9009292172232398,0.9618019634012427
200000.0,215,0.01,0.501716,0.972938,194600,14,34,0.00999344,5.35038e-09,0.9000328053809651,0.999926853708228
200000.0,370,0.99,0.354877,0.99,162049,10,20,0.0098763,0.000758968,0.9006204246336301,0.9724506261414165
200000.0,310,0.99,0.446412,0.99,118587,10,28,0.00975941,0.00236598,0.9012102738135185,0.951358659557944
200000.0,260,0.99,0.550886,0.957476,107017,10,21,0.00973073,0.00714495,0.9013555374083269,0.9154721939241293
200000.0,350,0.99,0.366914,0.99,157052,10,26,0.00985806,0.000929612,0.9007122364034722,0.9695104608103041
200000.0,375,0.99,0.354877,0.99,144697,10,15,0.00982815,0.0012982,0.9008629736173209,0.9639694574006996
200000.0,180,0.01,0.549435,0.972938,185117,18,34,0.00997705,1.23875e-05,0.90011481591347,0.9964804119559244
200000.0,309,0.99,0.39545,0.99,187243,10,14,0.00995092,0.000232704,0.900245701846988,0.9847453613612122
200000.0,335,0.99,0.376295,0.99,135556,10,24,0.00979289,0.00180802,0.9010409680726413,0.9574791815694947
200000.0,310,0.99,0.432188,0.989999,128729,10,24,0.00978359,0.00195893,0.9010879683759352,0.9557401988255708
202286.0,301,0.99,0.417876,0.99,187578,10,24,0.00994672,0.000278182,0.9002667557932662,0.983321211075141
200000.0,287,0.99,0.439032,0.99,151756,10,30,0.00984294,0.00113482,0.9007884079353627,0.9663129104848757
203314.0,250,0.99,0.520629,0.99,193684,13,30,0.00996807,0.000187249,0.9001597776444784,0.9863161043558495
200038.0,301,0.99,0.428767,0.99,138928,10,31,0.00980778,0.00159436,0.9009657634956476,0.9600705622378677
211158.0,308,0.99,0.412819,0.99,129383,10,27,0.0097666,0.0023476,0.9011738900897136,0.9515479618591746
200000.0,276,0.99,0.462463,0.99,126154,10,34,0.00976831,0.00224816,0.9011652389085703,0.9525852343673408
200140.0,286,0.99,0.428767,0.99,172206,10,20,0.00990134,0.000557068,0.9004945227638197,0.976397711975319
200000.0,302,0.99,0.436371,0.99,119082,10,23,0.00974886,0.00252495,0.9012636844924827,0.9497511194154536
200000.0,294,0.99,0.444064,0.99,147158,10,15,0.00983422,0.00124259,0.9008323641503944,0.9647496099312363
200000.0,354,0.99,0.354877,0.99,146858,10,32,0.00982506,0.00132402,0.9008785593325036,0.9636129143788624
200140.0,306,0.99,0.428767,0.99,172206,10,24,0.00990827,0.000513874,0.9004597066510249,0.9773312108836841
200000.0,304,0.99,0.415971,0.99,181689,10,22,0.00993402,0.000342874,0.9003304459727044,0.9814831428152615
200000.0,315,0.99,0.401642,0.99,167087,10,18,0.00988712,0.000656892,0.9005660017901321,0.9743700955912824
200093.0,352,0.99,0.359012,0.99,162049,10,23,0.00987007,0.000799749,0.900651774047042,0.9717201661956792
200000.0,162,0.01,0.520188,0.989824,190814,27,15,0.00998551,7.96943e-06,0.9000724762640443,0.9971769821112859
200000.0,245,0.99,0.553856,0.99,118587,10,30,0.00975658,0.00243852,0.9012245982038039,0.9506186269935718
200379.0,370,0.99,0.354304,0.99,153400,10,18,0.0098499,0.00102638,0.9007533375876045,0.9679628340828967
200000.0,301,0.99,0.446205,0.99,116403,10,28,0.00974409,0.00260307,0.9012878426940227,0.948979709918504
200000.0,300,0.99,0.419029,0.99,161181,10,26,0.00986943,0.000829371,0.9006549950928584,0.971201197941581
200140.0,301,0.99,0.428767,0.99,171038,10,31,0.00990235,0.000550864,0.9004894477957237,0.9765295078875623
200065.0,307,0.99,0.417876,0.99,188060,10,14,0.00995658,0.000225874,0.9002173361750649,0.9849708949035546
200000.0,301,0.99,0.446205,0.99,116403,10,28,0.00974409,0.00260307,0.9012878426940227,0.948979709918504
200000.0,290,0.99,0.444064,0.99,136134,10,28,0.00979959,0.00172304,0.9010071214682591,0.9584904830189509
200000.0,168,0.01,0.501435,0.917561,190897,18,33,0.00998578,1.16111e-08,0.9000711252940372,0.9998922451857224
200000.0,346,0.99,0.391013,0.99,149710,10,34,0.009848,0.00109272,0.9007629101595578,0.9669436844158337
200000.0,168,0.01,0.549435,0.972938,185117,18,33,0.00997482,4.78373e-05,0.9001259793539882,0.9930835485977273
201102.0,309,0.99,0.423113,0.99,154827,10,18,0.0098545,0.000999193,0.900730165709819,0.9683899857640019
200000.0,204,0.01,0.417879,0.975951,182064,13,42,0.00997111,0.000139464,0.9001445544799884,0.9881905122888417
202570.0,289,0.99,0.444064,0.99,136134,10,28,0.00979602,0.00179189,0.9010251547109065,0.9576692782957814
200000.0,302,0.99,0.429414,0.989994,137201,10,21,0.0098032,0.00165778,0.900988889512338,0.9592841554183141
200000.0,315,0.99,0.401642,0.99,167087,10,18,0.00988712,0.000656892,0.9005660017901321,0.9743700955912824
204746.0,309,0.99,0.409369,0.99,179249,10,21,0.00991348,0.000463131,0.9004335397837203,0.9784795213807871
204746.0,309,0.99,0.39545,0.99,179249,10,19,0.00990974,0.000483696,0.9004523229803929,0.9780069101761485
200000.0,142,0.01,0.549435,0.977475,185117,18,34,0.00997371,0.000133011,0.9001315365092664,0.9884669605047065
200000.0,260,0.99,0.550886,0.96532,107017,10,24,0.00973137,0.00594232,0.9013522934883937,0.9229135550177594
200000.0,197,0.01,0.552681,0.981389,200000,21,14,0.00999975,3.39634e-09,0.9000012500078126,0.9999417218737432
200000.0,295,0.99,0.405463,0.99,180771,10,27,0.00992846,0.000379218,0.9003583420451065,0.9805264795170467
200000.0,310,0.99,0.426354,0.989993,136412,10,24,0.00980425,0.00164521,0.9009835872190878,0.9594388116544892
200000.0,293,0.99,0.423922,0.99,190040,10,25,0.00996214,0.000201167,0.9001894795124281,0.9858166647081866
200000.0,277,0.99,0.467182,0.99,139733,10,28,0.00981191,0.0015526,0.9009449143153164,0.96059695443243
200000.0,301,0.99,0.410965,0.99,181229,10,30,0.0099309,0.000357088,0.9003460989223202,0.9811032277888524
200051.0,308,0.99,0.417876,0.99,178543,10,14,0.00992528,0.000394251,0.9003743005043378,0.980144245166703
200000.0,295,0.99,0.444064,0.99,139484,10,28,0.00981238,0.00153484,0.9009425419264152,0.9608229659111361
200016.0,287,0.99,0.4166,0.99,176920,10,23,0.00991607,0.000458667,0.9004205342452571,0.978583487678896
200000.0,303,0.99,0.415971,0.99,189027,10,33,0.00995905,0.000225133,0.9002049600430964,0.9849955673216213
200000.0,359,0.99,0.354877,0.99,150939,10,29,0.00983858,0.00114535,0.9008103836079603,0.9661569800401915
200000.0,320,0.99,0.40185,0.99,155696,10,34,0.00985559,0.000970815,0.9007246757748936,0.9688420957059047
200000.0,287,0.99,0.444064,0.99,136134,10,28,0.00979835,0.00175065,0.9010133847431886,0.9581592304086074
200000.0,310,0.99,0.43692,0.99,118587,10,27,0.00975332,0.00244601,0.9012411016667359,0.9505428468267734
200000.0,276,0.99,0.462463,0.99,126154,10,26,0.00976814,0.00224859,0.9011660989336149,0.9525807001316975
200016.0,305,0.99,0.4166,0.99,176920,10,23,0.00991881,0.00043054,0.9004067773390176,0.9792505421757579
200016.0,287,0.99,0.444343,0.99,176920,10,23,0.00991996,0.00042902,0.9004010040211248,0.9792872020238694
200000.0,197,0.0212401,0.643389,0.99,200000,21,14,0.0100004,1.00407e-11,0.8999980000199996,0.9999968312936394
200000.0,197,0.0212401,0.643389,0.99,200000,21,14,0.0100004,1.00407e-11,0.8999980000199996,0.9999968312936394
200000.0,260,0.99,0.550886,0.961649,96853,10,24,0.00972876,0.00743465,0.9013655232689908,0.9137755835044389
200000.0,301,0.99,0.446205,0.99,114756,10,26,0.00973834,0.00270019,0.9013169720772615,0.9480366475292442
200000.0,260,0.99,0.550886,0.96532,107017,10,26,0.00973143,0.00594172,0.9013519893763691,0.9229174468507951
200000.0,260,0.99,0.550886,0.957476,107017,10,29,0.00973095,0.00714244,0.9013544222988177,0.9154870424136038
200000.0,260,0.99,0.550886,0.961649,107017,10,24,0.00973113,0.00649069,0.9013535099458678,0.9194351813754912
200000.0,310,0.99,0.428767,0.99,126167,10,34,0.00977384,0.00210983,0.9011372668797792,0.954067114177313
200000.0,260,0.99,0.550886,0.961649,107017,10,24,0.00973113,0.00649069,0.9013535099458678,0.9194351813754912
200000.0,260,0.99,0.550886,0.96532,107017,10,20,0.00973122,0.00594433,0.9013530537725571,0.92290051880849
202286.0,301,0.99,0.417876,0.99,171004,10,19,0.00989374,0.000607995,0.9005327189473845,0.9753424453767208
200000.0,294,0.99,0.444064,0.99,147158,10,15,0.00983422,0.00124259,0.9008323641503944,0.9647496099312363
200000.0,310,0.99,0.426354,0.99,128729,10,24,0.00978055,0.00200025,0.9011033367600302,0.9552758454523733
200000.0,287,0.99,0.4166,0.989999,184594,10,24,0.00994185,0.000299941,0.9002911739112329,0.9826811951913534
202399.0,352,0.99,0.354877,0.99,162049,10,20,0.00986371,0.00085988,0.9006837878289753,0.9706762894571646
200000.0,302,0.99,0.436371,0.99,119082,10,23,0.00974886,0.00252495,0.9012636844924827,0.9497511194154536
200000.0,370,0.99,0.354877,0.99,162049,10,20,0.0098763,0.000758968,0.9006204246336301,0.9724506261414165
200000.0,310,0.99,0.446412,0.99,118587,10,28,0.00975941,0.00236598,0.9012102738135185,0.951358659557944
200000.0,304,0.99,0.415971,0.99,181689,10,22,0.00993402,0.000342874,0.9003304459727044,0.9814831428152615
211158.0,308,0.99,0.412819,0.99,129383,10,27,0.0097666,0.0023476,0.9011738900897136,0.9515479618591746
200000.0,260,0.99,0.550886,0.957476,107017,10,21,0.00973073,0.00714495,0.9013555374083269,0.9154721939241293
200000.0,359,0.99,0.354877,0.99,150939,10,29,0.00983858,0.00114535,0.9008103836079603,0.9661569800401915
200000.0,350,0.99,0.366914,0.99,157052,10,26,0.00985806,0.000929612,0.9007122364034722,0.9695104608103041
200000.0,375,0.99,0.354877,0.99,144697,10,15,0.00982815,0.0012982,0.9008629736173209,0.9639694574006996
200000.0,180,0.01,0.549435,0.972938,185117,18,34,0.00997705,1.23875e-05,0.90011481591347,0.9964804119559244
200000.0,309,0.99,0.39545,0.99,187243,10,14,0.00995092,0.000232704,0.900245701846988,0.9847453613612122
200000.0,335,0.99,0.376295,0.99,135556,10,24,0.00979289,0.00180802,0.9010409680726413,0.9574791815694947
202286.0,301,0.99,0.417876,0.99,187578,10,24,0.00994672,0.000278182,0.9002667557932662,0.983321211075141
200000.0,309,0.99,0.436371,0.99,129704,10,23,0.00978821,0.0018942,0.9010646170472869,0.9564775919783843
200000.0,287,0.99,0.439032,0.99,151756,10,30,0.00984294,0.00113482,0.9007884079353627,0.9663129104848757
200000.0,215,0.01,0.501716,0.972938,194600,14,34,0.00999344,5.35038e-09,0.9000328053809651,0.999926853708228
203314.0,250,0.99,0.520629,0.99,193684,13,30,0.00996807,0.000187249,0.9001597776444784,0.9863161043558495
200038.0,301,0.99,0.428767,0.99,138928,10,31,0.00980778,0.00159436,0.9009657634956476,0.9600705622378677
200000.0,346,0.99,0.391013,0.99,149710,10,34,0.009848,0.00109272,0.9007629101595578,0.9669436844158337
200000.0,310,0.99,0.43692,0.99,118587,10,27,0.00975332,0.00244601,0.9012411016667359,0.9505428468267734
200000.0,276,0.99,0.462463,0.99,126154,10,34,0.00976831,0.00224816,0.9011652389085703,0.9525852343673408
200000.0,293,0.99,0.423922,0.99,190040,10,25,0.00996214,0.000201167,0.9001894795124281,0.9858166647081866
200051.0,308,0.99,0.417876,0.99,178543,10,14,0.00992528,0.000394251,0.9003743005043378,0.980144245166703
200000.0,354,0.99,0.354877,0.99,146858,10,32,0.00982506,0.00132402,0.9008785593325036,0.9636129143788624
200000.0,360,0.99,0.354877,0.99,144697,10,29,0.00982077,0.00137598,0.9009002018165526,0.9629057956009298
200093.0,352,0.99,0.381419,0.99,162049,10,23,0.00988148,0.0007393,0.9005943663568307,0.9728099282825514
200000.0,352,0.99,0.366914,0.99,142080,10,22,0.00981502,0.00145909,0.9009292172232398,0.9618019634012427
200000.0,304,0.99,0.415971,0.99,173248,10,22,0.00990667,0.000510973,0.9004677439218823,0.9773952881018139
200140.0,287,0.99,0.42071,0.99,172206,10,19,0.00990074,0.000568013,0.9004975377189087,0.9761669766919931
200093.0,352,0.99,0.359012,0.99,162049,10,23,0.00987007,0.000799749,0.900651774047042,0.9717201661956792
200000.0,162,0.01,0.520188,0.989824,190814,27,15,0.00998551,7.96943e-06,0.9000724762640443,0.9971769821112859
200000.0,245,0.99,0.553856,0.99,118587,10,30,0.00975658,0.00243852,0.9012245982038039,0.9506186269935718
200000.0,375,0.99,0.33571,0.99,144697,10,15,0.00981796,0.00140888,0.9009143804581109,0.9624649497136343
201154.0,313,0.99,0.401642,0.99,167087,10,20,0.00988385,0.000686682,0.9005824462179842,0.9737953820863574
200000.0,301,0.99,0.446205,0.99,116403,10,28,0.00974409,0.00260307,0.9012878426940227,0.948979709918504
204746.0,309,0.99,0.39545,0.99,179249,10,19,0.00990974,0.000483696,0.9004523229803929,0.9780069101761485
200000.0,300,0.99,0.419029,0.99,161181,10,26,0.00986943,0.000829371,0.9006549950928584,0.971201197941581
200065.0,307,0.99,0.417876,0.99,188060,10,14,0.00995658,0.000225874,0.9002173361750649,0.9849708949035546
200000.0,301,0.99,0.446205,0.99,116403,10,28,0.00974409,0.00260307,0.9012878426940227,0.948979709918504
200000.0,290,0.99,0.444064,0.99,136134,10,28,0.00979959,0.00172304,0.9010071214682591,0.9584904830189509
200000.0,168,0.01,0.501435,0.917561,190897,18,33,0.00998578,1.16111e-08,0.9000711252940372,0.9998922451857224
200016.0,287,0.99,0.444343,0.99,176920,10,23,0.00991996,0.00042902,0.9004010040211248,0.9792872020238694
200000.0,168,0.01,0.549435,0.972938,185117,18,33,0.00997482,4.78373e-05,0.9001259793539882,0.9930835485977273
200000.0,315,0.99,0.401642,0.99,167087,10,18,0.00988712,0.000656892,0.9005660017901321,0.9743700955912824
200000.0,204,0.01,0.417879,0.975951,182064,13,42,0.00997111,0.000139464,0.9001445544799884,0.9881905122888417
202570.0,289,0.99,0.444064,0.99,136134,10,28,0.00979602,0.00179189,0.9010251547109065,0.9576692782957814
200000.0,302,0.99,0.429414,0.989994,137201,10,21,0.0098032,0.00165778,0.900988889512338,0.9592841554183141
204746.0,309,0.99,0.409369,0.99,179249,10,21,0.00991348,0.000463131,0.9004335397837203,0.9784795213807871
200000.0,142,0.01,0.549435,0.977475,185117,18,34,0.00997371,0.000133011,0.9001315365092664,0.9884669605047065
200000.0,198,0.01,0.501435,0.917561,198181,18,33,0.00999709,2.14755e-09,0.9000145510586666,0.9999536583340826
200140.0,301,0.99,0.428767,0.99,171038,10,31,0.00990235,0.000550864,0.9004894477957237,0.9765295078875623
200000.0,295,0.99,0.405463,0.99,180771,10,27,0.00992846,0.000379218,0.9003583420451065,0.9805264795170467
200000.0,310,0.99,0.426354,0.989993,136412,10,24,0.00980425,0.00164521,0.9009835872190878,0.9594388116544892
200000.0,301,0.99,0.410965,0.99,181229,10,30,0.0099309,0.000357088,0.9003460989223202,0.9811032277888524
200000.0,277,0.99,0.467182,0.99,139733,10,28,0.00981191,0.0015526,0.9009449143153164,0.96059695443243
201102.0,309,0.99,0.423113,0.99,154827,10,18,0.0098545,0.000999193,0.900730165709819,0.9683899857640019
200000.0,295,0.99,0.444064,0.99,139484,10,28,0.00981238,0.00153484,0.9009425419264152,0.9608229659111361
200016.0,287,0.99,0.4166,0.99,176920,10,23,0.00991607,0.000458667,0.9004205342452571,0.978583487678896
200000.0,303,0.99,0.415971,0.99,189027,10,33,0.00995905,0.000225133,0.9002049600430964,0.9849955673216213
200000.0,350,0.99,0.358965,0.99,157052,10,26,0.00985481,0.00095808,0.900728604321285,0.969047132604555
200000.0,287,0.99,0.444064,0.99,136134,10,28,0.00979835,0.00175065,0.9010133847431886,0.9581592304086074
200000.0,370,0.99,0.354304,0.99,153400,10,14,0.00985037,0.00101978,0.9007509697780376,0.9680660055739968
200000.0,326,0.99,0.428767,0.99,126167,10,33,0.00978681,0.00195396,0.9010716926254169,0.955796380238718
200000.0,276,0.99,0.462463,0.99,126154,10,26,0.00976814,0.00224859,0.9011660989336149,0.9525807001316975
200000.0,315,0.99,0.401642,0.99,167087,10,18,0.00988712,0.000656892,0.9005660017901321,0.9743700955912824
200000.0,260,0.99,0.550886,0.961649,96853,10,24,0.00972876,0.00743465,0.9013655232689908,0.9137755835044389
200000.0,197,0.0212401,0.643389,0.99,200000,21,14,0.0100004,1.00407e-11,0.8999980000199996,0.9999968312936394
200000.0,197,0.0212401,0.643389,0.99,200000,21,14,0.0100004,1.00407e-11,0.8999980000199996,0.9999968312936394
200000.0,301,0.99,0.446205,0.99,114756,10,26,0.00973834,0.00270019,0.9013169720772615,0.9480366475292442
200000.0,260,0.99,0.550886,0.96532,107017,10,26,0.00973143,0.00594172,0.9013519893763691,0.9229174468507951
200000.0,260,0.99,0.550886,0.957476,107017,10,29,0.00973095,0.00714244,0.9013544222988177,0.9154870424136038
200000.0,260,0.99,0.550886,0.961649,107017,10,24,0.00973113,0.00649069,0.9013535099458678,0.9194351813754912
200000.0,310,0.99,0.428767,0.99,126167,10,34,0.00977384,0.00210983,0.9011372668797792,0.954067114177313
200000.0,260,0.99,0.550886,0.96532,107017,10,20,0.00973122,0.00594433,0.9013530537725571,0.92290051880849
200000.0,260,0.99,0.550886,0.961649,107017,10,24,0.00973113,0.00649069,0.9013535099458678,0.9194351813754912
200000.0,302,0.99,0.436371,0.99,119082,10,23,0.00974886,0.00252495,0.9012636844924827,0.9497511194154536
200000.0,310,0.99,0.446412,0.99,118587,10,28,0.00975941,0.00236598,0.9012102738135185,0.951358659557944
211158.0,308,0.99,0.412819,0.99,129383,10,27,0.0097666,0.0023476,0.9011738900897136,0.9515479618591746
200000.0,260,0.99,0.550886,0.957476,107017,10,21,0.00973073,0.00714495,0.9013555374083269,0.9154721939241293
200000.0,375,0.99,0.354877,0.99,144697,10,15,0.00982815,0.0012982,0.9008629736173209,0.9639694574006996
200000.0,180,0.01,0.549435,0.972938,185117,18,34,0.00997705,1.23875e-05,0.90011481591347,0.9964804119559244
200000.0,309,0.99,0.39545,0.99,187243,10,14,0.00995092,0.000232704,0.900245701846988,0.9847453613612122
200000.0,346,0.99,0.391013,0.99,149710,10,34,0.009848,0.00109272,0.9007629101595578,0.9669436844158337
200000.0,359,0.99,0.354877,0.99,150939,10,29,0.00983858,0.00114535,0.9008103836079603,0.9661569800401915
200000.0,335,0.99,0.376295,0.99,135556,10,24,0.00979289,0.00180802,0.9010409680726413,0.9574791815694947
200000.0,326,0.99,0.428767,0.99,126167,10,33,0.00978681,0.00195396,0.9010716926254169,0.955796380238718
200000.0,309,0.99,0.436371,0.99,129704,10,23,0.00978821,0.0018942,0.9010646170472869,0.9564775919783843
200000.0,215,0.01,0.501716,0.972938,194600,14,34,0.00999344,5.35038e-09,0.9000328053809651,0.999926853708228
202286.0,301,0.99,0.417876,0.99,171004,10,19,0.00989374,0.000607995,0.9005327189473845,0.9753424453767208
200038.0,301,0.99,0.428767,0.99,138928,10,31,0.00980778,0.00159436,0.9009657634956476,0.9600705622378677
200000.0,310,0.99,0.43692,0.99,118587,10,27,0.00975332,0.00244601,0.9012411016667359,0.9505428468267734
200000.0,276,0.99,0.462463,0.99,126154,10,34,0.00976831,0.00224816,0.9011652389085703,0.9525852343673408
200000.0,293,0.99,0.423922,0.99,190040,10,25,0.00996214,0.000201167,0.9001894795124281,0.9858166647081866
200000.0,310,0.99,0.426354,0.99,128729,10,24,0.00978055,0.00200025,0.9011033367600302,0.9552758454523733
200093.0,352,0.99,0.381419,0.99,162049,10,23,0.00988148,0.0007393,0.9005943663568307,0.9728099282825514
200000.0,352,0.99,0.366914,0.99,142080,10,22,0.00981502,0.00145909,0.9009292172232398,0.9618019634012427
200000.0,304,0.99,0.415971,0.99,173248,10,22,0.00990667,0.000510973,0.9004677439218823,0.9773952881018139
203314.0,250,0.99,0.520629,0.99,193684,13,30,0.00996807,0.000187249,0.9001597776444784,0.9863161043558495
200000.0,162,0.01,0.520188,0.989824,190814,27,15,0.00998551,7.96943e-06,0.9000724762640443,0.9971769821112859
200000.0,304,0.99,0.419033,0.99,181689,10,23,0.00993472,0.000339266,0.9003269344306096,0.9815808252084953
200000.0,245,0.99,0.553856,0.99,118587,10,30,0.00975658,0.00243852,0.9012245982038039,0.9506186269935718
200000.0,375,0.99,0.33571,0.99,144697,10,15,0.00981796,0.00140888,0.9009143804581109,0.9624649497136343
200000.0,294,0.99,0.444064,0.99,147158,10,15,0.00983422,0.00124259,0.9008323641503944,0.9647496099312363
201154.0,313,0.99,0.401642,0.99,167087,10,20,0.00988385,0.000686682,0.9005824462179842,0.9737953820863574
200000.0,301,0.99,0.446205,0.99,116403,10,28,0.00974409,0.00260307,0.9012878426940227,0.948979709918504
200000.0,287,0.99,0.4166,0.989999,184594,10,26,0.00994184,0.000307645,0.9002912240572576,0.9824601881424002
204746.0,309,0.99,0.39545,0.99,179249,10,19,0.00990974,0.000483696,0.9004523229803929,0.9780069101761485
200000.0,300,0.99,0.419029,0.99,161181,10,26,0.00986943,0.000829371,0.9006549950928584,0.971201197941581
202286.0,301,0.985924,0.417876,0.99,171004,10,19,0.00989638,0.0006059,0.9005194491370299,0.9753849639447756
200065.0,307,0.99,0.417876,0.99,188060,10,14,0.00995658,0.000225874,0.9002173361750649,0.9849708949035546
200000.0,310,0.99,0.426354,0.99,128729,10,24,0.00978055,0.00200025,0.9011033367600302,0.9552758454523733
200000.0,301,0.99,0.446205,0.99,116403,10,28,0.00974409,0.00260307,0.9012878426940227,0.948979709918504
202399.0,352,0.99,0.354877,0.99,162049,10,20,0.00986371,0.00085988,0.9006837878289753,0.9706762894571646
200000.0,168,0.01,0.501435,0.917561,190897,18,33,0.00998578,1.16111e-08,0.9000711252940372,0.9998922451857224
200016.0,287,0.99,0.444343,0.99,176920,10,23,0.00991996,0.00042902,0.9004010040211248,0.9792872020238694
200000.0,350,0.99,0.366914,0.99,157052,10,28,0.00985807,0.000929543,0.9007121860448122,0.969511592366934
200140.0,301,0.99,0.428767,0.99,171038,10,31,0.00990235,0.000550864,0.9004894477957237,0.9765295078875623
200140.0,287,0.99,0.42071,0.99,172206,10,19,0.00990074,0.000568013,0.9004975377189087,0.9761669766919931
200000.0,294,0.99,0.444064,0.99,147299,10,15,0.00983463,0.0012373,0.9008302969652525,0.9648247245924072
200093.0,352,0.99,0.359012,0.99,162049,10,23,0.00987007,0.000799749,0.900651774047042,0.9717201661956792
200000.0,168,0.01,0.549435,0.972938,185117,18,33,0.00997482,4.78373e-05,0.9001259793539882,0.9930835485977273
202286.0,301,0.99,0.417876,0.989999,164758,10,24,0.00987519,0.000771587,0.9006260094390891,0.9722225451129878
200016.0,287,0.99,0.4166,0.99,176920,10,23,0.00991607,0.000458667,0.9004205342452571,0.978583487678896
200000.0,315,0.99,0.401642,0.99,167087,10,18,0.00988712,0.000656892,0.9005660017901321,0.9743700955912824
202570.0,289,0.99,0.444064,0.99,136134,10,28,0.00979602,0.00179189,0.9010251547109065,0.9576692782957814
200000.0,302,0.99,0.429414,0.989994,137201,10,21,0.0098032,0.00165778,0.900988889512338,0.9592841554183141
200000.0,354,0.99,0.354877,0.99,146858,10,32,0.00982506,0.00132402,0.9008785593325036,0.9636129143788624
204746.0,309,0.99,0.409369,0.99,179249,10,21,0.00991348,0.000463131,0.9004335397837203,0.9784795213807871
200051.0,308,0.99,0.417876,0.99,178543,10,14,0.00992528,0.000394251,0.9003743005043378,0.980144245166703
200000.0,287,0.99,0.439032,0.99,151756,10,30,0.00984294,0.00113482,0.9007884079353627,0.9663129104848757
200000.0,142,0.01,0.549435,0.977475,185117,18,34,0.00997371,0.000133011,0.9001315365092664,0.9884669605047065
200000.0,198,0.01,0.501435,0.917561,198181,18,33,0.00999709,2.14755e-09,0.9000145510586666,0.9999536583340826
200000.0,295,0.99,0.405463,0.99,180771,10,27,0.00992846,0.000379218,0.9003583420451065,0.9805264795170467
200000.0,310,0.99,0.426354,0.989993,136412,10,24,0.00980425,0.00164521,0.9009835872190878,0.9594388116544892
200000.0,301,0.99,0.410965,0.99,181229,10,30,0.0099309,0.000357088,0.9003460989223202,0.9811032277888524
202286.0,301,0.99,0.417876,0.99,187578,10,24,0.00994672,0.000278182,0.9002667557932662,0.983321211075141
200000.0,277,0.99,0.467182,0.99,139733,10,28,0.00981191,0.0015526,0.9009449143153164,0.96059695443243
202399.0,352,0.99,0.354877,0.99,162049,10,20,0.00986371,0.00085988,0.9006837878289753,0.9706762894571646
200000.0,360,0.99,0.354877,0.99,144697,10,29,0.00982077,0.00137598,0.9009002018165526,0.9629057956009298
201704.0,303,0.99,0.421366,0.99,179249,10,19,0.00992247,0.000409343,0.9003884042894603,0.9797677732317968
200000.0,295,0.99,0.444064,0.99,139484,10,28,0.00981238,0.00153484,0.9009425419264152,0.9608229659111361
200000.0,303,0.99,0.415971,0.99,189027,10,33,0.00995905,0.000225133,0.9002049600430964,0.9849955673216213
200000.0,370,0.99,0.354877,0.99,143812,10,20,0.00982278,0.00135618,0.900890061043304,0.9631736507375493
200000.0,350,0.99,0.358965,0.99,157052,10,26,0.00985481,0.00095808,0.900728604321285,0.969047132604555
200000.0,287,0.99,0.444064,0.99,136134,10,28,0.00979835,0.00175065,0.9010133847431886,0.9581592304086074
200000.0,197,0.0212401,0.643389,0.99,200000,21,14,0.0100004,1.00407e-11,0.8999980000199996,0.9999968312936394
200000.0,197,0.0212401,0.643389,0.99,200000,21,14,0.0100004,1.00407e-11,0.8999980000199996,0.9999968312936394
200000.0,260,0.99,0.550886,0.961649,96853,10,24,0.00972876,0.00743465,0.9013655232689908,0.9137755835044389
200000.0,260,0.99,0.550886,0.96532,107017,10,26,0.00973143,0.00594172,0.9013519893763691,0.9229174468507951
200000.0,301,0.99,0.446205,0.99,114756,10,26,0.00973834,0.00270019,0.9013169720772615,0.9480366475292442
200000.0,260,0.99,0.550886,0.957476,107017,10,29,0.00973095,0.00714244,0.9013544222988177,0.9154870424136038
200000.0,260,0.99,0.550886,0.961649,107017,10,24,0.00973113,0.00649069,0.9013535099458678,0.9194351813754912
200000.0,260,0.99,0.550886,0.96532,107017,10,20,0.00973122,0.00594433,0.9013530537725571,0.92290051880849
200000.0,260,0.99,0.550886,0.961649,107017,10,24,0.00973113,0.00649069,0.9013535099458678,0.9194351813754912
200000.0,310,0.99,0.446412,0.99,118587,10,28,0.00975941,0.00236598,0.9012102738135185,0.951358659557944
200000.0,302,0.99,0.436371,0.99,119082,10,23,0.00974886,0.00252495,0.9012636844924827,0.9497511194154536
203314.0,250,0.99,0.520629,0.99,193684,13,30,0.00996807,0.000187249,0.9001597776444784,0.9863161043558495
200000.0,276,0.99,0.462463,0.99,126154,10,34,0.00976831,0.00224816,0.9011652389085703,0.9525852343673408
202286.0,301,0.99,0.417876,0.989999,164758,10,24,0.00987519,0.000771587,0.9006260094390891,0.9722225451129878
200000.0,346,0.99,0.391013,0.99,149710,10,34,0.009848,0.00109272,0.9007629101595578,0.9669436844158337
211158.0,308,0.99,0.412819,0.99,129383,10,27,0.0097666,0.0023476,0.9011738900897136,0.9515479618591746
200000.0,310,0.99,0.428767,0.99,126167,10,34,0.00977384,0.00210983,0.9011372668797792,0.954067114177313
200000.0,260,0.99,0.550886,0.957476,107017,10,21,0.00973073,0.00714495,0.9013555374083269,0.9154721939241293
200000.0,315,0.99,0.401642,0.99,167087,10,18,0.00988712,0.000656892,0.9005660017901321,0.9743700955912824
200000.0,304,0.99,0.419033,0.99,181689,10,23,0.00993472,0.000339266,0.9003269344306096,0.9815808252084953
200000.0,350,0.99,0.366914,0.99,157052,10,28,0.00985807,0.000929543,0.9007121860448122,0.969511592366934
200000.0,180,0.01,0.549435,0.972938,185117,18,34,0.00997705,1.23875e-05,0.90011481591347,0.9964804119559244
200000.0,287,0.99,0.444064,0.99,136134,10,28,0.00979835,0.00175065,0.9010133847431886,0.9581592304086074
200000.0,359,0.99,0.354877,0.99,150939,10,29,0.00983858,0.00114535,0.9008103836079603,0.9661569800401915
200000.0,142,0.01,0.549435,0.977475,185117,18,34,0.00997371,0.000133011,0.9001315365092664,0.9884669605047065
200093.0,352,0.99,0.381419,0.99,162049,10,23,0.00988148,0.0007393,0.9005943663568307,0.9728099282825514
200000.0,352,0.99,0.382211,0.99,152201,10,22,0.00985356,0.00102043,0.9007349003929377,0.9680558299528693
200000.0,335,0.99,0.376295,0.99,135556,10,24,0.00979289,0.00180802,0.9010409680726413,0.9574791815694947
200000.0,215,0.01,0.501716,0.972938,194600,14,34,0.00999344,5.35038e-09,0.9000328053809651,0.999926853708228
202286.0,301,0.99,0.417876,0.99,171004,10,19,0.00989374,0.000607995,0.9005327189473845,0.9753424453767208
200000.0,310,0.99,0.428767,0.99,125762,10,27,0.00977242,0.00213075,0.901144448815456,0.9538399523397126
200000.0,293,0.99,0.423922,0.99,190040,10,25,0.00996214,0.000201167,0.9001894795124281,0.9858166647081866
200000.0,310,0.99,0.426354,0.99,128729,10,24,0.00978055,0.00200025,0.9011033367600302,0.9552758454523733
200000.0,352,0.99,0.366914,0.99,142080,10,22,0.00981502,0.00145909,0.9009292172232398,0.9618019634012427
200000.0,326,0.99,0.428767,0.99,126167,10,33,0.00978681,0.00195396,0.9010716926254169,0.955796380238718
200000.0,302,0.99,0.429414,0.989994,137201,10,21,0.0098032,0.00165778,0.900988889512338,0.9592841554183141
200000.0,304,0.99,0.415971,0.99,173248,10,22,0.00990667,0.000510973,0.9004677439218823,0.9773952881018139
200000.0,287,0.99,0.4166,0.989999,184594,10,26,0.00994184,0.000307645,0.9002912240572576,0.9824601881424002
200000.0,301,0.99,0.446205,0.99,115530,10,28,0.00974107,0.0026542,0.9013031408807758,0.9484810714397126
200000.0,309,0.99,0.436371,0.99,129704,10,23,0.00978821,0.0018942,0.9010646170472869,0.9564775919783843
200000.0,309,0.99,0.39545,0.99,187243,10,14,0.00995092,0.000232704,0.900245701846988,0.9847453613612122
200000.0,162,0.01,0.520188,0.989824,190814,27,15,0.00998551,7.96943e-06,0.9000724762640443,0.9971769821112859
200000.0,309,0.99,0.436371,0.99,119195,10,23,0.00975416,0.00242989,0.901236848976959,0.9507060855682976
200000.0,375,0.99,0.33571,0.99,144697,10,15,0.00981796,0.00140888,0.9009143804581109,0.9624649497136343
200000.0,310,0.99,0.43692,0.99,118587,10,27,0.00975332,0.00244601,0.9012411016667359,0.9505428468267734
201154.0,313,0.99,0.401642,0.99,167087,10,20,0.00988385,0.000686682,0.9005824462179842,0.9737953820863574
200000.0,301,0.99,0.446205,0.99,114756,10,26,0.00973834,0.00270019,0.9013169720772615,0.9480366475292442
204746.0,309,0.99,0.39545,0.99,179249,10,19,0.00990974,0.000483696,0.9004523229803929,0.9780069101761485
200000.0,300,0.99,0.419029,0.99,161181,10,26,0.00986943,0.000829371,0.9006549950928584,0.971201197941581
200000.0,294,0.99,0.444064,0.99,147158,10,15,0.00983422,0.00124259,0.9008323641503944,0.9647496099312363
200065.0,307,0.99,0.417876,0.99,188060,10,14,0.00995658,0.000225874,0.9002173361750649,0.9849708949035546
200000.0,310,0.99,0.426354,0.99,128729,10,24,0.00978055,0.00200025,0.9011033367600302,0.9552758454523733
202399.0,352,0.99,0.354877,0.99,162049,10,20,0.00986371,0.00085988,0.9006837878289753,0.9706762894571646
200000.0,168,0.01,0.501435,0.917561,190897,18,33,0.00998578,1.16111e-08,0.9000711252940372,0.9998922451857224
200016.0,287,0.99,0.444343,0.99,176920,10,23,0.00991996,0.00042902,0.9004010040211248,0.9792872020238694
200000.0,375,0.99,0.354877,0.99,144697,10,20,0.00982833,0.00129672,0.9008620657871065,0.9639900013885032
200683.0,301,0.99,0.424813,0.99,171004,10,20,0.00989957,0.000567343,0.9005034171441049,0.9761810369663161
200000.0,294,0.99,0.444064,0.99,147299,10,15,0.00983463,0.0012373,0.9008302969652525,0.9648247245924072
200093.0,352,0.99,0.359012,0.99,162049,10,23,0.00987007,0.000799749,0.900651774047042,0.9717201661956792
200000.0,350,0.99,0.358965,0.99,157052,10,26,0.00985481,0.00095808,0.900728604321285,0.969047132604555
200000.0,168,0.01,0.549435,0.972938,185117,18,33,0.00997482,4.78373e-05,0.9001259793539882,0.9930835485977273
200016.0,287,0.99,0.4166,0.99,176920,10,23,0.00991607,0.000458667,0.9004205342452571,0.978583487678896
200000.0,301,0.99,0.410965,0.99,181229,10,30,0.0099309,0.000357088,0.9003460989223202,0.9811032277888524
202570.0,289,0.99,0.444064,0.99,136134,10,28,0.00979602,0.00179189,0.9010251547109065,0.9576692782957814
200000.0,354,0.99,0.354877,0.99,146858,10,32,0.00982506,0.00132402,0.9008785593325036,0.9636129143788624
202286.0,301,0.985924,0.417876,0.99,171004,10,19,0.00989638,0.0006059,0.9005194491370299,0.9753849639447756
202286.0,301,0.99,0.417876,0.99,187578,10,24,0.00994672,0.000278182,0.9002667557932662,0.983321211075141
204746.0,309,0.99,0.409369,0.99,179249,10,21,0.00991348,0.000463131,0.9004335397837203,0.9784795213807871
200000.0,198,0.01,0.501435,0.917561,198181,18,33,0.00999709,2.14755e-09,0.9000145510586666,0.9999536583340826
202399.0,352,0.99,0.354877,0.99,162049,10,20,0.00986371,0.00085988,0.9006837878289753,0.9706762894571646
200000.0,360,0.99,0.354877,0.99,144697,10,29,0.00982077,0.00137598,0.9009002018165526,0.9629057956009298
200000.0,301,0.99,0.446205,0.99,116403,10,28,0.00974409,0.00260307,0.9012878426940227,0.948979709918504
200000.0,349,0.99,0.354877,0.99,153501,10,20,0.00984297,0.00110033,0.9007882567434681,0.9668287775323248
200000.0,295,0.99,0.444064,0.99,139484,10,28,0.00981238,0.00153484,0.9009425419264152,0.9608229659111361
200000.0,303,0.99,0.415971,0.99,189027,10,33,0.00995905,0.000225133,0.9002049600430964,0.9849955673216213
200038.0,301,0.99,0.428767,0.99,138928,10,31,0.00980778,0.00159436,0.9009657634956476,0.9600705622378677
200000.0,370,0.99,0.354877,0.99,143812,10,20,0.00982278,0.00135618,0.900890061043304,0.9631736507375493
200000.0,287,0.99,0.439032,0.99,151756,10,30,0.00984294,0.00113482,0.9007884079353627,0.9663129104848757
202286.0,301,0.99,0.417876,0.99,186367,10,19,0.00994264,0.000296667,0.9002872124549715,0.9827759760799052
200000.0,301,0.99,0.446205,0.99,116403,10,28,0.00974409,0.00260307,0.9012878426940227,0.948979709918504
200000.0,260,0.99,0.550886,0.961649,96853,10,24,0.00972876,0.00743465,0.9013655232689908,0.9137755835044389
200000.0,197,0.0212401,0.643389,0.99,200000,21,14,0.0100004,1.00407e-11,0.8999980000199996,0.9999968312936394
200000.0,197,0.0212401,0.643389,0.99,200000,21,14,0.0100004,1.00407e-11,0.8999980000199996,0.9999968312936394
200000.0,301,0.99,0.446205,0.99,114756,10,26,0.00973834,0.00270019,0.9013169720772615,0.9480366475292442
200000.0,260,0.99,0.550886,0.96532,107017,10,26,0.00973143,0.00594172,0.9013519893763691,0.9229174468507951
200000.0,260,0.99,0.550886,0.957476,107017,10,29,0.00973095,0.00714244,0.9013544222988177,0.9154870424136038
200000.0,260,0.99,0.550886,0.961649,107017,10,24,0.00973113,0.00649069,0.9013535099458678,0.9194351813754912
200000.0,260,0.99,0.550886,0.96532,107017,10,20,0.00973122,0.00594433,0.9013530537725571,0.92290051880849
200000.0,260,0.99,0.550886,0.961649,107017,10,24,0.00973113,0.00649069,0.9013535099458678,0.9194351813754912
200016.0,287,0.99,0.444343,0.99,176920,10,23,0.00991996,0.00042902,0.9004010040211248,0.9792872020238694
200000.0,310,0.99,0.446412,0.99,118587,10,28,0.00975941,0.00236598,0.9012102738135185,0.951358659557944
200000.0,302,0.99,0.436371,0.99,119082,10,23,0.00974886,0.00252495,0.9012636844924827,0.9497511194154536
203314.0,250,0.99,0.520629,0.99,193684,13,30,0.00996807,0.000187249,0.9001597776444784,0.9863161043558495
200000.0,276,0.99,0.462463,0.99,126154,10,34,0.00976831,0.00224816,0.9011652389085703,0.9525852343673408
200038.0,301,0.99,0.428767,0.99,138928,10,31,0.00980778,0.00159436,0.9009657634956476,0.9600705622378677
202286.0,272,0.99,0.417876,0.99,182267,10,20,0.00992969,0.000410087,0.9003521701189634,0.979749395070764
200000.0,346,0.99,0.391013,0.99,149710,10,34,0.009848,0.00109272,0.9007629101595578,0.9669436844158337
211158.0,308,0.99,0.412819,0.99,129383,10,27,0.0097666,0.0023476,0.9011738900897136,0.9515479618591746
200000.0,310,0.99,0.428767,0.99,126167,10,34,0.00977384,0.00210983,0.9011372668797792,0.954067114177313
200000.0,260,0.99,0.550886,0.957476,107017,10,21,0.00973073,0.00714495,0.9013555374083269,0.9154721939241293
200000.0,335,0.99,0.376295,0.99,135556,10,24,0.00979289,0.00180802,0.9010409680726413,0.9574791815694947
200000.0,350,0.99,0.366914,0.99,157052,10,28,0.00985807,0.000929543,0.9007121860448122,0.969511592366934
200000.0,295,0.99,0.444064,0.99,139484,10,28,0.00981238,0.00153484,0.9009425419264152,0.9608229659111361
200000.0,375,0.99,0.354877,0.99,144697,10,20,0.00982833,0.00129672,0.9008620657871065,0.9639900013885032
200000.0,180,0.01,0.549435,0.972938,185117,18,34,0.00997705,1.23875e-05,0.90011481591347,0.9964804119559244
200000.0,359,0.99,0.354877,0.99,150939,10,29,0.00983858,0.00114535,0.9008103836079603,0.9661569800401915
200000.0,142,0.01,0.549435,0.977475,185117,18,34,0.00997371,0.000133011,0.9001315365092664,0.9884669605047065
200093.0,352,0.99,0.381419,0.99,162049,10,23,0.00988148,0.0007393,0.9005943663568307,0.9728099282825514
200000.0,352,0.99,0.382211,0.99,152201,10,22,0.00985356,0.00102043,0.9007349003929377,0.9680558299528693
200000.0,375,0.99,0.33571,0.99,134161,10,15,0.00978686,0.00188323,0.901071439917484,0.9566038020098534
200000.0,215,0.01,0.501716,0.972938,194600,14,34,0.00999344,5.35038e-09,0.9000328053809651,0.999926853708228
200000.0,304,0.99,0.419033,0.99,181689,10,23,0.00993472,0.000339266,0.9003269344306096,0.9815808252084953
202286.0,301,0.99,0.417876,0.989999,164758,10,24,0.00987519,0.000771587,0.9006260094390891,0.9722225451129878
202286.0,301,0.99,0.417876,0.99,187578,10,24,0.00994672,0.000278182,0.9002667557932662,0.983321211075141
200000.0,302,0.99,0.429414,0.989994,137201,10,21,0.0098032,0.00165778,0.900988889512338,0.9592841554183141
200000.0,310,0.99,0.428767,0.99,125762,10,27,0.00977242,0.00213075,0.901144448815456,0.9538399523397126
200000.0,326,0.99,0.428767,0.99,126167,10,33,0.00978681,0.00195396,0.9010716926254169,0.955796380238718
200000.0,293,0.99,0.423922,0.99,190040,10,25,0.00996214,0.000201167,0.9001894795124281,0.9858166647081866
200000.0,310,0.99,0.426354,0.99,128729,10,24,0.00978055,0.00200025,0.9011033367600302,0.9552758454523733
200000.0,315,0.99,0.401642,0.99,167087,10,18,0.00988712,0.000656892,0.9005660017901321,0.9743700955912824
200000.0,287,0.99,0.4166,0.989999,184594,10,26,0.00994184,0.000307645,0.9002912240572576,0.9824601881424002
200000.0,301,0.99,0.446205,0.99,115530,10,28,0.00974107,0.0026542,0.9013031408807758,0.9484810714397126
200000.0,162,0.01,0.520188,0.989824,190814,27,15,0.00998551,7.96943e-06,0.9000724762640443,0.9971769821112859
200000.0,309,0.99,0.436371,0.99,119195,10,23,0.00975416,0.00242989,0.901236848976959,0.9507060855682976
200000.0,375,0.99,0.33571,0.99,144697,10,15,0.00981796,0.00140888,0.9009143804581109,0.9624649497136343
200000.0,310,0.99,0.43692,0.99,118587,10,27,0.00975332,0.00244601,0.9012411016667359,0.9505428468267734
202286.0,301,0.99,0.417876,0.989999,173973,10,12,0.0099027,0.000535017,0.9004876892037975,0.9768695655034325
201154.0,313,0.99,0.401642,0.99,167087,10,20,0.00988385,0.000686682,0.9005824462179842,0.9737953820863574
200000.0,301,0.99,0.446205,0.99,114756,10,26,0.00973834,0.00270019,0.9013169720772615,0.9480366475292442
200000.0,300,0.99,0.419029,0.99,161181,10,26,0.00986943,0.000829371,0.9006549950928584,0.971201197941581
200000.0,294,0.99,0.444064,0.99,147158,10,15,0.00983422,0.00124259,0.9008323641503944,0.9647496099312363
200065.0,307,0.99,0.417876,0.99,188060,10,14,0.00995658,0.000225874,0.9002173361750649,0.9849708949035546
200093.0,352,0.99,0.38598,0.99,165036,10,23,0.00989282,0.000653816,0.9005373436912124,0.9744301740326611
200000.0,310,0.99,0.426354,0.99,128729,10,24,0.00978055,0.00200025,0.9011033367600302,0.9552758454523733
200000.0,287,0.99,0.444064,0.99,136134,10,28,0.00979835,0.00175065,0.9010133847431886,0.9581592304086074
202399.0,352,0.99,0.354877,0.99,162049,10,20,0.00986371,0.00085988,0.9006837878289753,0.9706762894571646
200039.0,302,0.99,0.423171,0.989994,137201,10,21,0.00980092,0.00169653,0.9010004040412285,0.9588110451698517
200000.0,168,0.01,0.501435,0.917561,190897,18,33,0.00998578,1.16111e-08,0.9000711252940372,0.9998922451857224
200000.0,294,0.99,0.444064,0.99,147299,10,15,0.00983463,0.0012373,0.9008302969652525,0.9648247245924072
200000.0,350,0.99,0.358965,0.99,157052,10,26,0.00985481,0.00095808,0.900728604321285,0.969047132604555
200000.0,168,0.01,0.549435,0.972938,185117,18,33,0.00997482,4.78373e-05,0.9001259793539882,0.9930835485977273
203100.0,309,0.99,0.39545,0.99,179249,10,21,0.00991423,0.000453337,0.9004297735264201,0.978708287997439
202570.0,289,0.99,0.444064,0.99,136134,10,28,0.00979602,0.00179189,0.9010251547109065,0.9576692782957814
200000.0,309,0.99,0.39545,0.99,187243,10,14,0.00995092,0.000232704,0.900245701846988,0.9847453613612122
202286.0,301,0.985924,0.417876,0.99,171004,10,19,0.00989638,0.0006059,0.9005194491370299,0.9753849639447756
204746.0,309,0.99,0.39545,0.99,179249,10,19,0.00990974,0.000483696,0.9004523229803929,0.9780069101761485
200000.0,198,0.01,0.501435,0.917561,198181,18,33,0.00999709,2.14755e-09,0.9000145510586666,0.9999536583340826
200000.0,260,0.99,0.550886,0.96532,107017,10,26,0.00973143,0.00594172,0.9013519893763691,0.9229174468507951
202399.0,352,0.99,0.354877,0.99,162049,10,20,0.00986371,0.00085988,0.9006837878289753,0.9706762894571646
200000.0,360,0.99,0.354877,0.99,144697,10,29,0.00982077,0.00137598,0.9009002018165526,0.9629057956009298
200000.0,301,0.99,0.446205,0.99,116403,10,28,0.00974409,0.00260307,0.9012878426940227,0.948979709918504
200000.0,349,0.99,0.354877,0.99,153501,10,20,0.00984297,0.00110033,0.9007882567434681,0.9668287775323248
200000.0,303,0.99,0.415971,0.99,189027,10,33,0.00995905,0.000225133,0.9002049600430964,0.9849955673216213
200000.0,370,0.99,0.354877,0.99,143812,10,20,0.00982278,0.00135618,0.900890061043304,0.9631736507375493
206574.0,313,0.99,0.401642,0.99,167087,10,23,0.00987268,0.000790838,0.9006386393007825,0.9718781579550698
200000.0,304,0.99,0.415971,0.99,173248,10,22,0.00990667,0.000510973,0.9004677439218823,0.9773952881018139
200000.0,287,0.99,0.439032,0.99,151756,10,30,0.00984294,0.00113482,0.9007884079353627,0.9663129104848757
202286.0,301,0.99,0.417876,0.99,186367,10,19,0.00994264,0.000296667,0.9002872124549715,0.9827759760799052
200000.0,301,0.99,0.446205,0.99,116403,10,28,0.00974409,0.00260307,0.9012878426940227,0.948979709918504
200000.0,352,0.99,0.366914,0.99,142080,10,22,0.00981502,0.00145909,0.9009292172232398,0.9618019634012427
200000.0,259,0.99,0.588925,0.947683,96853,11,24,0.00971803,0.00968573,0.9014199310205151,0.901583893594595
200000.0,197,0.0212401,0.643389,0.99,200000,21,14,0.0100004,1.00407e-11,0.8999980000199996,0.9999968312936394
200000.0,197,0.0212401,0.643389,0.99,200000,21,14,0.0100004,1.00407e-11,0.8999980000199996,0.9999968312936394
200000.0,301,0.99,0.446205,0.99,114756,10,26,0.00973834,0.00270019,0.9013169720772615,0.9480366475292442
200000.0,260,0.99,0.550886,0.96532,107017,10,26,0.00973143,0.00594172,0.9013519893763691,0.9229174468507951
200000.0,260,0.99,0.550886,0.961649,96853,10,24,0.00972876,0.00743465,0.9013655232689908,0.9137755835044389
200000.0,260,0.99,0.550886,0.957476,107017,10,29,0.00973095,0.00714244,0.9013544222988177,0.9154870424136038
200000.0,260,0.99,0.550886,0.961649,107017,10,24,0.00973113,0.00649069,0.9013535099458678,0.9194351813754912
200000.0,276,0.99,0.462463,0.99,126154,10,34,0.00976831,0.00224816,0.9011652389085703,0.9525852343673408
200016.0,287,0.99,0.444343,0.99,176920,10,23,0.00991996,0.00042902,0.9004010040211248,0.9792872020238694
200000.0,260,0.99,0.550886,0.96532,107017,10,20,0.00973122,0.00594433,0.9013530537725571,0.92290051880849
200000.0,260,0.99,0.550886,0.961649,107017,10,24,0.00973113,0.00649069,0.9013535099458678,0.9194351813754912
200000.0,375,0.99,0.354877,0.99,144697,10,20,0.00982833,0.00129672,0.9008620657871065,0.9639900013885032
202286.0,272,0.99,0.417876,0.99,182267,10,20,0.00992969,0.000410087,0.9003521701189634,0.979749395070764
200000.0,302,0.99,0.436371,0.99,119082,10,23,0.00974886,0.00252495,0.9012636844924827,0.9497511194154536
203314.0,250,0.99,0.520629,0.99,193684,13,30,0.00996807,0.000187249,0.9001597776444784,0.9863161043558495
200000.0,346,0.99,0.391013,0.99,149710,10,34,0.009848,0.00109272,0.9007629101595578,0.9669436844158337
200038.0,301,0.99,0.428767,0.99,138928,10,31,0.00980778,0.00159436,0.9009657634956476,0.9600705622378677
200000.0,301,0.99,0.446205,0.99,121084,10,28,0.00975989,0.00234073,0.9012078444409679,0.9516189086522431
200000.0,310,0.99,0.428767,0.99,126167,10,34,0.00977384,0.00210983,0.9011372668797792,0.954067114177313
200000.0,180,0.01,0.549435,0.972938,185117,18,34,0.00997705,1.23875e-05,0.90011481591347,0.9964804119559244
203100.0,309,0.99,0.39545,0.99,179249,10,21,0.00991423,0.000453337,0.9004297735264201,0.978708287997439
200000.0,350,0.99,0.366914,0.99,157052,10,28,0.00985807,0.000929543,0.9007121860448122,0.969511592366934
200000.0,309,0.99,0.39545,0.99,187243,10,14,0.00995092,0.000232704,0.900245701846988,0.9847453613612122
200000.0,215,0.01,0.501716,0.972938,194600,14,34,0.00999344,5.35038e-09,0.9000328053809651,0.999926853708228
200000.0,142,0.01,0.549435,0.977475,185117,18,34,0.00997371,0.000133011,0.9001315365092664,0.9884669605047065
200000.0,352,0.99,0.382211,0.99,152201,10,22,0.00985356,0.00102043,0.9007349003929377,0.9680558299528693
200000.0,260,0.99,0.550886,0.957476,107017,10,21,0.00973073,0.00714495,0.9013555374083269,0.9154721939241293
200093.0,352,0.99,0.38598,0.99,165036,10,23,0.00989282,0.000653816,0.9005373436912124,0.9744301740326611
202286.0,301,0.99,0.417876,0.99,187578,10,24,0.00994672,0.000278182,0.9002667557932662,0.983321211075141
200000.0,315,0.99,0.401642,0.99,167087,10,18,0.00988712,0.000656892,0.9005660017901321,0.9743700955912824
200000.0,370,0.99,0.354877,0.99,143812,10,20,0.00982278,0.00135618,0.900890061043304,0.9631736507375493
200000.0,302,0.99,0.429414,0.989994,137201,10,21,0.0098032,0.00165778,0.900988889512338,0.9592841554183141
200000.0,326,0.99,0.428767,0.99,126167,10,33,0.00978681,0.00195396,0.9010716926254169,0.955796380238718
200000.0,310,0.99,0.428767,0.99,125762,10,27,0.00977242,0.00213075,0.901144448815456,0.9538399523397126
200000.0,310,0.99,0.426354,0.99,128729,10,24,0.00978055,0.00200025,0.9011033367600302,0.9552758454523733
204746.0,309,0.99,0.39545,0.99,179249,10,19,0.00990974,0.000483696,0.9004523229803929,0.9780069101761485
200000.0,162,0.01,0.520188,0.989824,190814,27,15,0.00998551,7.96943e-06,0.9000724762640443,0.9971769821112859
200000.0,304,0.99,0.415971,0.99,173248,10,22,0.00990667,0.000510973,0.9004677439218823,0.9773952881018139
200000.0,375,0.99,0.33571,0.99,134161,10,15,0.00978686,0.00188323,0.901071439917484,0.9566038020098534
200000.0,309,0.99,0.436371,0.99,119195,10,23,0.00975416,0.00242989,0.901236848976959,0.9507060855682976
202286.0,298,0.99,0.417876,0.989999,173973,10,12,0.00990181,0.00054949,0.9004921611128047,0.9765587969592002
200065.0,307,0.99,0.417876,0.99,188060,10,14,0.00995658,0.000225874,0.9002173361750649,0.9849708949035546
200000.0,310,0.99,0.446412,0.99,118587,10,28,0.00975941,0.00236598,0.9012102738135185,0.951358659557944
200000.0,301,0.99,0.446205,0.99,114756,10,26,0.00973834,0.00270019,0.9013169720772615,0.9480366475292442
200000.0,331,0.99,0.376295,0.99,135556,10,23,0.00979205,0.00184243,0.9010452123442225,0.9570764633330384
200000.0,168,0.01,0.501435,0.917561,190897,18,33,0.00998578,1.16111e-08,0.9000711252940372,0.9998922451857224
200000.0,310,0.99,0.43692,0.99,118587,10,27,0.00975332,0.00244601,0.9012411016667359,0.9505428468267734
200000.0,310,0.99,0.426354,0.99,128729,10,24,0.00978055,0.00200025,0.9011033367600302,0.9552758454523733
207712.0,307,0.99,0.41896,0.99,188911,10,14,0.00993827,0.000325703,0.9003091277999836,0.9819527564431573
201154.0,313,0.99,0.401642,0.99,167087,10,20,0.00988385,0.000686682,0.9005824462179842,0.9737953820863574
200000.0,300,0.99,0.419029,0.99,161181,10,26,0.00986943,0.000829371,0.9006549950928584,0.971201197941581
202399.0,352,0.99,0.354877,0.99,162049,10,20,0.00986371,0.00085988,0.9006837878289753,0.9706762894571646
200000.0,301,0.99,0.446205,0.99,115530,10,28,0.00974107,0.0026542,0.9013031408807758,0.9484810714397126
202286.0,301,0.985924,0.417876,0.99,171004,10,19,0.00989638,0.0006059,0.9005194491370299,0.9753849639447756
200000.0,352,0.99,0.366914,0.99,142080,10,22,0.00981502,0.00145909,0.9009292172232398,0.9618019634012427
200000.0,300,0.99,0.44741,0.99,161181,10,27,0.00988067,0.000760958,0.9005984406560943,0.9724145328116416
200000.0,350,0.99,0.358965,0.99,157052,10,26,0.00985481,0.00095808,0.900728604321285,0.969047132604555
202570.0,289,0.99,0.444064,0.99,136134,10,28,0.00979602,0.00179189,0.9010251547109065,0.9576692782957814
200000.0,304,0.99,0.402552,0.99,181689,10,23,0.00993174,0.000344302,0.9003418844247996,0.9814446234206902
200000.0,304,0.99,0.419033,0.99,181689,10,23,0.00993472,0.000339266,0.9003269344306096,0.9815808252084953
200000.0,198,0.01,0.501435,0.917561,198181,18,33,0.00999709,2.14755e-09,0.9000145510586666,0.9999536583340826
200000.0,260,0.99,0.550886,0.96532,107017,10,26,0.00973143,0.00594172,0.9013519893763691,0.9229174468507951
200000.0,168,0.01,0.549435,0.972938,185117,18,33,0.00997482,4.78373e-05,0.9001259793539882,0.9930835485977273
200000.0,293,0.99,0.423922,0.99,190040,10,25,0.00996214,0.000201167,0.9001894795124281,0.9858166647081866
200000.0,350,0.99,0.354877,0.99,150939,10,29,0.00983586,0.00118864,0.900824095668353,0.9655233412291736
200000.0,287,0.99,0.444064,0.99,136134,10,28,0.00979835,0.00175065,0.9010133847431886,0.9581592304086074
202399.0,352,0.99,0.354877,0.99,162049,10,20,0.00986371,0.00085988,0.9006837878289753,0.9706762894571646
200000.0,295,0.99,0.444064,0.99,139484,10,28,0.00981238,0.00153484,0.9009425419264152,0.9608229659111361
200000.0,360,0.99,0.354877,0.99,144697,10,29,0.00982077,0.00137598,0.9009002018165526,0.9629057956009298
206574.0,313,0.99,0.401642,0.99,167087,10,23,0.00987268,0.000790838,0.9006386393007825,0.9718781579550698
200000.0,349,0.99,0.354877,0.99,153501,10,20,0.00984297,0.00110033,0.9007882567434681,0.9668287775323248
200000.0,294,0.99,0.444064,0.99,147158,10,15,0.00983422,0.00124259,0.9008323641503944,0.9647496099312363
202286.0,301,0.99,0.417876,0.989999,173973,10,12,0.0099027,0.000535017,0.9004876892037975,0.9768695655034325
200000.0,303,0.99,0.415971,0.99,189027,10,33,0.00995905,0.000225133,0.9002049600430964,0.9849955673216213
202286.0,301,0.99,0.417876,0.989999,164758,10,25,0.00987519,0.000771506,0.9006260094390891,0.9722240031682029
202286.0,301,0.99,0.417876,0.99,186367,10,19,0.00994264,0.000296667,0.9002872124549715,0.9827759760799052
200000.0,359,0.99,0.354877,0.99,150939,10,29,0.00983858,0.00114535,0.9008103836079603,0.9661569800401915
200000.0,335,0.99,0.376295,0.99,135556,10,24,0.00979289,0.00180802,0.9010409680726413,0.9574791815694947
200000.0,375,0.99,0.33571,0.99,144697,10,15,0.00981796,0.00140888,0.9009143804581109,0.9624649497136343
200000.0,197,0.0212401,0.643389,0.99,200000,21,14,0.0100004,1.00407e-11,0.8999980000199996,0.9999968312936394
200000.0,197,0.0212401,0.643389,0.99,200000,21,14,0.0100004,1.00407e-11,0.8999980000199996,0.9999968312936394
200000.0,259,0.99,0.588925,0.947683,96853,11,24,0.00971803,0.00968573,0.9014199310205151,0.901583893594595
200000.0,301,0.99,0.446205,0.99,114756,10,26,0.00973834,0.00270019,0.9013169720772615,0.9480366475292442
200000.0,260,0.99,0.550886,0.96532,107017,10,26,0.00973143,0.00594172,0.9013519893763691,0.9229174468507951
200000.0,260,0.99,0.550886,0.961649,96853,10,24,0.00972876,0.00743465,0.9013655232689908,0.9137755835044389
200000.0,259,0.99,0.588925,0.947683,96853,11,39,0.00971839,0.00968382,0.9014181051105224,0.9015935977692509
200000.0,260,0.99,0.550886,0.957476,107017,10,29,0.00973095,0.00714244,0.9013544222988177,0.9154870424136038
200000.0,260,0.99,0.550886,0.961649,107017,10,24,0.00973113,0.00649069,0.9013535099458678,0.9194351813754912
200000.0,302,0.99,0.436371,0.99,119082,10,23,0.00974886,0.00252495,0.9012636844924827,0.9497511194154536
200016.0,287,0.99,0.444343,0.99,176920,10,23,0.00991996,0.00042902,0.9004010040211248,0.9792872020238694
200000.0,260,0.99,0.550886,0.96532,107017,10,20,0.00973122,0.00594433,0.9013530537725571,0.92290051880849
200000.0,260,0.99,0.550886,0.961649,107017,10,24,0.00973113,0.00649069,0.9013535099458678,0.9194351813754912
200000.0,301,0.99,0.446205,0.99,115530,10,28,0.00974107,0.0026542,0.9013031408807758,0.9484810714397126
202286.0,272,0.99,0.417876,0.99,182267,10,20,0.00992969,0.000410087,0.9003521701189634,0.979749395070764
200000.0,302,0.99,0.429414,0.989994,137201,10,21,0.0098032,0.00165778,0.900988889512338,0.9592841554183141
203314.0,250,0.99,0.520629,0.99,193684,13,30,0.00996807,0.000187249,0.9001597776444784,0.9863161043558495
200000.0,180,0.01,0.549435,0.972938,185117,18,34,0.00997705,1.23875e-05,0.90011481591347,0.9964804119559244
200000.0,310,0.99,0.428767,0.99,126167,10,34,0.00977384,0.00210983,0.9011372668797792,0.954067114177313
203100.0,309,0.99,0.39545,0.99,179249,10,21,0.00991423,0.000453337,0.9004297735264201,0.978708287997439
200000.0,350,0.99,0.366914,0.99,157052,10,28,0.00985807,0.000929543,0.9007121860448122,0.969511592366934
200000.0,309,0.99,0.39545,0.99,187243,10,14,0.00995092,0.000232704,0.900245701846988,0.9847453613612122
200000.0,215,0.01,0.501716,0.972938,194600,14,34,0.00999344,5.35038e-09,0.9000328053809651,0.999926853708228
200000.0,301,0.99,0.446205,0.99,122668,10,28,0.00976511,0.00225607,0.9011814288708848,0.9525018947746333
200000.0,295,0.99,0.444064,0.99,139484,10,28,0.00981238,0.00153484,0.9009425419264152,0.9608229659111361
200000.0,300,0.99,0.419029,0.99,161181,10,26,0.00986943,0.000829371,0.9006549950928584,0.971201197941581
200000.0,349,0.99,0.354877,0.99,153501,10,20,0.00984297,0.00110033,0.9007882567434681,0.9668287775323248
200000.0,142,0.01,0.549435,0.977475,185117,18,34,0.00997371,0.000133011,0.9001315365092664,0.9884669605047065
200000.0,260,0.99,0.550886,0.957476,107017,10,21,0.00973073,0.00714495,0.9013555374083269,0.9154721939241293
200000.0,294,0.99,0.444064,0.99,147158,10,15,0.00983422,0.00124259,0.9008323641503944,0.9647496099312363
200000.0,287,0.99,0.444064,0.99,136134,10,28,0.00979835,0.00175065,0.9010133847431886,0.9581592304086074
202286.0,301,0.99,0.417876,0.99,187578,10,24,0.00994672,0.000278182,0.9002667557932662,0.983321211075141
200000.0,293,0.99,0.423922,0.99,190040,10,25,0.00996214,0.000201167,0.9001894795124281,0.9858166647081866
200000.0,315,0.99,0.401642,0.99,167087,10,18,0.00988712,0.000656892,0.9005660017901321,0.9743700955912824
200000.0,370,0.99,0.354877,0.99,143812,10,20,0.00982278,0.00135618,0.900890061043304,0.9631736507375493
202286.0,301,0.99,0.417876,0.99,186367,10,19,0.00994264,0.000296667,0.9002872124549715,0.9827759760799052
200093.0,352,0.99,0.38598,0.99,165036,10,23,0.00989282,0.000653816,0.9005373436912124,0.9744301740326611
200000.0,352,0.99,0.382211,0.99,152201,10,22,0.00985356,0.00102043,0.9007349003929377,0.9680558299528693
200000.0,326,0.99,0.428767,0.99,126167,10,33,0.00978681,0.00195396,0.9010716926254169,0.955796380238718
200000.0,359,0.99,0.354877,0.99,150939,10,29,0.00983858,0.00114535,0.9008103836079603,0.9661569800401915
201154.0,313,0.99,0.401642,0.99,167087,10,20,0.00988385,0.000686682,0.9005824462179842,0.9737953820863574
200000.0,310,0.99,0.426354,0.99,128729,10,24,0.00978055,0.00200025,0.9011033367600302,0.9552758454523733
200000.0,352,0.99,0.366914,0.99,142080,10,22,0.00981502,0.00145909,0.9009292172232398,0.9618019634012427
204746.0,309,0.99,0.39545,0.99,179249,10,19,0.00990974,0.000483696,0.9004523229803929,0.9780069101761485
207712.0,307,0.99,0.41896,0.99,188911,10,14,0.00993827,0.000325703,0.9003091277999836,0.9819527564431573
200000.0,301,0.99,0.446205,0.99,121084,10,26,0.00975985,0.00234069,0.9012080468863987,0.9516193220386485
200000.0,162,0.01,0.520188,0.989824,190814,27,15,0.00998551,7.96943e-06,0.9000724762640443,0.9971769821112859
200000.0,304,0.99,0.415971,0.99,173248,10,22,0.00990667,0.000510973,0.9004677439218823,0.9773952881018139
200000.0,309,0.99,0.436371,0.99,119195,10,23,0.00975416,0.00242989,0.901236848976959,0.9507060855682976
202286.0,298,0.99,0.417876,0.989999,173973,10,12,0.00990181,0.00054949,0.9004921611128047,0.9765587969592002
200065.0,307,0.99,0.417876,0.99,188060,10,14,0.00995658,0.000225874,0.9002173361750649,0.9849708949035546
200000.0,310,0.99,0.446412,0.99,118587,10,28,0.00975941,0.00236598,0.9012102738135185,0.951358659557944
200000.0,301,0.99,0.446205,0.99,114756,10,26,0.00973834,0.00270019,0.9013169720772615,0.9480366475292442
200000.0,375,0.99,0.33571,0.99,144697,10,15,0.00981796,0.00140888,0.9009143804581109,0.9624649497136343
200000.0,168,0.01,0.501435,0.917561,190897,18,33,0.00998578,1.16111e-08,0.9000711252940372,0.9998922451857224
200000.0,310,0.99,0.43692,0.99,118587,10,27,0.00975332,0.00244601,0.9012411016667359,0.9505428468267734
200000.0,310,0.99,0.426354,0.99,128729,10,24,0.00978055,0.00200025,0.9011033367600302,0.9552758454523733
202286.0,301,0.985924,0.417876,0.99,171004,10,19,0.00989638,0.0006059,0.9005194491370299,0.9753849639447756
202399.0,352,0.99,0.354877,0.99,162049,10,20,0.00986371,0.00085988,0.9006837878289753,0.9706762894571646
202570.0,304,0.99,0.438259,0.99,152073,10,23,0.00984893,0.00109041,0.9007582245221298,0.9669786432743899
200000.0,375,0.99,0.354877,0.99,144697,10,20,0.00982833,0.00129672,0.9008620657871065,0.9639900013885032
200000.0,318,0.99,0.446205,0.99,119407,10,28,0.00977002,0.00223531,0.9011565884846137,0.9527209348654185
206574.0,313,0.99,0.401642,0.99,167087,10,23,0.00987268,0.000790838,0.9006386393007825,0.9718781579550698
200000.0,350,0.99,0.354877,0.99,150939,10,29,0.00983586,0.00118864,0.900824095668353,0.9655233412291736
200000.0,350,0.99,0.358965,0.99,157052,10,26,0.00985481,0.00095808,0.900728604321285,0.969047132604555
202286.0,301,0.99,0.417876,0.989999,164758,10,25,0.00987519,0.000771506,0.9006260094390891,0.9722240031682029
200000.0,375,0.99,0.354877,0.99,144697,10,20,0.00982833,0.00129672,0.9008620657871065,0.9639900013885032
200000.0,304,0.99,0.402552,0.99,181689,10,23,0.00993174,0.000344302,0.9003418844247996,0.9814446234206902
200000.0,304,0.99,0.419033,0.99,181689,10,23,0.00993472,0.000339266,0.9003269344306096,0.9815808252084953
200000.0,300,0.99,0.44741,0.99,161181,10,27,0.00988067,0.000760958,0.9005984406560943,0.9724145328116416
200000.0,198,0.01,0.501435,0.917561,198181,18,33,0.00999709,2.14755e-09,0.9000145510586666,0.9999536583340826
200000.0,260,0.99,0.550886,0.96532,107017,10,26,0.00973143,0.00594172,0.9013519893763691,0.9229174468507951
200000.0,168,0.01,0.549435,0.972938,185117,18,33,0.00997482,4.78373e-05,0.9001259793539882,0.9930835485977273
202399.0,352,0.99,0.354877,0.99,162049,10,20,0.00986371,0.00085988,0.9006837878289753,0.9706762894571646
200038.0,301,0.99,0.428767,0.99,138928,10,31,0.00980778,0.00159436,0.9009657634956476,0.9600705622378677
200000.0,310,0.99,0.426354,0.99,131380,10,24,0.00978884,0.0018723,0.9010614332022138,0.9567299179570918
200000.0,360,0.99,0.354877,0.99,144697,10,29,0.00982077,0.00137598,0.9009002018165526,0.9629057956009298
200000.0,301,0.99,0.428767,0.99,138928,10,31,0.00980784,0.00159353,0.9009654605705666,0.9600809569252969
200000.0,303,0.99,0.415971,0.99,189027,10,33,0.00995905,0.000225133,0.9002049600430964,0.9849955673216213
200000.0,346,0.99,0.391013,0.99,149710,10,34,0.009848,0.00109272,0.9007629101595578,0.9669436844158337
200000.0,259,0.99,0.588925,0.947683,96853,11,24,0.00971803,0.00968573,0.9014199310205151,0.901583893594595
200000.0,197,0.0212401,0.643389,0.99,200000,21,14,0.0100004,1.00407e-11,0.8999980000199996,0.9999968312936394
200000.0,197,0.0212401,0.643389,0.99,200000,21,14,0.0100004,1.00407e-11,0.8999980000199996,0.9999968312936394
200000.0,301,0.99,0.446205,0.99,114756,10,26,0.00973834,0.00270019,0.9013169720772615,0.9480366475292442
200000.0,260,0.99,0.550886,0.96532,107017,10,26,0.00973143,0.00594172,0.9013519893763691,0.9229174468507951
200000.0,260,0.99,0.550886,0.961649,96853,10,24,0.00972876,0.00743465,0.9013655232689908,0.9137755835044389
200000.0,259,0.99,0.588925,0.947683,96853,11,39,0.00971839,0.00968382,0.9014181051105224,0.9015935977692509
200000.0,260,0.99,0.550886,0.957476,107017,10,29,0.00973095,0.00714244,0.9013544222988177,0.9154870424136038
200000.0,260,0.99,0.550886,0.961649,107017,10,24,0.00973113,0.00649069,0.9013535099458678,0.9194351813754912
200000.0,287,0.99,0.444064,0.99,136134,10,28,0.00979835,0.00175065,0.9010133847431886,0.9581592304086074
200000.0,310,0.99,0.426354,0.99,131380,10,24,0.00978884,0.0018723,0.9010614332022138,0.9567299179570918
200016.0,287,0.99,0.444343,0.99,176920,10,23,0.00991996,0.00042902,0.9004010040211248,0.9792872020238694
200000.0,260,0.99,0.550886,0.96532,107017,10,20,0.00973122,0.00594433,0.9013530537725571,0.92290051880849
200000.0,260,0.99,0.550886,0.961649,107017,10,24,0.00973113,0.00649069,0.9013535099458678,0.9194351813754912
200000.0,359,0.99,0.356479,0.99,146860,10,28,0.00982739,0.00128815,0.9008668067698815,0.9641091933776907
202286.0,272,0.99,0.417876,0.99,182267,10,20,0.00992969,0.000410087,0.9003521701189634,0.979749395070764
203314.0,250,0.99,0.520629,0.99,193684,13,30,0.00996807,0.000187249,0.9001597776444784,0.9863161043558495
200000.0,301,0.99,0.446205,0.99,122668,10,28,0.00976511,0.00225607,0.9011814288708848,0.9525018947746333
202286.0,298,0.99,0.417876,0.989999,173973,10,12,0.00990181,0.00054949,0.9004921611128047,0.9765587969592002
202286.0,301,0.985924,0.417876,0.99,171004,10,19,0.00989638,0.0006059,0.9005194491370299,0.9753849639447756
200000.0,326,0.99,0.428767,0.99,126167,10,33,0.00978681,0.00195396,0.9010716926254169,0.955796380238718
200000.0,180,0.01,0.549435,0.972938,185117,18,34,0.00997705,1.23875e-05,0.90011481591347,0.9964804119559244
200000.0,350,0.99,0.366914,0.99,157052,10,28,0.00985807,0.000929543,0.9007121860448122,0.969511592366934
200000.0,310,0.99,0.43692,0.99,116397,10,26,0.00974585,0.00256953,0.9012789282878271,0.9493094683397383
200000.0,309,0.99,0.39545,0.99,187243,10,14,0.00995092,0.000232704,0.900245701846988,0.9847453613612122
200000.0,294,0.99,0.444064,0.99,147158,10,15,0.00983422,0.00124259,0.9008323641503944,0.9647496099312363
200000.0,215,0.01,0.501716,0.972938,194600,14,34,0.00999344,5.35038e-09,0.9000328053809651,0.999926853708228
200000.0,300,0.99,0.44741,0.99,161181,10,27,0.00988067,0.000760958,0.9005984406560943,0.9724145328116416
200000.0,295,0.99,0.444064,0.99,139484,10,28,0.00981238,0.00153484,0.9009425419264152,0.9608229659111361
200000.0,302,0.99,0.436371,0.99,119082,10,23,0.00974886,0.00252495,0.9012636844924827,0.9497511194154536
200000.0,142,0.01,0.549435,0.977475,185117,18,34,0.00997371,0.000133011,0.9001315365092664,0.9884669605047065
200093.0,352,0.99,0.38598,0.99,165036,10,23,0.00989282,0.000653816,0.9005373436912124,0.9744301740326611
200000.0,260,0.99,0.550886,0.957476,107017,10,21,0.00973073,0.00714495,0.9013555374083269,0.9154721939241293
200000.0,310,0.99,0.428767,0.99,126167,10,34,0.00977384,0.00210983,0.9011372668797792,0.954067114177313
200000.0,349,0.99,0.354877,0.99,153501,10,20,0.00984297,0.00110033,0.9007882567434681,0.9668287775323248
202286.0,301,0.99,0.417876,0.99,187578,10,24,0.00994672,0.000278182,0.9002667557932662,0.983321211075141
200000.0,301,0.99,0.446205,0.99,115530,10,28,0.00974107,0.0026542,0.9013031408807758,0.9484810714397126
200000.0,315,0.99,0.401642,0.99,167087,10,18,0.00988712,0.000656892,0.9005660017901321,0.9743700955912824
200000.0,304,0.99,0.415971,0.99,173248,10,22,0.00990667,0.000510973,0.9004677439218823,0.9773952881018139
202286.0,301,0.99,0.417876,0.99,186367,10,19,0.00994264,0.000296667,0.9002872124549715,0.9827759760799052
200000.0,352,0.99,0.382211,0.99,152201,10,22,0.00985356,0.00102043,0.9007349003929377,0.9680558299528693
200000.0,359,0.99,0.354877,0.99,150939,10,29,0.00983858,0.00114535,0.9008103836079603,0.9661569800401915
200000.0,302,0.99,0.429414,0.989994,137201,10,21,0.0098032,0.00165778,0.900988889512338,0.9592841554183141
201154.0,313,0.99,0.401642,0.99,167087,10,20,0.00988385,0.000686682,0.9005824462179842,0.9737953820863574
200000.0,310,0.99,0.426354,0.99,128729,10,24,0.00978055,0.00200025,0.9011033367600302,0.9552758454523733
200000.0,352,0.99,0.366914,0.99,142080,10,22,0.00981502,0.00145909,0.9009292172232398,0.9618019634012427
200000.0,370,0.99,0.354877,0.99,143812,10,20,0.00982278,0.00135618,0.900890061043304,0.9631736507375493
207712.0,307,0.99,0.41896,0.99,188911,10,14,0.00993827,0.000325703,0.9003091277999836,0.9819527564431573
200000.0,162,0.01,0.520188,0.989824,190814,27,15,0.00998551,7.96943e-06,0.9000724762640443,0.9971769821112859
203100.0,309,0.99,0.39545,0.99,179249,10,21,0.00991423,0.000453337,0.9004297735264201,0.978708287997439
200000.0,301,0.99,0.446205,0.99,121084,10,26,0.00975985,0.00234069,0.9012080468863987,0.9516193220386485
202286.0,301,0.99,0.417876,0.989999,164758,10,25,0.00987519,0.000771506,0.9006260094390891,0.9722240031682029
200000.0,309,0.99,0.436371,0.99,119195,10,23,0.00975416,0.00242989,0.901236848976959,0.9507060855682976
200065.0,307,0.99,0.417876,0.99,188060,10,14,0.00995658,0.000225874,0.9002173361750649,0.9849708949035546
200000.0,293,0.99,0.423922,0.99,190040,10,25,0.00996214,0.000201167,0.9001894795124281,0.9858166647081866
200000.0,310,0.99,0.446412,0.99,118587,10,28,0.00975941,0.00236598,0.9012102738135185,0.951358659557944
200000.0,318,0.99,0.446205,0.99,119407,10,28,0.00977002,0.00223531,0.9011565884846137,0.9527209348654185
200000.0,168,0.01,0.501435,0.917561,190897,18,33,0.00998578,1.16111e-08,0.9000711252940372,0.9998922451857224
200000.0,375,0.99,0.33571,0.99,144697,10,15,0.00981796,0.00140888,0.9009143804581109,0.9624649497136343
202570.0,304,0.99,0.438259,0.99,152073,10,23,0.00984893,0.00109041,0.9007582245221298,0.9669786432743899
200000.0,310,0.99,0.43692,0.99,118587,10,27,0.00975332,0.00244601,0.9012411016667359,0.9505428468267734
200000.0,310,0.99,0.426354,0.99,128729,10,24,0.00978055,0.00200025,0.9011033367600302,0.9552758454523733
201683.0,302,0.99,0.429414,0.989994,137201,10,21,0.00980119,0.0016969,0.9009990404086909,0.958806553919343
200000.0,301,0.99,0.446205,0.99,125272,10,26,0.00977354,0.00212161,0.9011387841466635,0.9539390621024713
206574.0,313,0.99,0.401642,0.99,167087,10,23,0.00987268,0.000790838,0.9006386393007825,0.9718781579550698
200000.0,301,0.99,0.446205,0.99,114756,10,26,0.00973834,0.00270019,0.9013169720772615,0.9480366475292442
200000.0,350,0.99,0.354877,0.99,150939,10,29,0.00983586,0.00118864,0.900824095668353,0.9655233412291736
200000.0,350,0.99,0.358965,0.99,157052,10,26,0.00985481,0.00095808,0.900728604321285,0.969047132604555
200000.0,304,0.99,0.402552,0.99,181689,10,23,0.00993174,0.000344302,0.9003418844247996,0.9814446234206902
200000.0,304,0.99,0.419033,0.99,181689,10,23,0.00993472,0.000339266,0.9003269344306096,0.9815808252084953
200000.0,198,0.01,0.501435,0.917561,198181,18,33,0.00999709,2.14755e-09,0.9000145510586666,0.9999536583340826
200000.0,260,0.99,0.550886,0.96532,107017,10,26,0.00973143,0.00594172,0.9013519893763691,0.9229174468507951
200000.0,168,0.01,0.549435,0.972938,185117,18,33,0.00997482,4.78373e-05,0.9001259793539882,0.9930835485977273
204746.0,309,0.99,0.39545,0.99,179249,10,19,0.00990974,0.000483696,0.9004523229803929,0.9780069101761485
200000.0,300,0.99,0.419029,0.99,161181,10,26,0.00986943,0.000829371,0.9006549950928584,0.971201197941581
200000.0,343,0.99,0.354877,0.99,162049,10,20,0.00986746,0.000839716,0.9006649105300649,0.971022146387284
200038.0,301,0.99,0.428767,0.99,138928,10,31,0.00980778,0.00159436,0.9009657634956476,0.9600705622378677
200000.0,360,0.99,0.354877,0.99,144697,10,29,0.00982077,0.00137598,0.9009002018165526,0.9629057956009298
200000.0,301,0.99,0.428767,0.99,138928,10,31,0.00980784,0.00159353,0.9009654605705666,0.9600809569252969
200000.0,320,0.99,0.417646,0.99,150318,10,23,0.00984747,0.00109141,0.9007655805680307,0.9669635050285295
200000.0,197,0.0212401,0.643389,0.99,200000,21,14,0.0100004,1.00407e-11,0.8999980000199996,0.9999968312936394
200000.0,197,0.0212401,0.643389,0.99,200000,21,14,0.0100004,1.00407e-11,0.8999980000199996,0.9999968312936394
200000.0,259,0.99,0.588925,0.947683,96853,11,24,0.00971803,0.00968573,0.9014199310205151,0.901583893594595
200000.0,260,0.99,0.550886,0.968074,107017,10,20,0.00973138,0.0055485,0.9013522428029912,0.9255117458923892
200000.0,301,0.99,0.446205,0.99,114756,10,26,0.00973834,0.00270019,0.9013169720772615,0.9480366475292442
200000.0,260,0.99,0.550886,0.961649,96853,10,24,0.00972876,0.00743465,0.9013655232689908,0.9137755835044389
200000.0,259,0.99,0.588925,0.947683,96853,11,39,0.00971839,0.00968382,0.9014181051105224,0.9015935977692509
200000.0,260,0.99,0.550886,0.96532,107017,10,20,0.00973122,0.00594433,0.9013530537725571,0.92290051880849
200000.0,260,0.99,0.550886,0.957476,107017,10,29,0.00973095,0.00714244,0.9013544222988177,0.9154870424136038
200000.0,260,0.99,0.550886,0.961649,107017,10,24,0.00973113,0.00649069,0.9013535099458678,0.9194351813754912
200016.0,287,0.99,0.444343,0.99,176920,10,23,0.00991996,0.00042902,0.9004010040211248,0.9792872020238694
200000.0,260,0.99,0.550886,0.961649,107017,10,24,0.00973113,0.00649069,0.9013535099458678,0.9194351813754912
200000.0,359,0.99,0.356479,0.99,146860,10,28,0.00982739,0.00128815,0.9008668067698815,0.9641091933776907
202286.0,272,0.99,0.417876,0.99,182267,10,20,0.00992969,0.000410087,0.9003521701189634,0.979749395070764
200000.0,343,0.99,0.354877,0.99,162049,10,20,0.00986746,0.000839716,0.9006649105300649,0.971022146387284
203314.0,250,0.99,0.520629,0.99,193684,13,30,0.00996807,0.000187249,0.9001597776444784,0.9863161043558495
200000.0,293,0.99,0.423922,0.99,190040,10,25,0.00996214,0.000201167,0.9001894795124281,0.9858166647081866
200065.0,307,0.99,0.417876,0.99,188060,10,14,0.00995658,0.000225874,0.9002173361750649,0.9849708949035546
200000.0,310,0.99,0.426354,0.99,131380,10,24,0.00978884,0.0018723,0.9010614332022138,0.9567299179570918
200000.0,180,0.01,0.549435,0.972938,185117,18,34,0.00997705,1.23875e-05,0.90011481591347,0.9964804119559244
203100.0,309,0.99,0.39545,0.99,179249,10,21,0.00991423,0.000453337,0.9004297735264201,0.978708287997439
200000.0,301,0.99,0.446205,0.99,115530,10,28,0.00974107,0.0026542,0.9013031408807758,0.9484810714397126
200000.0,215,0.01,0.501716,0.972938,194600,14,34,0.00999344,5.35038e-09,0.9000328053809651,0.999926853708228
200000.0,375,0.99,0.344281,0.99,164587,10,15,0.00988036,0.00070714,0.9006,0.9734078959087477
200000.0,295,0.99,0.444064,0.99,139484,10,28,0.00981238,0.00153484,0.9009425419264152,0.9608229659111361
200000.0,287,0.99,0.444064,0.99,136134,10,28,0.00979835,0.00175065,0.9010133847431886,0.9581592304086074
200000.0,302,0.99,0.436371,0.99,119082,10,23,0.00974886,0.00252495,0.9012636844924827,0.9497511194154536
202286.0,298,0.99,0.417876,0.989999,173973,10,12,0.00990181,0.00054949,0.9004921611128047,0.9765587969592002
200000.0,142,0.01,0.549435,0.977475,185117,18,34,0.00997371,0.000133011,0.9001315365092664,0.9884669605047065
200000.0,310,0.99,0.428767,0.99,126167,10,34,0.00977384,0.00210983,0.9011372668797792,0.954067114177313
200000.0,349,0.99,0.354877,0.99,153501,10,20,0.00984297,0.00110033,0.9007882567434681,0.9668287775323248
200000.0,260,0.99,0.550886,0.956255,107017,10,22,0.00973067,0.00734143,0.9013558415312899,0.9143178548354443
200000.0,318,0.99,0.446205,0.99,119407,10,28,0.00977002,0.00223531,0.9011565884846137,0.9527209348654185
200000.0,350,0.99,0.366914,0.99,157052,10,28,0.00985807,0.000929543,0.9007121860448122,0.969511592366934
202286.0,301,0.99,0.417876,0.989999,164758,10,25,0.00987519,0.000771506,0.9006260094390891,0.9722240031682029
200000.0,304,0.99,0.415971,0.99,173248,10,22,0.00990667,0.000510973,0.9004677439218823,0.9773952881018139
202286.0,301,0.99,0.417876,0.99,186367,10,19,0.00994264,0.000296667,0.9002872124549715,0.9827759760799052
200000.0,359,0.99,0.354877,0.99,150939,10,29,0.00983858,0.00114535,0.9008103836079603,0.9661569800401915
200000.0,302,0.99,0.429414,0.989994,137201,10,21,0.0098032,0.00165778,0.900988889512338,0.9592841554183141
200000.0,352,0.99,0.366914,0.99,142080,10,22,0.00981502,0.00145909,0.9009292172232398,0.9618019634012427
204746.0,309,0.99,0.39545,0.99,179249,10,19,0.00990974,0.000483696,0.9004523229803929,0.9780069101761485
200000.0,370,0.99,0.354877,0.99,143812,10,20,0.00982278,0.00135618,0.900890061043304,0.9631736507375493
207712.0,307,0.99,0.41896,0.99,188911,10,14,0.00993827,0.000325703,0.9003091277999836,0.9819527564431573
202286.0,301,0.99,0.417876,0.99,187578,10,24,0.00994672,0.000278182,0.9002667557932662,0.983321211075141
200000.0,162,0.01,0.520188,0.989824,190814,27,15,0.00998551,7.96943e-06,0.9000724762640443,0.9971769821112859
200000.0,301,0.99,0.446205,0.99,121084,10,26,0.00975985,0.00234069,0.9012080468863987,0.9516193220386485
200000.0,309,0.99,0.436371,0.99,119195,10,23,0.00975416,0.00242989,0.901236848976959,0.9507060855682976
200000.0,301,0.99,0.446205,0.99,114756,10,26,0.00973834,0.00270019,0.9013169720772615,0.9480366475292442
200000.0,310,0.99,0.446412,0.99,118587,10,28,0.00975941,0.00236598,0.9012102738135185,0.951358659557944
200000.0,294,0.99,0.444064,0.99,147158,10,15,0.00983422,0.00124259,0.9008323641503944,0.9647496099312363
200000.0,168,0.01,0.501435,0.917561,190897,18,33,0.00998578,1.16111e-08,0.9000711252940372,0.9998922451857224
200000.0,375,0.99,0.33571,0.99,144697,10,15,0.00981796,0.00140888,0.9009143804581109,0.9624649497136343
202570.0,304,0.99,0.438259,0.99,152073,10,23,0.00984893,0.00109041,0.9007582245221298,0.9669786432743899
200000.0,310,0.99,0.43692,0.99,118587,10,27,0.00975332,0.00244601,0.9012411016667359,0.9505428468267734
200000.0,310,0.99,0.426354,0.99,128729,10,24,0.00978055,0.00200025,0.9011033367600302,0.9552758454523733
200000.0,301,0.99,0.426354,0.99,131380,10,24,0.0097839,0.00195928,0.9010864013393507,0.955736245075683
201683.0,302,0.99,0.429414,0.989994,137201,10,21,0.00980119,0.0016969,0.9009990404086909,0.958806553919343
200000.0,326,0.99,0.428767,0.99,126167,10,33,0.00978681,0.00195396,0.9010716926254169,0.955796380238718
206574.0,313,0.99,0.401642,0.99,167087,10,23,0.00987268,0.000790838,0.9006386393007825,0.9718781579550698
201154.0,313,0.99,0.401642,0.99,167087,10,20,0.00988385,0.000686682,0.9005824462179842,0.9737953820863574
200000.0,301,0.99,0.446205,0.99,122668,10,28,0.00976511,0.00225607,0.9011814288708848,0.9525018947746333
200000.0,350,0.99,0.354877,0.99,150939,10,29,0.00983586,0.00118864,0.900824095668353,0.9655233412291736
200000.0,304,0.99,0.402552,0.99,181689,10,23,0.00993174,0.000344302,0.9003418844247996,0.9814446234206902
200093.0,352,0.99,0.38598,0.99,165036,10,23,0.00989282,0.000653816,0.9005373436912124,0.9744301740326611
200000.0,304,0.99,0.419033,0.99,181689,10,23,0.00993472,0.000339266,0.9003269344306096,0.9815808252084953
200000.0,301,0.985924,0.417876,0.99,169773,10,23,0.00989806,0.000594428,0.9005110056337888,0.9756191058408433
200000.0,198,0.01,0.501435,0.917561,198181,18,33,0.00999709,2.14755e-09,0.9000145510586666,0.9999536583340826
202286.0,301,0.985924,0.417876,0.99,171004,10,19,0.00989638,0.0006059,0.9005194491370299,0.9753849639447756
200000.0,309,0.99,0.39545,0.99,187243,10,14,0.00995092,0.000232704,0.900245701846988,0.9847453613612122
200000.0,168,0.01,0.549435,0.972938,185117,18,33,0.00997482,4.78373e-05,0.9001259793539882,0.9930835485977273
200000.0,308,0.99,0.428055,0.99,126167,10,26,0.00977203,0.00213694,0.9011464214102494,0.9537729516408413
200000.0,352,0.99,0.382211,0.99,152201,10,20,0.0098535,0.00102058,0.9007352026144213,0.9680534821928899
200000.0,315,0.99,0.401642,0.99,167087,10,18,0.00988712,0.000656892,0.9005660017901321,0.9743700955912824
200000.0,310,0.99,0.426354,0.99,128729,10,24,0.00978055,0.00200025,0.9011033367600302,0.9552758454523733
200038.0,301,0.99,0.428767,0.99,138928,10,31,0.00980778,0.00159436,0.9009657634956476,0.9600705622378677
200000.0,287,0.99,0.444064,0.99,136134,10,28,0.00979835,0.00175065,0.9010133847431886,0.9581592304086074
200000.0,360,0.99,0.354877,0.99,144697,10,29,0.00982077,0.00137598,0.9009002018165526,0.9629057956009298
200000.0,301,0.99,0.428767,0.99,138928,10,31,0.00980784,0.00159353,0.9009654605705666,0.9600809569252969
200000.0,320,0.99,0.417646,0.99,150318,10,23,0.00984747,0.00109141,0.9007655805680307,0.9669635050285295
200000.0,310,0.99,0.43692,0.99,116397,10,26,0.00974585,0.00256953,0.9012789282878271,0.9493094683397383
200000.0,259,0.99,0.588925,0.946441,96853,10,24,0.00971518,0.0095682,0.901434387335136,0.9021828235942173
200000.0,197,0.0212401,0.643389,0.99,200000,21,14,0.0100004,1.00407e-11,0.8999980000199996,0.9999968312936394
200000.0,197,0.0212401,0.643389,0.99,200000,21,14,0.0100004,1.00407e-11,0.8999980000199996,0.9999968312936394
200000.0,260,0.99,0.550886,0.968074,107017,10,20,0.00973138,0.0055485,0.9013522428029912,0.9255117458923892
200000.0,301,0.99,0.446205,0.99,114756,10,26,0.00973834,0.00270019,0.9013169720772615,0.9480366475292442
200000.0,260,0.99,0.550886,0.961649,96853,10,24,0.00972876,0.00743465,0.9013655232689908,0.9137755835044389
200000.0,260,0.99,0.550886,0.96532,107017,10,20,0.00973122,0.00594433,0.9013530537725571,0.92290051880849
200000.0,260,0.99,0.550886,0.957476,107017,10,29,0.00973095,0.00714244,0.9013544222988177,0.9154870424136038
200000.0,260,0.99,0.550886,0.961649,107017,10,24,0.00973113,0.00649069,0.9013535099458678,0.9194351813754912
200000.0,350,0.99,0.366914,0.99,157052,10,28,0.00985807,0.000929543,0.9007121860448122,0.969511592366934
200000.0,310,0.99,0.426354,0.99,131380,10,24,0.00978884,0.0018723,0.9010614332022138,0.9567299179570918
200000.0,260,0.99,0.550886,0.961649,107017,10,24,0.00973113,0.00649069,0.9013535099458678,0.9194351813754912
206574.0,313,0.99,0.401642,0.99,175134,10,23,0.00989587,0.000587037,0.9005220124851734,0.9757711535561431
200000.0,359,0.99,0.356479,0.99,146860,10,28,0.00982739,0.00128815,0.9008668067698815,0.9641091933776907
200000.0,352,0.99,0.382211,0.99,152201,10,20,0.0098535,0.00102058,0.9007352026144213,0.9680534821928899
203314.0,250,0.99,0.520629,0.99,193684,13,30,0.00996807,0.000187249,0.9001597776444784,0.9863161043558495
200016.0,287,0.99,0.444343,0.99,176920,10,23,0.00991996,0.00042902,0.9004010040211248,0.9792872020238694
200000.0,293,0.99,0.423922,0.99,190040,10,25,0.00996214,0.000201167,0.9001894795124281,0.9858166647081866
200065.0,307,0.99,0.417876,0.99,188060,10,11,0.00995656,0.000221392,0.9002174363929248,0.98512075270721
200000.0,180,0.01,0.549435,0.972938,185117,18,34,0.00997705,1.23875e-05,0.90011481591347,0.9964804119559244
203100.0,309,0.99,0.39545,0.99,179249,10,21,0.00991423,0.000453337,0.9004297735264201,0.978708287997439
200000.0,310,0.99,0.43692,0.99,116397,10,26,0.00974585,0.00256953,0.9012789282878271,0.9493094683397383
200000.0,309,0.99,0.39545,0.99,187243,10,14,0.00995092,0.000232704,0.900245701846988,0.9847453613612122
200000.0,294,0.99,0.444064,0.99,147158,10,15,0.00983422,0.00124259,0.9008323641503944,0.9647496099312363
200000.0,301,0.99,0.446205,0.99,115530,10,28,0.00974107,0.0026542,0.9013031408807758,0.9484810714397126
200000.0,215,0.01,0.501716,0.972938,194600,14,34,0.00999344,5.35038e-09,0.9000328053809651,0.999926853708228
200000.0,295,0.99,0.444064,0.99,139484,10,28,0.00981238,0.00153484,0.9009425419264152,0.9608229659111361
200000.0,302,0.99,0.436371,0.99,119082,10,23,0.00974886,0.00252495,0.9012636844924827,0.9497511194154536
200000.0,287,0.99,0.444064,0.99,136134,10,28,0.00979835,0.00175065,0.9010133847431886,0.9581592304086074
200000.0,142,0.01,0.549435,0.977475,185117,18,34,0.00997371,0.000133011,0.9001315365092664,0.9884669605047065
200000.0,343,0.99,0.354877,0.99,162049,10,20,0.00986746,0.000839716,0.9006649105300649,0.971022146387284
200000.0,334,0.99,0.364095,0.99,168877,10,20,0.00988853,0.000644818,0.9005589119126304,0.9746067331758987
200000.0,260,0.99,0.550886,0.956255,107017,10,22,0.00973067,0.00734143,0.9013558415312899,0.9143178548354443
200000.0,349,0.99,0.354877,0.99,153501,10,20,0.00984297,0.00110033,0.9007882567434681,0.9668287775323248
200000.0,318,0.99,0.446205,0.99,119407,10,28,0.00977002,0.00223531,0.9011565884846137,0.9527209348654185
200000.0,311,0.99,0.434913,0.99,176419,10,22,0.0099263,0.000412119,0.9003691814748067,0.9796992857268518
202286.0,301,0.99,0.417876,0.99,187578,10,24,0.00994672,0.000278182,0.9002667557932662,0.983321211075141
202286.0,301,0.99,0.417876,0.989999,164758,10,25,0.00987519,0.000771506,0.9006260094390891,0.9722240031682029
200000.0,307,0.99,0.428767,0.99,127233,10,33,0.00977528,0.00208705,0.9011299843228494,0.954315757640079
202286.0,301,0.99,0.417876,0.99,186367,10,19,0.00994264,0.000296667,0.9002872124549715,0.9827759760799052
206574.0,313,0.99,0.401642,0.99,167087,10,23,0.00987268,0.000790838,0.9006386393007825,0.9718781579550698
200000.0,359,0.99,0.354877,0.99,150939,10,29,0.00983858,0.00114535,0.9008103836079603,0.9661569800401915
200000.0,302,0.99,0.429414,0.989994,137201,10,21,0.0098032,0.00165778,0.900988889512338,0.9592841554183141
200000.0,375,0.99,0.344281,0.99,164587,10,15,0.00988036,0.00070714,0.9006,0.9734078959087477
200000.0,352,0.99,0.366914,0.99,142080,10,22,0.00981502,0.00145909,0.9009292172232398,0.9618019634012427
200000.0,370,0.99,0.354877,0.99,143812,10,20,0.00982278,0.00135618,0.900890061043304,0.9631736507375493
207712.0,307,0.99,0.41896,0.99,188911,10,14,0.00993827,0.000325703,0.9003091277999836,0.9819527564431573
200000.0,162,0.01,0.520188,0.989824,190814,27,15,0.00998551,7.96943e-06,0.9000724762640443,0.9971769821112859
200000.0,301,0.99,0.446205,0.99,122668,10,28,0.00976511,0.00225607,0.9011814288708848,0.9525018947746333
200000.0,301,0.99,0.446205,0.99,114756,10,26,0.00973834,0.00270019,0.9013169720772615,0.9480366475292442
200000.0,375,0.99,0.33571,0.99,144697,10,15,0.00981796,0.00140888,0.9009143804581109,0.9624649497136343
200000.0,304,0.99,0.415971,0.99,173248,10,22,0.00990667,0.000510973,0.9004677439218823,0.9773952881018139
200000.0,168,0.01,0.501435,0.917561,190897,18,33,0.00998578,1.16111e-08,0.9000711252940372,0.9998922451857224
200000.0,310,0.99,0.43692,0.99,118587,10,27,0.00975332,0.00244601,0.9012411016667359,0.9505428468267734
200000.0,343,0.99,0.354877,0.99,162049,10,20,0.00986746,0.000839716,0.9006649105300649,0.971022146387284
200000.0,345,0.99,0.403458,0.99,119407,10,26,0.00976308,0.00230219,0.9011917007534286,0.9520188578710344
200000.0,301,0.99,0.426354,0.99,131380,10,24,0.0097839,0.00195928,0.9010864013393507,0.955736245075683
201683.0,302,0.99,0.429414,0.99,137201,10,21,0.00980119,0.00169644,0.9009990404086909,0.9588121377102429
200000.0,308,0.99,0.428055,0.99,126167,10,26,0.00977203,0.00213694,0.9011464214102494,0.9537729516408413
200000.0,326,0.99,0.428767,0.99,126167,10,33,0.00978681,0.00195396,0.9010716926254169,0.955796380238718
202286.0,272,0.99,0.417876,0.99,182267,10,20,0.00992969,0.000410087,0.9003521701189634,0.979749395070764
200000.0,350,0.99,0.354877,0.99,150939,10,29,0.00983586,0.00118864,0.900824095668353,0.9655233412291736
200000.0,304,0.99,0.402552,0.99,181689,10,23,0.00993174,0.000344302,0.9003418844247996,0.9814446234206902
204746.0,309,0.99,0.39545,0.99,179249,10,19,0.00990974,0.000483696,0.9004523229803929,0.9780069101761485
200000.0,304,0.99,0.419033,0.99,181689,10,23,0.00993472,0.000339266,0.9003269344306096,0.9815808252084953
200000.0,304,0.99,0.415971,0.99,171487,10,22,0.00990116,0.000549917,0.9004954272407544,0.9765496908335946
200000.0,198,0.01,0.501435,0.917561,198181,18,33,0.00999709,2.14755e-09,0.9000145510586666,0.9999536583340826
200000.0,168,0.01,0.549435,0.972938,185117,18,33,0.00997482,4.78373e-05,0.9001259793539882,0.9930835485977273
202286.0,298,0.99,0.417876,0.989999,173973,10,12,0.00990181,0.00054949,0.9004921611128047,0.9765587969592002
200038.0,301,0.99,0.428767,0.99,138928,10,31,0.00980778,0.00159436,0.9009657634956476,0.9600705622378677
200000.0,310,0.99,0.426354,0.99,128729,10,24,0.00978055,0.00200025,0.9011033367600302,0.9552758454523733
200000.0,287,0.99,0.444064,0.99,136134,10,28,0.00979835,0.00175065,0.9010133847431886,0.9581592304086074
200000.0,360,0.99,0.354877,0.99,144697,10,29,0.00982077,0.00137598,0.9009002018165526,0.9629057956009298
200000.0,301,0.99,0.428767,0.99,138928,10,31,0.00980784,0.00159353,0.9009654605705666,0.9600809569252969
200000.0,320,0.99,0.417646,0.99,150318,10,23,0.00984747,0.00109141,0.9007655805680307,0.9669635050285295
200000.0,260,0.99,0.550886,0.957476,107017,10,26,0.00973088,0.00714298,0.9013547771050214,0.9154838476976146
200000.0,310,0.99,0.426354,0.99,128729,10,24,0.00978055,0.00200025,0.9011033367600302,0.9552758454523733
200000.0,315,0.99,0.401642,0.99,167087,10,18,0.00988712,0.000656892,0.9005660017901321,0.9743700955912824
201154.0,313,0.99,0.401642,0.99,167087,10,20,0.00988385,0.000686682,0.9005824462179842,0.9737953820863574
200000.0,301,0.99,0.446205,0.99,121084,10,26,0.00975985,0.00234069,0.9012080468863987,0.9516193220386485
200000.0,197,0.0212401,0.643389,0.99,200000,21,14,0.0100004,1.00407e-11,0.8999980000199996,0.9999968312936394
200000.0,197,0.0212401,0.643389,0.99,200000,21,14,0.0100004,1.00407e-11,0.8999980000199996,0.9999968312936394
200000.0,259,0.99,0.588925,0.946441,96853,10,24,0.00971518,0.0095682,0.901434387335136,0.9021828235942173
200000.0,260,0.99,0.550886,0.968074,107017,10,22,0.00973147,0.0055473,0.9013517866355402,0.9255198012892017
200000.0,301,0.99,0.446205,0.99,114756,10,26,0.00973834,0.00270019,0.9013169720772615,0.9480366475292442
200000.0,260,0.99,0.550886,0.961649,96853,10,24,0.00972876,0.00743465,0.9013655232689908,0.9137755835044389
200000.0,259,0.99,0.588925,0.946441,96853,10,26,0.00971526,0.00956753,0.9014339815149257,0.9021862484105635
200000.0,260,0.99,0.550886,0.96532,107017,10,20,0.00973122,0.00594433,0.9013530537725571,0.92290051880849
200000.0,260,0.99,0.550886,0.957476,107017,10,29,0.00973095,0.00714244,0.9013544222988177,0.9154870424136038
200000.0,260,0.99,0.550886,0.961649,107017,10,24,0.00973113,0.00649069,0.9013535099458678,0.9194351813754912
200000.0,350,0.99,0.366914,0.99,157052,10,28,0.00985807,0.000929543,0.9007121860448122,0.969511592366934
200000.0,310,0.99,0.426354,0.99,131380,10,24,0.00978884,0.0018723,0.9010614332022138,0.9567299179570918
200000.0,310,0.99,0.43692,0.99,118587,10,27,0.00975332,0.00244601,0.9012411016667359,0.9505428468267734
200000.0,260,0.99,0.550886,0.961649,107017,10,24,0.00973113,0.00649069,0.9013535099458678,0.9194351813754912
206574.0,313,0.99,0.401642,0.99,175134,10,23,0.00989587,0.000587037,0.9005220124851734,0.9757711535561431
200000.0,301,0.99,0.446205,0.99,121084,10,26,0.00975985,0.00234069,0.9012080468863987,0.9516193220386485
200016.0,287,0.99,0.444343,0.99,176920,10,23,0.00991996,0.00042902,0.9004010040211248,0.9792872020238694
200000.0,320,0.99,0.417646,0.99,150318,10,23,0.00984747,0.00109141,0.9007655805680307,0.9669635050285295
200000.0,307,0.99,0.428767,0.99,127233,10,33,0.00977528,0.00208705,0.9011299843228494,0.954315757640079
200000.0,293,0.99,0.423922,0.99,190040,10,25,0.00996214,0.000201167,0.9001894795124281,0.9858166647081866
200065.0,307,0.99,0.417876,0.99,188060,10,11,0.00995656,0.000221392,0.9002174363929248,0.98512075270721
200000.0,260,0.99,0.550886,0.968074,107017,10,20,0.00973138,0.0055485,0.9013522428029912,0.9255117458923892
200000.0,180,0.01,0.549435,0.972938,185117,18,34,0.00997705,1.23875e-05,0.90011481591347,0.9964804119559244
203100.0,309,0.99,0.39545,0.99,179249,10,21,0.00991423,0.000453337,0.9004297735264201,0.978708287997439
200000.0,359,0.99,0.356479,0.99,146860,10,28,0.00982739,0.00128815,0.9008668067698815,0.9641091933776907
200000.0,310,0.99,0.43692,0.99,116397,10,26,0.00974585,0.00256953,0.9012789282878271,0.9493094683397383
200000.0,309,0.99,0.39545,0.99,187243,10,14,0.00995092,0.000232704,0.900245701846988,0.9847453613612122
200000.0,215,0.01,0.501716,0.972938,194600,14,34,0.00999344,5.35038e-09,0.9000328053809651,0.999926853708228
200000.0,375,0.99,0.344281,0.99,164587,10,15,0.00988036,0.00070714,0.9006,0.9734078959087477
200000.0,302,0.99,0.436371,0.99,119082,10,23,0.00974886,0.00252495,0.9012636844924827,0.9497511194154536
200000.0,287,0.99,0.444064,0.99,136134,10,28,0.00979835,0.00175065,0.9010133847431886,0.9581592304086074
200000.0,343,0.99,0.354877,0.99,162049,10,20,0.00986746,0.000839716,0.9006649105300649,0.971022146387284
200000.0,334,0.99,0.364095,0.99,168877,10,20,0.00988853,0.000644818,0.9005589119126304,0.9746067331758987
200000.0,260,0.99,0.550886,0.956255,107017,10,22,0.00973067,0.00734143,0.9013558415312899,0.9143178548354443
200000.0,349,0.99,0.354877,0.99,153501,10,20,0.00984297,0.00110033,0.9007882567434681,0.9668287775323248
200000.0,318,0.99,0.446205,0.99,119407,10,28,0.00977002,0.00223531,0.9011565884846137,0.9527209348654185
203314.0,250,0.99,0.520629,0.99,193684,13,30,0.00996807,0.000187249,0.9001597776444784,0.9863161043558495
202286.0,301,0.99,0.417876,0.99,187578,10,24,0.00994672,0.000278182,0.9002667557932662,0.983321211075141
202286.0,301,0.99,0.417876,0.99,164758,10,23,0.00987518,0.00077138,0.9006260597540784,0.9722262714062372
202286.0,301,0.99,0.417876,0.99,186367,10,19,0.00994264,0.000296667,0.9002872124549715,0.9827759760799052
206574.0,313,0.99,0.401642,0.99,167087,10,23,0.00987268,0.000790838,0.9006386393007825,0.9718781579550698
200000.0,304,0.99,0.402552,0.99,181689,10,23,0.00993174,0.000344302,0.9003418844247996,0.9814446234206902
200000.0,308,0.99,0.428055,0.99,126167,10,26,0.00977203,0.00213694,0.9011464214102494,0.9537729516408413
204746.0,309,0.99,0.39545,0.99,179249,10,19,0.00990974,0.000483696,0.9004523229803929,0.9780069101761485
207712.0,307,0.99,0.41896,0.99,188911,10,14,0.00993827,0.000325703,0.9003091277999836,0.9819527564431573
200000.0,304,0.99,0.415971,0.99,173248,10,22,0.00990667,0.000510973,0.9004677439218823,0.9773952881018139
200000.0,162,0.01,0.520188,0.989824,190814,27,15,0.00998551,7.96943e-06,0.9000724762640443,0.9971769821112859
200000.0,301,0.99,0.446205,0.99,122668,10,28,0.00976511,0.00225607,0.9011814288708848,0.9525018947746333
200000.0,295,0.99,0.444064,0.99,139484,10,28,0.00981238,0.00153484,0.9009425419264152,0.9608229659111361
200000.0,301,0.99,0.446205,0.99,115530,10,28,0.00974107,0.0026542,0.9013031408807758,0.9484810714397126
200000.0,359,0.99,0.364308,0.99,146860,10,27,0.00983135,0.00124811,0.900846835653117,0.9646713996880715
200000.0,168,0.01,0.501435,0.917561,190897,18,33,0.00998578,1.16111e-08,0.9000711252940372,0.9998922451857224
200000.0,333,0.99,0.359085,0.99,157052,10,28,0.00985345,0.00102869,0.9007354544663605,0.9679268024668571
200000.0,343,0.99,0.354877,0.99,162049,10,20,0.00986746,0.000839716,0.9006649105300649,0.971022146387284
200000.0,370,0.99,0.354877,0.99,143812,10,20,0.00982278,0.00135618,0.900890061043304,0.9631736507375493
200000.0,301,0.99,0.446205,0.99,114756,10,26,0.00973834,0.00270019,0.9013169720772615,0.9480366475292442
200000.0,345,0.99,0.403458,0.99,119407,10,26,0.00976308,0.00230219,0.9011917007534286,0.9520188578710344
200000.0,311,0.99,0.434913,0.99,176419,10,22,0.0099263,0.000412119,0.9003691814748067,0.9796992857268518
200000.0,301,0.99,0.426354,0.99,131380,10,24,0.0097839,0.00195928,0.9010864013393507,0.955736245075683
201683.0,302,0.99,0.429414,0.99,137201,10,21,0.00980119,0.00169644,0.9009990404086909,0.9588121377102429
200000.0,352,0.99,0.382211,0.99,152201,10,20,0.0098535,0.00102058,0.9007352026144213,0.9680534821928899
200000.0,326,0.99,0.428767,0.99,126167,10,33,0.00978681,0.00195396,0.9010716926254169,0.955796380238718
201154.0,313,0.99,0.401642,0.99,167087,10,20,0.00988385,0.000686682,0.9005824462179842,0.9737953820863574
200000.0,312,0.99,0.407948,0.99,179249,10,22,0.00992633,0.000383603,0.9003690309190963,0.980414214337944
200000.0,142,0.01,0.549435,0.977475,181067,19,21,0.00997047,0.000137282,0.9001477591638525,0.9882832598390167
200000.0,350,0.99,0.354877,0.99,150939,10,29,0.00983586,0.00118864,0.900824095668353,0.9655233412291736
200000.0,304,0.99,0.419033,0.99,181689,10,23,0.00993472,0.000339266,0.9003269344306096,0.9815808252084953
200000.0,304,0.99,0.415971,0.99,171487,10,22,0.00990116,0.000549917,0.9004954272407544,0.9765496908335946
200000.0,142,0.01,0.549435,0.977475,185117,18,34,0.00997371,0.000133011,0.9001315365092664,0.9884669605047065
200000.0,198,0.01,0.501435,0.917561,198181,18,33,0.00999709,2.14755e-09,0.9000145510586666,0.9999536583340826
200000.0,168,0.01,0.549435,0.972938,185117,18,33,0.00997482,4.78373e-05,0.9001259793539882,0.9930835485977273
200000.0,352,0.99,0.366914,0.99,142080,10,22,0.00981502,0.00145909,0.9009292172232398,0.9618019634012427
200038.0,301,0.99,0.428767,0.99,138928,10,31,0.00980778,0.00159436,0.9009657634956476,0.9600705622378677
200000.0,310,0.99,0.426354,0.99,128729,10,24,0.00978055,0.00200025,0.9011033367600302,0.9552758454523733
200000.0,302,0.99,0.429414,0.99,137201,10,21,0.00980321,0.00165769,0.9009888390129679,0.9592852606541562
200000.0,287,0.99,0.444064,0.99,136134,10,28,0.00979835,0.00175065,0.9010133847431886,0.9581592304086074
200000.0,301,0.99,0.428767,0.99,138928,10,31,0.00980784,0.00159353,0.9009654605705666,0.9600809569252969
200000.0,260,0.99,0.550886,0.957476,107017,10,26,0.00973088,0.00714298,0.9013547771050214,0.9154838476976146
200000.0,307,0.99,0.41666,0.99,171487,10,19,0.00990242,0.00054382,0.9004890960748522,0.9766800514580327
200000.0,310,0.99,0.426354,0.99,128729,10,24,0.00978055,0.00200025,0.9011033367600302,0.9552758454523733
200000.0,259,0.99,0.588925,0.946441,96853,10,24,0.00971518,0.0095682,0.901434387335136,0.9021828235942173
200000.0,197,0.0212401,0.643389,0.99,200000,21,14,0.0100004,1.00407e-11,0.8999980000199996,0.9999968312936394
200000.0,197,0.0212401,0.643389,0.99,200000,21,14,0.0100004,1.00407e-11,0.8999980000199996,0.9999968312936394
200000.0,280,0.99,0.522698,0.961649,102925,10,27,0.00972332,0.00670779,0.9013931036894478,0.9180989011062733
200000.0,259,0.99,0.588925,0.946441,96853,10,26,0.00971526,0.00956753,0.9014339815149257,0.9021862484105635
200000.0,260,0.99,0.550886,0.968074,107017,10,22,0.00973147,0.0055473,0.9013517866355402,0.9255198012892017
200000.0,301,0.99,0.446205,0.99,114756,10,26,0.00973834,0.00270019,0.9013169720772615,0.9480366475292442
200000.0,350,0.99,0.366914,0.99,157052,10,28,0.00985807,0.000929543,0.9007121860448122,0.969511592366934
200000.0,370,0.99,0.354877,0.99,143812,10,20,0.00982278,0.00135618,0.900890061043304,0.9631736507375493
200000.0,260,0.99,0.550886,0.961649,107017,10,24,0.00973113,0.00649069,0.9013535099458678,0.9194351813754912
200000.0,260,0.99,0.550886,0.96532,107017,10,20,0.00973122,0.00594433,0.9013530537725571,0.92290051880849
200000.0,350,0.99,0.354877,0.99,150939,10,29,0.00983586,0.00118864,0.900824095668353,0.9655233412291736
200000.0,352,0.99,0.366914,0.99,142080,10,22,0.00981502,0.00145909,0.9009292172232398,0.9618019634012427
200000.0,349,0.99,0.354877,0.99,153501,10,20,0.00984297,0.00110033,0.9007882567434681,0.9668287775323248
200000.0,310,0.99,0.43692,0.99,118587,10,27,0.00975332,0.00244601,0.9012411016667359,0.9505428468267734
200000.0,260,0.99,0.549834,0.961649,107017,10,24,0.00973048,0.0065031,0.9013568045935251,0.9193581994248641
200000.0,287,0.99,0.444064,0.99,134876,10,28,0.00979452,0.00180968,0.9010327326839829,0.9574596661978305
200000.0,320,0.99,0.417646,0.99,150318,10,23,0.00984747,0.00109141,0.9007655805680307,0.9669635050285295
200000.0,307,0.99,0.428767,0.99,127233,10,33,0.00977528,0.00208705,0.9011299843228494,0.954315757640079
206574.0,313,0.99,0.401642,0.99,175134,10,23,0.00989587,0.000587037,0.9005220124851734,0.9757711535561431
200000.0,260,0.99,0.550886,0.968074,107017,10,20,0.00973138,0.0055485,0.9013522428029912,0.9255117458923892
200000.0,310,0.99,0.426354,0.99,131380,10,24,0.00978884,0.0018723,0.9010614332022138,0.9567299179570918
200000.0,260,0.99,0.550886,0.96532,107017,10,20,0.00973122,0.00594433,0.9013530537725571,0.92290051880849
200000.0,180,0.01,0.549435,0.972938,185117,18,34,0.00997705,1.23875e-05,0.90011481591347,0.9964804119559244
203100.0,309,0.99,0.39545,0.99,179249,10,21,0.00991423,0.000453337,0.9004297735264201,0.978708287997439
200000.0,310,0.99,0.43692,0.99,116397,10,26,0.00974585,0.00256953,0.9012789282878271,0.9493094683397383
200000.0,309,0.99,0.39545,0.99,187243,10,14,0.00995092,0.000232704,0.900245701846988,0.9847453613612122
200000.0,301,0.99,0.446205,0.99,115530,10,28,0.00974107,0.0026542,0.9013031408807758,0.9484810714397126
200000.0,215,0.01,0.501716,0.972938,194600,14,34,0.00999344,5.35038e-09,0.9000328053809651,0.999926853708228
200065.0,307,0.99,0.417876,0.99,188060,10,11,0.00995656,0.000221392,0.9002174363929248,0.98512075270721
200000.0,375,0.99,0.344281,0.99,164587,10,15,0.00988036,0.00070714,0.9006,0.9734078959087477
200000.0,343,0.99,0.354877,0.99,162049,10,20,0.00986746,0.000839716,0.9006649105300649,0.971022146387284
200000.0,318,0.99,0.446205,0.99,119407,10,28,0.00977002,0.00223531,0.9011565884846137,0.9527209348654185
202286.0,301,0.99,0.417876,0.99,187578,10,24,0.00994672,0.000278182,0.9002667557932662,0.983321211075141
200016.0,287,0.99,0.444343,0.99,176920,10,23,0.00991996,0.00042902,0.9004010040211248,0.9792872020238694
200000.0,359,0.99,0.364308,0.99,146860,10,27,0.00983135,0.00124811,0.900846835653117,0.9646713996880715
201154.0,313,0.99,0.401642,0.99,167087,10,20,0.00988385,0.000686682,0.9005824462179842,0.9737953820863574
202286.0,301,0.99,0.417876,0.99,186367,10,19,0.00994264,0.000296667,0.9002872124549715,0.9827759760799052
200000.0,310,0.99,0.456989,0.99,116397,10,26,0.00975962,0.00239726,0.9012092109556766,0.951038178138472
200000.0,302,0.99,0.429414,0.99,137201,10,21,0.00980321,0.00165769,0.9009888390129679,0.9592852606541562
204746.0,309,0.99,0.39545,0.99,179249,10,19,0.00990974,0.000483696,0.9004523229803929,0.9780069101761485
200000.0,304,0.99,0.415971,0.99,173248,10,22,0.00990667,0.000510973,0.9004677439218823,0.9773952881018139
200000.0,312,0.99,0.407948,0.99,179249,10,22,0.00992633,0.000383603,0.9003690309190963,0.980414214337944
200000.0,334,0.99,0.364095,0.99,168877,10,20,0.00988853,0.000644818,0.9005589119126304,0.9746067331758987
200000.0,313,0.99,0.415545,0.99,167087,10,23,0.00989141,0.000636212,0.9005444320311828,0.9747767567509648
202286.0,301,0.99,0.417876,0.99,164758,10,23,0.00987518,0.00077138,0.9006260597540784,0.9722262714062372
200000.0,162,0.01,0.520188,0.989824,190814,27,15,0.00998551,7.96943e-06,0.9000724762640443,0.9971769821112859
207712.0,307,0.99,0.41896,0.99,188911,10,14,0.00993827,0.000325703,0.9003091277999836,0.9819527564431573
200000.0,301,0.99,0.446205,0.99,114756,10,26,0.00973834,0.00270019,0.9013169720772615,0.9480366475292442
200000.0,168,0.01,0.501435,0.917561,190897,18,33,0.00998578,1.16111e-08,0.9000711252940372,0.9998922451857224
200000.0,333,0.99,0.359085,0.99,157052,10,28,0.00985345,0.00102869,0.9007354544663605,0.9679268024668571
200000.0,359,0.99,0.356479,0.99,146860,10,28,0.00982739,0.00128815,0.9008668067698815,0.9641091933776907
200000.0,343,0.99,0.354877,0.99,162049,10,20,0.00986746,0.000839716,0.9006649105300649,0.971022146387284
206574.0,313,0.99,0.401642,0.99,167087,10,23,0.00987268,0.000790838,0.9006386393007825,0.9718781579550698
200000.0,304,0.99,0.415971,0.99,171487,10,22,0.00990116,0.000549917,0.9004954272407544,0.9765496908335946
200000.0,301,0.99,0.446205,0.99,122668,10,28,0.00976511,0.00225607,0.9011814288708848,0.9525018947746333
200000.0,304,0.99,0.413378,0.99,178487,10,23,0.00992287,0.000404201,0.9003863965113198,0.9798952493176364
200000.0,301,0.99,0.426354,0.99,131380,10,24,0.0097839,0.00195928,0.9010864013393507,0.955736245075683
201683.0,302,0.99,0.429414,0.99,137201,10,21,0.00980119,0.00169644,0.9009990404086909,0.9588121377102429
200000.0,352,0.99,0.382211,0.99,152201,10,20,0.0098535,0.00102058,0.9007352026144213,0.9680534821928899
200000.0,326,0.99,0.428767,0.99,126167,10,33,0.00978681,0.00195396,0.9010716926254169,0.955796380238718
203314.0,250,0.99,0.520629,0.99,193684,13,30,0.00996807,0.000187249,0.9001597776444784,0.9863161043558495
200000.0,293,0.99,0.423922,0.99,190040,10,25,0.00996214,0.000201167,0.9001894795124281,0.9858166647081866
200000.0,142,0.01,0.549435,0.977475,181067,19,21,0.00997047,0.000137282,0.9001477591638525,0.9882832598390167
200000.0,142,0.01,0.549435,0.977475,185117,18,34,0.00997371,0.000133011,0.9001315365092664,0.9884669605047065
200000.0,198,0.01,0.501435,0.917561,198181,18,33,0.00999709,2.14755e-09,0.9000145510586666,0.9999536583340826
200000.0,168,0.01,0.549435,0.972938,185117,18,33,0.00997482,4.78373e-05,0.9001259793539882,0.9930835485977273
200000.0,302,0.99,0.436371,0.99,119082,10,26,0.00974894,0.00252458,0.9012632793738824,0.9497548012243956
200000.0,307,0.99,0.41666,0.99,171487,10,19,0.00990242,0.00054382,0.9004890960748522,0.9766800514580327
202286.0,301,0.99,0.417876,0.99,182821,11,19,0.00993097,0.000370182,0.9003457477073858,0.9807598856552254
200038.0,301,0.99,0.428767,0.99,138928,10,31,0.00980778,0.00159436,0.9009657634956476,0.9600705622378677
200000.0,310,0.99,0.426354,0.99,128729,10,24,0.00978055,0.00200025,0.9011033367600302,0.9552758454523733
200000.0,294,0.99,0.444064,0.99,139484,10,28,0.00981179,0.00154256,0.9009455200407371,0.9607245623830873
200000.0,301,0.99,0.446205,0.99,121084,10,26,0.00975985,0.00234069,0.9012080468863987,0.9516193220386485
200160.0,293,0.99,0.423922,0.99,190040,10,26,0.0099616,0.000215217,0.900192184674746,0.985329723928978
200000.0,310,0.99,0.426354,0.99,128729,10,24,0.00978055,0.00200025,0.9011033367600302,0.9552758454523733
200000.0,301,0.99,0.428767,0.99,138928,10,31,0.00980784,0.00159353,0.9009654605705666,0.9600809569252969
200000.0,345,0.99,0.403458,0.99,119407,10,26,0.00976308,0.00230219,0.9011917007534286,0.9520188578710344
200000.0,287,0.99,0.444064,0.99,136134,10,28,0.00979835,0.00175065,0.9010133847431886,0.9581592304086074
200000.0,359,0.99,0.356479,0.99,147196,10,28,0.00982837,0.00127535,0.9008618640481878,0.9642879572132873
200000.0,197,0.0212401,0.643389,0.99,200000,21,14,0.0100004,1.00407e-11,0.8999980000199996,0.9999968312936394
200000.0,259,0.99,0.588925,0.946441,96853,10,24,0.00971518,0.0095682,0.901434387335136,0.9021828235942173
200000.0,197,0.0212401,0.643389,0.99,200000,21,14,0.0100004,1.00407e-11,0.8999980000199996,0.9999968312936394
200000.0,259,0.99,0.588925,0.946441,96853,10,24,0.00971518,0.0095682,0.901434387335136,0.9021828235942173
200000.0,280,0.99,0.522698,0.961649,102925,10,27,0.00972332,0.00670779,0.9013931036894478,0.9180989011062733
200000.0,259,0.99,0.588925,0.946441,96853,10,27,0.00971528,0.00956712,0.9014338800601343,0.9021883442528448
200000.0,321,0.99,0.456286,0.968074,107017,10,12,0.00973719,0.00543707,0.9013227989857839,0.9262635097119479
200000.0,301,0.99,0.446205,0.99,114756,10,26,0.00973834,0.00270019,0.9013169720772615,0.9480366475292442
200000.0,260,0.99,0.550886,0.961649,107017,10,24,0.00973113,0.00649069,0.9013535099458678,0.9194351813754912
200000.0,352,0.99,0.366914,0.99,142080,10,22,0.00981502,0.00145909,0.9009292172232398,0.9618019634012427
200000.0,260,0.99,0.550886,0.96532,107017,10,20,0.00973122,0.00594433,0.9013530537725571,0.92290051880849
200000.0,318,0.99,0.446205,0.99,119407,10,28,0.00977002,0.00223531,0.9011565884846137,0.9527209348654185
207712.0,307,0.99,0.41896,0.99,188911,10,14,0.00993827,0.000325703,0.9003091277999836,0.9819527564431573
200000.0,349,0.99,0.354877,0.99,153501,10,20,0.00984297,0.00110033,0.9007882567434681,0.9668287775323248
200000.0,260,0.99,0.549834,0.961649,107017,10,24,0.00973048,0.0065031,0.9013568045935251,0.9193581994248641
200000.0,296,0.99,0.417876,0.99,180791,10,10,0.00992953,0.000366416,0.9003529729495154,0.9808580042837743
206574.0,313,0.99,0.401642,0.99,175134,10,23,0.00989587,0.000587037,0.9005220124851734,0.9757711535561431
200000.0,287,0.99,0.444064,0.99,134876,10,28,0.00979452,0.00180968,0.9010327326839829,0.9574596661978305
200000.0,320,0.99,0.417646,0.99,150318,10,23,0.00984747,0.00109141,0.9007655805680307,0.9669635050285295
200000.0,260,0.99,0.550886,0.968074,107017,10,20,0.00973138,0.0055485,0.9013522428029912,0.9255117458923892
200000.0,310,0.99,0.426354,0.99,131380,10,24,0.00978884,0.0018723,0.9010614332022138,0.9567299179570918
200000.0,260,0.99,0.550886,0.96532,107017,10,20,0.00973122,0.00594433,0.9013530537725571,0.92290051880849
200000.0,180,0.01,0.549435,0.972938,185117,18,34,0.00997705,1.23875e-05,0.90011481591347,0.9964804119559244
203100.0,309,0.99,0.39545,0.99,179249,10,21,0.00991423,0.000453337,0.9004297735264201,0.978708287997439
200000.0,310,0.99,0.43692,0.99,116397,10,26,0.00974585,0.00256953,0.9012789282878271,0.9493094683397383
200000.0,309,0.99,0.39545,0.99,187243,10,14,0.00995092,0.000232704,0.900245701846988,0.9847453613612122
200000.0,301,0.99,0.446205,0.99,115530,10,28,0.00974107,0.0026542,0.9013031408807758,0.9484810714397126
200000.0,215,0.01,0.501716,0.972938,194600,14,34,0.00999344,5.35038e-09,0.9000328053809651,0.999926853708228
200065.0,307,0.99,0.417876,0.99,188060,10,11,0.00995656,0.000221392,0.9002174363929248,0.98512075270721
200000.0,375,0.99,0.344281,0.99,164587,10,15,0.00988036,0.00070714,0.9006,0.9734078959087477
200000.0,294,0.99,0.444064,0.99,139484,10,28,0.00981179,0.00154256,0.9009455200407371,0.9607245623830873
200000.0,304,0.99,0.427931,0.99,157673,10,28,0.00986403,0.000894418,0.9006821768261104,0.9700931780357726
200000.0,370,0.99,0.354877,0.99,143812,10,20,0.00982278,0.00135618,0.900890061043304,0.9631736507375493
203314.0,250,0.99,0.520629,0.99,193684,13,30,0.00996807,0.000187249,0.9001597776444784,0.9863161043558495
202286.0,301,0.99,0.417876,0.99,164758,10,23,0.00987518,0.00077138,0.9006260597540784,0.9722262714062372
200000.0,287,0.99,0.444064,0.99,136134,10,28,0.00979835,0.00175065,0.9010133847431886,0.9581592304086074
201154.0,313,0.99,0.401642,0.99,167087,10,20,0.00988385,0.000686682,0.9005824462179842,0.9737953820863574
200000.0,359,0.99,0.364308,0.99,146860,10,27,0.00983135,0.00124811,0.900846835653117,0.9646713996880715
200000.0,350,0.99,0.354877,0.99,150939,10,29,0.00983586,0.00118864,0.900824095668353,0.9655233412291736
200000.0,302,0.99,0.436371,0.99,119082,10,26,0.00974894,0.00252458,0.9012632793738824,0.9497548012243956
200000.0,307,0.99,0.428767,0.99,127233,10,33,0.00977528,0.00208705,0.9011299843228494,0.954315757640079
200000.0,302,0.99,0.429414,0.99,137201,10,21,0.00980321,0.00165769,0.9009888390129679,0.9592852606541562
200000.0,310,0.99,0.456989,0.99,116397,10,26,0.00975962,0.00239726,0.9012092109556766,0.951038178138472
204746.0,309,0.99,0.39545,0.99,179249,10,19,0.00990974,0.000483696,0.9004523229803929,0.9780069101761485
200000.0,260,0.99,0.550886,0.968074,107017,10,22,0.00973147,0.0055473,0.9013517866355402,0.9255198012892017
200000.0,304,0.99,0.415971,0.99,173248,10,22,0.00990667,0.000510973,0.9004677439218823,0.9773952881018139
200000.0,162,0.01,0.520188,0.989824,190814,27,15,0.00998551,7.96943e-06,0.9000724762640443,0.9971769821112859
200000.0,375,0.99,0.344281,0.99,167726,10,22,0.00989002,0.0006261,0.9005514203218568,0.974978009671491
200000.0,301,0.99,0.446205,0.99,122668,10,28,0.00976511,0.00225607,0.9011814288708848,0.9525018947746333
200000.0,168,0.01,0.501435,0.917561,190897,18,33,0.00998578,1.16111e-08,0.9000711252940372,0.9998922451857224
200000.0,334,0.99,0.364095,0.99,168877,10,20,0.00988853,0.000644818,0.9005589119126304,0.9746067331758987
200000.0,307,0.99,0.428767,0.99,127233,10,33,0.00977528,0.00208705,0.9011299843228494,0.954315757640079
200000.0,304,0.99,0.415971,0.99,171487,10,22,0.00990116,0.000549917,0.9004954272407544,0.9765496908335946
200000.0,345,0.99,0.403458,0.99,119407,10,26,0.00976308,0.00230219,0.9011917007534286,0.9520188578710344
200000.0,310,0.99,0.43692,0.99,118587,10,29,0.00975336,0.00244601,0.9012408991535463,0.9505428468267734
202286.0,301,0.99,0.417876,0.99,186367,10,19,0.00994264,0.000296667,0.9002872124549715,0.9827759760799052
202286.0,301,0.99,0.417876,0.99,187578,10,24,0.00994672,0.000278182,0.9002667557932662,0.983321211075141
200000.0,350,0.99,0.366914,0.99,157052,10,28,0.00985807,0.000929543,0.9007121860448122,0.969511592366934
201683.0,302,0.99,0.429414,0.99,137201,10,21,0.00980119,0.00169644,0.9009990404086909,0.9588121377102429
200000.0,326,0.99,0.428767,0.99,126167,10,33,0.00978681,0.00195396,0.9010716926254169,0.955796380238718
200000.0,293,0.99,0.423922,0.99,190040,10,25,0.00996214,0.000201167,0.9001894795124281,0.9858166647081866
200000.0,334,0.99,0.364095,0.99,158699,10,20,0.00985796,0.000948139,0.9007127399914773,0.9692081341909913
200000.0,142,0.01,0.549435,0.977475,181067,19,21,0.00997047,0.000137282,0.9001477591638525,0.9882832598390167
200000.0,304,0.99,0.413378,0.99,178487,10,23,0.00992287,0.000404201,0.9003863965113198,0.9798952493176364
200000.0,142,0.01,0.549435,0.977475,185117,18,34,0.00997371,0.000133011,0.9001315365092664,0.9884669605047065
200000.0,198,0.01,0.501435,0.917561,198181,18,33,0.00999709,2.14755e-09,0.9000145510586666,0.9999536583340826
206574.0,313,0.99,0.401642,0.99,167087,10,23,0.00987268,0.000790838,0.9006386393007825,0.9718781579550698
200000.0,168,0.01,0.549435,0.972938,185117,18,33,0.00997482,4.78373e-05,0.9001259793539882,0.9930835485977273
200000.0,352,0.99,0.382211,0.99,152201,10,20,0.0098535,0.00102058,0.9007352026144213,0.9680534821928899
200000.0,323,0.99,0.43692,0.99,114961,10,25,0.00975315,0.00248908,0.9012419623524242,0.9501093195075473
200000.0,343,0.99,0.364558,0.99,162049,10,20,0.00986934,0.000809404,0.900655448060802,0.9715499736379736
200000.0,307,0.99,0.41666,0.99,171487,10,19,0.00990242,0.00054382,0.9004890960748522,0.9766800514580327
206824.0,350,0.99,0.354877,0.99,150939,10,25,0.00982412,0.00134216,0.9008833011042034,0.963364498092697
200038.0,301,0.99,0.428767,0.99,138928,10,31,0.00980778,0.00159436,0.9009657634956476,0.9600705622378677
200016.0,287,0.99,0.444343,0.99,176920,10,23,0.00991996,0.00042902,0.9004010040211248,0.9792872020238694
200000.0,301,0.99,0.446205,0.99,121084,10,26,0.00975985,0.00234069,0.9012080468863987,0.9516193220386485
200000.0,350,0.99,0.354877,0.99,150939,10,22,0.00983577,0.00118887,0.9008245494086364,0.9655200058004645
200000.0,359,0.99,0.356479,0.99,146860,10,28,0.00982739,0.00128815,0.9008668067698815,0.9641091933776907
200000.0,310,0.99,0.426354,0.99,128729,10,24,0.00978055,0.00200025,0.9011033367600302,0.9552758454523733
200000.0,333,0.99,0.359085,0.99,157052,10,28,0.00985345,0.00102869,0.9007354544663605,0.9679268024668571
200000.0,259,0.99,0.588925,0.946441,96853,10,24,0.00971518,0.0095682,0.901434387335136,0.9021828235942173
200000.0,197,0.0212401,0.643389,0.99,200000,21,14,0.0100004,1.00407e-11,0.8999980000199996,0.9999968312936394
200000.0,259,0.99,0.588925,0.946441,96853,10,24,0.00971518,0.0095682,0.901434387335136,0.9021828235942173
200000.0,197,0.0212401,0.643389,0.99,200000,21,14,0.0100004,1.00407e-11,0.8999980000199996,0.9999968312936394
200000.0,280,0.99,0.522698,0.961649,102925,10,27,0.00972332,0.00670779,0.9013931036894478,0.9180989011062733
200000.0,259,0.99,0.588925,0.946441,96853,10,27,0.00971528,0.00956712,0.9014338800601343,0.9021883442528448
200000.0,321,0.99,0.456286,0.968074,107017,10,12,0.00973719,0.00543707,0.9013227989857839,0.9262635097119479
200000.0,301,0.99,0.446205,0.99,114756,10,26,0.00973834,0.00270019,0.9013169720772615,0.9480366475292442
200000.0,260,0.99,0.550886,0.96532,107017,10,20,0.00973122,0.00594433,0.9013530537725571,0.92290051880849
200000.0,260,0.99,0.550886,0.961649,107017,10,24,0.00973113,0.00649069,0.9013535099458678,0.9194351813754912
200000.0,310,0.99,0.426354,0.99,128729,10,24,0.00978055,0.00200025,0.9011033367600302,0.9552758454523733
200000.0,352,0.99,0.366914,0.99,158430,10,22,0.00986298,0.000880326,0.9006874630270679,0.9703297118315308
200000.0,349,0.99,0.354877,0.99,153501,10,20,0.00984297,0.00110033,0.9007882567434681,0.9668287775323248
200000.0,287,0.99,0.444064,0.99,134876,10,28,0.00979452,0.00180968,0.9010327326839829,0.9574596661978305
200000.0,320,0.99,0.417646,0.99,150318,10,23,0.00984747,0.00109141,0.9007655805680307,0.9669635050285295
200000.0,293,0.99,0.423922,0.99,190040,10,25,0.00996214,0.000201167,0.9001894795124281,0.9858166647081866
200000.0,343,0.99,0.364558,0.99,162049,10,20,0.00986934,0.000809404,0.900655448060802,0.9715499736379736
200065.0,307,0.99,0.417876,0.99,188060,10,11,0.00995656,0.000221392,0.9002174363929248,0.98512075270721
200000.0,326,0.99,0.428767,0.99,126167,10,33,0.00978681,0.00195396,0.9010716926254169,0.955796380238718
200000.0,260,0.99,0.550886,0.968074,107017,10,20,0.00973138,0.0055485,0.9013522428029912,0.9255117458923892
200000.0,310,0.99,0.426354,0.99,131380,10,24,0.00978884,0.0018723,0.9010614332022138,0.9567299179570918
200000.0,260,0.99,0.550886,0.96532,107017,10,20,0.00973122,0.00594433,0.9013530537725571,0.92290051880849
200000.0,180,0.01,0.549435,0.972938,185117,18,34,0.00997705,1.23875e-05,0.90011481591347,0.9964804119559244
200000.0,359,0.99,0.364308,0.99,146860,10,27,0.00983135,0.00124811,0.900846835653117,0.9646713996880715
200000.0,318,0.99,0.446205,0.99,119407,10,28,0.00977002,0.00223531,0.9011565884846137,0.9527209348654185
200000.0,215,0.01,0.501716,0.972938,194600,14,34,0.00999344,5.35038e-09,0.9000328053809651,0.999926853708228
200000.0,309,0.99,0.39545,0.99,187243,10,14,0.00995092,0.000232704,0.900245701846988,0.9847453613612122
200000.0,375,0.99,0.344281,0.99,164587,10,15,0.00988036,0.00070714,0.9006,0.9734078959087477
200000.0,361,0.99,0.354877,0.99,143812,10,20,0.00981841,0.00140628,0.9009121097207131,0.9624996000021333
203314.0,250,0.99,0.520629,0.99,193684,13,30,0.00996807,0.000187249,0.9001597776444784,0.9863161043558495
202286.0,301,0.99,0.417876,0.99,164758,10,23,0.00987518,0.00077138,0.9006260597540784,0.9722262714062372
200016.0,287,0.99,0.444343,0.99,176920,10,23,0.00991996,0.00042902,0.9004010040211248,0.9792872020238694
200000.0,287,0.99,0.444064,0.99,136134,10,28,0.00979835,0.00175065,0.9010133847431886,0.9581592304086074
200000.0,375,0.99,0.344281,0.99,146521,10,19,0.00982719,0.00128526,0.900867815518874,0.9641494769912627
201154.0,313,0.99,0.401642,0.99,167087,10,20,0.00988385,0.000686682,0.9005824462179842,0.9737953820863574
202286.0,301,0.99,0.417876,0.99,186367,10,19,0.00994264,0.000296667,0.9002872124549715,0.9827759760799052
200000.0,350,0.99,0.354877,0.99,150939,10,29,0.00983586,0.00118864,0.900824095668353,0.9655233412291736
205717.0,301,0.99,0.417876,0.99,187578,10,24,0.00993687,0.000326049,0.9003161497533326,0.981943173036217
200000.0,307,0.99,0.428767,0.99,127233,10,33,0.00977528,0.00208705,0.9011299843228494,0.954315757640079
200000.0,302,0.99,0.429414,0.99,137201,10,21,0.00980321,0.00165769,0.9009888390129679,0.9592852606541562
200000.0,310,0.99,0.456989,0.99,116397,10,26,0.00975962,0.00239726,0.9012092109556766,0.951038178138472
200000.0,304,0.99,0.413378,0.99,178487,10,23,0.00992287,0.000404201,0.9003863965113198,0.9798952493176364
200000.0,310,0.99,0.43692,0.99,118587,10,29,0.00975336,0.00244601,0.9012408991535463,0.9505428468267734
200000.0,162,0.01,0.520188,0.989824,190814,27,15,0.00998551,7.96943e-06,0.9000724762640443,0.9971769821112859
200038.0,301,0.99,0.428767,0.99,138928,10,31,0.00980778,0.00159436,0.9009657634956476,0.9600705622378677
200000.0,375,0.99,0.344281,0.99,167726,10,22,0.00989002,0.0006261,0.9005514203218568,0.974978009671491
200000.0,296,0.99,0.417876,0.99,180791,10,23,0.00992957,0.000362886,0.9003527722412711,0.9809504330757889
200000.0,168,0.01,0.501435,0.917561,190897,18,33,0.00998578,1.16111e-08,0.9000711252940372,0.9998922451857224
200000.0,333,0.99,0.359085,0.99,157052,10,28,0.00985345,0.00102869,0.9007354544663605,0.9679268024668571
200000.0,334,0.99,0.364095,0.99,168877,10,20,0.00988853,0.000644818,0.9005589119126304,0.9746067331758987
200000.0,310,0.99,0.43692,0.99,116397,10,26,0.00974585,0.00256953,0.9012789282878271,0.9493094683397383
200000.0,304,0.99,0.415971,0.99,173248,10,22,0.00990667,0.000510973,0.9004677439218823,0.9773952881018139
200000.0,301,0.99,0.446205,0.99,115530,10,28,0.00974107,0.0026542,0.9013031408807758,0.9484810714397126
200000.0,307,0.99,0.428767,0.99,127233,10,33,0.00977528,0.00208705,0.9011299843228494,0.954315757640079
200000.0,304,0.99,0.415971,0.99,171487,10,22,0.00990116,0.000549917,0.9004954272407544,0.9765496908335946
200000.0,352,0.99,0.366914,0.99,179473,10,16,0.00992764,0.000373861,0.9003624568749309,0.9806645144876059
201683.0,302,0.99,0.429414,0.99,137201,10,21,0.00980119,0.00169644,0.9009990404086909,0.9588121377102429
200000.0,370,0.99,0.354877,0.99,143812,10,20,0.00982278,0.00135618,0.900890061043304,0.9631736507375493
200000.0,260,0.99,0.549834,0.961649,107017,10,24,0.00973048,0.0065031,0.9013568045935251,0.9193581994248641
203100.0,309,0.99,0.39545,0.99,179249,10,21,0.00991423,0.000453337,0.9004297735264201,0.978708287997439
200000.0,323,0.99,0.43692,0.99,112370,10,24,0.00974423,0.00263409,0.9012871335640587,0.9486766135178124
200000.0,334,0.99,0.364095,0.99,158699,10,20,0.00985796,0.000948139,0.9007127399914773,0.9692081341909913
200000.0,142,0.01,0.549435,0.977475,181067,19,21,0.00997047,0.000137282,0.9001477591638525,0.9882832598390167
200000.0,350,0.99,0.366914,0.99,157052,10,28,0.00985807,0.000929543,0.9007121860448122,0.969511592366934
200000.0,352,0.99,0.366914,0.99,142080,10,22,0.00981502,0.00145909,0.9009292172232398,0.9618019634012427
200000.0,142,0.01,0.549435,0.977475,185117,18,34,0.00997371,0.000133011,0.9001315365092664,0.9884669605047065
200000.0,375,0.99,0.354822,0.99,167726,10,27,0.00989586,0.000603811,0.900522062747562,0.9754274339964261
200000.0,198,0.01,0.501435,0.917561,198181,18,33,0.00999709,2.14755e-09,0.9000145510586666,0.9999536583340826
206574.0,313,0.99,0.401642,0.99,167087,10,23,0.00987268,0.000790838,0.9006386393007825,0.9718781579550698
200000.0,168,0.01,0.549435,0.972938,185117,18,33,0.00997482,4.78373e-05,0.9001259793539882,0.9930835485977273
200000.0,352,0.99,0.382211,0.99,152201,10,20,0.0098535,0.00102058,0.9007352026144213,0.9680534821928899
206574.0,313,0.99,0.401642,0.99,175134,10,23,0.00989587,0.000587037,0.9005220124851734,0.9757711535561431
200000.0,323,0.99,0.43692,0.99,114961,10,25,0.00975315,0.00248908,0.9012419623524242,0.9501093195075473
200000.0,260,0.99,0.549834,0.961649,107017,10,24,0.00973048,0.0065031,0.9013568045935251,0.9193581994248641
200000.0,307,0.99,0.41666,0.99,171487,10,19,0.00990242,0.00054382,0.9004890960748522,0.9766800514580327
206824.0,350,0.99,0.354877,0.99,150939,10,25,0.00982412,0.00134216,0.9008833011042034,0.963364498092697
200000.0,350,0.99,0.354877,0.99,150939,10,22,0.00983577,0.00118887,0.9008245494086364,0.9655200058004645
200000.0,301,0.99,0.446205,0.99,122668,10,28,0.00976511,0.00225607,0.9011814288708848,0.9525018947746333
200000.0,260,0.99,0.550886,0.968074,107017,10,22,0.00973147,0.0055473,0.9013517866355402,0.9255198012892017
200000.0,345,0.99,0.403458,0.99,119407,10,26,0.00976308,0.00230219,0.9011917007534286,0.9520188578710344
200000.0,197,0.0212401,0.643389,0.99,200000,21,14,0.0100004,1.00407e-11,0.8999980000199996,0.9999968312936394
200000.0,259,0.99,0.588925,0.946441,96853,10,24,0.00971518,0.0095682,0.901434387335136,0.9021828235942173
200000.0,197,0.0212401,0.643389,0.99,200000,21,14,0.0100004,1.00407e-11,0.8999980000199996,0.9999968312936394
200000.0,259,0.99,0.588925,0.946441,96853,10,24,0.00971518,0.0095682,0.901434387335136,0.9021828235942173
200000.0,259,0.99,0.588925,0.946441,96853,10,27,0.00971528,0.00956712,0.9014338800601343,0.9021883442528448
200000.0,280,0.99,0.522698,0.961649,102925,10,27,0.00972332,0.00670779,0.9013931036894478,0.9180989011062733
200000.0,321,0.99,0.456286,0.968074,107017,10,12,0.00973719,0.00543707,0.9013227989857839,0.9262635097119479
200000.0,301,0.99,0.446205,0.99,114756,10,26,0.00973834,0.00270019,0.9013169720772615,0.9480366475292442
200000.0,260,0.99,0.550886,0.961649,107017,10,24,0.00973113,0.00649069,0.9013535099458678,0.9194351813754912
202286.0,301,0.99,0.417876,0.99,186367,10,19,0.00994264,0.000296667,0.9002872124549715,0.9827759760799052
200000.0,260,0.99,0.550886,0.96532,107017,10,20,0.00973122,0.00594433,0.9013530537725571,0.92290051880849
200000.0,352,0.99,0.366914,0.99,142080,10,22,0.00981502,0.00145909,0.9009292172232398,0.9618019634012427
200000.0,309,0.99,0.39545,0.99,187243,10,14,0.00995092,0.000232704,0.900245701846988,0.9847453613612122
203100.0,309,0.99,0.39545,0.99,179249,10,21,0.00991423,0.000453337,0.9004297735264201,0.978708287997439
205717.0,301,0.99,0.417876,0.99,187578,10,24,0.00993687,0.000326049,0.9003161497533326,0.981943173036217
200000.0,304,0.99,0.415971,0.99,173248,10,22,0.00990667,0.000510973,0.9004677439218823,0.9773952881018139
200000.0,349,0.99,0.354877,0.99,153501,10,20,0.00984297,0.00110033,0.9007882567434681,0.9668287775323248
200000.0,280,0.99,0.522698,0.961649,102925,10,27,0.00972332,0.00670779,0.9013931036894478,0.9180989011062733
200000.0,310,0.99,0.456989,0.99,116397,10,26,0.00975962,0.00239726,0.9012092109556766,0.951038178138472
200038.0,301,0.99,0.428767,0.99,138928,10,31,0.00980778,0.00159436,0.9009657634956476,0.9600705622378677
200000.0,320,0.99,0.417646,0.99,150318,10,23,0.00984747,0.00109141,0.9007655805680307,0.9669635050285295
200000.0,293,0.99,0.423922,0.99,190040,10,25,0.00996214,0.000201167,0.9001894795124281,0.9858166647081866
200065.0,307,0.99,0.417876,0.99,188060,10,11,0.00995656,0.000221392,0.9002174363929248,0.98512075270721
200000.0,326,0.99,0.428767,0.99,126167,10,33,0.00978681,0.00195396,0.9010716926254169,0.955796380238718
200000.0,260,0.99,0.550886,0.968074,107017,10,20,0.00973138,0.0055485,0.9013522428029912,0.9255117458923892
203100.0,309,0.99,0.398355,0.99,130951,10,21,0.00977453,0.00219389,0.901133777254312,0.95316102050642
200000.0,260,0.99,0.550886,0.96532,107017,10,20,0.00973122,0.00594433,0.9013530537725571,0.92290051880849
200000.0,180,0.01,0.549435,0.972938,185117,18,34,0.00997705,1.23875e-05,0.90011481591347,0.9964804119559244
200000.0,359,0.99,0.364308,0.99,146860,10,27,0.00983135,0.00124811,0.900846835653117,0.9646713996880715
200000.0,215,0.01,0.501716,0.972938,194600,14,34,0.00999344,5.35038e-09,0.9000328053809651,0.999926853708228
200000.0,321,0.99,0.426354,0.99,122083,10,24,0.00976736,0.00222195,0.901170045026824,0.9528624353620173
200000.0,375,0.99,0.344281,0.99,164587,10,15,0.00988036,0.00070714,0.9006,0.9734078959087477
200000.0,361,0.99,0.354877,0.99,143812,10,20,0.00981841,0.00140628,0.9009121097207131,0.9624996000021333
200000.0,296,0.99,0.417876,0.99,180791,10,23,0.00992957,0.000362886,0.9003527722412711,0.9809504330757889
203314.0,250,0.99,0.520629,0.99,193684,13,30,0.00996807,0.000187249,0.9001597776444784,0.9863161043558495
202286.0,301,0.99,0.417876,0.99,164758,10,23,0.00987518,0.00077138,0.9006260597540784,0.9722262714062372
200000.0,310,0.99,0.426354,0.99,128729,10,24,0.00978055,0.00200025,0.9011033367600302,0.9552758454523733
200016.0,287,0.99,0.444343,0.99,176920,10,23,0.00991996,0.00042902,0.9004010040211248,0.9792872020238694
200000.0,375,0.99,0.344281,0.99,146521,10,19,0.00982719,0.00128526,0.900867815518874,0.9641494769912627
201154.0,313,0.99,0.401642,0.99,167087,10,20,0.00988385,0.000686682,0.9005824462179842,0.9737953820863574
200000.0,287,0.99,0.444064,0.99,134876,10,28,0.00979452,0.00180968,0.9010327326839829,0.9574596661978305
200000.0,350,0.99,0.354877,0.99,150939,10,29,0.00983586,0.00118864,0.900824095668353,0.9655233412291736
200000.0,345,0.99,0.403458,0.99,119407,10,26,0.00976308,0.00230219,0.9011917007534286,0.9520188578710344
200000.0,310,0.99,0.443567,0.99,116397,10,31,0.00975018,0.00250958,0.9012570002481188,0.9499042916009764
200000.0,310,0.99,0.43692,0.99,116397,10,26,0.00974585,0.00256953,0.9012789282878271,0.9493094683397383
200000.0,304,0.99,0.413378,0.99,178487,10,23,0.00992287,0.000404201,0.9003863965113198,0.9798952493176364
200000.0,310,0.99,0.43692,0.99,118587,10,29,0.00975336,0.00244601,0.9012408991535463,0.9505428468267734
200000.0,260,0.99,0.550886,0.968074,107017,10,22,0.00973147,0.0055473,0.9013517866355402,0.9255198012892017
200000.0,162,0.01,0.520188,0.989824,190814,27,15,0.00998551,7.96943e-06,0.9000724762640443,0.9971769821112859
200000.0,360,0.99,0.366914,0.99,158430,10,22,0.00986721,0.000854353,0.9006661689050502,0.9707706825259296
200000.0,168,0.01,0.501435,0.917561,190897,18,33,0.00998578,1.16111e-08,0.9000711252940372,0.9998922451857224
200000.0,333,0.99,0.359085,0.99,157052,10,28,0.00985345,0.00102869,0.9007354544663605,0.9679268024668571
200000.0,310,0.99,0.426354,0.99,131380,10,24,0.00978884,0.0018723,0.9010614332022138,0.9567299179570918
200000.0,334,0.99,0.364095,0.99,168877,10,20,0.00988853,0.000644818,0.9005589119126304,0.9746067331758987
200000.0,352,0.99,0.366914,0.99,179473,10,16,0.00992764,0.000373861,0.9003624568749309,0.9806645144876059
200000.0,301,0.99,0.446205,0.99,115530,10,28,0.00974107,0.0026542,0.9013031408807758,0.9484810714397126
200000.0,304,0.99,0.415971,0.99,171487,10,22,0.00990116,0.000549917,0.9004954272407544,0.9765496908335946
200000.0,287,0.99,0.444064,0.99,136134,10,28,0.00979835,0.00175065,0.9010133847431886,0.9581592304086074
201683.0,302,0.99,0.429414,0.99,137201,10,21,0.00980119,0.00169644,0.9009990404086909,0.9588121377102429
200000.0,370,0.99,0.354877,0.99,143812,10,20,0.00982278,0.00135618,0.900890061043304,0.9631736507375493
200000.0,260,0.99,0.549834,0.961649,107017,10,24,0.00973048,0.0065031,0.9013568045935251,0.9193581994248641
200000.0,302,0.99,0.429414,0.99,137201,10,21,0.00980321,0.00165769,0.9009888390129679,0.9592852606541562
200000.0,343,0.99,0.364558,0.99,162049,10,20,0.00986934,0.000809404,0.900655448060802,0.9715499736379736
200000.0,323,0.99,0.43692,0.99,112370,10,24,0.00974423,0.00263409,0.9012871335640587,0.9486766135178124
200000.0,334,0.99,0.364095,0.99,158699,10,20,0.00985796,0.000948139,0.9007127399914773,0.9692081341909913
200000.0,142,0.01,0.549435,0.977475,181067,19,21,0.00997047,0.000137282,0.9001477591638525,0.9882832598390167
200000.0,142,0.01,0.549435,0.977475,185117,18,34,0.00997371,0.000133011,0.9001315365092664,0.9884669605047065
200000.0,198,0.01,0.501435,0.917561,198181,18,33,0.00999709,2.14755e-09,0.9000145510586666,0.9999536583340826
206574.0,313,0.99,0.401642,0.99,167087,10,23,0.00987268,0.000790838,0.9006386393007825,0.9718781579550698
200000.0,168,0.01,0.549435,0.972938,185117,18,33,0.00997482,4.78373e-05,0.9001259793539882,0.9930835485977273
200000.0,352,0.99,0.382211,0.99,152201,10,20,0.0098535,0.00102058,0.9007352026144213,0.9680534821928899
206574.0,313,0.99,0.401642,0.99,175134,10,23,0.00989587,0.000587037,0.9005220124851734,0.9757711535561431
200000.0,260,0.99,0.549834,0.961649,107017,10,24,0.00973048,0.0065031,0.9013568045935251,0.9193581994248641
200000.0,301,0.99,0.446205,0.99,122668,10,28,0.00976511,0.00225607,0.9011814288708848,0.9525018947746333
200000.0,307,0.99,0.41666,0.99,171487,10,19,0.00990242,0.00054382,0.9004890960748522,0.9766800514580327
206824.0,350,0.99,0.354877,0.99,150939,10,25,0.00982412,0.00134216,0.9008833011042034,0.963364498092697
210680.0,304,0.99,0.394801,0.99,178487,10,23,0.0098915,0.000615299,0.9005439795688567,0.9751947787754272
200000.0,306,0.99,0.445105,0.99,134876,10,26,0.0098069,0.00163675,0.9009702065032952,0.9595432329517051
200000.0,357,0.99,0.358165,0.99,158699,10,17,0.0098618,0.000885768,0.9006934040458541,0.9702381452190896
200000.0,352,0.99,0.366914,0.99,158430,10,22,0.00986298,0.000880326,0.9006874630270679,0.9703297118315308
200000.0,259,0.99,0.588925,0.946441,96853,10,23,0.00971515,0.00956874,0.9014345395181456,0.9021800633817421
200000.0,197,0.0212401,0.643389,0.99,200000,21,14,0.0100004,1.00407e-11,0.8999980000199996,0.9999968312936394
200000.0,197,0.0212401,0.643389,0.99,200000,21,14,0.0100004,1.00407e-11,0.8999980000199996,0.9999968312936394
200000.0,259,0.99,0.588925,0.946441,96853,10,27,0.00971528,0.00956712,0.9014338800601343,0.9021883442528448
200000.0,280,0.99,0.522698,0.961649,102925,10,27,0.00972332,0.00670779,0.9013931036894478,0.9180989011062733
200000.0,321,0.99,0.456286,0.968074,107017,10,12,0.00973719,0.00543707,0.9013227989857839,0.9262635097119479
200000.0,301,0.99,0.446205,0.99,114756,10,26,0.00973834,0.00270019,0.9013169720772615,0.9480366475292442
203100.0,309,0.99,0.398355,0.99,130951,10,21,0.00977453,0.00219389,0.901133777254312,0.95316102050642
200000.0,310,0.99,0.426354,0.99,128729,10,24,0.00978055,0.00200025,0.9011033367600302,0.9552758454523733
200000.0,260,0.99,0.550886,0.961649,107017,10,24,0.00973113,0.00649069,0.9013535099458678,0.9194351813754912
202286.0,301,0.99,0.417876,0.99,186367,10,19,0.00994264,0.000296667,0.9002872124549715,0.9827759760799052
200000.0,260,0.99,0.550886,0.96532,107017,10,20,0.00973122,0.00594433,0.9013530537725571,0.92290051880849
200000.0,352,0.99,0.366914,0.99,142080,10,22,0.00981502,0.00145909,0.9009292172232398,0.9618019634012427
200000.0,309,0.99,0.39545,0.99,187243,10,14,0.00995092,0.000232704,0.900245701846988,0.9847453613612122
205717.0,301,0.99,0.417876,0.99,187578,10,24,0.00993687,0.000326049,0.9003161497533326,0.981943173036217
200000.0,350,0.99,0.354877,0.99,150939,10,29,0.00983586,0.00118864,0.900824095668353,0.9655233412291736
200000.0,280,0.99,0.522698,0.961649,102925,10,27,0.00972332,0.00670779,0.9013931036894478,0.9180989011062733
200000.0,310,0.99,0.456989,0.99,116397,10,26,0.00975962,0.00239726,0.9012092109556766,0.951038178138472
200038.0,301,0.99,0.428767,0.99,138928,10,31,0.00980778,0.00159436,0.9009657634956476,0.9600705622378677
200000.0,349,0.99,0.354877,0.99,153501,10,20,0.00984297,0.00110033,0.9007882567434681,0.9668287775323248
200000.0,310,0.99,0.43692,0.99,118587,10,29,0.00975336,0.00244601,0.9012408991535463,0.9505428468267734
200000.0,293,0.99,0.423922,0.99,190040,10,25,0.00996214,0.000201167,0.9001894795124281,0.9858166647081866
200000.0,287,0.99,0.444064,0.99,134876,10,28,0.00979452,0.00180968,0.9010327326839829,0.9574596661978305
200000.0,334,0.99,0.364095,0.99,158699,10,20,0.00985796,0.000948139,0.9007127399914773,0.9692081341909913
200065.0,307,0.99,0.417876,0.99,188060,10,11,0.00995656,0.000221392,0.9002174363929248,0.98512075270721
200000.0,304,0.99,0.426354,0.99,131380,10,14,0.00978506,0.00193466,0.9010805378097919,0.9560152299085241
200000.0,260,0.99,0.550886,0.968074,107017,10,20,0.00973138,0.0055485,0.9013522428029912,0.9255117458923892
200000.0,260,0.99,0.550886,0.96532,107017,10,20,0.00973122,0.00594433,0.9013530537725571,0.92290051880849
200000.0,180,0.01,0.549435,0.972938,185117,18,34,0.00997705,1.23875e-05,0.90011481591347,0.9964804119559244
206574.0,313,0.99,0.401642,0.99,175134,10,23,0.00989587,0.000587037,0.9005220124851734,0.9757711535561431
200000.0,304,0.99,0.415971,0.99,173248,10,22,0.00990667,0.000510973,0.9004677439218823,0.9773952881018139
200000.0,215,0.01,0.501716,0.972938,194600,14,34,0.00999344,5.35038e-09,0.9000328053809651,0.999926853708228
200000.0,321,0.99,0.426354,0.99,122083,10,24,0.00976736,0.00222195,0.901170045026824,0.9528624353620173
200000.0,310,0.99,0.443567,0.99,116397,10,31,0.00975018,0.00250958,0.9012570002481188,0.9499042916009764
200000.0,334,0.99,0.364095,0.99,168877,10,20,0.00988853,0.000644818,0.9005589119126304,0.9746067331758987
200000.0,361,0.99,0.354877,0.99,143812,10,20,0.00981841,0.00140628,0.9009121097207131,0.9624996000021333
200000.0,296,0.99,0.417876,0.99,180791,10,23,0.00992957,0.000362886,0.9003527722412711,0.9809504330757889
203314.0,250,0.99,0.520629,0.99,193684,13,30,0.00996807,0.000187249,0.9001597776444784,0.9863161043558495
200016.0,287,0.99,0.444343,0.99,176920,10,23,0.00991996,0.00042902,0.9004010040211248,0.9792872020238694
200000.0,352,0.99,0.366914,0.99,135994,10,21,0.00979681,0.00172212,0.9010211638783321,0.9585015662946178
200000.0,375,0.99,0.344281,0.99,146521,10,19,0.00982719,0.00128526,0.900867815518874,0.9641494769912627
200000.0,350,0.99,0.354877,0.99,166665,10,29,0.00988248,0.000681187,0.9005893365880702,0.9739004406167461
200000.0,375,0.99,0.344281,0.99,164587,10,15,0.00988036,0.00070714,0.9006,0.9734078959087477
200000.0,345,0.99,0.403458,0.99,119407,10,26,0.00976308,0.00230219,0.9011917007534286,0.9520188578710344
200000.0,310,0.99,0.43692,0.99,116397,10,26,0.00974585,0.00256953,0.9012789282878271,0.9493094683397383
203100.0,309,0.99,0.39545,0.99,179249,10,21,0.00991423,0.000453337,0.9004297735264201,0.978708287997439
200000.0,304,0.99,0.413378,0.99,178487,10,23,0.00992287,0.000404201,0.9003863965113198,0.9798952493176364
200000.0,313,0.99,0.401642,0.99,175134,10,23,0.00991169,0.000473306,0.9004425291602886,0.9782444030189931
200000.0,320,0.99,0.417646,0.99,150318,10,23,0.00984747,0.00109141,0.9007655805680307,0.9669635050285295
200000.0,260,0.99,0.550886,0.968074,107017,10,22,0.00973147,0.0055473,0.9013517866355402,0.9255198012892017
200000.0,162,0.01,0.520188,0.989824,190814,27,15,0.00998551,7.96943e-06,0.9000724762640443,0.9971769821112859
210680.0,304,0.99,0.394801,0.99,178487,10,23,0.0098915,0.000615299,0.9005439795688567,0.9751947787754272
202286.0,301,0.99,0.417876,0.99,164758,10,23,0.00987518,0.00077138,0.9006260597540784,0.9722262714062372
200000.0,360,0.99,0.366914,0.99,158430,10,22,0.00986721,0.000854353,0.9006661689050502,0.9707706825259296
201683.0,302,0.99,0.429414,0.99,137201,10,21,0.00980119,0.00169644,0.9009990404086909,0.9588121377102429
200000.0,168,0.01,0.501435,0.917561,190897,18,33,0.00998578,1.16111e-08,0.9000711252940372,0.9998922451857224
200000.0,333,0.99,0.359085,0.99,157052,10,28,0.00985345,0.00102869,0.9007354544663605,0.9679268024668571
200000.0,352,0.99,0.366914,0.99,179473,10,16,0.00992764,0.000373861,0.9003624568749309,0.9806645144876059
200000.0,301,0.99,0.446205,0.99,115530,10,28,0.00974107,0.0026542,0.9013031408807758,0.9484810714397126
200000.0,304,0.99,0.415971,0.99,171487,10,22,0.00990116,0.000549917,0.9004954272407544,0.9765496908335946
200000.0,370,0.99,0.354877,0.99,143812,10,20,0.00982278,0.00135618,0.900890061043304,0.9631736507375493
200000.0,310,0.99,0.426354,0.99,131380,10,24,0.00978884,0.0018723,0.9010614332022138,0.9567299179570918
200000.0,260,0.99,0.549834,0.961649,107017,10,24,0.00973048,0.0065031,0.9013568045935251,0.9193581994248641
200000.0,302,0.99,0.429414,0.99,137201,10,21,0.00980321,0.00165769,0.9009888390129679,0.9592852606541562
200000.0,343,0.99,0.364558,0.99,162049,10,20,0.00986934,0.000809404,0.900655448060802,0.9715499736379736
200000.0,323,0.99,0.43692,0.99,112370,10,24,0.00974423,0.00263409,0.9012871335640587,0.9486766135178124
200000.0,142,0.01,0.549435,0.977475,181067,19,21,0.00997047,0.000137282,0.9001477591638525,0.9882832598390167
200000.0,357,0.99,0.358165,0.99,158699,10,17,0.0098618,0.000885768,0.9006934040458541,0.9702381452190896
200000.0,142,0.01,0.549435,0.977475,185117,18,34,0.00997371,0.000133011,0.9001315365092664,0.9884669605047065
200000.0,198,0.01,0.501435,0.917561,198181,18,33,0.00999709,2.14755e-09,0.9000145510586666,0.9999536583340826
200000.0,168,0.01,0.549435,0.972938,185117,18,33,0.00997482,4.78373e-05,0.9001259793539882,0.9930835485977273
200000.0,352,0.99,0.382211,0.99,152201,10,20,0.0098535,0.00102058,0.9007352026144213,0.9680534821928899
200000.0,260,0.99,0.549834,0.961649,107017,10,24,0.00973048,0.0065031,0.9013568045935251,0.9193581994248641
200000.0,307,0.99,0.41666,0.99,171487,10,19,0.00990242,0.00054382,0.9004890960748522,0.9766800514580327
200000.0,359,0.99,0.364308,0.99,146860,10,27,0.00983135,0.00124811,0.900846835653117,0.9646713996880715
206824.0,350,0.99,0.354877,0.99,150939,10,25,0.00982412,0.00134216,0.9008833011042034,0.963364498092697
200000.0,306,0.99,0.445105,0.99,134876,10,26,0.0098069,0.00163675,0.9009702065032952,0.9595432329517051
200000.0,352,0.99,0.366914,0.99,158430,10,22,0.00986298,0.000880326,0.9006874630270679,0.9703297118315308
200000.0,359,0.99,0.364308,0.99,147187,10,27,0.00983231,0.00123601,0.9008419947760142,0.9648430661177627
200000.0,310,0.99,0.426354,0.99,131380,10,24,0.00978884,0.0018723,0.9010614332022138,0.9567299179570918
200000.0,197,0.0212401,0.643389,0.99,200000,21,14,0.0100004,1.00407e-11,0.8999980000199996,0.9999968312936394
200000.0,197,0.0212401,0.643389,0.99,200000,21,14,0.0100004,1.00407e-11,0.8999980000199996,0.9999968312936394
200000.0,259,0.99,0.588925,0.946441,96853,10,23,0.00971515,0.00956874,0.9014345395181456,0.9021800633817421
200000.0,259,0.99,0.588925,0.946441,96853,10,27,0.00971528,0.00956712,0.9014338800601343,0.9021883442528448
200000.0,280,0.99,0.522698,0.961649,102925,10,27,0.00972332,0.00670779,0.9013931036894478,0.9180989011062733
200000.0,321,0.99,0.456286,0.968074,107017,10,12,0.00973719,0.00543707,0.9013227989857839,0.9262635097119479
200000.0,301,0.99,0.446205,0.99,114756,10,26,0.00973834,0.00270019,0.9013169720772615,0.9480366475292442
203100.0,309,0.99,0.398355,0.99,130951,10,21,0.00977453,0.00219389,0.901133777254312,0.95316102050642
200000.0,260,0.99,0.550886,0.961649,107017,10,24,0.00973113,0.00649069,0.9013535099458678,0.9194351813754912
202286.0,301,0.99,0.417876,0.99,186367,10,19,0.00994264,0.000296667,0.9002872124549715,0.9827759760799052
200000.0,260,0.99,0.550886,0.96532,107017,10,20,0.00973122,0.00594433,0.9013530537725571,0.92290051880849
200000.0,309,0.99,0.39545,0.99,187243,10,14,0.00995092,0.000232704,0.900245701846988,0.9847453613612122
205717.0,301,0.99,0.417876,0.99,187578,10,24,0.00993687,0.000326049,0.9003161497533326,0.981943173036217
200000.0,321,0.99,0.426354,0.99,122083,10,24,0.00976736,0.00222195,0.901170045026824,0.9528624353620173
200000.0,280,0.99,0.522698,0.961649,102925,10,27,0.00972332,0.00670779,0.9013931036894478,0.9180989011062733
202286.0,301,0.99,0.417876,0.99,164758,10,23,0.00987518,0.00077138,0.9006260597540784,0.9722262714062372
200000.0,310,0.99,0.456989,0.99,116397,10,26,0.00975962,0.00239726,0.9012092109556766,0.951038178138472
200000.0,345,0.99,0.403458,0.99,119407,10,26,0.00976308,0.00230219,0.9011917007534286,0.9520188578710344
200000.0,310,0.99,0.426354,0.99,128729,10,24,0.00978055,0.00200025,0.9011033367600302,0.9552758454523733
200000.0,349,0.99,0.354877,0.99,153501,10,20,0.00984297,0.00110033,0.9007882567434681,0.9668287775323248
200000.0,320,0.99,0.417646,0.99,150318,10,23,0.00984747,0.00109141,0.9007655805680307,0.9669635050285295
200000.0,293,0.99,0.423922,0.99,190040,10,25,0.00996214,0.000201167,0.9001894795124281,0.9858166647081866
200000.0,287,0.99,0.444064,0.99,134876,10,28,0.00979452,0.00180968,0.9010327326839829,0.9574596661978305
200000.0,334,0.99,0.364095,0.99,158699,10,20,0.00985796,0.000948139,0.9007127399914773,0.9692081341909913
200065.0,307,0.99,0.417876,0.99,188060,10,11,0.00995656,0.000221392,0.9002174363929248,0.98512075270721
200000.0,260,0.99,0.550886,0.96532,107017,10,23,0.00973134,0.00594261,0.9013524455447577,0.9229116740355584
200000.0,260,0.99,0.550886,0.968074,107017,10,20,0.00973138,0.0055485,0.9013522428029912,0.9255117458923892
200000.0,180,0.01,0.549435,0.972938,185117,18,34,0.00997705,1.23875e-05,0.90011481591347,0.9964804119559244
206574.0,313,0.99,0.401642,0.99,175134,10,23,0.00989587,0.000587037,0.9005220124851734,0.9757711535561431
200000.0,215,0.01,0.501716,0.972938,194600,14,34,0.00999344,5.35038e-09,0.9000328053809651,0.999926853708228
200000.0,328,0.99,0.366914,0.99,143330,10,22,0.00981413,0.00156845,0.9009337090630724,0.9603963385531085
200000.0,304,0.99,0.426354,0.99,131380,10,14,0.00978506,0.00193466,0.9010805378097919,0.9560152299085241
200000.0,334,0.99,0.364095,0.99,168877,10,20,0.00988853,0.000644818,0.9005589119126304,0.9746067331758987
200000.0,296,0.99,0.417876,0.99,180791,10,23,0.00992957,0.000362886,0.9003527722412711,0.9809504330757889
200000.0,343,0.99,0.364558,0.99,162049,10,20,0.00986934,0.000809404,0.900655448060802,0.9715499736379736
203314.0,250,0.99,0.520629,0.99,193684,13,30,0.00996807,0.000187249,0.9001597776444784,0.9863161043558495
200000.0,352,0.99,0.366914,0.99,135994,10,21,0.00979681,0.00172212,0.9010211638783321,0.9585015662946178
200000.0,375,0.99,0.344281,0.99,146521,10,19,0.00982719,0.00128526,0.900867815518874,0.9641494769912627
200000.0,350,0.99,0.354877,0.99,166665,10,29,0.00988248,0.000681187,0.9005893365880702,0.9739004406167461
200000.0,375,0.99,0.344281,0.99,164587,10,15,0.00988036,0.00070714,0.9006,0.9734078959087477
200000.0,310,0.99,0.43692,0.99,118587,10,29,0.00975336,0.00244601,0.9012408991535463,0.9505428468267734
200000.0,304,0.99,0.415971,0.99,173248,10,22,0.00990667,0.000510973,0.9004677439218823,0.9773952881018139
200000.0,307,0.99,0.417876,0.99,149595,10,12,0.00983765,0.00118621,0.9008150717094578,0.9655586004930113
200000.0,310,0.99,0.43692,0.99,116397,10,26,0.00974585,0.00256953,0.9012789282878271,0.9493094683397383
200000.0,304,0.99,0.413378,0.99,178487,10,23,0.00992287,0.000404201,0.9003863965113198,0.9798952493176364
200038.0,301,0.99,0.428767,0.99,138928,10,31,0.00980778,0.00159436,0.9009657634956476,0.9600705622378677
200000.0,260,0.99,0.550886,0.968074,107017,10,22,0.00973147,0.0055473,0.9013517866355402,0.9255198012892017
200000.0,310,0.99,0.443567,0.99,116397,10,31,0.00975018,0.00250958,0.9012570002481188,0.9499042916009764
200000.0,162,0.01,0.520188,0.989824,190814,27,15,0.00998551,7.96943e-06,0.9000724762640443,0.9971769821112859
210680.0,304,0.99,0.394801,0.99,178487,10,23,0.0098915,0.000615299,0.9005439795688567,0.9751947787754272
200000.0,360,0.99,0.366914,0.99,158430,10,22,0.00986721,0.000854353,0.9006661689050502,0.9707706825259296
201683.0,302,0.99,0.429414,0.99,137201,10,21,0.00980119,0.00169644,0.9009990404086909,0.9588121377102429
200000.0,168,0.01,0.501435,0.917561,190897,18,33,0.00998578,1.16111e-08,0.9000711252940372,0.9998922451857224
200000.0,333,0.99,0.359085,0.99,157052,10,28,0.00985345,0.00102869,0.9007354544663605,0.9679268024668571
200000.0,352,0.99,0.366914,0.99,179473,10,16,0.00992764,0.000373861,0.9003624568749309,0.9806645144876059
200000.0,304,0.99,0.415971,0.99,171487,10,22,0.00990116,0.000549917,0.9004954272407544,0.9765496908335946
200000.0,310,0.99,0.426354,0.99,131380,10,24,0.00978884,0.0018723,0.9010614332022138,0.9567299179570918
200000.0,260,0.99,0.549834,0.961649,107017,10,24,0.00973048,0.0065031,0.9013568045935251,0.9193581994248641
200000.0,302,0.99,0.429414,0.99,137201,10,21,0.00980321,0.00165769,0.9009888390129679,0.9592852606541562
200000.0,323,0.99,0.43692,0.99,112370,10,24,0.00974423,0.00263409,0.9012871335640587,0.9486766135178124
200000.0,142,0.01,0.549435,0.977475,181067,19,21,0.00997047,0.000137282,0.9001477591638525,0.9882832598390167
200000.0,357,0.99,0.358165,0.99,158699,10,17,0.0098618,0.000885768,0.9006934040458541,0.9702381452190896
200000.0,142,0.01,0.549435,0.977475,185117,18,34,0.00997371,0.000133011,0.9001315365092664,0.9884669605047065
200000.0,198,0.01,0.501435,0.917561,198181,18,33,0.00999709,2.14755e-09,0.9000145510586666,0.9999536583340826
200000.0,168,0.01,0.549435,0.972938,185117,18,33,0.00997482,4.78373e-05,0.9001259793539882,0.9930835485977273
200000.0,352,0.99,0.382211,0.99,152201,10,20,0.0098535,0.00102058,0.9007352026144213,0.9680534821928899
200000.0,350,0.99,0.354877,0.99,150939,10,29,0.00983586,0.00118864,0.900824095668353,0.9655233412291736
200000.0,352,0.99,0.366914,0.99,142080,10,22,0.00981502,0.00145909,0.9009292172232398,0.9618019634012427
200000.0,260,0.99,0.549834,0.961649,107017,10,24,0.00973048,0.0065031,0.9013568045935251,0.9193581994248641
200000.0,359,0.99,0.364308,0.99,146860,10,27,0.00983135,0.00124811,0.900846835653117,0.9646713996880715
206824.0,350,0.99,0.354877,0.99,150939,10,25,0.00982412,0.00134216,0.9008833011042034,0.963364498092697
200000.0,310,0.988977,0.426354,0.99,128729,10,24,0.00978155,0.00199956,0.9010982811069495,0.9552835600701487
200000.0,306,0.99,0.445105,0.99,134876,10,26,0.0098069,0.00163675,0.9009702065032952,0.9595432329517051
201678.0,309,0.99,0.387136,0.99,179249,10,20,0.00991756,0.000439395,0.9004130530641691,0.9790382491189309
200016.0,287,0.99,0.444343,0.99,176920,10,23,0.00991996,0.00042902,0.9004010040211248,0.9792872020238694
200000.0,352,0.99,0.366914,0.99,158430,10,22,0.00986298,0.000880326,0.9006874630270679,0.9703297118315308
200000.0,359,0.99,0.364308,0.99,147187,10,27,0.00983231,0.00123601,0.9008419947760142,0.9648430661177627
200065.0,307,0.99,0.404185,0.99,175442,10,11,0.00991151,0.0004749,0.9004434331648585,0.9782077995603932
200000.0,310,0.99,0.426354,0.99,131380,10,24,0.00978884,0.0018723,0.9010614332022138,0.9567299179570918
200000.0,304,0.99,0.399423,0.99,173248,10,22,0.00990364,0.000538464,0.9004829662821485,0.9767951729159642
200000.0,259,0.99,0.588925,0.946441,96853,10,23,0.00971515,0.00956874,0.9014345395181456,0.9021800633817421
200000.0,197,0.0212401,0.643389,0.99,200000,21,14,0.0100004,1.00407e-11,0.8999980000199996,0.9999968312936394
200000.0,197,0.0212401,0.643389,0.99,200000,21,14,0.0100004,1.00407e-11,0.8999980000199996,0.9999968312936394
200000.0,259,0.99,0.588925,0.946441,96853,10,27,0.00971528,0.00956712,0.9014338800601343,0.9021883442528448
200000.0,280,0.99,0.522698,0.961649,102925,10,27,0.00972332,0.00670779,0.9013931036894478,0.9180989011062733
200000.0,321,0.99,0.456286,0.968074,107017,10,12,0.00973719,0.00543707,0.9013227989857839,0.9262635097119479
200000.0,301,0.99,0.446205,0.99,114756,10,26,0.00973834,0.00270019,0.9013169720772615,0.9480366475292442
203100.0,309,0.99,0.398355,0.99,130951,10,21,0.00977453,0.00219389,0.901133777254312,0.95316102050642
206824.0,350,0.99,0.354877,0.99,150939,10,25,0.00982412,0.00134216,0.9008833011042034,0.963364498092697
202286.0,301,0.99,0.417876,0.99,186367,10,19,0.00994264,0.000296667,0.9002872124549715,0.9827759760799052
200000.0,352,0.99,0.366914,0.99,142080,10,22,0.00981502,0.00145909,0.9009292172232398,0.9618019634012427
200000.0,260,0.99,0.550886,0.96532,107017,10,20,0.00973122,0.00594433,0.9013530537725571,0.92290051880849
200000.0,260,0.99,0.550886,0.961649,107017,10,25,0.00973116,0.00649036,0.9013533578878632,0.9194372294418818
200000.0,309,0.99,0.39545,0.99,187243,10,14,0.00995092,0.000232704,0.900245701846988,0.9847453613612122
205717.0,301,0.99,0.417876,0.99,187578,10,24,0.00993687,0.000326049,0.9003161497533326,0.981943173036217
200000.0,280,0.99,0.522698,0.961649,102925,10,27,0.00972332,0.00670779,0.9013931036894478,0.9180989011062733
200065.0,307,0.99,0.404185,0.99,175442,10,11,0.00991151,0.0004749,0.9004434331648585,0.9782077995603932
200000.0,345,0.99,0.403458,0.99,119407,10,26,0.00976308,0.00230219,0.9011917007534286,0.9520188578710344
200000.0,287,0.99,0.444064,0.99,134876,10,28,0.00979452,0.00180968,0.9010327326839829,0.9574596661978305
200000.0,260,0.99,0.550886,0.96532,107017,10,23,0.00973134,0.00594261,0.9013524455447577,0.9229116740355584
200000.0,260,0.99,0.550886,0.968074,107017,10,20,0.00973138,0.0055485,0.9013522428029912,0.9255117458923892
200000.0,180,0.01,0.549435,0.972938,185117,18,34,0.00997705,1.23875e-05,0.90011481591347,0.9964804119559244
200000.0,334,0.99,0.364095,0.99,158699,10,20,0.00985796,0.000948139,0.9007127399914773,0.9692081341909913
206574.0,313,0.99,0.401642,0.99,175134,10,23,0.00989587,0.000587037,0.9005220124851734,0.9757711535561431
200000.0,215,0.01,0.501716,0.972938,194600,14,34,0.00999344,5.35038e-09,0.9000328053809651,0.999926853708228
200000.0,328,0.99,0.366914,0.99,143330,10,22,0.00981413,0.00156845,0.9009337090630724,0.9603963385531085
200000.0,304,0.99,0.426354,0.99,131380,10,14,0.00978506,0.00193466,0.9010805378097919,0.9560152299085241
200000.0,334,0.99,0.364095,0.99,168877,10,20,0.00988853,0.000644818,0.9005589119126304,0.9746067331758987
200000.0,310,0.99,0.456989,0.99,116397,10,26,0.00975962,0.00239726,0.9012092109556766,0.951038178138472
200065.0,307,0.99,0.417876,0.99,188060,10,11,0.00995656,0.000221392,0.9002174363929248,0.98512075270721
203314.0,250,0.99,0.520629,0.99,193684,13,30,0.00996807,0.000187249,0.9001597776444784,0.9863161043558495
200000.0,352,0.99,0.366914,0.99,135994,10,21,0.00979681,0.00172212,0.9010211638783321,0.9585015662946178
200000.0,375,0.99,0.344281,0.99,146521,10,19,0.00982719,0.00128526,0.900867815518874,0.9641494769912627
200000.0,350,0.99,0.354877,0.99,166665,10,29,0.00988248,0.000681187,0.9005893365880702,0.9739004406167461
201678.0,309,0.99,0.387136,0.99,179249,10,20,0.00991756,0.000439395,0.9004130530641691,0.9790382491189309
200000.0,304,0.99,0.415971,0.99,173248,10,22,0.00990667,0.000510973,0.9004677439218823,0.9773952881018139
200000.0,310,0.99,0.43692,0.99,116397,10,26,0.00974585,0.00256953,0.9012789282878271,0.9493094683397383
200000.0,304,0.99,0.413378,0.99,178487,10,23,0.00992287,0.000404201,0.9003863965113198,0.9798952493176364
200038.0,301,0.99,0.428767,0.99,138928,10,31,0.00980778,0.00159436,0.9009657634956476,0.9600705622378677
200000.0,304,0.99,0.415971,0.99,171487,10,22,0.00990116,0.000549917,0.9004954272407544,0.9765496908335946
200000.0,162,0.01,0.520188,0.989824,190814,27,15,0.00998551,7.96943e-06,0.9000724762640443,0.9971769821112859
210680.0,304,0.99,0.394801,0.99,178487,10,23,0.0098915,0.000615299,0.9005439795688567,0.9751947787754272
200000.0,307,0.99,0.417876,0.99,149595,10,12,0.00983765,0.00118621,0.9008150717094578,0.9655586004930113
200000.0,375,0.99,0.344281,0.99,164587,10,15,0.00988036,0.00070714,0.9006,0.9734078959087477
200000.0,360,0.99,0.366914,0.99,158430,10,22,0.00986721,0.000854353,0.9006661689050502,0.9707706825259296
200000.0,321,0.99,0.426354,0.99,122083,10,24,0.00976736,0.00222195,0.901170045026824,0.9528624353620173
200000.0,310,0.99,0.43692,0.99,118587,10,29,0.00975336,0.00244601,0.9012408991535463,0.9505428468267734
201683.0,302,0.99,0.429414,0.99,137201,10,21,0.00980119,0.00169644,0.9009990404086909,0.9588121377102429
200000.0,168,0.01,0.501435,0.917561,190897,18,33,0.00998578,1.16111e-08,0.9000711252940372,0.9998922451857224
200000.0,351,0.99,0.382211,0.99,152201,10,20,0.00985284,0.00102455,0.9007385271114718,0.9679914074036361
200000.0,293,0.99,0.423922,0.99,190040,10,25,0.00996214,0.000201167,0.9001894795124281,0.9858166647081866
200000.0,352,0.99,0.366914,0.99,179473,10,16,0.00992764,0.000373861,0.9003624568749309,0.9806645144876059
200845.0,350,0.99,0.354877,0.99,153771,10,25,0.00984234,0.00110472,0.9007914318216416,0.9667626715875057
200000.0,310,0.99,0.443567,0.99,114149,10,31,0.00974246,0.00263738,0.9012960993678568,0.9486445718545742
200000.0,304,0.99,0.426354,0.99,122083,10,24,0.00975579,0.00241829,0.9012285972560883,0.9508238879129307
200000.0,296,0.99,0.417876,0.99,180791,10,23,0.00992957,0.000362886,0.9003527722412711,0.9809504330757889
200000.0,310,0.99,0.42647,0.99,131380,10,22,0.00978885,0.00187193,0.9010613826658165,0.9567341936397806
200000.0,260,0.99,0.549834,0.961649,107017,10,24,0.00973048,0.0065031,0.9013568045935251,0.9193581994248641
200000.0,302,0.99,0.429414,0.99,137201,10,21,0.00980321,0.00165769,0.9009888390129679,0.9592852606541562
200000.0,352,0.99,0.382211,0.99,152201,10,20,0.0098535,0.00102058,0.9007352026144213,0.9680534821928899
200000.0,142,0.01,0.549435,0.977475,181067,19,21,0.00997047,0.000137282,0.9001477591638525,0.9882832598390167
201414.0,301,0.99,0.417876,0.99,164542,10,22,0.00987635,0.000760705,0.9006201730732036,0.9724191189408316
205979.0,350,0.99,0.354877,0.99,163833,10,29,0.00986115,0.000885627,0.9006966767927679,0.970240514117344
200000.0,142,0.01,0.549435,0.977475,185117,18,34,0.00997371,0.000133011,0.9001315365092664,0.9884669605047065
200000.0,198,0.01,0.501435,0.917561,198181,18,33,0.00999709,2.14755e-09,0.9000145510586666,0.9999536583340826
200000.0,352,0.99,0.366914,0.99,158430,10,22,0.00986298,0.000880326,0.9006874630270679,0.9703297118315308
200000.0,334,0.99,0.364863,0.99,163433,10,29,0.00987217,0.000796648,0.9006412057239018,0.9717750465013669
200000.0,168,0.01,0.549435,0.972938,185117,18,33,0.00997482,4.78373e-05,0.9001259793539882,0.9930835485977273
200000.0,350,0.99,0.354877,0.99,150939,10,29,0.00983586,0.00118864,0.900824095668353,0.9655233412291736
200000.0,310,0.99,0.426354,0.99,128729,10,24,0.00978055,0.00200025,0.9011033367600302,0.9552758454523733
200000.0,260,0.99,0.549834,0.961649,107017,10,24,0.00973048,0.0065031,0.9013568045935251,0.9193581994248641
200000.0,310,0.99,0.436151,0.99,122869,10,23,0.00976699,0.00222297,0.9011719169466492,0.9528516172069497
200000.0,343,0.99,0.364558,0.99,162049,10,20,0.00986934,0.000809404,0.900655448060802,0.9715499736379736
200000.0,304,0.99,0.399423,0.99,173248,10,22,0.00990364,0.000538464,0.9004829662821485,0.9767951729159642
200000.0,359,0.99,0.364308,0.99,146860,10,27,0.00983135,0.00124811,0.900846835653117,0.9646713996880715
200000.0,320,0.99,0.417646,0.99,150318,10,23,0.00984747,0.00109141,0.9007655805680307,0.9669635050285295
200000.0,310,0.988977,0.426354,0.99,128729,10,24,0.00978155,0.00199956,0.9010982811069495,0.9552835600701487
200000.0,306,0.99,0.445105,0.99,134876,10,26,0.0098069,0.00163675,0.9009702065032952,0.9595432329517051
200016.0,287,0.99,0.444343,0.99,176920,10,23,0.00991996,0.00042902,0.9004010040211248,0.9792872020238694
200000.0,359,0.99,0.364308,0.99,147187,10,27,0.00983231,0.00123601,0.9008419947760142,0.9648430661177627
200000.0,197,0.0212401,0.643389,0.99,200000,21,14,0.0100004,1.00407e-11,0.8999980000199996,0.9999968312936394
200000.0,197,0.0212401,0.643389,0.99,200000,21,14,0.0100004,1.00407e-11,0.8999980000199996,0.9999968312936394
200000.0,259,0.99,0.588925,0.946441,96853,10,23,0.00971515,0.00956874,0.9014345395181456,0.9021800633817421
200000.0,259,0.99,0.588925,0.946441,96853,10,27,0.00971528,0.00956712,0.9014338800601343,0.9021883442528448
200000.0,280,0.99,0.522698,0.961649,102925,10,27,0.00972332,0.00670779,0.9013931036894478,0.9180989011062733
200000.0,301,0.99,0.446205,0.99,114756,10,26,0.00973834,0.00270019,0.9013169720772615,0.9480366475292442
200000.0,260,0.99,0.550886,0.968153,108655,10,25,0.00973755,0.00540303,0.9013209748730765,0.9264946940690674
200000.0,260,0.99,0.550886,0.968074,107017,10,20,0.00973138,0.0055485,0.9013522428029912,0.9255117458923892
200000.0,260,0.99,0.550886,0.961649,107017,10,25,0.00973116,0.00649036,0.9013533578878632,0.9194372294418818
202286.0,301,0.99,0.417876,0.99,186367,10,19,0.00994264,0.000296667,0.9002872124549715,0.9827759760799052
200000.0,352,0.99,0.366914,0.99,142080,10,22,0.00981502,0.00145909,0.9009292172232398,0.9618019634012427
200000.0,260,0.99,0.550886,0.96532,107017,10,20,0.00973122,0.00594433,0.9013530537725571,0.92290051880849
200000.0,309,0.99,0.39545,0.99,187243,10,14,0.00995092,0.000232704,0.900245701846988,0.9847453613612122
205717.0,301,0.99,0.417876,0.99,187578,10,24,0.00993687,0.000326049,0.9003161497533326,0.981943173036217
203100.0,309,0.99,0.398355,0.99,130951,10,21,0.00977453,0.00219389,0.901133777254312,0.95316102050642
200000.0,275,0.99,0.536555,0.961649,102925,10,25,0.00972659,0.00665288,0.9013765240928916,0.9184348113469968
200065.0,307,0.99,0.404185,0.99,175442,10,11,0.00991151,0.0004749,0.9004434331648585,0.9782077995603932
200000.0,310,0.99,0.43692,0.99,118587,10,29,0.00975336,0.00244601,0.9012408991535463,0.9505428468267734
200000.0,310,0.99,0.42647,0.99,131380,10,22,0.00978885,0.00187193,0.9010613826658165,0.9567341936397806
200845.0,350,0.99,0.354877,0.99,153771,10,25,0.00984234,0.00110472,0.9007914318216416,0.9667626715875057
200000.0,345,0.99,0.403458,0.99,119407,10,26,0.00976308,0.00230219,0.9011917007534286,0.9520188578710344
200000.0,293,0.99,0.423922,0.99,190040,10,25,0.00996214,0.000201167,0.9001894795124281,0.9858166647081866
200000.0,287,0.99,0.444064,0.99,134876,10,28,0.00979452,0.00180968,0.9010327326839829,0.9574596661978305
200065.0,307,0.99,0.417876,0.99,188060,10,11,0.00995656,0.000221392,0.9002174363929248,0.98512075270721
200000.0,180,0.01,0.549435,0.972938,185117,18,34,0.00997705,1.23875e-05,0.90011481591347,0.9964804119559244
200000.0,260,0.99,0.550886,0.96532,107017,10,23,0.00973134,0.00594261,0.9013524455447577,0.9229116740355584
206574.0,313,0.99,0.401642,0.99,175134,10,23,0.00989587,0.000587037,0.9005220124851734,0.9757711535561431
200000.0,310,0.99,0.443567,0.99,114149,10,31,0.00974246,0.00263738,0.9012960993678568,0.9486445718545742
200000.0,215,0.01,0.501716,0.972938,194600,14,34,0.00999344,5.35038e-09,0.9000328053809651,0.999926853708228
200000.0,328,0.99,0.366914,0.99,143330,10,22,0.00981413,0.00156845,0.9009337090630724,0.9603963385531085
200000.0,345,0.99,0.378358,0.99,119407,10,23,0.00974665,0.00254447,0.9012748765511027,0.9495572601854341
200000.0,334,0.99,0.364095,0.99,168877,10,20,0.00988853,0.000644818,0.9005589119126304,0.9746067331758987
206824.0,350,0.99,0.354877,0.99,150939,10,25,0.00982412,0.00134216,0.9008833011042034,0.963364498092697
200000.0,310,0.99,0.456989,0.99,116397,10,26,0.00975962,0.00239726,0.9012092109556766,0.951038178138472
200000.0,296,0.99,0.417876,0.99,180791,10,23,0.00992957,0.000362886,0.9003527722412711,0.9809504330757889
200000.0,321,0.99,0.456286,0.968074,107017,10,12,0.00973719,0.00543707,0.9013227989857839,0.9262635097119479
203314.0,250,0.99,0.520629,0.99,193684,13,30,0.00996807,0.000187249,0.9001597776444784,0.9863161043558495
200000.0,375,0.99,0.344281,0.99,146521,10,19,0.00982719,0.00128526,0.900867815518874,0.9641494769912627
200000.0,350,0.99,0.354877,0.99,166665,10,29,0.00988248,0.000681187,0.9005893365880702,0.9739004406167461
201678.0,309,0.99,0.387136,0.99,179249,10,20,0.00991756,0.000439395,0.9004130530641691,0.9790382491189309
200000.0,304,0.99,0.415971,0.99,173248,10,22,0.00990667,0.000510973,0.9004677439218823,0.9773952881018139
200000.0,280,0.99,0.522698,0.961649,102925,10,27,0.00972332,0.00670779,0.9013931036894478,0.9180989011062733
200038.0,301,0.99,0.428767,0.99,138928,10,31,0.00980778,0.00159436,0.9009657634956476,0.9600705622378677
200000.0,304,0.99,0.415971,0.99,171487,10,22,0.00990116,0.000549917,0.9004954272407544,0.9765496908335946
200000.0,162,0.01,0.520188,0.989824,190814,27,15,0.00998551,7.96943e-06,0.9000724762640443,0.9971769821112859
210680.0,304,0.99,0.394801,0.99,178487,10,23,0.0098915,0.000615299,0.9005439795688567,0.9751947787754272
200000.0,307,0.99,0.417876,0.99,149595,10,12,0.00983765,0.00118621,0.9008150717094578,0.9655586004930113
200000.0,309,0.99,0.398355,0.99,130951,10,21,0.0097787,0.0021154,0.9011126903996272,0.954006522201512
200000.0,360,0.99,0.366914,0.99,158430,10,22,0.00986721,0.000854353,0.9006661689050502,0.9707706825259296
200000.0,334,0.99,0.364863,0.99,163433,10,29,0.00987217,0.000796648,0.9006412057239018,0.9717750465013669
200000.0,321,0.99,0.426354,0.99,122083,10,24,0.00976736,0.00222195,0.901170045026824,0.9528624353620173
200000.0,320,0.99,0.417646,0.99,150318,10,23,0.00984747,0.00109141,0.9007655805680307,0.9669635050285295
201683.0,302,0.99,0.429414,0.99,137201,10,21,0.00980119,0.00169644,0.9009990404086909,0.9588121377102429
200000.0,168,0.01,0.501435,0.917561,190897,18,33,0.00998578,1.16111e-08,0.9000711252940372,0.9998922451857224
200000.0,375,0.99,0.344281,0.99,164587,10,15,0.00988036,0.00070714,0.9006,0.9734078959087477
200000.0,352,0.99,0.366914,0.99,179473,10,16,0.00992764,0.000373861,0.9003624568749309,0.9806645144876059
200000.0,304,0.99,0.426354,0.99,122083,10,24,0.00975579,0.00241829,0.9012285972560883,0.9508238879129307
200000.0,302,0.99,0.429414,0.99,137201,10,21,0.00980321,0.00165769,0.9009888390129679,0.9592852606541562
200000.0,350,0.99,0.354877,0.99,155322,10,25,0.00984854,0.00103182,0.9007601894399229,0.9678780448913831
200000.0,142,0.01,0.549435,0.977475,181067,19,21,0.00997047,0.000137282,0.9001477591638525,0.9882832598390167
205979.0,350,0.99,0.354877,0.99,163833,10,29,0.00986115,0.000885627,0.9006966767927679,0.970240514117344
200000.0,142,0.01,0.549435,0.977475,185117,18,34,0.00997371,0.000133011,0.9001315365092664,0.9884669605047065
200000.0,198,0.01,0.501435,0.917561,198181,18,33,0.00999709,2.14755e-09,0.9000145510586666,0.9999536583340826
200000.0,352,0.99,0.366914,0.99,158430,10,22,0.00986298,0.000880326,0.9006874630270679,0.9703297118315308
200000.0,352,0.99,0.366914,0.99,135994,10,21,0.00979681,0.00172212,0.9010211638783321,0.9585015662946178
200000.0,310,0.99,0.43692,0.99,116397,10,26,0.00974585,0.00256953,0.9012789282878271,0.9493094683397383
200000.0,168,0.01,0.549435,0.972938,185117,18,33,0.00997482,4.78373e-05,0.9001259793539882,0.9930835485977273
200000.0,350,0.99,0.354877,0.99,150939,10,29,0.00983586,0.00118864,0.900824095668353,0.9655233412291736
200000.0,310,0.99,0.436151,0.99,122869,10,23,0.00976699,0.00222297,0.9011719169466492,0.9528516172069497
200000.0,343,0.99,0.364558,0.99,162049,10,20,0.00986934,0.000809404,0.900655448060802,0.9715499736379736
200000.0,304,0.99,0.399423,0.99,173248,10,22,0.00990364,0.000538464,0.9004829662821485,0.9767951729159642
200000.0,334,0.99,0.36363,0.99,158699,10,20,0.00985794,0.000949363,0.9007128407093847,0.9691882652224838
200000.0,359,0.99,0.364308,0.99,146860,10,27,0.00983135,0.00124811,0.900846835653117,0.9646713996880715
206824.0,350,0.99,0.354877,0.99,150939,10,25,0.00982412,0.00134216,0.9008833011042034,0.963364498092697
200000.0,310,0.988977,0.426354,0.99,128729,10,24,0.00978155,0.00199956,0.9010982811069495,0.9552835600701487
200000.0,306,0.99,0.445105,0.99,134876,10,26,0.0098069,0.00163675,0.9009702065032952,0.9595432329517051
200016.0,287,0.99,0.444343,0.99,176920,10,23,0.00991996,0.00042902,0.9004010040211248,0.9792872020238694
200000.0,359,0.99,0.364308,0.99,147187,10,27,0.00983231,0.00123601,0.9008419947760142,0.9648430661177627
201414.0,301,0.99,0.417876,0.99,164542,10,22,0.00987635,0.000760705,0.9006201730732036,0.9724191189408316
200000.0,304,0.99,0.426354,0.99,131380,10,14,0.00978506,0.00193466,0.9010805378097919,0.9560152299085241
200000.0,259,0.99,0.588925,0.946441,96853,10,23,0.00971515,0.00956874,0.9014345395181456,0.9021800633817421
200000.0,259,0.99,0.588925,0.946441,96853,10,23,0.00971515,0.00956874,0.9014345395181456,0.9021800633817421
200000.0,197,0.0212401,0.643389,0.99,200000,21,14,0.0100004,1.00407e-11,0.8999980000199996,0.9999968312936394
200000.0,197,0.0212401,0.643389,0.99,200000,21,14,0.0100004,1.00407e-11,0.8999980000199996,0.9999968312936394
200000.0,259,0.99,0.588925,0.946441,96853,10,27,0.00971528,0.00956712,0.9014338800601343,0.9021883442528448
200000.0,280,0.99,0.522698,0.961649,102925,10,24,0.00972323,0.00670853,0.9013935600480374,0.9180943835869603
200000.0,301,0.99,0.446205,0.99,114756,10,26,0.00973834,0.00270019,0.9013169720772615,0.9480366475292442
200000.0,260,0.99,0.550886,0.968153,108655,10,25,0.00973755,0.00540303,0.9013209748730765,0.9264946940690674
200000.0,260,0.99,0.550886,0.968074,107017,10,20,0.00973138,0.0055485,0.9013522428029912,0.9255117458923892
200000.0,260,0.99,0.550886,0.961649,107017,10,25,0.00973116,0.00649036,0.9013533578878632,0.9194372294418818
202286.0,301,0.99,0.417876,0.99,186367,10,19,0.00994264,0.000296667,0.9002872124549715,0.9827759760799052
200000.0,352,0.99,0.366914,0.99,142080,10,22,0.00981502,0.00145909,0.9009292172232398,0.9618019634012427
200000.0,260,0.99,0.550886,0.96532,107017,10,20,0.00973122,0.00594433,0.9013530537725571,0.92290051880849
200000.0,309,0.99,0.39545,0.99,187243,10,14,0.00995092,0.000232704,0.900245701846988,0.9847453613612122
200000.0,168,0.01,0.501435,0.917561,190897,18,33,0.00998578,1.16111e-08,0.9000711252940372,0.9998922451857224
200000.0,275,0.99,0.536555,0.961649,102925,10,25,0.00972659,0.00665288,0.9013765240928916,0.9184348113469968
200000.0,310,0.99,0.42647,0.99,131380,10,22,0.00978885,0.00187193,0.9010613826658165,0.9567341936397806
200065.0,307,0.99,0.404185,0.99,175442,10,11,0.00991151,0.0004749,0.9004434331648585,0.9782077995603932
200000.0,310,0.99,0.43692,0.99,118587,10,29,0.00975336,0.00244601,0.9012408991535463,0.9505428468267734
200000.0,293,0.99,0.423922,0.99,190040,10,25,0.00996214,0.000201167,0.9001894795124281,0.9858166647081866
200000.0,287,0.99,0.444064,0.99,134876,10,28,0.00979452,0.00180968,0.9010327326839829,0.9574596661978305
205717.0,301,0.99,0.417876,0.99,187578,10,24,0.00993687,0.000326049,0.9003161497533326,0.981943173036217
200065.0,307,0.99,0.417876,0.99,188060,10,11,0.00995656,0.000221392,0.9002174363929248,0.98512075270721
200016.0,287,0.99,0.444343,0.99,176920,10,23,0.00991996,0.00042902,0.9004010040211248,0.9792872020238694
200000.0,260,0.99,0.550886,0.96532,107017,10,23,0.00973134,0.00594261,0.9013524455447577,0.9229116740355584
200000.0,310,0.988977,0.426354,0.99,128729,10,24,0.00978155,0.00199956,0.9010982811069495,0.9552835600701487
206574.0,313,0.99,0.401642,0.99,175134,10,23,0.00989587,0.000587037,0.9005220124851734,0.9757711535561431
200000.0,352,0.99,0.366914,0.99,179473,10,16,0.00992764,0.000373861,0.9003624568749309,0.9806645144876059
200000.0,310,0.99,0.443567,0.99,114149,10,31,0.00974246,0.00263738,0.9012960993678568,0.9486445718545742
200000.0,215,0.01,0.501716,0.972938,194600,14,34,0.00999344,5.35038e-09,0.9000328053809651,0.999926853708228
200000.0,328,0.99,0.366914,0.99,143330,10,22,0.00981413,0.00156845,0.9009337090630724,0.9603963385531085
200000.0,345,0.99,0.378358,0.99,119407,10,23,0.00974665,0.00254447,0.9012748765511027,0.9495572601854341
200000.0,304,0.99,0.426354,0.99,131380,10,14,0.00978506,0.00193466,0.9010805378097919,0.9560152299085241
200000.0,334,0.99,0.364095,0.99,168877,10,20,0.00988853,0.000644818,0.9005589119126304,0.9746067331758987
206824.0,350,0.99,0.354877,0.99,150939,10,25,0.00982412,0.00134216,0.9008833011042034,0.963364498092697
200000.0,309,0.99,0.398355,0.99,130951,10,21,0.0097787,0.0021154,0.9011126903996272,0.954006522201512
200000.0,310,0.99,0.456989,0.99,116397,10,26,0.00975962,0.00239726,0.9012092109556766,0.951038178138472
200000.0,309,0.99,0.387172,0.99,157754,10,13,0.00985679,0.00100558,0.9007186321609135,0.9682891185868321
200000.0,345,0.99,0.403458,0.99,119407,10,26,0.00976308,0.00230219,0.9011917007534286,0.9520188578710344
200000.0,321,0.99,0.456286,0.968074,107017,10,12,0.00973719,0.00543707,0.9013227989857839,0.9262635097119479
203314.0,250,0.99,0.520629,0.99,193684,13,30,0.00996807,0.000187249,0.9001597776444784,0.9863161043558495
200000.0,352,0.99,0.366914,0.99,135994,10,21,0.00979681,0.00172212,0.9010211638783321,0.9585015662946178
200000.0,375,0.99,0.344281,0.99,146521,10,19,0.00982719,0.00128526,0.900867815518874,0.9641494769912627
200000.0,350,0.99,0.354877,0.99,155322,10,25,0.00984854,0.00103182,0.9007601894399229,0.9678780448913831
201678.0,309,0.99,0.387136,0.99,179249,10,20,0.00991756,0.000439395,0.9004130530641691,0.9790382491189309
200000.0,304,0.99,0.415971,0.99,173248,10,22,0.00990667,0.000510973,0.9004677439218823,0.9773952881018139
200038.0,301,0.99,0.428767,0.99,138928,10,31,0.00980778,0.00159436,0.9009657634956476,0.9600705622378677
200000.0,304,0.99,0.415971,0.99,171487,10,22,0.00990116,0.000549917,0.9004954272407544,0.9765496908335946
200000.0,180,0.01,0.549435,0.983877,185117,18,34,0.0099782,6.4453e-06,0.9001090594698398,0.9974612404603823
200000.0,360,0.99,0.366914,0.99,158430,10,22,0.00986721,0.000854353,0.9006661689050502,0.9707706825259296
200000.0,375,0.99,0.344281,0.99,164587,10,15,0.00988036,0.00070714,0.9006,0.9734078959087477
205717.0,331,0.99,0.349675,0.99,187578,10,24,0.00993209,0.000354409,0.9003401284367675,0.9811742463630271
200000.0,320,0.99,0.417646,0.99,150318,10,23,0.00984747,0.00109141,0.9007655805680307,0.9669635050285295
201683.0,302,0.99,0.429414,0.99,137201,10,21,0.00980119,0.00169644,0.9009990404086909,0.9588121377102429
200845.0,350,0.99,0.354877,0.99,153771,10,25,0.00984234,0.00110472,0.9007914318216416,0.9667626715875057
200000.0,321,0.98666,0.426354,0.99,122083,10,22,0.00977023,0.00222024,0.9011555262040412,0.9528805772531115
200000.0,304,0.99,0.426354,0.99,122083,10,24,0.00975579,0.00241829,0.9012285972560883,0.9508238879129307
201414.0,301,0.99,0.417876,0.99,164542,10,22,0.00987635,0.000760705,0.9006201730732036,0.9724191189408316
200000.0,302,0.99,0.429414,0.99,137201,10,21,0.00980321,0.00165769,0.9009888390129679,0.9592852606541562
200000.0,142,0.01,0.549435,0.977475,181067,19,21,0.00997047,0.000137282,0.9001477591638525,0.9882832598390167
200000.0,350,0.99,0.354877,0.99,166665,10,29,0.00988248,0.000681187,0.9005893365880702,0.9739004406167461
203100.0,309,0.99,0.398355,0.99,130951,10,21,0.00977453,0.00219389,0.901133777254312,0.95316102050642
200000.0,304,0.99,0.415971,0.99,151253,10,22,0.00984082,0.00114717,0.9007990927460843,0.9661301018602063
205979.0,350,0.99,0.354877,0.99,163833,10,29,0.00986115,0.000885627,0.9006966767927679,0.970240514117344
200000.0,142,0.01,0.549435,0.977475,185117,18,34,0.00997371,0.000133011,0.9001315365092664,0.9884669605047065
200000.0,198,0.01,0.501435,0.917561,198181,18,33,0.00999709,2.14755e-09,0.9000145510586666,0.9999536583340826
200000.0,352,0.99,0.366914,0.99,158430,10,22,0.00986298,0.000880326,0.9006874630270679,0.9703297118315308
200000.0,310,0.99,0.43692,0.99,116397,10,26,0.00974585,0.00256953,0.9012789282878271,0.9493094683397383
200000.0,168,0.01,0.549435,0.972938,185117,18,33,0.00997482,4.78373e-05,0.9001259793539882,0.9930835485977273
200000.0,343,0.99,0.364558,0.99,162049,10,20,0.00986934,0.000809404,0.900655448060802,0.9715499736379736
200000.0,304,0.99,0.399423,0.99,173248,10,22,0.00990364,0.000538464,0.9004829662821485,0.9767951729159642
200000.0,359,0.99,0.364308,0.99,146860,10,27,0.00983135,0.00124811,0.900846835653117,0.9646713996880715
206824.0,350,0.99,0.354877,0.99,150939,10,25,0.00982412,0.00134216,0.9008833011042034,0.963364498092697
200000.0,315,0.99,0.458292,0.99,119407,10,25,0.0097761,0.00217774,0.9011258375509557,0.9533337380969935
200000.0,306,0.99,0.445105,0.99,134876,10,26,0.0098069,0.00163675,0.9009702065032952,0.9595432329517051
200000.0,332,0.99,0.400984,0.99,123712,10,22,0.00976529,0.00223264,0.9011805181151004,0.9527491799012969
200000.0,334,0.99,0.36363,0.99,158699,10,20,0.00985794,0.000949363,0.9007128407093847,0.9691882652224838
200000.0,307,0.99,0.417876,0.99,149595,10,12,0.00983765,0.00118621,0.9008150717094578,0.9655586004930113
200000.0,334,0.99,0.364863,0.99,163433,10,29,0.00987217,0.000796648,0.9006412057239018,0.9717750465013669
210680.0,304,0.99,0.394801,0.99,178487,10,23,0.0098915,0.000615299,0.9005439795688567,0.9751947787754272
200000.0,197,0.0212401,0.643389,0.99,200000,21,14,0.0100004,1.00407e-11,0.8999980000199996,0.9999968312936394
200000.0,197,0.0212401,0.643389,0.99,200000,21,14,0.0100004,1.00407e-11,0.8999980000199996,0.9999968312936394
200000.0,259,0.99,0.588925,0.946441,96853,10,23,0.00971515,0.00956874,0.9014345395181456,0.9021800633817421
200000.0,259,0.99,0.588925,0.946441,96853,10,23,0.00971515,0.00956874,0.9014345395181456,0.9021800633817421
200000.0,280,0.99,0.522698,0.961649,102925,10,24,0.00972323,0.00670853,0.9013935600480374,0.9180943835869603
200000.0,259,0.99,0.588925,0.946441,96853,10,27,0.00971528,0.00956712,0.9014338800601343,0.9021883442528448
200000.0,301,0.99,0.446205,0.99,114756,10,26,0.00973834,0.00270019,0.9013169720772615,0.9480366475292442
200000.0,260,0.99,0.550886,0.968153,108655,10,25,0.00973755,0.00540303,0.9013209748730765,0.9264946940690674
200000.0,260,0.99,0.550886,0.968074,107017,10,20,0.00973138,0.0055485,0.9013522428029912,0.9255117458923892
200000.0,260,0.99,0.550886,0.961649,107017,10,25,0.00973116,0.00649036,0.9013533578878632,0.9194372294418818
200000.0,352,0.99,0.366914,0.99,142080,10,22,0.00981502,0.00145909,0.9009292172232398,0.9618019634012427
200000.0,260,0.99,0.550886,0.96532,107017,10,20,0.00973122,0.00594433,0.9013530537725571,0.92290051880849
200000.0,168,0.01,0.501435,0.917561,190897,18,33,0.00998578,1.16111e-08,0.9000711252940372,0.9998922451857224
200000.0,275,0.99,0.536555,0.961649,102925,10,25,0.00972659,0.00665288,0.9013765240928916,0.9184348113469968
200000.0,359,0.99,0.364308,0.99,146860,10,27,0.00983135,0.00124811,0.900846835653117,0.9646713996880715
200000.0,310,0.99,0.43692,0.99,118587,10,29,0.00975336,0.00244601,0.9012408991535463,0.9505428468267734
200000.0,309,0.99,0.39545,0.99,187243,10,14,0.00995092,0.000232704,0.900245701846988,0.9847453613612122
200000.0,293,0.99,0.423922,0.99,190040,10,25,0.00996214,0.000201167,0.9001894795124281,0.9858166647081866
200000.0,307,0.99,0.417876,0.99,149595,10,12,0.00983765,0.00118621,0.9008150717094578,0.9655586004930113
200000.0,180,0.01,0.549435,0.983877,185117,18,34,0.0099782,6.4453e-06,0.9001090594698398,0.9974612404603823
205717.0,301,0.99,0.417876,0.99,187578,10,24,0.00993687,0.000326049,0.9003161497533326,0.981943173036217
200065.0,307,0.99,0.417876,0.99,188060,10,11,0.00995656,0.000221392,0.9002174363929248,0.98512075270721
200000.0,260,0.99,0.550886,0.96532,107017,10,23,0.00973134,0.00594261,0.9013524455447577,0.9229116740355584
200000.0,350,0.99,0.354877,0.99,155322,10,25,0.00984854,0.00103182,0.9007601894399229,0.9678780448913831
200000.0,309,0.99,0.387172,0.99,157754,10,13,0.00985679,0.00100558,0.9007186321609135,0.9682891185868321
206574.0,313,0.99,0.401642,0.99,175134,10,23,0.00989587,0.000587037,0.9005220124851734,0.9757711535561431
200000.0,310,0.99,0.443567,0.99,114149,10,31,0.00974246,0.00263738,0.9012960993678568,0.9486445718545742
200000.0,215,0.01,0.501716,0.972938,194600,14,34,0.00999344,5.35038e-09,0.9000328053809651,0.999926853708228
200000.0,328,0.99,0.366914,0.99,143330,10,22,0.00981413,0.00156845,0.9009337090630724,0.9603963385531085
200000.0,345,0.99,0.378358,0.99,119407,10,23,0.00974665,0.00254447,0.9012748765511027,0.9495572601854341
200065.0,307,0.99,0.417876,0.99,178866,10,11,0.00992589,0.000388207,0.9003712390923183,0.9802970306806309
201414.0,301,0.99,0.417876,0.99,164542,10,22,0.00987635,0.000760705,0.9006201730732036,0.9724191189408316
200000.0,309,0.99,0.398355,0.99,130951,10,21,0.0097787,0.0021154,0.9011126903996272,0.954006522201512
205717.0,331,0.99,0.349675,0.99,187578,10,24,0.00993209,0.000354409,0.9003401284367675,0.9811742463630271
200000.0,321,0.99,0.456286,0.968074,107017,10,12,0.00973719,0.00543707,0.9013227989857839,0.9262635097119479
200000.0,321,0.98666,0.426354,0.99,122083,10,22,0.00977023,0.00222024,0.9011555262040412,0.9528805772531115
203314.0,250,0.99,0.520629,0.99,193684,13,30,0.00996807,0.000187249,0.9001597776444784,0.9863161043558495
200000.0,352,0.99,0.366914,0.99,135994,10,21,0.00979681,0.00172212,0.9010211638783321,0.9585015662946178
200000.0,350,0.99,0.354877,0.99,166665,10,29,0.00988248,0.000681187,0.9005893365880702,0.9739004406167461
206824.0,350,0.99,0.354877,0.99,150939,10,25,0.00982412,0.00134216,0.9008833011042034,0.963364498092697
201678.0,320,0.99,0.387136,0.99,179075,10,20,0.00991822,0.000422962,0.9004097394320107,0.9794339600311581
200000.0,332,0.99,0.400984,0.99,123712,10,22,0.00976529,0.00223264,0.9011805181151004,0.9527491799012969
200000.0,343,0.99,0.364558,0.99,162049,10,20,0.00986934,0.000809404,0.900655448060802,0.9715499736379736
202286.0,301,0.99,0.417876,0.99,186367,10,19,0.00994264,0.000296667,0.9002872124549715,0.9827759760799052
200000.0,310,0.99,0.42647,0.99,131380,10,22,0.00978885,0.00187193,0.9010613826658165,0.9567341936397806
200000.0,304,0.99,0.415971,0.99,171487,10,22,0.00990116,0.000549917,0.9004954272407544,0.9765496908335946
210680.0,304,0.99,0.394801,0.99,178487,10,23,0.0098915,0.000615299,0.9005439795688567,0.9751947787754272
200000.0,375,0.99,0.344281,0.99,164587,10,15,0.00988036,0.00070714,0.9006,0.9734078959087477
204383.0,350,0.99,0.354877,0.99,163833,10,29,0.0098643,0.000853509,0.9006808175627689,0.9707851236524951
200000.0,334,0.99,0.364863,0.99,163433,10,29,0.00987217,0.000796648,0.9006412057239018,0.9717750465013669
200000.0,345,0.99,0.403458,0.99,119407,10,26,0.00976308,0.00230219,0.9011917007534286,0.9520188578710344
200000.0,320,0.99,0.417646,0.99,150318,10,23,0.00984747,0.00109141,0.9007655805680307,0.9669635050285295
201683.0,302,0.99,0.429414,0.99,137201,10,21,0.00980119,0.00169644,0.9009990404086909,0.9588121377102429
200845.0,350,0.99,0.354877,0.99,153771,10,25,0.00984234,0.00110472,0.9007914318216416,0.9667626715875057
200000.0,168,0.01,0.549435,0.972938,185117,18,33,0.00997482,4.78373e-05,0.9001259793539882,0.9930835485977273
200000.0,310,0.988977,0.426354,0.99,128729,10,24,0.00978155,0.00199956,0.9010982811069495,0.9552835600701487
200038.0,301,0.99,0.428767,0.99,138928,10,31,0.00980778,0.00159436,0.9009657634956476,0.9600705622378677
201678.0,309,0.99,0.387136,0.99,179249,10,20,0.00991756,0.000439395,0.9004130530641691,0.9790382491189309
200000.0,304,0.99,0.426354,0.99,122083,10,24,0.00975579,0.00241829,0.9012285972560883,0.9508238879129307
200000.0,334,0.99,0.364095,0.99,168877,10,20,0.00988853,0.000644818,0.9005589119126304,0.9746067331758987
200073.0,287,0.99,0.444064,0.99,134876,10,28,0.00979444,0.00181137,0.9010331368588456,0.9574398073312632
201675.0,331,0.99,0.362732,0.99,187578,10,28,0.00994537,0.000277389,0.9002735240771038,0.9833450007505253
200000.0,302,0.99,0.429414,0.99,137201,10,21,0.00980321,0.00165769,0.9009888390129679,0.9592852606541562
200000.0,304,0.99,0.415971,0.99,173248,10,22,0.00990667,0.000510973,0.9004677439218823,0.9773952881018139
200000.0,304,0.99,0.426354,0.99,131380,10,14,0.00978506,0.00193466,0.9010805378097919,0.9560152299085241
200000.0,142,0.01,0.549435,0.977475,181067,19,21,0.00997047,0.000137282,0.9001477591638525,0.9882832598390167
200000.0,352,0.99,0.366914,0.99,179473,10,16,0.00992764,0.000373861,0.9003624568749309,0.9806645144876059
203100.0,309,0.99,0.398355,0.99,130951,10,21,0.00977453,0.00219389,0.901133777254312,0.95316102050642
200000.0,304,0.99,0.415971,0.99,151253,10,22,0.00984082,0.00114717,0.9007990927460843,0.9661301018602063
200013.0,307,0.99,0.404185,0.99,175442,10,14,0.00991168,0.000472732,0.9004425793825492,0.9782575990286261
200000.0,142,0.01,0.549435,0.977475,185117,18,34,0.00997371,0.000133011,0.9001315365092664,0.9884669605047065
200000.0,198,0.01,0.501435,0.917561,198181,18,33,0.00999709,2.14755e-09,0.9000145510586666,0.9999536583340826
200000.0,310,0.99,0.43692,0.99,116397,10,26,0.00974585,0.00256953,0.9012789282878271,0.9493094683397383
200000.0,375,0.99,0.344281,0.99,146521,10,19,0.00982719,0.00128526,0.900867815518874,0.9641494769912627
200000.0,304,0.99,0.399423,0.99,173248,10,22,0.00990364,0.000538464,0.9004829662821485,0.9767951729159642
200000.0,310,0.99,0.456989,0.99,116397,10,26,0.00975962,0.00239726,0.9012092109556766,0.951038178138472
200000.0,315,0.99,0.458292,0.99,119407,10,25,0.0097761,0.00217774,0.9011258375509557,0.9533337380969935
200000.0,301,0.99,0.430797,0.99,123367,10,26,0.00976023,0.00234444,0.9012061236715554,0.951580582407468
200000.0,352,0.99,0.366914,0.99,173756,10,28,0.00990943,0.000487604,0.9004538800354328,0.9779182428235432
206824.0,350,0.99,0.354877,0.99,150939,10,25,0.00982412,0.00134216,0.9008833011042034,0.963364498092697
200000.0,259,0.99,0.588925,0.946441,96853,10,23,0.00971515,0.00956874,0.9014345395181456,0.9021800633817421
200000.0,259,0.99,0.588925,0.946441,96853,10,23,0.00971515,0.00956874,0.9014345395181456,0.9021800633817421
200000.0,197,0.0212401,0.643389,0.99,200000,21,14,0.0100004,1.00407e-11,0.8999980000199996,0.9999968312936394
200000.0,197,0.0212401,0.643389,0.99,200000,21,14,0.0100004,1.00407e-11,0.8999980000199996,0.9999968312936394
200000.0,280,0.99,0.522698,0.961649,102925,10,24,0.00972323,0.00670853,0.9013935600480374,0.9180943835869603
200000.0,259,0.99,0.588925,0.946441,96853,10,27,0.00971528,0.00956712,0.9014338800601343,0.9021883442528448
200000.0,301,0.99,0.446205,0.99,114756,10,26,0.00973834,0.00270019,0.9013169720772615,0.9480366475292442
200000.0,260,0.99,0.550886,0.968153,108655,10,25,0.00973755,0.00540303,0.9013209748730765,0.9264946940690674
200000.0,260,0.99,0.550886,0.961649,107017,10,25,0.00973116,0.00649036,0.9013533578878632,0.9194372294418818
200000.0,260,0.99,0.550886,0.968074,107017,10,20,0.00973138,0.0055485,0.9013522428029912,0.9255117458923892
200000.0,260,0.99,0.550886,0.96532,107017,10,20,0.00973122,0.00594433,0.9013530537725571,0.92290051880849
200000.0,168,0.01,0.501435,0.917561,190897,18,33,0.00998578,1.16111e-08,0.9000711252940372,0.9998922451857224
200000.0,275,0.99,0.536555,0.961649,102925,10,25,0.00972659,0.00665288,0.9013765240928916,0.9184348113469968
200000.0,352,0.99,0.366914,0.99,142080,10,22,0.00981502,0.00145909,0.9009292172232398,0.9618019634012427
200000.0,309,0.99,0.387172,0.99,157754,10,13,0.00985679,0.00100558,0.9007186321609135,0.9682891185868321
200038.0,301,0.99,0.428767,0.99,138928,10,31,0.00980778,0.00159436,0.9009657634956476,0.9600705622378677
200000.0,359,0.99,0.364308,0.99,146860,10,27,0.00983135,0.00124811,0.900846835653117,0.9646713996880715
200000.0,310,0.99,0.42647,0.99,131380,10,22,0.00978885,0.00187193,0.9010613826658165,0.9567341936397806
200000.0,310,0.99,0.43692,0.99,118587,10,29,0.00975336,0.00244601,0.9012408991535463,0.9505428468267734
200000.0,309,0.99,0.39545,0.99,187243,10,14,0.00995092,0.000232704,0.900245701846988,0.9847453613612122
204383.0,380,0.99,0.354877,0.99,143394,10,27,0.00982346,0.00141062,0.9008866305688279,0.9624417785298611
200000.0,293,0.99,0.423922,0.99,190040,10,25,0.00996214,0.000201167,0.9001894795124281,0.9858166647081866
200000.0,307,0.99,0.417876,0.99,149595,10,12,0.00983765,0.00118621,0.9008150717094578,0.9655586004930113
200073.0,287,0.99,0.444064,0.99,134876,10,28,0.00979444,0.00181137,0.9010331368588456,0.9574398073312632
200000.0,180,0.01,0.549435,0.983877,185117,18,34,0.0099782,6.4453e-06,0.9001090594698398,0.9974612404603823
205717.0,301,0.99,0.417876,0.99,187578,10,24,0.00993687,0.000326049,0.9003161497533326,0.981943173036217
200065.0,307,0.99,0.417876,0.99,188060,10,11,0.00995656,0.000221392,0.9002174363929248,0.98512075270721
200000.0,309,0.99,0.387172,0.99,158988,10,11,0.00986048,0.000964084,0.90070005035248,0.9689502979080313
200000.0,350,0.99,0.354877,0.99,155322,10,25,0.00984854,0.00103182,0.9007601894399229,0.9678780448913831
200000.0,260,0.99,0.550886,0.96532,107017,10,23,0.00973134,0.00594261,0.9013524455447577,0.9229116740355584
206574.0,313,0.99,0.401642,0.99,175134,10,23,0.00989587,0.000587037,0.9005220124851734,0.9757711535561431
200000.0,310,0.99,0.443567,0.99,114149,10,31,0.00974246,0.00263738,0.9012960993678568,0.9486445718545742
200000.0,215,0.01,0.501716,0.972938,194600,14,34,0.00999344,5.35038e-09,0.9000328053809651,0.999926853708228
200000.0,328,0.99,0.366914,0.99,143330,10,22,0.00981413,0.00156845,0.9009337090630724,0.9603963385531085
200000.0,345,0.99,0.378358,0.99,119407,10,23,0.00974665,0.00254447,0.9012748765511027,0.9495572601854341
200000.0,304,0.99,0.426354,0.99,131380,10,14,0.00978506,0.00193466,0.9010805378097919,0.9560152299085241
200065.0,307,0.99,0.417876,0.99,178866,10,11,0.00992589,0.000388207,0.9003712390923183,0.9802970306806309
201414.0,301,0.99,0.417876,0.99,164542,10,22,0.00987635,0.000760705,0.9006201730732036,0.9724191189408316
205717.0,331,0.99,0.349675,0.99,187578,10,24,0.00993209,0.000354409,0.9003401284367675,0.9811742463630271
200000.0,321,0.99,0.456286,0.968074,107017,10,12,0.00973719,0.00543707,0.9013227989857839,0.9262635097119479
200000.0,321,0.98666,0.426354,0.99,122083,10,22,0.00977023,0.00222024,0.9011555262040412,0.9528805772531115
203314.0,250,0.99,0.520629,0.99,193684,13,30,0.00996807,0.000187249,0.9001597776444784,0.9863161043558495
201675.0,331,0.99,0.362732,0.99,187578,10,28,0.00994537,0.000277389,0.9002735240771038,0.9833450007505253
200000.0,352,0.99,0.366914,0.99,135994,10,21,0.00979681,0.00172212,0.9010211638783321,0.9585015662946178
200000.0,375,0.99,0.344281,0.99,146521,10,19,0.00982719,0.00128526,0.900867815518874,0.9641494769912627
202286.0,301,0.99,0.417876,0.99,186367,10,19,0.00994264,0.000296667,0.9002872124549715,0.9827759760799052
201678.0,320,0.99,0.387136,0.99,179075,10,20,0.00991822,0.000422962,0.9004097394320107,0.9794339600311581
200000.0,302,0.99,0.429414,0.99,137201,10,21,0.00980321,0.00165769,0.9009888390129679,0.9592852606541562
200000.0,332,0.99,0.400984,0.99,123712,10,22,0.00976529,0.00223264,0.9011805181151004,0.9527491799012969
200013.0,307,0.99,0.404185,0.99,175442,10,14,0.00991168,0.000472732,0.9004425793825492,0.9782575990286261
200000.0,304,0.99,0.415971,0.99,171487,10,22,0.00990116,0.000549917,0.9004954272407544,0.9765496908335946
210680.0,304,0.99,0.394801,0.99,178487,10,23,0.0098915,0.000615299,0.9005439795688567,0.9751947787754272
200000.0,375,0.99,0.344281,0.99,164587,10,15,0.00988036,0.00070714,0.9006,0.9734078959087477
200000.0,334,0.99,0.364863,0.99,163433,10,29,0.00987217,0.000796648,0.9006412057239018,0.9717750465013669
200000.0,345,0.99,0.403458,0.99,119407,10,26,0.00976308,0.00230219,0.9011917007534286,0.9520188578710344
200000.0,320,0.99,0.417646,0.99,150318,10,23,0.00984747,0.00109141,0.9007655805680307,0.9669635050285295
204383.0,350,0.99,0.354877,0.99,163833,10,29,0.0098643,0.000853509,0.9006808175627689,0.9707851236524951
201683.0,302,0.99,0.429414,0.99,137201,10,21,0.00980119,0.00169644,0.9009990404086909,0.9588121377102429
200845.0,350,0.99,0.354877,0.99,153771,10,25,0.00984234,0.00110472,0.9007914318216416,0.9667626715875057
200000.0,168,0.01,0.549435,0.972938,185117,18,33,0.00997482,4.78373e-05,0.9001259793539882,0.9930835485977273
201678.0,309,0.99,0.387136,0.99,179249,10,20,0.00991756,0.000439395,0.9004130530641691,0.9790382491189309
200000.0,304,0.99,0.426354,0.99,122083,10,24,0.00975579,0.00241829,0.9012285972560883,0.9508238879129307
200000.0,304,0.99,0.415971,0.99,173248,10,22,0.00990667,0.000510973,0.9004677439218823,0.9773952881018139
200000.0,142,0.01,0.549435,0.977475,181067,19,21,0.00997047,0.000137282,0.9001477591638525,0.9882832598390167
200000.0,352,0.99,0.366914,0.99,179473,10,16,0.00992764,0.000373861,0.9003624568749309,0.9806645144876059
200000.0,309,0.99,0.398355,0.99,130951,10,21,0.0097787,0.0021154,0.9011126903996272,0.954006522201512
200000.0,304,0.99,0.415971,0.99,151253,10,22,0.00984082,0.00114717,0.9007990927460843,0.9661301018602063
200000.0,142,0.01,0.549435,0.977475,185117,18,34,0.00997371,0.000133011,0.9001315365092664,0.9884669605047065
200000.0,198,0.01,0.501435,0.917561,198181,18,33,0.00999709,2.14755e-09,0.9000145510586666,0.9999536583340826
200000.0,310,0.99,0.43692,0.99,116397,10,26,0.00974585,0.00256953,0.9012789282878271,0.9493094683397383
200000.0,334,0.99,0.364095,0.99,168877,10,20,0.00988853,0.000644818,0.9005589119126304,0.9746067331758987
200000.0,350,0.99,0.354877,0.99,166665,10,29,0.00988248,0.000681187,0.9005893365880702,0.9739004406167461
200000.0,304,0.99,0.399423,0.99,173248,10,22,0.00990364,0.000538464,0.9004829662821485,0.9767951729159642
200000.0,310,0.99,0.456989,0.99,116397,10,26,0.00975962,0.00239726,0.9012092109556766,0.951038178138472
200000.0,315,0.99,0.458292,0.99,119407,10,25,0.0097761,0.00217774,0.9011258375509557,0.9533337380969935
200000.0,306,0.988977,0.426354,0.99,128729,10,24,0.00977921,0.00204071,0.9011101117403807,0.9548257816891095
200000.0,301,0.99,0.430797,0.99,123367,10,26,0.00976023,0.00234444,0.9012061236715554,0.951580582407468
200000.0,352,0.99,0.366914,0.99,173756,10,28,0.00990943,0.000487604,0.9004538800354328,0.9779182428235432
200000.0,343,0.99,0.364558,0.99,162049,10,20,0.00986934,0.000809404,0.900655448060802,0.9715499736379736
204383.0,350,0.99,0.354877,0.99,163833,10,29,0.0098643,0.000853509,0.9006808175627689,0.9707851236524951
200000.0,197,0.0212401,0.643389,0.99,200000,21,14,0.0100004,1.00407e-11,0.8999980000199996,0.9999968312936394
200000.0,197,0.0212401,0.643389,0.99,200000,21,14,0.0100004,1.00407e-11,0.8999980000199996,0.9999968312936394
200000.0,259,0.99,0.588925,0.946441,96853,10,23,0.00971515,0.00956874,0.9014345395181456,0.9021800633817421
200000.0,259,0.99,0.588925,0.946441,96853,10,23,0.00971515,0.00956874,0.9014345395181456,0.9021800633817421
200000.0,259,0.99,0.588925,0.946441,96853,10,27,0.00971528,0.00956712,0.9014338800601343,0.9021883442528448
200000.0,280,0.99,0.522698,0.961649,102925,10,24,0.00972323,0.00670853,0.9013935600480374,0.9180943835869603
200000.0,301,0.99,0.446205,0.99,114756,10,26,0.00973834,0.00270019,0.9013169720772615,0.9480366475292442
200000.0,260,0.99,0.550886,0.968153,108655,10,25,0.00973755,0.00540303,0.9013209748730765,0.9264946940690674
200000.0,260,0.99,0.550886,0.961649,107017,10,25,0.00973116,0.00649036,0.9013533578878632,0.9194372294418818
200000.0,260,0.99,0.550886,0.968074,107017,10,20,0.00973138,0.0055485,0.9013522428029912,0.9255117458923892
204383.0,380,0.99,0.354877,0.99,143394,10,27,0.00982346,0.00141062,0.9008866305688279,0.9624417785298611
200000.0,260,0.99,0.550886,0.96532,107017,10,20,0.00973122,0.00594433,0.9013530537725571,0.92290051880849
200000.0,168,0.01,0.501435,0.917561,190897,18,33,0.00998578,1.16111e-08,0.9000711252940372,0.9998922451857224
200000.0,275,0.99,0.536555,0.961649,102925,10,25,0.00972659,0.00665288,0.9013765240928916,0.9184348113469968
200000.0,359,0.99,0.364308,0.99,146860,10,27,0.00983135,0.00124811,0.900846835653117,0.9646713996880715
200000.0,310,0.99,0.43692,0.99,118587,10,29,0.00975336,0.00244601,0.9012408991535463,0.9505428468267734
200000.0,309,0.99,0.39545,0.99,187243,10,14,0.00995092,0.000232704,0.900245701846988,0.9847453613612122
200000.0,309,0.99,0.387172,0.99,157754,10,13,0.00985679,0.00100558,0.9007186321609135,0.9682891185868321
200000.0,375,0.99,0.344281,0.99,146521,10,19,0.00982719,0.00128526,0.900867815518874,0.9641494769912627
200000.0,293,0.99,0.423922,0.99,190040,10,25,0.00996214,0.000201167,0.9001894795124281,0.9858166647081866
200000.0,180,0.01,0.549435,0.983877,185117,18,34,0.0099782,6.4453e-06,0.9001090594698398,0.9974612404603823
205717.0,301,0.99,0.417876,0.99,187578,10,24,0.00993687,0.000326049,0.9003161497533326,0.981943173036217
200000.0,352,0.99,0.366914,0.99,142080,10,22,0.00981502,0.00145909,0.9009292172232398,0.9618019634012427
200038.0,301,0.99,0.428767,0.99,138928,10,31,0.00980778,0.00159436,0.9009657634956476,0.9600705622378677
200065.0,307,0.99,0.417876,0.99,188060,10,11,0.00995656,0.000221392,0.9002174363929248,0.98512075270721
241083.0,307,0.99,0.378029,0.99,188060,10,11,0.00985884,0.000947234,0.9007083085046891,0.9692228331388348
200000.0,260,0.99,0.550886,0.96532,107017,10,23,0.00973134,0.00594261,0.9013524455447577,0.9229116740355584
200000.0,350,0.99,0.354877,0.99,155322,10,25,0.00984854,0.00103182,0.9007601894399229,0.9678780448913831
200000.0,306,0.988977,0.426354,0.99,128729,10,24,0.00977921,0.00204071,0.9011101117403807,0.9548257816891095
200845.0,349,0.99,0.354877,0.99,130244,10,25,0.00977374,0.00215333,0.90113777263282,0.9535960131023207
200000.0,310,0.99,0.443567,0.99,114149,10,31,0.00974246,0.00263738,0.9012960993678568,0.9486445718545742
200000.0,215,0.01,0.501716,0.972938,194600,14,34,0.00999344,5.35038e-09,0.9000328053809651,0.999926853708228
200000.0,345,0.99,0.378358,0.99,119407,10,23,0.00974665,0.00254447,0.9012748765511027,0.9495572601854341
200000.0,334,0.99,0.364095,0.99,168877,10,20,0.00988853,0.000644818,0.9005589119126304,0.9746067331758987
200000.0,321,0.98666,0.426354,0.99,122083,10,22,0.00977023,0.00222024,0.9011555262040412,0.9528805772531115
205717.0,331,0.99,0.349675,0.99,187578,10,24,0.00993209,0.000354409,0.9003401284367675,0.9811742463630271
200000.0,321,0.99,0.456286,0.968074,107017,10,12,0.00973719,0.00543707,0.9013227989857839,0.9262635097119479
200073.0,287,0.99,0.444064,0.99,134876,10,28,0.00979444,0.00181137,0.9010331368588456,0.9574398073312632
203314.0,250,0.99,0.520629,0.99,193684,13,30,0.00996807,0.000187249,0.9001597776444784,0.9863161043558495
201675.0,331,0.99,0.362732,0.99,187578,10,28,0.00994537,0.000277389,0.9002735240771038,0.9833450007505253
200000.0,352,0.99,0.366914,0.99,135994,10,21,0.00979681,0.00172212,0.9010211638783321,0.9585015662946178
200000.0,350,0.99,0.354877,0.99,166665,10,29,0.00988248,0.000681187,0.9005893365880702,0.9739004406167461
202286.0,301,0.99,0.417876,0.99,186367,10,19,0.00994264,0.000296667,0.9002872124549715,0.9827759760799052
200000.0,307,0.99,0.417876,0.99,149595,10,12,0.00983765,0.00118621,0.9008150717094578,0.9655586004930113
200000.0,302,0.99,0.429414,0.99,137201,10,21,0.00980321,0.00165769,0.9009888390129679,0.9592852606541562
200000.0,280,0.99,0.522698,0.961649,102925,10,24,0.00972323,0.00670853,0.9013935600480374,0.9180943835869603
200000.0,332,0.99,0.400984,0.99,123712,10,22,0.00976529,0.00223264,0.9011805181151004,0.9527491799012969
200013.0,307,0.99,0.404185,0.99,175442,10,14,0.00991168,0.000472732,0.9004425793825492,0.9782575990286261
200000.0,343,0.99,0.364558,0.99,162049,10,20,0.00986934,0.000809404,0.900655448060802,0.9715499736379736
210680.0,304,0.99,0.394801,0.99,178487,10,23,0.0098915,0.000615299,0.9005439795688567,0.9751947787754272
202905.0,304,0.99,0.436767,0.99,139749,10,22,0.00981239,0.00155701,0.900942491450673,0.9605410339719855
200000.0,309,0.99,0.398355,0.99,130951,10,21,0.0097787,0.0021154,0.9011126903996272,0.954006522201512
200000.0,307,0.99,0.402,0.99,178976,10,14,0.0099229,0.000406071,0.9003862459295906,0.9798487965619916
200000.0,334,0.99,0.364863,0.99,163433,10,29,0.00987217,0.000796648,0.9006412057239018,0.9717750465013669
200000.0,345,0.99,0.403458,0.99,119407,10,26,0.00976308,0.00230219,0.9011917007534286,0.9520188578710344
200000.0,320,0.99,0.417646,0.99,150318,10,23,0.00984747,0.00109141,0.9007655805680307,0.9669635050285295
201683.0,302,0.99,0.429414,0.99,137201,10,21,0.00980119,0.00169644,0.9009990404086909,0.9588121377102429
200845.0,350,0.99,0.354877,0.99,153771,10,25,0.00984234,0.00110472,0.9007914318216416,0.9667626715875057
200000.0,168,0.01,0.549435,0.972938,185117,18,33,0.00997482,4.78373e-05,0.9001259793539882,0.9930835485977273
204383.0,350,0.99,0.354877,0.99,163833,10,29,0.0098643,0.000853509,0.9006808175627689,0.9707851236524951
206574.0,313,0.99,0.401642,0.99,175134,10,23,0.00989587,0.000587037,0.9005220124851734,0.9757711535561431
200000.0,304,0.99,0.426354,0.99,122083,10,24,0.00975579,0.00241829,0.9012285972560883,0.9508238879129307
204383.0,372,0.99,0.335346,0.99,137529,10,27,0.00979011,0.00184873,0.9010550152862713,0.9570031396495047
200000.0,304,0.99,0.415971,0.99,173248,10,22,0.00990667,0.000510973,0.9004677439218823,0.9773952881018139
200000.0,142,0.01,0.549435,0.977475,181067,19,21,0.00997047,0.000137282,0.9001477591638525,0.9882832598390167
200000.0,352,0.99,0.366914,0.99,179473,10,16,0.00992764,0.000373861,0.9003624568749309,0.9806645144876059
200000.0,142,0.01,0.549435,0.977475,185117,18,34,0.00997371,0.000133011,0.9001315365092664,0.9884669605047065
200000.0,198,0.01,0.501435,0.917561,198181,18,33,0.00999709,2.14755e-09,0.9000145510586666,0.9999536583340826
201678.0,309,0.99,0.387136,0.99,179249,10,20,0.00991756,0.000439395,0.9004130530641691,0.9790382491189309
200000.0,375,0.99,0.344281,0.99,164587,10,15,0.00988036,0.00070714,0.9006,0.9734078959087477
201414.0,301,0.99,0.417876,0.99,164542,10,22,0.00987635,0.000760705,0.9006201730732036,0.9724191189408316
204383.0,350,0.99,0.354877,0.99,163833,10,29,0.0098643,0.000853509,0.9006808175627689,0.9707851236524951
200000.0,304,0.99,0.399423,0.99,173248,10,22,0.00990364,0.000538464,0.9004829662821485,0.9767951729159642
200000.0,310,0.99,0.456989,0.99,116397,10,26,0.00975962,0.00239726,0.9012092109556766,0.951038178138472
200000.0,304,0.99,0.415971,0.99,171487,10,22,0.00990116,0.000549917,0.9004954272407544,0.9765496908335946
200000.0,304,0.99,0.426354,0.99,131380,10,14,0.00978506,0.00193466,0.9010805378097919,0.9560152299085241
201675.0,328,0.99,0.367093,0.99,173310,10,28,0.00989788,0.000567947,0.9005119102605744,0.9761683613656131
201678.0,320,0.99,0.387136,0.99,179075,10,20,0.00991822,0.000422962,0.9004097394320107,0.9794339600311581
200000.0,301,0.99,0.430797,0.99,123367,10,26,0.00976023,0.00234444,0.9012061236715554,0.951580582407468
200000.0,352,0.99,0.366914,0.99,173756,10,28,0.00990943,0.000487604,0.9004538800354328,0.9779182428235432
200000.0,259,0.99,0.588925,0.946441,96853,10,23,0.00971515,0.00956874,0.9014345395181456,0.9021800633817421
200000.0,259,0.99,0.588925,0.946441,96853,10,23,0.00971515,0.00956874,0.9014345395181456,0.9021800633817421
200000.0,197,0.0212401,0.643389,0.99,200000,21,14,0.0100004,1.00407e-11,0.8999980000199996,0.9999968312936394
200000.0,197,0.0212401,0.643389,0.99,200000,21,14,0.0100004,1.00407e-11,0.8999980000199996,0.9999968312936394
200000.0,259,0.99,0.588925,0.946441,96853,10,27,0.00971528,0.00956712,0.9014338800601343,0.9021883442528448
200000.0,280,0.99,0.522698,0.961649,102925,10,24,0.00972323,0.00670853,0.9013935600480374,0.9180943835869603
200000.0,301,0.99,0.446205,0.99,114756,10,26,0.00973834,0.00270019,0.9013169720772615,0.9480366475292442
200000.0,260,0.99,0.550886,0.968153,108655,10,25,0.00973755,0.00540303,0.9013209748730765,0.9264946940690674
200000.0,260,0.99,0.550886,0.961649,107017,10,25,0.00973116,0.00649036,0.9013533578878632,0.9194372294418818
200000.0,260,0.99,0.550886,0.968074,107017,10,20,0.00973138,0.0055485,0.9013522428029912,0.9255117458923892
200000.0,304,0.99,0.426354,0.99,131380,10,14,0.00978506,0.00193466,0.9010805378097919,0.9560152299085241
200000.0,260,0.99,0.550886,0.96532,107017,10,20,0.00973122,0.00594433,0.9013530537725571,0.92290051880849
200000.0,168,0.01,0.501435,0.917561,190897,18,33,0.00998578,1.16111e-08,0.9000711252940372,0.9998922451857224
200000.0,307,0.99,0.417876,0.99,149595,10,12,0.00983765,0.00118621,0.9008150717094578,0.9655586004930113
200000.0,352,0.99,0.366914,0.99,142080,10,22,0.00981502,0.00145909,0.9009292172232398,0.9618019634012427
200000.0,275,0.99,0.536555,0.961649,102925,10,25,0.00972659,0.00665288,0.9013765240928916,0.9184348113469968
200000.0,350,0.99,0.358085,0.99,145867,10,26,0.009822,0.00136841,0.9008939961455412,0.9630079738321892
204383.0,372,0.99,0.335346,0.99,137529,10,27,0.00979011,0.00184873,0.9010550152862713,0.9570031396495047
200000.0,310,0.99,0.443567,0.99,114149,10,31,0.00974246,0.00263738,0.9012960993678568,0.9486445718545742
200000.0,309,0.99,0.387172,0.99,157754,10,13,0.00985679,0.00100558,0.9007186321609135,0.9682891185868321
200845.0,350,0.99,0.354877,0.99,153771,10,25,0.00984234,0.00110472,0.9007914318216416,0.9667626715875057
200000.0,293,0.99,0.423922,0.99,190040,10,25,0.00996214,0.000201167,0.9001894795124281,0.9858166647081866
200065.0,307,0.99,0.417876,0.99,188060,10,11,0.00995656,0.000221392,0.9002174363929248,0.98512075270721
200000.0,310,0.99,0.43692,0.99,118587,10,29,0.00975336,0.00244601,0.9012408991535463,0.9505428468267734
200000.0,260,0.99,0.550886,0.96532,107017,10,23,0.00973134,0.00594261,0.9013524455447577,0.9229116740355584
200000.0,350,0.99,0.354877,0.99,155322,10,25,0.00984854,0.00103182,0.9007601894399229,0.9678780448913831
200000.0,306,0.988977,0.426354,0.99,128729,10,24,0.00977921,0.00204071,0.9011101117403807,0.9548257816891095
200000.0,215,0.01,0.501716,0.972938,194600,14,34,0.00999344,5.35038e-09,0.9000328053809651,0.999926853708228
202905.0,304,0.99,0.436767,0.99,139749,10,22,0.00981239,0.00155701,0.900942491450673,0.9605410339719855
200000.0,334,0.99,0.364095,0.99,168877,10,20,0.00988853,0.000644818,0.9005589119126304,0.9746067331758987
200000.0,321,0.98666,0.426354,0.99,122083,10,22,0.00977023,0.00222024,0.9011555262040412,0.9528805772531115
200000.0,352,0.99,0.366914,0.99,179473,10,16,0.00992764,0.000373861,0.9003624568749309,0.9806645144876059
205717.0,331,0.99,0.349675,0.99,187578,10,24,0.00993209,0.000354409,0.9003401284367675,0.9811742463630271
200000.0,321,0.99,0.456286,0.968074,107017,10,12,0.00973719,0.00543707,0.9013227989857839,0.9262635097119479
200073.0,287,0.99,0.444064,0.99,134876,10,28,0.00979444,0.00181137,0.9010331368588456,0.9574398073312632
200000.0,359,0.99,0.364308,0.99,146860,10,27,0.00983135,0.00124811,0.900846835653117,0.9646713996880715
203314.0,250,0.99,0.520629,0.99,193684,13,30,0.00996807,0.000187249,0.9001597776444784,0.9863161043558495
200000.0,352,0.99,0.366914,0.99,135994,10,21,0.00979681,0.00172212,0.9010211638783321,0.9585015662946178
200000.0,350,0.99,0.354877,0.99,166665,10,29,0.00988248,0.000681187,0.9005893365880702,0.9739004406167461
200000.0,345,0.99,0.379231,0.99,119407,10,26,0.00974714,0.00253488,0.9012723949444736,0.9496524082005902
200000.0,280,0.99,0.522698,0.961649,102925,10,24,0.00972323,0.00670853,0.9013935600480374,0.9180943835869603
200000.0,332,0.99,0.400984,0.99,123712,10,22,0.00976529,0.00223264,0.9011805181151004,0.9527491799012969
200013.0,307,0.99,0.404185,0.99,175442,10,14,0.00991168,0.000472732,0.9004425793825492,0.9782575990286261
200000.0,343,0.99,0.364558,0.99,162049,10,20,0.00986934,0.000809404,0.900655448060802,0.9715499736379736
200000.0,309,0.99,0.39545,0.99,187243,10,14,0.00995092,0.000232704,0.900245701846988,0.9847453613612122
210680.0,304,0.99,0.394801,0.99,178487,10,23,0.0098915,0.000615299,0.9005439795688567,0.9751947787754272
200000.0,180,0.01,0.549435,0.983877,185117,18,34,0.0099782,6.4453e-06,0.9001090594698398,0.9974612404603823
200000.0,334,0.99,0.364863,0.99,163433,10,29,0.00987217,0.000796648,0.9006412057239018,0.9717750465013669
201414.0,301,0.99,0.417876,0.99,164542,10,22,0.00987635,0.000760705,0.9006201730732036,0.9724191189408316
200000.0,345,0.99,0.403458,0.99,119407,10,26,0.00976308,0.00230219,0.9011917007534286,0.9520188578710344
200000.0,320,0.99,0.417646,0.99,150318,10,23,0.00984747,0.00109141,0.9007655805680307,0.9669635050285295
201683.0,302,0.99,0.429414,0.99,137201,10,21,0.00980119,0.00169644,0.9009990404086909,0.9588121377102429
200000.0,168,0.01,0.549435,0.972938,185117,18,33,0.00997482,4.78373e-05,0.9001259793539882,0.9930835485977273
217934.0,307,0.99,0.375551,0.99,174592,10,11,0.00986294,0.000900685,0.9006876644117157,0.969988585504845
201678.0,309,0.99,0.387136,0.99,179249,10,20,0.00991756,0.000439395,0.9004130530641691,0.9790382491189309
200000.0,309,0.99,0.398355,0.99,130951,10,21,0.0097787,0.0021154,0.9011126903996272,0.954006522201512
206574.0,313,0.99,0.401642,0.99,175134,10,23,0.00989587,0.000587037,0.9005220124851734,0.9757711535561431
200000.0,345,0.99,0.378358,0.99,119407,10,23,0.00974665,0.00254447,0.9012748765511027,0.9495572601854341
200000.0,304,0.99,0.426354,0.99,122083,10,24,0.00975579,0.00241829,0.9012285972560883,0.9508238879129307
200000.0,302,0.99,0.429414,0.99,137201,10,21,0.00980321,0.00165769,0.9009888390129679,0.9592852606541562
200038.0,301,0.99,0.428767,0.99,138928,10,31,0.00980778,0.00159436,0.9009657634956476,0.9600705622378677
200000.0,304,0.99,0.415971,0.99,173248,10,22,0.00990667,0.000510973,0.9004677439218823,0.9773952881018139
200000.0,142,0.01,0.549435,0.977475,181067,19,21,0.00997047,0.000137282,0.9001477591638525,0.9882832598390167
200000.0,142,0.01,0.549435,0.977475,185117,18,34,0.00997371,0.000133011,0.9001315365092664,0.9884669605047065
200000.0,198,0.01,0.501435,0.917561,198181,18,33,0.00999709,2.14755e-09,0.9000145510586666,0.9999536583340826
201675.0,331,0.99,0.362732,0.99,187578,10,28,0.00994537,0.000277389,0.9002735240771038,0.9833450007505253
201675.0,352,0.99,0.362732,0.99,187578,10,25,0.00994866,0.000266317,0.9002570303229346,0.9836807782048285
200000.0,307,0.99,0.402,0.99,178976,10,14,0.0099229,0.000406071,0.9003862459295906,0.9798487965619916
200000.0,304,0.99,0.399423,0.99,173248,10,22,0.00990364,0.000538464,0.9004829662821485,0.9767951729159642
202286.0,301,0.99,0.417876,0.99,186367,10,26,0.00994262,0.000297354,0.9002873127430616,0.9827560445372878
200000.0,310,0.99,0.456989,0.99,116397,10,26,0.00975962,0.00239726,0.9012092109556766,0.951038178138472
205717.0,301,0.99,0.417876,0.99,187578,10,24,0.00993687,0.000326049,0.9003161497533326,0.981943173036217
200845.0,349,0.99,0.354877,0.99,130244,10,25,0.00977374,0.00215333,0.90113777263282,0.9535960131023207
200073.0,287,0.99,0.474042,0.99,134876,10,25,0.00980722,0.00164103,0.9009685908410872,0.9594903715149102
204383.0,350,0.99,0.354877,0.99,163833,10,29,0.0098643,0.000853509,0.9006808175627689,0.9707851236524951
201675.0,328,0.99,0.367093,0.99,173310,10,28,0.00989788,0.000567947,0.9005119102605744,0.9761683613656131
200000.0,301,0.99,0.430797,0.99,123367,10,26,0.00976023,0.00234444,0.9012061236715554,0.951580582407468
200000.0,378,0.99,0.334214,0.99,146860,10,29,0.00982481,0.00131284,0.900879820419856,0.9637668659925752
200000.0,352,0.99,0.366914,0.99,173756,10,28,0.00990943,0.000487604,0.9004538800354328,0.9779182428235432
200845.0,349,0.99,0.357076,0.99,130244,10,25,0.0097741,0.00213229,0.9011359519339815,0.9538232742607274
200000.0,259,0.99,0.588925,0.946441,96853,10,23,0.00971515,0.00956874,0.9014345395181456,0.9021800633817421
200000.0,197,0.0212401,0.643389,0.99,200000,21,14,0.0100004,1.00407e-11,0.8999980000199996,0.9999968312936394
200000.0,197,0.0212401,0.643389,0.99,200000,21,14,0.0100004,1.00407e-11,0.8999980000199996,0.9999968312936394
200000.0,259,0.99,0.588925,0.946441,96853,10,23,0.00971515,0.00956874,0.9014345395181456,0.9021800633817421
200000.0,297,0.99,0.490933,0.946441,103254,10,25,0.00972088,0.00926818,0.9014054768255356,0.9037286127657859
200000.0,260,0.99,0.556756,0.986043,107017,10,28,0.00973652,0.00324949,0.9013261939519915,0.9429957019164344
200000.0,260,0.99,0.550886,0.968074,107017,10,20,0.00973138,0.0055485,0.9013522428029912,0.9255117458923892
200000.0,280,0.99,0.522698,0.961649,102925,10,24,0.00972323,0.00670853,0.9013935600480374,0.9180943835869603
200000.0,260,0.99,0.550886,0.961649,107017,10,25,0.00973116,0.00649036,0.9013533578878632,0.9194372294418818
200000.0,301,0.99,0.446205,0.99,114756,10,26,0.00973834,0.00270019,0.9013169720772615,0.9480366475292442
200000.0,309,0.99,0.387172,0.99,157754,10,13,0.00985679,0.00100558,0.9007186321609135,0.9682891185868321
200000.0,359,0.99,0.364308,0.99,146860,10,27,0.00983135,0.00124811,0.900846835653117,0.9646713996880715
200000.0,260,0.99,0.550886,0.96532,107017,10,20,0.00973122,0.00594433,0.9013530537725571,0.92290051880849
205717.0,301,0.99,0.417876,0.99,187578,10,24,0.00993687,0.000326049,0.9003161497533326,0.981943173036217
200000.0,350,0.99,0.354877,0.99,166665,10,29,0.00988248,0.000681187,0.9005893365880702,0.9739004406167461
200000.0,168,0.01,0.501435,0.917561,190897,18,33,0.00998578,1.16111e-08,0.9000711252940372,0.9998922451857224
200000.0,307,0.99,0.417876,0.99,149595,10,12,0.00983765,0.00118621,0.9008150717094578,0.9655586004930113
200000.0,352,0.99,0.366914,0.99,142080,10,22,0.00981502,0.00145909,0.9009292172232398,0.9618019634012427
200000.0,259,0.99,0.588925,0.946441,96853,10,27,0.00971528,0.00956712,0.9014338800601343,0.9021883442528448
200000.0,275,0.99,0.536555,0.961649,102925,10,25,0.00972659,0.00665288,0.9013765240928916,0.9184348113469968
200000.0,350,0.99,0.358085,0.99,145867,10,26,0.009822,0.00136841,0.9008939961455412,0.9630079738321892
201414.0,301,0.99,0.417876,0.99,164542,10,22,0.00987635,0.000760705,0.9006201730732036,0.9724191189408316
200000.0,304,0.99,0.426354,0.99,131380,10,14,0.00978506,0.00193466,0.9010805378097919,0.9560152299085241
201678.0,309,0.99,0.387136,0.99,179249,10,20,0.00991756,0.000439395,0.9004130530641691,0.9790382491189309
204383.0,372,0.99,0.335346,0.99,137529,10,27,0.00979011,0.00184873,0.9010550152862713,0.9570031396495047
200000.0,310,0.99,0.443567,0.99,114149,10,31,0.00974246,0.00263738,0.9012960993678568,0.9486445718545742
200000.0,378,0.99,0.334214,0.99,146860,10,29,0.00982481,0.00131284,0.900879820419856,0.9637668659925752
200845.0,350,0.99,0.354877,0.99,153771,10,25,0.00984234,0.00110472,0.9007914318216416,0.9667626715875057
200000.0,293,0.99,0.423922,0.99,190040,10,25,0.00996214,0.000201167,0.9001894795124281,0.9858166647081866
200000.0,180,0.01,0.549435,0.983877,185117,18,34,0.0099782,6.4453e-06,0.9001090594698398,0.9974612404603823
200065.0,307,0.99,0.417876,0.99,188060,10,11,0.00995656,0.000221392,0.9002174363929248,0.98512075270721
217934.0,307,0.99,0.375551,0.99,174592,10,11,0.00986294,0.000900685,0.9006876644117157,0.969988585504845
200000.0,307,0.99,0.402,0.99,178976,10,14,0.0099229,0.000406071,0.9003862459295906,0.9798487965619916
200000.0,260,0.99,0.550886,0.96532,107017,10,23,0.00973134,0.00594261,0.9013524455447577,0.9229116740355584
200000.0,350,0.99,0.354877,0.99,155322,10,25,0.00984854,0.00103182,0.9007601894399229,0.9678780448913831
200000.0,215,0.01,0.501716,0.972938,194600,14,34,0.00999344,5.35038e-09,0.9000328053809651,0.999926853708228
202905.0,304,0.99,0.436767,0.99,139749,10,22,0.00981239,0.00155701,0.900942491450673,0.9605410339719855
200000.0,334,0.99,0.364095,0.99,168877,10,20,0.00988853,0.000644818,0.9005589119126304,0.9746067331758987
200000.0,321,0.98666,0.426354,0.99,122083,10,22,0.00977023,0.00222024,0.9011555262040412,0.9528805772531115
200000.0,352,0.99,0.366914,0.99,179473,10,18,0.00992764,0.000347337,0.9003624568749309,0.9813630206310142
200041.0,287,0.99,0.444064,0.99,134876,10,24,0.0097944,0.00181097,0.9010333389468959,0.9574445068175682
203314.0,250,0.99,0.520629,0.99,193684,13,30,0.00996807,0.000187249,0.9001597776444784,0.9863161043558495
200000.0,352,0.99,0.366914,0.99,135994,10,21,0.00979681,0.00172212,0.9010211638783321,0.9585015662946178
202286.0,301,0.99,0.417876,0.99,186367,10,26,0.00994262,0.000297354,0.9002873127430616,0.9827560445372878
200000.0,332,0.99,0.400984,0.99,123712,10,22,0.00976529,0.00223264,0.9011805181151004,0.9527491799012969
200013.0,307,0.99,0.404185,0.99,175442,10,14,0.00991168,0.000472732,0.9004425793825492,0.9782575990286261
200000.0,343,0.99,0.364558,0.99,162049,10,20,0.00986934,0.000809404,0.900655448060802,0.9715499736379736
204383.0,350,0.99,0.354877,0.99,163833,10,29,0.0098643,0.000853509,0.9006808175627689,0.9707851236524951
210680.0,304,0.99,0.394801,0.99,178487,10,23,0.0098915,0.000615299,0.9005439795688567,0.9751947787754272
200000.0,304,0.99,0.414494,0.99,131380,10,14,0.00978152,0.00202184,0.9010984327727816,0.9550351248194772
200000.0,304,0.99,0.436767,0.99,119713,10,26,0.00975254,0.00245929,0.9012450507569367,0.9504087709367877
200000.0,334,0.99,0.364863,0.99,163433,10,29,0.00987217,0.000796648,0.9006412057239018,0.9717750465013669
200000.0,345,0.99,0.379231,0.99,119407,10,26,0.00974714,0.00253488,0.9012723949444736,0.9496524082005902
200000.0,345,0.99,0.403458,0.99,119407,10,26,0.00976308,0.00230219,0.9011917007534286,0.9520188578710344
200000.0,320,0.99,0.417646,0.99,150318,10,23,0.00984747,0.00109141,0.9007655805680307,0.9669635050285295
200000.0,168,0.01,0.549435,0.972938,185117,18,33,0.00997482,4.78373e-05,0.9001259793539882,0.9930835485977273
200000.0,309,0.99,0.398355,0.99,130951,10,21,0.0097787,0.0021154,0.9011126903996272,0.954006522201512
206574.0,313,0.99,0.401642,0.99,175134,10,23,0.00989587,0.000587037,0.9005220124851734,0.9757711535561431
200000.0,345,0.99,0.378358,0.99,119407,10,23,0.00974665,0.00254447,0.9012748765511027,0.9495572601854341
200000.0,304,0.99,0.426354,0.99,122083,10,24,0.00975579,0.00241829,0.9012285972560883,0.9508238879129307
200038.0,301,0.99,0.428767,0.99,138928,10,31,0.00980778,0.00159436,0.9009657634956476,0.9600705622378677
200000.0,304,0.99,0.415971,0.99,173248,10,22,0.00990667,0.000510973,0.9004677439218823,0.9773952881018139
200000.0,304,0.99,0.399423,0.99,173248,10,22,0.00990364,0.000538464,0.9004829662821485,0.9767951729159642
200000.0,142,0.01,0.549435,0.977475,181067,19,21,0.00997047,0.000137282,0.9001477591638525,0.9882832598390167
200000.0,142,0.01,0.549435,0.977475,185117,18,34,0.00997371,0.000133011,0.9001315365092664,0.9884669605047065
200000.0,198,0.01,0.501435,0.917561,198181,18,33,0.00999709,2.14755e-09,0.9000145510586666,0.9999536583340826
201675.0,331,0.99,0.362732,0.99,187578,10,28,0.00994537,0.000277389,0.9002735240771038,0.9833450007505253
200000.0,306,0.99,0.426354,0.99,185093,10,24,0.00994839,0.000260346,0.9002583838109689,0.9838647590659452
200000.0,310,0.99,0.456989,0.99,116397,10,26,0.00975962,0.00239726,0.9012092109556766,0.951038178138472
200000.0,306,0.99,0.426354,0.99,170012,10,24,0.00990098,0.000563986,0.9004963317259107,0.9762516105809257
201683.0,302,0.99,0.429414,0.99,137201,10,21,0.00980119,0.00169644,0.9009990404086909,0.9588121377102429
200845.0,349,0.99,0.354877,0.99,130244,10,25,0.00977374,0.00215333,0.90113777263282,0.9535960131023207
200000.0,352,0.99,0.366914,0.99,179473,10,16,0.00992764,0.000373861,0.9003624568749309,0.9806645144876059
200000.0,309,0.99,0.39545,0.99,187243,10,14,0.00995092,0.000232704,0.900245701846988,0.9847453613612122
200073.0,287,0.99,0.474042,0.99,134876,10,25,0.00980722,0.00164103,0.9009685908410872,0.9594903715149102
200000.0,301,0.99,0.430797,0.99,123367,10,26,0.00976023,0.00234444,0.9012061236715554,0.951580582407468
200000.0,302,0.99,0.429414,0.99,137201,10,21,0.00980321,0.00165769,0.9009888390129679,0.9592852606541562
200000.0,352,0.99,0.366914,0.99,173756,10,28,0.00990943,0.000487604,0.9004538800354328,0.9779182428235432
200845.0,349,0.99,0.357076,0.99,130244,10,25,0.0097741,0.00213229,0.9011359519339815,0.9538232742607274
201675.0,328,0.99,0.367093,0.99,173310,10,28,0.00989788,0.000567947,0.9005119102605744,0.9761683613656131
200000.0,259,0.99,0.588925,0.946441,96853,10,23,0.00971515,0.00956874,0.9014345395181456,0.9021800633817421
200000.0,197,0.0212401,0.643389,0.99,200000,21,14,0.0100004,1.00407e-11,0.8999980000199996,0.9999968312936394
200000.0,197,0.0212401,0.643389,0.99,200000,21,14,0.0100004,1.00407e-11,0.8999980000199996,0.9999968312936394
200000.0,259,0.99,0.588925,0.946441,96853,10,23,0.00971515,0.00956874,0.9014345395181456,0.9021800633817421
200000.0,297,0.99,0.490933,0.946441,103254,10,25,0.00972088,0.00926818,0.9014054768255356,0.9037286127657859
200000.0,260,0.99,0.556756,0.986043,107017,10,28,0.00973652,0.00324949,0.9013261939519915,0.9429957019164344
200000.0,280,0.99,0.522698,0.961649,102925,10,24,0.00972323,0.00670853,0.9013935600480374,0.9180943835869603
200000.0,260,0.99,0.550886,0.968074,107844,10,20,0.00973441,0.00548148,0.901336886325233,0.9259629822318591
200000.0,260,0.99,0.550886,0.961649,107017,10,25,0.00973116,0.00649036,0.9013533578878632,0.9194372294418818
200000.0,301,0.99,0.446205,0.99,114756,10,26,0.00973834,0.00270019,0.9013169720772615,0.9480366475292442
200000.0,168,0.01,0.501435,0.917561,190897,18,33,0.00998578,1.16111e-08,0.9000711252940372,0.9998922451857224
200000.0,260,0.99,0.550886,0.968074,107017,10,20,0.00973138,0.0055485,0.9013522428029912,0.9255117458923892
200000.0,359,0.99,0.364308,0.99,146860,10,27,0.00983135,0.00124811,0.900846835653117,0.9646713996880715
200000.0,260,0.99,0.550886,0.96532,107017,10,20,0.00973122,0.00594433,0.9013530537725571,0.92290051880849
200000.0,309,0.99,0.387172,0.99,157754,10,13,0.00985679,0.00100558,0.9007186321609135,0.9682891185868321
200000.0,350,0.99,0.354877,0.99,166665,10,29,0.00988248,0.000681187,0.9005893365880702,0.9739004406167461
200000.0,352,0.99,0.366914,0.99,142080,10,22,0.00981502,0.00145909,0.9009292172232398,0.9618019634012427
200000.0,259,0.99,0.588925,0.946441,96853,10,27,0.00971528,0.00956712,0.9014338800601343,0.9021883442528448
200000.0,275,0.99,0.536555,0.961649,102925,10,25,0.00972659,0.00665288,0.9013765240928916,0.9184348113469968
201414.0,301,0.99,0.417876,0.99,164542,10,22,0.00987635,0.000760705,0.9006201730732036,0.9724191189408316
200000.0,304,0.99,0.426354,0.99,131380,10,14,0.00978506,0.00193466,0.9010805378097919,0.9560152299085241
200000.0,350,0.99,0.358085,0.99,145867,10,26,0.009822,0.00136841,0.9008939961455412,0.9630079738321892
200000.0,293,0.99,0.423922,0.99,190040,10,25,0.00996214,0.000201167,0.9001894795124281,0.9858166647081866
200000.0,180,0.01,0.517061,0.983877,185117,18,34,0.00997547,3.65802e-06,0.9001227253075055,0.998087404904325
200065.0,307,0.99,0.417876,0.99,188060,10,11,0.00995656,0.000221392,0.9002174363929248,0.98512075270721
200000.0,304,0.99,0.436767,0.99,119713,10,26,0.00975254,0.00245929,0.9012450507569367,0.9504087709367877
200000.0,260,0.99,0.550886,0.96532,107017,10,23,0.00973134,0.00594261,0.9013524455447577,0.9229116740355584
200845.0,350,0.99,0.354877,0.99,153771,10,25,0.00984234,0.00110472,0.9007914318216416,0.9667626715875057
200000.0,304,0.99,0.414494,0.99,131380,10,14,0.00978152,0.00202184,0.9010984327727816,0.9550351248194772
200000.0,215,0.01,0.501716,0.972938,194600,14,34,0.00999344,5.35038e-09,0.9000328053809651,0.999926853708228
202905.0,304,0.99,0.436767,0.99,139749,10,22,0.00981239,0.00155701,0.900942491450673,0.9605410339719855
200000.0,350,0.99,0.354877,0.99,155322,10,25,0.00984854,0.00103182,0.9007601894399229,0.9678780448913831
200000.0,334,0.99,0.364095,0.99,168877,10,20,0.00988853,0.000644818,0.9005589119126304,0.9746067331758987
200000.0,321,0.98666,0.426354,0.99,122083,10,22,0.00977023,0.00222024,0.9011555262040412,0.9528805772531115
200000.0,307,0.99,0.402,0.99,178976,10,14,0.0099229,0.000406071,0.9003862459295906,0.9798487965619916
200000.0,309,0.99,0.398355,0.99,130951,10,21,0.0097787,0.0021154,0.9011126903996272,0.954006522201512
203314.0,250,0.99,0.520629,0.99,193684,13,30,0.00996807,0.000187249,0.9001597776444784,0.9863161043558495
200000.0,352,0.99,0.366914,0.99,135994,10,21,0.00979681,0.00172212,0.9010211638783321,0.9585015662946178
200000.0,306,0.99,0.402,0.99,182054,10,14,0.00993313,0.000340757,0.9003349108263079,0.9815403954538565
200000.0,332,0.99,0.400984,0.99,123712,10,22,0.00976529,0.00223264,0.9011805181151004,0.9527491799012969
200013.0,307,0.99,0.404185,0.99,175442,10,14,0.00991168,0.000472732,0.9004425793825492,0.9782575990286261
200000.0,343,0.99,0.364558,0.99,162049,10,20,0.00986934,0.000809404,0.900655448060802,0.9715499736379736
200000.0,378,0.99,0.334214,0.99,146860,10,29,0.00982481,0.00131284,0.900879820419856,0.9637668659925752
200000.0,309,0.99,0.39545,0.99,187243,10,14,0.00995092,0.000232704,0.900245701846988,0.9847453613612122
200000.0,379,0.99,0.364095,0.99,153205,10,20,0.00986235,0.00095574,0.9006906348827061,0.9690849551189069
204383.0,350,0.99,0.354877,0.99,163833,10,29,0.0098643,0.000853509,0.9006808175627689,0.9707851236524951
200041.0,287,0.99,0.444064,0.99,134876,10,24,0.0097944,0.00181097,0.9010333389468959,0.9574445068175682
210680.0,304,0.99,0.394801,0.99,178487,10,23,0.0098915,0.000615299,0.9005439795688567,0.9751947787754272
204383.0,372,0.99,0.335346,0.99,137529,10,27,0.00979011,0.00184873,0.9010550152862713,0.9570031396495047
202286.0,301,0.99,0.417876,0.99,186367,10,26,0.00994262,0.000297354,0.9002873127430616,0.9827560445372878
200000.0,304,0.99,0.426354,0.99,122083,10,24,0.00975579,0.00241829,0.9012285972560883,0.9508238879129307
200000.0,334,0.99,0.364863,0.99,163433,10,29,0.00987217,0.000796648,0.9006412057239018,0.9717750465013669
200000.0,345,0.99,0.379231,0.99,119407,10,26,0.00974714,0.00253488,0.9012723949444736,0.9496524082005902
200000.0,345,0.99,0.403458,0.99,119407,10,26,0.00976308,0.00230219,0.9011917007534286,0.9520188578710344
201683.0,302,0.99,0.429414,0.99,137201,10,21,0.00980119,0.00169644,0.9009990404086909,0.9588121377102429
200000.0,307,0.99,0.417876,0.99,149595,10,12,0.00983765,0.00118621,0.9008150717094578,0.9655586004930113
201678.0,309,0.99,0.387136,0.99,179249,10,20,0.00991756,0.000439395,0.9004130530641691,0.9790382491189309
206574.0,313,0.99,0.401642,0.99,175134,10,23,0.00989587,0.000587037,0.9005220124851734,0.9757711535561431
200000.0,345,0.99,0.378358,0.99,119407,10,23,0.00974665,0.00254447,0.9012748765511027,0.9495572601854341
200000.0,302,0.99,0.429414,0.99,137201,10,21,0.00980321,0.00165769,0.9009888390129679,0.9592852606541562
200038.0,301,0.99,0.428767,0.99,138928,10,31,0.00980778,0.00159436,0.9009657634956476,0.9600705622378677
200000.0,306,0.99,0.426354,0.99,185093,10,24,0.00994839,0.000260346,0.9002583838109689,0.9838647590659452
200000.0,304,0.99,0.415971,0.99,173248,10,22,0.00990667,0.000510973,0.9004677439218823,0.9773952881018139
200000.0,304,0.99,0.399423,0.99,173248,10,22,0.00990364,0.000538464,0.9004829662821485,0.9767951729159642
200000.0,142,0.01,0.549435,0.977475,181067,19,21,0.00997047,0.000137282,0.9001477591638525,0.9882832598390167
200000.0,142,0.01,0.549435,0.977475,185117,18,34,0.00997371,0.000133011,0.9001315365092664,0.9884669605047065
200000.0,198,0.01,0.501435,0.917561,198181,18,33,0.00999709,2.14755e-09,0.9000145510586666,0.9999536583340826
200000.0,303,0.99,0.417646,0.99,150318,10,23,0.00983825,0.00117971,0.9008120471024833,0.9656530932979402
200000.0,310,0.99,0.443567,0.99,114149,10,31,0.00974246,0.00263738,0.9012960993678568,0.9486445718545742
201636.0,301,0.99,0.417876,0.99,186367,10,27,0.00994459,0.000275732,0.9002774348504813,0.9833948200852867
200000.0,310,0.99,0.456989,0.99,116397,10,26,0.00975962,0.00239726,0.9012092109556766,0.951038178138472
200000.0,306,0.99,0.426354,0.99,170012,10,24,0.00990098,0.000563986,0.9004963317259107,0.9762516105809257
201678.0,319,0.99,0.387136,0.99,184745,10,26,0.00993698,0.000320689,0.9003155980105212,0.9820922083996937
200845.0,349,0.99,0.354877,0.99,130244,10,25,0.00977374,0.00215333,0.90113777263282,0.9535960131023207
200000.0,352,0.99,0.366914,0.99,179473,10,16,0.00992764,0.000373861,0.9003624568749309,0.9806645144876059
200000.0,352,0.99,0.366914,0.99,179473,10,18,0.00992764,0.000347337,0.9003624568749309,0.9813630206310142
200073.0,287,0.99,0.474042,0.99,134876,10,25,0.00980722,0.00164103,0.9009685908410872,0.9594903715149102
201678.0,308,0.99,0.39779,0.99,179249,10,20,0.00991849,0.00042715,0.9004083838869958,0.9793323924945339
200000.0,320,0.99,0.417646,0.99,150318,10,23,0.00984747,0.00109141,0.9007655805680307,0.9669635050285295
200000.0,301,0.99,0.430797,0.99,123367,10,26,0.00976023,0.00234444,0.9012061236715554,0.951580582407468
200000.0,259,0.99,0.588925,0.946441,96853,10,23,0.00971515,0.00956874,0.9014345395181456,0.9021800633817421
200000.0,197,0.0212401,0.643389,0.99,200000,21,14,0.0100004,1.00407e-11,0.8999980000199996,0.9999968312936394
200000.0,197,0.0212401,0.643389,0.99,200000,21,14,0.0100004,1.00407e-11,0.8999980000199996,0.9999968312936394
200000.0,259,0.99,0.588925,0.946441,96853,10,23,0.00971515,0.00956874,0.9014345395181456,0.9021800633817421
200000.0,297,0.99,0.490933,0.946441,103254,10,25,0.00972088,0.00926818,0.9014054768255356,0.9037286127657859
200000.0,260,0.99,0.556756,0.986043,107017,10,28,0.00973652,0.00324949,0.9013261939519915,0.9429957019164344
200000.0,280,0.99,0.522547,0.961649,102925,10,24,0.00972312,0.00671057,0.9013941178225153,0.9180819311751064
200000.0,260,0.99,0.550886,0.968074,107844,10,20,0.00973441,0.00548148,0.901336886325233,0.9259629822318591
200000.0,301,0.99,0.446205,0.99,114756,10,26,0.00973834,0.00270019,0.9013169720772615,0.9480366475292442
200000.0,260,0.99,0.550886,0.961649,107017,10,25,0.00973116,0.00649036,0.9013533578878632,0.9194372294418818
200000.0,168,0.01,0.501435,0.917561,190897,18,33,0.00998578,1.16111e-08,0.9000711252940372,0.9998922451857224
200000.0,260,0.99,0.550886,0.968074,107017,10,20,0.00973138,0.0055485,0.9013522428029912,0.9255117458923892
200000.0,359,0.99,0.364308,0.99,146860,10,27,0.00983135,0.00124811,0.900846835653117,0.9646713996880715
200000.0,260,0.99,0.550886,0.96532,107017,10,20,0.00973122,0.00594433,0.9013530537725571,0.92290051880849
200000.0,309,0.99,0.387172,0.99,157754,10,13,0.00985679,0.00100558,0.9007186321609135,0.9682891185868321
200000.0,180,0.01,0.517061,0.983877,185117,18,34,0.00997547,3.65802e-06,0.9001227253075055,0.998087404904325
200000.0,352,0.99,0.366914,0.99,142080,10,22,0.00981502,0.00145909,0.9009292172232398,0.9618019634012427
200000.0,259,0.99,0.588925,0.946441,96853,10,27,0.00971528,0.00956712,0.9014338800601343,0.9021883442528448
200000.0,350,0.99,0.358085,0.99,145867,10,26,0.009822,0.00136841,0.9008939961455412,0.9630079738321892
200000.0,304,0.99,0.426354,0.99,131380,10,14,0.00978506,0.00193466,0.9010805378097919,0.9560152299085241
204383.0,372,0.99,0.335346,0.99,137529,10,27,0.00979011,0.00184873,0.9010550152862713,0.9570031396495047
200000.0,350,0.99,0.354877,0.99,175773,10,24,0.00991127,0.000464742,0.9004446385170543,0.9784421244089312
200000.0,310,0.99,0.443567,0.99,114149,10,31,0.00974246,0.00263738,0.9012960993678568,0.9486445718545742
200000.0,378,0.99,0.334214,0.99,146860,10,29,0.00982481,0.00131284,0.900879820419856,0.9637668659925752
200000.0,293,0.99,0.423922,0.99,190040,10,25,0.00996214,0.000201167,0.9001894795124281,0.9858166647081866
200065.0,307,0.99,0.417876,0.99,188060,10,11,0.00995656,0.000221392,0.9002174363929248,0.98512075270721
200000.0,304,0.99,0.436767,0.99,119713,10,26,0.00975254,0.00245929,0.9012450507569367,0.9504087709367877
200000.0,379,0.99,0.364095,0.99,153205,10,20,0.00986235,0.00095574,0.9006906348827061,0.9690849551189069
200000.0,260,0.99,0.550886,0.96532,107017,10,23,0.00973134,0.00594261,0.9013524455447577,0.9229116740355584
200000.0,350,0.99,0.354877,0.99,155322,10,25,0.00984854,0.00103182,0.9007601894399229,0.9678780448913831
200000.0,304,0.99,0.414494,0.99,131380,10,14,0.00978152,0.00202184,0.9010984327727816,0.9550351248194772
200000.0,309,0.99,0.398355,0.99,130951,10,21,0.0097787,0.0021154,0.9011126903996272,0.954006522201512
200845.0,349,0.99,0.354877,0.99,130244,10,25,0.00977374,0.00215333,0.90113777263282,0.9535960131023207
204383.0,350,0.99,0.354877,0.99,163833,10,29,0.0098643,0.000853509,0.9006808175627689,0.9707851236524951
200000.0,215,0.01,0.501716,0.972938,194600,14,34,0.00999344,5.35038e-09,0.9000328053809651,0.999926853708228
202905.0,304,0.99,0.436767,0.99,139749,10,22,0.00981239,0.00155701,0.900942491450673,0.9605410339719855
200000.0,334,0.99,0.364095,0.99,168877,10,20,0.00988853,0.000644818,0.9005589119126304,0.9746067331758987
200000.0,321,0.98666,0.426354,0.99,122083,10,22,0.00977023,0.00222024,0.9011555262040412,0.9528805772531115
200000.0,307,0.99,0.402,0.99,178976,10,14,0.0099229,0.000406071,0.9003862459295906,0.9798487965619916
200041.0,287,0.99,0.444064,0.99,134876,10,24,0.0097944,0.00181097,0.9010333389468959,0.9574445068175682
203314.0,250,0.99,0.520629,0.99,193684,13,30,0.00996807,0.000187249,0.9001597776444784,0.9863161043558495
200000.0,352,0.99,0.366914,0.99,135994,10,21,0.00979681,0.00172212,0.9010211638783321,0.9585015662946178
200000.0,306,0.99,0.402,0.99,182054,10,14,0.00993313,0.000340757,0.9003349108263079,0.9815403954538565
200000.0,350,0.99,0.354877,0.99,166665,10,29,0.00988248,0.000681187,0.9005893365880702,0.9739004406167461
200000.0,275,0.99,0.536555,0.961649,102925,10,25,0.00972659,0.00665288,0.9013765240928916,0.9184348113469968
200000.0,332,0.99,0.400984,0.99,123712,10,22,0.00976529,0.00223264,0.9011805181151004,0.9527491799012969
200000.0,343,0.99,0.364558,0.99,162049,10,20,0.00986934,0.000809404,0.900655448060802,0.9715499736379736
200000.0,280,0.99,0.522698,0.961649,104436,10,24,0.00972887,0.00657514,0.9013649656562132,0.9189127630264787
200000.0,309,0.99,0.39545,0.99,187243,10,14,0.00995092,0.000232704,0.900245701846988,0.9847453613612122
200000.0,306,0.99,0.426354,0.99,170012,10,24,0.00990098,0.000563986,0.9004963317259107,0.9762516105809257
200000.0,142,0.01,0.549435,0.977475,185117,18,34,0.00997371,0.000133011,0.9001315365092664,0.9884669605047065
200000.0,307,0.99,0.417876,0.99,149595,10,12,0.00983765,0.00118621,0.9008150717094578,0.9655586004930113
200000.0,304,0.99,0.426354,0.99,122083,10,24,0.00975579,0.00241829,0.9012285972560883,0.9508238879129307
200845.0,350,0.99,0.354877,0.99,153771,10,25,0.00984234,0.00110472,0.9007914318216416,0.9667626715875057
200038.0,301,0.99,0.428767,0.99,138928,10,28,0.00980774,0.00159419,0.9009659654462164,0.9600726910498592
200000.0,350,0.99,0.336256,0.99,166665,10,28,0.00988161,0.000736369,0.9005937124725,0.9728638801594628
200000.0,334,0.99,0.364863,0.99,163433,10,29,0.00987217,0.000796648,0.9006412057239018,0.9717750465013669
206574.0,313,0.99,0.401642,0.99,175134,10,23,0.00989587,0.000587037,0.9005220124851734,0.9757711535561431
200000.0,345,0.99,0.379231,0.99,119407,10,26,0.00974714,0.00253488,0.9012723949444736,0.9496524082005902
201678.0,319,0.99,0.387136,0.99,184745,10,26,0.00993698,0.000320689,0.9003155980105212,0.9820922083996937
200000.0,345,0.99,0.403458,0.99,119407,10,26,0.00976308,0.00230219,0.9011917007534286,0.9520188578710344
200000.0,320,0.99,0.417646,0.99,150318,10,23,0.00984747,0.00109141,0.9007655805680307,0.9669635050285295
201678.0,309,0.99,0.387136,0.99,179249,10,20,0.00991756,0.000439395,0.9004130530641691,0.9790382491189309
201683.0,302,0.99,0.429414,0.99,137201,10,21,0.00980119,0.00169644,0.9009990404086909,0.9588121377102429
200000.0,345,0.99,0.378358,0.99,119407,10,23,0.00974665,0.00254447,0.9012748765511027,0.9495572601854341
200000.0,142,0.01,0.549435,0.977475,181067,19,21,0.00997047,0.000137282,0.9001477591638525,0.9882832598390167
200000.0,198,0.01,0.501435,0.917561,198181,18,33,0.00999709,2.14755e-09,0.9000145510586666,0.9999536583340826
200000.0,304,0.99,0.415971,0.99,173248,10,22,0.00990667,0.000510973,0.9004677439218823,0.9773952881018139
200000.0,302,0.99,0.429414,0.99,137201,10,21,0.00980321,0.00165769,0.9009888390129679,0.9592852606541562
200000.0,310,0.99,0.456989,0.99,116397,10,26,0.00975962,0.00239726,0.9012092109556766,0.951038178138472
200000.0,352,0.99,0.366914,0.99,179473,10,16,0.00992764,0.000373861,0.9003624568749309,0.9806645144876059
200000.0,352,0.99,0.366914,0.99,179473,10,18,0.00992764,0.000347337,0.9003624568749309,0.9813630206310142
210680.0,304,0.99,0.394801,0.99,178487,10,23,0.0098915,0.000615299,0.9005439795688567,0.9751947787754272
200000.0,342,0.99,0.358085,0.99,140816,10,26,0.00980619,0.00163904,0.9009737913479466,0.9595149410275841
201414.0,301,0.99,0.417876,0.99,164542,10,22,0.00987635,0.000760705,0.9006201730732036,0.9724191189408316
201678.0,308,0.99,0.39779,0.99,179249,10,20,0.00991849,0.00042715,0.9004083838869958,0.9793323924945339
200000.0,308,0.99,0.417646,0.99,150318,10,22,0.00984037,0.00115221,0.9008013608964316,0.9660557810518492
200000.0,301,0.99,0.430797,0.99,123367,10,26,0.00976023,0.00234444,0.9012061236715554,0.951580582407468
200000.0,304,0.99,0.399423,0.99,173248,10,22,0.00990364,0.000538464,0.9004829662821485,0.9767951729159642
201636.0,301,0.99,0.417876,0.99,186367,10,27,0.00994459,0.000275732,0.9002774348504813,0.9833948200852867
