P_H,t_ads,alpha,v_0,beta,P_L,t_depres,t_pres,Obj1,Obj2,Pu,Rec
525584.0,58,0.807167,0.422957,0.612488,135210,39,35,0.000255462,0.194519,0.9840168213424237,0.5589569182041283
915773.0,46,0.0242792,0.340865,0.572109,143585,37,50,0.00526767,0.0726149,0.9274212841116626,0.7305284801690539
586777.0,108,0.631457,0.437277,0.163239,34874,17,25,1.10364e-05,0.354124,0.9966778922353422,0.4049168125379444
720626.0,198,0.102949,0.425924,0.0463528,15853,24,25,0.00157947,0.0339966,0.9602574535289949,0.8156183306290997
647804.0,264,0.355508,0.202491,0.405341,65234,31,34,0.00088726,0.0894797,0.9702130901233444,0.7008684235992462
883634.0,485,0.343442,0.188434,0.209167,78725,44,17,0.0042763,0.0987933,0.9346065752540823,0.6856859850404377
705353.0,453,0.765194,0.378733,0.526015,134627,42,45,0.00758794,0.148706,0.91289121743475,0.6143758306329854
247454.0,381,0.169088,0.469994,0.678098,33560,37,36,0.00362722,0.0129213,0.939773593831277,0.8863281037371153
767443.0,138,0.211133,0.661168,0.959908,190439,46,32,0.00797316,0.00278647,0.9107074471190346,0.9472129750790973
454572.0,294,0.980081,0.301247,0.732248,99331,27,37,0.00676575,0.106396,0.9177458207748688,0.67381600284502
218072.0,115,0.960713,0.407401,0.0158914,61773,40,24,1.98791e-11,0.910536,0.9999955414015655,0.04577989960387019
950896.0,37,0.55049,0.383419,0.690588,129359,25,16,0.00047403,0.150174,0.9782277699810056,0.6124770974510023
470624.0,301,0.431198,0.49901,0.460198,155533,39,32,0.00686475,0.0667163,0.9171462131221512,0.7417050135987924
985965.0,221,0.197953,0.35213,0.158419,79424,25,29,0.00486657,0.0489417,0.9302391943853857,0.77877228925833
675437.0,329,0.146091,0.767661,0.491073,84404,40,24,0.00782245,0.0094087,0.9115553845618627,0.9030015464040793
966324.0,30,0.675933,0.680041,0.515651,195892,18,14,0.00178558,0.190381,0.9577438761834454,0.5636732875470492
374423.0,50,0.774071,0.229185,0.444488,66449,25,14,1.29856e-09,0.499536,0.9999639644619854,0.29322139251389334
899458.0,480,0.787519,0.473486,0.623652,28750,27,34,100000.0,100000.0,-315.22776601683796,-315.22776601683796
406310.0,288,0.237003,0.112399,0.890759,120790,40,32,0.00520652,0.0428149,0.9278437805868406,0.7930823835435948
992584.0,277,0.913316,0.456265,0.426664,165057,48,40,0.00689017,0.294984,0.9169929521064627,0.45687570483359885
263571.0,229,0.851252,0.444421,0.800714,188555,36,38,0.00808704,0.0372709,0.910072028823063,0.806943272585491
752580.0,339,0.0609352,0.708086,0.671001,197628,28,43,0.00931034,0.00145605,0.9035098968805608,0.961841776770924
277759.0,426,0.0601123,0.685208,0.683828,109548,31,20,0.00921422,0.00198572,0.9040092712810243,0.9554385817101834
437104.0,86,0.0977615,0.759086,0.439522,153711,43,13,0.00815128,0.0191657,0.9097155605876628,0.8615597601851254
464940.0,436,0.461625,0.509292,0.627737,131874,32,18,0.00804917,0.0381048,0.9102828333037651,0.8047954918553365
476231.0,343,0.256451,0.621541,0.261765,94015,33,44,0.00671121,0.0462128,0.9180780249261531,0.7850283739653068
969133.0,43,0.166529,0.660898,0.586294,141071,48,21,0.00559437,0.0447958,0.9252044787437108,0.7883498169147969
490752.0,395,0.125277,0.132542,0.510824,45875,40,27,0.0027062,0.0444771,0.947978850454839,0.7891040540930196
527586.0,110,0.163367,0.770208,0.825737,92993,41,36,0.00623255,0.0113457,0.9210534991275737,0.8934838040483983
260125.0,456,0.770593,0.575494,0.510156,78540,12,45,0.00737794,0.160183,0.914105064177217,0.5997713153708245
582513.0,74,0.571383,0.19383,0.604746,136082,30,24,0.000278835,0.208172,0.9833016467877818,0.5437413014527832
218818.0,252,0.372884,0.474701,0.897685,158925,43,49,0.00882638,0.00421362,0.9060511841479628,0.9350875974870749
581058.0,432,0.887723,0.166143,0.722333,47720,39,40,0.00322103,0.106706,0.9432458812067354,0.6733411565562628
540469.0,368,0.98158,0.67947,0.386414,147980,14,47,0.0070038,0.37755,0.9163112910841612,0.3855490255520787
364029.0,217,0.854508,0.725742,0.235176,111779,43,39,0.00567885,0.450985,0.9246418551183749,0.32844583241558245
382765.0,111,0.649892,0.47085,0.379903,119003,21,45,0.000789744,0.213951,0.9718976157595125,0.5374516241515921
480852.0,117,0.609392,0.715637,0.87067,92896,27,25,0.00524416,0.0221972,0.9275834273111465,0.8510127522235544
274479.0,240,0.246691,0.524935,0.0595403,36858,29,13,0.00107559,0.0874166,0.9672038111970308,0.7043370161822755
212423.0,434,0.0178387,0.359371,0.192197,110631,28,27,0.00946805,0.00347562,0.9026960946313047,0.9410456108504209
838365.0,216,0.903906,0.232425,0.68617,21885,32,25,0.00133291,0.144841,0.9634909600235777,0.6194201792002103
285342.0,492,0.0736348,0.490762,0.47038,15092,35,43,0.00386179,0.00818791,0.9378566978669463,0.9095129291003405
877719.0,42,0.248429,0.358288,0.484715,103667,21,43,0.00111474,0.141885,0.9666122777057194,0.623323746434687
727833.0,424,0.885807,0.684273,0.413312,130624,25,43,0.00707832,0.282484,0.9158672477568932,0.4685077611102868
846967.0,49,0.368756,0.594552,0.956681,107037,15,20,0.00334165,0.0270919,0.9421929935042472,0.8354038275050115
357406.0,127,0.850274,0.194575,0.502448,58269,21,46,9.08537e-14,0.336227,0.9999996985805248,0.42014915711020995
933184.0,197,0.49033,0.409212,0.857908,16584,12,37,100000.0,100000.0,-315.22776601683796,-315.22776601683796
745532.0,299,0.0785019,0.367739,0.620072,147253,36,37,0.00849611,0.00585617,0.9078256543283327,0.9234743833739316
676639.0,74,0.450186,0.577706,0.725295,102217,12,27,0.00256213,0.0477107,0.9493825129031478,0.7815722087279184
598863.0,38,0.408135,0.485369,0.12533,174262,44,38,0.00176301,0.251456,0.9580117873683578,0.4985461137851258
660446.0,448,0.0761095,0.242146,0.122488,84821,38,18,0.00733167,0.0159138,0.9143748284673251,0.8738500891795797
427137.0,329,0.624199,0.211035,0.88206,123350,41,40,0.00418983,0.0201156,0.9352711038252621,0.8581705249251764
226019.0,229,0.210971,0.753796,0.546014,80433,23,25,0.00658407,0.019554,0.9188577175573671,0.8601643822196934
310926.0,196,0.768901,0.627048,0.326935,86328,49,38,0.00323956,0.299764,0.9430828672542265,0.45249292242017547
424654.0,141,0.767748,0.727668,0.230682,138897,11,48,0.00386436,0.373431,0.9378360232932288,0.3889099902633001
472440.0,44,0.361865,0.371119,0.611235,93194,21,18,0.000248158,0.180499,0.9842469685457053,0.5751482611545529
954259.0,35,0.862766,0.334,0.795848,18651,10,32,1.12615e-12,0.182415,0.9999989387978515,0.5728993092958055
664692.0,151,0.81222,0.468229,0.705483,186815,16,26,0.0071207,0.0825492,0.9156157597652264,0.7126862342316331
905031.0,293,0.761179,0.551009,0.886952,128360,11,37,0.00915498,0.0115698,0.9043183403153979,0.8924369952074599
668639.0,356,0.871532,0.109355,0.775704,198713,40,16,0.00344048,0.0711773,0.9413443949822355,0.7332092580316926
911786.0,115,0.0147077,0.574499,0.397189,97262,19,30,0.00817196,0.00905304,0.9096011062014584,0.9048525355040924
457410.0,222,0.365264,0.588184,0.623194,53867,17,44,0.00391494,0.0351099,0.9374305186212959,0.812623640765437
844233.0,160,0.603109,0.292546,0.583315,33453,28,45,0.000213283,0.116532,0.9853957882787191,0.6586321632022138
782888.0,254,0.0783115,0.659036,0.404562,98843,43,15,0.00809814,0.00640144,0.9100103339266113,0.9199910005061931
533758.0,471,0.0241211,0.767098,0.968022,198935,20,48,0.00980274,0.000209343,0.900991212511212,0.9855313096653499
892438.0,379,0.695418,0.142808,0.845767,15223,24,29,100000.0,100000.0,-315.22776601683796,-315.22776601683796
950775.0,233,0.110086,0.430036,0.474688,133518,12,10,0.00781357,0.0100838,0.9116055997248694,0.8995818741461483
613285.0,150,0.135932,0.77099,0.475985,153463,25,30,0.00797766,0.0129423,0.910682252603416,0.8862357701208328
712085.0,290,0.450315,0.281085,0.370909,163320,38,40,0.00512087,0.103026,0.9284397456684229,0.6790233653363535
552867.0,436,0.233668,0.265035,0.465017,187084,13,14,0.00758387,0.0248336,0.9129145821621094,0.8424131985222112
279431.0,72,0.709745,0.479349,0.986402,173914,19,19,0.00707531,0.0139896,0.915885138055157,0.8817223605240618
231382.0,313,0.574712,0.543756,0.568636,18487,32,46,100000.0,100000.0,-315.22776601683796,-315.22776601683796
699437.0,159,0.829,0.3217,0.145764,185019,38,47,0.000513509,0.531033,0.9773392630305191,0.27127988912065837
847798.0,47,0.773156,0.147499,0.258505,37770,47,21,3.11378e-20,0.657229,0.9999999998235409,0.18930338596981922
690584.0,82,0.726045,0.766291,0.260454,192390,17,28,0.00366742,0.320422,0.9394407727922491,0.43394169911571834
518162.0,270,0.797114,0.797315,0.670695,32239,43,21,0.00677493,0.0894983,0.9176900370550441,0.7008373352171097
521695.0,348,0.379482,0.143583,0.33772,32286,43,33,2.08317e-11,0.134439,0.9999954358242803,0.6333407576509219
361276.0,448,0.552754,0.533283,0.810488,76626,12,36,0.00818085,0.0185948,0.9095519486113715,0.8636372484877193
346272.0,318,0.645666,0.377264,0.252153,72156,42,13,0.00187717,0.26577,0.9566736800547289,0.4844711453274414
299550.0,65,0.0567582,0.510409,0.406322,85071,13,31,0.00515596,0.06127,0.9281949862474771,0.7524722237808452
348263.0,84,0.621719,0.70154,0.874988,79647,17,19,0.00189881,0.0326348,0.9564246629387677,0.8193489551649369
767443.0,138,0.211133,0.661168,0.959908,190439,46,32,0.00797316,0.00278647,0.9107074471190346,0.9472129750790973
752580.0,339,0.0609352,0.708086,0.671001,197628,28,43,0.00931034,0.00145605,0.9035098968805608,0.961841776770924
277759.0,426,0.0601123,0.685208,0.683828,109548,31,20,0.00921422,0.00198572,0.9040092712810243,0.9554385817101834
285342.0,492,0.0736348,0.490762,0.47038,15092,35,43,0.00386179,0.00818791,0.9378566978669463,0.9095129291003405
533758.0,471,0.0241211,0.767098,0.968022,198935,20,48,0.00980274,0.000209343,0.900991212511212,0.9855313096653499
509313.0,370,0.194654,0.767098,0.968022,179493,21,45,0.0094104,0.000535783,0.902992783773577,0.9768530131550562
277759.0,426,0.0601123,0.685208,0.683828,13980,29,38,0.00466699,0.00390789,0.9316846283769165,0.9374868813767863
873686.0,254,0.046727,0.659036,0.404562,94788,43,12,0.00857262,0.00383017,0.907411555796633,0.9381116327570358
218818.0,252,0.372884,0.702149,0.897685,83582,36,49,0.0062557,0.00580426,0.9209070167461108,0.9238143058048297
247454.0,390,0.169088,0.605903,0.678098,33560,36,19,0.00448656,0.00975821,0.9330182114302701,0.9012163475062802
277759.0,426,0.01,0.549298,0.683828,109548,29,37,0.00960329,0.00138692,0.9020036225159318,0.9627586251596427
277759.0,426,0.0601123,0.685208,0.525377,109548,31,20,0.00918318,0.00290244,0.9041710899571533,0.9461257018607203
218818.0,252,0.372884,0.474701,0.897685,158925,43,49,0.00882638,0.00421362,0.9060511841479628,0.9350875974870749
212423.0,434,0.0178387,0.359371,0.192197,110631,28,27,0.00946805,0.00347562,0.9026960946313047,0.9410456108504209
745532.0,299,0.0785019,0.367739,0.620072,147253,36,37,0.00849611,0.00585617,0.9078256543283327,0.9234743833739316
782888.0,254,0.0783115,0.659036,0.404562,98843,43,15,0.00809814,0.00640144,0.9100103339266113,0.9199910005061931
911786.0,146,0.01,0.634489,0.397189,97262,18,30,0.00871317,0.00477655,0.9066556375564115,0.9308874106981948
561739.0,229,0.210971,0.753796,0.74258,80433,35,25,0.00672438,0.00798221,0.9179976829595651,0.910656785372363
212423.0,434,0.0178387,0.497241,0.192197,110631,25,28,0.00960988,0.00219425,0.9019700045904316,0.9531571777109875
675437.0,329,0.146091,0.767661,0.491073,84404,40,24,0.00782245,0.0094087,0.9115553845618627,0.9030015464040793
911786.0,115,0.0147077,0.574499,0.397189,97262,19,30,0.00817196,0.00905304,0.9096011062014584,0.9048525355040924
675437.0,329,0.146091,0.767661,0.491073,62398,40,24,0.00748023,0.00982962,0.9135116770887538,0.9008555599138308
905031.0,328,0.761179,0.524887,0.937036,107436,11,37,0.00933731,0.00474321,0.903370242678562,0.931129033693435
752580.0,339,0.214683,0.708086,0.741578,194726,28,43,0.00899162,0.00518993,0.9051758469586993,0.9279588312143674
675437.0,329,0.146091,0.56056,0.491073,159747,42,25,0.00822197,0.00965676,0.9093249207334231,0.9017311850076536
524208.0,143,0.0147077,0.574499,0.307698,97262,19,30,0.00821315,0.00984276,0.9093735689768156,0.9007893150915689
950775.0,233,0.110086,0.430036,0.474688,133518,12,10,0.00781357,0.0100838,0.9116055997248694,0.8995818741461483
915773.0,158,0.0242792,0.340865,0.470962,143585,37,50,0.00841063,0.0108823,0.9082905130316389,0.895681736977651
527586.0,110,0.163367,0.770208,0.825737,92993,41,36,0.00623255,0.0113457,0.9210534991275737,0.8934838040483983
905031.0,293,0.761179,0.551009,0.886952,128360,11,37,0.00915498,0.0115698,0.9043183403153979,0.8924369952074599
247454.0,346,0.169088,0.519832,0.678098,33560,37,33,0.0036149,0.0128522,0.9398759615461503,0.8866324561437445
247454.0,381,0.169088,0.469994,0.678098,33560,37,36,0.00362722,0.0129213,0.939773593831277,0.8863281037371153
613285.0,150,0.135932,0.77099,0.475985,153463,25,30,0.00797766,0.0129423,0.910682252603416,0.8862357701208328
279431.0,72,0.709745,0.479349,0.986402,173914,19,19,0.00707531,0.0139896,0.915885138055157,0.8817223605240618
279431.0,72,0.709745,0.479349,0.986402,173914,48,21,0.00707782,0.0142805,0.9158702193037448,0.8804989539794734
660446.0,448,0.0761095,0.242146,0.122488,84821,38,18,0.00733167,0.0159138,0.9143748284673251,0.8738500891795797
247454.0,381,0.169088,0.469994,0.551687,54315,42,36,0.00540366,0.0165867,0.9264904087890566,0.8712106370852002
285540.0,448,0.504484,0.533283,0.810488,76626,15,41,0.00773359,0.0167149,0.9120591676182218,0.8707138831892611
427137.0,329,0.624199,0.211035,0.88206,161041,42,38,0.00546503,0.0174355,0.9260741587805725,0.8679564465791685
437104.0,86,0.0950192,0.717646,0.515019,153711,43,13,0.00810014,0.018273,0.9099992222255829,0.8648223391236555
361276.0,448,0.552754,0.533283,0.810488,76626,12,36,0.00818085,0.0185948,0.9095519486113715,0.8636372484877193
437104.0,86,0.0977615,0.759086,0.442039,153711,43,13,0.00815305,0.0190928,0.9097057587661317,0.8618233015302508
437104.0,86,0.0977615,0.759086,0.439522,153711,43,13,0.00815128,0.0191657,0.9097155605876628,0.8615597601851254
226019.0,229,0.210971,0.753796,0.546014,80433,23,25,0.00658407,0.019554,0.9188577175573671,0.8601643822196934
541352.0,117,0.609392,0.715637,0.879309,99800,27,25,0.00606616,0.0200009,0.9221144429306691,0.8585754618179716
427137.0,329,0.624199,0.211035,0.88206,123350,41,40,0.00418983,0.0201156,0.9352711038252621,0.8581705249251764
361276.0,448,0.552754,0.393221,0.810488,76626,11,36,0.00727343,0.0205667,0.9147155934534337,0.8565890520218209
480852.0,117,0.609392,0.715637,0.87067,92896,27,25,0.00524416,0.0221972,0.9275834273111465,0.8510127522235544
552867.0,436,0.233668,0.265035,0.465017,187084,13,14,0.00758387,0.0248336,0.9129145821621094,0.8424131985222112
950775.0,209,0.110086,0.196676,0.474688,133518,12,12,0.00678376,0.0260312,0.9176364158137833,0.8386581269477759
464940.0,436,0.422537,0.509292,0.67771,106933,34,17,0.00785281,0.0266228,0.9113839179381079,0.8368350527840002
846967.0,49,0.368756,0.594552,0.956681,107037,15,20,0.00334165,0.0270919,0.9421929935042472,0.8354038275050115
846967.0,49,0.174182,0.594552,0.956681,128796,18,17,0.00555894,0.0274886,0.9254417006631723,0.8342031363384699
675437.0,329,0.288957,0.767661,0.491073,104954,40,25,0.00794293,0.0280109,0.9108768829090903,0.8326354278827206
988341.0,233,0.231072,0.484619,0.381415,155263,12,10,0.00726338,0.0298795,0.9147745343221875,0.8271431227865087
581058.0,441,0.887723,0.1,0.942306,47720,39,40,0.000815978,0.0316567,0.9714346713654473,0.8220767019190572
846967.0,49,0.407844,0.594552,0.906708,114241,15,20,0.00319754,0.0322995,0.9434532052190401,0.8202793834864792
348263.0,84,0.621719,0.70154,0.874988,79647,17,19,0.00189881,0.0326348,0.9564246629387677,0.8193489551649369
406310.0,356,0.237003,0.112399,0.890759,113886,40,32,0.00533927,0.0327643,0.9269296913924677,0.8189908842074521
361276.0,371,0.61565,0.515906,0.768874,68112,12,36,0.00735204,0.0328257,0.9142559623064087,0.8188213588747283
745532.0,168,0.170476,0.247687,0.620072,123127,36,37,0.00577533,0.0334163,0.9240044080225701,0.8171987417986408
307731.0,448,0.552754,0.533283,0.724074,76626,12,32,0.00756907,0.0334562,0.9129995977020795,0.8170896394405172
380088.0,229,0.32695,0.753796,0.546014,80433,19,25,0.00555628,0.033953,0.9254595411873525,0.81573660157264
457410.0,222,0.365264,0.637211,0.623194,53867,17,28,0.00432494,0.0339613,0.9342357239833053,0.8157140808417529
720626.0,198,0.102949,0.425924,0.0463528,15853,24,25,0.00157947,0.0339966,0.9602574535289949,0.8156183306290997
675437.0,341,0.327228,0.767661,0.491073,84404,10,22,0.00779365,0.0343213,0.9117183484522406,0.8147399125553483
348263.0,84,0.519706,0.636874,0.874988,82734,31,19,0.00210004,0.0346019,0.9541738066167393,0.8139841404610886
457410.0,222,0.365264,0.588184,0.623194,53867,17,44,0.00391494,0.0351099,0.9374305186212959,0.812623640765437
263571.0,229,0.851252,0.444421,0.800714,188555,36,38,0.00808704,0.0372709,0.910072028823063,0.806943272585491
464940.0,436,0.461625,0.509292,0.627737,131874,32,18,0.00804917,0.0381048,0.9102828333037651,0.8047954918553365
464940.0,441,0.488618,0.454484,0.630301,131874,32,18,0.0078529,0.0424573,0.9113834101310595,0.7939483074565996
406310.0,288,0.237003,0.112399,0.890759,120790,40,32,0.00520652,0.0428149,0.9278437805868406,0.7930823835435948
490752.0,395,0.125277,0.132542,0.510824,45875,40,27,0.0027062,0.0444771,0.947978850454839,0.7891040540930196
254771.0,229,0.851252,0.438713,0.800714,131118,36,41,0.00613072,0.0445462,0.9217010855758523,0.7889402928079355
969133.0,43,0.166529,0.660898,0.586294,141071,48,21,0.00559437,0.0447958,0.9252044787437108,0.7883498169147969
808281.0,315,0.256451,0.621541,0.261765,94015,33,44,0.00732417,0.0453872,0.9144186352060216,0.7869572812790824
454572.0,294,0.41521,0.437439,0.58192,99331,27,37,0.00522483,0.045746,0.9277170144501488,0.7861168543339612
476231.0,343,0.256451,0.621541,0.261765,94015,33,44,0.00671121,0.0462128,0.9180780249261531,0.7850283739653068
518162.0,305,0.807377,0.782924,0.775628,32239,43,21,0.00762315,0.0463699,0.9126893477289283,0.7846632869202281
676639.0,74,0.450186,0.577706,0.725295,102217,12,27,0.00256213,0.0477107,0.9493825129031478,0.7815722087279184
767443.0,138,0.211133,0.661168,0.959908,190439,46,32,0.00797316,0.00278647,0.9107074471190346,0.9472129750790973
285342.0,492,0.0736348,0.490762,0.47038,15092,35,43,0.00386179,0.00818791,0.9378566978669463,0.9095129291003405
533758.0,471,0.0241211,0.767098,0.968022,198935,20,48,0.00980274,0.000209343,0.900991212511212,0.9855313096653499
277759.0,426,0.0601123,0.685208,0.683828,13980,29,38,0.00466699,0.00390789,0.9316846283769165,0.9374868813767863
509313.0,331,0.0660871,0.767098,0.968022,193962,21,48,0.00949947,0.00043813,0.9025347754324652,0.9790684448738275
277759.0,426,0.05309,0.685208,0.683828,13980,32,38,0.00483942,0.00373326,0.9304340600581003,0.9388995908360672
521813.0,379,0.0521576,0.549298,0.683828,109548,29,38,0.00883678,0.00244665,0.9059958511553878,0.9505363770028923
669940.0,448,0.020626,0.563769,0.810488,67629,12,36,0.00896784,0.000968278,0.9053013199669605,0.9688828343193021
524208.0,500,0.174594,0.574499,0.99,137166,19,30,0.00921125,0.000446663,0.9040247427718998,0.9788655967673559
509313.0,370,0.194654,0.767098,0.968022,179493,21,45,0.0094104,0.000535783,0.902992783773577,0.9768530131550562
218818.0,252,0.372884,0.702149,0.897685,83582,36,49,0.0062557,0.00580426,0.9209070167461108,0.9238143058048297
247454.0,390,0.169088,0.605903,0.678098,33560,36,19,0.00448656,0.00975821,0.9330182114302701,0.9012163475062802
653631.0,329,0.512985,0.211035,0.988738,123350,40,40,0.00635163,0.00567911,0.9203028858740795,0.9246401300425751
380088.0,300,0.190009,0.758328,0.816707,80433,19,25,0.00705904,0.00422126,0.9159819067105186,0.9350287756002705
846135.0,336,0.0609352,0.708086,0.671001,197628,26,45,0.00928265,0.00140657,0.9036534899438491,0.9624957335760317
873686.0,254,0.046727,0.659036,0.404562,112666,43,10,0.0087641,0.00363039,0.9063832279983977,0.9397472822189737
285342.0,388,0.01,0.474409,0.47038,10000,35,43,0.00474127,0.00736991,0.9311431194432974,0.9141518200542376
389393.0,469,0.0601123,0.685208,0.683828,109548,31,20,0.00901645,0.00171213,0.9050450106629462,0.958622107351872
539426.0,254,0.112892,0.623636,0.825737,92993,45,36,0.00760023,0.00379479,0.9128207019986969,0.9383981331451716
752580.0,339,0.0609352,0.708086,0.671001,197628,28,43,0.00931034,0.00145605,0.9035098968805608,0.961841776770924
277759.0,426,0.0601123,0.685208,0.683828,109548,31,20,0.00921422,0.00198572,0.9040092712810243,0.9554385817101834
873686.0,254,0.046727,0.659036,0.404562,94788,43,12,0.00857262,0.00383017,0.907411555796633,0.9381116327570358
277759.0,426,0.01,0.549298,0.683828,109548,29,37,0.00960329,0.00138692,0.9020036225159318,0.9627586251596427
782888.0,254,0.0783115,0.659036,0.404562,98843,43,15,0.00809814,0.00640144,0.9100103339266113,0.9199910005061931
561739.0,229,0.210971,0.753796,0.74258,80433,35,25,0.00672438,0.00798221,0.9179976829595651,0.910656785372363
277759.0,426,0.01,0.549298,0.683828,109548,10,37,0.00962083,0.00113925,0.90191417023851,0.9662472223365246
752580.0,339,0.0609352,0.583613,0.671001,198195,33,43,0.009274,0.0017971,0.903698390459972,0.9576077837333314
868871.0,339,0.163355,0.708086,0.79503,190595,28,43,0.00908373,0.0024606,0.9046913959812651,0.9503955647144331
675437.0,407,0.124755,0.767661,0.491073,42494,37,36,0.0075886,0.00738083,0.9128874291505525,0.9140882429466142
675437.0,329,0.146091,0.56056,0.618326,159747,39,25,0.00827641,0.0063874,0.9090252232758992,0.9200787887979668
247454.0,381,0.0413214,0.469994,0.551687,54315,26,36,0.00782996,0.00676897,0.9115129387989408,0.9177262496296662
403992.0,485,0.169088,0.504003,0.678098,39029,36,36,0.00579407,0.00802443,0.923881211255039,0.9104208171504116
560947.0,138,0.512732,0.661168,0.959908,200000,42,32,0.00831261,0.00439391,0.9088264841085966,0.9337134251903147
398423.0,282,0.01,0.685208,0.583888,79451,31,20,0.00902913,0.00268192,0.904978265644117,0.9482127428801255
277759.0,426,0.0601123,0.685208,0.525377,109548,31,20,0.00918318,0.00290244,0.9041710899571533,0.9461257018607203
218818.0,252,0.372884,0.474701,0.897685,158925,43,49,0.00882638,0.00421362,0.9060511841479628,0.9350875974870749
745532.0,299,0.0785019,0.367739,0.620072,147253,36,37,0.00849611,0.00585617,0.9078256543283327,0.9234743833739316
911786.0,146,0.01,0.634489,0.397189,97262,18,30,0.00871317,0.00477655,0.9066556375564115,0.9308874106981948
212423.0,434,0.0178387,0.497241,0.192197,110631,25,28,0.00960988,0.00219425,0.9019700045904316,0.9531571777109875
911786.0,129,0.311346,0.668442,0.879582,97262,34,28,0.0064907,0.00808509,0.919435119313686,0.9100828714871299
682925.0,253,0.0783115,0.653222,0.404562,98843,43,15,0.00807369,0.00690124,0.9101462855525716,0.9169262977832334
377621.0,434,0.010076,0.591166,0.192197,129233,17,29,0.00963327,0.00128327,0.9018507768752091,0.964177241870565
958019.0,146,0.0424765,0.666795,0.404867,97262,18,30,0.00825331,0.00654929,0.9091522702540125,0.91907231623233
212423.0,434,0.0178387,0.359371,0.192197,110631,28,27,0.00946805,0.00347562,0.9026960946313047,0.9410456108504209
342300.0,339,0.0601123,0.68579,0.425352,104955,31,28,0.00886581,0.0045294,0.9058415696817327,0.9326991827687063
775400.0,329,0.146091,0.566374,0.597734,159747,42,25,0.00831362,0.00663016,0.9088209453876605,0.9185742055611368
524208.0,188,0.0147077,0.574499,0.413137,97262,19,30,0.00863319,0.00608,0.9070850388796293,0.9220256452415283
561739.0,229,0.210971,0.67311,0.74258,90114,35,25,0.00664005,0.0084782,0.9185134980502906,0.9079228584283808
212423.0,434,0.0178387,0.359371,0.192197,109151,50,27,0.00944996,0.00355453,0.9027890952618998,0.9403801207649664
1000000.0,328,0.559124,0.524887,0.924448,148506,25,37,0.00938229,0.0041584,0.9031377782621108,0.9355143426799416
992766.0,115,0.0147077,0.574499,0.450023,97262,10,30,0.00827227,0.0070948,0.9090479796815926,0.9157693642431686
911786.0,146,0.01,0.634489,0.397189,115008,18,30,0.00890511,0.00435743,0.9056331096199519,0.9339891675556201
533758.0,135,0.0133703,0.767098,0.267373,159031,20,48,0.00936828,0.00433666,0.9032101244964124,0.9341466781399753
675437.0,329,0.146091,0.767661,0.491073,84404,40,24,0.00782245,0.0094087,0.9115553845618627,0.9030015464040793
675437.0,329,0.146091,0.767661,0.491073,62398,40,24,0.00748023,0.00982962,0.9135116770887538,0.9008555599138308
905031.0,328,0.761179,0.524887,0.937036,107436,11,37,0.00933731,0.00474321,0.903370242678562,0.931129033693435
752580.0,339,0.214683,0.708086,0.741578,194726,28,43,0.00899162,0.00518993,0.9051758469586993,0.9279588312143674
675437.0,329,0.146091,0.767661,0.491073,84404,40,24,0.00782245,0.0094087,0.9115553845618627,0.9030015464040793
904542.0,233,0.0776096,0.430036,0.402773,115908,12,10,0.00799014,0.00898943,0.9106124169696932,0.9051873953527275
950775.0,233,0.0709929,0.430036,0.474688,133580,12,10,0.00833724,0.00685533,0.9086915118951147,0.9172030797674213
675437.0,329,0.146091,0.767661,0.491073,84404,40,24,0.00782245,0.0094087,0.9115553845618627,0.9030015464040793
911786.0,115,0.0147077,0.574499,0.397189,97262,19,30,0.00817196,0.00905304,0.9096011062014584,0.9048525355040924
662193.0,299,0.0785019,0.367739,0.560631,147253,36,37,0.00850617,0.00692291,0.907771099974032,0.9167959736551169
675437.0,329,0.146091,0.56056,0.491073,159747,42,25,0.00822197,0.00965676,0.9093249207334231,0.9017311850076536
524208.0,143,0.0147077,0.574499,0.307698,97262,19,30,0.00821315,0.00984276,0.9093735689768156,0.9007893150915689
200000.0,332,0.169088,0.469994,0.678098,112499,37,36,0.00858586,0.00840756,0.9073400841787561,0.9083072521951708
950775.0,233,0.110086,0.430036,0.474688,133518,12,10,0.00781357,0.0100838,0.9116055997248694,0.8995818741461483
660446.0,448,0.0652881,0.336179,0.122488,84821,38,23,0.00788884,0.0101455,0.9111808579190274,0.8992751272028602
464940.0,441,0.488618,0.454484,0.861606,105052,32,18,0.00850543,0.0102554,0.907775111818989,0.8987310511558454
754680.0,332,0.146091,0.767661,0.452092,82393,40,24,0.00793518,0.0103268,0.9109203726994775,0.898379136000524
915773.0,158,0.0242792,0.340865,0.470962,143585,37,50,0.00841063,0.0108823,0.9082905130316389,0.895681736977651
448943.0,377,0.146091,0.633521,0.491073,62398,41,24,0.00673032,0.0111086,0.9179614724656763,0.8946026565799687
950775.0,233,0.110086,0.430036,0.439047,139176,22,10,0.00786951,0.0112181,0.9112897412922271,0.8940844676168788
527586.0,110,0.163367,0.770208,0.825737,92993,41,36,0.00623255,0.0113457,0.9210534991275737,0.8934838040483983
905031.0,293,0.761179,0.551009,0.886952,128360,11,37,0.00915498,0.0115698,0.9043183403153979,0.8924369952074599
235279.0,381,0.169088,0.535687,0.678098,28634,37,36,0.00346553,0.0116789,0.9411312476775666,0.8919310405342958
911786.0,140,0.0177627,0.416314,0.397189,94773,27,30,0.00786099,0.0117592,0.9113377758005136,0.8915601549244928
633929.0,329,0.436363,0.8,0.791462,161041,42,38,0.00911428,0.0119648,0.9045312616612118,0.8906162717768314
527586.0,110,0.163367,0.770208,0.825737,76631,41,46,0.00556082,0.0123324,0.9254290941452366,0.8889486605213607
635517.0,233,0.110086,0.430036,0.474688,123907,13,10,0.00769511,0.0125146,0.9122782239121893,0.8881313269945513
285342.0,492,0.0736348,0.490762,0.47038,15092,35,43,0.00386179,0.00818791,0.9378566978669463,0.9095129291003405
533758.0,471,0.0241211,0.767098,0.968022,198935,20,48,0.00980274,0.000209343,0.900991212511212,0.9855313096653499
277759.0,426,0.0601123,0.685208,0.683828,13980,29,38,0.00466699,0.00390789,0.9316846283769165,0.9374868813767863
277759.0,426,0.05309,0.685208,0.683828,13980,32,38,0.00483942,0.00373326,0.9304340600581003,0.9388995908360672
669940.0,448,0.020626,0.563769,0.810488,67629,12,36,0.00896784,0.000968278,0.9053013199669605,0.9688828343193021
524208.0,500,0.174594,0.574499,0.99,137166,19,30,0.00921125,0.000446663,0.9040247427718998,0.9788655967673559
524208.0,321,0.174594,0.574499,0.99,108530,19,30,0.00784166,0.00101788,0.9114468521169349,0.968095768305756
524814.0,422,0.167952,0.574499,0.99,200000,23,42,0.00926888,0.000360667,0.9037249772786315,0.981008765179694
277759.0,405,0.0601123,0.710011,0.687246,13980,24,41,0.00462612,0.00392175,0.9319844135510102,0.9373761227645557
606966.0,332,0.137524,0.662287,0.92987,193962,33,48,0.00897378,0.00081419,0.9052699625250786,0.9714659852106298
285342.0,355,0.0224197,0.474409,0.47038,10000,35,43,0.00358661,0.00924313,0.9401116872837446,0.9038588017549188
786210.0,336,0.0103535,0.484681,0.47038,10000,35,34,0.00652495,0.00349184,0.9192228373858057,0.940908206999618
533758.0,471,0.0241211,0.729053,0.968022,198935,20,48,0.00979619,0.00023106,0.901024295910562,0.9847993421195003
200000.0,426,0.0601123,0.647587,0.683828,13980,29,31,0.00406306,0.00508674,0.9362578632300422,0.9286786147077891
464290.0,370,0.0614462,0.767098,0.968022,114218,11,45,0.00903486,0.000519651,0.90494811942944,0.9772041451136396
218818.0,252,0.372884,0.702149,0.897685,83582,36,49,0.0062557,0.00580426,0.9209070167461108,0.9238143058048297
247454.0,390,0.169088,0.605903,0.678098,33560,36,19,0.00448656,0.00975821,0.9330182114302701,0.9012163475062802
653631.0,329,0.512985,0.211035,0.988738,123350,40,40,0.00635163,0.00567911,0.9203028858740795,0.9246401300425751
380088.0,300,0.190009,0.758328,0.816707,80433,19,25,0.00705904,0.00422126,0.9159819067105186,0.9350287756002705
285342.0,388,0.01,0.474409,0.47038,10000,35,43,0.00474127,0.00736991,0.9311431194432974,0.9141518200542376
539426.0,254,0.112892,0.623636,0.825737,92993,45,36,0.00760023,0.00379479,0.9128207019986969,0.9383981331451716
675437.0,407,0.124755,0.767661,0.894123,42494,45,36,0.00813792,0.00126299,0.9097895793159128,0.9644614294040967
403992.0,500,0.169088,0.504003,0.705846,39029,41,30,0.00592756,0.00702648,0.9230093512171771,0.916175898453965
814133.0,122,0.239909,0.773252,0.917734,97262,22,28,0.00647215,0.00502471,0.9195503262902825,0.92911481113801
805932.0,249,0.211133,0.606865,0.959908,200000,46,35,0.0088803,0.00116154,0.905764656311976,0.9659186267882294
509313.0,331,0.0903715,0.767098,0.968022,193962,21,50,0.00935585,0.000435193,0.9032743570711468,0.9791387200776175
509313.0,370,0.17037,0.767098,0.968022,179493,21,46,0.00932171,0.000477907,0.9034509968979483,0.9781389158548804
726801.0,426,0.01,0.647656,0.640766,13472,33,38,0.00784998,0.00128886,0.9113998871332547,0.9640993036279238
509313.0,304,0.101705,0.753364,0.968022,175711,21,38,0.00913479,0.00059818,0.9044239046623058,0.9755422813819441
767443.0,138,0.211133,0.661168,0.959908,190439,46,32,0.00797316,0.00278647,0.9107074471190346,0.9472129750790973
509313.0,331,0.0660871,0.767098,0.968022,193962,21,48,0.00949947,0.00043813,0.9025347754324652,0.9790684448738275
509313.0,370,0.194654,0.767098,0.968022,179493,21,45,0.0094104,0.000535783,0.902992783773577,0.9768530131550562
403992.0,485,0.169088,0.504003,0.678098,39029,36,36,0.00579407,0.00802443,0.923881211255039,0.9104208171504116
509313.0,331,0.241125,0.767098,0.971187,75097,19,49,0.00861316,0.00128862,0.9071928882035434,0.9641026463370905
954889.0,328,0.191523,0.539068,0.952916,183059,25,37,0.00917959,0.000980017,0.9041898230875237,0.9686947767936404
320413.0,252,0.372884,0.702149,0.897685,83582,37,49,0.00669713,0.00616736,0.9181640054743635,0.9214674589740024
669940.0,317,0.020626,0.68749,0.913294,67629,17,36,0.00886333,0.00127621,0.9058547398962645,0.9642759184862648
675437.0,460,0.056795,0.64942,0.550993,84404,35,24,0.00860014,0.00217472,0.9072630602187025,0.9533661067462731
675437.0,407,0.0456203,0.767661,0.491073,42494,36,37,0.00805785,0.00223825,0.9102344720953528,0.952689853096825
285342.0,298,0.01,0.517568,0.47038,17792,35,43,0.00545131,0.00941146,0.9261670127923839,0.9029873204163497
521813.0,379,0.0521576,0.549298,0.683828,109548,29,38,0.00883678,0.00244665,0.9059958511553878,0.9505363770028923
846135.0,336,0.0609352,0.708086,0.671001,197628,26,45,0.00928265,0.00140657,0.9036534899438491,0.9624957335760317
389393.0,469,0.0601123,0.685208,0.683828,109548,31,20,0.00901645,0.00171213,0.9050450106629462,0.958622107351872
782888.0,254,0.0783115,0.659036,0.404562,98843,43,15,0.00809814,0.00640144,0.9100103339266113,0.9199910005061931
561739.0,229,0.210971,0.753796,0.74258,80433,35,25,0.00672438,0.00798221,0.9179976829595651,0.910656785372363
675437.0,407,0.124755,0.767661,0.491073,42494,37,36,0.0075886,0.00738083,0.9128874291505525,0.9140882429466142
247454.0,381,0.0413214,0.469994,0.551687,54315,26,36,0.00782996,0.00676897,0.9115129387989408,0.9177262496296662
911786.0,129,0.311346,0.668442,0.879582,97262,34,28,0.0064907,0.00808509,0.919435119313686,0.9100828714871299
221162.0,463,0.020626,0.616457,0.810488,67629,12,36,0.00919662,0.00151096,0.9041009906203405,0.9611289310669233
533152.0,471,0.0241211,0.740318,0.862362,129352,19,36,0.00955152,0.000479926,0.9022681218844127,0.978092786576107
521813.0,379,0.0521576,0.64314,0.683828,109548,29,38,0.00890915,0.00196958,0.9056117062343004,0.9556200495719069
218818.0,252,0.209892,0.74666,0.925386,136599,36,46,0.00903574,0.00164441,0.9049434904911821,0.9594486744976197
588052.0,323,0.0521576,0.558258,0.683828,105625,29,38,0.00868898,0.00286462,0.9067853015882151,0.946477855050456
524208.0,500,0.0215627,0.574499,0.99,109055,17,30,0.00942232,0.000618163,0.9029313644888319,0.975137116016037
521813.0,379,0.0345817,0.716798,0.627659,120859,29,23,0.00927234,0.00141037,0.9037070096009061,0.9624451068434485
342300.0,421,0.0601123,0.68579,0.553365,63754,11,28,0.0081699,0.00324287,0.9096125008643341,0.9430537973171169
868871.0,282,0.163355,0.708086,0.79503,190595,33,41,0.00882277,0.00273897,0.9060703987020067,0.947664830180843
856534.0,129,0.311346,0.680639,0.879582,97262,31,29,0.00635431,0.0081731,0.9202860739895469,0.9095948010344538
873686.0,254,0.046727,0.659036,0.404562,112666,43,10,0.0087641,0.00363039,0.9063832279983977,0.9397472822189737
752580.0,339,0.0609352,0.708086,0.671001,197628,28,43,0.00931034,0.00145605,0.9035098968805608,0.961841776770924
873686.0,254,0.046727,0.659036,0.404562,94788,43,12,0.00857262,0.00383017,0.907411555796633,0.9381116327570358
868871.0,339,0.163355,0.708086,0.79503,190595,28,43,0.00908373,0.0024606,0.9046913959812651,0.9503955647144331
560947.0,138,0.512732,0.661168,0.959908,200000,42,32,0.00831261,0.00439391,0.9088264841085966,0.9337134251903147
398423.0,282,0.01,0.685208,0.583888,79451,31,20,0.00902913,0.00268192,0.904978265644117,0.9482127428801255
682925.0,253,0.0783115,0.653222,0.404562,98843,43,15,0.00807369,0.00690124,0.9101462855525716,0.9169262977832334
561739.0,229,0.210971,0.67311,0.74258,90114,35,25,0.00664005,0.0084782,0.9185134980502906,0.9079228584283808
332318.0,334,0.104658,0.758328,0.816707,179006,19,25,0.009435,0.00134996,0.9028660718389295,0.9632581981933385
315388.0,426,0.0601123,0.685208,0.696528,109548,17,20,0.0091211,0.00188761,0.9044955498419053,0.9565533660682441
493322.0,331,0.0244379,0.767098,0.796871,193962,32,48,0.00973265,0.000626662,0.9013458059685245,0.9749667820686193
895839.0,353,0.01,0.524887,0.866806,148506,25,37,0.00956952,0.00087682,0.9021760765456629,0.9703888534500942
609336.0,434,0.010076,0.591166,0.192197,129233,17,29,0.00956755,0.00110818,0.9021861461755033,0.9667106623676589
911786.0,207,0.01,0.540647,0.397189,97262,18,30,0.00891578,0.00341095,0.9055765918852745,0.9415966610543541
524208.0,460,0.0118715,0.574499,0.99,137166,26,34,0.00964396,0.000628519,0.9017963340806464,0.9749297187889725
277759.0,492,0.203381,0.549298,0.683828,109548,17,33,0.00792454,0.00739414,0.9109801145810668,0.9140108146334669
561739.0,229,0.0446796,0.753796,0.590635,80433,35,25,0.00836428,0.00386712,0.9085435622823631,0.9378138279036248
752580.0,374,0.0609352,0.583613,0.671001,198195,33,43,0.00929422,0.0016108,0.903593464951799,0.9598652270468613
331268.0,469,0.0601123,0.672478,0.550218,109548,31,22,0.00907729,0.0025707,0.904725186958987,0.9492979290363796
873686.0,254,0.01,0.659036,0.404562,103541,42,10,0.00926373,0.00176005,0.9037517272882261,0.9580470501633079
994908.0,251,0.01,0.634489,0.397189,86288,18,29,0.00914035,0.00182018,0.9043948223159436,0.9573364324042164
686723.0,366,0.235944,0.563769,0.810488,102182,33,36,0.00821218,0.00506226,0.9093789207744688,0.9288504392142861
285342.0,492,0.0736348,0.490762,0.47038,15092,35,43,0.00386179,0.00818791,0.9378566978669463,0.9095129291003405
533758.0,471,0.0241211,0.767098,0.968022,198935,20,48,0.00980274,0.000209343,0.900991212511212,0.9855313096653499
277759.0,426,0.0601123,0.685208,0.683828,13980,29,38,0.00466699,0.00390789,0.9316846283769165,0.9374868813767863
277759.0,426,0.05309,0.685208,0.683828,13980,32,38,0.00483942,0.00373326,0.9304340600581003,0.9388995908360672
277759.0,405,0.0601123,0.710011,0.687246,13980,24,41,0.00462612,0.00392175,0.9319844135510102,0.9373761227645557
285342.0,355,0.0224197,0.474409,0.47038,10000,35,43,0.00358661,0.00924313,0.9401116872837446,0.9038588017549188
533758.0,471,0.0241211,0.729053,0.968022,198935,20,48,0.00979619,0.00023106,0.901024295910562,0.9847993421195003
200000.0,426,0.0601123,0.647587,0.683828,13980,29,31,0.00406306,0.00508674,0.9362578632300422,0.9286786147077891
474717.0,436,0.0614462,0.767098,0.970196,113603,11,45,0.00907645,0.000355313,0.9047295953614135,0.9811502519910743
524208.0,347,0.174594,0.574499,0.99,57794,19,30,0.00703043,0.00127317,0.9161523405216341,0.9643184921843261
508654.0,498,0.0241211,0.8,0.935316,198935,20,48,0.00981806,0.000194231,0.9009138758453031,0.9860633217731053
533758.0,471,0.0241211,0.767098,0.968022,200000,18,48,0.0098056,0.000205136,0.900976770402092,0.9856774303981444
551996.0,370,0.0614462,0.767098,0.968022,109934,11,45,0.00893686,0.000455496,0.9054650329243195,0.978657647739764
533758.0,471,0.0241211,0.762185,0.968022,174842,20,48,0.00974269,0.000254436,0.9012949342738682,0.9840489498778293
440227.0,396,0.05309,0.685208,0.883428,13980,32,46,0.00557756,0.00190968,0.9253169363242241,0.9563001144166258
380088.0,320,0.190009,0.704132,0.99,85371,10,20,0.00783279,0.000719877,0.9114969492051263,0.973169476337574
354496.0,424,0.210163,0.574499,0.99,200000,23,26,0.00937337,0.000304055,0.9031838339945234,0.9825628270639991
533758.0,471,0.0241211,0.729053,0.968022,198935,20,42,0.00979432,0.00023117,0.9010337431242346,0.9847957242855834
524208.0,500,0.0692294,0.622297,0.931948,105007,17,32,0.00880558,0.000608118,0.9061619480168093,0.9753399513382475
524208.0,500,0.174594,0.574499,0.99,137166,19,30,0.00921125,0.000446663,0.9040247427718998,0.9788655967673559
524208.0,321,0.174594,0.574499,0.99,108530,19,30,0.00784166,0.00101788,0.9114468521169349,0.968095768305756
524814.0,422,0.167952,0.574499,0.99,200000,23,42,0.00926888,0.000360667,0.9037249772786315,0.981008765179694
464290.0,370,0.0614462,0.767098,0.968022,114218,11,45,0.00903486,0.000519651,0.90494811942944,0.9772041451136396
247454.0,390,0.169088,0.605903,0.678098,33560,36,19,0.00448656,0.00975821,0.9330182114302701,0.9012163475062802
675437.0,372,0.0481221,0.767661,0.894123,93230,44,36,0.00887362,0.000731909,0.9058001061571723,0.9729461832637242
419148.0,426,0.05309,0.685208,0.752077,13980,30,36,0.00563424,0.00243588,0.9249384252763106,0.950645364959307
277759.0,405,0.0601123,0.710011,0.520194,13980,24,41,0.0045578,0.00537958,0.9324885194948296,0.926654379817197
462234.0,331,0.111881,0.8,0.9674,172315,21,48,0.00915593,0.000474678,0.9043133760654082,0.9782128937212855
846135.0,336,0.0609352,0.731214,0.973966,197628,22,44,0.00938087,0.000336965,0.9031451085385978,0.9816433935598107
464290.0,370,0.0614462,0.767098,0.968022,115812,19,45,0.00903263,0.000640269,0.904959850589343,0.9746964626978756
610341.0,500,0.174594,0.574499,0.99,137166,10,30,0.00942858,0.000326762,0.9028991246177461,0.9819234405928562
464290.0,370,0.096572,0.747097,0.908132,80133,10,41,0.00808232,0.000866968,0.9100982758786017,0.9705556796648318
606966.0,332,0.137524,0.662287,0.92987,193962,33,48,0.00897378,0.00081419,0.9052699625250786,0.9714659852106298
786210.0,336,0.0103535,0.484681,0.47038,10000,35,34,0.00652495,0.00349184,0.9192228373858057,0.940908206999618
285342.0,388,0.01,0.474409,0.47038,10000,35,43,0.00474127,0.00736991,0.9311431194432974,0.9141518200542376
509313.0,331,0.0903715,0.767098,0.968022,193962,21,50,0.00935585,0.000435193,0.9032743570711468,0.9791387200776175
509313.0,370,0.17037,0.767098,0.968022,179493,21,46,0.00932171,0.000477907,0.9034509968979483,0.9781389158548804
726801.0,426,0.01,0.647656,0.640766,13472,33,38,0.00784998,0.00128886,0.9113998871332547,0.9640993036279238
509313.0,304,0.101705,0.753364,0.968022,175711,21,38,0.00913479,0.00059818,0.9044239046623058,0.9755422813819441
722621.0,448,0.020626,0.563769,0.887376,67629,12,38,0.00900107,0.000775045,0.9051260309673934,0.9721603699737227
675437.0,407,0.0789619,0.767661,0.857127,42494,45,36,0.00787097,0.00109361,0.9112815126368805,0.966930225280477
380088.0,300,0.190009,0.758328,0.878381,80433,19,20,0.0071599,0.00282169,0.9153838076961626,0.9468804179233308
786210.0,336,0.0103535,0.484681,0.47038,10000,35,34,0.00652495,0.00349184,0.9192228373858057,0.940908206999618
533758.0,471,0.0241211,0.705925,0.845082,198935,20,46,0.00977436,0.000347326,0.9011346370056732,0.9813633157455517
550903.0,328,0.191523,0.575195,0.952916,183059,29,37,0.00873617,0.00101219,0.9065325190239942,0.9681850663995664
855247.0,337,0.0103535,0.47245,0.488458,10000,27,34,0.00667121,0.00319145,0.9183225245248117,0.9435070800896254
288816.0,289,0.124755,0.767661,0.894123,42494,45,36,0.00586661,0.00349281,0.9234062012954051,0.9409
711675.0,407,0.01,0.692973,0.964045,42494,45,23,0.00892295,0.000866809,0.905538632235183,0.9705583798000178
606966.0,332,0.137524,0.662287,0.937493,200000,30,38,0.00902501,0.000736893,0.9049999473684356,0.9728542268483655
669940.0,448,0.020626,0.563769,0.810488,67629,12,36,0.00896784,0.000968278,0.9053013199669605,0.9688828343193021
653631.0,329,0.512985,0.211035,0.988738,123350,40,40,0.00635163,0.00567911,0.9203028858740795,0.9246401300425751
675437.0,407,0.124755,0.767661,0.894123,42494,45,36,0.00813792,0.00126299,0.9097895793159128,0.9644614294040967
403992.0,500,0.169088,0.504003,0.705846,39029,41,30,0.00592756,0.00702648,0.9230093512171771,0.916175898453965
814133.0,122,0.239909,0.773252,0.917734,97262,22,28,0.00647215,0.00502471,0.9195503262902825,0.92911481113801
509313.0,331,0.0660871,0.767098,0.968022,193962,21,48,0.00949947,0.00043813,0.9025347754324652,0.9790684448738275
403992.0,485,0.169088,0.504003,0.678098,39029,36,36,0.00579407,0.00802443,0.923881211255039,0.9104208171504116
675437.0,407,0.0456203,0.767661,0.491073,42494,36,37,0.00805785,0.00223825,0.9102344720953528,0.952689853096825
562390.0,254,0.112892,0.623636,0.825737,92993,46,38,0.00759502,0.00368639,0.912850588068536,0.9392843512758037
675437.0,407,0.0456203,0.703028,0.491073,42494,37,37,0.00796204,0.00246165,0.9107697360757013,0.9503849821122676
504644.0,471,0.0631686,0.740318,0.862362,129352,19,36,0.00913583,0.000654449,0.9044184641261713,0.9744177991564448
537821.0,370,0.17037,0.767098,0.968022,177970,21,46,0.00934414,0.000485536,0.9033349080588033,0.9779651185616985
804942.0,321,0.20807,0.602851,0.99,118352,38,33,0.00900978,0.000821435,0.9050801390645772,0.971339312639087
342300.0,421,0.0601123,0.68579,0.917671,63754,11,28,0.00827195,0.00111153,0.9090497388678845,0.9666603839254259
380088.0,357,0.190009,0.79744,0.816707,80433,23,25,0.00761616,0.00351611,0.9127293863892318,0.9407032041337814
247454.0,390,0.169088,0.680592,0.678098,33560,36,32,0.00489146,0.0087949,0.930061026601758,0.9062188718344677
380088.0,300,0.190009,0.750112,0.816707,80433,16,30,0.00703907,0.00418451,0.9161008343307278,0.935312211353301
218818.0,252,0.372884,0.702149,0.897685,83582,34,50,0.0062555,0.00580316,0.9209082810908753,0.9238215253500045
533152.0,471,0.0241211,0.740318,0.862362,129352,19,36,0.00955152,0.000479926,0.9022681218844127,0.978092786576107
285342.0,298,0.01,0.517568,0.47038,17792,35,43,0.00545131,0.00941146,0.9261670127923839,0.9029873204163497
218818.0,252,0.372884,0.702149,0.897685,83582,36,49,0.0062557,0.00580426,0.9209070167461108,0.9238143058048297
380088.0,300,0.190009,0.758328,0.816707,80433,19,25,0.00705904,0.00422126,0.9159819067105186,0.9350287756002705
539426.0,254,0.112892,0.623636,0.825737,92993,45,36,0.00760023,0.00379479,0.9128207019986969,0.9383981331451716
675437.0,497,0.124755,0.767661,0.874364,42494,45,36,0.008569,0.00119995,0.907431106736658,0.9653597055439767
767443.0,138,0.211133,0.661168,0.959908,190439,46,32,0.00797316,0.00278647,0.9107074471190346,0.9472129750790973
445288.0,421,0.0560448,0.764454,0.553365,63754,11,35,0.00827026,0.00239637,0.9090590301349276,0.9510472676962767
805932.0,249,0.211133,0.606865,0.959908,200000,46,35,0.0088803,0.00116154,0.905764656311976,0.9659186267882294
582219.0,138,0.211133,0.661168,0.99,190439,45,24,0.00815051,0.00262424,0.909719824989093,0.9487726635476721
574617.0,469,0.01,0.685208,0.683828,75036,31,28,0.00934985,0.000816659,0.9033053776055773,0.9714227538065684
669940.0,297,0.020626,0.741687,0.899003,81571,12,36,0.00906382,0.0010014,0.9047959034494839,0.9683550951968567
954889.0,328,0.191523,0.539068,0.952916,183059,25,37,0.00917959,0.000980017,0.9041898230875237,0.9686947767936404
285342.0,492,0.0736348,0.490762,0.47038,15092,35,43,0.00386179,0.00818791,0.9378566978669463,0.9095129291003405
285342.0,355,0.0224197,0.474409,0.47038,10000,35,43,0.00358661,0.00924313,0.9401116872837446,0.9038588017549188
474717.0,436,0.0614462,0.767098,0.970196,113603,11,45,0.00907645,0.000355313,0.9047295953614135,0.9811502519910743
524208.0,347,0.174594,0.574499,0.99,57794,19,30,0.00703043,0.00127317,0.9161523405216341,0.9643184921843261
508654.0,498,0.0241211,0.8,0.935316,198935,20,48,0.00981806,0.000194231,0.9009138758453031,0.9860633217731053
551996.0,370,0.0614462,0.767098,0.968022,109934,11,45,0.00893686,0.000455496,0.9054650329243195,0.978657647739764
440227.0,396,0.05309,0.685208,0.883428,13980,32,46,0.00557756,0.00190968,0.9253169363242241,0.9563001144166258
380088.0,320,0.190009,0.704132,0.99,85371,10,20,0.00783279,0.000719877,0.9114969492051263,0.973169476337574
354496.0,424,0.210163,0.574499,0.99,200000,23,26,0.00937337,0.000304055,0.9031838339945234,0.9825628270639991
524208.0,500,0.0692294,0.622297,0.931948,105007,17,32,0.00880558,0.000608118,0.9061619480168093,0.9753399513382475
533758.0,471,0.0241211,0.8,0.968022,188379,18,44,0.0097851,0.000206406,0.9010803356253166,0.9856331631873958
533758.0,478,0.0562256,0.8,0.968022,156278,19,48,0.00942836,0.000242237,0.9029002574668707,0.9844360352094975
380088.0,316,0.168671,0.739862,0.99,85371,16,20,0.00765534,0.00088731,0.9125052001545235,0.9702122508403203
471041.0,370,0.117969,0.767098,0.968022,180957,13,44,0.00923142,0.00035293,0.9039197210661833,0.9812135687263387
316031.0,405,0.0601123,0.710011,0.687246,10000,25,41,0.00424949,0.00365423,0.9348118875867694,0.9395497725397166
380088.0,320,0.190009,0.794633,0.99,85371,10,20,0.0082462,0.000623511,0.9091914100979428,0.9750297977581278
533758.0,471,0.0241211,0.767098,0.968022,200000,18,43,0.0098056,0.000205132,0.900976770402092,0.9856775700385724
285342.0,492,0.104094,0.53014,0.780159,15092,19,38,0.00390949,0.00430169,0.9374740853725433,0.9344127298936753
395839.0,426,0.05309,0.685208,0.752077,11744,30,31,0.00522819,0.00255293,0.9276937762014915,0.9494734723140408
530481.0,365,0.17335,0.574499,0.99,57794,20,30,0.00725832,0.00118354,0.9148042254568926,0.9655973838204127
423449.0,405,0.0601123,0.634986,0.687246,13980,24,41,0.005126,0.00350813,0.928403910721325,0.9407705309833019
380088.0,406,0.190009,0.770512,0.99,85371,10,26,0.00881463,0.000489509,0.9061137390242854,0.9778751497180207
285342.0,492,0.0736348,0.490762,0.47038,15092,35,43,0.00386179,0.00818791,0.9378566978669463,0.9095129291003405
572787.0,471,0.0315139,0.751198,0.968022,198935,20,45,0.0097417,0.000216029,0.9012999493414517,0.9853020749763785
533758.0,471,0.0241211,0.767098,0.968022,198935,20,48,0.00980274,0.000209343,0.900991212511212,0.9855313096653499
277759.0,426,0.0601123,0.685208,0.683828,13980,29,38,0.00466699,0.00390789,0.9316846283769165,0.9374868813767863
277759.0,426,0.05309,0.685208,0.683828,13980,32,38,0.00483942,0.00373326,0.9304340600581003,0.9388995908360672
277759.0,405,0.0601123,0.710011,0.687246,13980,24,41,0.00462612,0.00392175,0.9319844135510102,0.9373761227645557
533758.0,471,0.0241211,0.729053,0.968022,198935,20,48,0.00979619,0.00023106,0.901024295910562,0.9847993421195003
200000.0,426,0.0601123,0.647587,0.683828,13980,29,31,0.00406306,0.00508674,0.9362578632300422,0.9286786147077891
533758.0,471,0.0241211,0.767098,0.968022,200000,18,48,0.0098056,0.000205136,0.900976770402092,0.9856774303981444
533758.0,471,0.0241211,0.762185,0.968022,174842,20,48,0.00974269,0.000254436,0.9012949342738682,0.9840489498778293
533758.0,471,0.0241211,0.729053,0.968022,198935,20,42,0.00979432,0.00023117,0.9010337431242346,0.9847957242855834
524208.0,500,0.174594,0.574499,0.99,137166,19,30,0.00921125,0.000446663,0.9040247427718998,0.9788655967673559
524208.0,321,0.174594,0.574499,0.99,108530,19,30,0.00784166,0.00101788,0.9114468521169349,0.968095768305756
524814.0,422,0.167952,0.574499,0.99,200000,23,42,0.00926888,0.000360667,0.9037249772786315,0.981008765179694
419148.0,426,0.05309,0.685208,0.752077,13980,30,36,0.00563424,0.00243588,0.9249384252763106,0.950645364959307
462234.0,331,0.111881,0.8,0.9674,172315,21,48,0.00915593,0.000474678,0.9043133760654082,0.9782128937212855
846135.0,336,0.0609352,0.731214,0.973966,197628,22,44,0.00938087,0.000336965,0.9031451085385978,0.9816433935598107
610341.0,500,0.174594,0.574499,0.99,137166,10,30,0.00942858,0.000326762,0.9028991246177461,0.9819234405928562
551996.0,370,0.0614462,0.767098,0.968022,105572,12,48,0.00888258,0.000497651,0.9057525597164571,0.977691907298023
524208.0,500,0.0692294,0.622297,0.931948,109369,16,32,0.00885677,0.000586174,0.9058895861235325,0.9757889694560516
440227.0,405,0.0337276,0.685208,0.844427,13980,32,46,0.00611531,0.00195318,0.9217995524309484,0.9558052039262539
656761.0,347,0.174594,0.574499,0.99,57794,19,30,0.00769699,0.00112738,0.9122675088692906,0.9664235201368577
535760.0,471,0.0241211,0.762185,0.891476,174842,21,48,0.00973038,0.000316757,0.9013573114721624,0.9822023316133827
585780.0,372,0.151301,0.749094,0.99,57794,19,30,0.00833254,0.000707975,0.9087172524515175,0.9733922003916144
285342.0,403,0.0224197,0.474409,0.47038,10000,27,34,0.00405196,0.00744803,0.936344992341529,0.9136980301499439
394297.0,300,0.190009,0.8,0.878381,13613,19,20,0.00453914,0.00393124,0.9326268599514613,0.9373003987253508
524208.0,347,0.174594,0.574499,0.99,94881,12,30,0.0079454,0.000809957,0.9108630267509604,0.9715402565015072
464290.0,370,0.0614462,0.721303,0.861499,48289,11,45,0.00765142,0.00131187,0.9125276043542878,0.9637802540042038
277759.0,426,0.0601123,0.635454,0.660072,13980,29,38,0.00441833,0.00456322,0.9335294802186713,0.9324483901006053
277759.0,426,0.05309,0.685208,0.683828,13980,36,38,0.00483908,0.00373904,0.9304365038256415,0.9388523099373329
247454.0,390,0.169088,0.605903,0.678098,33560,36,19,0.00448656,0.00975821,0.9330182114302701,0.9012163475062802
675437.0,372,0.0481221,0.767661,0.894123,93230,44,36,0.00887362,0.000731909,0.9058001061571723,0.9729461832637242
277759.0,405,0.0601123,0.710011,0.520194,13980,24,41,0.0045578,0.00537958,0.9324885194948296,0.926654379817197
464290.0,370,0.096572,0.747097,0.908132,80133,10,41,0.00808232,0.000866968,0.9100982758786017,0.9705556796648318
786210.0,336,0.0103535,0.484681,0.47038,10000,35,34,0.00652495,0.00349184,0.9192228373858057,0.940908206999618
509313.0,370,0.17037,0.767098,0.968022,179493,21,46,0.00932171,0.000477907,0.9034509968979483,0.9781389158548804
726801.0,426,0.01,0.647656,0.640766,13472,33,38,0.00784998,0.00128886,0.9113998871332547,0.9640993036279238
675437.0,407,0.0789619,0.767661,0.857127,42494,45,36,0.00787097,0.00109361,0.9112815126368805,0.966930225280477
380088.0,300,0.190009,0.758328,0.878381,80433,19,20,0.0071599,0.00282169,0.9153838076961626,0.9468804179233308
786210.0,336,0.0103535,0.484681,0.47038,10000,35,34,0.00652495,0.00349184,0.9192228373858057,0.940908206999618
533758.0,471,0.0241211,0.705925,0.845082,198935,20,46,0.00977436,0.000347326,0.9011346370056732,0.9813633157455517
855247.0,337,0.0103535,0.47245,0.488458,10000,27,34,0.00667121,0.00319145,0.9183225245248117,0.9435070800896254
288816.0,289,0.124755,0.767661,0.894123,42494,45,36,0.00586661,0.00349281,0.9234062012954051,0.9409
247454.0,390,0.169088,0.605903,0.678098,33560,36,23,0.00448796,0.00975455,0.9330077616436053,0.9012348745760934
675437.0,426,0.111245,0.767661,0.894123,93230,44,36,0.0087779,0.000849133,0.9063095522478412,0.9708601132466168
533758.0,471,0.01,0.729053,0.968022,199966,20,42,0.0098703,0.000226102,0.9006506165092103,0.9849633115347827
533758.0,471,0.01,0.767098,0.86848,190447,18,50,0.00985743,0.000249481,0.900715409050548,0.9842050324470102
524208.0,321,0.169013,0.601925,0.99,108530,19,30,0.00794813,0.000933771,0.9108477145553744,0.9694423332042513
524814.0,422,0.162249,0.462367,0.99,200000,23,38,0.00898893,0.000518122,0.9051900321696078,0.977237706618181
533758.0,471,0.0241211,0.729053,0.894334,198935,20,46,0.00978587,0.00028691,0.9010764436547088,0.9830615821281915
403397.0,320,0.190009,0.714282,0.891537,85371,10,25,0.00749167,0.00197344,0.9134455662603007,0.9555765827518864
655675.0,361,0.0609352,0.731214,0.984505,172189,21,44,0.00933874,0.000375129,0.903362843584882,0.9806317527896817
593980.0,370,0.096572,0.658041,0.908132,80133,10,41,0.00804284,0.000868035,0.9103181177717595,0.9705375662919711
419148.0,426,0.135742,0.597752,0.752077,13980,30,32,0.00462217,0.00523139,0.9320134572139457,0.9276716514774462
419148.0,425,0.01,0.685208,0.752077,13980,30,36,0.00729064,0.00202473,0.914614755373074,0.9550030001000067
524208.0,359,0.174594,0.578071,0.99,175270,19,30,0.0088874,0.000540494,0.9057269921981906,0.9767514731649508
309651.0,405,0.0601123,0.654153,0.532302,13980,24,45,0.00449327,0.00551534,0.9329681419025252,0.9257346648832714
610341.0,480,0.210913,0.590398,0.99,137166,10,25,0.00952615,0.000365809,0.9023980020696297,0.9808738660466889
474717.0,436,0.0614462,0.767098,0.970196,113603,11,45,0.00907645,0.000355313,0.9047295953614135,0.9811502519910743
524208.0,347,0.174594,0.574499,0.99,57794,19,30,0.00703043,0.00127317,0.9161523405216341,0.9643184921843261
551996.0,370,0.0614462,0.767098,0.968022,109934,11,45,0.00893686,0.000455496,0.9054650329243195,0.978657647739764
440227.0,396,0.05309,0.685208,0.883428,13980,32,46,0.00557756,0.00190968,0.9253169363242241,0.9563001144166258
524208.0,500,0.0692294,0.622297,0.931948,105007,17,32,0.00880558,0.000608118,0.9061619480168093,0.9753399513382475
471041.0,370,0.117969,0.767098,0.968022,180957,13,44,0.00923142,0.00035293,0.9039197210661833,0.9812135687263387
316031.0,405,0.0601123,0.710011,0.687246,10000,25,41,0.00424949,0.00365423,0.9348118875867694,0.9395497725397166
380088.0,320,0.190009,0.794633,0.99,85371,10,20,0.0082462,0.000623511,0.9091914100979428,0.9750297977581278
285342.0,492,0.104094,0.53014,0.780159,15092,19,38,0.00390949,0.00430169,0.9374740853725433,0.9344127298936753
395839.0,426,0.05309,0.685208,0.752077,11744,30,31,0.00522819,0.00255293,0.9276937762014915,0.9494734723140408
423449.0,405,0.0601123,0.634986,0.687246,13980,24,41,0.005126,0.00350813,0.928403910721325,0.9407705309833019
380088.0,406,0.190009,0.770512,0.99,85371,10,26,0.00881463,0.000489509,0.9061137390242854,0.9778751497180207
356460.0,361,0.168671,0.627115,0.99,74717,16,20,0.00719689,0.00105859,0.915165514087725,0.9674640199164064
533758.0,471,0.0241211,0.767098,0.968022,16831,18,48,0.00753562,0.000663529,0.9131920510552173,0.9742409433402541
440227.0,413,0.05309,0.685208,0.99,13980,32,35,0.00573886,0.00127775,0.9242447361564887,0.9642543708965697
370129.0,370,0.05309,0.778949,0.893589,13980,32,46,0.00539906,0.00194504,0.9265217038847524,0.9558973923673441
316031.0,405,0.093581,0.576721,0.687246,10871,24,41,0.00317607,0.00607362,0.9436433677372397,0.9220665668663314
238743.0,500,0.174594,0.574499,0.99,137166,18,30,0.00923964,0.00034335,0.9038769538560081,0.9814702941199813
327278.0,426,0.0601123,0.635454,0.660072,10000,27,47,0.00409178,0.004142,0.936032977246084,0.9356416283611837
210137.0,500,0.0562256,0.8,0.968022,156278,19,48,0.00991805,0.000109324,0.9004105929327822,0.9895441882189856
524208.0,500,0.0692294,0.622297,0.931948,105007,17,32,0.00880558,0.000608118,0.9061619480168093,0.9753399513382475
666835.0,500,0.0802769,0.769044,0.99,124893,10,28,0.00933633,0.000143534,0.9033753137133165,0.9880194324007583
926141.0,336,0.0609352,0.731214,0.973966,33801,27,44,0.00782721,0.000648178,0.9115284791585451,0.9745406598671529
285342.0,492,0.0736348,0.48599,0.47038,10000,35,43,0.00296844,0.00839229,0.9455166080351085,0.9083905572552698
380088.0,406,0.185817,0.770512,0.99,106614,10,24,0.0090253,0.000406242,0.9049984210657528,0.979844554085806
373387.0,417,0.0601123,0.653792,0.683828,10000,29,38,0.00445795,0.00361336,0.9332321184999853,0.9398887697680375
285342.0,492,0.0736348,0.490762,0.47038,15092,35,43,0.00386179,0.00818791,0.9378566978669463,0.9095129291003405
285342.0,355,0.0224197,0.474409,0.47038,10000,35,43,0.00358661,0.00924313,0.9401116872837446,0.9038588017549188
380088.0,320,0.190009,0.704132,0.99,85371,10,20,0.00783279,0.000719877,0.9114969492051263,0.973169476337574
380088.0,316,0.168671,0.739862,0.99,85371,16,20,0.00765534,0.00088731,0.9125052001545235,0.9702122508403203
530481.0,365,0.17335,0.574499,0.99,57794,20,30,0.00725832,0.00118354,0.9148042254568926,0.9655973838204127
285342.0,492,0.0736348,0.490762,0.47038,15092,35,43,0.00386179,0.00818791,0.9378566978669463,0.9095129291003405
277759.0,426,0.0601123,0.685208,0.683828,13980,29,38,0.00466699,0.00390789,0.9316846283769165,0.9374868813767863
277759.0,426,0.05309,0.685208,0.683828,13980,32,38,0.00483942,0.00373326,0.9304340600581003,0.9388995908360672
277759.0,405,0.0601123,0.710011,0.687246,13980,24,41,0.00462612,0.00392175,0.9319844135510102,0.9373761227645557
200000.0,426,0.0601123,0.647587,0.683828,13980,29,31,0.00406306,0.00508674,0.9362578632300422,0.9286786147077891
419148.0,426,0.05309,0.685208,0.752077,13980,30,36,0.00563424,0.00243588,0.9249384252763106,0.950645364959307
551996.0,370,0.0614462,0.767098,0.968022,105572,12,48,0.00888258,0.000497651,0.9057525597164571,0.977691907298023
524208.0,500,0.0692294,0.622297,0.931948,109369,16,32,0.00885677,0.000586174,0.9058895861235325,0.9757889694560516
440227.0,405,0.0337276,0.685208,0.844427,13980,32,46,0.00611531,0.00195318,0.9217995524309484,0.9558052039262539
585780.0,372,0.151301,0.749094,0.99,57794,19,30,0.00833254,0.000707975,0.9087172524515175,0.9733922003916144
285342.0,403,0.0224197,0.474409,0.47038,10000,27,34,0.00405196,0.00744803,0.936344992341529,0.9136980301499439
394297.0,300,0.190009,0.8,0.878381,13613,19,20,0.00453914,0.00393124,0.9326268599514613,0.9373003987253508
277759.0,426,0.0601123,0.635454,0.660072,13980,29,38,0.00441833,0.00456322,0.9335294802186713,0.9324483901006053
277759.0,426,0.05309,0.685208,0.683828,13980,36,38,0.00483908,0.00373904,0.9304365038256415,0.9388523099373329
200000.0,409,0.05309,0.685208,0.683828,13980,32,48,0.00434329,0.00480807,0.9340963582189876,0.9306597519473718
523621.0,426,0.0798324,0.609287,0.683828,13843,29,31,0.00546146,0.00367752,0.9260983085443912,0.9393574406872534
480027.0,405,0.0337276,0.685208,0.844427,13980,26,46,0.00626599,0.00176701,0.920841993456126,0.9579641819396839
474296.0,424,0.173448,0.574499,0.99,200000,23,28,0.00926256,0.000351934,0.9037578055113039,0.9812400959490727
252952.0,375,0.0241211,0.671224,0.968485,198935,20,42,0.00996669,0.000118752,0.9001666889259903,0.9891026608752411
533758.0,478,0.110582,0.8,0.968022,156278,21,48,0.00936377,0.000276374,0.9032334251923734,0.983375500007519
282785.0,426,0.0601123,0.635454,0.660072,13980,29,38,0.00444859,0.00451595,0.9333022489134754,0.9327991815526031
284108.0,471,0.0241211,0.8,0.906803,188379,18,44,0.00993063,0.000153807,0.9003474536200906,0.9875981049835116
498145.0,500,0.174594,0.574499,0.99,123154,19,39,0.00906527,0.00049597,0.9047882885354958,0.9777296160787471
533758.0,478,0.0590021,0.8,0.99,156278,15,46,0.00942369,0.000191704,0.9029243078829721,0.986154278639233
285342.0,355,0.0224197,0.54184,0.347149,10000,35,43,0.00404071,0.00793587,0.9364334207307016,0.9109164998442473
564989.0,498,0.0274704,0.8,0.955629,198935,20,48,0.00978276,0.000179724,0.9010921641122404,0.9865938819936568
559422.0,372,0.107131,0.781059,0.9674,162811,21,48,0.0090999,0.000388242,0.9046066040021637,0.9802961425096506
524208.0,359,0.178786,0.578071,0.99,154027,19,33,0.00871701,0.000626056,0.9066350708242115,0.9749788889135594
656761.0,322,0.174594,0.574499,0.99,50362,22,30,0.00720226,0.00134963,0.9151338701247665,0.9632626892655437
200000.0,405,0.0616301,0.710011,0.520194,13980,22,41,0.00408534,0.00631076,0.9360833355063016,0.9205597079562267
646503.0,471,0.01,0.785627,0.99,200000,20,37,0.00986143,0.00018301,0.9006952669808734,0.986471881135945
575689.0,426,0.0429621,0.685208,0.683828,13874,29,38,0.00645819,0.00200663,0.9196371354417975,0.955204576126573
563871.0,457,0.0224197,0.474409,0.47038,10000,27,34,0.00578031,0.00339343,0.923971650024481,0.9417468455789731
200000.0,426,0.0601123,0.647587,0.683828,14442,29,39,0.00415121,0.00512119,0.9355701156294689,0.9284375098253281
570807.0,403,0.0224197,0.522068,0.47038,10000,27,34,0.00572891,0.00352502,0.9243104366507509,0.9406281211346651
565681.0,405,0.0386638,0.710011,0.687246,23243,25,41,0.00719336,0.00190266,0.9151863218578513,0.9563805089438219
277759.0,413,0.0597369,0.685208,0.683828,13980,36,42,0.00457844,0.00409332,0.9323358292742754,0.9360209409259561
407243.0,450,0.0601123,0.488201,0.687246,13980,24,32,0.00451951,0.00452169,0.9327726989981004,0.9327564873017479
464290.0,370,0.0614462,0.721303,0.861499,48289,11,45,0.00765142,0.00131187,0.9125276043542878,0.9637802540042038
530481.0,365,0.17335,0.721794,0.99,87129,20,33,0.00858609,0.000708258,0.9073388430894584,0.9733868829334105
524208.0,347,0.174594,0.574499,0.99,94881,12,30,0.0079454,0.000809957,0.9108630267509604,0.9715402565015072
585780.0,372,0.151301,0.63768,0.99,57794,21,28,0.00779467,0.000891381,0.9117125716763705,0.9701439955787785
656761.0,347,0.174594,0.574499,0.99,57794,19,30,0.00769699,0.00112738,0.9122675088692906,0.9664235201368577
327821.0,405,0.0601123,0.634986,0.687246,13980,24,41,0.00457309,0.00416513,0.9323753743078751,0.9354621816296832
423952.0,331,0.167135,0.661845,0.9674,168857,16,48,0.00886433,0.000692267,0.9058494291042269,0.9736890327049726
533758.0,478,0.0562256,0.8,0.968022,156278,19,48,0.00942836,0.000242237,0.9029002574668707,0.9844360352094975
572787.0,471,0.0315139,0.751198,0.968022,198935,20,45,0.0097417,0.000216029,0.9012999493414517,0.9853020749763785
524208.0,500,0.112244,0.712654,0.944205,137166,19,30,0.00910778,0.000437204,0.9045653102902305,0.9790905762872335
524814.0,422,0.162249,0.462367,0.99,200000,23,38,0.00898893,0.000518122,0.9051900321696078,0.977237706618181
440227.0,396,0.05309,0.685208,0.883428,13980,32,46,0.00557756,0.00190968,0.9253169363242241,0.9563001144166258
370129.0,370,0.05309,0.778949,0.893589,13980,32,46,0.00539906,0.00194504,0.9265217038847524,0.9558973923673441
316031.0,405,0.093581,0.576721,0.687246,10871,24,41,0.00317607,0.00607362,0.9436433677372397,0.9220665668663314
666835.0,500,0.0802769,0.769044,0.99,124893,10,28,0.00933633,0.000143534,0.9033753137133165,0.9880194324007583
285342.0,492,0.0736348,0.48599,0.47038,10000,35,43,0.00296844,0.00839229,0.9455166080351085,0.9083905572552698
440227.0,413,0.0607351,0.685208,0.99,13980,32,35,0.00563322,0.00123659,0.9249452200056518,0.9648348183567893
551996.0,370,0.0614462,0.767098,0.968022,10000,12,48,0.00595212,0.000470285,0.9228500162022052,0.9783139445726061
210137.0,500,0.0604985,0.8,0.985574,156278,19,48,0.009917,9.07415e-05,0.9004158647173155,0.9904741667031173
533885.0,500,0.0802769,0.8,0.99,124893,10,21,0.00923577,0.00015033,0.9038970864125337,0.9877390864940658
555938.0,500,0.0692294,0.8,0.950341,94329,15,32,0.00889315,0.000320644,0.9056965005951529,0.982093464880106
416600.0,426,0.0927369,0.584976,0.930845,10000,29,31,0.00428927,0.00210231,0.9345074813432862,0.9541490458114555
285342.0,492,0.0736348,0.490762,0.47038,10000,35,43,0.00300844,0.00829922,0.9451507520562041,0.9088999451152745
285342.0,492,0.0736348,0.48599,0.47038,10000,29,43,0.00297018,0.00836239,0.9455006422056186,0.9085538956543254
316031.0,405,0.093581,0.576721,0.99,10871,24,41,0.00337601,0.00222328,0.9418965577611791,0.9528483298280962
316031.0,405,0.093581,0.5635,0.687246,10871,29,41,0.00307513,0.00632995,0.9445461453098164,0.9204390171000886
524208.0,347,0.174594,0.574499,0.99,57794,19,30,0.00703043,0.00127317,0.9161523405216341,0.9643184921843261
316031.0,405,0.0601123,0.710011,0.687246,10000,25,41,0.00424949,0.00365423,0.9348118875867694,0.9395497725397166
285342.0,492,0.104094,0.53014,0.780159,15092,19,38,0.00390949,0.00430169,0.9374740853725433,0.9344127298936753
395839.0,426,0.05309,0.685208,0.752077,11744,30,31,0.00522819,0.00255293,0.9276937762014915,0.9494734723140408
380088.0,406,0.190009,0.770512,0.99,85371,10,26,0.00881463,0.000489509,0.9061137390242854,0.9778751497180207
440227.0,413,0.05309,0.685208,0.99,13980,32,35,0.00573886,0.00127775,0.9242447361564887,0.9642543708965697
238743.0,500,0.174594,0.574499,0.99,137166,18,30,0.00923964,0.00034335,0.9038769538560081,0.9814702941199813
327278.0,426,0.0601123,0.635454,0.660072,10000,27,47,0.00409178,0.004142,0.936032977246084,0.9356416283611837
210137.0,500,0.0562256,0.8,0.968022,156278,19,48,0.00991805,0.000109324,0.9004105929327822,0.9895441882189856
373387.0,417,0.0601123,0.653792,0.683828,10000,29,38,0.00445795,0.00361336,0.9332321184999853,0.9398887697680375
533758.0,478,0.110582,0.8,0.968022,156278,21,48,0.00936377,0.000276374,0.9032334251923734,0.983375500007519
533758.0,478,0.0590021,0.8,0.99,156278,15,46,0.00942369,0.000191704,0.9029243078829721,0.986154278639233
564989.0,498,0.0274704,0.8,0.955629,198935,20,48,0.00978276,0.000179724,0.9010921641122404,0.9865938819936568
210137.0,500,0.0571657,0.668285,0.971894,156278,20,48,0.00991083,0.000144799,0.9004468483673169,0.9879667543862847
587438.0,457,0.129386,0.647133,0.99,156278,15,36,0.00924055,0.00029757,0.9038722204563114,0.9827497826100655
533758.0,449,0.0592927,0.770552,0.99,133473,16,46,0.00924201,0.000282345,0.9038646266975574,0.9831968752905895
304518.0,474,0.0736348,0.48599,0.47038,10000,38,45,0.00297539,0.0084919,0.9454528644198432,0.9078484943150683
345506.0,430,0.190009,0.8,0.99,85371,10,26,0.0089253,0.000439754,0.9055261941065144,0.9790296876513487
285342.0,492,0.104094,0.717906,0.780159,10000,28,38,0.00453817,0.0032327,0.9326340590505855,0.9431431622405889
252952.0,375,0.01,0.671224,0.99,198935,19,42,0.00997614,0.00010321,0.9001193712474737,0.989840767745543
200000.0,437,0.05309,0.637596,0.683828,10000,32,48,0.00340774,0.00481893,0.9416241488284753,0.9305814866192023
471041.0,389,0.117969,0.767098,0.968022,61105,10,44,0.00799854,0.000518104,0.9105654429205354,0.9772381020123541
533758.0,500,0.0241211,0.767098,0.968022,10000,20,48,0.00703312,0.000563017,0.9161363010593976,0.9762720207350057
225319.0,490,0.202066,0.794633,0.99,85371,10,40,0.00897404,0.000349008,0.9052685902142272,0.9813182441938666
352520.0,417,0.0407194,0.653792,0.683828,10000,29,38,0.00472788,0.00321986,0.9312404188494432,0.9432561897648739
375213.0,396,0.05309,0.685208,0.883428,13980,23,46,0.00524556,0.00213838,0.9275737616605695,0.9537573789670178
474717.0,436,0.0614462,0.767098,0.970196,113603,11,45,0.00907645,0.000355313,0.9047295953614135,0.9811502519910743
551996.0,370,0.0614462,0.767098,0.968022,109934,11,45,0.00893686,0.000455496,0.9054650329243195,0.978657647739764
524208.0,500,0.0692294,0.622297,0.931948,105007,17,32,0.00880558,0.000608118,0.9061619480168093,0.9753399513382475
471041.0,370,0.117969,0.767098,0.968022,180957,13,44,0.00923142,0.00035293,0.9039197210661833,0.9812135687263387
380088.0,320,0.190009,0.794633,0.99,85371,10,20,0.0082462,0.000623511,0.9091914100979428,0.9750297977581278
356460.0,361,0.168671,0.627115,0.99,74717,16,20,0.00719689,0.00105859,0.915165514087725,0.9674640199164064
533758.0,471,0.0241211,0.767098,0.968022,16831,18,48,0.00753562,0.000663529,0.9131920510552173,0.9742409433402541
524208.0,500,0.0692294,0.622297,0.931948,105007,17,32,0.00880558,0.000608118,0.9061619480168093,0.9753399513382475
926141.0,336,0.0609352,0.731214,0.973966,33801,27,44,0.00782721,0.000648178,0.9115284791585451,0.9745406598671529
380088.0,406,0.185817,0.770512,0.99,106614,10,24,0.0090253,0.000406242,0.9049984210657528,0.979844554085806
419148.0,426,0.05309,0.685208,0.752077,13980,30,36,0.00563424,0.00243588,0.9249384252763106,0.950645364959307
551996.0,370,0.0614462,0.767098,0.968022,105572,12,48,0.00888258,0.000497651,0.9057525597164571,0.977691907298023
524208.0,500,0.0692294,0.622297,0.931948,109369,16,32,0.00885677,0.000586174,0.9058895861235325,0.9757889694560516
440227.0,405,0.0337276,0.685208,0.844427,13980,32,46,0.00611531,0.00195318,0.9217995524309484,0.9558052039262539
277759.0,426,0.0601123,0.635454,0.660072,13980,29,38,0.00441833,0.00456322,0.9335294802186713,0.9324483901006053
200000.0,409,0.05309,0.685208,0.683828,13980,32,48,0.00434329,0.00480807,0.9340963582189876,0.9306597519473718
474296.0,424,0.173448,0.574499,0.99,200000,23,28,0.00926256,0.000351934,0.9037578055113039,0.9812400959490727
252952.0,375,0.0241211,0.671224,0.968485,198935,20,42,0.00996669,0.000118752,0.9001666889259903,0.9891026608752411
282785.0,426,0.0601123,0.635454,0.660072,13980,29,38,0.00444859,0.00451595,0.9333022489134754,0.9327991815526031
646503.0,471,0.01,0.785627,0.99,200000,20,37,0.00986143,0.00018301,0.9006952669808734,0.986471881135945
533758.0,478,0.0562256,0.8,0.968022,156278,19,48,0.00942836,0.000242237,0.9029002574668707,0.9844360352094975
572787.0,471,0.0315139,0.751198,0.968022,198935,20,45,0.0097417,0.000216029,0.9012999493414517,0.9853020749763785
564989.0,498,0.0274704,0.70364,0.955629,198935,14,48,0.00976994,0.000215707,0.90115699316593,0.9853130329883941
316031.0,405,0.093581,0.67308,0.687246,10871,24,41,0.00382314,0.00508306,0.9381684546529848,0.9287044180891971
373387.0,427,0.0601123,0.653792,0.683828,10139,29,38,0.00456486,0.00349794,0.9324362523241938,0.9408566149091887
524208.0,347,0.10632,0.727366,0.99,47331,19,40,0.00721306,0.000865,0.9150702643357463,0.9705891176602945
350308.0,301,0.0224197,0.474409,0.838075,10000,35,43,0.00348424,0.00870923,0.9409725487590731,0.906676744591715
585780.0,372,0.139355,0.8,0.99,57794,19,30,0.0084158,0.000617709,0.9082623305288389,0.975146247768194
377594.0,405,0.045673,0.633811,0.844427,13980,28,46,0.00526327,0.00261877,0.9274516023609067,0.9488260808614388
356460.0,361,0.168671,0.627115,0.99,46245,16,20,0.00612835,0.00132438,0.9217162213482256,0.9636079679050482
356460.0,361,0.168671,0.627115,0.99,74717,22,20,0.0071759,0.00113343,0.9152893159040727,0.966333547855469
286850.0,425,0.0435139,0.671224,0.99,198935,20,42,0.00991486,0.000153727,0.9004266099803768,0.9876013307165648
373387.0,419,0.0601123,0.653792,0.661455,10000,29,50,0.00446571,0.00376784,0.9331740319935431,0.9386172662713691
284108.0,471,0.0241211,0.8,0.906803,188379,18,44,0.00993063,0.000153807,0.9003474536200906,0.9875981049835116
285342.0,355,0.0224197,0.474409,0.47038,10000,35,43,0.00358661,0.00924313,0.9401116872837446,0.9038588017549188
401469.0,492,0.0736348,0.48599,0.47038,10000,35,42,0.00386071,0.00716309,0.9378653880675191,0.9153649599751971
233037.0,322,0.174594,0.574499,0.99,50362,22,30,0.0055885,0.00308871,0.9252437293600062,0.9444238360445776
200000.0,426,0.0601123,0.647587,0.683828,13980,29,31,0.00406306,0.00508674,0.9362578632300422,0.9286786147077891
480027.0,405,0.0337276,0.685208,0.844427,13980,26,46,0.00626599,0.00176701,0.920841993456126,0.9579641819396839
666835.0,500,0.0802769,0.769044,0.99,124893,10,28,0.00933633,0.000143534,0.9033753137133165,0.9880194324007583
551996.0,370,0.0614462,0.767098,0.968022,10000,12,48,0.00595212,0.000470285,0.9228500162022052,0.9783139445726061
210137.0,500,0.0604985,0.8,0.985574,156278,19,48,0.009917,9.07415e-05,0.9004158647173155,0.9904741667031173
533885.0,500,0.0802769,0.8,0.99,124893,10,21,0.00923577,0.00015033,0.9038970864125337,0.9877390864940658
555938.0,500,0.0692294,0.8,0.950341,94329,15,32,0.00889315,0.000320644,0.9056965005951529,0.982093464880106
416600.0,426,0.0927369,0.584976,0.930845,10000,29,31,0.00428927,0.00210231,0.9345074813432862,0.9541490458114555
316031.0,405,0.093581,0.576721,0.99,10871,24,41,0.00337601,0.00222328,0.9418965577611791,0.9528483298280962
557662.0,490,0.0914323,0.794633,0.99,94001,10,40,0.00909403,0.000191924,0.9046373762944832,0.9861463362246661
316031.0,405,0.093581,0.528597,0.99,10871,21,41,0.00302034,0.00251752,0.9450423799641943,0.9498251058795337
441078.0,426,0.0927369,0.584976,0.930845,10000,11,31,0.00468479,0.000871162,0.9315544742148911,0.9704845464205614
533885.0,500,0.0802769,0.8,0.99,124893,14,21,0.00918285,0.00019022,0.9041728117912249,0.9862079733178912
316031.0,355,0.093581,0.576721,0.687246,10871,24,41,0.00263686,0.00713227,0.9486496348601103,0.9155472321353527
471041.0,403,0.106595,0.767098,0.968022,61105,10,45,0.00801358,0.000466127,0.910481398581077,0.9784100254747718
498204.0,389,0.117969,0.767098,0.975153,107809,13,46,0.00866533,0.00044489,0.906912245703315,0.9789075843014604
440227.0,396,0.05309,0.685208,0.883428,13980,32,46,0.00557756,0.00190968,0.9253169363242241,0.9563001144166258
316031.0,405,0.093581,0.576721,0.687246,10871,24,41,0.00317607,0.00607362,0.9436433677372397,0.9220665668663314
285342.0,492,0.0736348,0.48599,0.47038,10000,35,43,0.00296844,0.00839229,0.9455166080351085,0.9083905572552698
440227.0,413,0.0607351,0.685208,0.99,13980,32,35,0.00563322,0.00123659,0.9249452200056518,0.9648348183567893
285342.0,492,0.0736348,0.490762,0.47038,10000,35,43,0.00300844,0.00829922,0.9451507520562041,0.9088999451152745
285342.0,492,0.0736348,0.48599,0.47038,10000,29,43,0.00297018,0.00836239,0.9455006422056186,0.9085538956543254
316031.0,405,0.093581,0.5635,0.687246,10871,29,41,0.00307513,0.00632995,0.9445461453098164,0.9204390171000886
316031.0,405,0.0601123,0.710011,0.687246,10000,25,41,0.00424949,0.00365423,0.9348118875867694,0.9395497725397166
380088.0,406,0.190009,0.770512,0.99,85371,10,26,0.00881463,0.000489509,0.9061137390242854,0.9778751497180207
327278.0,426,0.0601123,0.635454,0.660072,10000,27,47,0.00409178,0.004142,0.936032977246084,0.9356416283611837
210137.0,500,0.0562256,0.8,0.968022,156278,19,48,0.00991805,0.000109324,0.9004105929327822,0.9895441882189856
533758.0,478,0.0590021,0.8,0.99,156278,15,46,0.00942369,0.000191704,0.9029243078829721,0.986154278639233
564989.0,498,0.0274704,0.8,0.955629,198935,20,48,0.00978276,0.000179724,0.9010921641122404,0.9865938819936568
210137.0,500,0.0571657,0.668285,0.971894,156278,20,48,0.00991083,0.000144799,0.9004468483673169,0.9879667543862847
587438.0,457,0.129386,0.647133,0.99,156278,15,36,0.00924055,0.00029757,0.9038722204563114,0.9827497826100655
345506.0,430,0.190009,0.8,0.99,85371,10,26,0.0089253,0.000439754,0.9055261941065144,0.9790296876513487
252952.0,375,0.01,0.671224,0.99,198935,19,42,0.00997614,0.00010321,0.9001193712474737,0.989840767745543
200000.0,437,0.05309,0.637596,0.683828,10000,32,48,0.00340774,0.00481893,0.9416241488284753,0.9305814866192023
471041.0,389,0.117969,0.767098,0.968022,61105,10,44,0.00799854,0.000518104,0.9105654429205354,0.9772381020123541
533758.0,500,0.0241211,0.767098,0.968022,10000,20,48,0.00703312,0.000563017,0.9161363010593976,0.9762720207350057
210137.0,500,0.0562256,0.8,0.968022,156278,19,48,0.00991805,0.000109324,0.9004105929327822,0.9895441882189856
564263.0,464,0.0692294,0.8,0.950341,106737,15,32,0.00894859,0.000342518,0.9054030127329628,0.9814927581741633
587438.0,457,0.129386,0.647133,0.99,156278,15,43,0.00924055,0.000297519,0.9038722204563114,0.9827512609156495
336105.0,431,0.0601123,0.649196,0.724568,10000,29,45,0.00430511,0.00340346,0.9343866629411367,0.9416608193406867
498508.0,449,0.0592927,0.770552,0.99,123090,29,46,0.00917244,0.000340657,0.9042271437201542,0.9815431042696774
533758.0,474,0.0590021,0.8,0.99,156278,16,46,0.00941992,0.000199206,0.9029437276627625,0.9858859644325232
252952.0,375,0.0139566,0.671224,0.99,198935,19,41,0.00997395,0.000105448,0.9001303349359777,0.9897312123403004
564989.0,498,0.0274704,0.8,0.955629,198935,22,48,0.00978153,0.000181659,0.9010983822174784,0.9865219066630327
504535.0,500,0.01,0.8,0.99,195468,19,40,0.00988929,0.000147151,0.9005550906280266,0.987869418810296
200000.0,437,0.05309,0.637596,0.755399,10000,32,48,0.00343373,0.00426433,0.9414019624901994,0.9346981623535754
349067.0,361,0.138706,0.491771,0.99,30040,16,20,0.00437817,0.00272932,0.9338322586149413,0.9477571057463314
375213.0,364,0.05309,0.685208,0.99,13980,23,47,0.00504088,0.00191291,0.9290008450754518,0.9562631734118717
533758.0,421,0.0592927,0.774913,0.99,133473,11,46,0.00924194,0.000264749,0.903864990768191,0.9837288906340103
285342.0,500,0.0736348,0.490762,0.47038,10000,35,40,0.00307226,0.00815578,0.944572028721953,0.909690642788247
506595.0,478,0.0590021,0.8,0.99,127065,12,46,0.00925332,0.000213082,0.9038058213819568,0.9854026714772873
252952.0,375,0.0241211,0.681064,0.968485,198935,20,41,0.00996707,0.00011152,0.9001647857717529,0.9894396969740448
304518.0,474,0.0736348,0.48599,0.47038,10000,38,45,0.00297539,0.0084919,0.9454528644198432,0.9078484943150683
316031.0,391,0.104955,0.618172,0.687246,10871,30,38,0.00324058,0.00640965,0.9430739075642812,0.9199397102178615
316031.0,405,0.093581,0.67308,0.687246,10871,24,41,0.00382314,0.00508306,0.9381684546529848,0.9287044180891971
440227.0,413,0.05309,0.685208,0.99,13980,32,35,0.00573886,0.00127775,0.9242447361564887,0.9642543708965697
285342.0,492,0.0736348,0.511146,0.47038,10000,35,43,0.00317188,0.00794421,0.9436805539799973,0.9108697021209959
285342.0,492,0.104094,0.53014,0.780159,15092,19,38,0.00390949,0.00430169,0.9374740853725433,0.9344127298936753
373387.0,417,0.0601123,0.653792,0.755051,10000,29,34,0.00448872,0.00307109,0.9330020895848237,0.9445825839649664
316031.0,421,0.0601123,0.710011,0.687246,10000,25,39,0.00438971,0.00346513,0.9337451133877659,0.9411346451637298
350209.0,444,0.05309,0.685208,0.798046,11744,36,31,0.00510102,0.00236118,0.9285785746431787,0.9514080253539744
524208.0,347,0.174594,0.574499,0.99,57794,19,30,0.00703043,0.00127317,0.9161523405216341,0.9643184921843261
370129.0,370,0.05309,0.778949,0.893589,13980,32,46,0.00539906,0.00194504,0.9265217038847524,0.9558973923673441
533758.0,471,0.0241211,0.767098,0.968022,16831,18,48,0.00753562,0.000663529,0.9131920510552173,0.9742409433402541
524208.0,347,0.10632,0.727366,0.99,47331,19,40,0.00721306,0.000865,0.9150702643357463,0.9705891176602945
585780.0,372,0.139355,0.8,0.99,57794,19,30,0.0084158,0.000617709,0.9082623305288389,0.975146247768194
375213.0,396,0.05309,0.685208,0.883428,13980,23,46,0.00524556,0.00213838,0.9275737616605695,0.9537573789670178
585780.0,372,0.0685457,0.79812,0.973987,57794,19,32,0.0080779,0.000619764,0.9101228616387904,0.9751049402491176
926141.0,336,0.0609352,0.731214,0.973966,33801,27,44,0.00782721,0.000648178,0.9115284791585451,0.9745406598671529
238743.0,500,0.174594,0.574499,0.99,108318,18,25,0.00864686,0.000524739,0.9070115060881186,0.9770928177201996
334492.0,500,0.0802769,0.769044,0.99,124893,10,28,0.00927569,0.000217596,0.903689616343823,0.9852488644504906
572787.0,471,0.0315139,0.751198,0.968022,198935,20,45,0.0097417,0.000216029,0.9012999493414517,0.9853020749763785
225319.0,490,0.202066,0.794633,0.99,85371,10,40,0.00897404,0.000349008,0.9052685902142272,0.9813182441938666
551996.0,370,0.0614462,0.767098,0.968022,105572,12,48,0.00888258,0.000497651,0.9057525597164571,0.977691907298023
238743.0,500,0.174594,0.574499,0.99,137166,18,30,0.00923964,0.00034335,0.9038769538560081,0.9814702941199813
375213.0,425,0.05309,0.667659,0.883428,13980,22,48,0.00537602,0.00194827,0.926678652494652,0.9558607884075848
351538.0,372,0.114842,0.67073,0.99,57794,19,49,0.00710619,0.00121714,0.9157017793782098,0.9651124664099051
356460.0,361,0.168671,0.627115,0.99,74717,16,20,0.00719689,0.00105859,0.915165514087725,0.9674640199164064
356460.0,361,0.168671,0.627115,0.99,74717,22,20,0.0071759,0.00113343,0.9152893159040727,0.966333547855469
551996.0,370,0.0614462,0.767098,0.968022,109934,11,45,0.00893686,0.000455496,0.9054650329243195,0.978657647739764
533758.0,449,0.0592927,0.770552,0.99,133473,16,46,0.00924201,0.000282345,0.9038646266975574,0.9831968752905895
646503.0,471,0.01,0.785627,0.99,200000,20,37,0.00986143,0.00018301,0.9006952669808734,0.986471881135945
666835.0,500,0.0802769,0.769044,0.99,124893,10,28,0.00933633,0.000143534,0.9033753137133165,0.9880194324007583
551996.0,370,0.0614462,0.767098,0.968022,10000,12,48,0.00595212,0.000470285,0.9228500162022052,0.9783139445726061
210137.0,500,0.0604985,0.8,0.985574,156278,19,48,0.009917,9.07415e-05,0.9004158647173155,0.9904741667031173
533885.0,500,0.0802769,0.8,0.99,124893,10,21,0.00923577,0.00015033,0.9038970864125337,0.9877390864940658
316031.0,405,0.093581,0.576721,0.99,10871,24,41,0.00337601,0.00222328,0.9418965577611791,0.9528483298280962
557662.0,490,0.0914323,0.794633,0.99,94001,10,40,0.00909403,0.000191924,0.9046373762944832,0.9861463362246661
316031.0,405,0.093581,0.528597,0.99,10871,21,41,0.00302034,0.00251752,0.9450423799641943,0.9498251058795337
441078.0,426,0.0927369,0.584976,0.930845,10000,11,31,0.00468479,0.000871162,0.9315544742148911,0.9704845464205614
533885.0,500,0.0802769,0.8,0.99,124893,14,21,0.00918285,0.00019022,0.9041728117912249,0.9862079733178912
316031.0,355,0.093581,0.576721,0.687246,10871,24,41,0.00263686,0.00713227,0.9486496348601103,0.9155472321353527
471041.0,403,0.106595,0.767098,0.968022,61105,10,45,0.00801358,0.000466127,0.910481398581077,0.9784100254747718
640049.0,500,0.0692294,0.785012,0.950341,56396,11,32,0.00863746,0.000290954,0.9070620637199212,0.9829426262279329
200000.0,500,0.0923319,0.689562,0.985574,156278,19,42,0.00989972,9.97872e-05,0.9005026633522284,0.9900106456665108
210137.0,500,0.0604985,0.8,0.985574,156278,12,48,0.00992059,7.9934e-05,0.9003978413888534,0.9910594183634397
285342.0,447,0.0736348,0.490762,0.733871,10000,35,43,0.00276531,0.0056867,0.9474137850763149,0.9245897884898868
471041.0,353,0.117969,0.767098,0.968022,10000,13,40,0.0056125,0.000860247,0.9250833796811415,0.9706700323900622
557662.0,490,0.0914323,0.794633,0.9531,33147,11,40,0.00822508,0.00041546,0.9093077732107101,0.9796171640834745
510760.0,500,0.0640483,0.8,0.99,124893,10,34,0.00923505,0.000159086,0.9039008324697867,0.9873870701262554
316031.0,405,0.093581,0.658376,0.972398,10094,24,39,0.00380954,0.00186031,0.9382785288574551,0.9568686888675988
316031.0,309,0.104955,0.618172,0.718735,10871,30,38,0.00227563,0.00779195,0.9522964361918316,0.9117279772521327
206600.0,500,0.1329,0.722947,0.985574,156278,24,48,0.0098117,0.000114862,0.9009459743372336,0.9892826309198572
615166.0,500,0.0692526,0.769044,0.982837,124893,12,28,0.00919375,0.000182673,0.9041159554461744,0.986484342413334
572255.0,478,0.0802769,0.8,0.989198,110754,14,18,0.00906552,0.000216931,0.904786975680845,0.9852714223361521
503898.0,500,0.0914323,0.697653,0.99,94001,10,39,0.00879468,0.000235287,0.9062200447856793,0.9846609322317162
441078.0,426,0.0927369,0.584976,0.930845,10000,11,31,0.00468479,0.000871162,0.9315544742148911,0.9704845464205614
555938.0,500,0.0692294,0.8,0.950341,94329,15,32,0.00889315,0.000320644,0.9056965005951529,0.982093464880106
416600.0,426,0.0927369,0.584976,0.930845,10000,29,31,0.00428927,0.00210231,0.9345074813432862,0.9541490458114555
498204.0,389,0.117969,0.767098,0.975153,107809,13,46,0.00866533,0.00044489,0.906912245703315,0.9789075843014604
440227.0,413,0.0607351,0.685208,0.99,13980,32,35,0.00563322,0.00123659,0.9249452200056518,0.9648348183567893
316031.0,405,0.093581,0.5635,0.687246,10871,29,41,0.00307513,0.00632995,0.9445461453098164,0.9204390171000886
210137.0,500,0.0562256,0.8,0.968022,156278,19,48,0.00991805,0.000109324,0.9004105929327822,0.9895441882189856
210137.0,500,0.0571657,0.668285,0.971894,156278,20,48,0.00991083,0.000144799,0.9004468483673169,0.9879667543862847
252952.0,375,0.01,0.671224,0.99,198935,19,42,0.00997614,0.00010321,0.9001193712474737,0.989840767745543
471041.0,389,0.117969,0.767098,0.968022,61105,10,44,0.00799854,0.000518104,0.9105654429205354,0.9772381020123541
533758.0,500,0.0241211,0.767098,0.968022,10000,20,48,0.00703312,0.000563017,0.9161363010593976,0.9762720207350057
210137.0,500,0.0562256,0.8,0.968022,156278,19,48,0.00991805,0.000109324,0.9004105929327822,0.9895441882189856
252952.0,375,0.0139566,0.671224,0.99,198935,19,41,0.00997395,0.000105448,0.9001303349359777,0.9897312123403004
504535.0,500,0.01,0.8,0.99,195468,19,40,0.00988929,0.000147151,0.9005550906280266,0.987869418810296
327278.0,311,0.0601123,0.635454,0.616135,10000,25,47,0.00289908,0.00688696,0.9461568945917864,0.9170122900665406
316031.0,405,0.0617476,0.528597,0.958214,10000,21,41,0.00324346,0.00300624,0.9430486172248645,0.9451708106935731
316031.0,405,0.104642,0.576721,0.776111,10871,24,37,0.00315752,0.00504423,0.9438081856495094,0.9289772571636381
380855.0,426,0.108879,0.672054,0.96309,26579,11,31,0.00614162,0.000782579,0.921631511434761,0.9720253865084788
557662.0,490,0.0914323,0.789136,0.99,94001,16,40,0.00897421,0.000260507,0.9052676929448037,0.983859770757514
533806.0,500,0.0608092,0.8,0.99,115174,15,21,0.00914393,0.000217419,0.9043761013135314,0.9852548652091614
486167.0,389,0.117969,0.767098,0.99,107809,13,46,0.00868463,0.000379905,0.906808637739327,0.9805088481612809
416600.0,452,0.0927369,0.584976,0.930845,10000,29,31,0.00453547,0.00189942,0.9326541018324056,0.9564176641286862
285342.0,466,0.0736348,0.459117,0.47038,10000,29,43,0.00252708,0.00945878,0.9497299293813903,0.9027437405613397
261880.0,413,0.0607351,0.7774,0.989492,13980,17,42,0.00500282,0.00130827,0.9292693842809212,0.9638299847940314
851672.0,336,0.0609352,0.763679,0.973966,13387,19,27,0.00699014,0.000663456,0.9163929428815965,0.9742423603565855
533885.0,500,0.0820433,0.8,0.99,124893,10,21,0.00924281,0.000151205,0.9038604659882314,0.9877034557700141
211884.0,492,0.0736348,0.511146,0.4207,10000,35,43,0.00253796,0.00969303,0.949621830124547,0.9015468131546774
252952.0,375,0.0241211,0.681064,0.968485,198935,20,41,0.00996707,0.00011152,0.9001647857717529,0.9894396969740448
316031.0,405,0.093581,0.576721,0.687246,10871,24,41,0.00317607,0.00607362,0.9436433677372397,0.9220665668663314
440227.0,413,0.05309,0.685208,0.99,13980,32,35,0.00573886,0.00127775,0.9242447361564887,0.9642543708965697
285342.0,492,0.0736348,0.511146,0.47038,10000,35,43,0.00317188,0.00794421,0.9436805539799973,0.9108697021209959
200000.0,437,0.05309,0.637596,0.683828,10000,32,48,0.00340774,0.00481893,0.9416241488284753,0.9305814866192023
551996.0,370,0.099571,0.767098,0.968022,25065,19,44,0.00683859,0.000909216,0.9173042322727456,0.9698467912155273
285342.0,492,0.0736348,0.48599,0.47038,10000,35,43,0.00296844,0.00839229,0.9455166080351085,0.9083905572552698
327278.0,426,0.0601123,0.635454,0.660072,10000,27,47,0.00409178,0.004142,0.936032977246084,0.9356416283611837
200000.0,437,0.05309,0.637596,0.755399,10000,32,48,0.00343373,0.00426433,0.9414019624901994,0.9346981623535754
375213.0,364,0.05309,0.685208,0.99,13980,21,50,0.0050452,0.00186071,0.9289704286933956,0.9568640521142748
428603.0,408,0.0484024,0.584976,0.933545,10000,29,27,0.00464704,0.00217334,0.9318307987431274,0.9533809051996931
533758.0,471,0.0241211,0.767098,0.968022,16831,18,48,0.00753562,0.000663529,0.9131920510552173,0.9742409433402541
360136.0,403,0.0859686,0.760493,0.968022,66543,10,45,0.00800729,0.000605747,0.9105165378407831,0.975388071997505
238743.0,500,0.174594,0.574499,0.99,108318,18,25,0.00864686,0.000524739,0.9070115060881186,0.9770928177201996
471041.0,378,0.101473,0.767098,0.99,33614,20,41,0.00690894,0.000814365,0.9168799663137701,0.9714629188598414
336105.0,431,0.0601123,0.649196,0.724568,10000,29,45,0.00430511,0.00340346,0.9343866629411367,0.9416608193406867
316031.0,405,0.0601123,0.710011,0.687246,10000,25,41,0.00424949,0.00365423,0.9348118875867694,0.9395497725397166
662670.0,478,0.0590021,0.8,0.99,130247,12,37,0.00926844,0.000159978,0.9037272624259599,0.9873517590155785
349067.0,361,0.138706,0.491771,0.99,30040,16,20,0.00437817,0.00272932,0.9338322586149413,0.9477571057463314
350209.0,444,0.0868568,0.63646,0.843686,11744,36,32,0.00448217,0.00272589,0.9330509895517491,0.9477899434974448
375213.0,364,0.05309,0.685208,0.99,13980,23,47,0.00504088,0.00191291,0.9290008450754518,0.9562631734118717
926141.0,336,0.0609352,0.731214,0.973966,33801,27,44,0.00782721,0.000648178,0.9115284791585451,0.9745406598671529
285342.0,500,0.0736348,0.490762,0.47038,10000,35,40,0.00307226,0.00815578,0.944572028721953,0.909690642788247
380088.0,406,0.190009,0.770512,0.99,85371,10,26,0.00881463,0.000489509,0.9061137390242854,0.9778751497180207
564263.0,464,0.0692294,0.8,0.950341,106737,15,32,0.00894859,0.000342518,0.9054030127329628,0.9814927581741633
487780.0,415,0.0640959,0.774913,0.99,125437,11,46,0.00915397,0.000302596,0.9043236183794559,0.982604713282041
285342.0,492,0.0736348,0.490762,0.47038,10000,35,43,0.00300844,0.00829922,0.9451507520562041,0.9088999451152745
345506.0,430,0.190009,0.8,0.99,85371,10,26,0.0089253,0.000439754,0.9055261941065144,0.9790296876513487
285342.0,492,0.0736348,0.48599,0.47038,10000,29,43,0.00297018,0.00836239,0.9455006422056186,0.9085538956543254
666835.0,500,0.0802769,0.769044,0.99,124893,10,28,0.00933633,0.000143534,0.9033753137133165,0.9880194324007583
551996.0,370,0.0614462,0.767098,0.968022,10000,12,48,0.00595212,0.000470285,0.9228500162022052,0.9783139445726061
210137.0,500,0.0604985,0.8,0.985574,156278,19,48,0.009917,9.07415e-05,0.9004158647173155,0.9904741667031173
533885.0,500,0.0802769,0.8,0.99,124893,10,21,0.00923577,0.00015033,0.9038970864125337,0.9877390864940658
316031.0,405,0.093581,0.576721,0.99,10871,24,41,0.00337601,0.00222328,0.9418965577611791,0.9528483298280962
557662.0,490,0.0914323,0.794633,0.99,94001,10,40,0.00909403,0.000191924,0.9046373762944832,0.9861463362246661
316031.0,405,0.093581,0.528597,0.99,10871,21,41,0.00302034,0.00251752,0.9450423799641943,0.9498251058795337
533885.0,500,0.0802769,0.8,0.99,124893,14,21,0.00918285,0.00019022,0.9041728117912249,0.9862079733178912
471041.0,403,0.106595,0.767098,0.968022,61105,10,45,0.00801358,0.000466127,0.910481398581077,0.9784100254747718
640049.0,500,0.0692294,0.785012,0.950341,56396,11,32,0.00863746,0.000290954,0.9070620637199212,0.9829426262279329
200000.0,500,0.0923319,0.689562,0.985574,156278,19,42,0.00989972,9.97872e-05,0.9005026633522284,0.9900106456665108
210137.0,500,0.0604985,0.8,0.985574,156278,12,48,0.00992059,7.9934e-05,0.9003978413888534,0.9910594183634397
285342.0,447,0.0736348,0.490762,0.733871,10000,35,43,0.00276531,0.0056867,0.9474137850763149,0.9245897884898868
557662.0,490,0.0914323,0.794633,0.9531,33147,11,40,0.00822508,0.00041546,0.9093077732107101,0.9796171640834745
316031.0,309,0.104955,0.618172,0.718735,10871,30,38,0.00227563,0.00779195,0.9522964361918316,0.9117279772521327
206600.0,500,0.1329,0.722947,0.985574,156278,24,48,0.0098117,0.000114862,0.9009459743372336,0.9892826309198572
615166.0,500,0.0692526,0.769044,0.982837,124893,12,28,0.00919375,0.000182673,0.9041159554461744,0.986484342413334
572255.0,478,0.0802769,0.8,0.989198,110754,14,18,0.00906552,0.000216931,0.904786975680845,0.9852714223361521
503898.0,500,0.0914323,0.697653,0.99,94001,10,39,0.00879468,0.000235287,0.9062200447856793,0.9846609322317162
216296.0,447,0.0604985,0.8,0.99,156278,12,39,0.0099035,9.29592e-05,0.9004836696818055,0.9903584648525248
316031.0,319,0.104955,0.618172,0.718735,10617,23,38,0.00237701,0.00732706,0.9512454104724488,0.9144017523543853
200000.0,500,0.1329,0.722947,0.985574,174488,24,46,0.0099413,4.38322e-05,0.9002939319800445,0.9933794109023442
471041.0,482,0.117969,0.767098,0.99,50700,11,47,0.00845841,0.000367992,0.9080303854525855,0.9808168824222965
416600.0,426,0.0927369,0.584976,0.930845,10000,10,35,0.0045696,0.000755468,0.9324011834423116,0.972514221859296
316031.0,354,0.0908261,0.576721,0.687246,10136,17,41,0.00256005,0.00650547,0.9494030633338342,0.9193435061510854
466564.0,401,0.117969,0.767098,0.984328,71086,10,50,0.00829835,0.00039839,0.9089047202101009,0.9800402905832776
477957.0,403,0.106595,0.76895,0.968022,61105,10,45,0.00804538,0.000460934,0.9103039577238773,0.978530626464659
666835.0,500,0.0802769,0.769044,0.99,124893,10,28,0.00933633,0.000143534,0.9033753137133165,0.9880194324007583
572255.0,478,0.0802769,0.8,0.989198,110754,14,16,0.00906533,0.000217001,0.9047879734487286,0.9852690461951712
557662.0,490,0.0914323,0.794633,0.9531,33147,11,40,0.00822508,0.00041546,0.9093077732107101,0.9796171640834745
204271.0,391,0.0606008,0.581747,0.732637,10871,30,38,0.00273522,0.00621653,0.9477006692203428,0.9211550255247679
210137.0,500,0.0604985,0.8,0.985574,156278,19,48,0.009917,9.07415e-05,0.9004158647173155,0.9904741667031173
210137.0,500,0.0559602,0.8,0.99,155173,12,50,0.00992411,7.74641e-05,0.9003801726562428,0.9911986307883376
316031.0,405,0.093581,0.528597,0.99,14096,12,44,0.0035887,0.00147894,0.9400942406775442,0.9615430110383041
557949.0,478,0.0802769,0.8,0.99,125702,10,18,0.00921214,0.000157864,0.9040201062721989,0.9874356058641891
469888.0,418,0.0548881,0.584976,0.930845,10000,10,31,0.00499863,0.000672135,0.9292990099079228,0.9740744334680995
259449.0,355,0.105395,0.576721,0.687246,10000,19,41,0.00193672,0.00804457,0.955991818942383,0.9103084730869186
441078.0,426,0.0927369,0.584976,0.930845,10000,11,31,0.00468479,0.000871162,0.9315544742148911,0.9704845464205614
316031.0,355,0.093581,0.576721,0.687246,10871,24,41,0.00263686,0.00713227,0.9486496348601103,0.9155472321353527
471041.0,353,0.117969,0.767098,0.968022,10000,13,40,0.0056125,0.000860247,0.9250833796811415,0.9706700323900622
510760.0,500,0.0640483,0.8,0.99,124893,10,34,0.00923505,0.000159086,0.9039008324697867,0.9873870701262554
316031.0,405,0.093581,0.658376,0.972398,10094,24,39,0.00380954,0.00186031,0.9382785288574551,0.9568686888675988
441078.0,426,0.0927369,0.584976,0.930845,10000,11,31,0.00468479,0.000871162,0.9315544742148911,0.9704845464205614
498204.0,389,0.117969,0.767098,0.975153,107809,13,46,0.00866533,0.00044489,0.906912245703315,0.9789075843014604
316031.0,405,0.093581,0.5635,0.687246,10871,29,41,0.00307513,0.00632995,0.9445461453098164,0.9204390171000886
210137.0,500,0.0562256,0.8,0.968022,156278,19,48,0.00991805,0.000109324,0.9004105929327822,0.9895441882189856
210137.0,500,0.0562256,0.8,0.968022,156278,19,48,0.00991805,0.000109324,0.9004105929327822,0.9895441882189856
327278.0,311,0.0601123,0.635454,0.616135,10000,25,47,0.00289908,0.00688696,0.9461568945917864,0.9170122900665406
316031.0,405,0.0617476,0.528597,0.958214,10000,21,41,0.00324346,0.00300624,0.9430486172248645,0.9451708106935731
557662.0,490,0.0914323,0.789136,0.99,94001,16,40,0.00897421,0.000260507,0.9052676929448037,0.983859770757514
533806.0,500,0.0608092,0.8,0.99,115174,15,21,0.00914393,0.000217419,0.9043761013135314,0.9852548652091614
486167.0,389,0.117969,0.767098,0.99,107809,13,46,0.00868463,0.000379905,0.906808637739327,0.9805088481612809
285342.0,466,0.0736348,0.459117,0.47038,10000,29,43,0.00252708,0.00945878,0.9497299293813903,0.9027437405613397
533885.0,500,0.0820433,0.8,0.99,124893,10,21,0.00924281,0.000151205,0.9038604659882314,0.9877034557700141
480008.0,384,0.117969,0.745292,0.99,115270,10,47,0.00874805,0.000319205,0.9064689890998713,0.9821336909239765
551996.0,370,0.0970031,0.760765,0.968022,10000,12,48,0.00628174,0.000590081,0.9207425713260896,0.9757084170956275
316031.0,405,0.126215,0.576721,0.776111,10871,15,37,0.00310357,0.00486234,0.944290306050024,0.930269518860114
572255.0,478,0.0871317,0.8,0.989198,107587,14,18,0.00907529,0.000226226,0.9047356834906165,0.984959188851661
572255.0,478,0.0802769,0.689712,0.989198,115133,14,18,0.00892289,0.000281382,0.9055389498258674,0.9832255551507658
316031.0,500,0.093581,0.639471,0.99,10871,24,41,0.00466732,0.00117591,0.9316822131506004,0.9657084558527907
557662.0,431,0.0914323,0.794633,0.968763,89739,10,40,0.00877432,0.00029731,0.9063286596658295,0.9827573203938599
471041.0,354,0.115943,0.767098,0.99,10735,14,40,0.00565185,0.000777325,0.9248212130983746,0.9721194512249131
557662.0,478,0.0914323,0.794633,0.99,130915,13,40,0.00923454,0.000195828,0.9039034860153605,0.9860061442054021
285342.0,466,0.0620991,0.490762,0.565899,10000,38,43,0.00304713,0.00681061,0.9447991847886283,0.9174735799879821
210137.0,500,0.0604985,0.739007,0.985574,174374,19,48,0.00996543,4.88796e-05,0.9001729996443848,0.9930086052893575
226983.0,500,0.0604985,0.8,0.985574,152993,13,49,0.0098661,0.000119337,0.9006717562825155,0.9890758524360022
365491.0,407,0.093581,0.576721,0.99,10871,31,44,0.00379771,0.00201788,0.9383744371222461,0.9550791807732761
557662.0,490,0.0914323,0.789136,0.98369,94001,13,48,0.00899019,0.000255318,0.905183387531509,0.984021326713397
200000.0,414,0.0567992,0.8,0.974205,157011,18,48,0.00993814,0.000108965,0.9003097798176772,0.9895613698216672
566302.0,455,0.0614462,0.767098,0.968022,10000,16,48,0.00662991,0.000490535,0.918575740715681,0.9778519752573734
312209.0,421,0.0927369,0.591,0.930845,10000,19,31,0.00345881,0.00232681,0.941188351493943,0.9517629810207969
211884.0,492,0.0736348,0.511146,0.4207,10000,35,43,0.00253796,0.00969303,0.949621830124547,0.9015468131546774
252952.0,375,0.01,0.671224,0.99,198935,19,42,0.00997614,0.00010321,0.9001193712474737,0.989840767745543
200000.0,437,0.05309,0.637596,0.900815,10000,37,50,0.00348586,0.0032478,0.9409588279249133,0.943010527287928
316031.0,405,0.104642,0.576721,0.776111,10871,24,37,0.00315752,0.00504423,0.9438081856495094,0.9289772571636381
285342.0,466,0.0499277,0.459117,0.47038,10145,29,44,0.00310272,0.00767064,0.9442979354063066,0.9124178100296642
416600.0,426,0.0927369,0.584976,0.930845,10000,29,31,0.00428927,0.00210231,0.9345074813432862,0.9541490458114555
471041.0,389,0.0781064,0.767098,0.968022,61105,10,44,0.00797436,0.000499,0.9107007278865051,0.9776616920963114
380855.0,426,0.108879,0.672054,0.96309,26579,11,31,0.00614162,0.000782579,0.921631511434761,0.9720253865084788
349346.0,381,0.131753,0.8,0.989492,13980,17,42,0.00532766,0.00102457,0.9270091786592314,0.9679910949890503
666835.0,500,0.0802769,0.769044,0.99,124893,10,28,0.00933633,0.000143534,0.9033753137133165,0.9880194324007583
551996.0,370,0.0614462,0.767098,0.968022,10000,12,48,0.00595212,0.000470285,0.9228500162022052,0.9783139445726061
210137.0,500,0.0604985,0.8,0.985574,156278,19,48,0.009917,9.07415e-05,0.9004158647173155,0.9904741667031173
533885.0,500,0.0802769,0.8,0.99,124893,10,21,0.00923577,0.00015033,0.9038970864125337,0.9877390864940658
316031.0,405,0.093581,0.576721,0.99,10871,24,41,0.00337601,0.00222328,0.9418965577611791,0.9528483298280962
557662.0,490,0.0914323,0.794633,0.99,94001,10,40,0.00909403,0.000191924,0.9046373762944832,0.9861463362246661
316031.0,405,0.093581,0.528597,0.99,10871,21,41,0.00302034,0.00251752,0.9450423799641943,0.9498251058795337
533885.0,500,0.0802769,0.8,0.99,124893,14,21,0.00918285,0.00019022,0.9041728117912249,0.9862079733178912
471041.0,403,0.106595,0.767098,0.968022,61105,10,45,0.00801358,0.000466127,0.910481398581077,0.9784100254747718
640049.0,500,0.0692294,0.785012,0.950341,56396,11,32,0.00863746,0.000290954,0.9070620637199212,0.9829426262279329
200000.0,500,0.0923319,0.689562,0.985574,156278,19,42,0.00989972,9.97872e-05,0.9005026633522284,0.9900106456665108
210137.0,500,0.0604985,0.8,0.985574,156278,12,48,0.00992059,7.9934e-05,0.9003978413888534,0.9910594183634397
557662.0,490,0.0914323,0.794633,0.9531,33147,11,40,0.00822508,0.00041546,0.9093077732107101,0.9796171640834745
206600.0,500,0.1329,0.722947,0.985574,156278,24,48,0.0098117,0.000114862,0.9009459743372336,0.9892826309198572
503898.0,500,0.0914323,0.697653,0.99,94001,10,39,0.00879468,0.000235287,0.9062200447856793,0.9846609322317162
216296.0,447,0.0604985,0.8,0.99,156278,12,39,0.0099035,9.29592e-05,0.9004836696818055,0.9903584648525248
200000.0,500,0.1329,0.722947,0.985574,174488,24,46,0.0099413,4.38322e-05,0.9002939319800445,0.9933794109023442
471041.0,482,0.117969,0.767098,0.99,50700,11,47,0.00845841,0.000367992,0.9080303854525855,0.9808168824222965
416600.0,426,0.0927369,0.584976,0.930845,10000,10,35,0.0045696,0.000755468,0.9324011834423116,0.972514221859296
466564.0,401,0.117969,0.767098,0.984328,71086,10,50,0.00829835,0.00039839,0.9089047202101009,0.9800402905832776
477957.0,403,0.106595,0.76895,0.968022,61105,10,45,0.00804538,0.000460934,0.9103039577238773,0.978530626464659
666835.0,500,0.0802769,0.769044,0.99,124893,10,28,0.00933633,0.000143534,0.9033753137133165,0.9880194324007583
557662.0,490,0.0914323,0.794633,0.9531,33147,11,40,0.00822508,0.00041546,0.9093077732107101,0.9796171640834745
210137.0,500,0.0604985,0.8,0.985574,156278,19,48,0.009917,9.07415e-05,0.9004158647173155,0.9904741667031173
210137.0,500,0.0559602,0.8,0.99,155173,12,50,0.00992411,7.74641e-05,0.9003801726562428,0.9911986307883376
316031.0,405,0.093581,0.528597,0.99,14096,12,44,0.0035887,0.00147894,0.9400942406775442,0.9615430110383041
557949.0,478,0.0802769,0.8,0.99,125702,10,18,0.00921214,0.000157864,0.9040201062721989,0.9874356058641891
469888.0,418,0.0548881,0.584976,0.930845,10000,10,31,0.00499863,0.000672135,0.9292990099079228,0.9740744334680995
259449.0,355,0.105395,0.576721,0.687246,10000,19,41,0.00193672,0.00804457,0.955991818942383,0.9103084730869186
551996.0,402,0.0970031,0.760765,0.985716,83625,11,48,0.00851635,0.000343709,0.9077159277014717,0.9814606095030068
210137.0,500,0.0604985,0.8,0.99,186190,21,42,0.00998584,1.90322e-05,0.9000708250809605,0.9956374090267365
666835.0,500,0.0802769,0.769044,0.99,124893,10,28,0.00933633,0.000143534,0.9033753137133165,0.9880194324007583
458655.0,500,0.0802769,0.8,0.99,124893,10,21,0.00918369,0.000163779,0.9041684290017116,0.9872023830343302
471041.0,353,0.069596,0.8,0.968022,10000,13,40,0.00539854,0.000655388,0.9265252424297977,0.9743994531308411
666835.0,500,0.0802769,0.8,0.989266,142831,10,30,0.00945259,0.000125896,0.9027755689139813,0.9887796613241846
259449.0,355,0.105395,0.576721,0.687246,10825,18,41,0.00206257,0.00794665,0.954584474020441,0.9108560153459584
640049.0,500,0.0692294,0.785012,0.950341,56396,10,29,0.00867459,0.000263978,0.9068625209703419,0.9837526002080332
322583.0,402,0.093581,0.528597,0.99,10830,18,44,0.00305521,0.00227823,0.9447260459167249,0.9522691923387001
557049.0,500,0.0640483,0.768527,0.99,124893,10,34,0.00921191,0.00015992,0.9040213044472889,0.9873540520323703
217252.0,402,0.093581,0.569112,0.99,10000,19,39,0.00228451,0.00281056,0.9522034520074932,0.9469852850615982
656271.0,500,0.0692294,0.787945,0.986584,68839,11,32,0.00888157,0.000194192,0.9057579181044901,0.9860647210289855
205498.0,500,0.0601134,0.8,0.99,156278,15,48,0.00993041,7.38774e-05,0.9003485574615199,0.9914048036671639
252455.0,355,0.105395,0.576721,0.687246,10000,19,41,0.00187571,0.00814356,0.9566905322129213,0.90975832448364
316031.0,305,0.103662,0.576721,0.99,10136,17,41,0.00206275,0.0031345,0.9545824923625261,0.9440133944590315
340146.0,405,0.093581,0.566854,0.99,10871,13,41,0.00359226,0.00120506,0.9400645347060691,0.9652860258685353
316031.0,305,0.104955,0.618172,0.718735,10617,23,38,0.00219179,0.00774704,0.9531834430996896,0.9119827289675486
200000.0,500,0.111676,0.722947,0.985574,174488,24,46,0.00995533,4.81751e-05,0.900223599984766,0.9930591715191917
316031.0,405,0.0617476,0.528597,0.958214,10000,21,41,0.00324346,0.00300624,0.9430486172248645,0.9451708106935731
316031.0,405,0.126215,0.576721,0.776111,10871,15,37,0.00310357,0.00486234,0.944290306050024,0.930269518860114
566302.0,455,0.0614462,0.767098,0.968022,10000,16,48,0.00662991,0.000490535,0.918575740715681,0.9778519752573734
471041.0,482,0.117969,0.767098,0.99,58281,11,27,0.00857541,0.000350616,0.9073964903472875,0.9812752570111096
251465.0,364,0.0795816,0.581747,0.773724,10871,30,44,0.00245948,0.00604366,0.9504068553124527,0.9222590198158012
316031.0,319,0.104955,0.618172,0.718735,10617,23,38,0.00237701,0.00732706,0.9512454104724488,0.9144017523543853
551996.0,370,0.0970031,0.760765,0.968022,10000,12,48,0.00628174,0.000590081,0.9207425713260896,0.9757084170956275
492575.0,426,0.0916668,0.584976,0.930845,10000,10,38,0.00523746,0.000684183,0.9276297022252913,0.9738431079827897
312209.0,421,0.0927369,0.591,0.930845,10000,19,31,0.00345881,0.00232681,0.941188351493943,0.9517629810207969
316031.0,410,0.093581,0.566144,0.94811,14096,12,46,0.00386179,0.00160667,0.9378566978669463,0.959916711711737
285342.0,447,0.0736348,0.490762,0.733871,10000,35,43,0.00276531,0.0056867,0.9474137850763149,0.9245897884898868
316031.0,500,0.093581,0.639471,0.99,10871,24,41,0.00466732,0.00117591,0.9316822131506004,0.9657084558527907
259449.0,428,0.0855176,0.576721,0.700567,10000,16,28,0.00289287,0.00518301,0.9462145930572241,0.9280068753282649
365491.0,407,0.093581,0.576721,0.99,10871,31,44,0.00379771,0.00201788,0.9383744371222461,0.9550791807732761
250666.0,500,0.1329,0.722947,0.985574,174050,24,46,0.0097395,0.000132008,0.9013110948485089,0.988510526556887
365745.0,405,0.163665,0.576721,0.99,10871,10,36,0.00495545,0.000846118,0.9296050427942455,0.9709118924644452
533885.0,500,0.0820433,0.8,0.99,124893,10,21,0.00924281,0.000151205,0.9038604659882314,0.9877034557700141
316031.0,405,0.093581,0.658376,0.972398,10094,24,39,0.00380954,0.00186031,0.9382785288574551,0.9568686888675988
441078.0,426,0.0927369,0.584976,0.930845,10000,11,31,0.00468479,0.000871162,0.9315544742148911,0.9704845464205614
371027.0,500,0.0914323,0.71055,0.99,94001,10,39,0.0086853,0.000286053,0.9068050430548948,0.9830868985694522
316031.0,500,0.093581,0.639471,0.99,10871,22,41,0.00467232,0.0011371,0.931645629254597,0.9662790866078631
572255.0,478,0.0802769,0.689712,0.989198,115133,14,18,0.00892289,0.000281382,0.9055389498258674,0.9832255551507658
469888.0,418,0.0905189,0.584976,0.906006,10000,10,31,0.00484484,0.000865684,0.930395115113952,0.9705774916093138
226983.0,500,0.0604985,0.8,0.985574,152993,13,49,0.0098661,0.000119337,0.9006717562825155,0.9890758524360022
615166.0,500,0.0692526,0.769044,0.982837,124893,12,28,0.00919375,0.000182673,0.9041159554461744,0.986484342413334
572255.0,478,0.0802769,0.8,0.989198,110754,12,18,0.00908836,0.000198178,0.9046671095581383,0.9859224291868235
557662.0,490,0.0914323,0.789136,0.98369,94001,13,48,0.00899019,0.000255318,0.905183387531509,0.984021326713397
572255.0,478,0.0802769,0.8,0.989198,110754,14,16,0.00906533,0.000217001,0.9047879734487286,0.9852690461951712
200000.0,414,0.0567992,0.8,0.974205,157011,18,48,0.00993814,0.000108965,0.9003097798176772,0.9895613698216672
557662.0,490,0.0914323,0.789136,0.99,94001,16,40,0.00897421,0.000260507,0.9052676929448037,0.983859770757514
510760.0,500,0.0640483,0.8,0.99,124893,10,29,0.00923503,0.000159089,0.9039009365290172,0.9873869512012361
210137.0,500,0.0562256,0.8,0.968022,156278,19,48,0.00991805,0.000109324,0.9004105929327822,0.9895441882189856
572255.0,478,0.0802769,0.8,0.989198,110754,14,18,0.00906552,0.000216931,0.904786975680845,0.9852714223361521
666835.0,500,0.0802769,0.769044,0.99,124893,10,28,0.00933633,0.000143534,0.9033753137133165,0.9880194324007583
210137.0,500,0.0604985,0.8,0.985574,156278,19,48,0.009917,9.07415e-05,0.9004158647173155,0.9904741667031173
533885.0,500,0.0802769,0.8,0.99,124893,10,21,0.00923577,0.00015033,0.9038970864125337,0.9877390864940658
557662.0,490,0.0914323,0.794633,0.99,94001,10,40,0.00909403,0.000191924,0.9046373762944832,0.9861463362246661
533885.0,500,0.0802769,0.8,0.99,124893,14,21,0.00918285,0.00019022,0.9041728117912249,0.9862079733178912
210137.0,500,0.0604985,0.8,0.985574,156278,12,48,0.00992059,7.9934e-05,0.9003978413888534,0.9910594183634397
206600.0,500,0.1329,0.722947,0.985574,156278,24,48,0.0098117,0.000114862,0.9009459743372336,0.9892826309198572
503898.0,500,0.0914323,0.697653,0.99,94001,10,39,0.00879468,0.000235287,0.9062200447856793,0.9846609322317162
216296.0,447,0.0604985,0.8,0.99,156278,12,39,0.0099035,9.29592e-05,0.9004836696818055,0.9903584648525248
200000.0,500,0.1329,0.722947,0.985574,174488,24,46,0.0099413,4.38322e-05,0.9002939319800445,0.9933794109023442
466564.0,401,0.117969,0.767098,0.984328,71086,10,50,0.00829835,0.00039839,0.9089047202101009,0.9800402905832776
666835.0,500,0.0802769,0.769044,0.99,124893,10,28,0.00933633,0.000143534,0.9033753137133165,0.9880194324007583
210137.0,500,0.0604985,0.8,0.985574,156278,19,48,0.009917,9.07415e-05,0.9004158647173155,0.9904741667031173
210137.0,500,0.0559602,0.8,0.99,155173,12,50,0.00992411,7.74641e-05,0.9003801726562428,0.9911986307883376
557949.0,478,0.0802769,0.8,0.99,125702,10,18,0.00921214,0.000157864,0.9040201062721989,0.9874356058641891
666835.0,500,0.0802769,0.769044,0.99,124893,10,28,0.00933633,0.000143534,0.9033753137133165,0.9880194324007583
458655.0,500,0.0802769,0.8,0.99,124893,10,21,0.00918369,0.000163779,0.9041684290017116,0.9872023830343302
666835.0,500,0.0802769,0.8,0.989266,142831,10,30,0.00945259,0.000125896,0.9027755689139813,0.9887796613241846
640049.0,500,0.0692294,0.785012,0.950341,56396,10,29,0.00867459,0.000263978,0.9068625209703419,0.9837526002080332
557049.0,500,0.0640483,0.768527,0.99,124893,10,34,0.00921191,0.00015992,0.9040213044472889,0.9873540520323703
217252.0,402,0.093581,0.569112,0.99,10000,19,39,0.00228451,0.00281056,0.9522034520074932,0.9469852850615982
656271.0,500,0.0692294,0.787945,0.986584,68839,11,32,0.00888157,0.000194192,0.9057579181044901,0.9860647210289855
205498.0,500,0.0601134,0.8,0.99,156278,15,48,0.00993041,7.38774e-05,0.9003485574615199,0.9914048036671639
316031.0,305,0.103662,0.576721,0.99,10136,17,41,0.00206275,0.0031345,0.9545824923625261,0.9440133944590315
210137.0,500,0.0604985,0.8,0.99,186190,24,41,0.00998579,1.87696e-05,0.9000710752584619,0.9956676103591666
210137.0,500,0.0610158,0.8,0.985574,156278,23,48,0.00991596,9.21831e-05,0.900421086569495,0.9903987969503817
200000.0,500,0.01,0.8,0.99,183727,21,42,0.00999761,8.47314e-06,0.9000119507140978,0.9970891341494325
316031.0,405,0.146524,0.621662,0.99,10871,10,41,0.00452684,0.000730639,0.9327182045423875,0.972969665188903
217252.0,402,0.261212,0.476606,0.99,10000,19,37,0.00145041,0.00366134,0.9619157512874417,0.9394909924060888
469888.0,418,0.0905189,0.584976,0.99,10000,10,29,0.00523308,0.000422739,0.9276599695880627,0.9794393823049987
200000.0,500,0.112203,0.737506,0.985574,174488,21,44,0.00995504,3.55953e-05,0.900225053244815,0.9940338203178248
557662.0,497,0.0218043,0.796759,0.99,33147,10,40,0.00856025,0.000280025,0.9074783809047853,0.9832660524681114
200000.0,500,0.0960351,0.718391,0.985574,156278,19,49,0.0098963,9.3275e-05,0.9005198512264884,0.9903421016779012
327135.0,402,0.093581,0.470248,0.99,10000,18,44,0.00247347,0.00280201,0.9502660076004349,0.9470659844712306
708939.0,500,0.0692294,0.757493,0.988974,68839,14,37,0.00885049,0.000231412,0.9059229571042967,0.9847877680796012
477957.0,414,0.0676249,0.587085,0.968022,10000,10,45,0.00497972,0.000473797,0.9294328688410816,0.9782331214915873
525623.0,500,0.0802769,0.789239,0.99,10000,16,33,0.00710042,0.000410278,0.9157360100636103,0.9797446797112462
471041.0,482,0.101193,0.767098,0.99,58281,11,27,0.00841511,0.000316351,0.9082660913293236,0.9822137412590506
306486.0,337,0.110358,0.558376,0.99,10871,10,41,0.00247927,0.00106334,0.9502077315238601,0.9673911055078526
252455.0,355,0.105395,0.576721,0.687246,10000,19,41,0.00187571,0.00814356,0.9566905322129213,0.90975832448364
210137.0,500,0.0604985,0.8,0.99,186190,21,42,0.00998584,1.90322e-05,0.9000708250809605,0.9956374090267365
259449.0,366,0.20343,0.576721,0.920374,10825,16,41,0.00221921,0.00398527,0.9528915081965045,0.9368710050769062
316031.0,305,0.104955,0.618172,0.718735,10617,23,38,0.00219179,0.00774704,0.9531834430996896,0.9119827289675486
217252.0,402,0.0736708,0.569112,0.99,10000,15,42,0.00255619,0.00247278,0.9494412223249019,0.9502729449896739
551996.0,370,0.0614462,0.767098,0.968022,10000,12,48,0.00595212,0.000470285,0.9228500162022052,0.9783139445726061
471041.0,403,0.106595,0.767098,0.968022,61105,10,45,0.00801358,0.000466127,0.910481398581077,0.9784100254747718
416600.0,426,0.0927369,0.584976,0.930845,10000,10,35,0.0045696,0.000755468,0.9324011834423116,0.972514221859296
322583.0,402,0.123696,0.528597,0.99,10830,18,44,0.00290911,0.00214872,0.9460638340257671,0.953645712172443
340146.0,405,0.093581,0.566854,0.99,10871,13,41,0.00359226,0.00120506,0.9400645347060691,0.9652860258685353
217252.0,449,0.093581,0.689548,0.982541,10000,19,39,0.00351819,0.00158763,0.940685667836517,0.9601549250220306
471041.0,353,0.069596,0.8,0.968022,10000,13,40,0.00539854,0.000655388,0.9265252424297977,0.9743994531308411
469888.0,418,0.0548881,0.584976,0.930845,10000,10,31,0.00499863,0.000672135,0.9292990099079228,0.9740744334680995
551996.0,370,0.0614462,0.738268,0.968022,10000,12,41,0.00580798,0.000506387,0.9237898956830526,0.9774969557614975
299515.0,451,0.1329,0.8,0.99,184920,21,46,0.00964527,0.000140344,0.9017896644950237,0.9881533126993239
259449.0,355,0.105395,0.576721,0.687246,10825,18,41,0.00206257,0.00794665,0.954584474020441,0.9108560153459584
316031.0,405,0.093581,0.528597,0.99,14096,12,44,0.0035887,0.00147894,0.9400942406775442,0.9615430110383041
533885.0,500,0.0820433,0.8,0.99,124893,10,21,0.00924281,0.000151205,0.9038604659882314,0.9877034557700141
471041.0,482,0.117969,0.767098,0.99,50700,11,47,0.00845841,0.000367992,0.9080303854525855,0.9808168824222965
718504.0,500,0.0692294,0.785012,0.950341,56396,11,32,0.00880096,0.000269741,0.9061865681258808,0.983576206284783
557662.0,490,0.0914323,0.794633,0.9531,33147,11,40,0.00822508,0.00041546,0.9093077732107101,0.9796171640834745
250666.0,500,0.1329,0.722947,0.985574,174050,24,46,0.0097395,0.000132008,0.9013110948485089,0.988510526556887
509785.0,403,0.106595,0.767098,0.968022,61105,10,45,0.00815434,0.000447274,0.90969861573597,0.9788511466031844
259449.0,355,0.105395,0.576721,0.687246,10000,19,41,0.00193672,0.00804457,0.955991818942383,0.9103084730869186
259449.0,355,0.104067,0.576721,0.687246,10000,19,47,0.00194659,0.00798544,0.955879823209783,0.9106387108418863
572255.0,478,0.0802769,0.8,0.989198,110754,12,18,0.00908836,0.000198178,0.9046671095581383,0.9859224291868235
557662.0,490,0.0914323,0.789136,0.99,94001,16,40,0.00897421,0.000260507,0.9052676929448037,0.983859770757514
226983.0,500,0.0604985,0.8,0.985574,152993,13,49,0.0098661,0.000119337,0.9006717562825155,0.9890758524360022
521805.0,401,0.117969,0.795068,0.99,71086,10,50,0.00860249,0.000340959,0.907250390836403,0.9815349248579921
551996.0,402,0.0970031,0.760765,0.985716,83625,11,48,0.00851635,0.000343709,0.9077159277014717,0.9814606095030068
200000.0,500,0.120015,0.688553,0.985574,174488,27,46,0.00994989,4.51124e-05,0.9002508646654017,0.9932834234910931
667856.0,500,0.0802769,0.687114,0.99,124893,10,21,0.00919107,0.000169579,0.9041299316783388,0.9869777498104206
471041.0,403,0.106595,0.767098,0.971148,61105,10,45,0.00802378,0.000451707,0.9104244452989545,0.9787466002719565
200000.0,500,0.0923319,0.689562,0.985574,156278,19,42,0.00989972,9.97872e-05,0.9005026633522284,0.9900106456665108
557662.0,490,0.0914323,0.760644,0.99,94001,10,40,0.00901903,0.000203411,0.9050314262505749,0.9857377771718431
640049.0,500,0.0692294,0.785012,0.950341,56396,11,32,0.00863746,0.000290954,0.9070620637199212,0.9829426262279329
371027.0,500,0.0914323,0.71055,0.99,94001,10,39,0.0086853,0.000286053,0.9068050430548948,0.9830868985694522
557662.0,490,0.0914323,0.794633,0.9531,33147,11,40,0.00822508,0.00041546,0.9093077732107101,0.9796171640834745
557662.0,490,0.0914323,0.789136,0.98369,94001,13,48,0.00899019,0.000255318,0.905183387531509,0.984021326713397
533885.0,500,0.0802769,0.8,0.99,124893,11,21,0.00921586,0.00016369,0.9040007291694359,0.9872058607167188
371027.0,500,0.0914323,0.71055,0.99,94001,10,36,0.0086853,0.000286075,0.9068050430548948,0.9830862481985811
666835.0,500,0.0802769,0.769044,0.99,124893,10,28,0.00933633,0.000143534,0.9033753137133165,0.9880194324007583
533885.0,500,0.0802769,0.8,0.99,124893,10,21,0.00923577,0.00015033,0.9038970864125337,0.9877390864940658
557662.0,490,0.0914323,0.794633,0.99,94001,10,40,0.00909403,0.000191924,0.9046373762944832,0.9861463362246661
533885.0,500,0.0802769,0.8,0.99,124893,14,21,0.00918285,0.00019022,0.9041728117912249,0.9862079733178912
210137.0,500,0.0604985,0.8,0.985574,156278,12,48,0.00992059,7.9934e-05,0.9003978413888534,0.9910594183634397
206600.0,500,0.1329,0.722947,0.985574,156278,24,48,0.0098117,0.000114862,0.9009459743372336,0.9892826309198572
200000.0,500,0.1329,0.722947,0.985574,174488,24,46,0.0099413,4.38322e-05,0.9002939319800445,0.9933794109023442
666835.0,500,0.0802769,0.769044,0.99,124893,10,28,0.00933633,0.000143534,0.9033753137133165,0.9880194324007583
210137.0,500,0.0559602,0.8,0.99,155173,12,50,0.00992411,7.74641e-05,0.9003801726562428,0.9911986307883376
557949.0,478,0.0802769,0.8,0.99,125702,10,18,0.00921214,0.000157864,0.9040201062721989,0.9874356058641891
666835.0,500,0.0802769,0.769044,0.99,124893,10,28,0.00933633,0.000143534,0.9033753137133165,0.9880194324007583
458655.0,500,0.0802769,0.8,0.99,124893,10,21,0.00918369,0.000163779,0.9041684290017116,0.9872023830343302
666835.0,500,0.0802769,0.8,0.989266,142831,10,30,0.00945259,0.000125896,0.9027755689139813,0.9887796613241846
557049.0,500,0.0640483,0.768527,0.99,124893,10,34,0.00921191,0.00015992,0.9040213044472889,0.9873540520323703
656271.0,500,0.0692294,0.787945,0.986584,68839,11,32,0.00888157,0.000194192,0.9057579181044901,0.9860647210289855
205498.0,500,0.0601134,0.8,0.99,156278,15,48,0.00993041,7.38774e-05,0.9003485574615199,0.9914048036671639
210137.0,500,0.0604985,0.8,0.99,186190,24,41,0.00998579,1.87696e-05,0.9000710752584619,0.9956676103591666
200000.0,500,0.01,0.8,0.99,183727,21,42,0.00999761,8.47314e-06,0.9000119507140978,0.9970891341494325
316031.0,405,0.146524,0.621662,0.99,10871,10,41,0.00452684,0.000730639,0.9327182045423875,0.972969665188903
217252.0,402,0.261212,0.476606,0.99,10000,19,37,0.00145041,0.00366134,0.9619157512874417,0.9394909924060888
469888.0,418,0.0905189,0.584976,0.99,10000,10,29,0.00523308,0.000422739,0.9276599695880627,0.9794393823049987
200000.0,500,0.112203,0.737506,0.985574,174488,21,44,0.00995504,3.55953e-05,0.900225053244815,0.9940338203178248
557662.0,497,0.0218043,0.796759,0.99,33147,10,40,0.00856025,0.000280025,0.9074783809047853,0.9832660524681114
708939.0,500,0.0692294,0.757493,0.988974,68839,14,37,0.00885049,0.000231412,0.9059229571042967,0.9847877680796012
477957.0,414,0.0676249,0.587085,0.968022,10000,10,45,0.00497972,0.000473797,0.9294328688410816,0.9782331214915873
525623.0,500,0.0802769,0.789239,0.99,10000,16,33,0.00710042,0.000410278,0.9157360100636103,0.9797446797112462
471041.0,482,0.101193,0.767098,0.99,58281,11,27,0.00841511,0.000316351,0.9082660913293236,0.9822137412590506
306486.0,337,0.110358,0.558376,0.99,10871,10,41,0.00247927,0.00106334,0.9502077315238601,0.9673911055078526
572658.0,497,0.0590131,0.788022,0.99,33147,18,32,0.00797456,0.000367735,0.9106996080635701,0.9808235821906176
205799.0,500,0.1329,0.653349,0.985574,168915,24,48,0.00989362,8.29894e-05,0.9005333221626458,0.9908901481900088
557831.0,478,0.0802769,0.8,0.99,125702,10,18,0.009212,0.000157896,0.9040208355943854,0.9874343324888807
200000.0,500,0.1329,0.722947,0.986392,174488,24,39,0.00994133,4.25123e-05,0.9002937815379602,0.9934798542961065
503898.0,500,0.0783636,0.697653,0.99,86033,10,39,0.00867214,0.000243687,0.906875674499087,0.9843895227491277
204962.0,500,0.072829,0.8,0.99,186190,21,46,0.00998807,1.23726e-05,0.9000596678012325,0.9964825293178194
666835.0,500,0.0802769,0.8,0.989266,143780,10,24,0.00945593,0.000125339,0.9027583936784259,0.9888045098365458
365330.0,337,0.110358,0.554954,0.99,10871,10,41,0.00298496,0.000859506,0.9453652125473156,0.9706826672427384
232958.0,376,0.165542,0.572908,0.99,10000,19,39,0.00194897,0.0027502,0.9558528596622613,0.9475576507009841
316031.0,291,0.103662,0.54293,0.99,10000,13,41,0.00168972,0.00276193,0.9588937960886681,0.9474459326026995
200000.0,429,0.137356,0.602548,0.985574,174488,21,44,0.00993248,6.08821e-05,0.9003381718008344,0.9921973017487539
374219.0,490,0.0914323,0.794633,0.99,94001,10,39,0.00878672,0.000231552,0.906262494165889,0.9847831672152185
557662.0,490,0.0914323,0.8,0.99,94001,10,41,0.00910526,0.000190247,0.9045785139499494,0.9862069945262101
200000.0,500,0.0604985,0.794166,0.99,200000,21,42,0.01,5.89398e-07,0.9,0.9992322773938459
200000.0,500,0.1329,0.656469,0.985574,174488,21,46,0.00994086,4.9863e-05,0.9002961384900263,0.992938626195987
242132.0,305,0.103662,0.576721,0.99,10136,17,41,0.00147161,0.00393389,0.9616384306890347,0.937279269774659
210137.0,500,0.0604985,0.8,0.99,186190,21,42,0.00998584,1.90322e-05,0.9000708250809605,0.9956374090267365
316031.0,305,0.103662,0.576721,0.99,10136,17,41,0.00206275,0.0031345,0.9545824923625261,0.9440133944590315
416600.0,426,0.0927369,0.584976,0.930845,10000,10,35,0.0045696,0.000755468,0.9324011834423116,0.972514221859296
340146.0,405,0.093581,0.566854,0.99,10871,13,41,0.00359226,0.00120506,0.9400645347060691,0.9652860258685353
322583.0,402,0.123696,0.528597,0.99,10830,18,44,0.00290911,0.00214872,0.9460638340257671,0.953645712172443
446747.0,500,0.0802769,0.789239,0.99,10278,16,33,0.00659676,0.000454341,0.9187795592230625,0.9786847237878558
217252.0,402,0.0736708,0.569112,0.99,10000,15,42,0.00255619,0.00247278,0.9494412223249019,0.9502729449896739
200000.0,500,0.223836,0.572925,0.99,10449,16,41,0.00345924,0.00178547,0.9411846958691873,0.9577451777899847
471041.0,403,0.106595,0.767098,0.971148,61105,10,45,0.00802378,0.000451707,0.9104244452989545,0.9787466002719565
217252.0,402,0.093581,0.569112,0.99,10000,19,39,0.00228451,0.00281056,0.9522034520074932,0.9469852850615982
469888.0,418,0.0548881,0.584976,0.930845,10000,10,31,0.00499863,0.000672135,0.9292990099079228,0.9740744334680995
327135.0,402,0.093581,0.470248,0.99,10000,18,44,0.00247347,0.00280201,0.9502660076004349,0.9470659844712306
316031.0,405,0.093581,0.528597,0.99,14096,12,44,0.0035887,0.00147894,0.9400942406775442,0.9615430110383041
551996.0,370,0.0614462,0.767098,0.968022,10000,12,48,0.00595212,0.000470285,0.9228500162022052,0.9783139445726061
217252.0,449,0.093581,0.689548,0.982541,10000,19,39,0.00351819,0.00158763,0.940685667836517,0.9601549250220306
551996.0,370,0.0614462,0.738268,0.968022,10000,12,41,0.00580798,0.000506387,0.9237898956830526,0.9774969557614975
477957.0,475,0.0676249,0.587085,0.99,10000,13,46,0.00540089,0.000557176,0.9265092522830255,0.9763954241724194
471041.0,353,0.069596,0.8,0.968022,10000,13,40,0.00539854,0.000655388,0.9265252424297977,0.9743994531308411
299515.0,451,0.1329,0.8,0.99,184920,21,46,0.00964527,0.000140344,0.9017896644950237,0.9881533126993239
533885.0,500,0.0820433,0.8,0.99,124893,10,21,0.00924281,0.000151205,0.9038604659882314,0.9877034557700141
503898.0,500,0.0914323,0.697653,0.99,94001,10,39,0.00879468,0.000235287,0.9062200447856793,0.9846609322317162
557662.0,490,0.0914323,0.760644,0.99,94001,10,40,0.00901903,0.000203411,0.9050314262505749,0.9857377771718431
471041.0,482,0.117969,0.767098,0.99,50700,11,47,0.00845841,0.000367992,0.9080303854525855,0.9808168824222965
466564.0,401,0.117969,0.767098,0.984328,71086,10,50,0.00829835,0.00039839,0.9089047202101009,0.9800402905832776
509785.0,403,0.106595,0.767098,0.968022,61105,10,45,0.00815434,0.000447274,0.90969861573597,0.9788511466031844
640049.0,500,0.0692294,0.785012,0.950341,56396,10,29,0.00867459,0.000263978,0.9068625209703419,0.9837526002080332
250666.0,500,0.1329,0.722947,0.985574,174050,24,46,0.0097395,0.000132008,0.9013110948485089,0.988510526556887
226983.0,500,0.0604985,0.8,0.985574,152993,13,49,0.0098661,0.000119337,0.9006717562825155,0.9890758524360022
640049.0,500,0.0692294,0.785012,0.950341,56396,11,32,0.00863746,0.000290954,0.9070620637199212,0.9829426262279329
521805.0,401,0.117969,0.795068,0.99,71086,10,50,0.00860249,0.000340959,0.907250390836403,0.9815349248579921
551996.0,402,0.0970031,0.760765,0.985716,83625,11,48,0.00851635,0.000343709,0.9077159277014717,0.9814606095030068
613575.0,490,0.0914323,0.766253,0.99,94001,10,28,0.00913481,0.00019301,0.9044238000336904,0.9861071961073368
200000.0,500,0.0837047,0.737792,0.985574,156278,19,49,0.0099123,8.69041e-05,0.9004394656502889,0.9906777631439659
667856.0,500,0.0802769,0.687114,0.99,124893,10,21,0.00919107,0.000169579,0.9041299316783388,0.9869777498104206
557662.0,490,0.0914323,0.794633,0.9531,33147,11,40,0.00822508,0.00041546,0.9093077732107101,0.9796171640834745
572255.0,478,0.0802769,0.8,0.989198,110754,12,18,0.00908836,0.000198178,0.9046671095581383,0.9859224291868235
666835.0,500,0.0802769,0.769044,0.99,124893,10,28,0.00933633,0.000143534,0.9033753137133165,0.9880194324007583
533885.0,500,0.0802769,0.8,0.99,124893,10,21,0.00923577,0.00015033,0.9038970864125337,0.9877390864940658
557662.0,490,0.0914323,0.794633,0.99,94001,10,40,0.00909403,0.000191924,0.9046373762944832,0.9861463362246661
210137.0,500,0.0604985,0.8,0.985574,156278,12,48,0.00992059,7.9934e-05,0.9003978413888534,0.9910594183634397
206600.0,500,0.1329,0.722947,0.985574,156278,24,48,0.0098117,0.000114862,0.9009459743372336,0.9892826309198572
200000.0,500,0.1329,0.722947,0.985574,174488,24,46,0.0099413,4.38322e-05,0.9002939319800445,0.9933794109023442
666835.0,500,0.0802769,0.769044,0.99,124893,10,28,0.00933633,0.000143534,0.9033753137133165,0.9880194324007583
210137.0,500,0.0559602,0.8,0.99,155173,12,50,0.00992411,7.74641e-05,0.9003801726562428,0.9911986307883376
557949.0,478,0.0802769,0.8,0.99,125702,10,18,0.00921214,0.000157864,0.9040201062721989,0.9874356058641891
666835.0,500,0.0802769,0.769044,0.99,124893,10,28,0.00933633,0.000143534,0.9033753137133165,0.9880194324007583
458655.0,500,0.0802769,0.8,0.99,124893,10,21,0.00918369,0.000163779,0.9041684290017116,0.9872023830343302
666835.0,500,0.0802769,0.8,0.989266,142831,10,30,0.00945259,0.000125896,0.9027755689139813,0.9887796613241846
557049.0,500,0.0640483,0.768527,0.99,124893,10,34,0.00921191,0.00015992,0.9040213044472889,0.9873540520323703
656271.0,500,0.0692294,0.787945,0.986584,68839,11,32,0.00888157,0.000194192,0.9057579181044901,0.9860647210289855
205498.0,500,0.0601134,0.8,0.99,156278,15,48,0.00993041,7.38774e-05,0.9003485574615199,0.9914048036671639
210137.0,500,0.0604985,0.8,0.99,186190,24,41,0.00998579,1.87696e-05,0.9000710752584619,0.9956676103591666
217252.0,402,0.261212,0.476606,0.99,10000,19,37,0.00145041,0.00366134,0.9619157512874417,0.9394909924060888
469888.0,418,0.0905189,0.584976,0.99,10000,10,29,0.00523308,0.000422739,0.9276599695880627,0.9794393823049987
200000.0,500,0.112203,0.737506,0.985574,174488,21,44,0.00995504,3.55953e-05,0.900225053244815,0.9940338203178248
557662.0,497,0.0218043,0.796759,0.99,33147,10,40,0.00856025,0.000280025,0.9074783809047853,0.9832660524681114
477957.0,414,0.0676249,0.587085,0.968022,10000,10,45,0.00497972,0.000473797,0.9294328688410816,0.9782331214915873
471041.0,482,0.101193,0.767098,0.99,58281,11,27,0.00841511,0.000316351,0.9082660913293236,0.9822137412590506
306486.0,337,0.110358,0.558376,0.99,10871,10,41,0.00247927,0.00106334,0.9502077315238601,0.9673911055078526
205799.0,500,0.1329,0.653349,0.985574,168915,24,48,0.00989362,8.29894e-05,0.9005333221626458,0.9908901481900088
557831.0,478,0.0802769,0.8,0.99,125702,10,18,0.009212,0.000157896,0.9040208355943854,0.9874343324888807
200000.0,500,0.1329,0.722947,0.986392,174488,24,39,0.00994133,4.25123e-05,0.9002937815379602,0.9934798542961065
503898.0,500,0.0783636,0.697653,0.99,86033,10,39,0.00867214,0.000243687,0.906875674499087,0.9843895227491277
204962.0,500,0.072829,0.8,0.99,186190,21,46,0.00998807,1.23726e-05,0.9000596678012325,0.9964825293178194
666835.0,500,0.0802769,0.8,0.989266,143780,10,24,0.00945593,0.000125339,0.9027583936784259,0.9888045098365458
365330.0,337,0.110358,0.554954,0.99,10871,10,41,0.00298496,0.000859506,0.9453652125473156,0.9706826672427384
200000.0,429,0.137356,0.602548,0.985574,174488,21,44,0.00993248,6.08821e-05,0.9003381718008344,0.9921973017487539
557662.0,490,0.0914323,0.8,0.99,94001,10,41,0.00910526,0.000190247,0.9045785139499494,0.9862069945262101
200000.0,500,0.0604985,0.794166,0.99,200000,21,42,0.01,5.89398e-07,0.9,0.9992322773938459
217252.0,402,0.261212,0.489695,0.99,10000,17,35,0.00162714,0.00322014,0.9596621765584706,0.9432537225890544
217252.0,367,0.261212,0.476606,0.99,10000,23,40,0.00103991,0.00470427,0.96775236442776,0.931412318890343
494341.0,500,0.0802769,0.743779,0.99,124893,10,31,0.00912879,0.000180152,0.9044552984200589,0.9865779286248358
226983.0,500,0.0919963,0.8,0.985574,184083,12,50,0.00993709,4.60395e-05,0.9003150462707636,0.9932147586630983
217252.0,402,0.162736,0.514511,0.99,10000,15,42,0.00164237,0.00246681,0.9594738356120395,0.9503330089496052
272952.0,405,0.135505,0.621662,0.99,10871,10,39,0.00373279,0.000693956,0.9389034370852173,0.9736569553771778
200000.0,429,0.137356,0.602548,0.987955,174488,10,44,0.00993643,5.56485e-05,0.9003183567551176,0.9925402077776925
210137.0,500,0.056694,0.8,0.985909,177742,12,28,0.00997588,3.08998e-05,0.9001206728096349,0.9944412411457233
210137.0,500,0.072076,0.8,0.99,200000,21,42,0.00999629,4.34792e-06,0.9000185517208317,0.9979148333399941
503898.0,500,0.0783636,0.764892,0.99,86033,11,45,0.00878162,0.000225762,0.9062897017398834,0.9849746214689945
747051.0,500,0.0794177,0.8,0.989266,142831,10,35,0.00951885,0.000119175,0.9024354060122218,0.9890832697202872
637638.0,370,0.0614462,0.738268,0.99,10000,12,41,0.00631921,0.000366624,0.9205065411496015,0.9808525719742833
200000.0,500,0.0604985,0.794166,0.99,200000,10,43,0.01,3.64557e-07,0.9,0.9993962144420409
525623.0,406,0.0762675,0.789239,0.99,10000,12,44,0.00647839,0.000362474,0.9195115536241381,0.9809612500410347
446747.0,500,0.0802769,0.789239,0.99,10278,13,33,0.00678196,0.000355542,0.9176473436979717,0.9811441786177318
306486.0,337,0.123691,0.564701,0.99,10871,10,41,0.00249262,0.000973643,0.9500738545449381,0.9687967469644589
200000.0,459,0.0604985,0.75294,0.99,200000,21,42,0.0100001,7.30144e-07,0.89999950000125,0.9991455153599976
242132.0,305,0.0994961,0.576721,0.890937,10136,17,41,0.00144182,0.00552716,0.9620286950448105,0.9256551279508801
242132.0,305,0.103662,0.576721,0.99,10136,17,41,0.00147161,0.00393389,0.9616384306890347,0.937279269774659
217252.0,402,0.093581,0.569112,0.99,10336,16,37,0.00237814,0.00247058,0.9512338231968098,0.9502950706669852
316031.0,291,0.103662,0.54293,0.99,10000,13,41,0.00168972,0.00276193,0.9588937960886681,0.9474459326026995
316031.0,369,0.103662,0.54293,0.99,10000,13,45,0.00262892,0.00165165,0.9487270051586607,0.9593595029557954
306486.0,337,0.0836168,0.565776,0.99,10871,10,41,0.00274208,0.00122643,0.9476351262772458,0.9649795773869018
340146.0,405,0.093581,0.566854,0.99,10871,13,41,0.00359226,0.00120506,0.9400645347060691,0.9652860258685353
365330.0,425,0.15282,0.554954,0.99,10000,13,41,0.00420135,0.00111235,0.9351821783766223,0.9666480885105516
572658.0,497,0.0590131,0.788022,0.99,33147,18,32,0.00797456,0.000367735,0.9106996080635701,0.9808235821906176
446747.0,500,0.0802769,0.789239,0.99,10278,16,33,0.00659676,0.000454341,0.9187795592230625,0.9786847237878558
232958.0,376,0.165542,0.572908,0.99,10000,19,39,0.00194897,0.0027502,0.9558528596622613,0.9475576507009841
535447.0,500,0.0802769,0.789239,0.99,10000,16,33,0.00715835,0.000405701,0.9153929671953921,0.9798579792473545
408934.0,419,0.0983261,0.584976,0.930845,10049,10,35,0.0044563,0.000809037,0.9332444758840139,0.9715564242754186
551996.0,370,0.0614462,0.767098,0.968022,10000,12,48,0.00595212,0.000470285,0.9228500162022052,0.9783139445726061
316031.0,405,0.146524,0.621662,0.99,10871,10,41,0.00452684,0.000730639,0.9327182045423875,0.972969665188903
469888.0,418,0.0548881,0.584976,0.930845,10000,10,31,0.00499863,0.000672135,0.9292990099079228,0.9740744334680995
551996.0,370,0.0614462,0.738268,0.968022,10000,12,41,0.00580798,0.000506387,0.9237898956830526,0.9774969557614975
551996.0,402,0.0970031,0.760765,0.985716,83625,11,48,0.00851635,0.000343709,0.9077159277014717,0.9814606095030068
477957.0,475,0.0676249,0.587085,0.99,10000,13,46,0.00540089,0.000557176,0.9265092522830255,0.9763954241724194
525623.0,500,0.0802769,0.789239,0.99,10000,16,33,0.00710042,0.000410278,0.9157360100636103,0.9797446797112462
299515.0,451,0.1329,0.8,0.99,184920,21,46,0.00964527,0.000140344,0.9017896644950237,0.9881533126993239
533885.0,500,0.0820433,0.8,0.99,124893,10,21,0.00924281,0.000151205,0.9038604659882314,0.9877034557700141
320728.0,446,0.146524,0.621662,0.99,10871,10,41,0.00519011,0.000672025,0.9279575819395267,0.9740765550128846
471041.0,353,0.069596,0.8,0.968022,10000,13,40,0.00539854,0.000655388,0.9265252424297977,0.9743994531308411
708939.0,500,0.0692294,0.757493,0.988974,68839,14,37,0.00885049,0.000231412,0.9059229571042967,0.9847877680796012
557662.0,490,0.0914323,0.760644,0.99,94001,10,40,0.00901903,0.000203411,0.9050314262505749,0.9857377771718431
640049.0,500,0.0692294,0.785012,0.950341,56396,10,29,0.00867459,0.000263978,0.9068625209703419,0.9837526002080332
374219.0,490,0.0914323,0.794633,0.99,94001,10,39,0.00878672,0.000231552,0.906262494165889,0.9847831672152185
521805.0,401,0.117969,0.795068,0.99,71086,10,50,0.00860249,0.000340959,0.907250390836403,0.9815349248579921
640049.0,500,0.0692294,0.785012,0.950341,56396,11,32,0.00863746,0.000290954,0.9070620637199212,0.9829426262279329
533885.0,500,0.0802769,0.8,0.99,124893,10,21,0.00923577,0.00015033,0.9038970864125337,0.9877390864940658
557662.0,490,0.0914323,0.794633,0.99,94001,10,40,0.00909403,0.000191924,0.9046373762944832,0.9861463362246661
210137.0,500,0.0604985,0.8,0.985574,156278,12,48,0.00992059,7.9934e-05,0.9003978413888534,0.9910594183634397
206600.0,500,0.1329,0.722947,0.985574,156278,24,48,0.0098117,0.000114862,0.9009459743372336,0.9892826309198572
200000.0,500,0.1329,0.722947,0.985574,174488,24,46,0.0099413,4.38322e-05,0.9002939319800445,0.9933794109023442
210137.0,500,0.0559602,0.8,0.99,155173,12,50,0.00992411,7.74641e-05,0.9003801726562428,0.9911986307883376
557949.0,478,0.0802769,0.8,0.99,125702,10,18,0.00921214,0.000157864,0.9040201062721989,0.9874356058641891
458655.0,500,0.0802769,0.8,0.99,124893,10,21,0.00918369,0.000163779,0.9041684290017116,0.9872023830343302
666835.0,500,0.0802769,0.8,0.989266,142831,10,30,0.00945259,0.000125896,0.9027755689139813,0.9887796613241846
557049.0,500,0.0640483,0.768527,0.99,124893,10,34,0.00921191,0.00015992,0.9040213044472889,0.9873540520323703
656271.0,500,0.0692294,0.787945,0.986584,68839,11,32,0.00888157,0.000194192,0.9057579181044901,0.9860647210289855
210137.0,500,0.0604985,0.8,0.99,186190,24,41,0.00998579,1.87696e-05,0.9000710752584619,0.9956676103591666
200000.0,500,0.112203,0.737506,0.985574,174488,21,44,0.00995504,3.55953e-05,0.900225053244815,0.9940338203178248
557662.0,497,0.0218043,0.796759,0.99,33147,10,40,0.00856025,0.000280025,0.9074783809047853,0.9832660524681114
306486.0,337,0.110358,0.558376,0.99,10871,10,41,0.00247927,0.00106334,0.9502077315238601,0.9673911055078526
205799.0,500,0.1329,0.653349,0.985574,168915,24,48,0.00989362,8.29894e-05,0.9005333221626458,0.9908901481900088
557831.0,478,0.0802769,0.8,0.99,125702,10,18,0.009212,0.000157896,0.9040208355943854,0.9874343324888807
200000.0,500,0.1329,0.722947,0.986392,174488,24,39,0.00994133,4.25123e-05,0.9002937815379602,0.9934798542961065
503898.0,500,0.0783636,0.697653,0.99,86033,10,39,0.00867214,0.000243687,0.906875674499087,0.9843895227491277
204962.0,500,0.072829,0.8,0.99,186190,21,46,0.00998807,1.23726e-05,0.9000596678012325,0.9964825293178194
666835.0,500,0.0802769,0.8,0.989266,143780,10,24,0.00945593,0.000125339,0.9027583936784259,0.9888045098365458
365330.0,337,0.110358,0.554954,0.99,10871,10,41,0.00298496,0.000859506,0.9453652125473156,0.9706826672427384
557662.0,490,0.0914323,0.8,0.99,94001,10,41,0.00910526,0.000190247,0.9045785139499494,0.9862069945262101
200000.0,500,0.0604985,0.794166,0.99,200000,21,42,0.01,5.89398e-07,0.9,0.9992322773938459
217252.0,367,0.261212,0.476606,0.99,10000,23,40,0.00103991,0.00470427,0.96775236442776,0.931412318890343
494341.0,500,0.0802769,0.743779,0.99,124893,10,31,0.00912879,0.000180152,0.9044552984200589,0.9865779286248358
226983.0,500,0.0919963,0.8,0.985574,184083,12,50,0.00993709,4.60395e-05,0.9003150462707636,0.9932147586630983
217252.0,402,0.162736,0.514511,0.99,10000,15,42,0.00164237,0.00246681,0.9594738356120395,0.9503330089496052
272952.0,405,0.135505,0.621662,0.99,10871,10,39,0.00373279,0.000693956,0.9389034370852173,0.9736569553771778
200000.0,429,0.137356,0.602548,0.987955,174488,10,44,0.00993643,5.56485e-05,0.9003183567551176,0.9925402077776925
210137.0,500,0.072076,0.8,0.99,200000,21,42,0.00999629,4.34792e-06,0.9000185517208317,0.9979148333399941
503898.0,500,0.0783636,0.764892,0.99,86033,11,45,0.00878162,0.000225762,0.9062897017398834,0.9849746214689945
200000.0,500,0.0604985,0.794166,0.99,200000,10,43,0.01,3.64557e-07,0.9,0.9993962144420409
306486.0,337,0.123691,0.564701,0.99,10871,10,41,0.00249262,0.000973643,0.9500738545449381,0.9687967469644589
214376.0,500,0.0736007,0.765381,0.99,10000,10,41,0.00459727,0.000337829,0.9321968289827091,0.9816198748644086
557662.0,490,0.0914323,0.794633,0.99,94001,10,40,0.00909403,0.000191924,0.9046373762944832,0.9861463362246661
210137.0,500,0.0781586,0.8,0.989188,164550,12,34,0.00992929,5.7119e-05,0.9003541772074715,0.9924422887062286
216244.0,500,0.0634032,0.782481,0.99,200000,10,45,0.00999395,7.88946e-06,0.900030254576697,0.9971911817431525
200000.0,429,0.137356,0.602548,0.987955,174488,10,44,0.00993643,5.56485e-05,0.9003183567551176,0.9925402077776925
200000.0,429,0.137356,0.67575,0.987955,186646,17,42,0.00997797,2.12399e-05,0.9001102107320272,0.9953913234003675
365330.0,276,0.110358,0.554954,0.989603,10871,10,41,0.00214184,0.00140701,0.9537199827139186,0.9624898680354228
200000.0,500,0.112203,0.737506,0.99,174488,14,44,0.00995729,3.01586e-05,0.9002137785062486,0.9945083153768629
214451.0,500,0.0818941,0.8,0.989541,156278,15,46,0.00987597,9.13702e-05,0.9006220849484152,0.9904412239277196
310223.0,330,0.135505,0.621662,0.99,10871,10,40,0.00299508,0.000848299,0.9452726759287465,0.9708744270442623
503898.0,500,0.073608,0.763884,0.99,34698,11,45,0.00791483,0.000280845,0.9110346696740803,0.9832415692858788
210137.0,500,0.072076,0.8,0.99,194265,19,42,0.00999191,1.00619e-05,0.9000404581843234,0.9968279501895462
666835.0,500,0.0802769,0.8,0.989266,155857,10,24,0.00949713,0.00011834,0.9025467804533889,0.989121580997222
458655.0,500,0.0802769,0.8,0.99,124893,10,21,0.00918369,0.000163779,0.9041684290017116,0.9872023830343302
200000.0,500,0.1329,0.751533,0.986392,198729,23,43,0.00999885,2.57523e-06,0.900005750165322,0.9983952476826625
524606.0,467,0.0802769,0.771917,0.99,124893,10,21,0.00911503,0.000183845,0.904527333754629,0.986441054613282
365330.0,337,0.110358,0.594751,0.99,10871,10,41,0.00334203,0.000744609,0.9421897067988754,0.9727124753779314
227400.0,500,0.072829,0.8,0.978039,175770,21,46,0.00992541,7.64351e-05,0.90037364806438,0.9912572830310024
200000.0,402,0.162736,0.510107,0.99,10000,15,42,0.00143357,0.00267953,0.962137485556292,0.948235823197891
557662.0,490,0.0914323,0.796942,0.99,94001,10,42,0.00909889,0.000191182,0.9046118980165765,0.9861731420778255
687741.0,500,0.0565483,0.78257,0.99,124893,10,28,0.00929224,0.000127582,0.903603734512171,0.9887047797719566
503898.0,500,0.0783636,0.779575,0.99,86033,10,39,0.00883987,0.000197072,0.9059794171470948,0.9859617664928952
200000.0,467,0.0604985,0.713142,0.99,200000,21,42,0.0100001,3.66663e-07,0.89999950000125,0.9993944729568385
242132.0,305,0.0994961,0.576721,0.890937,10136,17,41,0.00144182,0.00552716,0.9620286950448105,0.9256551279508801
217252.0,402,0.261212,0.476606,0.99,10000,19,37,0.00145041,0.00366134,0.9619157512874417,0.9394909924060888
217252.0,402,0.093581,0.569112,0.99,10336,16,37,0.00237814,0.00247058,0.9512338231968098,0.9502950706669852
272952.0,405,0.135505,0.621662,0.963193,10000,10,39,0.00348727,0.000893636,0.9409468883122998,0.970106254834832
316031.0,369,0.103662,0.54293,0.99,10000,13,45,0.00262892,0.00165165,0.9487270051586607,0.9593595029557954
306486.0,337,0.0836168,0.565776,0.99,10871,10,41,0.00274208,0.00122643,0.9476351262772458,0.9649795773869018
557662.0,497,0.0386759,0.745613,0.959564,38047,10,42,0.00822883,0.000315473,0.9092871012479482,0.9822384403837952
446747.0,500,0.0802769,0.789239,0.99,10278,13,33,0.00678196,0.000355542,0.9176473436979717,0.9811441786177318
217252.0,402,0.261212,0.489695,0.99,10000,17,35,0.00162714,0.00322014,0.9596621765584706,0.9432537225890544
469888.0,418,0.0905189,0.584976,0.99,10000,10,29,0.00523308,0.000422739,0.9276599695880627,0.9794393823049987
637638.0,370,0.0614462,0.738268,0.99,10000,12,41,0.00631921,0.000366624,0.9205065411496015,0.9808525719742833
408934.0,419,0.0983261,0.584976,0.930845,10049,10,35,0.0044563,0.000809037,0.9332444758840139,0.9715564242754186
316031.0,291,0.103662,0.54293,0.99,10000,13,41,0.00168972,0.00276193,0.9588937960886681,0.9474459326026995
316031.0,405,0.146524,0.621662,0.99,10871,10,41,0.00452684,0.000730639,0.9327182045423875,0.972969665188903
590954.0,337,0.0836168,0.565776,0.986028,10871,10,41,0.00488747,0.000534862,0.9300895572893434,0.9768729163100922
232958.0,376,0.165542,0.572908,0.99,10000,19,39,0.00194897,0.0027502,0.9558528596622613,0.9475576507009841
640049.0,500,0.0692294,0.785012,0.950341,56396,11,32,0.00863746,0.000290954,0.9070620637199212,0.9829426262279329
477957.0,414,0.0676249,0.587085,0.968022,10000,10,45,0.00497972,0.000473797,0.9294328688410816,0.9782331214915873
200000.0,483,0.137356,0.602548,0.985574,158858,12,42,0.00985201,0.000116762,0.900742708076434,0.9891943533280049
747051.0,500,0.0794177,0.8,0.989266,142831,10,35,0.00951885,0.000119175,0.9024354060122218,0.9890832697202872
232958.0,376,0.165542,0.572908,0.99,10000,19,39,0.00194897,0.0027502,0.9558528596622613,0.9475576507009841
557662.0,490,0.0914323,0.760644,0.99,94001,10,40,0.00901903,0.000203411,0.9050314262505749,0.9857377771718431
557949.0,478,0.0802769,0.8,0.99,140502,20,18,0.00923746,0.000201448,0.9038882941572672,0.9858067621734856
533885.0,500,0.0802769,0.8,0.99,124893,10,21,0.00923577,0.00015033,0.9038970864125337,0.9877390864940658
210137.0,500,0.0604985,0.8,0.985574,156278,12,48,0.00992059,7.9934e-05,0.9003978413888534,0.9910594183634397
206600.0,500,0.1329,0.722947,0.985574,156278,24,48,0.0098117,0.000114862,0.9009459743372336,0.9892826309198572
200000.0,500,0.1329,0.722947,0.985574,174488,24,46,0.0099413,4.38322e-05,0.9002939319800445,0.9933794109023442
666835.0,500,0.0802769,0.8,0.989266,142831,10,30,0.00945259,0.000125896,0.9027755689139813,0.9887796613241846
656271.0,500,0.0692294,0.787945,0.986584,68839,11,32,0.00888157,0.000194192,0.9057579181044901,0.9860647210289855
210137.0,500,0.0604985,0.8,0.99,186190,24,41,0.00998579,1.87696e-05,0.9000710752584619,0.9956676103591666
200000.0,500,0.112203,0.737506,0.985574,174488,21,44,0.00995504,3.55953e-05,0.900225053244815,0.9940338203178248
205799.0,500,0.1329,0.653349,0.985574,168915,24,48,0.00989362,8.29894e-05,0.9005333221626458,0.9908901481900088
200000.0,500,0.1329,0.722947,0.986392,174488,24,39,0.00994133,4.25123e-05,0.9002937815379602,0.9934798542961065
503898.0,500,0.0783636,0.697653,0.99,86033,10,39,0.00867214,0.000243687,0.906875674499087,0.9843895227491277
365330.0,337,0.110358,0.554954,0.99,10871,10,41,0.00298496,0.000859506,0.9453652125473156,0.9706826672427384
200000.0,500,0.0604985,0.794166,0.99,200000,21,42,0.01,5.89398e-07,0.9,0.9992322773938459
217252.0,367,0.261212,0.476606,0.99,10000,23,40,0.00103991,0.00470427,0.96775236442776,0.931412318890343
494341.0,500,0.0802769,0.743779,0.99,124893,10,31,0.00912879,0.000180152,0.9044552984200589,0.9865779286248358
226983.0,500,0.0919963,0.8,0.985574,184083,12,50,0.00993709,4.60395e-05,0.9003150462707636,0.9932147586630983
272952.0,405,0.135505,0.621662,0.99,10871,10,39,0.00373279,0.000693956,0.9389034370852173,0.9736569553771778
210137.0,500,0.072076,0.8,0.99,200000,21,42,0.00999629,4.34792e-06,0.9000185517208317,0.9979148333399941
503898.0,500,0.0783636,0.764892,0.99,86033,11,45,0.00878162,0.000225762,0.9062897017398834,0.9849746214689945
200000.0,500,0.0604985,0.794166,0.99,200000,10,43,0.01,3.64557e-07,0.9,0.9993962144420409
306486.0,337,0.123691,0.564701,0.99,10871,10,41,0.00249262,0.000973643,0.9500738545449381,0.9687967469644589
214376.0,500,0.0736007,0.765381,0.99,10000,10,41,0.00459727,0.000337829,0.9321968289827091,0.9816198748644086
216244.0,500,0.0634032,0.782481,0.99,200000,10,45,0.00999395,7.88946e-06,0.900030254576697,0.9971911817431525
200000.0,500,0.112203,0.737506,0.99,174488,14,44,0.00995729,3.01586e-05,0.9002137785062486,0.9945083153768629
214451.0,500,0.0818941,0.8,0.989541,156278,15,46,0.00987597,9.13702e-05,0.9006220849484152,0.9904412239277196
310223.0,330,0.135505,0.621662,0.99,10871,10,40,0.00299508,0.000848299,0.9452726759287465,0.9708744270442623
210137.0,500,0.072076,0.8,0.99,194265,19,42,0.00999191,1.00619e-05,0.9000404581843234,0.9968279501895462
666835.0,500,0.0802769,0.8,0.989266,155857,10,24,0.00949713,0.00011834,0.9025467804533889,0.989121580997222
200000.0,500,0.1329,0.751533,0.986392,198729,23,43,0.00999885,2.57523e-06,0.900005750165322,0.9983952476826625
524606.0,467,0.0802769,0.771917,0.99,124893,10,21,0.00911503,0.000183845,0.904527333754629,0.986441054613282
200000.0,402,0.162736,0.510107,0.99,10000,15,42,0.00143357,0.00267953,0.962137485556292,0.948235823197891
687741.0,500,0.0565483,0.78257,0.99,124893,10,28,0.00929224,0.000127582,0.903603734512171,0.9887047797719566
503898.0,500,0.0783636,0.779575,0.99,86033,10,39,0.00883987,0.000197072,0.9059794171470948,0.9859617664928952
373470.0,455,0.0676249,0.8,0.985129,10000,10,45,0.00599075,0.000253984,0.9226000645995102,0.98406312452204
505060.0,500,0.0783636,0.697653,0.99,86033,10,39,0.00867357,0.000243139,0.906867996907615,0.9844070849421925
272952.0,405,0.135505,0.621662,0.99,10871,10,39,0.00373279,0.000693956,0.9389034370852173,0.9736569553771778
238829.0,330,0.135505,0.621662,0.99,10871,10,40,0.00212753,0.00106184,0.9538748441737049,0.967414113484516
503898.0,500,0.0783636,0.8,0.99,86033,10,42,0.00888191,0.000188714,0.9057561142566798,0.9862626785725892
205799.0,500,0.1329,0.653349,0.985574,182852,24,35,0.00995365,4.01538e-05,0.9002320191644634,0.993663297387442
200000.0,500,0.112203,0.737506,0.99,148339,14,44,0.00982939,0.000104427,0.9008567198444595,0.9897810470203645
200000.0,494,0.0604985,0.794166,0.982842,200000,21,42,0.01,1.08098e-06,0.9,0.9989602981196516
217252.0,398,0.202211,0.476606,0.99,10000,23,40,0.00125116,0.0039837,0.9646282598675157,0.9368834411584408
687741.0,500,0.0565483,0.724637,0.99,114967,10,28,0.00917407,0.000155925,0.9042186343801677,0.9875130067670396
243873.0,405,0.135505,0.620748,0.99,10871,10,39,0.0032595,0.000718592,0.9429079690324472,0.973193433640244
200000.0,500,0.102711,0.67575,0.987955,186646,17,42,0.00998729,1.14622e-05,0.9000635702058554,0.9966144129017259
666835.0,500,0.0802769,0.8,0.99,142831,10,16,0.00945377,0.000124677,0.9027695006698001,0.9888341144551809
217252.0,355,0.144602,0.557274,0.99,10000,12,36,0.001547,0.00191319,0.9606680791214057,0.9562599725651664
200000.0,428,0.137356,0.644686,0.987955,186646,17,39,0.00997753,2.1076e-05,0.9001124131836192,0.9954091395142087
200000.0,500,0.1329,0.751811,0.986392,169943,24,42,0.00992277,5.0227e-05,0.9003868984520611,0.9929128990412158
242132.0,305,0.0994961,0.576721,0.890937,10136,17,41,0.00144182,0.00552716,0.9620286950448105,0.9256551279508801
200000.0,467,0.0604985,0.713142,0.99,200000,21,42,0.0100001,3.66663e-07,0.89999950000125,0.9993944729568385
217252.0,402,0.261212,0.476606,0.99,10000,19,37,0.00145041,0.00366134,0.9619157512874417,0.9394909924060888
217252.0,402,0.162736,0.514511,0.99,10000,15,42,0.00164237,0.00246681,0.9594738356120395,0.9503330089496052
365330.0,276,0.110358,0.554954,0.989603,10871,10,41,0.00214184,0.00140701,0.9537199827139186,0.9624898680354228
365330.0,337,0.110358,0.594751,0.99,10871,10,41,0.00334203,0.000744609,0.9421897067988754,0.9727124753779314
217252.0,402,0.261212,0.489695,0.99,10000,17,35,0.00162714,0.00322014,0.9596621765584706,0.9432537225890544
316031.0,405,0.146524,0.621662,0.99,10871,10,41,0.00452684,0.000730639,0.9327182045423875,0.972969665188903
637638.0,370,0.0614462,0.738268,0.99,10000,12,41,0.00631921,0.000366624,0.9205065411496015,0.9808525719742833
469888.0,418,0.0905189,0.584976,0.99,10000,10,29,0.00523308,0.000422739,0.9276599695880627,0.9794393823049987
446747.0,500,0.0802769,0.789239,0.99,10278,13,33,0.00678196,0.000355542,0.9176473436979717,0.9811441786177318
333733.0,276,0.127105,0.659758,0.989603,10871,10,41,0.00259884,0.000990383,0.9490211808689138,0.9685296488739004
455896.0,500,0.073608,0.765122,0.99,34698,11,49,0.00772601,0.000303514,0.9121022753423048,0.9825783468063447
306486.0,337,0.110358,0.558376,0.99,10871,10,41,0.00247927,0.00106334,0.9502077315238601,0.9673911055078526
503898.0,500,0.073608,0.763884,0.99,34698,11,45,0.00791483,0.000280845,0.9110346696740803,0.9832415692858788
590954.0,337,0.0836168,0.565776,0.986028,10871,10,41,0.00488747,0.000534862,0.9300895572893434,0.9768729163100922
557662.0,497,0.0218043,0.796759,0.99,33147,10,40,0.00856025,0.000280025,0.9074783809047853,0.9832660524681114
477957.0,414,0.0676249,0.587085,0.968022,10000,10,45,0.00497972,0.000473797,0.9294328688410816,0.9782331214915873
747051.0,500,0.0794177,0.8,0.989266,142831,10,35,0.00951885,0.000119175,0.9024354060122218,0.9890832697202872
200000.0,483,0.137356,0.602548,0.985574,158858,12,42,0.00985201,0.000116762,0.900742708076434,0.9891943533280049
692654.0,500,0.0802769,0.8,0.989266,143780,13,27,0.00943624,0.000148106,0.9028596891090007,0.9878301191460228
656793.0,500,0.0792482,0.8,0.989266,97088,10,35,0.00922794,0.000156648,0.903937832629073,0.987484090124965
503898.0,486,0.0783636,0.697653,0.99,86033,10,39,0.00863556,0.000259305,0.9070722861574654,0.9838970499597124
503898.0,500,0.0968281,0.697653,0.99,86033,10,40,0.00874431,0.000250512,0.9064889846060904,0.9841724291187813
556500.0,490,0.0914323,0.8,0.99,66928,10,40,0.00887497,0.000220303,0.9057929408165184,0.9851573924123825
656271.0,500,0.0692294,0.787945,0.960592,68839,11,43,0.00882988,0.000247899,0.9060325588301991,0.9842551913317437
557662.0,483,0.0914323,0.794633,0.99,82513,10,36,0.00897939,0.000208145,0.905240356691258,0.9855727688034052
265044.0,500,0.0465554,0.8,0.99,174488,14,35,0.00989704,0.000104727,0.9005161319610059,0.9897663789399841
666835.0,500,0.0802769,0.8,0.989266,143780,10,24,0.00945593,0.000125339,0.9027583936784259,0.9888045098365458
557662.0,490,0.0914323,0.8,0.99,94001,10,41,0.00910526,0.000190247,0.9045785139499494,0.9862069945262101
458655.0,500,0.0802769,0.8,0.988938,124893,10,21,0.00918197,0.000165985,0.9041774035000094,0.9871164833993199
533885.0,500,0.0802769,0.8,0.99,124893,10,21,0.00923577,0.00015033,0.9038970864125337,0.9877390864940658
200000.0,500,0.1329,0.722947,0.985574,174488,24,46,0.0099413,4.38322e-05,0.9002939319800445,0.9933794109023442
666835.0,500,0.0802769,0.8,0.989266,142831,10,30,0.00945259,0.000125896,0.9027755689139813,0.9887796613241846
656271.0,500,0.0692294,0.787945,0.986584,68839,11,32,0.00888157,0.000194192,0.9057579181044901,0.9860647210289855
210137.0,500,0.0604985,0.8,0.99,186190,24,41,0.00998579,1.87696e-05,0.9000710752584619,0.9956676103591666
200000.0,500,0.1329,0.722947,0.986392,174488,24,39,0.00994133,4.25123e-05,0.9002937815379602,0.9934798542961065
503898.0,500,0.0783636,0.697653,0.99,86033,10,39,0.00867214,0.000243687,0.906875674499087,0.9843895227491277
365330.0,337,0.110358,0.554954,0.99,10871,10,41,0.00298496,0.000859506,0.9453652125473156,0.9706826672427384
200000.0,500,0.0604985,0.794166,0.99,200000,21,42,0.01,5.89398e-07,0.9,0.9992322773938459
217252.0,367,0.261212,0.476606,0.99,10000,23,40,0.00103991,0.00470427,0.96775236442776,0.931412318890343
494341.0,500,0.0802769,0.743779,0.99,124893,10,31,0.00912879,0.000180152,0.9044552984200589,0.9865779286248358
226983.0,500,0.0919963,0.8,0.985574,184083,12,50,0.00993709,4.60395e-05,0.9003150462707636,0.9932147586630983
272952.0,405,0.135505,0.621662,0.99,10871,10,39,0.00373279,0.000693956,0.9389034370852173,0.9736569553771778
210137.0,500,0.072076,0.8,0.99,200000,21,42,0.00999629,4.34792e-06,0.9000185517208317,0.9979148333399941
503898.0,500,0.0783636,0.764892,0.99,86033,11,45,0.00878162,0.000225762,0.9062897017398834,0.9849746214689945
200000.0,500,0.0604985,0.794166,0.99,200000,10,43,0.01,3.64557e-07,0.9,0.9993962144420409
306486.0,337,0.123691,0.564701,0.99,10871,10,41,0.00249262,0.000973643,0.9500738545449381,0.9687967469644589
214376.0,500,0.0736007,0.765381,0.99,10000,10,41,0.00459727,0.000337829,0.9321968289827091,0.9816198748644086
216244.0,500,0.0634032,0.782481,0.99,200000,10,45,0.00999395,7.88946e-06,0.900030254576697,0.9971911817431525
310223.0,330,0.135505,0.621662,0.99,10871,10,40,0.00299508,0.000848299,0.9452726759287465,0.9708744270442623
210137.0,500,0.072076,0.8,0.99,194265,19,42,0.00999191,1.00619e-05,0.9000404581843234,0.9968279501895462
666835.0,500,0.0802769,0.8,0.989266,155857,10,24,0.00949713,0.00011834,0.9025467804533889,0.989121580997222
200000.0,500,0.1329,0.751533,0.986392,198729,23,43,0.00999885,2.57523e-06,0.900005750165322,0.9983952476826625
524606.0,467,0.0802769,0.771917,0.99,124893,10,21,0.00911503,0.000183845,0.904527333754629,0.986441054613282
503898.0,500,0.0783636,0.779575,0.99,86033,10,39,0.00883987,0.000197072,0.9059794171470948,0.9859617664928952
373470.0,455,0.0676249,0.8,0.985129,10000,10,45,0.00599075,0.000253984,0.9226000645995102,0.98406312452204
505060.0,500,0.0783636,0.697653,0.99,86033,10,39,0.00867357,0.000243139,0.906867996907615,0.9844070849421925
272952.0,405,0.135505,0.621662,0.99,10871,10,39,0.00373279,0.000693956,0.9389034370852173,0.9736569553771778
503898.0,500,0.0783636,0.8,0.99,86033,10,42,0.00888191,0.000188714,0.9057561142566798,0.9862626785725892
200000.0,494,0.0604985,0.794166,0.982842,200000,21,42,0.01,1.08098e-06,0.9,0.9989602981196516
217252.0,398,0.202211,0.476606,0.99,10000,23,40,0.00125116,0.0039837,0.9646282598675157,0.9368834411584408
687741.0,500,0.0565483,0.724637,0.99,114967,10,28,0.00917407,0.000155925,0.9042186343801677,0.9875130067670396
243873.0,405,0.135505,0.620748,0.99,10871,10,39,0.0032595,0.000718592,0.9429079690324472,0.973193433640244
200000.0,500,0.102711,0.67575,0.987955,186646,17,42,0.00998729,1.14622e-05,0.9000635702058554,0.9966144129017259
666835.0,500,0.0802769,0.8,0.99,142831,10,16,0.00945377,0.000124677,0.9027695006698001,0.9888341144551809
200000.0,428,0.137356,0.644686,0.987955,186646,17,39,0.00997753,2.1076e-05,0.9001124131836192,0.9954091395142087
200000.0,500,0.1329,0.751811,0.986392,169943,24,42,0.00992277,5.0227e-05,0.9003868984520611,0.9929128990412158
373470.0,438,0.0676249,0.8,0.99,10000,10,43,0.00583915,0.000254316,0.9235856688833829,0.9840527118292796
687741.0,500,0.0565483,0.796876,0.99,114967,10,25,0.00925123,0.000127494,0.9038166854386895,0.9887086758969552
272952.0,405,0.135505,0.675422,0.99,10000,10,36,0.00421409,0.000638105,0.9350839773245464,0.9747392597099769
272952.0,420,0.117791,0.690621,0.99,10871,10,39,0.00439039,0.000533985,0.9337399818895286,0.9768918845424384
237201.0,355,0.144602,0.569619,0.99,10000,10,36,0.00193669,0.0010292,0.9559921597894193,0.9679188528883396
200000.0,500,0.1329,0.750188,0.986392,159748,13,42,0.00987074,7.29101e-05,0.9006484021265888,0.9914612588749863
637638.0,370,0.0614462,0.738268,0.99,10000,10,40,0.00655279,0.000246732,0.919050694876361,0.9842922948843569
200000.0,500,0.0604985,0.794166,0.99,200000,10,43,0.01,3.64557e-07,0.9,0.9993962144420409
503898.0,500,0.0783636,0.764892,0.99,86033,11,45,0.00878162,0.000225762,0.9062897017398834,0.9849746214689945
221255.0,398,0.202211,0.457326,0.99,10000,11,40,0.00131975,0.00171232,0.9636716364255146,0.9586198115035709
200000.0,487,0.193701,0.658917,0.99,183780,16,39,0.00994658,2.65399e-05,0.900267457668021,0.9948483109565891
373470.0,455,0.0676249,0.733552,0.99,10000,10,45,0.00560884,0.000271435,0.9251078108211543,0.9835247154804537
214451.0,500,0.11602,0.798043,0.989541,156278,13,50,0.00981646,8.8929e-05,0.9009219499586311,0.9905697826112013
214376.0,500,0.0774875,0.8,0.99,10000,10,45,0.00480347,0.000303127,0.9306929296536061,0.9825894572169619
200000.0,355,0.144602,0.557274,0.99,10000,23,36,0.00129509,0.00395188,0.9640126411083003,0.9371360198523828
232761.0,283,0.128655,0.640348,0.99,10871,10,40,0.00160817,0.00152584,0.9598980050371556,0.9609379980031745
533885.0,449,0.0802769,0.8,0.99,124893,10,21,0.0091183,0.000182942,0.9045102099698612,0.9864743946531033
272952.0,405,0.135505,0.621662,0.99,10871,10,39,0.00373279,0.000693956,0.9389034370852173,0.9736569553771778
214376.0,500,0.0736007,0.8,0.99,10000,10,30,0.00478951,0.000305316,0.9307937141583222,0.982526706091867
200000.0,500,0.0604985,0.794166,0.99,200000,10,43,0.01,3.64557e-07,0.9,0.9993962144420409
210137.0,500,0.0715078,0.8,0.99,200000,18,42,0.00999635,3.36661e-06,0.9000182516656166,0.9981651675825842
214451.0,500,0.121727,0.8,0.989541,156278,16,46,0.00980318,9.40647e-05,0.9009889905111558,0.9903013042113901
200000.0,337,0.123691,0.564701,0.98852,10871,18,41,0.00137466,0.00394715,0.9629235924070306,0.9371736520240115
200000.0,467,0.0604985,0.713142,0.99,200000,21,42,0.0100001,3.66663e-07,0.89999950000125,0.9993944729568385
200000.0,355,0.144602,0.557274,0.99,10000,12,36,0.00138187,0.00207383,0.9628264879248678,0.9544606763335247
373470.0,477,0.0724666,0.730419,0.988385,10000,10,43,0.00586483,0.000270541,0.9234178219165843,0.9835518694071332
217252.0,355,0.144602,0.557274,0.99,10000,12,36,0.001547,0.00191319,0.9606680791214057,0.9562599725651664
581470.0,500,0.0692294,0.673985,0.986584,68839,10,30,0.00850528,0.000253261,0.9077759250520776,0.9840858239295903
249024.0,354,0.123691,0.564701,0.99,10000,10,43,0.00201,0.00106673,0.9551669764570803,0.967339167187593
316031.0,405,0.146524,0.621662,0.99,10871,10,41,0.00452684,0.000730639,0.9327182045423875,0.972969665188903
300363.0,498,0.0783636,0.650568,0.99,10000,10,39,0.00481237,0.000339636,0.9306287523537309,0.9815707840644264
333733.0,276,0.127105,0.659758,0.989603,10871,10,41,0.00259884,0.000990383,0.9490211808689138,0.9685296488739004
365330.0,337,0.110358,0.594751,0.99,10871,10,41,0.00334203,0.000744609,0.9421897067988754,0.9727124753779314
306486.0,337,0.123691,0.631149,0.99,13126,10,45,0.00328361,0.000856968,0.9426972077469169,0.9707259842180818
238829.0,330,0.135505,0.621662,0.99,10871,10,40,0.00212753,0.00106184,0.9538748441737049,0.967414113484516
747051.0,500,0.0794177,0.8,0.989266,142831,10,35,0.00951885,0.000119175,0.9024354060122218,0.9890832697202872
206600.0,500,0.1329,0.722947,0.985574,156278,24,48,0.0098117,0.000114862,0.9009459743372336,0.9892826309198572
557662.0,483,0.0914323,0.794633,0.99,82513,10,36,0.00897939,0.000208145,0.905240356691258,0.9855727688034052
503898.0,500,0.0968281,0.697653,0.99,86033,10,40,0.00874431,0.000250512,0.9064889846060904,0.9841724291187813
687741.0,500,0.0565483,0.78257,0.99,124893,10,28,0.00929224,0.000127582,0.903603734512171,0.9887047797719566
474525.0,500,0.0744768,0.764892,0.99,74288,11,45,0.0085822,0.000253078,0.9073598359241521,0.9840915745593727
666835.0,500,0.0802769,0.8,0.989266,143780,10,24,0.00945593,0.000125339,0.9027583936784259,0.9888045098365458
556500.0,490,0.0914323,0.8,0.99,66928,10,40,0.00887497,0.000220303,0.9057929408165184,0.9851573924123825
533885.0,500,0.0802769,0.8,0.99,124893,10,21,0.00923577,0.00015033,0.9038970864125337,0.9877390864940658
200000.0,500,0.1329,0.722947,0.985574,174488,24,46,0.0099413,4.38322e-05,0.9002939319800445,0.9933794109023442
666835.0,500,0.0802769,0.8,0.989266,142831,10,30,0.00945259,0.000125896,0.9027755689139813,0.9887796613241846
656271.0,500,0.0692294,0.787945,0.986584,68839,11,32,0.00888157,0.000194192,0.9057579181044901,0.9860647210289855
210137.0,500,0.0604985,0.8,0.99,186190,24,41,0.00998579,1.87696e-05,0.9000710752584619,0.9956676103591666
200000.0,500,0.1329,0.722947,0.986392,174488,24,39,0.00994133,4.25123e-05,0.9002937815379602,0.9934798542961065
503898.0,500,0.0783636,0.697653,0.99,86033,10,39,0.00867214,0.000243687,0.906875674499087,0.9843895227491277
365330.0,337,0.110358,0.554954,0.99,10871,10,41,0.00298496,0.000859506,0.9453652125473156,0.9706826672427384
494341.0,500,0.0802769,0.743779,0.99,124893,10,31,0.00912879,0.000180152,0.9044552984200589,0.9865779286248358
226983.0,500,0.0919963,0.8,0.985574,184083,12,50,0.00993709,4.60395e-05,0.9003150462707636,0.9932147586630983
210137.0,500,0.072076,0.8,0.99,200000,21,42,0.00999629,4.34792e-06,0.9000185517208317,0.9979148333399941
503898.0,500,0.0783636,0.764892,0.99,86033,11,45,0.00878162,0.000225762,0.9062897017398834,0.9849746214689945
214376.0,500,0.0736007,0.765381,0.99,10000,10,41,0.00459727,0.000337829,0.9321968289827091,0.9816198748644086
310223.0,330,0.135505,0.621662,0.99,10871,10,40,0.00299508,0.000848299,0.9452726759287465,0.9708744270442623
210137.0,500,0.072076,0.8,0.99,194265,19,42,0.00999191,1.00619e-05,0.9000404581843234,0.9968279501895462
666835.0,500,0.0802769,0.8,0.989266,155857,10,24,0.00949713,0.00011834,0.9025467804533889,0.989121580997222
524606.0,467,0.0802769,0.771917,0.99,124893,10,21,0.00911503,0.000183845,0.904527333754629,0.986441054613282
503898.0,500,0.0783636,0.779575,0.99,86033,10,39,0.00883987,0.000197072,0.9059794171470948,0.9859617664928952
373470.0,455,0.0676249,0.8,0.985129,10000,10,45,0.00599075,0.000253984,0.9226000645995102,0.98406312452204
505060.0,500,0.0783636,0.697653,0.99,86033,10,39,0.00867357,0.000243139,0.906867996907615,0.9844070849421925
503898.0,500,0.0783636,0.8,0.99,86033,10,42,0.00888191,0.000188714,0.9057561142566798,0.9862626785725892
217252.0,398,0.202211,0.476606,0.99,10000,23,40,0.00125116,0.0039837,0.9646282598675157,0.9368834411584408
687741.0,500,0.0565483,0.724637,0.99,114967,10,28,0.00917407,0.000155925,0.9042186343801677,0.9875130067670396
243873.0,405,0.135505,0.620748,0.99,10871,10,39,0.0032595,0.000718592,0.9429079690324472,0.973193433640244
200000.0,500,0.102711,0.67575,0.987955,186646,17,42,0.00998729,1.14622e-05,0.9000635702058554,0.9966144129017259
666835.0,500,0.0802769,0.8,0.99,142831,10,16,0.00945377,0.000124677,0.9027695006698001,0.9888341144551809
200000.0,500,0.1329,0.751811,0.986392,169943,24,42,0.00992277,5.0227e-05,0.9003868984520611,0.9929128990412158
373470.0,438,0.0676249,0.8,0.99,10000,10,43,0.00583915,0.000254316,0.9235856688833829,0.9840527118292796
687741.0,500,0.0565483,0.796876,0.99,114967,10,25,0.00925123,0.000127494,0.9038166854386895,0.9887086758969552
272952.0,405,0.135505,0.675422,0.99,10000,10,36,0.00421409,0.000638105,0.9350839773245464,0.9747392597099769
272952.0,420,0.117791,0.690621,0.99,10871,10,39,0.00439039,0.000533985,0.9337399818895286,0.9768918845424384
237201.0,355,0.144602,0.569619,0.99,10000,10,36,0.00193669,0.0010292,0.9559921597894193,0.9679188528883396
200000.0,500,0.1329,0.750188,0.986392,159748,13,42,0.00987074,7.29101e-05,0.9006484021265888,0.9914612588749863
637638.0,370,0.0614462,0.738268,0.99,10000,10,40,0.00655279,0.000246732,0.919050694876361,0.9842922948843569
503898.0,500,0.0783636,0.764892,0.99,86033,11,45,0.00878162,0.000225762,0.9062897017398834,0.9849746214689945
221255.0,398,0.202211,0.457326,0.99,10000,11,40,0.00131975,0.00171232,0.9636716364255146,0.9586198115035709
200000.0,487,0.193701,0.658917,0.99,183780,16,39,0.00994658,2.65399e-05,0.900267457668021,0.9948483109565891
373470.0,455,0.0676249,0.733552,0.99,10000,10,45,0.00560884,0.000271435,0.9251078108211543,0.9835247154804537
214451.0,500,0.11602,0.798043,0.989541,156278,13,50,0.00981646,8.8929e-05,0.9009219499586311,0.9905697826112013
214376.0,500,0.0774875,0.8,0.99,10000,10,45,0.00480347,0.000303127,0.9306929296536061,0.9825894572169619
200000.0,355,0.144602,0.557274,0.99,10000,23,36,0.00129509,0.00395188,0.9640126411083003,0.9371360198523828
232761.0,283,0.128655,0.640348,0.99,10871,10,40,0.00160817,0.00152584,0.9598980050371556,0.9609379980031745
533885.0,449,0.0802769,0.8,0.99,124893,10,21,0.0091183,0.000182942,0.9045102099698612,0.9864743946531033
214376.0,500,0.0736007,0.8,0.99,10000,10,30,0.00478951,0.000305316,0.9307937141583222,0.982526706091867
210137.0,500,0.0715078,0.8,0.99,200000,18,42,0.00999635,3.36661e-06,0.9000182516656166,0.9981651675825842
214451.0,500,0.121727,0.8,0.989541,156278,16,46,0.00980318,9.40647e-05,0.9009889905111558,0.9903013042113901
222544.0,500,0.111678,0.674764,0.99,200000,10,45,0.00997412,1.95307e-05,0.9001294838303115,0.9955806448434189
200000.0,500,0.1329,0.750188,0.986392,159748,13,42,0.00987074,7.29101e-05,0.9006484021265888,0.9914612588749863
200000.0,500,0.0774875,0.8,0.99,10000,10,45,0.0046238,0.000323521,0.9320014706041373,0.982013310476911
365330.0,337,0.110358,0.554954,0.99,10871,10,41,0.00298496,0.000859506,0.9453652125473156,0.9706826672427384
200000.0,500,0.102711,0.67575,0.987955,189764,20,42,0.00999163,1.10216e-05,0.9000418587607792,0.9966801204841139
210137.0,500,0.0715078,0.8,0.99,200000,18,42,0.00999635,3.36661e-06,0.9000182516656166,0.9981651675825842
216244.0,500,0.0634032,0.78641,0.99,200000,10,45,0.00999374,7.74042e-06,0.9000313048999838,0.9972178389694341
200000.0,500,0.0487393,0.794166,0.99,200000,10,39,0.01,2.36593e-07,0.9,0.9995135917352675
200000.0,500,0.0536694,0.677912,0.99,196456,10,43,0.00999959,1.07998e-06,0.900002050021013,0.9989607791380077
200000.0,323,0.144602,0.557274,0.99,10000,20,36,0.000970499,0.00445467,0.9688471670630101,0.9332566857280821
637638.0,370,0.0614462,0.734124,0.99,10000,10,41,0.00652939,0.000248494,0.9191953590441737,0.9842363075391583
228381.0,500,0.133378,0.751533,0.986392,198729,23,42,0.0099436,3.50912e-05,0.9002823987452566,0.9940762174246517
210137.0,500,0.0715078,0.776198,0.99,200000,20,42,0.00999635,1.82657e-06,0.9000182516656166,0.9986484934332382
200000.0,500,0.1329,0.750632,0.986392,174488,24,39,0.00994169,3.90934e-05,0.9002919762506547,0.9937475284886694
210137.0,500,0.072076,0.8,0.99,200000,19,42,0.0099963,3.8969e-06,0.9000185017115666,0.9980259432632267
232761.0,283,0.128655,0.640348,0.989408,10871,10,39,0.00160753,0.00153425,0.959905985484115,0.9608304965566322
310223.0,330,0.135505,0.621662,0.99,10871,10,42,0.00299511,0.000848275,0.9452724018433113,0.9708748390562387
200080.0,265,0.144602,0.666832,0.99,10000,23,42,0.000919478,0.00489688,0.9696771043599065,0.9300222892629374
201956.0,452,0.121461,0.631149,0.99,13126,10,33,0.00347096,0.000683874,0.9410851461853634,0.9738490153149064
270318.0,500,0.0826732,0.769663,0.99,10000,10,41,0.00539251,0.000292495,0.9265662883955876,0.9828975148004742
503898.0,500,0.0783636,0.697653,0.99,86033,10,42,0.00867213,0.000243703,0.9068757281907665,0.9843890102812154
241835.0,349,0.135505,0.620748,0.99,10210,10,32,0.00233297,0.000900718,0.9516991718497498,0.969988035719067
214451.0,500,0.121727,0.792854,0.989541,156278,16,47,0.00980282,9.51301e-05,0.9009908085074926,0.9902465339494106
200000.0,494,0.0604985,0.794166,0.99,200000,10,43,0.01,3.64201e-07,0.9,0.9993965093207017
217252.0,367,0.261212,0.476606,0.99,10000,23,40,0.00103991,0.00470427,0.96775236442776,0.931412318890343
200000.0,337,0.123691,0.564701,0.98852,10871,18,41,0.00137466,0.00394715,0.9629235924070306,0.9371736520240115
200000.0,355,0.144602,0.557274,0.99,10000,12,36,0.00138187,0.00207383,0.9628264879248678,0.9544606763335247
637638.0,500,0.0614462,0.738268,0.948559,10000,10,40,0.00752221,0.000252475,0.9132693249190346,0.9841105380833711
373470.0,477,0.0724666,0.730419,0.988385,10000,10,43,0.00586483,0.000270541,0.9234178219165843,0.9835518694071332
217252.0,355,0.144602,0.557274,0.99,10000,12,36,0.001547,0.00191319,0.9606680791214057,0.9562599725651664
249024.0,354,0.123691,0.564701,0.99,10000,10,43,0.00201,0.00106673,0.9551669764570803,0.967339167187593
214376.0,500,0.0809682,0.8,0.917704,10000,10,30,0.00464691,0.000636329,0.9318317522595747,0.9747744375682127
306486.0,337,0.123691,0.564701,0.99,10871,10,41,0.00249262,0.000973643,0.9500738545449381,0.9687967469644589
503898.0,500,0.0968281,0.697653,0.99,86033,10,40,0.00874431,0.000250512,0.9064889846060904,0.9841724291187813
200000.0,500,0.1329,0.722947,0.985574,174488,24,46,0.0099413,4.38322e-05,0.9002939319800445,0.9933794109023442
666835.0,500,0.0802769,0.8,0.989266,142831,10,30,0.00945259,0.000125896,0.9027755689139813,0.9887796613241846
210137.0,500,0.0604985,0.8,0.99,186190,24,41,0.00998579,1.87696e-05,0.9000710752584619,0.9956676103591666
200000.0,500,0.1329,0.722947,0.986392,174488,24,39,0.00994133,4.25123e-05,0.9002937815379602,0.9934798542961065
226983.0,500,0.0919963,0.8,0.985574,184083,12,50,0.00993709,4.60395e-05,0.9003150462707636,0.9932147586630983
210137.0,500,0.072076,0.8,0.99,200000,21,42,0.00999629,4.34792e-06,0.9000185517208317,0.9979148333399941
214376.0,500,0.0736007,0.765381,0.99,10000,10,41,0.00459727,0.000337829,0.9321968289827091,0.9816198748644086
210137.0,500,0.072076,0.8,0.99,194265,19,42,0.00999191,1.00619e-05,0.9000404581843234,0.9968279501895462
666835.0,500,0.0802769,0.8,0.989266,155857,10,24,0.00949713,0.00011834,0.9025467804533889,0.989121580997222
373470.0,455,0.0676249,0.8,0.985129,10000,10,45,0.00599075,0.000253984,0.9226000645995102,0.98406312452204
503898.0,500,0.0783636,0.8,0.99,86033,10,42,0.00888191,0.000188714,0.9057561142566798,0.9862626785725892
243873.0,405,0.135505,0.620748,0.99,10871,10,39,0.0032595,0.000718592,0.9429079690324472,0.973193433640244
200000.0,500,0.102711,0.67575,0.987955,186646,17,42,0.00998729,1.14622e-05,0.9000635702058554,0.9966144129017259
666835.0,500,0.0802769,0.8,0.99,142831,10,16,0.00945377,0.000124677,0.9027695006698001,0.9888341144551809
200000.0,500,0.1329,0.751811,0.986392,169943,24,42,0.00992277,5.0227e-05,0.9003868984520611,0.9929128990412158
373470.0,438,0.0676249,0.8,0.99,10000,10,43,0.00583915,0.000254316,0.9235856688833829,0.9840527118292796
687741.0,500,0.0565483,0.796876,0.99,114967,10,25,0.00925123,0.000127494,0.9038166854386895,0.9887086758969552
272952.0,405,0.135505,0.675422,0.99,10000,10,36,0.00421409,0.000638105,0.9350839773245464,0.9747392597099769
272952.0,420,0.117791,0.690621,0.99,10871,10,39,0.00439039,0.000533985,0.9337399818895286,0.9768918845424384
237201.0,355,0.144602,0.569619,0.99,10000,10,36,0.00193669,0.0010292,0.9559921597894193,0.9679188528883396
200000.0,500,0.1329,0.750188,0.986392,159748,13,42,0.00987074,7.29101e-05,0.9006484021265888,0.9914612588749863
221255.0,398,0.202211,0.457326,0.99,10000,11,40,0.00131975,0.00171232,0.9636716364255146,0.9586198115035709
200000.0,487,0.193701,0.658917,0.99,183780,16,39,0.00994658,2.65399e-05,0.900267457668021,0.9948483109565891
373470.0,455,0.0676249,0.733552,0.99,10000,10,45,0.00560884,0.000271435,0.9251078108211543,0.9835247154804537
214451.0,500,0.11602,0.798043,0.989541,156278,13,50,0.00981646,8.8929e-05,0.9009219499586311,0.9905697826112013
214376.0,500,0.0774875,0.8,0.99,10000,10,45,0.00480347,0.000303127,0.9306929296536061,0.9825894572169619
232761.0,283,0.128655,0.640348,0.99,10871,10,40,0.00160817,0.00152584,0.9598980050371556,0.9609379980031745
214376.0,500,0.0736007,0.8,0.99,10000,10,30,0.00478951,0.000305316,0.9307937141583222,0.982526706091867
210137.0,500,0.0715078,0.8,0.99,200000,18,42,0.00999635,3.36661e-06,0.9000182516656166,0.9981651675825842
214451.0,500,0.121727,0.8,0.989541,156278,16,46,0.00980318,9.40647e-05,0.9009889905111558,0.9903013042113901
222544.0,500,0.111678,0.674764,0.99,200000,10,45,0.00997412,1.95307e-05,0.9001294838303115,0.9955806448434189
200000.0,500,0.1329,0.750188,0.986392,159748,13,42,0.00987074,7.29101e-05,0.9006484021265888,0.9914612588749863
200000.0,500,0.0774875,0.8,0.99,10000,10,45,0.0046238,0.000323521,0.9320014706041373,0.982013310476911
210137.0,500,0.0715078,0.8,0.99,200000,18,42,0.00999635,3.36661e-06,0.9000182516656166,0.9981651675825842
216244.0,500,0.0634032,0.78641,0.99,200000,10,45,0.00999374,7.74042e-06,0.9000313048999838,0.9972178389694341
200000.0,500,0.0487393,0.794166,0.99,200000,10,39,0.01,2.36593e-07,0.9,0.9995135917352675
200000.0,500,0.0536694,0.677912,0.99,196456,10,43,0.00999959,1.07998e-06,0.900002050021013,0.9989607791380077
200000.0,323,0.144602,0.557274,0.99,10000,20,36,0.000970499,0.00445467,0.9688471670630101,0.9332566857280821
637638.0,370,0.0614462,0.734124,0.99,10000,10,41,0.00652939,0.000248494,0.9191953590441737,0.9842363075391583
228381.0,500,0.133378,0.751533,0.986392,198729,23,42,0.0099436,3.50912e-05,0.9002823987452566,0.9940762174246517
210137.0,500,0.0715078,0.776198,0.99,200000,20,42,0.00999635,1.82657e-06,0.9000182516656166,0.9986484934332382
200000.0,500,0.1329,0.750632,0.986392,174488,24,39,0.00994169,3.90934e-05,0.9002919762506547,0.9937475284886694
210137.0,500,0.072076,0.8,0.99,200000,19,42,0.0099963,3.8969e-06,0.9000185017115666,0.9980259432632267
232761.0,283,0.128655,0.640348,0.989408,10871,10,39,0.00160753,0.00153425,0.959905985484115,0.9608304965566322
200080.0,265,0.144602,0.666832,0.99,10000,23,42,0.000919478,0.00489688,0.9696771043599065,0.9300222892629374
201956.0,452,0.121461,0.631149,0.99,13126,10,33,0.00347096,0.000683874,0.9410851461853634,0.9738490153149064
270318.0,500,0.0826732,0.769663,0.99,10000,10,41,0.00539251,0.000292495,0.9265662883955876,0.9828975148004742
241835.0,349,0.135505,0.620748,0.99,10210,10,32,0.00233297,0.000900718,0.9516991718497498,0.969988035719067
214451.0,500,0.121727,0.792854,0.989541,156278,16,47,0.00980282,9.51301e-05,0.9009908085074926,0.9902465339494106
646167.0,500,0.0565483,0.8,0.99,94649,10,25,0.00908741,0.000145237,0.9046720922289805,0.9879485685497531
200000.0,323,0.144602,0.557274,0.99,10000,23,37,0.000961687,0.00470581,0.968988921334465,0.9314010933031728
200000.0,500,0.0487393,0.794166,0.99,198770,10,39,0.00999988,5.0211e-07,0.9000006000018,0.9992914027942477
241835.0,359,0.135505,0.65382,0.98963,10210,10,37,0.00278216,0.000784912,0.9472538153038534,0.9719837190191132
316579.0,477,0.0724666,0.782061,0.988755,10000,10,43,0.00562588,0.00026608,0.9249941335627673,0.983688041196717
200000.0,487,0.193701,0.735073,0.99,183780,20,40,0.00994658,2.3447e-05,0.900267457668021,0.9951577897608633
210137.0,420,0.127014,0.653924,0.99,200000,21,42,0.00998878,1.04818e-05,0.9000561157448841,0.9967624391897603
217000.0,500,0.0919963,0.8,0.985574,200000,12,50,0.0099868,1.38513e-05,0.9000660217943867,0.9962782665329177
200000.0,323,0.144602,0.557274,0.99,10000,20,36,0.000970499,0.00445467,0.9688471670630101,0.9332566857280821
214376.0,500,0.0736007,0.765381,0.99,10000,11,41,0.00455136,0.00044649,0.9325362319463254,0.9788696900164716
214376.0,500,0.0736007,0.793501,0.99,10000,10,28,0.00475324,0.000310852,0.9310562548159733,0.9823690045658221
232761.0,283,0.128655,0.626808,0.99,10871,10,43,0.00152655,0.00160452,0.96092891094428,0.9599435398468612
200000.0,500,0.1329,0.750188,0.99,159748,13,42,0.00987344,6.48749e-05,0.9006348149501043,0.9919455043609174
373470.0,455,0.0676249,0.8,0.985129,10000,10,39,0.00599073,0.000253997,0.9226001937986923,0.9840627166681395
217252.0,398,0.202211,0.476606,0.99,10000,10,40,0.00168129,0.00135567,0.9589964635671507,0.9631805757785378
200000.0,355,0.144602,0.542315,0.99,10000,16,36,0.00122524,0.00332909,0.964996571596485,0.9423017331282819
200000.0,487,0.193701,0.658917,0.99,183780,17,38,0.00994655,2.679e-05,0.9002676080703967,0.994824094282157
210137.0,500,0.0715078,0.692622,0.99,200000,19,40,0.00999632,3.67067e-06,0.9000184016931115,0.998084100733337
687741.0,500,0.0565483,0.796876,0.99,114967,10,25,0.00925123,0.000127494,0.9038166854386895,0.9887086758969552
214451.0,500,0.121727,0.8,0.989541,163230,19,43,0.00984772,7.79628e-05,0.9007643209324389,0.9911703454201197
637638.0,350,0.0614462,0.78567,0.99,10000,10,40,0.00658458,0.00024564,0.9188545749903299,0.9843270934412279
666835.0,500,0.0802769,0.8,0.989266,155857,10,24,0.00949713,0.00011834,0.9025467804533889,0.989121580997222
241835.0,349,0.125209,0.620748,0.99,10210,10,32,0.00231816,0.000920004,0.9518527259338599,0.9696684322858181
290686.0,487,0.193701,0.780406,0.99,200000,16,39,0.0097769,0.000100962,0.9011217920874371,0.9899520151273999
513349.0,500,0.0676249,0.8,0.99,10000,10,45,0.00742975,0.000193751,0.9138040024131051,0.9860805531719109
637638.0,370,0.0614462,0.738268,0.99,10000,10,24,0.00655238,0.000246715,0.9190532273651383,0.9842928360293782
200000.0,323,0.144602,0.557274,0.977593,10000,20,36,0.000962395,0.00471367,0.9689775081594015,0.9313438276627658
200000.0,500,0.0536694,0.778747,0.99,200000,10,43,0.01,2.86968e-07,0.9,0.9994643060575291
217252.0,398,0.202211,0.476606,0.99,10000,19,39,0.00126435,0.00362373,0.9644423004118657,0.9398025748058939
200000.0,355,0.144602,0.557274,0.99,10000,12,36,0.00138187,0.00207383,0.9628264879248678,0.9544606763335247
637638.0,370,0.0614462,0.738268,0.99,10000,10,40,0.00655279,0.000246732,0.919050694876361,0.9842922948843569
200000.0,500,0.1329,0.722947,0.985574,174488,24,46,0.0099413,4.38322e-05,0.9002939319800445,0.9933794109023442
666835.0,500,0.0802769,0.8,0.989266,142831,10,30,0.00945259,0.000125896,0.9027755689139813,0.9887796613241846
210137.0,500,0.0604985,0.8,0.99,186190,24,41,0.00998579,1.87696e-05,0.9000710752584619,0.9956676103591666
200000.0,500,0.1329,0.722947,0.986392,174488,24,39,0.00994133,4.25123e-05,0.9002937815379602,0.9934798542961065
214376.0,500,0.0736007,0.765381,0.99,10000,10,41,0.00459727,0.000337829,0.9321968289827091,0.9816198748644086
210137.0,500,0.072076,0.8,0.99,194265,19,42,0.00999191,1.00619e-05,0.9000404581843234,0.9968279501895462
666835.0,500,0.0802769,0.8,0.989266,155857,10,24,0.00949713,0.00011834,0.9025467804533889,0.989121580997222
373470.0,455,0.0676249,0.8,0.985129,10000,10,45,0.00599075,0.000253984,0.9226000645995102,0.98406312452204
200000.0,500,0.102711,0.67575,0.987955,186646,17,42,0.00998729,1.14622e-05,0.9000635702058554,0.9966144129017259
666835.0,500,0.0802769,0.8,0.99,142831,10,16,0.00945377,0.000124677,0.9027695006698001,0.9888341144551809
200000.0,500,0.1329,0.751811,0.986392,169943,24,42,0.00992277,5.0227e-05,0.9003868984520611,0.9929128990412158
373470.0,438,0.0676249,0.8,0.99,10000,10,43,0.00583915,0.000254316,0.9235856688833829,0.9840527118292796
687741.0,500,0.0565483,0.796876,0.99,114967,10,25,0.00925123,0.000127494,0.9038166854386895,0.9887086758969552
272952.0,420,0.117791,0.690621,0.99,10871,10,39,0.00439039,0.000533985,0.9337399818895286,0.9768918845424384
237201.0,355,0.144602,0.569619,0.99,10000,10,36,0.00193669,0.0010292,0.9559921597894193,0.9679188528883396
200000.0,500,0.1329,0.750188,0.986392,159748,13,42,0.00987074,7.29101e-05,0.9006484021265888,0.9914612588749863
221255.0,398,0.202211,0.457326,0.99,10000,11,40,0.00131975,0.00171232,0.9636716364255146,0.9586198115035709
200000.0,487,0.193701,0.658917,0.99,183780,16,39,0.00994658,2.65399e-05,0.900267457668021,0.9948483109565891
373470.0,455,0.0676249,0.733552,0.99,10000,10,45,0.00560884,0.000271435,0.9251078108211543,0.9835247154804537
214451.0,500,0.11602,0.798043,0.989541,156278,13,50,0.00981646,8.8929e-05,0.9009219499586311,0.9905697826112013
214376.0,500,0.0774875,0.8,0.99,10000,10,45,0.00480347,0.000303127,0.9306929296536061,0.9825894572169619
232761.0,283,0.128655,0.640348,0.99,10871,10,40,0.00160817,0.00152584,0.9598980050371556,0.9609379980031745
214376.0,500,0.0736007,0.8,0.99,10000,10,30,0.00478951,0.000305316,0.9307937141583222,0.982526706091867
214451.0,500,0.121727,0.8,0.989541,156278,16,46,0.00980318,9.40647e-05,0.9009889905111558,0.9903013042113901
222544.0,500,0.111678,0.674764,0.99,200000,10,45,0.00997412,1.95307e-05,0.9001294838303115,0.9955806448434189
200000.0,500,0.1329,0.750188,0.986392,159748,13,42,0.00987074,7.29101e-05,0.9006484021265888,0.9914612588749863
200000.0,500,0.0774875,0.8,0.99,10000,10,45,0.0046238,0.000323521,0.9320014706041373,0.982013310476911
200000.0,500,0.0536694,0.677912,0.99,196456,10,43,0.00999959,1.07998e-06,0.900002050021013,0.9989607791380077
200000.0,323,0.144602,0.557274,0.99,10000,20,36,0.000970499,0.00445467,0.9688471670630101,0.9332566857280821
637638.0,370,0.0614462,0.734124,0.99,10000,10,41,0.00652939,0.000248494,0.9191953590441737,0.9842363075391583
210137.0,500,0.0715078,0.776198,0.99,200000,20,42,0.00999635,1.82657e-06,0.9000182516656166,0.9986484934332382
200000.0,500,0.1329,0.750632,0.986392,174488,24,39,0.00994169,3.90934e-05,0.9002919762506547,0.9937475284886694
232761.0,283,0.128655,0.640348,0.989408,10871,10,39,0.00160753,0.00153425,0.959905985484115,0.9608304965566322
200080.0,265,0.144602,0.666832,0.99,10000,23,42,0.000919478,0.00489688,0.9696771043599065,0.9300222892629374
201956.0,452,0.121461,0.631149,0.99,13126,10,33,0.00347096,0.000683874,0.9410851461853634,0.9738490153149064
241835.0,349,0.135505,0.620748,0.99,10210,10,32,0.00233297,0.000900718,0.9516991718497498,0.969988035719067
214451.0,500,0.121727,0.792854,0.989541,156278,16,47,0.00980282,9.51301e-05,0.9009908085074926,0.9902465339494106
646167.0,500,0.0565483,0.8,0.99,94649,10,25,0.00908741,0.000145237,0.9046720922289805,0.9879485685497531
200000.0,323,0.144602,0.557274,0.99,10000,23,37,0.000961687,0.00470581,0.968988921334465,0.9314010933031728
241835.0,359,0.135505,0.65382,0.98963,10210,10,37,0.00278216,0.000784912,0.9472538153038534,0.9719837190191132
316579.0,477,0.0724666,0.782061,0.988755,10000,10,43,0.00562588,0.00026608,0.9249941335627673,0.983688041196717
200000.0,487,0.193701,0.735073,0.99,183780,20,40,0.00994658,2.3447e-05,0.900267457668021,0.9951577897608633
210137.0,420,0.127014,0.653924,0.99,200000,21,42,0.00998878,1.04818e-05,0.9000561157448841,0.9967624391897603
200000.0,323,0.144602,0.557274,0.99,10000,20,36,0.000970499,0.00445467,0.9688471670630101,0.9332566857280821
214376.0,500,0.0736007,0.765381,0.99,10000,11,41,0.00455136,0.00044649,0.9325362319463254,0.9788696900164716
214376.0,500,0.0736007,0.793501,0.99,10000,10,28,0.00475324,0.000310852,0.9310562548159733,0.9823690045658221
232761.0,283,0.128655,0.626808,0.99,10871,10,43,0.00152655,0.00160452,0.96092891094428,0.9599435398468612
200000.0,500,0.1329,0.750188,0.99,159748,13,42,0.00987344,6.48749e-05,0.9006348149501043,0.9919455043609174
373470.0,455,0.0676249,0.8,0.985129,10000,10,39,0.00599073,0.000253997,0.9226001937986923,0.9840627166681395
217252.0,398,0.202211,0.476606,0.99,10000,10,40,0.00168129,0.00135567,0.9589964635671507,0.9631805757785378
200000.0,487,0.193701,0.658917,0.99,183780,17,38,0.00994655,2.679e-05,0.9002676080703967,0.994824094282157
687741.0,500,0.0565483,0.796876,0.99,114967,10,25,0.00925123,0.000127494,0.9038166854386895,0.9887086758969552
214451.0,500,0.121727,0.8,0.989541,163230,19,43,0.00984772,7.79628e-05,0.9007643209324389,0.9911703454201197
637638.0,350,0.0614462,0.78567,0.99,10000,10,40,0.00658458,0.00024564,0.9188545749903299,0.9843270934412279
666835.0,500,0.0802769,0.8,0.989266,155857,10,24,0.00949713,0.00011834,0.9025467804533889,0.989121580997222
241835.0,349,0.125209,0.620748,0.99,10210,10,32,0.00231816,0.000920004,0.9518527259338599,0.9696684322858181
290686.0,487,0.193701,0.780406,0.99,200000,16,39,0.0097769,0.000100962,0.9011217920874371,0.9899520151273999
637638.0,370,0.0614462,0.738268,0.99,10000,10,24,0.00655238,0.000246715,0.9190532273651383,0.9842928360293782
200000.0,500,0.1329,0.780056,0.98784,169943,24,42,0.00992364,4.42729e-05,0.9003825316523252,0.9933462116054086
270318.0,494,0.0634958,0.769663,0.99,10000,10,46,0.00516066,0.000278529,0.9281622661827366,0.9833108118831382
200000.0,500,0.0487393,0.794166,0.99,198240,10,39,0.00999987,1.97606e-07,0.9000006500021125,0.9995554710358143
222544.0,396,0.131326,0.646912,0.99,10000,10,45,0.00293896,0.000701872,0.9457878242458394,0.9735071330354754
201956.0,441,0.121461,0.648188,0.99,13126,10,34,0.00348375,0.000681897,0.940976699516208,0.9738868423969831
241835.0,359,0.135505,0.636781,0.98963,10210,10,36,0.0026257,0.000817707,0.9487584153250507,0.9714044234189971
210137.0,420,0.137727,0.642032,0.99,200000,21,42,0.00998669,1.34444e-05,0.900066572159262,0.9963333393939444
200000.0,500,0.12967,0.722947,0.99,196294,24,46,0.00999621,3.17424e-06,0.9000189517958528,0.9982183603057857
513349.0,500,0.0608075,0.8,0.99,10000,10,45,0.00731763,0.00017612,0.9144568529921888,0.9867289789390568
687741.0,500,0.0565483,0.796876,0.99,114967,10,25,0.00925123,0.000127494,0.9038166854386895,0.9887086758969552
237201.0,389,0.144602,0.569619,0.99,10000,10,36,0.00241438,0.000872109,0.95086365906989,0.9704685083343222
217252.0,401,0.202211,0.476606,0.99,10000,10,40,0.00172757,0.00134478,0.9584359530363079,0.9633287578612341
610317.0,370,0.0614462,0.791567,0.99,10000,10,40,0.00668713,0.000232535,0.918225126108321,0.9847509016660001
241835.0,399,0.135505,0.684684,0.99,10210,10,36,0.00371515,0.000653799,0.9390479696810681,0.9744305064578901
200000.0,419,0.0736007,0.793501,0.99,10000,10,31,0.00391584,0.000534433,0.9374233270299547,0.9768821930105817
217252.0,376,0.162752,0.476606,0.99,10000,11,41,0.00115492,0.00185791,0.9660158860642212,0.9568965198620807
200080.0,224,0.18406,0.666832,0.99,10000,23,36,0.000372764,0.00646394,0.980692902859311,0.9196013681708451
237201.0,355,0.144602,0.8,0.989487,199280,10,36,0.00991718,5.45246e-05,0.9004149609630041,0.9926159225356176
666835.0,500,0.0802769,0.8,0.99,142831,10,29,0.0094541,0.000124641,0.9027678036862274,0.9888357266246298
216244.0,500,0.0693572,0.78641,0.989334,200000,10,45,0.00999299,7.13049e-06,0.9000350561446664,0.9973297022637916
259932.0,359,0.116625,0.65382,0.98963,10210,10,37,0.00289998,0.000731649,0.9461485376243133,0.9729509889275042
211041.0,462,0.193701,0.669699,0.99,192541,17,38,0.00994239,2.78208e-05,0.9002884660633486,0.9947254573657994
200000.0,500,0.0487393,0.794166,0.99,198240,10,39,0.00999987,1.97606e-07,0.9000006500021125,0.9995554710358143
200000.0,245,0.207418,0.577201,0.99,12012,20,40,0.000357894,0.00660775,0.9810819134159926,0.9187119319949109
200000.0,500,0.0487393,0.794166,0.99,198240,10,39,0.00999987,1.97606e-07,0.9000006500021125,0.9995554710358143
217252.0,376,0.162752,0.476606,0.99,10000,13,41,0.00111339,0.00264106,0.9666325008428861,0.9486087556095398
200080.0,224,0.217076,0.666832,0.99,10000,23,36,0.000365682,0.00642855,0.9808771863994861,0.919821761057005
200000.0,323,0.144602,0.550142,0.99,10000,23,37,0.000917186,0.00481752,0.9697149211656961,0.9305916431544443
200000.0,323,0.144602,0.557274,0.99,10000,20,36,0.000970499,0.00445467,0.9688471670630101,0.9332566857280821
513349.0,500,0.0608075,0.8,0.99,10000,10,45,0.00731763,0.00017612,0.9144568529921888,0.9867289789390568
646167.0,500,0.0565483,0.8,0.99,94649,10,25,0.00908741,0.000145237,0.9046720922289805,0.9879485685497531
217252.0,376,0.162752,0.476606,0.99,10000,11,41,0.00115492,0.00185791,0.9660158860642212,0.9568965198620807
200000.0,419,0.0736007,0.793501,0.99,10000,10,31,0.00391584,0.000534433,0.9374233270299547,0.9768821930105817
209661.0,436,0.121461,0.648188,0.99,10000,10,34,0.00319773,0.000607758,0.9434515252195075,0.975347251674509
270318.0,494,0.0634958,0.769663,0.99,10000,10,46,0.00516066,0.000278529,0.9281622661827366,0.9833108118831382
610317.0,370,0.0614462,0.791567,0.99,10000,10,35,0.00668705,0.000232531,0.9182256152575882,0.9847510328218597
272952.0,420,0.117791,0.690621,0.99,10728,10,39,0.00438086,0.000532793,0.9338119346105357,0.9769176907567722
221255.0,398,0.202211,0.457326,0.99,10000,11,40,0.00131975,0.00171232,0.9636716364255146,0.9586198115035709
217252.0,401,0.202211,0.476606,0.99,10000,10,40,0.00172757,0.00134478,0.9584359530363079,0.9633287578612341
237201.0,355,0.144602,0.569619,0.99,10000,10,36,0.00193669,0.0010292,0.9559921597894193,0.9679188528883396
200000.0,323,0.144602,0.557274,0.99,10000,23,37,0.000961687,0.00470581,0.968988921334465,0.9314010933031728
637638.0,370,0.0614462,0.734124,0.99,10000,10,41,0.00652939,0.000248494,0.9191953590441737,0.9842363075391583
232761.0,283,0.128655,0.626808,0.99,10871,10,43,0.00152655,0.00160452,0.96092891094428,0.9599435398468612
241069.0,389,0.144602,0.536725,0.989668,10000,10,44,0.00214225,0.000947419,0.953715553368329,0.969219827810748
373470.0,455,0.0676249,0.8,0.985129,10000,10,45,0.00599075,0.000253984,0.9226000645995102,0.98406312452204
200000.0,323,0.144602,0.557274,0.99,10000,20,36,0.000970499,0.00445467,0.9688471670630101,0.9332566857280821
214376.0,500,0.0736007,0.765381,0.99,10000,11,41,0.00455136,0.00044649,0.9325362319463254,0.9788696900164716
373470.0,455,0.0676249,0.733552,0.99,10000,10,45,0.00560884,0.000271435,0.9251078108211543,0.9835247154804537
221740.0,408,0.131326,0.650599,0.99,10000,10,45,0.00314132,0.000668795,0.94395252012802,0.9741389288698244
214376.0,500,0.0774875,0.8,0.99,10000,10,45,0.00480347,0.000303127,0.9306929296536061,0.9825894572169619
217252.0,398,0.202211,0.476606,0.99,10000,10,40,0.00168129,0.00135567,0.9589964635671507,0.9631805757785378
373470.0,438,0.0676249,0.8,0.99,10000,10,43,0.00583915,0.000254316,0.9235856688833829,0.9840527118292796
290686.0,487,0.193701,0.780406,0.99,200000,16,39,0.0097769,0.000100962,0.9011217920874371,0.9899520151273999
232761.0,283,0.128655,0.640348,0.99,10871,10,40,0.00160817,0.00152584,0.9598980050371556,0.9609379980031745
222544.0,396,0.131326,0.646912,0.99,10000,10,45,0.00293896,0.000701872,0.9457878242458394,0.9735071330354754
237201.0,355,0.144602,0.569619,0.99,10000,10,36,0.00193669,0.0010292,0.9559921597894193,0.9679188528883396
237201.0,389,0.144602,0.569619,0.99,10000,10,36,0.00241438,0.000872109,0.95086365906989,0.9704685083343222
241835.0,332,0.124985,0.682393,0.99,10210,10,32,0.0025421,0.000836073,0.9495807576415511,0.9710850730590582
666835.0,500,0.0802769,0.8,0.989266,155857,10,24,0.00949713,0.00011834,0.9025467804533889,0.989121580997222
259932.0,359,0.116625,0.65382,0.98963,10210,10,37,0.00289998,0.000731649,0.9461485376243133,0.9729509889275042
241835.0,359,0.135505,0.65382,0.98963,10210,10,37,0.00278216,0.000784912,0.9472538153038534,0.9719837190191132
316579.0,477,0.0724666,0.782061,0.988755,10000,10,43,0.00562588,0.00026608,0.9249941335627673,0.983688041196717
214376.0,500,0.0736007,0.765381,0.99,10000,10,41,0.00459727,0.000337829,0.9321968289827091,0.9816198748644086
687741.0,500,0.0565483,0.796876,0.99,114967,10,25,0.00925123,0.000127494,0.9038166854386895,0.9887086758969552
241835.0,349,0.125209,0.620748,0.99,10210,10,30,0.00231807,0.000920012,0.9518536605752836,0.9696683004102968
646167.0,500,0.0565483,0.8,0.99,94649,10,25,0.00908741,0.000145237,0.9046720922289805,0.9879485685497531
666835.0,500,0.0802769,0.8,0.989266,142831,10,30,0.00945259,0.000125896,0.9027755689139813,0.9887796613241846
237967.0,359,0.135505,0.65382,0.989961,10117,10,37,0.00271629,0.000787491,0.947881960896442,0.9719377299563987
232761.0,283,0.128655,0.640348,0.989408,10871,10,39,0.00160753,0.00153425,0.959905985484115,0.9608304965566322
200000.0,500,0.0774875,0.8,0.99,10000,10,45,0.0046238,0.000323521,0.9320014706041373,0.982013310476911
214376.0,500,0.0736007,0.793501,0.99,10000,10,28,0.00475324,0.000310852,0.9310562548159733,0.9823690045658221
687741.0,500,0.0565483,0.796876,0.99,114967,10,25,0.00925123,0.000127494,0.9038166854386895,0.9887086758969552
241835.0,349,0.135505,0.620748,0.99,10210,10,32,0.00233297,0.000900718,0.9516991718497498,0.969988035719067
637638.0,350,0.0614462,0.78567,0.99,10000,10,40,0.00658458,0.00024564,0.9188545749903299,0.9843270934412279
373470.0,455,0.0676249,0.8,0.985129,10000,10,39,0.00599073,0.000253997,0.9226001937986923,0.9840627166681395
241835.0,359,0.135505,0.636781,0.98963,10210,10,37,0.00262572,0.000817697,0.9487582201714265,0.9714045982717501
241835.0,359,0.135505,0.636781,0.98963,10210,10,36,0.0026257,0.000817707,0.9487584153250507,0.9714044234189971
214451.0,500,0.121727,0.8,0.989541,163230,19,43,0.00984772,7.79628e-05,0.9007643209324389,0.9911703454201197
200000.0,500,0.1329,0.750188,0.99,159748,13,42,0.00987344,6.48749e-05,0.9006348149501043,0.9919455043609174
237201.0,355,0.144602,0.8,0.989487,199280,10,36,0.00991718,5.45246e-05,0.9004149609630041,0.9926159225356176
666835.0,500,0.0802769,0.8,0.989266,155857,10,24,0.00949713,0.00011834,0.9025467804533889,0.989121580997222
214451.0,500,0.11602,0.798043,0.989541,156278,13,50,0.00981646,8.8929e-05,0.9009219499586311,0.9905697826112013
214376.0,500,0.0736007,0.8,0.99,10000,10,30,0.00478951,0.000305316,0.9307937141583222,0.982526706091867
637638.0,370,0.0614462,0.738268,0.99,10000,10,24,0.00655238,0.000246715,0.9190532273651383,0.9842928360293782
666835.0,500,0.0802769,0.8,0.99,142831,10,29,0.0094541,0.000124641,0.9027678036862274,0.9888357266246298
222544.0,500,0.111678,0.674764,0.99,200000,10,45,0.00997412,1.95307e-05,0.9001294838303115,0.9955806448434189
241835.0,349,0.125209,0.620748,0.99,10210,10,32,0.00231816,0.000920004,0.9518527259338599,0.9696684322858181
214451.0,500,0.121727,0.792854,0.989541,156278,16,47,0.00980282,9.51301e-05,0.9009908085074926,0.9902465339494106
200000.0,500,0.1329,0.750188,0.986392,159748,13,42,0.00987074,7.29101e-05,0.9006484021265888,0.9914612588749863
200000.0,487,0.193701,0.735073,0.99,183780,20,40,0.00994658,2.3447e-05,0.900267457668021,0.9951577897608633
200000.0,500,0.1329,0.780056,0.98784,169943,24,42,0.00992364,4.42729e-05,0.9003825316523252,0.9933462116054086
211041.0,462,0.193701,0.669699,0.99,192541,17,38,0.00994239,2.78208e-05,0.9002884660633486,0.9947254573657994
214451.0,500,0.121727,0.8,0.989541,156278,16,46,0.00980318,9.40647e-05,0.9009889905111558,0.9903013042113901
200000.0,500,0.1329,0.750632,0.986392,174488,24,39,0.00994169,3.90934e-05,0.9002919762506547,0.9937475284886694
210137.0,500,0.0604985,0.8,0.99,186190,24,41,0.00998579,1.87696e-05,0.9000710752584619,0.9956676103591666
200000.0,500,0.1329,0.751811,0.986392,169943,24,42,0.00992277,5.0227e-05,0.9003868984520611,0.9929128990412158
200000.0,500,0.1329,0.722947,0.985574,174488,24,46,0.0099413,4.38322e-05,0.9002939319800445,0.9933794109023442
216244.0,500,0.0693572,0.78641,0.989334,200000,10,45,0.00999299,7.13049e-06,0.9000350561446664,0.9973297022637916
214376.0,500,0.0774875,0.8,0.99,10000,10,42,0.00480345,0.000303128,0.9306930739391798,0.982589428498754
210137.0,420,0.137727,0.642032,0.99,200000,21,42,0.00998669,1.34444e-05,0.900066572159262,0.9963333393939444
217048.0,500,0.0887297,0.782723,0.989334,200000,10,44,0.00998851,9.75136e-06,0.900057466512,0.9968772832341053
200000.0,500,0.12967,0.722947,0.99,196294,24,46,0.00999621,3.17424e-06,0.9000189517958528,0.9982183603057857
200000.0,466,0.01,0.77404,0.937981,198240,12,39,0.00999982,1.25536e-07,0.9000009000040501,0.9996456894017955
200000.0,245,0.207418,0.577201,0.99,12012,20,40,0.000357894,0.00660775,0.9810819134159926,0.9187119319949109
200000.0,323,0.144602,0.557274,0.99,10000,17,37,0.000987088,0.00400436,0.9685820433509752,0.9367199873577763
237201.0,271,0.219265,0.569619,0.99,10000,10,40,0.00100333,0.00182519,0.9683246152351704,0.9572777575494918
200000.0,323,0.144602,0.488804,0.99,10000,23,37,0.000548026,0.00596644,0.9765900448526701,0.922757265713855
200000.0,323,0.144602,0.550142,0.99,10000,23,37,0.000917186,0.00481752,0.9697149211656961,0.9305916431544443
513349.0,500,0.0608075,0.8,0.99,10000,10,45,0.00731763,0.00017612,0.9144568529921888,0.9867289789390568
646167.0,500,0.0565483,0.8,0.99,94649,10,25,0.00908741,0.000145237,0.9046720922289805,0.9879485685497531
200000.0,389,0.144602,0.50362,0.989668,10000,10,34,0.00138824,0.00134197,0.962740907150066,0.9633670912975778
200080.0,224,0.217076,0.666832,0.99,10000,23,36,0.000365682,0.00642855,0.9808771863994861,0.919821761057005
200000.0,376,0.162752,0.476606,0.99,10000,10,39,0.00102873,0.00155876,0.9679261788992954,0.9605188652645342
200000.0,419,0.0736007,0.793501,0.99,10000,10,31,0.00391584,0.000534433,0.9374233270299547,0.9768821930105817
217252.0,401,0.202211,0.486723,0.99,10190,10,36,0.00187265,0.00131949,0.9567258737812073,0.963675215072901
209661.0,436,0.121461,0.648188,0.99,10000,10,34,0.00319773,0.000607758,0.9434515252195075,0.975347251674509
270318.0,494,0.0634958,0.769663,0.99,10000,10,46,0.00516066,0.000278529,0.9281622661827366,0.9833108118831382
200000.0,435,0.0736007,0.793501,0.99,10000,10,31,0.00405538,0.000484064,0.9363181344494369,0.9779985455026264
214376.0,500,0.0736007,0.765381,0.99,10000,11,41,0.00455136,0.00044649,0.9325362319463254,0.9788696900164716
373470.0,455,0.0676249,0.8,0.989309,10000,10,45,0.00600933,0.000243978,0.9224801315790591,0.9843802048669005
704013.0,385,0.0614462,0.738268,0.99,10000,10,24,0.00705251,0.000221087,0.9160207763789162,0.9851310054139495
610317.0,370,0.0614462,0.791567,0.99,10000,10,35,0.00668705,0.000232531,0.9182256152575882,0.9847510328218597
200000.0,323,0.144602,0.557274,0.99,10000,20,36,0.000970499,0.00445467,0.9688471670630101,0.9332566857280821
237201.0,355,0.144602,0.569619,0.99,10000,10,36,0.00193669,0.0010292,0.9559921597894193,0.9679188528883396
200000.0,323,0.144602,0.557274,0.99,10000,23,37,0.000961687,0.00470581,0.968988921334465,0.9314010933031728
241069.0,389,0.144602,0.536725,0.989668,10000,10,44,0.00214225,0.000947419,0.953715553368329,0.969219827810748
373470.0,455,0.0676249,0.733552,0.99,10000,10,45,0.00560884,0.000271435,0.9251078108211543,0.9835247154804537
221740.0,408,0.131326,0.650599,0.99,10000,10,45,0.00314132,0.000668795,0.94395252012802,0.9741389288698244
214376.0,500,0.0774875,0.8,0.99,10000,10,45,0.00480347,0.000303127,0.9306929296536061,0.9825894572169619
200000.0,323,0.144602,0.557274,0.99,10000,20,36,0.000970499,0.00445467,0.9688471670630101,0.9332566857280821
373470.0,438,0.0676249,0.8,0.99,10000,10,43,0.00583915,0.000254316,0.9235856688833829,0.9840527118292796
610317.0,370,0.0614462,0.791567,0.99,10000,10,35,0.00668705,0.000232531,0.9182256152575882,0.9847510328218597
222544.0,396,0.131326,0.646912,0.99,10000,10,45,0.00293896,0.000701872,0.9457878242458394,0.9735071330354754
513349.0,500,0.0608075,0.8,0.99,10000,10,45,0.00731763,0.00017612,0.9144568529921888,0.9867289789390568
290686.0,487,0.193701,0.780406,0.99,200000,28,39,0.00977411,0.000105184,0.9011359013594925,0.9897440748832687
237201.0,389,0.144602,0.569619,0.99,10000,10,36,0.00241438,0.000872109,0.95086365906989,0.9704685083343222
241835.0,332,0.124985,0.682393,0.99,10210,10,32,0.0025421,0.000836073,0.9495807576415511,0.9710850730590582
666835.0,500,0.0802769,0.8,0.989266,155857,10,24,0.00949713,0.00011834,0.9025467804533889,0.989121580997222
259932.0,359,0.116625,0.65382,0.98963,10210,10,37,0.00289998,0.000731649,0.9461485376243133,0.9729509889275042
241835.0,359,0.135505,0.65382,0.98963,10210,10,37,0.00278216,0.000784912,0.9472538153038534,0.9719837190191132
214376.0,500,0.0736007,0.765381,0.99,10000,10,41,0.00459727,0.000337829,0.9321968289827091,0.9816198748644086
316579.0,477,0.0724666,0.782061,0.988755,10000,10,43,0.00562588,0.00026608,0.9249941335627673,0.983688041196717
687741.0,500,0.0565483,0.796876,0.99,114967,10,25,0.00925123,0.000127494,0.9038166854386895,0.9887086758969552
241835.0,349,0.125209,0.620748,0.99,10210,10,30,0.00231807,0.000920012,0.9518536605752836,0.9696683004102968
646167.0,500,0.0565483,0.8,0.99,94649,10,25,0.00908741,0.000145237,0.9046720922289805,0.9879485685497531
666835.0,500,0.0802769,0.8,0.989266,142831,10,30,0.00945259,0.000125896,0.9027755689139813,0.9887796613241846
237967.0,359,0.135505,0.65382,0.989961,10117,10,37,0.00271629,0.000787491,0.947881960896442,0.9719377299563987
200000.0,500,0.0774875,0.8,0.99,10000,10,45,0.0046238,0.000323521,0.9320014706041373,0.982013310476911
214376.0,500,0.0736007,0.793501,0.99,10000,10,28,0.00475324,0.000310852,0.9310562548159733,0.9823690045658221
237201.0,355,0.144602,0.569619,0.99,10000,10,36,0.00193669,0.0010292,0.9559921597894193,0.9679188528883396
687741.0,500,0.0565483,0.796876,0.99,114967,10,25,0.00925123,0.000127494,0.9038166854386895,0.9887086758969552
373470.0,455,0.0676249,0.8,0.985129,10000,10,39,0.00599073,0.000253997,0.9226001937986923,0.9840627166681395
241835.0,349,0.135505,0.620748,0.99,10210,10,32,0.00233297,0.000900718,0.9516991718497498,0.969988035719067
241835.0,359,0.135505,0.636781,0.98963,10210,10,37,0.00262572,0.000817697,0.9487582201714265,0.9714045982717501
241835.0,359,0.135505,0.636781,0.98963,10210,10,36,0.0026257,0.000817707,0.9487584153250507,0.9714044234189971
200000.0,500,0.1329,0.750188,0.99,159748,13,42,0.00987344,6.48749e-05,0.9006348149501043,0.9919455043609174
200000.0,500,0.220895,0.8,0.989541,163230,22,42,0.00982429,6.58047e-05,0.9008824435329442,0.991887990384621
237201.0,355,0.144602,0.8,0.989487,199280,10,36,0.00991718,5.45246e-05,0.9004149609630041,0.9926159225356176
214451.0,500,0.11602,0.798043,0.989749,153442,10,36,0.00980337,8.31695e-05,0.9009880310265471,0.9908802686443076
666835.0,500,0.0802769,0.8,0.989266,155857,10,24,0.00949713,0.00011834,0.9025467804533889,0.989121580997222
666835.0,500,0.0802769,0.8,0.99,142831,10,29,0.0094541,0.000124641,0.9027678036862274,0.9888357266246298
222544.0,500,0.111678,0.674764,0.99,200000,10,45,0.00997412,1.95307e-05,0.9001294838303115,0.9955806448434189
214376.0,500,0.0736007,0.8,0.99,10000,10,30,0.00478951,0.000305316,0.9307937141583222,0.982526706091867
200000.0,487,0.193701,0.735073,0.99,183780,20,40,0.00994658,2.3447e-05,0.900267457668021,0.9951577897608633
290686.0,487,0.193701,0.780406,0.99,200000,16,39,0.0097769,0.000100962,0.9011217920874371,0.9899520151273999
241835.0,349,0.132815,0.620748,0.99,10210,10,30,0.00232455,0.000903242,0.9517864127034712,0.96994601523924
214451.0,500,0.121727,0.792854,0.989541,156278,16,47,0.00980282,9.51301e-05,0.9009908085074926,0.9902465339494106
373470.0,455,0.0676249,0.8,0.985129,10000,10,45,0.00599075,0.000253984,0.9226000645995102,0.98406312452204
241835.0,349,0.125209,0.620748,0.99,10210,10,32,0.00231816,0.000920004,0.9518527259338599,0.9696684322858181
200000.0,468,0.193701,0.587432,0.99,192859,21,35,0.0099814,1.32622e-05,0.9000930432852646,0.996358269642052
200000.0,500,0.1329,0.780056,0.98784,169943,24,42,0.00992364,4.42729e-05,0.9003825316523252,0.9933462116054086
211041.0,462,0.193701,0.669699,0.99,192541,17,38,0.00994239,2.78208e-05,0.9002884660633486,0.9947254573657994
200000.0,500,0.1329,0.722947,0.985574,174488,24,46,0.0099413,4.38322e-05,0.9002939319800445,0.9933794109023442
315370.0,477,0.0724666,0.782061,0.988755,10000,10,43,0.00561307,0.000266509,0.9250795755484528,0.9836748966312614
200000.0,500,0.1329,0.750632,0.986392,174488,24,39,0.00994169,3.90934e-05,0.9002919762506547,0.9937475284886694
200000.0,500,0.1329,0.751811,0.986392,169943,24,42,0.00992277,5.0227e-05,0.9003868984520611,0.9929128990412158
217048.0,500,0.0887297,0.782723,0.989334,200000,10,44,0.00998851,9.75136e-06,0.900057466512,0.9968772832341053
214451.0,500,0.121727,0.8,0.989541,156278,16,46,0.00980318,9.40647e-05,0.9009889905111558,0.9903013042113901
216244.0,500,0.0693572,0.78641,0.989334,200000,10,45,0.00999299,7.13049e-06,0.9000350561446664,0.9973297022637916
200000.0,500,0.12967,0.722947,0.99,196294,24,46,0.00999621,3.17424e-06,0.9000189517958528,0.9982183603057857
214376.0,500,0.0774875,0.799109,0.99,10000,10,45,0.00479816,0.000303765,0.9307312480262564,0.9825711446158963
214376.0,500,0.0736007,0.8,0.99,10000,10,41,0.00478968,0.000305294,0.930792485957087,0.9825273356353417
200080.0,191,0.207665,0.666832,0.99,10000,18,36,8.16953e-05,0.00769209,0.9909614547630716,0.9122954391151749
200000.0,466,0.01,0.77404,0.937981,198240,12,39,0.00999982,1.25536e-07,0.9000009000040501,0.9996456894017955
237201.0,242,0.171002,0.495968,0.99,13990,10,40,0.000517928,0.00375334,0.9772419684506766,0.9387354915142544
200080.0,224,0.217076,0.666832,0.99,10000,23,36,0.000365682,0.00642855,0.9808771863994861,0.919821761057005
200000.0,376,0.162752,0.476606,0.99,10000,12,39,0.000978358,0.00245466,0.9687212851926426,0.9504554745708469
200000.0,245,0.207418,0.577201,0.99,12012,20,40,0.000357894,0.00660775,0.9810819134159926,0.9187119319949109
513349.0,500,0.0608075,0.8,0.99,10000,10,45,0.00731763,0.00017612,0.9144568529921888,0.9867289789390568
646167.0,500,0.0565483,0.8,0.99,94649,10,25,0.00908741,0.000145237,0.9046720922289805,0.9879485685497531
237201.0,271,0.219265,0.569619,0.99,10000,10,40,0.00100333,0.00182519,0.9683246152351704,0.9572777575494918
200000.0,419,0.0736007,0.793501,0.99,10000,10,31,0.00391584,0.000534433,0.9374233270299547,0.9768821930105817
200000.0,376,0.162752,0.476606,0.99,10000,10,39,0.00102873,0.00155876,0.9679261788992954,0.9605188652645342
209661.0,436,0.121461,0.648188,0.99,10000,10,34,0.00319773,0.000607758,0.9434515252195075,0.975347251674509
200000.0,389,0.144602,0.50362,0.989668,10000,10,34,0.00138824,0.00134197,0.962740907150066,0.9633670912975778
270318.0,494,0.0634958,0.769663,0.99,10000,10,46,0.00516066,0.000278529,0.9281622661827366,0.9833108118831382
200000.0,435,0.0736007,0.793501,0.99,10000,10,31,0.00405538,0.000484064,0.9363181344494369,0.9779985455026264
373470.0,455,0.0676249,0.8,0.989309,10000,10,45,0.00600933,0.000243978,0.9224801315790591,0.9843802048669005
214376.0,464,0.0774875,0.8,0.99,10000,10,45,0.00446653,0.000356856,0.9331678969356791,0.981109367400746
704013.0,385,0.0614462,0.738268,0.99,10000,10,24,0.00705251,0.000221087,0.9160207763789162,0.9851310054139495
610317.0,370,0.0614462,0.791567,0.99,10000,10,35,0.00668705,0.000232531,0.9182256152575882,0.9847510328218597
211730.0,375,0.144602,0.524849,0.989768,10000,10,34,0.00152784,0.00123951,0.9609124060602344,0.9647933244966242
209661.0,389,0.144377,0.530947,0.989869,10000,10,34,0.00169777,0.0011239,0.9587959953402585,0.9664753821796579
373470.0,455,0.0676249,0.733552,0.99,10000,10,45,0.00560884,0.000271435,0.9251078108211543,0.9835247154804537
200000.0,400,0.142959,0.622492,0.99,10000,10,45,0.00249182,0.000807073,0.9500818670220931,0.9715909697455193
214376.0,500,0.0774875,0.8,0.99,10000,10,45,0.00480347,0.000303127,0.9306929296536061,0.9825894572169619
610317.0,370,0.0614462,0.791567,0.99,10000,10,35,0.00668705,0.000232531,0.9182256152575882,0.9847510328218597
221740.0,408,0.131326,0.650599,0.99,10000,10,45,0.00314132,0.000668795,0.94395252012802,0.9741389288698244
222544.0,396,0.131326,0.646912,0.99,10000,10,45,0.00293896,0.000701872,0.9457878242458394,0.9735071330354754
237967.0,359,0.135505,0.65382,0.989961,10117,10,37,0.00271629,0.000787491,0.947881960896442,0.9719377299563987
241069.0,389,0.144602,0.536725,0.989668,10000,10,44,0.00214225,0.000947419,0.953715553368329,0.969219827810748
237201.0,355,0.144602,0.569619,0.99,10000,10,39,0.00193675,0.00102919,0.9559914780979866,0.9679190087434942
513349.0,500,0.0608075,0.8,0.99,10000,10,45,0.00731763,0.00017612,0.9144568529921888,0.9867289789390568
290686.0,487,0.175524,0.739233,0.99,200000,28,39,0.00972492,0.000107661,0.9013849910003553,0.9896240181187513
373470.0,438,0.0676249,0.8,0.99,10000,10,43,0.00583915,0.000254316,0.9235856688833829,0.9840527118292796
218831.0,388,0.135505,0.65382,0.989985,10000,10,38,0.00285927,0.000730113,0.9465278577201175,0.9729793967498873
666835.0,500,0.0802769,0.8,0.989266,155857,10,24,0.00949713,0.00011834,0.9025467804533889,0.989121580997222
373470.0,455,0.0676249,0.752026,0.99,10000,10,45,0.00572521,0.00026214,0.9243348825415568,0.9838092619068802
687741.0,500,0.0565483,0.796876,0.99,114967,10,25,0.00925123,0.000127494,0.9038166854386895,0.9887086758969552
241835.0,359,0.135505,0.65382,0.98963,10210,10,37,0.00278216,0.000784912,0.9472538153038534,0.9719837190191132
227320.0,355,0.144602,0.60791,0.99,10000,10,36,0.00214383,0.000943015,0.953698488145634,0.9692914507017997
666835.0,500,0.0802769,0.8,0.989266,142831,10,30,0.00945259,0.000125896,0.9027755689139813,0.9887796613241846
241835.0,349,0.125209,0.620748,0.99,10210,10,30,0.00231807,0.000920012,0.9518536605752836,0.9696683004102968
646167.0,500,0.0565483,0.8,0.99,94649,10,25,0.00908741,0.000145237,0.9046720922289805,0.9879485685497531
237201.0,346,0.144602,0.569619,0.99,10000,10,32,0.00181569,0.00109062,0.9573890859051346,0.9669754636671459
200000.0,500,0.0774875,0.8,0.99,10000,10,40,0.00462375,0.000323519,0.9320018382601412,0.9820133660736646
214376.0,500,0.0736007,0.793501,0.99,10000,10,28,0.00475324,0.000310852,0.9310562548159733,0.9823690045658221
237201.0,355,0.13589,0.569619,0.99,10000,10,43,0.00192627,0.00104785,0.956110707456146,0.9676294887281649
687741.0,500,0.0565483,0.796876,0.99,114967,10,25,0.00925123,0.000127494,0.9038166854386895,0.9887086758969552
237201.0,352,0.144602,0.562328,0.99,10000,10,37,0.00183373,0.00107841,0.9571779262529242,0.9671608465395346
221740.0,408,0.146565,0.564846,0.99,10000,10,45,0.00241542,0.000858471,0.9508530774106863,0.9707003242338759
200000.0,498,0.0736007,0.793501,0.99,10000,10,31,0.00457676,0.000339806,0.9323482446643104,0.9815661723996344
373470.0,455,0.0676249,0.8,0.985129,10000,10,39,0.00599073,0.000253997,0.9226001937986923,0.9840627166681395
237201.0,389,0.144602,0.569619,0.99,10000,10,36,0.00241438,0.000872109,0.95086365906989,0.9704685083343222
241835.0,349,0.135505,0.620748,0.99,10210,10,32,0.00233297,0.000900718,0.9516991718497498,0.969988035719067
316579.0,477,0.0724666,0.782061,0.988755,10000,10,43,0.00562588,0.00026608,0.9249941335627673,0.983688041196717
214451.0,500,0.143137,0.798043,0.987739,153442,10,37,0.00974591,8.84481e-05,0.9012786244018045,0.9905953149973006
214451.0,500,0.11602,0.798043,0.989749,153442,10,36,0.00980337,8.31695e-05,0.9009880310265471,0.9908802686443076
200000.0,500,0.1329,0.750188,0.99,159748,13,42,0.00987344,6.48749e-05,0.9006348149501043,0.9919455043609174
200000.0,500,0.220895,0.8,0.989541,163230,22,42,0.00982429,6.58047e-05,0.9008824435329442,0.991887990384621
237201.0,355,0.144602,0.8,0.989487,199280,10,36,0.00991718,5.45246e-05,0.9004149609630041,0.9926159225356176
214376.0,500,0.0736007,0.765381,0.99,10000,10,41,0.00459727,0.000337829,0.9321968289827091,0.9816198748644086
663184.0,500,0.0802769,0.8,0.989266,146824,10,24,0.00946345,0.000123808,0.9027197347865458,0.9888730956686057
222544.0,500,0.111678,0.674764,0.99,200000,10,45,0.00997412,1.95307e-05,0.9001294838303115,0.9955806448434189
666835.0,500,0.0802769,0.8,0.989266,155857,10,24,0.00949713,0.00011834,0.9025467804533889,0.989121580997222
214376.0,500,0.0736007,0.8,0.99,10000,10,30,0.00478951,0.000305316,0.9307937141583222,0.982526706091867
200000.0,487,0.193701,0.735073,0.99,183780,20,40,0.00994658,2.3447e-05,0.900267457668021,0.9951577897608633
241835.0,349,0.132815,0.620748,0.99,10210,10,30,0.00232455,0.000903242,0.9517864127034712,0.96994601523924
373470.0,455,0.0676249,0.8,0.985129,10000,10,45,0.00599075,0.000253984,0.9226000645995102,0.98406312452204
241835.0,349,0.125209,0.620748,0.99,10210,10,32,0.00231816,0.000920004,0.9518527259338599,0.9696684322858181
200000.0,468,0.193701,0.587432,0.99,192859,21,35,0.0099814,1.32622e-05,0.9000930432852646,0.996358269642052
200000.0,500,0.1329,0.780056,0.98784,169943,24,42,0.00992364,4.42729e-05,0.9003825316523252,0.9933462116054086
211041.0,462,0.193701,0.669699,0.99,192541,17,38,0.00994239,2.78208e-05,0.9002884660633486,0.9947254573657994
200000.0,500,0.1329,0.722947,0.985574,174488,24,46,0.0099413,4.38322e-05,0.9002939319800445,0.9933794109023442
237201.0,355,0.144602,0.569619,0.99,10000,10,36,0.00193669,0.0010292,0.9559921597894193,0.9679188528883396
315370.0,477,0.0724666,0.782061,0.988755,10000,10,43,0.00561307,0.000266509,0.9250795755484528,0.9836748966312614
200000.0,500,0.1329,0.750632,0.986392,174488,24,39,0.00994169,3.90934e-05,0.9002919762506547,0.9937475284886694
200000.0,500,0.1329,0.751811,0.986392,169943,24,42,0.00992277,5.0227e-05,0.9003868984520611,0.9929128990412158
217048.0,500,0.0887297,0.782723,0.989334,200000,10,44,0.00998851,9.75136e-06,0.900057466512,0.9968772832341053
216244.0,500,0.0693572,0.78641,0.989334,200000,10,45,0.00999299,7.13049e-06,0.9000350561446664,0.9973297022637916
200000.0,500,0.12967,0.722947,0.99,196294,24,46,0.00999621,3.17424e-06,0.9000189517958528,0.9982183603057857
666835.0,500,0.0802769,0.8,0.99,142831,10,29,0.0094541,0.000124641,0.9027678036862274,0.9888357266246298
200000.0,491,0.01,0.798245,0.99,198240,12,39,0.00999989,1.41472e-09,0.9000005500015125,0.999962387236209
200080.0,191,0.207665,0.666832,0.99,10000,18,36,8.16953e-05,0.00769209,0.9909614547630716,0.9122954391151749
216708.0,211,0.171002,0.495968,0.99,13990,10,40,0.000175064,0.005602,0.9867688246931726,0.9251534903953431
237201.0,242,0.171002,0.495968,0.99,13990,10,40,0.000517928,0.00375334,0.9772419684506766,0.9387354915142544
240897.0,279,0.171002,0.495968,0.99,10000,10,35,0.000542077,0.0022641,0.9767174528884832,0.9524174401697428
627313.0,496,0.0565483,0.791824,0.99,94649,10,29,0.00905391,0.000155961,0.9048479637632488,0.987511565350293
513349.0,500,0.0608075,0.8,0.99,10000,10,45,0.00731763,0.00017612,0.9144568529921888,0.9867289789390568
237201.0,271,0.219265,0.569619,0.99,10000,10,40,0.00100333,0.00182519,0.9683246152351704,0.9572777575494918
200000.0,376,0.162752,0.476606,0.99,10000,10,39,0.00102873,0.00155876,0.9679261788992954,0.9605188652645342
200000.0,389,0.144602,0.50362,0.989668,10000,10,34,0.00138824,0.00134197,0.962740907150066,0.9633670912975778
270318.0,494,0.0634958,0.769663,0.99,10000,10,46,0.00516066,0.000278529,0.9281622661827366,0.9833108118831382
200000.0,419,0.0736007,0.793501,0.99,10000,10,31,0.00391584,0.000534433,0.9374233270299547,0.9768821930105817
209661.0,436,0.121461,0.648188,0.99,10000,10,34,0.00319773,0.000607758,0.9434515252195075,0.975347251674509
373470.0,459,0.0676249,0.8,0.99,10000,10,43,0.00605212,0.000239733,0.9222046273869712,0.9845166864011607
610317.0,370,0.0614462,0.791567,0.99,10000,10,35,0.00668705,0.000232531,0.9182256152575882,0.9847510328218597
214376.0,464,0.0736007,0.765381,0.99,10000,10,41,0.0042979,0.000408921,0.9344416290623386,0.979778204827464
704013.0,385,0.0614462,0.738268,0.99,10000,10,24,0.00705251,0.000221087,0.9160207763789162,0.9851310054139495
200000.0,435,0.0736007,0.793501,0.99,10000,10,31,0.00405538,0.000484064,0.9363181344494369,0.9779985455026264
209661.0,389,0.144377,0.530947,0.989869,10000,10,34,0.00169777,0.0011239,0.9587959953402585,0.9664753821796579
373470.0,455,0.0676249,0.733552,0.99,10000,10,45,0.00560884,0.000271435,0.9251078108211543,0.9835247154804537
214376.0,500,0.0774875,0.8,0.99,10000,10,45,0.00480347,0.000303127,0.9306929296536061,0.9825894572169619
200000.0,400,0.142959,0.622492,0.99,10000,10,45,0.00249182,0.000807073,0.9500818670220931,0.9715909697455193
221740.0,408,0.131326,0.650599,0.99,10000,10,45,0.00314132,0.000668795,0.94395252012802,0.9741389288698244
214376.0,464,0.0774875,0.8,0.99,10000,10,45,0.00446653,0.000356856,0.9331678969356791,0.981109367400746
222544.0,396,0.131326,0.646912,0.99,10000,10,45,0.00293896,0.000701872,0.9457878242458394,0.9735071330354754
214451.0,500,0.15829,0.798043,0.988719,153442,10,37,0.00971999,8.69388e-05,0.9014099903641348,0.9906759021884153
629171.0,370,0.0614462,0.799743,0.99,10000,10,35,0.00683318,0.000225638,0.9173369490038021,0.9849787483877008
211730.0,375,0.144602,0.524849,0.989768,10000,10,34,0.00152784,0.00123951,0.9609124060602344,0.9647933244966242
237967.0,359,0.135505,0.65382,0.989961,10117,10,37,0.00271629,0.000787491,0.947881960896442,0.9719377299563987
241069.0,389,0.144602,0.519853,0.99,10000,10,44,0.00197339,0.00100297,0.9555771455217025,0.9683302983910489
513349.0,500,0.0608075,0.8,0.99,10000,10,45,0.00731763,0.00017612,0.9144568529921888,0.9867289789390568
373470.0,438,0.0676249,0.8,0.99,10000,10,43,0.00583915,0.000254316,0.9235856688833829,0.9840527118292796
200000.0,389,0.144602,0.520492,0.989668,10000,10,34,0.00151762,0.00123996,0.9610433574341936,0.9647869342430966
218831.0,388,0.135505,0.65382,0.989985,10000,10,38,0.00285927,0.000730113,0.9465278577201175,0.9729793967498873
241069.0,389,0.144602,0.536725,0.989668,10000,10,44,0.00214225,0.000947419,0.953715553368329,0.969219827810748
666835.0,500,0.0802769,0.8,0.989266,155857,10,24,0.00949713,0.00011834,0.9025467804533889,0.989121580997222
687741.0,500,0.0565483,0.796876,0.99,114967,10,25,0.00925123,0.000127494,0.9038166854386895,0.9887086758969552
241835.0,359,0.135505,0.65382,0.98963,10210,10,37,0.00278216,0.000784912,0.9472538153038534,0.9719837190191132
227320.0,355,0.144602,0.60791,0.99,10000,10,36,0.00214383,0.000943015,0.953698488145634,0.9692914507017997
666835.0,500,0.0802769,0.8,0.989266,142831,10,30,0.00945259,0.000125896,0.9027755689139813,0.9887796613241846
200000.0,419,0.0736007,0.793501,0.99,10000,10,32,0.00391587,0.00053442,0.9374230873244772,0.9768824741808299
241835.0,349,0.125209,0.620748,0.99,10210,10,30,0.00231807,0.000920012,0.9518536605752836,0.9696683004102968
237201.0,346,0.144602,0.569619,0.99,10000,10,32,0.00181569,0.00109062,0.9573890859051346,0.9669754636671459
200000.0,500,0.0774875,0.8,0.99,10000,10,40,0.00462375,0.000323519,0.9320018382601412,0.9820133660736646
646167.0,500,0.0565483,0.8,0.99,94649,10,25,0.00908741,0.000145237,0.9046720922289805,0.9879485685497531
687741.0,500,0.0565483,0.796876,0.99,114967,10,25,0.00925123,0.000127494,0.9038166854386895,0.9887086758969552
221740.0,408,0.146565,0.564846,0.99,10000,10,45,0.00241542,0.000858471,0.9508530774106863,0.9707003242338759
200000.0,498,0.0736007,0.793501,0.99,10000,10,31,0.00457676,0.000339806,0.9323482446643104,0.9815661723996344
610317.0,370,0.0614462,0.8,0.99,10000,10,38,0.00673034,0.000229588,0.9179613505718189,0.9848478384380314
373470.0,455,0.0676249,0.8,0.985129,10000,10,39,0.00599073,0.000253997,0.9226001937986923,0.9840627166681395
209661.0,436,0.121461,0.648188,0.99,10000,10,34,0.00319773,0.000607758,0.9434515252195075,0.975347251674509
214376.0,500,0.0736007,0.793501,0.99,10000,10,25,0.004753,0.000310886,0.9310579953874273,0.9823680403811714
237201.0,389,0.144602,0.569619,0.99,10000,10,36,0.00241438,0.000872109,0.95086365906989,0.9704685083343222
373470.0,455,0.0676249,0.752026,0.99,10000,10,45,0.00572521,0.00026214,0.9243348825415568,0.9838092619068802
237201.0,374,0.13589,0.535288,0.989507,10000,10,43,0.00187333,0.00107414,0.9567180176054747,0.9672259248795637
200000.0,500,0.220895,0.745998,0.989541,162250,22,42,0.00979664,7.51604e-05,0.9010220226515009,0.9913304902099369
241835.0,349,0.135505,0.620748,0.99,10210,10,32,0.00233297,0.000900718,0.9516991718497498,0.969988035719067
237201.0,355,0.13589,0.569619,0.99,10000,10,43,0.00192627,0.00104785,0.956110707456146,0.9676294887281649
200000.0,500,0.1329,0.751768,0.99,159748,13,45,0.00987342,6.38212e-05,0.900634915589026,0.9920111828159608
316579.0,477,0.0724666,0.782061,0.988755,10000,10,43,0.00562588,0.00026608,0.9249941335627673,0.983688041196717
373470.0,455,0.0676249,0.750446,0.99,10000,10,49,0.00571541,0.000262884,0.9243996693128925,0.9837863020874323
200000.0,500,0.220895,0.8,0.989541,163230,22,42,0.00982429,6.58047e-05,0.9008824435329442,0.991887990384621
373470.0,455,0.0676249,0.8,0.989309,10000,10,45,0.00600933,0.000243978,0.9224801315790591,0.9843802048669005
237201.0,352,0.144602,0.562328,0.99,10000,10,37,0.00183373,0.00107841,0.9571779262529242,0.9671608465395346
666835.0,500,0.0802769,0.8,0.989266,155857,10,24,0.00949713,0.00011834,0.9025467804533889,0.989121580997222
237201.0,355,0.144602,0.569619,0.99,10000,10,39,0.00193675,0.00102919,0.9559914780979866,0.9679190087434942
214376.0,500,0.0736007,0.765381,0.99,10000,10,41,0.00459727,0.000337829,0.9321968289827091,0.9816198748644086
237201.0,355,0.144602,0.8,0.989487,199280,10,36,0.00991718,5.45246e-05,0.9004149609630041,0.9926159225356176
214376.0,500,0.0736007,0.8,0.99,10000,10,30,0.00478951,0.000305316,0.9307937141583222,0.982526706091867
646167.0,500,0.0565483,0.8,0.99,94649,10,25,0.00908741,0.000145237,0.9046720922289805,0.9879485685497531
610317.0,370,0.0614462,0.791567,0.99,10000,10,35,0.00668705,0.000232531,0.9182256152575882,0.9847510328218597
663184.0,500,0.0802769,0.8,0.989266,146824,10,24,0.00946345,0.000123808,0.9027197347865458,0.9888730956686057
222544.0,500,0.111678,0.674764,0.99,200000,10,45,0.00997412,1.95307e-05,0.9001294838303115,0.9955806448434189
214376.0,500,0.0736007,0.793501,0.99,10000,10,28,0.00475324,0.000310852,0.9310562548159733,0.9823690045658221
200000.0,487,0.193701,0.735073,0.99,183780,20,40,0.00994658,2.3447e-05,0.900267457668021,0.9951577897608633
241835.0,349,0.132815,0.620748,0.99,10210,10,30,0.00232455,0.000903242,0.9517864127034712,0.96994601523924
237201.0,355,0.144602,0.569619,0.99,10000,10,36,0.00193669,0.0010292,0.9559921597894193,0.9679188528883396
373470.0,455,0.0676249,0.8,0.985129,10000,10,45,0.00599075,0.000253984,0.9226000645995102,0.98406312452204
241835.0,349,0.125209,0.620748,0.99,10210,10,32,0.00231816,0.000920004,0.9518527259338599,0.9696684322858181
200000.0,500,0.1329,0.780056,0.98784,169943,24,42,0.00992364,4.42729e-05,0.9003825316523252,0.9933462116054086
200080.0,191,0.207665,0.666832,0.99,10000,18,36,8.16953e-05,0.00769209,0.9909614547630716,0.9122954391151749
200000.0,491,0.01,0.798245,0.99,198240,12,39,0.00999989,1.41472e-09,0.9000005500015125,0.999962387236209
237201.0,242,0.171002,0.495968,0.99,13990,10,40,0.000517928,0.00375334,0.9772419684506766,0.9387354915142544
216708.0,211,0.171002,0.495968,0.99,13990,10,40,0.000175064,0.005602,0.9867688246931726,0.9251534903953431
237201.0,242,0.171002,0.495968,0.886379,10303,10,40,0.000161549,0.0063681,0.9872898072398567,0.920199624061036
240897.0,279,0.171002,0.495968,0.99,10000,10,35,0.000542077,0.0022641,0.9767174528884832,0.9524174401697428
200080.0,191,0.207665,0.666832,0.99,10000,18,38,8.17162e-05,0.00769195,0.9909602986775005,0.9122962372528978
627313.0,496,0.0565483,0.791824,0.99,63147,10,29,0.00874001,0.000171923,0.9065119793770346,0.9868880588774964
513349.0,500,0.0608075,0.8,0.99,10000,10,45,0.00731763,0.00017612,0.9144568529921888,0.9867289789390568
237201.0,271,0.219265,0.526682,0.99,10000,10,30,0.00064871,0.0020485,0.9745302139781269,0.9547396420694666
237201.0,271,0.219265,0.569619,0.99,10000,10,40,0.00100333,0.00182519,0.9683246152351704,0.9572777575494918
200000.0,419,0.0736007,0.793501,0.99,10000,10,31,0.00391584,0.000534433,0.9374233270299547,0.9768821930105817
209661.0,436,0.121461,0.648188,0.99,10000,10,34,0.00319773,0.000607758,0.9434515252195075,0.975347251674509
270476.0,494,0.0634958,0.8,0.99,10000,10,46,0.00532573,0.000256304,0.9270224006972002,0.9839905028186392
373470.0,438,0.0676249,0.8,0.99,10000,10,43,0.00583915,0.000254316,0.9235856688833829,0.9840527118292796
200000.0,376,0.162752,0.476606,0.99,10000,10,39,0.00102873,0.00155876,0.9679261788992954,0.9605188652645342
373470.0,459,0.0676249,0.8,0.99,10000,10,43,0.00605212,0.000239733,0.9222046273869712,0.9845166864011607
209661.0,343,0.144377,0.534446,0.989869,10000,10,34,0.00124373,0.00149554,0.9647334436044572,0.9613277877539957
610317.0,370,0.0614462,0.791567,0.99,10000,10,35,0.00668705,0.000232531,0.9182256152575882,0.9847510328218597
200000.0,389,0.144602,0.50362,0.989668,10000,10,34,0.00138824,0.00134197,0.962740907150066,0.9633670912975778
270318.0,494,0.0634958,0.769663,0.99,10000,10,46,0.00516066,0.000278529,0.9281622661827366,0.9833108118831382
200000.0,435,0.0736007,0.793501,0.99,10000,10,31,0.00405538,0.000484064,0.9363181344494369,0.9779985455026264
627313.0,496,0.0565483,0.791824,0.99,94649,10,29,0.00905391,0.000155961,0.9048479637632488,0.987511565350293
221740.0,408,0.131326,0.650599,0.99,10000,10,45,0.00314132,0.000668795,0.94395252012802,0.9741389288698244
209661.0,389,0.144377,0.530947,0.989869,10000,10,34,0.00169777,0.0011239,0.9587959953402585,0.9664753821796579
222544.0,396,0.131326,0.646912,0.99,10000,10,45,0.00293896,0.000701872,0.9457878242458394,0.9735071330354754
214376.0,500,0.0774875,0.8,0.99,10000,10,45,0.00480347,0.000303127,0.9306929296536061,0.9825894572169619
629171.0,370,0.0614462,0.799743,0.99,10000,10,29,0.00683305,0.000225637,0.9173377353322569,0.9849787816739121
610317.0,421,0.0614462,0.791567,0.99,12759,10,35,0.00728677,0.000210242,0.9146374203763734,0.9855002758646931
241069.0,359,0.144602,0.519488,0.989668,10000,10,44,0.00160442,0.00121426,0.9599447881044176,0.9651537663441226
237967.0,359,0.135505,0.65382,0.989961,10117,10,37,0.00271629,0.000787491,0.947881960896442,0.9719377299563987
214376.0,464,0.0774875,0.8,0.99,10000,10,45,0.00446653,0.000356856,0.9331678969356791,0.981109367400746
200000.0,400,0.142959,0.622492,0.99,10000,10,45,0.00249182,0.000807073,0.9500818670220931,0.9715909697455193
200000.0,389,0.144602,0.520492,0.989668,10000,10,34,0.00151762,0.00123996,0.9610433574341936,0.9647869342430966
214451.0,500,0.15829,0.798043,0.988719,153442,10,37,0.00971999,8.69388e-05,0.9014099903641348,0.9906759021884153
666835.0,500,0.0802769,0.8,0.989266,180680,10,22,0.00957103,0.000105109,0.9021683589016314,0.9897477319582445
214376.0,464,0.0736007,0.765381,0.99,10000,10,41,0.0042979,0.000408921,0.9344416290623386,0.979778204827464
773218.0,500,0.0707547,0.796876,0.99,114967,10,37,0.00939276,0.000123749,0.903083747493003,0.9888757472161048
704013.0,385,0.0614462,0.738268,0.99,10000,10,31,0.00705283,0.000221084,0.9160188711673867,0.985131106295356
200000.0,470,0.0736007,0.793501,0.99,10000,10,31,0.00434868,0.000394475,0.9340554778620695,0.9801386052856301
704013.0,385,0.0614462,0.738268,0.99,10000,10,24,0.00705251,0.000221087,0.9160207763789162,0.9851310054139495
241835.0,359,0.135505,0.65382,0.98963,10210,10,37,0.00278216,0.000784912,0.9472538153038534,0.9719837190191132
241069.0,389,0.144602,0.519853,0.99,10000,10,44,0.00197339,0.00100297,0.9555771455217025,0.9683302983910489
200000.0,419,0.0736007,0.793501,0.99,10000,10,32,0.00391587,0.00053442,0.9374230873244772,0.9768824741808299
237201.0,355,0.13589,0.605233,0.99,10000,10,44,0.00220644,0.000923273,0.9530272419374805,0.9696145923180222
237201.0,346,0.144602,0.569619,0.99,10000,10,32,0.00181569,0.00109062,0.9573890859051346,0.9669754636671459
200000.0,500,0.0774875,0.8,0.99,10000,10,40,0.00462375,0.000323519,0.9320018382601412,0.9820133660736646
248928.0,389,0.144602,0.519853,0.99,10000,10,44,0.00207688,0.00097285,0.9544272010953903,0.968809456561323
646167.0,500,0.0565483,0.8,0.99,94649,10,25,0.00908741,0.000145237,0.9046720922289805,0.9879485685497531
687741.0,500,0.0565483,0.796876,0.99,114967,10,25,0.00925123,0.000127494,0.9038166854386895,0.9887086758969552
687741.0,500,0.0565483,0.796876,0.99,114967,10,25,0.00925123,0.000127494,0.9038166854386895,0.9887086758969552
221740.0,408,0.146565,0.564846,0.99,10000,10,45,0.00241542,0.000858471,0.9508530774106863,0.9707003242338759
200000.0,498,0.0736007,0.793501,0.99,10000,10,31,0.00457676,0.000339806,0.9323482446643104,0.9815661723996344
610317.0,370,0.0614462,0.8,0.99,10000,10,38,0.00673034,0.000229588,0.9179613505718189,0.9848478384380314
373470.0,455,0.0676249,0.8,0.985129,10000,10,39,0.00599073,0.000253997,0.9226001937986923,0.9840627166681395
209661.0,436,0.121461,0.648188,0.99,10000,10,34,0.00319773,0.000607758,0.9434515252195075,0.975347251674509
218831.0,388,0.135505,0.65382,0.989985,10000,10,38,0.00285927,0.000730113,0.9465278577201175,0.9729793967498873
214376.0,464,0.0736007,0.765381,0.99,10000,10,41,0.0042979,0.000408921,0.9344416290623386,0.979778204827464
214376.0,500,0.0736007,0.793501,0.99,10000,10,25,0.004753,0.000310886,0.9310579953874273,0.9823680403811714
237201.0,389,0.144602,0.569619,0.99,10000,10,36,0.00241438,0.000872109,0.95086365906989,0.9704685083343222
237201.0,374,0.13589,0.535288,0.989507,10000,10,43,0.00187333,0.00107414,0.9567180176054747,0.9672259248795637
200000.0,500,0.220895,0.745998,0.989541,162250,22,42,0.00979664,7.51604e-05,0.9010220226515009,0.9913304902099369
241835.0,349,0.135505,0.620748,0.99,10210,10,32,0.00233297,0.000900718,0.9516991718497498,0.969988035719067
200000.0,500,0.220895,0.8,0.989541,174947,12,42,0.00989605,3.55308e-05,0.9005211077665216,0.9940392282378873
666835.0,500,0.0802769,0.8,0.989266,155857,10,24,0.00949713,0.00011834,0.9025467804533889,0.989121580997222
237201.0,355,0.13589,0.569619,0.99,10000,10,43,0.00192627,0.00104785,0.956110707456146,0.9676294887281649
211730.0,375,0.144602,0.524849,0.989768,10000,10,34,0.00152784,0.00123951,0.9609124060602344,0.9647933244966242
241835.0,349,0.125209,0.620748,0.99,10210,10,30,0.00231807,0.000920012,0.9518536605752836,0.9696683004102968
218831.0,388,0.135505,0.65382,0.989985,10000,10,38,0.00285927,0.000730113,0.9465278577201175,0.9729793967498873
200000.0,500,0.1329,0.751768,0.99,159748,13,45,0.00987342,6.38212e-05,0.900634915589026,0.9920111828159608
200000.0,400,0.142959,0.622492,0.99,10000,10,45,0.00249182,0.000807073,0.9500818670220931,0.9715909697455193
200000.0,487,0.193701,0.735073,0.99,183780,20,40,0.00994658,2.3447e-05,0.900267457668021,0.9951577897608633
237201.0,394,0.13589,0.535288,0.989507,10000,10,42,0.00209777,0.000957047,0.9541985808080142,0.9690638237656947
227320.0,355,0.144602,0.60791,0.99,10000,10,36,0.00214383,0.000943015,0.953698488145634,0.9692914507017997
200000.0,500,0.220895,0.8,0.989541,163230,22,42,0.00982429,6.58047e-05,0.9008824435329442,0.991887990384621
222544.0,500,0.111678,0.674764,0.99,200000,10,45,0.00997412,1.95307e-05,0.9001294838303115,0.9955806448434189
666835.0,500,0.0802769,0.8,0.989266,155857,10,24,0.00949713,0.00011834,0.9025467804533889,0.989121580997222
237201.0,352,0.144602,0.562328,0.99,10000,10,37,0.00183373,0.00107841,0.9571779262529242,0.9671608465395346
237201.0,355,0.144602,0.569619,0.99,10000,10,39,0.00193675,0.00102919,0.9559914780979866,0.9679190087434942
214376.0,500,0.0736007,0.765381,0.99,10000,10,41,0.00459727,0.000337829,0.9321968289827091,0.9816198748644086
200000.0,491,0.01,0.798245,0.99,198240,12,39,0.00999989,1.41472e-09,0.9000005500015125,0.999962387236209
200080.0,191,0.207665,0.666832,0.99,10000,18,36,8.16953e-05,0.00769209,0.9909614547630716,0.9122954391151749
316870.0,211,0.171002,0.38193,0.99,13990,10,40,8.78164e-05,0.00647524,0.9906289595028087,0.9195311240292248
202898.0,191,0.207665,0.666832,0.99,10000,10,36,0.000148217,0.00318295,0.9878255595611133,0.9435823609143381
200080.0,191,0.207665,0.666832,0.99,10000,18,38,8.17162e-05,0.00769195,0.9909602986775005,0.9122962372528978
627313.0,496,0.0565483,0.791824,0.99,22816,10,25,0.00808208,0.000174749,0.9100996106793747,0.9867807337571255
241069.0,251,0.144602,0.511892,0.99,10000,10,44,0.000408886,0.00288272,0.9797790702488733,0.9463090324169884
240897.0,279,0.171002,0.495968,0.99,10000,10,35,0.000542077,0.0022641,0.9767174528884832,0.9524174401697428
627313.0,496,0.0565483,0.791824,0.99,63147,10,29,0.00874001,0.000171923,0.9065119793770346,0.9868880588774964
237201.0,271,0.219265,0.526682,0.99,10000,10,30,0.00064871,0.0020485,0.9745302139781269,0.9547396420694666
200000.0,419,0.0736007,0.793501,0.99,10000,10,31,0.00391584,0.000534433,0.9374233270299547,0.9768821930105817
513349.0,500,0.0608075,0.8,0.99,10000,10,45,0.00731763,0.00017612,0.9144568529921888,0.9867289789390568
209661.0,436,0.121461,0.648188,0.99,10000,10,34,0.00319773,0.000607758,0.9434515252195075,0.975347251674509
270476.0,494,0.0634958,0.8,0.99,10000,10,46,0.00532573,0.000256304,0.9270224006972002,0.9839905028186392
200000.0,376,0.162752,0.476606,0.99,10000,10,39,0.00102873,0.00155876,0.9679261788992954,0.9605188652645342
240897.0,250,0.171002,0.495968,0.99,10000,10,47,0.000277538,0.0029038,0.9833405282196583,0.946113081364769
373470.0,477,0.0715614,0.8,0.99,10000,10,43,0.00628532,0.000239393,0.9207199899091832,0.9845276698587446
237201.0,271,0.219265,0.569619,0.99,10000,10,27,0.00100248,0.00182559,0.9683380354368211,0.9572730764037475
200000.0,389,0.144602,0.50362,0.989668,10000,10,34,0.00138824,0.00134197,0.962740907150066,0.9633670912975778
373470.0,438,0.0676249,0.8,0.99,10000,10,42,0.00583886,0.000254665,0.9235875664567604,0.9840417732814701
610317.0,370,0.0614462,0.791567,0.99,10000,10,35,0.00668705,0.000232531,0.9182256152575882,0.9847510328218597
209661.0,343,0.144377,0.534446,0.989869,10000,10,34,0.00124373,0.00149554,0.9647334436044572,0.9613277877539957
243178.0,500,0.0608075,0.8,0.99,10000,10,45,0.00511074,0.000285524,0.9285105602204073,0.9831025445702615
227173.0,291,0.171002,0.495968,0.99,10000,10,35,0.000564058,0.00219687,0.9762500947370311,0.9531292201899734
209661.0,389,0.144377,0.530947,0.989869,10000,10,34,0.00169777,0.0011239,0.9587959953402585,0.9664753821796579
237201.0,271,0.219265,0.569619,0.99,10000,10,40,0.00100333,0.00182519,0.9683246152351704,0.9572777575494918
627313.0,496,0.0565483,0.791824,0.99,94649,10,28,0.0090539,0.00015595,0.9048480163107463,0.9875120057655362
629171.0,370,0.0614462,0.799743,0.99,10000,10,29,0.00683305,0.000225637,0.9173377353322569,0.9849787816739121
610317.0,421,0.0614462,0.791567,0.99,12759,10,35,0.00728677,0.000210242,0.9146374203763734,0.9855002758646931
241069.0,359,0.144602,0.519488,0.989668,10000,10,44,0.00160442,0.00121426,0.9599447881044176,0.9651537663441226
222544.0,396,0.131326,0.646912,0.99,10000,10,45,0.00293896,0.000701872,0.9457878242458394,0.9735071330354754
214376.0,500,0.0774875,0.8,0.99,10000,10,45,0.00480347,0.000303127,0.9306929296536061,0.9825894572169619
200000.0,435,0.0736007,0.793501,0.99,10000,10,31,0.00405538,0.000484064,0.9363181344494369,0.9779985455026264
221740.0,408,0.146565,0.564846,0.99,10000,10,45,0.00241542,0.000858471,0.9508530774106863,0.9707003242338759
200000.0,400,0.142959,0.596091,0.99,10000,10,45,0.00226066,0.000863821,0.952453601608534,0.9706091680961563
214451.0,500,0.15829,0.798043,0.988719,153442,10,37,0.00971999,8.69388e-05,0.9014099903641348,0.9906759021884153
666835.0,500,0.0802769,0.8,0.989266,180680,10,22,0.00957103,0.000105109,0.9021683589016314,0.9897477319582445
214376.0,464,0.0736007,0.765381,0.99,10000,10,41,0.0042979,0.000408921,0.9344416290623386,0.979778204827464
200000.0,389,0.144602,0.519696,0.989668,10000,10,34,0.00151148,0.00124459,0.9611222428630457,0.9647212528567127
773218.0,500,0.0707547,0.796876,0.99,114967,10,37,0.00939276,0.000123749,0.903083747493003,0.9888757472161048
210908.0,399,0.109152,0.646912,0.99,10000,10,45,0.0027524,0.000746121,0.9475366794798499,0.9726847844599388
270318.0,494,0.0634958,0.769663,0.99,10000,10,46,0.00516066,0.000278529,0.9281622661827366,0.9833108118831382
373470.0,459,0.0676249,0.8,0.99,10000,10,43,0.00605212,0.000239733,0.9222046273869712,0.9845166864011607
704013.0,385,0.0614462,0.738268,0.99,10000,10,31,0.00705283,0.000221084,0.9160188711673867,0.985131106295356
234529.0,396,0.131326,0.646912,0.99,10000,10,39,0.00311467,0.000687624,0.9441907713724692,0.9737774143151366
222544.0,396,0.107524,0.646912,0.99,10000,10,30,0.00284113,0.000721583,0.9466977486404186,0.9731377030021631
210467.0,405,0.125209,0.620748,0.99,10210,10,31,0.00263507,0.000760306,0.9486670671011289,0.9724263531610343
200000.0,435,0.0736007,0.793501,0.99,10000,10,31,0.00405538,0.000484064,0.9363181344494369,0.9779985455026264
646167.0,500,0.0565483,0.8,0.99,94649,10,25,0.00908741,0.000145237,0.9046720922289805,0.9879485685497531
373470.0,455,0.0676249,0.8,0.985129,10000,10,39,0.00599073,0.000253997,0.9226001937986923,0.9840627166681395
209661.0,343,0.144377,0.534446,0.989869,10000,10,34,0.00124373,0.00149554,0.9647334436044572,0.9613277877539957
704013.0,385,0.0614462,0.738268,0.99,10000,10,24,0.00705251,0.000221087,0.9160207763789162,0.9851310054139495
214376.0,464,0.0774875,0.8,0.99,10000,10,45,0.00446653,0.000356856,0.9331678969356791,0.981109367400746
241069.0,389,0.144602,0.519853,0.99,10000,10,44,0.00197339,0.00100297,0.9555771455217025,0.9683302983910489
200000.0,419,0.0736007,0.793501,0.99,10000,10,32,0.00391587,0.00053442,0.9374230873244772,0.9768824741808299
200000.0,388,0.135505,0.65382,0.989724,10000,10,41,0.00255286,0.00077765,0.9494741650242176,0.9721136233977952
237201.0,346,0.144602,0.569619,0.99,10000,10,32,0.00181569,0.00109062,0.9573890859051346,0.9669754636671459
221740.0,408,0.131326,0.650599,0.99,10000,10,45,0.00314132,0.000668795,0.94395252012802,0.9741389288698244
248928.0,389,0.144602,0.519853,0.99,10000,10,44,0.00207688,0.00097285,0.9544272010953903,0.968809456561323
687741.0,500,0.0565483,0.796876,0.99,114967,10,25,0.00925123,0.000127494,0.9038166854386895,0.9887086758969552
200000.0,467,0.0957756,0.8,0.99,10000,10,31,0.00440208,0.000373635,0.9336518274554604,0.980670359548093
687741.0,500,0.0565483,0.796876,0.99,114967,10,25,0.00925123,0.000127494,0.9038166854386895,0.9887086758969552
200000.0,498,0.0736007,0.793501,0.99,10000,10,31,0.00457676,0.000339806,0.9323482446643104,0.9815661723996344
610317.0,370,0.0614462,0.8,0.99,10000,10,38,0.00673034,0.000229588,0.9179613505718189,0.9848478384380314
373470.0,438,0.0676249,0.8,0.99,10000,10,43,0.00583915,0.000254316,0.9235856688833829,0.9840527118292796
209661.0,436,0.121461,0.648188,0.99,10000,10,34,0.00319773,0.000607758,0.9434515252195075,0.975347251674509
200000.0,500,0.220895,0.8,0.989541,174947,12,42,0.00989605,3.55308e-05,0.9005211077665216,0.9940392282378873
200000.0,470,0.0736007,0.793501,0.99,10000,10,31,0.00434868,0.000394475,0.9340554778620695,0.9801386052856301
214376.0,464,0.0736007,0.765381,0.99,10000,10,41,0.0042979,0.000408921,0.9344416290623386,0.979778204827464
203288.0,500,0.0857256,0.8,0.99,10000,10,40,0.00471393,0.000319523,0.9313419341956096,0.9821247937074841
200000.0,500,0.0774875,0.8,0.99,10000,10,40,0.00462375,0.000323519,0.9320018382601412,0.9820133660736646
227320.0,355,0.144602,0.60791,0.99,10000,10,36,0.00214383,0.000943015,0.953698488145634,0.9692914507017997
237201.0,374,0.13589,0.535288,0.989507,10000,10,43,0.00187333,0.00107414,0.9567180176054747,0.9672259248795637
200000.0,500,0.220895,0.745998,0.989541,162250,22,42,0.00979664,7.51604e-05,0.9010220226515009,0.9913304902099369
200000.0,400,0.142959,0.622492,0.99,10000,10,45,0.00249182,0.000807073,0.9500818670220931,0.9715909697455193
666835.0,500,0.0802769,0.8,0.989266,155857,10,24,0.00949713,0.00011834,0.9025467804533889,0.989121580997222
237201.0,355,0.13589,0.569619,0.99,10000,10,43,0.00192627,0.00104785,0.956110707456146,0.9676294887281649
211730.0,375,0.144602,0.524849,0.989768,10000,10,34,0.00152784,0.00123951,0.9609124060602344,0.9647933244966242
200000.0,400,0.142959,0.622492,0.99,10000,10,45,0.00249182,0.000807073,0.9500818670220931,0.9715909697455193
216812.0,500,0.220895,0.8,0.989802,174947,12,39,0.00984154,5.82796e-05,0.900795463813392,0.9923658923245738
322528.0,211,0.222738,0.38193,0.99,13990,12,40,2.35541e-05,0.0082106,0.9951467433614118,0.9093876388123563
200000.0,491,0.01,0.798245,0.99,198240,12,39,0.00999989,1.41472e-09,0.9000005500015125,0.999962387236209
278907.0,159,0.207665,0.632457,0.99,10000,10,38,8.41067e-05,0.00384256,0.9908290294951951,0.9380116139910063
200080.0,191,0.207665,0.666832,0.99,10000,18,38,8.17162e-05,0.00769195,0.9909602986775005,0.9122962372528978
627313.0,496,0.0565483,0.791824,0.99,22816,10,25,0.00808208,0.000174749,0.9100996106793747,0.9867807337571255
513349.0,464,0.0608075,0.8,0.99,10000,10,50,0.0070387,0.000190778,0.9161030393875916,0.986187759052203
513349.0,500,0.0608075,0.8,0.99,10000,10,45,0.00731763,0.00017612,0.9144568529921888,0.9867289789390568
627313.0,496,0.0565483,0.791824,0.99,63147,10,29,0.00874001,0.000171923,0.9065119793770346,0.9868880588774964
202898.0,191,0.207665,0.666832,0.99,10000,10,36,0.000148217,0.00318295,0.9878255595611133,0.9435823609143381
241069.0,251,0.144602,0.511892,0.99,10000,10,44,0.000408886,0.00288272,0.9797790702488733,0.9463090324169884
237201.0,271,0.201405,0.500381,0.99,10000,10,30,0.000448433,0.00229179,0.9788237633182852,0.9521273564548604
444009.0,433,0.0608075,0.8,0.99,10000,10,36,0.00628596,0.000223148,0.9207159536854986,0.9850618608923334
209661.0,472,0.121461,0.648188,0.99,10000,10,34,0.00367432,0.000543495,0.9393838305400284,0.9766870207824053
237201.0,271,0.219265,0.526682,0.99,10000,10,30,0.00064871,0.0020485,0.9745302139781269,0.9547396420694666
270476.0,494,0.0634958,0.8,0.99,10000,10,46,0.00532573,0.000256304,0.9270224006972002,0.9839905028186392
200080.0,191,0.207665,0.666832,0.99,10000,18,36,8.16953e-05,0.00769209,0.9909614547630716,0.9122954391151749
240897.0,250,0.171002,0.495968,0.99,10000,10,47,0.000277538,0.0029038,0.9833405282196583,0.946113081364769
237201.0,271,0.166266,0.569619,0.99,10000,10,27,0.000865061,0.00183422,0.9705880806474654,0.9571722052867533
240228.0,291,0.171002,0.581226,0.99,10000,10,41,0.00123339,0.00145962,0.964880347382128,0.961795026501776
209661.0,436,0.121461,0.648188,0.99,10000,10,34,0.00319773,0.000607758,0.9434515252195075,0.975347251674509
373470.0,438,0.0676249,0.8,0.99,10000,10,42,0.00583886,0.000254665,0.9235875664567604,0.9840417732814701
214376.0,500,0.0774875,0.8,0.99,10000,10,45,0.00480347,0.000303127,0.9306929296536061,0.9825894572169619
200000.0,376,0.162752,0.476606,0.99,10000,10,39,0.00102873,0.00155876,0.9679261788992954,0.9605188652645342
202898.0,191,0.207665,0.666832,0.99,10000,10,36,0.000148217,0.00318295,0.9878255595611133,0.9435823609143381
200000.0,389,0.144602,0.50362,0.989668,10000,10,34,0.00138824,0.00134197,0.962740907150066,0.9633670912975778
627313.0,496,0.0565483,0.791824,0.99,94649,10,28,0.0090539,0.00015595,0.9048480163107463,0.9875120057655362
200000.0,400,0.142959,0.596091,0.99,10000,10,45,0.00226066,0.000863821,0.952453601608534,0.9706091680961563
209661.0,389,0.144377,0.530947,0.989869,10000,10,34,0.00169777,0.0011239,0.9587959953402585,0.9664753821796579
237201.0,271,0.219265,0.569619,0.99,10000,10,40,0.00100333,0.00182519,0.9683246152351704,0.9572777575494918
200000.0,338,0.162752,0.534851,0.99,10000,10,34,0.00107275,0.00153947,0.9672471375296754,0.9607639196656954
227320.0,355,0.144602,0.60791,0.99,10000,10,36,0.00214383,0.000943015,0.953698488145634,0.9692914507017997
243178.0,500,0.0608075,0.8,0.99,10000,10,45,0.00511074,0.000285524,0.9285105602204073,0.9831025445702615
222544.0,396,0.131326,0.646912,0.99,10000,10,45,0.00293896,0.000701872,0.9457878242458394,0.9735071330354754
241069.0,359,0.144602,0.519488,0.989668,10000,10,44,0.00160442,0.00121426,0.9599447881044176,0.9651537663441226
200000.0,435,0.0736007,0.793501,0.99,10000,10,31,0.00405538,0.000484064,0.9363181344494369,0.9779985455026264
373470.0,459,0.0676249,0.8,0.99,10000,10,43,0.00605212,0.000239733,0.9222046273869712,0.9845166864011607
221740.0,408,0.146565,0.564846,0.99,10000,10,45,0.00241542,0.000858471,0.9508530774106863,0.9707003242338759
227173.0,291,0.171002,0.495968,0.99,10000,10,44,0.000564191,0.00219668,0.9762472948908971,0.9531312470829445
214451.0,500,0.15829,0.798043,0.988719,153442,10,37,0.00971999,8.69388e-05,0.9014099903641348,0.9906759021884153
666835.0,500,0.0802769,0.8,0.989266,180680,10,22,0.00957103,0.000105109,0.9021683589016314,0.9897477319582445
214376.0,464,0.0736007,0.765381,0.99,10000,10,41,0.0042979,0.000408921,0.9344416290623386,0.979778204827464
773218.0,500,0.0707547,0.796876,0.99,114967,10,37,0.00939276,0.000123749,0.903083747493003,0.9888757472161048
373470.0,477,0.070692,0.8,0.99,10000,10,43,0.00627174,0.000237021,0.9208056820220036,0.9846045136484748
210908.0,399,0.109152,0.646912,0.99,10000,10,45,0.0027524,0.000746121,0.9475366794798499,0.9726847844599388
200000.0,419,0.0736007,0.793501,0.99,10000,10,31,0.00391584,0.000534433,0.9374233270299547,0.9768821930105817
248928.0,389,0.144602,0.519853,0.99,10000,10,44,0.00207688,0.00097285,0.9544272010953903,0.968809456561323
234529.0,396,0.131326,0.646912,0.99,10000,10,39,0.00311467,0.000687624,0.9441907713724692,0.9737774143151366
241069.0,389,0.144602,0.519853,0.99,10000,10,44,0.00197339,0.00100297,0.9555771455217025,0.9683302983910489
200000.0,381,0.144602,0.519696,0.989668,10000,10,34,0.00143183,0.00130995,0.9621604704046153,0.9638067685885883
210467.0,405,0.125209,0.620748,0.99,10210,10,31,0.00263507,0.000760306,0.9486670671011289,0.9724263531610343
237201.0,346,0.144602,0.569619,0.99,10000,10,32,0.00181569,0.00109062,0.9573890859051346,0.9669754636671459
646167.0,500,0.0565483,0.8,0.99,94649,10,25,0.00908741,0.000145237,0.9046720922289805,0.9879485685497531
240897.0,279,0.171002,0.495968,0.99,10000,10,35,0.000542077,0.0022641,0.9767174528884832,0.9524174401697428
200000.0,435,0.0736007,0.793501,0.99,10000,10,31,0.00405538,0.000484064,0.9363181344494369,0.9779985455026264
373470.0,455,0.0676249,0.8,0.985129,10000,10,39,0.00599073,0.000253997,0.9226001937986923,0.9840627166681395
214376.0,464,0.0774875,0.8,0.99,10000,10,45,0.00446653,0.000356856,0.9331678969356791,0.981109367400746
203288.0,500,0.0857256,0.8,0.99,10000,10,40,0.00471393,0.000319523,0.9313419341956096,0.9821247937074841
666835.0,500,0.0802769,0.8,0.989266,155857,10,24,0.00949713,0.00011834,0.9025467804533889,0.989121580997222
200000.0,419,0.0736007,0.793501,0.99,10000,10,32,0.00391587,0.00053442,0.9374230873244772,0.9768824741808299
200000.0,388,0.135505,0.65382,0.989724,10000,10,41,0.00255286,0.00077765,0.9494741650242176,0.9721136233977952
200000.0,498,0.0736007,0.793501,0.99,10000,10,31,0.00457676,0.000339806,0.9323482446643104,0.9815661723996344
200000.0,500,0.220895,0.8,0.989541,174947,12,42,0.00989605,3.55308e-05,0.9005211077665216,0.9940392282378873
237201.0,355,0.13589,0.569619,0.99,10000,10,43,0.00192627,0.00104785,0.956110707456146,0.9676294887281649
200000.0,389,0.144602,0.519696,0.989668,10000,10,34,0.00151148,0.00124459,0.9611222428630457,0.9647212528567127
221740.0,408,0.131326,0.650599,0.99,10000,10,45,0.00314132,0.000668795,0.94395252012802,0.9741389288698244
270318.0,494,0.0634958,0.769663,0.99,10000,10,46,0.00516066,0.000278529,0.9281622661827366,0.9833108118831382
687741.0,500,0.0565483,0.796876,0.99,114967,10,25,0.00925123,0.000127494,0.9038166854386895,0.9887086758969552
200000.0,467,0.0957756,0.8,0.99,10000,10,31,0.00440208,0.000373635,0.9336518274554604,0.980670359548093
687741.0,500,0.0565483,0.796876,0.99,114967,10,25,0.00925123,0.000127494,0.9038166854386895,0.9887086758969552
237201.0,374,0.13589,0.535288,0.989507,10000,10,43,0.00187333,0.00107414,0.9567180176054747,0.9672259248795637
200000.0,500,0.0774875,0.8,0.99,10000,10,40,0.00462375,0.000323519,0.9320018382601412,0.9820133660736646
200000.0,500,0.220895,0.745998,0.989541,162250,22,42,0.00979664,7.51604e-05,0.9010220226515009,0.9913304902099369
373470.0,438,0.0676249,0.8,0.99,10000,10,43,0.00583915,0.000254316,0.9235856688833829,0.9840527118292796
237201.0,271,0.219265,0.569619,0.99,10000,10,27,0.00100248,0.00182559,0.9683380354368211,0.9572730764037475
216812.0,500,0.220895,0.8,0.989802,174947,12,39,0.00984154,5.82796e-05,0.900795463813392,0.9923658923245738
200000.0,470,0.0736007,0.793501,0.99,10000,10,31,0.00434868,0.000394475,0.9340554778620695,0.9801386052856301
214376.0,464,0.0736007,0.765381,0.99,10000,10,41,0.0042979,0.000408921,0.9344416290623386,0.979778204827464
215364.0,452,0.113736,0.728594,0.99,198240,10,39,0.00998185,1.46414e-05,0.9000907912152238,0.996173591762501
234529.0,396,0.12164,0.582404,0.99,10000,10,39,0.00248682,0.000815663,0.9501319741718203,0.9714401855748326
209661.0,436,0.121461,0.648188,0.99,10000,10,34,0.00319773,0.000607758,0.9434515252195075,0.975347251674509
322528.0,179,0.222738,0.38193,0.99,13990,10,40,3.24411e-07,0.00903103,0.9994304291088899,0.90496826845732
200000.0,491,0.01,0.798245,0.99,198240,12,39,0.00999989,1.41472e-09,0.9000005500015125,0.999962387236209
322528.0,211,0.222738,0.402396,0.99,13990,12,40,6.40927e-05,0.00732377,0.9919942083464531,0.9144209721952861
278907.0,159,0.207665,0.632457,0.99,10000,10,38,8.41067e-05,0.00384256,0.9908290294951951,0.9380116139910063
322528.0,211,0.222738,0.38193,0.99,13990,12,40,2.35541e-05,0.0082106,0.9951467433614118,0.9093876388123563
627313.0,496,0.0565483,0.791824,0.99,22816,10,25,0.00808208,0.000174749,0.9100996106793747,0.9867807337571255
513349.0,464,0.0608075,0.8,0.99,10000,10,50,0.0070387,0.000190778,0.9161030393875916,0.986187759052203
513349.0,500,0.0608075,0.8,0.99,10000,10,45,0.00731763,0.00017612,0.9144568529921888,0.9867289789390568
200000.0,291,0.171002,0.581226,0.99,10000,10,41,0.000848268,0.00178447,0.9708749592274963,0.9577570124162601
200080.0,191,0.207665,0.666832,0.99,10000,10,39,0.000136836,0.00323161,0.9883023079199357,0.9431527485273035
444009.0,433,0.0608075,0.8,0.99,10000,10,36,0.00628596,0.000223148,0.9207159536854986,0.9850618608923334
241069.0,251,0.144602,0.511892,0.99,10000,10,44,0.000408886,0.00288272,0.9797790702488733,0.9463090324169884
200000.0,271,0.20775,0.573901,0.99,10000,10,30,0.000581066,0.00203831,0.975894689381798,0.9548523533282187
202898.0,219,0.207665,0.663094,0.99,10000,10,36,0.00042489,0.0023663,0.9793871399364378,0.9513553702861252
627313.0,496,0.0565483,0.791824,0.99,63147,10,29,0.00874001,0.000171923,0.9065119793770346,0.9868880588774964
209661.0,472,0.121461,0.648188,0.99,10000,10,34,0.00367432,0.000543495,0.9393838305400284,0.9766870207824053
240897.0,250,0.171002,0.495968,0.99,10000,10,47,0.000277538,0.0029038,0.9833405282196583,0.946113081364769
209661.0,436,0.121461,0.667213,0.99,10000,10,37,0.003371,0.000582299,0.9419396865320209,0.9758691276577078
270476.0,494,0.0634958,0.8,0.99,10000,10,46,0.00532573,0.000256304,0.9270224006972002,0.9839905028186392
342298.0,457,0.0676249,0.789923,0.99,10000,10,42,0.00567966,0.000255402,0.9246364809738823,0.9840186984259729
200000.0,376,0.162752,0.476606,0.99,10000,10,37,0.00102869,0.00155874,0.9679268024668571,0.9605191185508732
222544.0,396,0.131326,0.646912,0.99,10000,10,45,0.00293896,0.000701872,0.9457878242458394,0.9735071330354754
210908.0,399,0.109152,0.646912,0.99,10000,10,45,0.0027524,0.000746121,0.9475366794798499,0.9726847844599388
240228.0,291,0.171002,0.581226,0.99,10000,10,41,0.00123339,0.00145962,0.964880347382128,0.961795026501776
200000.0,400,0.142959,0.596091,0.99,10000,10,45,0.00226066,0.000863821,0.952453601608534,0.9706091680961563
200000.0,389,0.144602,0.50362,0.989668,10000,10,34,0.00138824,0.00134197,0.962740907150066,0.9633670912975778
209661.0,416,0.121461,0.66361,0.99,10000,10,34,0.0030675,0.000634219,0.944614983975808,0.9748162949509013
627313.0,496,0.0565483,0.791824,0.99,94649,10,28,0.0090539,0.00015595,0.9048480163107463,0.9875120057655362
200000.0,376,0.162752,0.553907,0.99,10000,10,43,0.00165446,0.00112068,0.9593249462200725,0.966523441037048
627313.0,496,0.0565483,0.8,0.99,63147,10,31,0.00875538,0.000168531,0.9064298124400726,0.9870180509937837
242924.0,500,0.0608075,0.8,0.99,10000,10,46,0.0051084,0.000285884,0.9285269281477282,0.9830918954344373
214376.0,500,0.0774875,0.8,0.99,10000,10,45,0.00480347,0.000303127,0.9306929296536061,0.9825894572169619
202898.0,191,0.207665,0.666832,0.99,10000,10,36,0.000148217,0.00318295,0.9878255595611133,0.9435823609143381
227320.0,355,0.144602,0.60791,0.99,10000,10,36,0.00214383,0.000943015,0.953698488145634,0.9692914507017997
373470.0,459,0.0676249,0.8,0.99,10000,10,43,0.00605212,0.000239733,0.9222046273869712,0.9845166864011607
200000.0,435,0.0736007,0.793501,0.99,10000,10,31,0.00405538,0.000484064,0.9363181344494369,0.9779985455026264
227173.0,291,0.171002,0.495968,0.99,10000,10,44,0.000564191,0.00219668,0.9762472948908971,0.9531312470829445
241069.0,359,0.144602,0.519488,0.989668,10000,10,44,0.00160442,0.00121426,0.9599447881044176,0.9651537663441226
200000.0,389,0.144602,0.519696,0.989668,10000,10,34,0.00151148,0.00124459,0.9611222428630457,0.9647212528567127
237201.0,346,0.144602,0.569619,0.99,10000,10,32,0.00181569,0.00109062,0.9573890859051346,0.9669754636671459
214451.0,500,0.15829,0.798043,0.988719,153442,10,37,0.00971999,8.69388e-05,0.9014099903641348,0.9906759021884153
214376.0,464,0.0736007,0.765381,0.99,10000,10,41,0.0042979,0.000408921,0.9344416290623386,0.979778204827464
666835.0,500,0.0802769,0.8,0.989266,180680,10,22,0.00957103,0.000105109,0.9021683589016314,0.9897477319582445
773218.0,500,0.0707547,0.796876,0.99,114967,10,37,0.00939276,0.000123749,0.903083747493003,0.9888757472161048
373470.0,477,0.070692,0.8,0.99,10000,10,43,0.00627174,0.000237021,0.9208056820220036,0.9846045136484748
200000.0,419,0.0736007,0.793501,0.99,10000,10,31,0.00391584,0.000534433,0.9374233270299547,0.9768821930105817
200000.0,391,0.145221,0.476606,0.99,10000,10,39,0.00119923,0.00150311,0.9653700996247463,0.9612300374000696
270318.0,494,0.0634958,0.769663,0.99,10000,10,46,0.00516066,0.000278529,0.9281622661827366,0.9833108118831382
248928.0,389,0.144602,0.519853,0.99,10000,10,44,0.00207688,0.00097285,0.9544272010953903,0.968809456561323
210467.0,405,0.125209,0.620748,0.99,10210,10,31,0.00263507,0.000760306,0.9486670671011289,0.9724263531610343
241069.0,389,0.144602,0.519853,0.99,10000,10,44,0.00197339,0.00100297,0.9555771455217025,0.9683302983910489
200000.0,338,0.162752,0.534851,0.99,10000,10,34,0.00107275,0.00153947,0.9672471375296754,0.9607639196656954
200000.0,381,0.144602,0.519696,0.989668,10000,10,34,0.00143183,0.00130995,0.9621604704046153,0.9638067685885883
237201.0,271,0.201405,0.500381,0.99,10000,10,30,0.000448433,0.00229179,0.9788237633182852,0.9521273564548604
373470.0,455,0.0676249,0.8,0.985129,10000,10,39,0.00599073,0.000253997,0.9226001937986923,0.9840627166681395
646167.0,500,0.0565483,0.8,0.99,94649,10,25,0.00908741,0.000145237,0.9046720922289805,0.9879485685497531
234529.0,396,0.12164,0.582404,0.99,10000,10,39,0.00248682,0.000815663,0.9501319741718203,0.9714401855748326
200000.0,435,0.0736007,0.793501,0.99,10000,10,31,0.00405538,0.000484064,0.9363181344494369,0.9779985455026264
240897.0,279,0.171002,0.495968,0.99,10000,10,35,0.000542077,0.0022641,0.9767174528884832,0.9524174401697428
214376.0,464,0.0774875,0.8,0.99,10000,10,45,0.00446653,0.000356856,0.9331678969356791,0.981109367400746
200000.0,388,0.135505,0.65382,0.989724,10000,10,41,0.00255286,0.00077765,0.9494741650242176,0.9721136233977952
209661.0,436,0.121461,0.648188,0.99,10000,10,34,0.00319773,0.000607758,0.9434515252195075,0.975347251674509
203288.0,500,0.0857256,0.8,0.99,10000,10,40,0.00471393,0.000319523,0.9313419341956096,0.9821247937074841
221740.0,408,0.146565,0.564846,0.99,10000,10,45,0.00241542,0.000858471,0.9508530774106863,0.9707003242338759
666835.0,500,0.0802769,0.8,0.989266,155857,10,24,0.00949713,0.00011834,0.9025467804533889,0.989121580997222
200000.0,419,0.0736007,0.793501,0.99,10000,10,32,0.00391587,0.00053442,0.9374230873244772,0.9768824741808299
200000.0,498,0.0736007,0.793501,0.99,10000,10,31,0.00457676,0.000339806,0.9323482446643104,0.9815661723996344
200000.0,500,0.220895,0.8,0.989541,174947,12,42,0.00989605,3.55308e-05,0.9005211077665216,0.9940392282378873
202898.0,191,0.207665,0.666832,0.99,10000,10,36,0.000148217,0.00318295,0.9878255595611133,0.9435823609143381
237201.0,355,0.13589,0.569619,0.99,10000,10,43,0.00192627,0.00104785,0.956110707456146,0.9676294887281649
687741.0,500,0.0565483,0.796876,0.99,114967,10,25,0.00925123,0.000127494,0.9038166854386895,0.9887086758969552
687741.0,500,0.0565483,0.796876,0.99,114967,10,25,0.00925123,0.000127494,0.9038166854386895,0.9887086758969552
200000.0,500,0.0774875,0.8,0.99,10000,10,40,0.00462375,0.000323519,0.9320018382601412,0.9820133660736646
373470.0,438,0.0676249,0.8,0.99,10000,10,42,0.00583886,0.000254665,0.9235875664567604,0.9840417732814701
200000.0,467,0.0957756,0.8,0.99,10000,10,31,0.00440208,0.000373635,0.9336518274554604,0.980670359548093
209661.0,436,0.121461,0.648188,0.99,10000,10,34,0.00319773,0.000607758,0.9434515252195075,0.975347251674509
237201.0,374,0.13589,0.535288,0.989507,10000,10,43,0.00187333,0.00107414,0.9567180176054747,0.9672259248795637
200000.0,500,0.220895,0.745998,0.989541,162250,22,42,0.00979664,7.51604e-05,0.9010220226515009,0.9913304902099369
373470.0,438,0.0676249,0.8,0.99,10000,10,43,0.00583915,0.000254316,0.9235856688833829,0.9840527118292796
216812.0,500,0.220895,0.8,0.989802,174947,12,39,0.00984154,5.82796e-05,0.900795463813392,0.9923658923245738
200000.0,491,0.01,0.798245,0.99,198240,12,39,0.00999989,1.41472e-09,0.9000005500015125,0.999962387236209
322528.0,179,0.222738,0.38193,0.99,13990,10,40,3.24411e-07,0.00903103,0.9994304291088899,0.90496826845732
240897.0,250,0.171002,0.401258,0.99,10000,10,40,1.41176e-05,0.00474171,0.9962426605157372,0.9311399244845027
202898.0,177,0.207665,0.666832,0.99,10000,10,40,5.75864e-05,0.0038254,0.9924114296471601,0.9381501818919409
627313.0,496,0.0565483,0.791824,0.99,22816,10,25,0.00808208,0.000174749,0.9100996106793747,0.9867807337571255
444009.0,433,0.0608075,0.8,0.99,10000,10,36,0.00628596,0.000223148,0.9207159536854986,0.9850618608923334
200000.0,291,0.171002,0.581226,0.99,10000,10,41,0.000848268,0.00178447,0.9708749592274963,0.9577570124162601
513349.0,500,0.0608075,0.8,0.99,10000,10,45,0.00731763,0.00017612,0.9144568529921888,0.9867289789390568
513349.0,464,0.0608075,0.8,0.99,10000,10,50,0.0070387,0.000190778,0.9161030393875916,0.986187759052203
200080.0,191,0.207665,0.650384,0.99,10000,10,39,0.000101069,0.00341919,0.9899466920866811,0.9415261596951252
241069.0,251,0.144602,0.511892,0.99,10000,10,44,0.000408886,0.00288272,0.9797790702488733,0.9463090324169884
202898.0,219,0.207665,0.663094,0.99,10000,10,36,0.00042489,0.0023663,0.9793871399364378,0.9513553702861252
627313.0,496,0.0565483,0.791824,0.99,63147,10,29,0.00874001,0.000171923,0.9065119793770346,0.9868880588774964
209661.0,472,0.121461,0.648188,0.99,10000,10,34,0.00367432,0.000543495,0.9393838305400284,0.9766870207824053
240897.0,250,0.173894,0.495968,0.99,10000,10,48,0.00027393,0.00288562,0.9834491692051426,0.9462820328009334
268110.0,279,0.171002,0.495968,0.99,10000,10,35,0.000733402,0.00200071,0.9729186041718674,0.9552707031130603
200000.0,500,0.0985669,0.599682,0.989668,10000,10,34,0.00329345,0.000579578,0.9426114122843225,0.97592557373477
270476.0,494,0.0634958,0.8,0.99,10000,10,46,0.00532573,0.000256304,0.9270224006972002,0.9839905028186392
342298.0,457,0.0676249,0.789923,0.99,10000,10,42,0.00567966,0.000255402,0.9246364809738823,0.9840186984259729
200000.0,376,0.162752,0.476606,0.99,10000,10,37,0.00102869,0.00155874,0.9679268024668571,0.9605191185508732
222544.0,396,0.131326,0.646912,0.99,10000,10,45,0.00293896,0.000701872,0.9457878242458394,0.9735071330354754
214376.0,500,0.0774875,0.8,0.99,10000,10,45,0.00480347,0.000303127,0.9306929296536061,0.9825894572169619
200000.0,271,0.20775,0.573901,0.99,10000,10,30,0.000581066,0.00203831,0.975894689381798,0.9548523533282187
210908.0,399,0.109152,0.646912,0.99,10000,10,45,0.0027524,0.000746121,0.9475366794798499,0.9726847844599388
200000.0,400,0.142959,0.596091,0.99,10000,10,45,0.00226066,0.000863821,0.952453601608534,0.9706091680961563
200000.0,330,0.171002,0.581226,0.99,10000,10,37,0.0013091,0.00133898,0.9638185130211596,0.9634079243551285
209661.0,416,0.121461,0.66361,0.99,10000,10,34,0.0030675,0.000634219,0.944614983975808,0.9748162949509013
200000.0,376,0.162752,0.553907,0.99,10000,10,42,0.00165443,0.00112067,0.9593253149981465,0.9665235903956234
627313.0,496,0.0565483,0.791824,0.99,94649,10,28,0.0090539,0.00015595,0.9048480163107463,0.9875120057655362
200000.0,417,0.144602,0.519696,0.989821,10000,10,42,0.00179009,0.00105638,0.9576905447919735,0.9674980000615346
202898.0,191,0.207665,0.666832,0.99,10000,10,36,0.000148217,0.00318295,0.9878255595611133,0.9435823609143381
627313.0,496,0.0565483,0.8,0.99,63147,10,31,0.00875538,0.000168531,0.9064298124400726,0.9870180509937837
207166.0,464,0.0698118,0.765381,0.989619,10000,10,41,0.00426236,0.000444416,0.9347132478982144,0.9789188235622392
513349.0,464,0.0608075,0.8,0.99,10000,10,50,0.0070387,0.000190778,0.9161030393875916,0.986187759052203
242924.0,500,0.0608075,0.8,0.99,10000,10,46,0.0051084,0.000285884,0.9285269281477282,0.9830918954344373
200080.0,191,0.207665,0.666832,0.99,10000,10,39,0.000136836,0.00323161,0.9883023079199357,0.9431527485273035
200000.0,381,0.144602,0.519696,0.989668,10000,10,34,0.00143183,0.00130995,0.9621604704046153,0.9638067685885883
227320.0,355,0.144602,0.60791,0.99,10000,10,36,0.00214383,0.000943015,0.953698488145634,0.9692914507017997
373470.0,459,0.0676249,0.8,0.99,10000,10,43,0.00605212,0.000239733,0.9222046273869712,0.9845166864011607
240228.0,291,0.171002,0.581226,0.99,10000,10,41,0.00123339,0.00145962,0.964880347382128,0.961795026501776
513349.0,500,0.0608075,0.8,0.99,10000,10,45,0.00731763,0.00017612,0.9144568529921888,0.9867289789390568
241069.0,359,0.144602,0.519488,0.989668,10000,10,44,0.00160442,0.00121426,0.9599447881044176,0.9651537663441226
221740.0,408,0.146565,0.564846,0.99,10000,10,45,0.00241542,0.000858471,0.9508530774106863,0.9707003242338759
200000.0,389,0.144602,0.519696,0.989668,10000,10,34,0.00151148,0.00124459,0.9611222428630457,0.9647212528567127
200000.0,435,0.0736007,0.793501,0.99,10000,10,31,0.00405538,0.000484064,0.9363181344494369,0.9779985455026264
214451.0,500,0.15829,0.798043,0.988719,153442,10,37,0.00971999,8.69388e-05,0.9014099903641348,0.9906759021884153
666835.0,500,0.0802769,0.8,0.989266,180680,10,22,0.00957103,0.000105109,0.9021683589016314,0.9897477319582445
773218.0,500,0.0707547,0.796876,0.99,114967,10,37,0.00939276,0.000123749,0.903083747493003,0.9888757472161048
373470.0,477,0.070692,0.8,0.99,10000,10,43,0.00627174,0.000237021,0.9208056820220036,0.9846045136484748
200000.0,419,0.0736007,0.793501,0.99,10000,10,31,0.00391584,0.000534433,0.9374233270299547,0.9768821930105817
270318.0,494,0.0634958,0.769663,0.99,10000,10,46,0.00516066,0.000278529,0.9281622661827366,0.9833108118831382
200000.0,391,0.145221,0.476606,0.99,10000,10,39,0.00119923,0.00150311,0.9653700996247463,0.9612300374000696
248928.0,389,0.144602,0.519853,0.99,10000,10,44,0.00207688,0.00097285,0.9544272010953903,0.968809456561323
210467.0,405,0.125209,0.620748,0.99,10210,10,31,0.00263507,0.000760306,0.9486670671011289,0.9724263531610343
200000.0,338,0.162752,0.534851,0.99,10000,10,34,0.00107275,0.00153947,0.9672471375296754,0.9607639196656954
373470.0,455,0.0676249,0.8,0.985129,10000,10,39,0.00599073,0.000253997,0.9226001937986923,0.9840627166681395
237201.0,271,0.201405,0.500381,0.99,10000,10,30,0.000448433,0.00229179,0.9788237633182852,0.9521273564548604
200000.0,467,0.0957756,0.8,0.99,10000,10,31,0.00440208,0.000373635,0.9336518274554604,0.980670359548093
227173.0,291,0.171002,0.490088,0.99,10000,10,44,0.000530168,0.00225654,0.9769746226958167,0.9524969474665048
214376.0,464,0.0736007,0.765381,0.99,10000,10,41,0.0042979,0.000408921,0.9344416290623386,0.979778204827464
237201.0,355,0.13589,0.569619,0.99,10000,10,43,0.00192627,0.00104785,0.956110707456146,0.9676294887281649
214376.0,464,0.0774875,0.8,0.99,10000,10,45,0.00446653,0.000356856,0.9331678969356791,0.981109367400746
234529.0,396,0.12164,0.582404,0.99,10000,10,39,0.00248682,0.000815663,0.9501319741718203,0.9714401855748326
203288.0,500,0.0857256,0.8,0.99,10000,10,40,0.00471393,0.000319523,0.9313419341956096,0.9821247937074841
666835.0,500,0.0802769,0.8,0.989266,155857,10,24,0.00949713,0.00011834,0.9025467804533889,0.989121580997222
200000.0,498,0.0736007,0.793501,0.99,10000,10,31,0.00457676,0.000339806,0.9323482446643104,0.9815661723996344
227173.0,291,0.171002,0.495968,0.99,10000,10,44,0.000564191,0.00219668,0.9762472948908971,0.9531312470829445
200000.0,500,0.220895,0.8,0.989541,174947,12,42,0.00989605,3.55308e-05,0.9005211077665216,0.9940392282378873
200000.0,435,0.0736007,0.793501,0.99,10000,10,31,0.00405538,0.000484064,0.9363181344494369,0.9779985455026264
202898.0,191,0.207665,0.666832,0.99,10000,10,36,0.000148217,0.00318295,0.9878255595611133,0.9435823609143381
646167.0,500,0.0565483,0.8,0.99,94649,10,25,0.00908741,0.000145237,0.9046720922289805,0.9879485685497531
687741.0,500,0.0565483,0.796876,0.99,114967,10,25,0.00925123,0.000127494,0.9038166854386895,0.9887086758969552
241069.0,389,0.144602,0.519853,0.99,10000,10,44,0.00197339,0.00100297,0.9555771455217025,0.9683302983910489
209661.0,436,0.121461,0.648188,0.99,10000,10,34,0.00319773,0.000607758,0.9434515252195075,0.975347251674509
687741.0,500,0.0565483,0.796876,0.99,114967,10,25,0.00925123,0.000127494,0.9038166854386895,0.9887086758969552
373470.0,438,0.0676249,0.8,0.99,10000,10,42,0.00583886,0.000254665,0.9235875664567604,0.9840417732814701
200000.0,500,0.0774875,0.8,0.99,10000,10,40,0.00462375,0.000323519,0.9320018382601412,0.9820133660736646
200000.0,500,0.220895,0.745998,0.989541,162250,22,42,0.00979664,7.51604e-05,0.9010220226515009,0.9913304902099369
373470.0,438,0.0676249,0.8,0.99,10000,10,43,0.00583915,0.000254316,0.9235856688833829,0.9840527118292796
216812.0,500,0.220895,0.8,0.989802,174947,12,39,0.00984154,5.82796e-05,0.900795463813392,0.9923658923245738
322528.0,179,0.222738,0.38193,0.99,13990,10,40,3.24411e-07,0.00903103,0.9994304291088899,0.90496826845732
200000.0,491,0.01,0.798245,0.99,198240,12,39,0.00999989,1.41472e-09,0.9000005500015125,0.999962387236209
240897.0,250,0.171002,0.401258,0.99,10000,10,40,1.41176e-05,0.00474171,0.9962426605157372,0.9311399244845027
202898.0,177,0.207665,0.666832,0.99,10000,10,40,5.75864e-05,0.0038254,0.9924114296471601,0.9381501818919409
200000.0,219,0.196795,0.616319,0.99,10000,10,36,0.000234082,0.00285771,0.9847002614401422,0.9465424467451043
513349.0,500,0.0608075,0.8,0.99,10000,10,36,0.00731755,0.000176118,0.9144573205937527,0.9867290542914229
202898.0,219,0.207665,0.663094,0.99,10000,10,36,0.00042489,0.0023663,0.9793871399364378,0.9513553702861252
459647.0,433,0.0608075,0.8,0.99,10000,10,36,0.00640135,0.000218927,0.9199915629448994,0.9852038180600534
627313.0,496,0.0565483,0.791824,0.99,22816,10,25,0.00808208,0.000174749,0.9100996106793747,0.9867807337571255
200080.0,191,0.207665,0.650384,0.99,10000,10,39,0.000101069,0.00341919,0.9899466920866811,0.9415261596951252
627313.0,496,0.0565483,0.791824,0.99,63147,10,29,0.00874001,0.000171923,0.9065119793770346,0.9868880588774964
627313.0,496,0.0565483,0.791824,0.99,22816,10,27,0.00808216,0.000174745,0.9100991657435816,0.9867808850523191
513349.0,464,0.0608075,0.8,0.99,10000,10,50,0.0070387,0.000190778,0.9161030393875916,0.986187759052203
270476.0,494,0.0634958,0.8,0.99,10000,10,46,0.00532573,0.000256304,0.9270224006972002,0.9839905028186392
342298.0,457,0.0676249,0.789923,0.99,10000,10,42,0.00567966,0.000255402,0.9246364809738823,0.9840186984259729
200000.0,291,0.171002,0.581226,0.99,10000,10,41,0.000848268,0.00178447,0.9708749592274963,0.9577570124162601
200000.0,500,0.0985669,0.599682,0.989668,10000,10,34,0.00329345,0.000579578,0.9426114122843225,0.97592557373477
373470.0,459,0.0676249,0.8,0.99,10000,10,43,0.00605212,0.000239733,0.9222046273869712,0.9845166864011607
200000.0,419,0.0736007,0.793501,0.99,10000,10,31,0.00391584,0.000534433,0.9374233270299547,0.9768821930105817
214376.0,500,0.0774875,0.8,0.99,10000,10,45,0.00480347,0.000303127,0.9306929296536061,0.9825894572169619
200000.0,330,0.171002,0.535618,0.99,10000,10,38,0.000986697,0.00159502,0.9685882665234788,0.9600622985138103
209661.0,433,0.121461,0.698689,0.99,10000,10,34,0.00361272,0.000553754,0.9398940934682789,0.9764680217576167
268110.0,279,0.171002,0.495968,0.99,10000,10,35,0.000733402,0.00200071,0.9729186041718674,0.9552707031130603
200000.0,288,0.20775,0.531124,0.989632,10000,10,30,0.000519409,0.00210736,0.9772094537143139,0.9540940091055644
307334.0,498,0.0736007,0.793501,0.99,10000,10,40,0.0058253,0.000250513,0.9236763470475895,0.9841723975283684
242924.0,500,0.0608075,0.8,0.99,10000,10,46,0.0051084,0.000285884,0.9285269281477282,0.9830918954344373
200000.0,330,0.171002,0.581226,0.99,10000,10,37,0.0013091,0.00133898,0.9638185130211596,0.9634079243551285
237201.0,271,0.201405,0.500381,0.99,10000,10,30,0.000448433,0.00229179,0.9788237633182852,0.9521273564548604
202898.0,191,0.207665,0.666832,0.99,10000,10,36,0.000148217,0.00318295,0.9878255595611133,0.9435823609143381
200000.0,400,0.142959,0.596091,0.99,10000,10,45,0.00226066,0.000863821,0.952453601608534,0.9706091680961563
209661.0,416,0.121461,0.66361,0.99,10000,10,34,0.0030675,0.000634219,0.944614983975808,0.9748162949509013
200000.0,376,0.162752,0.553907,0.99,10000,10,42,0.00165443,0.00112067,0.9593253149981465,0.9665235903956234
627313.0,496,0.0565483,0.791824,0.99,94649,10,28,0.0090539,0.00015595,0.9048480163107463,0.9875120057655362
200000.0,350,0.162752,0.476606,0.99,10000,10,38,0.000792606,0.00185139,0.9718467408636229,0.9569722182770248
200000.0,417,0.144602,0.519696,0.989821,10000,10,42,0.00179009,0.00105638,0.9576905447919735,0.9674980000615346
210467.0,405,0.125209,0.620748,0.99,10210,10,31,0.00263507,0.000760306,0.9486670671011289,0.9724263531610343
200000.0,271,0.20775,0.573901,0.99,10000,10,30,0.000581066,0.00203831,0.975894689381798,0.9548523533282187
627313.0,496,0.0565483,0.8,0.99,63147,10,31,0.00875538,0.000168531,0.9064298124400726,0.9870180509937837
234529.0,396,0.12164,0.582404,0.99,10000,10,39,0.00248682,0.000815663,0.9501319741718203,0.9714401855748326
214376.0,450,0.0736007,0.765381,0.99,10000,10,39,0.00417965,0.000443385,0.9353497873166685,0.9789432908554067
209661.0,472,0.121461,0.648188,0.99,10000,10,34,0.00367432,0.000543495,0.9393838305400284,0.9766870207824053
200080.0,191,0.207665,0.666832,0.99,10000,10,39,0.000136836,0.00323161,0.9883023079199357,0.9431527485273035
208964.0,330,0.171002,0.581226,0.99,10000,10,37,0.00141941,0.00128129,0.9623249419376692,0.9642048886019333
214376.0,464,0.0736007,0.765381,0.99,10000,10,41,0.0042979,0.000408921,0.9344416290623386,0.979778204827464
497711.0,500,0.0608075,0.787638,0.99,10000,10,45,0.00716655,0.00018124,0.9153445217366295,0.9865374593779629
240228.0,291,0.171002,0.581226,0.99,10000,10,41,0.00123339,0.00145962,0.964880347382128,0.961795026501776
209661.0,436,0.121461,0.648188,0.99,10000,10,34,0.00319773,0.000607758,0.9434515252195075,0.975347251674509
241069.0,359,0.144602,0.519488,0.989668,10000,10,44,0.00160442,0.00121426,0.9599447881044176,0.9651537663441226
221740.0,408,0.146565,0.564846,0.99,10000,10,45,0.00241542,0.000858471,0.9508530774106863,0.9707003242338759
227320.0,355,0.144602,0.60791,0.99,10000,10,36,0.00214383,0.000943015,0.953698488145634,0.9692914507017997
222544.0,396,0.131326,0.646912,0.99,10000,10,45,0.00293896,0.000701872,0.9457878242458394,0.9735071330354754
200000.0,389,0.144602,0.519696,0.989668,10000,10,34,0.00151148,0.00124459,0.9611222428630457,0.9647212528567127
773218.0,500,0.0707547,0.796876,0.99,114967,10,37,0.00939276,0.000123749,0.903083747493003,0.9888757472161048
270318.0,494,0.0634958,0.769663,0.99,10000,10,46,0.00516066,0.000278529,0.9281622661827366,0.9833108118831382
373470.0,477,0.070692,0.8,0.99,10000,10,43,0.00627174,0.000237021,0.9208056820220036,0.9846045136484748
237201.0,355,0.13589,0.569619,0.99,10000,10,43,0.00192627,0.00104785,0.956110707456146,0.9676294887281649
666835.0,500,0.0802769,0.8,0.989266,180680,10,22,0.00957103,0.000105109,0.9021683589016314,0.9897477319582445
241069.0,389,0.144602,0.519853,0.99,10000,10,44,0.00197339,0.00100297,0.9555771455217025,0.9683302983910489
646167.0,500,0.0565483,0.8,0.99,94649,10,25,0.00908741,0.000145237,0.9046720922289805,0.9879485685497531
200000.0,467,0.0957756,0.8,0.99,10000,10,31,0.00440208,0.000373635,0.9336518274554604,0.980670359548093
214376.0,464,0.0774875,0.8,0.99,10000,10,45,0.00446653,0.000356856,0.9331678969356791,0.981109367400746
203288.0,500,0.0857256,0.8,0.99,10000,10,40,0.00471393,0.000319523,0.9313419341956096,0.9821247937074841
210908.0,399,0.109152,0.646912,0.99,10000,10,45,0.0027524,0.000746121,0.9475366794798499,0.9726847844599388
666835.0,500,0.0802769,0.8,0.989266,155857,10,24,0.00949713,0.00011834,0.9025467804533889,0.989121580997222
200000.0,498,0.0736007,0.793501,0.99,10000,10,31,0.00457676,0.000339806,0.9323482446643104,0.9815661723996344
200000.0,338,0.162752,0.534851,0.99,10000,10,34,0.00107275,0.00153947,0.9672471375296754,0.9607639196656954
200000.0,435,0.0736007,0.793501,0.99,10000,10,31,0.00405538,0.000484064,0.9363181344494369,0.9779985455026264
200000.0,435,0.0736007,0.793501,0.99,10000,10,31,0.00405538,0.000484064,0.9363181344494369,0.9779985455026264
222544.0,396,0.131326,0.646912,0.99,10000,10,45,0.00293896,0.000701872,0.9457878242458394,0.9735071330354754
214451.0,500,0.162661,0.769775,0.988719,153442,10,37,0.00970807,9.30566e-05,0.901470461281908,0.9903534151120721
687741.0,500,0.0565483,0.796876,0.99,114967,10,25,0.00925123,0.000127494,0.9038166854386895,0.9887086758969552
233018.0,279,0.171002,0.606796,0.99,10000,10,49,0.00116774,0.00151369,0.9658277890677235,0.9610938308233771
210908.0,399,0.109152,0.646912,0.99,10000,10,45,0.0027524,0.000746121,0.9475366794798499,0.9726847844599388
248928.0,389,0.144602,0.519853,0.99,10000,10,44,0.00207688,0.00097285,0.9544272010953903,0.968809456561323
687741.0,500,0.0565483,0.796876,0.99,114967,10,25,0.00925123,0.000127494,0.9038166854386895,0.9887086758969552
200000.0,500,0.0774875,0.8,0.99,10000,10,40,0.00462375,0.000323519,0.9320018382601412,0.9820133660736646
513349.0,464,0.0608075,0.8,0.99,10000,10,50,0.0070387,0.000190778,0.9161030393875916,0.986187759052203
200000.0,500,0.220895,0.745998,0.989541,162250,22,42,0.00979664,7.51604e-05,0.9010220226515009,0.9913304902099369
444009.0,433,0.0600653,0.8,0.99,10000,10,36,0.00627642,0.000221752,0.9207761399577122,0.9851086602348882
200000.0,376,0.162752,0.476606,0.99,10000,10,37,0.00102869,0.00155874,0.9679268024668571,0.9605191185508732
322528.0,179,0.259036,0.38193,0.99,13990,10,40,6.88784e-08,0.00889995,0.9997375530529802,0.9056604536792762
200000.0,491,0.01,0.798245,0.99,198240,12,39,0.00999989,1.41472e-09,0.9000005500015125,0.999962387236209
240897.0,250,0.171002,0.401258,0.99,10000,10,40,1.41176e-05,0.00474171,0.9962426605157372,0.9311399244845027
345456.0,183,0.2122,0.38193,0.99,13990,10,38,5.33272e-06,0.00758403,0.9976907317176213,0.9129136635286568
202898.0,177,0.207665,0.666832,0.99,10000,10,40,5.75864e-05,0.0038254,0.9924114296471601,0.9381501818919409
240897.0,241,0.171002,0.401258,0.927209,10000,10,40,2.76029e-06,0.00759814,0.9983385879499654,0.9128326896135942
351257.0,492,0.0608075,0.783114,0.99,10000,10,47,0.00597597,0.000218529,0.9226956016775242,0.985217273593819
513349.0,464,0.0608075,0.8,0.99,10000,10,50,0.0070387,0.000190778,0.9161030393875916,0.986187759052203
513349.0,500,0.0608075,0.8,0.99,10000,10,36,0.00731755,0.000176118,0.9144573205937527,0.9867290542914229
202898.0,219,0.207665,0.663094,0.99,10000,10,36,0.00042489,0.0023663,0.9793871399364378,0.9513553702861252
627313.0,496,0.0565483,0.791824,0.99,22816,10,25,0.00808208,0.000174749,0.9100996106793747,0.9867807337571255
627313.0,496,0.0565483,0.791824,0.99,63147,10,29,0.00874001,0.000171923,0.9065119793770346,0.9868880588774964
627313.0,496,0.0565483,0.791824,0.99,22816,10,27,0.00808216,0.000174745,0.9100991657435816,0.9867808850523191
200000.0,219,0.196795,0.616319,0.99,10000,10,36,0.000234082,0.00285771,0.9847002614401422,0.9465424467451043
200000.0,219,0.196795,0.616319,0.99,10000,10,36,0.000234082,0.00285771,0.9847002614401422,0.9465424467451043
270476.0,494,0.0634958,0.8,0.99,10000,10,46,0.00532573,0.000256304,0.9270224006972002,0.9839905028186392
200080.0,191,0.207665,0.650384,0.99,10000,10,39,0.000101069,0.00341919,0.9899466920866811,0.9415261596951252
202898.0,191,0.207665,0.666832,0.99,10000,10,36,0.000148217,0.00318295,0.9878255595611133,0.9435823609143381
342298.0,457,0.0676249,0.789923,0.99,10000,10,42,0.00567966,0.000255402,0.9246364809738823,0.9840186984259729
200000.0,291,0.171002,0.581226,0.99,10000,10,41,0.000848268,0.00178447,0.9708749592274963,0.9577570124162601
209661.0,412,0.121461,0.648188,0.99,10000,10,34,0.00290133,0.000669372,0.9461360046041886,0.974127775511178
200000.0,500,0.0985669,0.599682,0.989668,10000,10,34,0.00329345,0.000579578,0.9426114122843225,0.97592557373477
200000.0,419,0.0736007,0.793501,0.99,10000,10,31,0.00391584,0.000534433,0.9374233270299547,0.9768821930105817
200000.0,330,0.171002,0.535618,0.99,10000,10,38,0.000986697,0.00159502,0.9685882665234788,0.9600622985138103
200000.0,242,0.207665,0.663094,0.99,10000,10,36,0.000708078,0.00193705,0.9733902649393121,0.955988069799201
209661.0,433,0.121461,0.698689,0.99,10000,10,34,0.00361272,0.000553754,0.9398940934682789,0.9764680217576167
200000.0,500,0.220895,0.745998,0.989541,162250,22,42,0.00979664,7.51604e-05,0.9010220226515009,0.9913304902099369
200000.0,330,0.171002,0.581226,0.99,10000,10,37,0.0013091,0.00133898,0.9638185130211596,0.9634079243551285
200000.0,271,0.20775,0.573901,0.99,10000,10,30,0.000581066,0.00203831,0.975894689381798,0.9548523533282187
200000.0,288,0.20775,0.531124,0.989632,10000,10,30,0.000519409,0.00210736,0.9772094537143139,0.9540940091055644
234529.0,414,0.12164,0.582404,0.99,10000,10,47,0.00270394,0.000737091,0.9480005769262774,0.9728505801166949
200000.0,400,0.142959,0.596091,0.99,10000,10,45,0.00226066,0.000863821,0.952453601608534,0.9706091680961563
209661.0,416,0.121461,0.66361,0.99,10000,10,34,0.0030675,0.000634219,0.944614983975808,0.9748162949509013
200000.0,376,0.162752,0.553907,0.99,10000,10,42,0.00165443,0.00112067,0.9593253149981465,0.9665235903956234
627313.0,496,0.0565483,0.791824,0.99,94649,10,28,0.0090539,0.00015595,0.9048480163107463,0.9875120057655362
200000.0,417,0.144602,0.519696,0.989821,10000,10,42,0.00179009,0.00105638,0.9576905447919735,0.9674980000615346
214376.0,500,0.0774875,0.8,0.99,10000,10,45,0.00480347,0.000303127,0.9306929296536061,0.9825894572169619
240228.0,291,0.171002,0.581226,0.99,10000,10,41,0.00123339,0.00145962,0.964880347382128,0.961795026501776
627313.0,496,0.0565483,0.8,0.99,63147,10,31,0.00875538,0.000168531,0.9064298124400726,0.9870180509937837
214376.0,450,0.0736007,0.765381,0.99,10000,10,39,0.00417965,0.000443385,0.9353497873166685,0.9789432908554067
209661.0,472,0.121461,0.648188,0.99,10000,10,34,0.00367432,0.000543495,0.9393838305400284,0.9766870207824053
242924.0,500,0.0608075,0.784739,0.99,10000,10,33,0.00503525,0.000300157,0.9290405045113763,0.9826749603175058
208964.0,330,0.171002,0.581226,0.99,10000,10,37,0.00141941,0.00128129,0.9623249419376692,0.9642048886019333
227320.0,355,0.144602,0.60791,0.99,10000,10,36,0.00214383,0.000943015,0.953698488145634,0.9692914507017997
214376.0,464,0.0736007,0.765381,0.99,10000,10,41,0.0042979,0.000408921,0.9344416290623386,0.979778204827464
307334.0,498,0.0736007,0.793501,0.99,10000,10,40,0.0058253,0.000250513,0.9236763470475895,0.9841723975283684
497711.0,500,0.0608075,0.787638,0.99,10000,10,45,0.00716655,0.00018124,0.9153445217366295,0.9865374593779629
241069.0,359,0.144602,0.519488,0.989668,10000,10,44,0.00160442,0.00121426,0.9599447881044176,0.9651537663441226
221740.0,408,0.146565,0.564846,0.99,10000,10,45,0.00241542,0.000858471,0.9508530774106863,0.9707003242338759
200000.0,219,0.196795,0.683897,0.99,10000,10,44,0.000492294,0.00229153,0.9778123007051204,0.9521300720702444
200000.0,389,0.144602,0.519696,0.989668,10000,10,34,0.00151148,0.00124459,0.9611222428630457,0.9647212528567127
214451.0,500,0.162661,0.769775,0.988719,153442,10,37,0.00970807,9.30566e-05,0.901470461281908,0.9903534151120721
773218.0,500,0.0707547,0.796876,0.99,114967,10,37,0.00939276,0.000123749,0.903083747493003,0.9888757472161048
233018.0,279,0.171002,0.606796,0.99,10000,10,49,0.00116774,0.00151369,0.9658277890677235,0.9610938308233771
270318.0,494,0.0634958,0.769663,0.99,10000,10,46,0.00516066,0.000278529,0.9281622661827366,0.9833108118831382
237201.0,355,0.13589,0.569619,0.99,10000,10,43,0.00192627,0.00104785,0.956110707456146,0.9676294887281649
666835.0,500,0.0802769,0.8,0.989266,180680,10,22,0.00957103,0.000105109,0.9021683589016314,0.9897477319582445
248928.0,389,0.144602,0.519853,0.99,10000,10,44,0.00207688,0.00097285,0.9544272010953903,0.968809456561323
241069.0,389,0.144602,0.519853,0.99,10000,10,44,0.00197339,0.00100297,0.9555771455217025,0.9683302983910489
646167.0,500,0.0565483,0.8,0.99,94649,10,25,0.00908741,0.000145237,0.9046720922289805,0.9879485685497531
200000.0,467,0.0957756,0.8,0.99,10000,10,31,0.00440208,0.000373635,0.9336518274554604,0.980670359548093
202898.0,187,0.218203,0.666832,0.99,10000,10,35,0.000114179,0.00330451,0.9893145425928508,0.9425151324260027
209810.0,373,0.121461,0.66361,0.99,10000,10,34,0.00253331,0.000794504,0.9496680022252245,0.9718130526661719
203288.0,500,0.0857256,0.8,0.99,10000,10,40,0.00471393,0.000319523,0.9313419341956096,0.9821247937074841
666835.0,500,0.0802769,0.8,0.989266,155857,10,24,0.00949713,0.00011834,0.9025467804533889,0.989121580997222
234529.0,396,0.12164,0.582404,0.99,10000,10,39,0.00248682,0.000815663,0.9501319741718203,0.9714401855748326
200000.0,330,0.171002,0.545837,0.99,10000,10,32,0.00105661,0.00152719,0.9674944620102974,0.9609207216033868
363768.0,459,0.0667407,0.8,0.99,10220,10,43,0.00596495,0.000242269,0.9227669112361806,0.9844350072277562
200000.0,435,0.0736007,0.793501,0.99,10000,10,31,0.00405538,0.000484064,0.9363181344494369,0.9779985455026264
200000.0,435,0.0736007,0.793501,0.99,10000,10,31,0.00405538,0.000484064,0.9363181344494369,0.9779985455026264
200080.0,191,0.207665,0.666832,0.99,10000,10,39,0.000136836,0.00323161,0.9883023079199357,0.9431527485273035
687741.0,500,0.0565483,0.796876,0.99,114967,10,25,0.00925123,0.000127494,0.9038166854386895,0.9887086758969552
687741.0,500,0.0565483,0.796876,0.99,114967,10,25,0.00925123,0.000127494,0.9038166854386895,0.9887086758969552
200000.0,498,0.0736007,0.793501,0.99,10000,10,31,0.00457676,0.000339806,0.9323482446643104,0.9815661723996344
209661.0,436,0.121461,0.648188,0.99,10000,10,34,0.00319773,0.000607758,0.9434515252195075,0.975347251674509
200000.0,500,0.0774875,0.8,0.99,10000,10,40,0.00462375,0.000323519,0.9320018382601412,0.9820133660736646
200000.0,350,0.162752,0.476606,0.99,10000,10,38,0.000792606,0.00185139,0.9718467408636229,0.9569722182770248
513349.0,464,0.0608075,0.8,0.99,10000,10,50,0.0070387,0.000190778,0.9161030393875916,0.986187759052203
200000.0,350,0.162752,0.476606,0.99,10000,10,38,0.000792606,0.00185139,0.9718467408636229,0.9569722182770248
237201.0,271,0.201405,0.500381,0.99,10000,10,30,0.000448433,0.00229179,0.9788237633182852,0.9521273564548604
322528.0,179,0.259036,0.38193,0.99,12134,10,40,4.23697e-09,0.00915374,0.9999349079882013,0.9043248203555384
200000.0,491,0.01,0.798245,0.99,198240,12,39,0.00999989,1.41472e-09,0.9000005500015125,0.999962387236209
200080.0,191,0.213971,0.528702,0.99,10000,10,46,4.37126e-07,0.00598819,0.9993388449501063,0.9226166038481123
322528.0,179,0.259036,0.38193,0.99,13990,10,40,6.88784e-08,0.00889995,0.9997375530529802,0.9056604536792762
240897.0,250,0.171002,0.401258,0.99,10000,10,40,1.41176e-05,0.00474171,0.9962426605157372,0.9311399244845027
351257.0,492,0.0608075,0.783114,0.99,10000,10,47,0.00597597,0.000218529,0.9226956016775242,0.985217273593819
513349.0,464,0.0608075,0.8,0.99,10000,10,50,0.0070387,0.000190778,0.9161030393875916,0.986187759052203
200080.0,191,0.207665,0.618574,0.99,10000,10,39,4.71417e-05,0.00383349,0.993134018642612,0.9380848160787679
513349.0,500,0.0608075,0.8,0.99,10000,10,36,0.00731755,0.000176118,0.9144573205937527,0.9867290542914229
627313.0,496,0.0565483,0.791824,0.99,22816,10,25,0.00808208,0.000174749,0.9100996106793747,0.9867807337571255
210746.0,251,0.20775,0.531124,0.989632,10000,10,30,0.000246045,0.00270594,0.9843141783766358,0.9479813494984731
627313.0,500,0.0565483,0.788778,0.99,22816,10,25,0.00809298,0.000173701,0.9100390084536637,0.9868204324805402
202898.0,219,0.207665,0.663094,0.99,10000,10,36,0.00042489,0.0023663,0.9793871399364378,0.9513553702861252
627313.0,496,0.0565483,0.791824,0.99,63147,10,29,0.00874001,0.000171923,0.9065119793770346,0.9868880588774964
270476.0,494,0.0634958,0.8,0.99,10000,10,46,0.00532573,0.000256304,0.9270224006972002,0.9839905028186392
202898.0,191,0.207665,0.666832,0.99,10000,10,36,0.000148217,0.00318295,0.9878255595611133,0.9435823609143381
234529.0,414,0.12164,0.582404,0.99,10000,10,47,0.00270394,0.000737091,0.9480005769262774,0.9728505801166949
200000.0,330,0.171002,0.535618,0.99,10000,10,38,0.000986697,0.00159502,0.9685882665234788,0.9600622985138103
230151.0,287,0.171002,0.401258,0.99,10000,10,39,9.83102e-05,0.00355727,0.9900848499759207,0.9403571462788709
209661.0,412,0.121461,0.648188,0.99,10000,10,34,0.00290133,0.000669372,0.9461360046041886,0.974127775511178
200000.0,291,0.171002,0.581226,0.99,10000,10,41,0.000848268,0.00178447,0.9708749592274963,0.9577570124162601
200000.0,419,0.0736007,0.793501,0.99,10000,10,31,0.00391584,0.000534433,0.9374233270299547,0.9768821930105817
342298.0,457,0.0676249,0.789923,0.99,10000,10,42,0.00567966,0.000255402,0.9246364809738823,0.9840186984259729
209661.0,433,0.121461,0.698689,0.99,10000,10,34,0.00361272,0.000553754,0.9398940934682789,0.9764680217576167
200000.0,242,0.207665,0.663094,0.99,10000,10,36,0.000708078,0.00193705,0.9733902649393121,0.955988069799201
200000.0,500,0.0985669,0.599682,0.989668,10000,10,34,0.00329345,0.000579578,0.9426114122843225,0.97592557373477
200000.0,500,0.220895,0.745998,0.989541,162250,22,42,0.00979664,7.51604e-05,0.9010220226515009,0.9913304902099369
242924.0,500,0.0608075,0.784739,0.99,10000,10,33,0.00503525,0.000300157,0.9290405045113763,0.9826749603175058
200000.0,330,0.171002,0.581226,0.99,10000,10,37,0.0013091,0.00133898,0.9638185130211596,0.9634079243551285
200000.0,271,0.20775,0.573901,0.99,10000,10,30,0.000581066,0.00203831,0.975894689381798,0.9548523533282187
200000.0,219,0.196795,0.616319,0.99,10000,10,36,0.000234082,0.00285771,0.9847002614401422,0.9465424467451043
200000.0,288,0.20775,0.531124,0.989632,10000,10,30,0.000519409,0.00210736,0.9772094537143139,0.9540940091055644
200000.0,400,0.142959,0.596091,0.99,10000,10,45,0.00226066,0.000863821,0.952453601608534,0.9706091680961563
200000.0,376,0.162752,0.553907,0.99,10000,10,42,0.00165443,0.00112067,0.9593253149981465,0.9665235903956234
200000.0,467,0.0957756,0.8,0.99,10000,10,31,0.00440208,0.000373635,0.9336518274554604,0.980670359548093
202898.0,177,0.207665,0.666832,0.99,10000,10,40,5.75864e-05,0.0038254,0.9924114296471601,0.9381501818919409
200000.0,417,0.144602,0.519696,0.989821,10000,10,42,0.00179009,0.00105638,0.9576905447919735,0.9674980000615346
214376.0,500,0.0774875,0.8,0.99,10000,10,45,0.00480347,0.000303127,0.9306929296536061,0.9825894572169619
270318.0,494,0.0634958,0.769663,0.99,10000,10,46,0.00516066,0.000278529,0.9281622661827366,0.9833108118831382
240228.0,291,0.171002,0.581226,0.99,10000,10,41,0.00123339,0.00145962,0.964880347382128,0.961795026501776
209661.0,472,0.121461,0.648188,0.99,10000,10,34,0.00367432,0.000543495,0.9393838305400284,0.9766870207824053
627313.0,496,0.0565483,0.791824,0.99,94649,10,28,0.0090539,0.00015595,0.9048480163107463,0.9875120057655362
627313.0,496,0.0565483,0.8,0.99,63147,10,31,0.00875538,0.000168531,0.9064298124400726,0.9870180509937837
209661.0,416,0.121461,0.66361,0.99,10000,10,34,0.0030675,0.000634219,0.944614983975808,0.9748162949509013
208964.0,330,0.171002,0.581226,0.99,10000,10,37,0.00141941,0.00128129,0.9623249419376692,0.9642048886019333
214376.0,464,0.0736007,0.765381,0.99,10000,10,41,0.0042979,0.000408921,0.9344416290623386,0.979778204827464
497711.0,500,0.0608075,0.787638,0.99,10000,10,45,0.00716655,0.00018124,0.9153445217366295,0.9865374593779629
200080.0,191,0.207665,0.650384,0.99,10000,10,39,0.000101069,0.00341919,0.9899466920866811,0.9415261596951252
221740.0,408,0.146565,0.564846,0.99,10000,10,45,0.00241542,0.000858471,0.9508530774106863,0.9707003242338759
241069.0,359,0.144602,0.519488,0.989668,10000,10,44,0.00160442,0.00121426,0.9599447881044176,0.9651537663441226
200000.0,498,0.0736007,0.793501,0.99,10000,10,31,0.00457676,0.000339806,0.9323482446643104,0.9815661723996344
200000.0,219,0.196795,0.683897,0.99,10000,10,44,0.000492294,0.00229153,0.9778123007051204,0.9521300720702444
200000.0,330,0.171002,0.545837,0.99,10000,10,32,0.00105661,0.00152719,0.9674944620102974,0.9609207216033868
200000.0,389,0.144602,0.519696,0.989668,10000,10,34,0.00151148,0.00124459,0.9611222428630457,0.9647212528567127
773218.0,500,0.0707547,0.796876,0.99,114967,10,37,0.00939276,0.000123749,0.903083747493003,0.9888757472161048
200000.0,219,0.196795,0.616319,0.99,10000,10,36,0.000234082,0.00285771,0.9847002614401422,0.9465424467451043
233018.0,279,0.171002,0.606796,0.99,10000,10,49,0.00116774,0.00151369,0.9658277890677235,0.9610938308233771
237201.0,355,0.13589,0.569619,0.99,10000,10,43,0.00192627,0.00104785,0.956110707456146,0.9676294887281649
202898.0,187,0.218203,0.666832,0.99,10000,10,35,0.000114179,0.00330451,0.9893145425928508,0.9425151324260027
666835.0,500,0.0802769,0.8,0.989266,180680,10,22,0.00957103,0.000105109,0.9021683589016314,0.9897477319582445
248928.0,389,0.144602,0.519853,0.99,10000,10,44,0.00207688,0.00097285,0.9544272010953903,0.968809456561323
209810.0,373,0.121461,0.66361,0.99,10000,10,37,0.00253339,0.000794503,0.9496672075084245,0.9718130704048845
241069.0,389,0.144602,0.519853,0.99,10000,10,44,0.00197339,0.00100297,0.9555771455217025,0.9683302983910489
646167.0,500,0.0565483,0.8,0.99,94649,10,25,0.00908741,0.000145237,0.9046720922289805,0.9879485685497531
307334.0,498,0.0736007,0.793501,0.99,10000,10,40,0.0058253,0.000250513,0.9236763470475895,0.9841723975283684
214376.0,450,0.0736007,0.765381,0.99,10000,10,39,0.00417965,0.000443385,0.9353497873166685,0.9789432908554067
203288.0,500,0.0857256,0.8,0.99,10000,10,40,0.00471393,0.000319523,0.9313419341956096,0.9821247937074841
666835.0,500,0.0802769,0.8,0.989266,155857,10,24,0.00949713,0.00011834,0.9025467804533889,0.989121580997222
234529.0,396,0.12164,0.582404,0.99,10000,10,39,0.00248682,0.000815663,0.9501319741718203,0.9714401855748326
363768.0,459,0.0667407,0.8,0.99,10220,10,43,0.00596495,0.000242269,0.9227669112361806,0.9844350072277562
200000.0,435,0.0736007,0.793501,0.99,10000,10,31,0.00405538,0.000484064,0.9363181344494369,0.9779985455026264
206185.0,435,0.0736007,0.8,0.99,10000,10,31,0.0041449,0.000455258,0.9356191022119138,0.9786632242360754
687741.0,500,0.0565483,0.796876,0.99,114967,10,25,0.00925123,0.000127494,0.9038166854386895,0.9887086758969552
687741.0,500,0.0565483,0.796876,0.99,114967,10,25,0.00925123,0.000127494,0.9038166854386895,0.9887086758969552
200000.0,500,0.0774875,0.8,0.99,10000,10,40,0.00462375,0.000323519,0.9320018382601412,0.9820133660736646
209661.0,472,0.103993,0.600961,0.99,10000,10,39,0.00314643,0.000609297,0.9439069523024466,0.9753160578513075
513349.0,464,0.0608075,0.8,0.99,10000,10,50,0.0070387,0.000190778,0.9161030393875916,0.986187759052203
200000.0,350,0.162752,0.476606,0.99,10000,10,38,0.000792606,0.00185139,0.9718467408636229,0.9569722182770248
214451.0,500,0.162661,0.769775,0.988719,153442,10,37,0.00970807,9.30566e-05,0.901470461281908,0.9903534151120721
227320.0,355,0.144602,0.60791,0.99,10000,10,36,0.00214383,0.000943015,0.953698488145634,0.9692914507017997
322528.0,179,0.321893,0.38193,0.99,12134,10,40,2.02711e-09,0.00893194,0.9999549765616595,0.9054910586240645
200000.0,491,0.01,0.798245,0.99,198240,12,39,0.00999989,1.41472e-09,0.9000005500015125,0.999962387236209
200080.0,191,0.213971,0.528702,0.99,10000,10,46,4.37126e-07,0.00598819,0.9993388449501063,0.9226166038481123
200080.0,191,0.205187,0.484849,0.99,10000,10,46,3.02877e-08,0.00793914,0.9998259663825578,0.9108981481673921
240897.0,250,0.171002,0.401258,0.99,10000,10,40,1.41176e-05,0.00474171,0.9962426605157372,0.9311399244845027
627313.0,500,0.0565483,0.788778,0.99,22158,10,25,0.00807825,0.000173157,0.91012091455739,0.9868410866710051
390840.0,500,0.0608075,0.8,0.99,10000,10,36,0.00647467,0.000197416,0.9195346658491994,0.9859495195811674
200080.0,191,0.207665,0.618574,0.99,10000,10,39,4.71417e-05,0.00383349,0.993134018642612,0.9380848160787679
513349.0,500,0.0608075,0.8,0.99,10000,10,36,0.00731755,0.000176118,0.9144573205937527,0.9867290542914229
210746.0,251,0.20775,0.531124,0.989632,10000,10,30,0.000246045,0.00270594,0.9843141783766358,0.9479813494984731
202898.0,219,0.207665,0.663094,0.99,10000,10,36,0.00042489,0.0023663,0.9793871399364378,0.9513553702861252
627313.0,496,0.0565483,0.791824,0.99,63147,10,29,0.00874001,0.000171923,0.9065119793770346,0.9868880588774964
513349.0,464,0.0608075,0.8,0.99,10000,10,27,0.00703841,0.00019078,0.9161047677159184,0.9861876866528448
351257.0,492,0.0608075,0.783114,0.99,10000,10,47,0.00597597,0.000218529,0.9226956016775242,0.985217273593819
307334.0,498,0.0736007,0.793501,0.99,10000,10,40,0.0058253,0.000250513,0.9236763470475895,0.9841723975283684
202898.0,191,0.207665,0.666832,0.99,10000,10,36,0.000148217,0.00318295,0.9878255595611133,0.9435823609143381
234529.0,414,0.12164,0.582404,0.99,10000,10,47,0.00270394,0.000737091,0.9480005769262774,0.9728505801166949
270476.0,500,0.0694844,0.8,0.99,10000,10,46,0.00542117,0.00025267,0.926371405011368,0.9841044031253935
200000.0,330,0.171002,0.535618,0.99,10000,10,38,0.000986697,0.00159502,0.9685882665234788,0.9600622985138103
200000.0,291,0.171002,0.581226,0.99,10000,10,41,0.000848268,0.00178447,0.9708749592274963,0.9577570124162601
209661.0,412,0.121461,0.648188,0.99,10000,10,34,0.00290133,0.000669372,0.9461360046041886,0.974127775511178
200000.0,419,0.0736007,0.793501,0.99,10000,10,31,0.00391584,0.000534433,0.9374233270299547,0.9768821930105817
209661.0,433,0.121461,0.698689,0.99,10000,10,34,0.00361272,0.000553754,0.9398940934682789,0.9764680217576167
200000.0,242,0.207665,0.663094,0.99,10000,10,36,0.000708078,0.00193705,0.9733902649393121,0.955988069799201
200000.0,500,0.220895,0.745998,0.989541,162250,22,42,0.00979664,7.51604e-05,0.9010220226515009,0.9913304902099369
200000.0,219,0.196795,0.683897,0.99,10000,10,44,0.000492294,0.00229153,0.9778123007051204,0.9521300720702444
200000.0,219,0.196795,0.616319,0.99,10000,10,36,0.000234082,0.00285771,0.9847002614401422,0.9465424467451043
200000.0,467,0.0957756,0.8,0.99,10000,10,31,0.00440208,0.000373635,0.9336518274554604,0.980670359548093
200000.0,271,0.20775,0.573901,0.99,10000,10,30,0.000581066,0.00203831,0.975894689381798,0.9548523533282187
200000.0,400,0.142959,0.596091,0.99,10000,10,45,0.00226066,0.000863821,0.952453601608534,0.9706091680961563
200000.0,500,0.0985669,0.599682,0.989668,10000,10,34,0.00329345,0.000579578,0.9426114122843225,0.97592557373477
214376.0,500,0.0774875,0.8,0.99,10000,10,45,0.00480347,0.000303127,0.9306929296536061,0.9825894572169619
240897.0,250,0.179786,0.445111,0.99,10000,10,35,8.61252e-05,0.0036191,0.9907196336279218,0.9398410438920355
646167.0,500,0.0565483,0.790469,0.99,89584,10,27,0.00903432,0.000151447,0.9049509600258898,0.9876936195410673
209661.0,472,0.121461,0.648188,0.99,10000,10,34,0.00367432,0.000543495,0.9393838305400284,0.9766870207824053
242924.0,500,0.0608075,0.784739,0.99,10000,10,33,0.00503525,0.000300157,0.9290405045113763,0.9826749603175058
200000.0,435,0.0736007,0.793501,0.99,10000,10,31,0.00405538,0.000484064,0.9363181344494369,0.9779985455026264
627313.0,496,0.0565483,0.8,0.99,63147,10,31,0.00875538,0.000168531,0.9064298124400726,0.9870180509937837
209661.0,416,0.121461,0.66361,0.99,10000,10,34,0.0030675,0.000634219,0.944614983975808,0.9748162949509013
200000.0,350,0.162752,0.476606,0.99,10000,10,38,0.000792606,0.00185139,0.9718467408636229,0.9569722182770248
208964.0,330,0.171002,0.581226,0.99,10000,10,37,0.00141941,0.00128129,0.9623249419376692,0.9642048886019333
227320.0,355,0.144602,0.60791,0.99,10000,10,36,0.00214383,0.000943015,0.953698488145634,0.9692914507017997
209810.0,373,0.121461,0.66361,0.99,10000,10,37,0.00253339,0.000794503,0.9496672075084245,0.9718130704048845
200000.0,455,0.0957756,0.8,0.99,10000,10,31,0.00426079,0.000389266,0.9347252728845229,0.9802701748613932
200080.0,191,0.207665,0.650384,0.99,10000,10,39,0.000101069,0.00341919,0.9899466920866811,0.9415261596951252
209661.0,472,0.103993,0.600961,0.99,10000,10,39,0.00314643,0.000609297,0.9439069523024466,0.9753160578513075
221740.0,408,0.146565,0.564846,0.99,10000,10,45,0.00241542,0.000858471,0.9508530774106863,0.9707003242338759
497711.0,500,0.0608075,0.787638,0.99,10000,10,45,0.00716655,0.00018124,0.9153445217366295,0.9865374593779629
200000.0,498,0.0736007,0.793501,0.99,10000,10,31,0.00457676,0.000339806,0.9323482446643104,0.9815661723996344
200000.0,330,0.171002,0.545837,0.99,10000,10,32,0.00105661,0.00152719,0.9674944620102974,0.9609207216033868
240228.0,291,0.171002,0.581226,0.99,10000,10,41,0.00123339,0.00145962,0.964880347382128,0.961795026501776
200000.0,376,0.162752,0.553907,0.99,10000,10,42,0.00165443,0.00112067,0.9593253149981465,0.9665235903956234
200000.0,389,0.144602,0.519696,0.989668,10000,10,34,0.00151148,0.00124459,0.9611222428630457,0.9647212528567127
202898.0,177,0.207665,0.666832,0.99,10000,10,41,5.7595e-05,0.00382537,0.9924108630266677,0.9381504244153608
214451.0,500,0.162661,0.769775,0.988719,153442,10,37,0.00970807,9.30566e-05,0.901470461281908,0.9903534151120721
773218.0,500,0.0707547,0.796876,0.99,114967,10,37,0.00939276,0.000123749,0.903083747493003,0.9888757472161048
200000.0,219,0.196795,0.616319,0.99,10000,10,36,0.000234082,0.00285771,0.9847002614401422,0.9465424467451043
233018.0,279,0.171002,0.606796,0.99,10000,10,49,0.00116774,0.00151369,0.9658277890677235,0.9610938308233771
687741.0,500,0.0565483,0.796876,0.99,85888,10,25,0.00905865,0.000141435,0.9048230595154477,0.9881073552142511
237201.0,355,0.13589,0.569619,0.99,10000,10,43,0.00192627,0.00104785,0.956110707456146,0.9676294887281649
200000.0,288,0.20775,0.531124,0.989632,10000,10,30,0.000519409,0.00210736,0.9772094537143139,0.9540940091055644
666835.0,500,0.0802769,0.8,0.989266,180680,10,22,0.00957103,0.000105109,0.9021683589016314,0.9897477319582445
230151.0,287,0.171002,0.401258,0.99,10000,10,39,9.83102e-05,0.00355727,0.9900848499759207,0.9403571462788709
248928.0,389,0.144602,0.519853,0.99,10000,10,44,0.00207688,0.00097285,0.9544272010953903,0.968809456561323
241069.0,389,0.144602,0.519853,0.99,10000,10,44,0.00197339,0.00100297,0.9555771455217025,0.9683302983910489
270476.0,494,0.0634958,0.8,0.99,10000,10,46,0.00532573,0.000256304,0.9270224006972002,0.9839905028186392
241069.0,359,0.144602,0.519488,0.989668,10000,10,44,0.00160442,0.00121426,0.9599447881044176,0.9651537663441226
202898.0,187,0.218203,0.666832,0.99,10000,10,35,0.000114179,0.00330451,0.9893145425928508,0.9425151324260027
203288.0,500,0.0857256,0.8,0.99,10000,10,40,0.00471393,0.000319523,0.9313419341956096,0.9821247937074841
230151.0,439,0.171002,0.401258,0.99,10000,10,27,0.00124526,0.00134699,0.9647117583322716,0.9632986376274667
666835.0,500,0.0802769,0.8,0.989266,155857,10,24,0.00949713,0.00011834,0.9025467804533889,0.989121580997222
687741.0,500,0.0565483,0.796876,0.99,114967,10,25,0.00925123,0.000127494,0.9038166854386895,0.9887086758969552
270318.0,500,0.0632177,0.769663,0.99,10000,10,43,0.00520986,0.000271332,0.9278206400693384,0.9835278416714749
214376.0,450,0.0736007,0.765381,0.99,10000,10,39,0.00417965,0.000443385,0.9353497873166685,0.9789432908554067
234529.0,396,0.12164,0.582404,0.99,10000,10,39,0.00248682,0.000815663,0.9501319741718203,0.9714401855748326
363768.0,459,0.0667407,0.8,0.99,10220,10,43,0.00596495,0.000242269,0.9227669112361806,0.9844350072277562
200000.0,330,0.171002,0.581226,0.99,10000,10,37,0.0013091,0.00133898,0.9638185130211596,0.9634079243551285
200000.0,500,0.0985669,0.599682,0.989668,10000,10,34,0.00329345,0.000579578,0.9426114122843225,0.97592557373477
202898.0,189,0.207665,0.666832,0.99,10000,10,40,0.00013264,0.00326265,0.9884830559608896,0.9428803886567845
206185.0,435,0.0736007,0.8,0.99,10000,10,31,0.0041449,0.000455258,0.9356191022119138,0.9786632242360754
200000.0,491,0.01,0.798245,0.99,198240,12,39,0.00999989,1.41472e-09,0.9000005500015125,0.999962387236209
322528.0,179,0.321893,0.38193,0.99,12134,10,40,2.02711e-09,0.00893194,0.9999549765616595,0.9054910586240645
200080.0,191,0.213971,0.528702,0.99,10000,10,46,4.37126e-07,0.00598819,0.9993388449501063,0.9226166038481123
200080.0,191,0.205187,0.484849,0.99,10000,10,46,3.02877e-08,0.00793914,0.9998259663825578,0.9108981481673921
240897.0,250,0.171002,0.401258,0.99,10000,10,40,1.41176e-05,0.00474171,0.9962426605157372,0.9311399244845027
642248.0,500,0.0565483,0.790469,0.99,10000,10,27,0.00784021,0.000151463,0.9114550396691037,0.9876929694889466
646167.0,500,0.0565483,0.790469,0.99,89584,10,27,0.00903432,0.000151447,0.9049509600258898,0.9876936195410673
390840.0,500,0.0608075,0.8,0.99,10000,10,36,0.00647467,0.000197416,0.9195346658491994,0.9859495195811674
200080.0,191,0.207665,0.618574,0.99,10000,10,39,4.71417e-05,0.00383349,0.993134018642612,0.9380848160787679
513349.0,464,0.0608075,0.8,0.99,10000,10,27,0.00703841,0.00019078,0.9161047677159184,0.9861876866528448
351257.0,492,0.0608075,0.783114,0.99,10000,10,47,0.00597597,0.000218529,0.9226956016775242,0.985217273593819
240897.0,250,0.190538,0.521287,0.99,10000,10,47,0.000376053,0.00251845,0.9806079139853393,0.9498158391521787
202898.0,191,0.207665,0.666832,0.99,10000,10,36,0.000148217,0.00318295,0.9878255595611133,0.9435823609143381
548831.0,500,0.0608075,0.8,0.99,10000,10,34,0.00751299,0.000171318,0.9133224942675436,0.9869111497831169
210746.0,251,0.20775,0.531124,0.989632,10000,10,30,0.000246045,0.00270594,0.9843141783766358,0.9479813494984731
200000.0,376,0.162752,0.553907,0.99,10000,10,42,0.00165443,0.00112067,0.9593253149981465,0.9665235903956234
270476.0,500,0.0694844,0.8,0.99,10000,10,46,0.00542117,0.00025267,0.926371405011368,0.9841044031253935
200000.0,330,0.171002,0.535618,0.99,10000,10,38,0.000986697,0.00159502,0.9685882665234788,0.9600622985138103
200000.0,291,0.171002,0.581226,0.99,10000,10,41,0.000848268,0.00178447,0.9708749592274963,0.9577570124162601
209661.0,412,0.121461,0.648188,0.99,10000,10,34,0.00290133,0.000669372,0.9461360046041886,0.974127775511178
237201.0,355,0.13589,0.569619,0.99,10000,10,43,0.00192627,0.00104785,0.956110707456146,0.9676294887281649
200000.0,419,0.0736007,0.793501,0.99,10000,10,31,0.00391584,0.000534433,0.9374233270299547,0.9768821930105817
200000.0,242,0.207665,0.663094,0.99,10000,10,36,0.000708078,0.00193705,0.9733902649393121,0.955988069799201
307334.0,498,0.0736007,0.793501,0.99,10000,10,40,0.0058253,0.000250513,0.9236763470475895,0.9841723975283684
200000.0,500,0.220895,0.745998,0.989541,162250,22,42,0.00979664,7.51604e-05,0.9010220226515009,0.9913304902099369
200000.0,219,0.196795,0.683897,0.99,10000,10,44,0.000492294,0.00229153,0.9778123007051204,0.9521300720702444
200000.0,219,0.196795,0.616319,0.99,10000,10,36,0.000234082,0.00285771,0.9847002614401422,0.9465424467451043
200000.0,498,0.0736007,0.793501,0.99,10000,10,31,0.00457676,0.000339806,0.9323482446643104,0.9815661723996344
200000.0,288,0.20775,0.531124,0.989632,10000,10,30,0.000519409,0.00210736,0.9772094537143139,0.9540940091055644
200000.0,467,0.0957756,0.8,0.99,10000,10,31,0.00440208,0.000373635,0.9336518274554604,0.980670359548093
202898.0,219,0.207665,0.663094,0.99,10000,10,36,0.00042489,0.0023663,0.9793871399364378,0.9513553702861252
200000.0,400,0.142959,0.596091,0.99,10000,10,45,0.00226066,0.000863821,0.952453601608534,0.9706091680961563
513349.0,500,0.0608075,0.8,0.99,10000,10,36,0.00731755,0.000176118,0.9144573205937527,0.9867290542914229
687741.0,500,0.0565483,0.796876,0.99,114967,10,25,0.00925123,0.000127494,0.9038166854386895,0.9887086758969552
227320.0,355,0.144602,0.60791,0.99,10000,10,36,0.00214383,0.000943015,0.953698488145634,0.9692914507017997
200000.0,433,0.121461,0.698689,0.99,10000,10,34,0.0034439,0.000564978,0.9413152489994207,0.9762307341299736
214376.0,500,0.0774875,0.8,0.99,10000,10,45,0.00480347,0.000303127,0.9306929296536061,0.9825894572169619
240897.0,250,0.179786,0.445111,0.99,10000,10,35,8.61252e-05,0.0036191,0.9907196336279218,0.9398410438920355
242924.0,500,0.0608075,0.784739,0.99,10000,10,33,0.00503525,0.000300157,0.9290405045113763,0.9826749603175058
209661.0,472,0.121461,0.648188,0.99,10000,10,34,0.00367432,0.000543495,0.9393838305400284,0.9766870207824053
200000.0,435,0.0736007,0.793501,0.99,10000,10,31,0.00405538,0.000484064,0.9363181344494369,0.9779985455026264
209661.0,416,0.121461,0.66361,0.99,10000,10,34,0.0030675,0.000634219,0.944614983975808,0.9748162949509013
208964.0,330,0.171002,0.581226,0.99,10000,10,37,0.00141941,0.00128129,0.9623249419376692,0.9642048886019333
209810.0,373,0.121461,0.66361,0.99,10000,10,37,0.00253339,0.000794503,0.9496672075084245,0.9718130704048845
200080.0,191,0.207665,0.650384,0.99,10000,10,39,0.000101069,0.00341919,0.9899466920866811,0.9415261596951252
497711.0,500,0.0608075,0.787638,0.99,10000,10,45,0.00716655,0.00018124,0.9153445217366295,0.9865374593779629
209661.0,472,0.103993,0.600961,0.99,10000,10,39,0.00314643,0.000609297,0.9439069523024466,0.9753160578513075
241069.0,359,0.144602,0.519488,0.989668,10000,10,44,0.00160442,0.00121426,0.9599447881044176,0.9651537663441226
221740.0,408,0.146565,0.564846,0.99,10000,10,45,0.00241542,0.000858471,0.9508530774106863,0.9707003242338759
200000.0,330,0.171002,0.545837,0.99,10000,10,32,0.00105661,0.00152719,0.9674944620102974,0.9609207216033868
203288.0,500,0.0857256,0.8,0.99,10000,10,40,0.00471393,0.000319523,0.9313419341956096,0.9821247937074841
240228.0,291,0.171002,0.581226,0.99,10000,10,41,0.00123339,0.00145962,0.964880347382128,0.961795026501776
234529.0,414,0.12164,0.582404,0.99,10000,10,47,0.00270394,0.000737091,0.9480005769262774,0.9728505801166949
200000.0,389,0.144602,0.519696,0.989668,10000,10,34,0.00151148,0.00124459,0.9611222428630457,0.9647212528567127
214451.0,500,0.162661,0.769775,0.988719,153442,10,37,0.00970807,9.30566e-05,0.901470461281908,0.9903534151120721
773218.0,500,0.0707547,0.796876,0.99,114967,10,37,0.00939276,0.000123749,0.903083747493003,0.9888757472161048
200000.0,219,0.196795,0.616319,0.99,10000,10,36,0.000234082,0.00285771,0.9847002614401422,0.9465424467451043
209661.0,433,0.121461,0.698689,0.99,10000,10,34,0.00361272,0.000553754,0.9398940934682789,0.9764680217576167
233018.0,279,0.171002,0.606796,0.99,10000,10,49,0.00116774,0.00151369,0.9658277890677235,0.9610938308233771
200000.0,330,0.171002,0.581226,0.99,10000,10,37,0.0013091,0.00133898,0.9638185130211596,0.9634079243551285
234529.0,414,0.12164,0.582404,0.99,10000,10,47,0.00270394,0.000737091,0.9480005769262774,0.9728505801166949
687741.0,500,0.0565483,0.796876,0.99,85888,10,25,0.00905865,0.000141435,0.9048230595154477,0.9881073552142511
202898.0,177,0.207665,0.666832,0.99,10000,10,41,5.7595e-05,0.00382537,0.9924108630266677,0.9381504244153608
666835.0,500,0.0802769,0.8,0.989266,180680,10,22,0.00957103,0.000105109,0.9021683589016314,0.9897477319582445
230151.0,287,0.171002,0.401258,0.99,10000,10,39,9.83102e-05,0.00355727,0.9900848499759207,0.9403571462788709
270318.0,500,0.0632177,0.769663,0.99,10000,10,43,0.00520986,0.000271332,0.9278206400693384,0.9835278416714749
200000.0,439,0.142959,0.518418,0.989284,10000,10,45,0.00200792,0.000951141,0.9551901796477602,0.9691594260753792
270476.0,494,0.0634958,0.8,0.99,10000,10,46,0.00532573,0.000256304,0.9270224006972002,0.9839905028186392
230151.0,439,0.171002,0.401258,0.99,10000,10,27,0.00124526,0.00134699,0.9647117583322716,0.9632986376274667
252817.0,497,0.0694844,0.785797,0.99,10000,10,44,0.00511003,0.000276599,0.9285155261612705,0.9833687342634423
202898.0,187,0.218203,0.666832,0.99,10000,10,35,0.000114179,0.00330451,0.9893145425928508,0.9425151324260027
200000.0,271,0.20775,0.573901,0.99,10000,10,30,0.000581066,0.00203831,0.975894689381798,0.9548523533282187
666835.0,500,0.0802769,0.8,0.989266,155857,10,24,0.00949713,0.00011834,0.9025467804533889,0.989121580997222
241069.0,389,0.144602,0.519853,0.99,10000,10,44,0.00197339,0.00100297,0.9555771455217025,0.9683302983910489
234529.0,396,0.12164,0.582404,0.99,10000,10,39,0.00248682,0.000815663,0.9501319741718203,0.9714401855748326
363768.0,459,0.0667407,0.8,0.99,10220,10,43,0.00596495,0.000242269,0.9227669112361806,0.9844350072277562
200000.0,500,0.0985669,0.599682,0.989668,10000,10,34,0.00329345,0.000579578,0.9426114122843225,0.97592557373477
200000.0,455,0.0957756,0.8,0.99,10000,10,31,0.00426079,0.000389266,0.9347252728845229,0.9802701748613932
200000.0,350,0.162752,0.476606,0.99,10000,10,38,0.000792606,0.00185139,0.9718467408636229,0.9569722182770248
200000.0,271,0.20775,0.573901,0.99,10000,10,30,0.000581066,0.00203831,0.975894689381798,0.9548523533282187
322528.0,179,0.321893,0.38193,0.99,12134,10,40,2.02711e-09,0.00893194,0.9999549765616595,0.9054910586240645
200000.0,491,0.01,0.798245,0.99,198240,12,39,0.00999989,1.41472e-09,0.9000005500015125,0.999962387236209
200080.0,191,0.213971,0.528702,0.99,10000,10,46,4.37126e-07,0.00598819,0.9993388449501063,0.9226166038481123
230151.0,287,0.171002,0.314093,0.99,10000,10,39,8.7258e-08,0.00706012,0.9997046053487282,0.9159754797692959
200080.0,191,0.205187,0.484849,0.99,10000,10,46,3.02877e-08,0.00793914,0.9998259663825578,0.9108981481673921
200080.0,209,0.215749,0.528702,0.99,10000,10,46,8.22548e-06,0.00449674,0.9971319902371156,0.932942263682704
687741.0,500,0.01,0.796876,0.99,10000,10,25,0.00808246,0.000143156,0.9100974972539696,0.9880352183471657
687741.0,500,0.0565483,0.796876,0.99,85888,10,25,0.00905865,0.000141435,0.9048230595154477,0.9881073552142511
390840.0,500,0.0608075,0.8,0.99,10000,10,36,0.00647467,0.000197416,0.9195346658491994,0.9859495195811674
200080.0,191,0.207665,0.618574,0.99,10000,10,39,4.71417e-05,0.00383349,0.993134018642612,0.9380848160787679
200000.0,435,0.0736007,0.793501,0.99,10000,10,31,0.00405538,0.000484064,0.9363181344494369,0.9779985455026264
200000.0,437,0.108219,0.705174,0.989612,10000,10,31,0.00344343,0.000534217,0.9413192535834793,0.9768868652061214
200000.0,191,0.213971,0.583062,0.99,10000,10,46,1.24719e-05,0.00443915,0.9964684422700457,0.9333730534993536
513349.0,464,0.0608075,0.8,0.99,10000,10,27,0.00703841,0.00019078,0.9161047677159184,0.9861876866528448
270476.0,500,0.0634958,0.8,0.99,10000,10,46,0.00537681,0.000250005,0.9266732654484056,0.9841884535860657
363768.0,459,0.0667407,0.8,0.99,10220,10,43,0.00596495,0.000242269,0.9227669112361806,0.9844350072277562
642248.0,500,0.0565483,0.790469,0.99,10000,10,27,0.00784021,0.000151463,0.9114550396691037,0.9876929694889466
351257.0,492,0.0608075,0.783114,0.99,10000,10,47,0.00597597,0.000218529,0.9226956016775242,0.985217273593819
548831.0,500,0.0608075,0.8,0.99,10000,10,34,0.00751299,0.000171318,0.9133224942675436,0.9869111497831169
200000.0,376,0.162752,0.553907,0.99,10000,10,42,0.00165443,0.00112067,0.9593253149981465,0.9665235903956234
240897.0,292,0.190538,0.521287,0.99,10000,10,47,0.000847719,0.00177346,0.970884385632448,0.95788753153756
200000.0,455,0.0957756,0.8,0.99,10000,10,31,0.00426079,0.000389266,0.9347252728845229,0.9802701748613932
237201.0,355,0.13589,0.569619,0.99,10000,10,43,0.00192627,0.00104785,0.956110707456146,0.9676294887281649
261757.0,186,0.190335,0.618574,0.99,10000,10,39,0.000233836,0.00309599,0.9847083029064789,0.9443583788877427
200000.0,242,0.207665,0.663094,0.99,10000,10,36,0.000708078,0.00193705,0.9733902649393121,0.955988069799201
240897.0,250,0.190538,0.521287,0.99,10000,10,47,0.000376053,0.00251845,0.9806079139853393,0.9498158391521787
200000.0,219,0.196795,0.683897,0.99,10000,10,44,0.000492294,0.00229153,0.9778123007051204,0.9521300720702444
200000.0,500,0.0985669,0.599682,0.989668,10000,10,34,0.00329345,0.000579578,0.9426114122843225,0.97592557373477
200000.0,498,0.0736007,0.793501,0.99,10000,10,31,0.00457676,0.000339806,0.9323482446643104,0.9815661723996344
200000.0,288,0.20775,0.531124,0.989632,10000,10,30,0.000519409,0.00210736,0.9772094537143139,0.9540940091055644
200000.0,467,0.0957756,0.8,0.99,10000,10,31,0.00440208,0.000373635,0.9336518274554604,0.980670359548093
202898.0,219,0.207665,0.663094,0.99,10000,10,36,0.00042489,0.0023663,0.9793871399364378,0.9513553702861252
200000.0,235,0.20775,0.512923,0.99,10000,10,28,5.41277e-05,0.00359652,0.9926428470180375,0.9400290070117228
513349.0,500,0.0608075,0.8,0.99,10000,10,36,0.00731755,0.000176118,0.9144573205937527,0.9867290542914229
200000.0,400,0.142959,0.596091,0.99,10000,10,42,0.00226059,0.000863805,0.9524543377372867,0.9706094402911412
687741.0,500,0.0565483,0.796876,0.99,114967,10,25,0.00925123,0.000127494,0.9038166854386895,0.9887086758969552
202898.0,191,0.207665,0.666832,0.99,10000,10,36,0.000148217,0.00318295,0.9878255595611133,0.9435823609143381
227320.0,355,0.144602,0.60791,0.99,10000,10,36,0.00214383,0.000943015,0.953698488145634,0.9692914507017997
214376.0,500,0.0774875,0.8,0.99,10000,10,45,0.00480347,0.000303127,0.9306929296536061,0.9825894572169619
208418.0,219,0.207665,0.624321,0.99,10000,10,35,0.000305243,0.00261971,0.9825287951188248,0.9488168973195255
242924.0,500,0.0608075,0.784739,0.99,10000,10,33,0.00503525,0.000300157,0.9290405045113763,0.9826749603175058
200000.0,350,0.162752,0.476606,0.99,10000,10,38,0.000792606,0.00185139,0.9718467408636229,0.9569722182770248
209661.0,416,0.121461,0.66361,0.99,10000,10,34,0.0030675,0.000634219,0.944614983975808,0.9748162949509013
202898.0,187,0.218203,0.666832,0.99,10000,10,35,0.000114179,0.00330451,0.9893145425928508,0.9425151324260027
240228.0,291,0.171002,0.581226,0.99,10000,10,41,0.00123339,0.00145962,0.964880347382128,0.961795026501776
209810.0,373,0.121461,0.66361,0.99,10000,10,37,0.00253339,0.000794503,0.9496672075084245,0.9718130704048845
200080.0,191,0.207665,0.650384,0.99,10000,10,39,0.000101069,0.00341919,0.9899466920866811,0.9415261596951252
497711.0,500,0.0608075,0.787638,0.99,10000,10,45,0.00716655,0.00018124,0.9153445217366295,0.9865374593779629
200000.0,500,0.220895,0.745998,0.989541,162250,22,42,0.00979664,7.51604e-05,0.9010220226515009,0.9913304902099369
209661.0,472,0.103993,0.600961,0.99,10000,10,39,0.00314643,0.000609297,0.9439069523024466,0.9753160578513075
241069.0,359,0.144602,0.519488,0.989668,10000,10,44,0.00160442,0.00121426,0.9599447881044176,0.9651537663441226
200000.0,219,0.196795,0.616319,0.99,10000,10,36,0.000234082,0.00285771,0.9847002614401422,0.9465424467451043
209661.0,407,0.124124,0.64876,0.99,10000,10,34,0.0028544,0.00068482,0.9465734148573952,0.973830934292566
209661.0,412,0.121461,0.648188,0.99,10000,10,34,0.00290133,0.000669372,0.9461360046041886,0.974127775511178
200000.0,330,0.171002,0.535618,0.99,10000,10,38,0.000986697,0.00159502,0.9685882665234788,0.9600622985138103
203288.0,500,0.0857256,0.8,0.99,10000,10,40,0.00471393,0.000319523,0.9313419341956096,0.9821247937074841
200000.0,389,0.144602,0.519696,0.989668,10000,10,34,0.00151148,0.00124459,0.9611222428630457,0.9647212528567127
773218.0,500,0.0707547,0.796876,0.99,114967,10,37,0.00939276,0.000123749,0.903083747493003,0.9888757472161048
200000.0,340,0.171002,0.535618,0.99,10000,10,38,0.00109479,0.00148528,0.9669123890254978,0.9614606694401681
214451.0,500,0.162661,0.769775,0.988719,153442,10,37,0.00970807,9.30566e-05,0.901470461281908,0.9903534151120721
230151.0,287,0.171002,0.401258,0.99,10000,10,39,9.83102e-05,0.00355727,0.9900848499759207,0.9403571462788709
270318.0,500,0.0632177,0.769663,0.99,10000,10,43,0.00520986,0.000271332,0.9278206400693384,0.9835278416714749
200000.0,439,0.142959,0.518418,0.989284,10000,10,45,0.00200792,0.000951141,0.9551901796477602,0.9691594260753792
200000.0,330,0.171002,0.545837,0.99,10000,10,32,0.00105661,0.00152719,0.9674944620102974,0.9609207216033868
234529.0,414,0.12164,0.582404,0.99,10000,10,47,0.00270394,0.000737091,0.9480005769262774,0.9728505801166949
208964.0,330,0.171002,0.581226,0.99,10000,10,37,0.00141941,0.00128129,0.9623249419376692,0.9642048886019333
200000.0,330,0.171002,0.535618,0.99,10000,10,38,0.000986697,0.00159502,0.9685882665234788,0.9600622985138103
234529.0,414,0.12164,0.582404,0.99,10000,10,47,0.00270394,0.000737091,0.9480005769262774,0.9728505801166949
230151.0,439,0.171002,0.401258,0.99,10000,10,27,0.00124526,0.00134699,0.9647117583322716,0.9632986376274667
252817.0,497,0.0694844,0.785797,0.99,10000,10,44,0.00511003,0.000276599,0.9285155261612705,0.9833687342634423
200000.0,271,0.20775,0.573901,0.99,10000,10,30,0.000581066,0.00203831,0.975894689381798,0.9548523533282187
666835.0,500,0.0802769,0.8,0.989266,180680,10,22,0.00957103,0.000105109,0.9021683589016314,0.9897477319582445
270476.0,494,0.0634958,0.8,0.99,10000,10,46,0.00532573,0.000256304,0.9270224006972002,0.9839905028186392
241069.0,389,0.144602,0.519853,0.99,10000,10,44,0.00197339,0.00100297,0.9555771455217025,0.9683302983910489
234529.0,396,0.12164,0.582404,0.99,10000,10,39,0.00248682,0.000815663,0.9501319741718203,0.9714401855748326
210746.0,251,0.20775,0.531124,0.989632,10000,10,27,0.000245809,0.00270653,0.9843217028985926,0.9479756787646393
200000.0,271,0.20775,0.573901,0.99,10000,10,30,0.000581066,0.00203831,0.975894689381798,0.9548523533282187
200000.0,279,0.171002,0.695123,0.99,10000,10,49,0.00138635,0.00133237,0.9627662787247904,0.9634983562013982
200000.0,219,0.196795,0.616319,0.99,10000,10,36,0.000234082,0.00285771,0.9847002614401422,0.9465424467451043
221740.0,408,0.146565,0.564129,0.99,10000,10,41,0.00240769,0.00086011,0.9509317821803155,0.9706723679783041
200000.0,287,0.278906,0.314093,0.99,10000,10,40,8.15918e-11,0.00853423,0.9999909671820565,0.907619103706448
200000.0,491,0.01,0.798245,0.99,198240,12,39,0.00999989,1.41472e-09,0.9000005500015125,0.999962387236209
200000.0,491,0.01,0.798245,0.99,198240,12,39,0.00999989,1.41472e-09,0.9000005500015125,0.999962387236209
202898.0,153,0.21064,0.663767,0.99,10000,10,35,1.86047e-06,0.00581897,0.9986360095308251,0.9237178264599126
200080.0,191,0.205187,0.484849,0.99,10000,10,46,3.02877e-08,0.00793914,0.9998259663825578,0.9108981481673921
200080.0,209,0.215749,0.528702,0.99,10000,10,46,8.22548e-06,0.00449674,0.9971319902371156,0.932942263682704
200080.0,191,0.213971,0.528702,0.99,10000,10,46,4.37126e-07,0.00598819,0.9993388449501063,0.9226166038481123
230151.0,287,0.171002,0.314093,0.99,10000,10,39,8.7258e-08,0.00706012,0.9997046053487282,0.9159754797692959
687741.0,500,0.01,0.796876,0.99,10000,10,25,0.00808246,0.000143156,0.9100974972539696,0.9880352183471657
230151.0,287,0.171002,0.314093,0.99,10000,10,37,8.69995e-08,0.00706057,0.9997050432235055,0.9159728020222023
200080.0,191,0.207665,0.618574,0.99,10000,10,39,4.71417e-05,0.00383349,0.993134018642612,0.9380848160787679
687741.0,500,0.0565483,0.796876,0.99,85888,10,25,0.00905865,0.000141435,0.9048230595154477,0.9881073552142511
200000.0,435,0.0736007,0.793501,0.99,10000,10,31,0.00405538,0.000484064,0.9363181344494369,0.9779985455026264
230151.0,383,0.264691,0.314093,0.99,10000,10,39,0.000129142,0.00279145,0.9886359338263102,0.947165825453595
200000.0,437,0.108219,0.705174,0.989612,10000,10,31,0.00344343,0.000534217,0.9413192535834793,0.9768868652061214
200000.0,191,0.213971,0.583062,0.99,10000,10,46,1.24719e-05,0.00443915,0.9964684422700457,0.9333730534993536
390840.0,500,0.0608075,0.8,0.99,10000,10,36,0.00647467,0.000197416,0.9195346658491994,0.9859495195811674
202898.0,187,0.218203,0.666832,0.99,10000,10,35,0.000114179,0.00330451,0.9893145425928508,0.9425151324260027
200000.0,235,0.20775,0.512923,0.99,10000,10,28,5.41277e-05,0.00359652,0.9926428470180375,0.9400290070117228
330110.0,477,0.0667407,0.781806,0.99,10081,10,39,0.00570372,0.000247645,0.9244770233637472,0.9842632595497034
412373.0,500,0.0608075,0.8,0.99,10000,10,36,0.00664349,0.000192979,0.9184923929930463,0.9861083118376491
351257.0,492,0.0608075,0.783114,0.99,10000,10,47,0.00597597,0.000218529,0.9226956016775242,0.985217273593819
513349.0,464,0.0608075,0.8,0.99,10000,10,27,0.00703841,0.00019078,0.9161047677159184,0.9861876866528448
200000.0,376,0.162752,0.553907,0.99,10000,10,42,0.00165443,0.00112067,0.9593253149981465,0.9665235903956234
200000.0,455,0.0957756,0.8,0.99,10000,10,31,0.00426079,0.000389266,0.9347252728845229,0.9802701748613932
592903.0,477,0.0565483,0.790469,0.99,10000,10,23,0.00746276,0.000165477,0.9136127324196441,0.9871362136211767
237201.0,355,0.13589,0.569619,0.99,10000,10,43,0.00192627,0.00104785,0.956110707456146,0.9676294887281649
218010.0,223,0.246565,0.527143,0.99,10000,10,46,7.23307e-05,0.00332698,0.9914952542659995,0.942320020804442
600059.0,500,0.0608075,0.8,0.99,10000,10,34,0.00776358,0.000164726,0.9118888202326174,0.9871654372883218
270476.0,500,0.0634958,0.8,0.99,10000,10,46,0.00537681,0.000250005,0.9266732654484056,0.9841884535860657
200000.0,500,0.0985669,0.599682,0.989668,10000,10,34,0.00329345,0.000579578,0.9426114122843225,0.97592557373477
202898.0,219,0.207665,0.663094,0.99,10000,10,36,0.00042489,0.0023663,0.9793871399364378,0.9513553702861252
200080.0,259,0.213971,0.528702,0.99,10000,10,46,0.000240648,0.00265865,0.9844871666030992,0.9484379015167148
200000.0,400,0.142959,0.596091,0.99,10000,10,42,0.00226059,0.000863805,0.9524543377372867,0.9706094402911412
200000.0,288,0.20775,0.531124,0.989632,10000,10,30,0.000519409,0.00210736,0.9772094537143139,0.9540940091055644
227320.0,355,0.144602,0.60791,0.99,10000,10,36,0.00214383,0.000943015,0.953698488145634,0.9692914507017997
687741.0,500,0.0565483,0.796876,0.99,114967,10,25,0.00925123,0.000127494,0.9038166854386895,0.9887086758969552
240897.0,292,0.190538,0.521287,0.99,10000,10,47,0.000847719,0.00177346,0.970884385632448,0.95788753153756
666835.0,500,0.0802769,0.8,0.989266,180680,10,22,0.00957103,0.000105109,0.9021683589016314,0.9897477319582445
773218.0,500,0.0707547,0.796876,0.99,114967,10,37,0.00939276,0.000123749,0.903083747493003,0.9888757472161048
642248.0,500,0.0565483,0.790469,0.99,10000,10,27,0.00784021,0.000151463,0.9114550396691037,0.9876929694889466
214376.0,500,0.0774875,0.8,0.99,10000,10,45,0.00480347,0.000303127,0.9306929296536061,0.9825894572169619
242924.0,500,0.0608075,0.784739,0.99,10000,10,33,0.00503525,0.000300157,0.9290405045113763,0.9826749603175058
240897.0,250,0.190538,0.521287,0.99,10000,10,47,0.000376053,0.00251845,0.9806079139853393,0.9498158391521787
209661.0,416,0.121461,0.66361,0.99,10000,10,34,0.0030675,0.000634219,0.944614983975808,0.9748162949509013
513349.0,500,0.0608075,0.8,0.99,10000,10,36,0.00731755,0.000176118,0.9144573205937527,0.9867290542914229
240228.0,291,0.171002,0.581226,0.99,10000,10,41,0.00123339,0.00145962,0.964880347382128,0.961795026501776
200000.0,242,0.207665,0.663094,0.99,10000,10,36,0.000708078,0.00193705,0.9733902649393121,0.955988069799201
209810.0,373,0.121461,0.66361,0.99,10000,10,37,0.00253339,0.000794503,0.9496672075084245,0.9718130704048845
363768.0,459,0.0667407,0.8,0.99,10220,10,43,0.00596495,0.000242269,0.9227669112361806,0.9844350072277562
230151.0,439,0.171002,0.401258,0.99,10000,10,27,0.00124526,0.00134699,0.9647117583322716,0.9632986376274667
200000.0,500,0.220895,0.745998,0.989541,162250,22,42,0.00979664,7.51604e-05,0.9010220226515009,0.9913304902099369
209661.0,472,0.103993,0.600961,0.99,10000,10,39,0.00314643,0.000609297,0.9439069523024466,0.9753160578513075
241069.0,359,0.144602,0.519488,0.989668,10000,10,44,0.00160442,0.00121426,0.9599447881044176,0.9651537663441226
221740.0,408,0.146565,0.564129,0.99,10000,10,41,0.00240769,0.00086011,0.9509317821803155,0.9706723679783041
200000.0,330,0.171002,0.535618,0.99,10000,10,38,0.000986697,0.00159502,0.9685882665234788,0.9600622985138103
209661.0,407,0.124124,0.64876,0.99,10000,10,34,0.0028544,0.00068482,0.9465734148573952,0.973830934292566
209661.0,412,0.121461,0.648188,0.99,10000,10,34,0.00290133,0.000669372,0.9461360046041886,0.974127775511178
200000.0,389,0.144602,0.519696,0.989668,10000,10,34,0.00151148,0.00124459,0.9611222428630457,0.9647212528567127
200000.0,350,0.162752,0.476606,0.99,10000,10,38,0.000792606,0.00185139,0.9718467408636229,0.9569722182770248
200000.0,279,0.171002,0.695123,0.99,10000,10,49,0.00138635,0.00133237,0.9627662787247904,0.9634983562013982
214451.0,500,0.162661,0.769775,0.988719,153442,10,37,0.00970807,9.30566e-05,0.901470461281908,0.9903534151120721
200000.0,219,0.207826,0.683897,0.989756,10000,10,44,0.0004935,0.00227048,0.977785140108477,0.9523504459622129
200000.0,439,0.142959,0.518418,0.989284,10000,10,45,0.00200792,0.000951141,0.9551901796477602,0.9691594260753792
234529.0,414,0.12164,0.582404,0.99,10000,10,47,0.00270394,0.000737091,0.9480005769262774,0.9728505801166949
203288.0,500,0.0857256,0.8,0.99,10000,10,40,0.00471393,0.000319523,0.9313419341956096,0.9821247937074841
208964.0,330,0.171002,0.581226,0.99,10000,10,37,0.00141941,0.00128129,0.9623249419376692,0.9642048886019333
200000.0,330,0.171002,0.535618,0.99,10000,10,38,0.000986697,0.00159502,0.9685882665234788,0.9600622985138103
234529.0,414,0.12164,0.582404,0.99,10000,10,47,0.00270394,0.000737091,0.9480005769262774,0.9728505801166949
200000.0,478,0.0775608,0.8,0.99,10000,10,31,0.00443017,0.000359764,0.9334404777661378,0.9810325542046379
200000.0,330,0.171002,0.545837,0.99,10000,10,32,0.00105661,0.00152719,0.9674944620102974,0.9609207216033868
200000.0,498,0.0736007,0.793501,0.99,10000,10,31,0.00457676,0.000339806,0.9323482446643104,0.9815661723996344
252817.0,497,0.0694844,0.785797,0.99,10000,10,44,0.00511003,0.000276599,0.9285155261612705,0.9833687342634423
200000.0,271,0.20775,0.573901,0.99,10000,10,30,0.000581066,0.00203831,0.975894689381798,0.9548523533282187
200000.0,467,0.0957756,0.8,0.99,10000,10,31,0.00440208,0.000373635,0.9336518274554604,0.980670359548093
234529.0,396,0.12164,0.582404,0.99,10000,10,39,0.00248682,0.000815663,0.9501319741718203,0.9714401855748326
241069.0,389,0.144602,0.519853,0.99,10000,10,44,0.00197339,0.00100297,0.9555771455217025,0.9683302983910489
687741.0,500,0.0565483,0.796876,0.99,85888,10,25,0.00905865,0.000141435,0.9048230595154477,0.9881073552142511
270318.0,500,0.0632177,0.769663,0.99,10000,10,43,0.00520986,0.000271332,0.9278206400693384,0.9835278416714749
208418.0,219,0.207665,0.624321,0.99,10000,10,35,0.000305243,0.00261971,0.9825287951188248,0.9488168973195255
200000.0,491,0.01,0.798245,0.99,198240,12,39,0.00999989,1.41472e-09,0.9000005500015125,0.999962387236209
200000.0,491,0.01,0.798245,0.99,198240,12,39,0.00999989,1.41472e-09,0.9000005500015125,0.999962387236209
200000.0,287,0.278906,0.314093,0.99,10000,10,40,8.15918e-11,0.00853423,0.9999909671820565,0.907619103706448
200000.0,153,0.21064,0.699554,0.99,10000,10,39,7.72214e-06,0.00507938,0.9972211261273675,0.9287302308127773
687741.0,500,0.01,0.796876,0.99,10000,10,25,0.00808246,0.000143156,0.9100974972539696,0.9880352183471657
202898.0,153,0.21064,0.663767,0.99,10000,10,35,1.86047e-06,0.00581897,0.9986360095308251,0.9237178264599126
200080.0,191,0.205187,0.495913,0.99,10000,10,46,6.09519e-08,0.00739563,0.9997531156141025,0.9140021511896954
200080.0,191,0.207665,0.618574,0.99,10000,10,39,4.71417e-05,0.00383349,0.993134018642612,0.9380848160787679
232165.0,191,0.205187,0.481048,0.99,10000,10,46,1.9713e-07,0.0064572,0.9995560067568082,0.9196432952392894
687741.0,500,0.0565483,0.796876,0.99,85888,10,25,0.00905865,0.000141435,0.9048230595154477,0.9881073552142511
230151.0,383,0.264691,0.314093,0.99,10000,10,39,0.000129142,0.00279145,0.9886359338263102,0.947165825453595
200000.0,191,0.213971,0.583062,0.99,10000,10,46,1.24719e-05,0.00443915,0.9964684422700457,0.9333730534993536
200080.0,209,0.215749,0.528702,0.99,10000,10,46,8.22548e-06,0.00449674,0.9971319902371156,0.932942263682704
200080.0,191,0.213971,0.528702,0.99,10000,10,46,4.37126e-07,0.00598819,0.9993388449501063,0.9226166038481123
200000.0,467,0.108024,0.705174,0.989612,10000,10,31,0.00380494,0.0004741,0.9383158042931579,0.9782261624879766
232645.0,320,0.167377,0.282865,0.99,10000,10,40,1.16933e-07,0.0068529,0.9996580453246409,0.9172177555269247
390840.0,500,0.0608075,0.8,0.99,10000,10,36,0.00647467,0.000197416,0.9195346658491994,0.9859495195811674
200080.0,191,0.205187,0.484849,0.99,10000,10,46,3.02877e-08,0.00793914,0.9998259663825578,0.9108981481673921
513349.0,464,0.0608075,0.8,0.99,10000,10,27,0.00703841,0.00019078,0.9161047677159184,0.9861876866528448
202898.0,187,0.218203,0.666832,0.99,10000,10,35,0.000114179,0.00330451,0.9893145425928508,0.9425151324260027
200080.0,191,0.205187,0.484849,0.99,10000,10,46,3.02877e-08,0.00793914,0.9998259663825578,0.9108981481673921
200000.0,235,0.20775,0.512923,0.99,10000,10,28,5.41277e-05,0.00359652,0.9926428470180375,0.9400290070117228
351257.0,492,0.0608075,0.783114,0.99,10000,10,47,0.00597597,0.000218529,0.9226956016775242,0.985217273593819
412373.0,500,0.0608075,0.8,0.99,10000,10,36,0.00664349,0.000192979,0.9184923929930463,0.9861083118376491
330110.0,477,0.0667407,0.781806,0.99,10081,10,39,0.00570372,0.000247645,0.9244770233637472,0.9842632595497034
270476.0,500,0.0634958,0.8,0.99,10000,10,46,0.00537681,0.000250005,0.9266732654484056,0.9841884535860657
200000.0,376,0.162752,0.553907,0.99,10000,10,42,0.00165443,0.00112067,0.9593253149981465,0.9665235903956234
200000.0,439,0.171002,0.401258,0.99,10000,10,29,0.000942702,0.00157413,0.9692965474254116,0.9603246928178243
200000.0,437,0.108219,0.705174,0.989612,10000,10,31,0.00344343,0.000534217,0.9413192535834793,0.9768868652061214
240897.0,292,0.190538,0.521287,0.99,10000,10,47,0.000847719,0.00177346,0.970884385632448,0.95788753153756
200000.0,437,0.0736007,0.8,0.99,10000,10,31,0.00410383,0.000468175,0.9359388573314524,0.9783626480363239
237201.0,355,0.13589,0.569619,0.99,10000,10,43,0.00192627,0.00104785,0.956110707456146,0.9676294887281649
513349.0,500,0.0608075,0.8,0.99,10000,10,36,0.00731755,0.000176118,0.9144573205937527,0.9867290542914229
200000.0,242,0.207665,0.663094,0.99,10000,10,36,0.000708078,0.00193705,0.9733902649393121,0.955988069799201
240897.0,250,0.190538,0.521287,0.99,10000,10,47,0.000376053,0.00251845,0.9806079139853393,0.9498158391521787
225650.0,259,0.213971,0.528702,0.99,10000,10,46,0.000405437,0.00235277,0.9798645337774364,0.9514946394714976
218010.0,223,0.246565,0.527143,0.99,10000,10,46,7.23307e-05,0.00332698,0.9914952542659995,0.942320020804442
200000.0,219,0.207826,0.683897,0.989756,10000,10,44,0.0004935,0.00227048,0.977785140108477,0.9523504459622129
600059.0,500,0.0608075,0.8,0.99,10000,10,34,0.00776358,0.000164726,0.9118888202326174,0.9871654372883218
230151.0,287,0.171002,0.314093,0.99,10000,10,37,8.69995e-08,0.00706057,0.9997050432235055,0.9159728020222023
200000.0,271,0.20775,0.573901,0.99,10000,10,30,0.000581066,0.00203831,0.975894689381798,0.9548523533282187
200080.0,259,0.213971,0.528702,0.99,10000,10,46,0.000240648,0.00265865,0.9844871666030992,0.9484379015167148
200000.0,400,0.142959,0.596091,0.99,10000,10,42,0.00226059,0.000863805,0.9524543377372867,0.9706094402911412
200000.0,288,0.20775,0.531124,0.989632,10000,10,30,0.000519409,0.00210736,0.9772094537143139,0.9540940091055644
227320.0,355,0.144602,0.60791,0.99,10000,10,36,0.00214383,0.000943015,0.953698488145634,0.9692914507017997
687741.0,500,0.0565483,0.796876,0.99,114967,10,25,0.00925123,0.000127494,0.9038166854386895,0.9887086758969552
773218.0,500,0.0707547,0.796876,0.99,114967,10,37,0.00939276,0.000123749,0.903083747493003,0.9888757472161048
642248.0,500,0.0565483,0.790469,0.99,10000,10,27,0.00784021,0.000151463,0.9114550396691037,0.9876929694889466
214376.0,500,0.0774875,0.8,0.99,10000,10,45,0.00480347,0.000303127,0.9306929296536061,0.9825894572169619
242924.0,500,0.0608075,0.784739,0.99,10000,10,33,0.00503525,0.000300157,0.9290405045113763,0.9826749603175058
200000.0,330,0.171002,0.545837,0.99,10000,10,32,0.00105661,0.00152719,0.9674944620102974,0.9609207216033868
200000.0,350,0.162752,0.476606,0.99,10000,10,38,0.000792606,0.00185139,0.9718467408636229,0.9569722182770248
200000.0,498,0.0736007,0.793501,0.99,10000,10,31,0.00457676,0.000339806,0.9323482446643104,0.9815661723996344
209661.0,416,0.121461,0.66361,0.99,10000,10,34,0.0030675,0.000634219,0.944614983975808,0.9748162949509013
351257.0,492,0.0608075,0.77205,0.99,10000,10,47,0.00591366,0.000223148,0.9230996749031579,0.9850618608923334
230151.0,439,0.171002,0.401258,0.99,10000,10,27,0.00124526,0.00134699,0.9647117583322716,0.9632986376274667
592903.0,477,0.0565483,0.790469,0.99,10000,10,25,0.00746288,0.000165469,0.9136120378756392,0.9871365245753724
208418.0,219,0.207665,0.624321,0.99,10000,10,35,0.000305243,0.00261971,0.9825287951188248,0.9488168973195255
270318.0,500,0.0632177,0.769663,0.99,10000,10,43,0.00520986,0.000271332,0.9278206400693384,0.9835278416714749
200000.0,490,0.220895,0.8,0.99,162250,17,44,0.00981302,6.68757e-05,0.9009393115307591,0.9918222435839651
241069.0,359,0.144602,0.519488,0.989668,10000,10,44,0.00160442,0.00121426,0.9599447881044176,0.9651537663441226
209661.0,407,0.124124,0.64876,0.99,10000,10,34,0.0028544,0.00068482,0.9465734148573952,0.973830934292566
209661.0,412,0.121461,0.648188,0.99,10000,10,34,0.00290133,0.000669372,0.9461360046041886,0.974127775511178
203288.0,500,0.0857256,0.8,0.99,10000,10,40,0.00471393,0.000319523,0.9313419341956096,0.9821247937074841
200000.0,500,0.01,0.71156,0.99,198240,12,39,0.00999952,4.41322e-08,0.9000024000288007,0.999789923347323
200000.0,389,0.144602,0.519696,0.989668,10000,10,34,0.00151148,0.00124459,0.9611222428630457,0.9647212528567127
214451.0,500,0.162661,0.769775,0.988719,153442,10,37,0.00970807,9.30566e-05,0.901470461281908,0.9903534151120721
200000.0,455,0.0957756,0.8,0.99,10000,10,31,0.00426079,0.000389266,0.9347252728845229,0.9802701748613932
200000.0,359,0.144602,0.519488,0.989603,10000,10,34,0.0012124,0.00151757,0.9651804652529646,0.9610439991785604
200000.0,500,0.100901,0.599682,0.989668,10000,10,34,0.0032864,0.00057283,0.9426728685524908,0.976066132782185
200000.0,279,0.171002,0.695123,0.99,10000,10,49,0.00138635,0.00133237,0.9627662787247904,0.9634983562013982
234980.0,435,0.0736007,0.760255,0.99,10000,10,37,0.00422004,0.000436768,0.9350381650505468,0.9791010048088431
230151.0,287,0.171002,0.314093,0.99,10000,10,39,8.7258e-08,0.00706012,0.9997046053487282,0.9159754797692959
200000.0,439,0.142959,0.518418,0.989284,10000,10,45,0.00200792,0.000951141,0.9551901796477602,0.9691594260753792
209810.0,373,0.121461,0.66361,0.99,10000,10,37,0.00253339,0.000794503,0.9496672075084245,0.9718130704048845
240228.0,291,0.171002,0.581226,0.99,10000,10,41,0.00123339,0.00145962,0.964880347382128,0.961795026501776
234529.0,414,0.12164,0.582404,0.99,10000,10,47,0.00270394,0.000737091,0.9480005769262774,0.9728505801166949
208964.0,330,0.171002,0.581226,0.99,10000,10,37,0.00141941,0.00128129,0.9623249419376692,0.9642048886019333
234529.0,414,0.12164,0.582404,0.99,10000,10,47,0.00270394,0.000737091,0.9480005769262774,0.9728505801166949
200000.0,478,0.0775608,0.8,0.99,10000,10,31,0.00443017,0.000359764,0.9334404777661378,0.9810325542046379
200000.0,287,0.278906,0.314093,0.99,10000,10,40,8.15918e-11,0.00853423,0.9999909671820565,0.907619103706448
200000.0,491,0.01,0.798245,0.99,198240,12,39,0.00999989,1.41472e-09,0.9000005500015125,0.999962387236209
200000.0,491,0.01,0.798245,0.99,198240,12,39,0.00999989,1.41472e-09,0.9000005500015125,0.999962387236209
200080.0,191,0.275816,0.520336,0.99,10000,10,46,6.81878e-08,0.0061681,0.999738872062008,0.9214627476925759
200080.0,191,0.205187,0.495913,0.99,10000,10,46,6.09519e-08,0.00739563,0.9997531156141025,0.9140021511896954
200080.0,191,0.312367,0.53947,0.99,10000,10,46,4.34302e-07,0.00534626,0.9993409840669605,0.9268818763916907
232381.0,287,0.278906,0.303161,0.99,10000,10,40,3.11968e-10,0.00757344,0.9999823373841122,0.9129744864996477
687741.0,500,0.01,0.796876,0.99,10000,10,25,0.00808246,0.000143156,0.9100974972539696,0.9880352183471657
687741.0,500,0.0565483,0.796876,0.99,85888,10,25,0.00905865,0.000141435,0.9048230595154477,0.9881073552142511
230151.0,383,0.264691,0.314093,0.99,10000,10,39,0.000129142,0.00279145,0.9886359338263102,0.947165825453595
200080.0,218,0.210217,0.529197,0.99,10000,10,46,2.45879e-05,0.00400772,0.9950413812407083,0.9366934442573283
513349.0,464,0.0608075,0.8,0.99,10000,10,27,0.00703841,0.00019078,0.9161047677159184,0.9861876866528448
200000.0,235,0.20775,0.536023,0.99,10000,10,28,0.000103573,0.00324407,0.989822917903446,0.9430432620316086
200000.0,467,0.108024,0.705174,0.989612,10000,10,31,0.00380494,0.0004741,0.9383158042931579,0.9782261624879766
200000.0,437,0.108219,0.705174,0.989612,10000,10,31,0.00344343,0.000534217,0.9413192535834793,0.9768868652061214
200000.0,235,0.20775,0.512923,0.99,10000,10,28,5.41277e-05,0.00359652,0.9926428470180375,0.9400290070117228
200000.0,191,0.213971,0.583062,0.99,10000,10,46,1.24719e-05,0.00443915,0.9964684422700457,0.9333730534993536
200000.0,153,0.270876,0.699554,0.99,10000,10,39,4.80753e-06,0.00488009,0.9978073919638932,0.930142359043552
412373.0,500,0.0608075,0.8,0.99,10000,10,36,0.00664349,0.000192979,0.9184923929930463,0.9861083118376491
330110.0,477,0.0667407,0.781806,0.99,10081,10,39,0.00570372,0.000247645,0.9244770233637472,0.9842632595497034
237201.0,355,0.13589,0.569619,0.99,10000,10,43,0.00192627,0.00104785,0.956110707456146,0.9676294887281649
200000.0,235,0.20775,0.454575,0.99,10000,10,31,2.34204e-06,0.00498584,0.9984696274963265,0.9293895191915534
200080.0,209,0.215749,0.528702,0.99,10000,10,46,8.22548e-06,0.00449674,0.9971319902371156,0.932942263682704
390840.0,500,0.0608075,0.777013,0.99,10000,10,36,0.006351,0.000204385,0.9203068384364129,0.985703671800074
270476.0,500,0.0634958,0.8,0.99,10000,10,46,0.00537681,0.000250005,0.9266732654484056,0.9841884535860657
200000.0,376,0.162752,0.553907,0.99,10000,10,42,0.00165443,0.00112067,0.9593253149981465,0.9665235903956234
210114.0,232,0.335679,0.484354,0.99,10000,10,46,4.32257e-05,0.00381596,0.9934253745353823,0.9382265429168806
209661.0,416,0.121461,0.66361,0.99,10000,10,34,0.0030675,0.000634219,0.944614983975808,0.9748162949509013
200000.0,500,0.100901,0.599682,0.989668,10000,10,34,0.0032864,0.00057283,0.9426728685524908,0.976066132782185
214451.0,500,0.162661,0.769775,0.988719,153442,10,37,0.00970807,9.30566e-05,0.901470461281908,0.9903534151120721
240897.0,292,0.190538,0.521287,0.99,10000,10,47,0.000847719,0.00177346,0.970884385632448,0.95788753153756
218010.0,223,0.246565,0.527143,0.99,10000,10,46,7.23307e-05,0.00332698,0.9914952542659995,0.942320020804442
592903.0,477,0.0565483,0.790469,0.99,10000,10,25,0.00746288,0.000165469,0.9136120378756392,0.9871365245753724
351257.0,492,0.0608075,0.783114,0.99,10000,10,47,0.00597597,0.000218529,0.9226956016775242,0.985217273593819
209810.0,373,0.121461,0.66361,0.99,10000,10,37,0.00253339,0.000794503,0.9496672075084245,0.9718130704048845
773218.0,500,0.0707547,0.796876,0.99,114967,10,37,0.00939276,0.000123749,0.903083747493003,0.9888757472161048
513349.0,500,0.0608075,0.8,0.99,10000,10,36,0.00731755,0.000176118,0.9144573205937527,0.9867290542914229
242924.0,500,0.0608075,0.784739,0.99,10000,10,33,0.00503525,0.000300157,0.9290405045113763,0.9826749603175058
200000.0,271,0.20775,0.593386,0.99,10000,10,32,0.000697791,0.00190177,0.973584266052218,0.9563907119984745
200000.0,271,0.20775,0.573901,0.99,10000,10,30,0.000581066,0.00203831,0.975894689381798,0.9548523533282187
240897.0,250,0.190538,0.521287,0.99,10000,10,47,0.000376053,0.00251845,0.9806079139853393,0.9498158391521787
270318.0,500,0.0632177,0.769663,0.99,10000,10,43,0.00520986,0.000271332,0.9278206400693384,0.9835278416714749
600059.0,500,0.0608075,0.8,0.99,10000,10,34,0.00776358,0.000164726,0.9118888202326174,0.9871654372883218
200080.0,259,0.213971,0.528702,0.99,10000,10,46,0.000240648,0.00265865,0.9844871666030992,0.9484379015167148
200000.0,478,0.0775608,0.8,0.99,10000,10,31,0.00443017,0.000359764,0.9334404777661378,0.9810325542046379
200000.0,288,0.20775,0.531124,0.989632,10000,10,30,0.000519409,0.00210736,0.9772094537143139,0.9540940091055644
227320.0,355,0.144602,0.60791,0.99,10000,10,36,0.00214383,0.000943015,0.953698488145634,0.9692914507017997
200000.0,416,0.121461,0.591425,0.99,10000,10,32,0.00237616,0.000847045,0.9512541283799335,0.9708959624794085
200000.0,439,0.171002,0.401258,0.99,10000,10,29,0.000942702,0.00157413,0.9692965474254116,0.9603246928178243
200000.0,400,0.142959,0.596091,0.99,10000,10,42,0.00226059,0.000863805,0.9524543377372867,0.9706094402911412
642248.0,500,0.0565483,0.790469,0.99,10000,10,27,0.00784021,0.000151463,0.9114550396691037,0.9876929694889466
214376.0,500,0.0774875,0.8,0.99,10000,10,45,0.00480347,0.000303127,0.9306929296536061,0.9825894572169619
200000.0,439,0.142959,0.518418,0.989284,10000,10,45,0.00200792,0.000951141,0.9551901796477602,0.9691594260753792
200000.0,330,0.171002,0.545837,0.99,10000,10,32,0.00105661,0.00152719,0.9674944620102974,0.9609207216033868
200000.0,498,0.0736007,0.793501,0.99,10000,10,31,0.00457676,0.000339806,0.9323482446643104,0.9815661723996344
212945.0,467,0.108024,0.705174,0.989612,10000,10,30,0.0040188,0.000459885,0.9366059939741934,0.9785550705293768
200000.0,490,0.220895,0.8,0.99,162250,17,42,0.00981302,6.68751e-05,0.9009393115307591,0.9918222802689258
200000.0,219,0.207826,0.683897,0.989756,10000,10,44,0.0004935,0.00227048,0.977785140108477,0.9523504459622129
351257.0,492,0.0608075,0.77205,0.99,10000,10,47,0.00591366,0.000223148,0.9230996749031579,0.9850618608923334
390840.0,500,0.0608075,0.8,0.99,10000,10,36,0.00647467,0.000197416,0.9195346658491994,0.9859495195811674
230151.0,439,0.171002,0.401258,0.99,10000,10,27,0.00124526,0.00134699,0.9647117583322716,0.9632986376274667
200000.0,455,0.0957756,0.8,0.99,10000,10,31,0.00426079,0.000389266,0.9347252728845229,0.9802701748613932
200000.0,350,0.162752,0.476606,0.99,10000,10,38,0.000792606,0.00185139,0.9718467408636229,0.9569722182770248
208418.0,219,0.207665,0.624321,0.99,10000,10,35,0.000305243,0.00261971,0.9825287951188248,0.9488168973195255
241069.0,359,0.144602,0.519488,0.989668,10000,10,44,0.00160442,0.00121426,0.9599447881044176,0.9651537663441226
225650.0,259,0.213971,0.528702,0.99,10000,10,46,0.000405437,0.00235277,0.9798645337774364,0.9514946394714976
209661.0,407,0.124124,0.64876,0.99,10000,10,34,0.0028544,0.00068482,0.9465734148573952,0.973830934292566
209661.0,412,0.121461,0.648188,0.99,10000,10,34,0.00290133,0.000669372,0.9461360046041886,0.974127775511178
203288.0,500,0.0857256,0.8,0.99,10000,10,40,0.00471393,0.000319523,0.9313419341956096,0.9821247937074841
200000.0,389,0.144602,0.519696,0.989668,10000,10,34,0.00151148,0.00124459,0.9611222428630457,0.9647212528567127
200000.0,359,0.144602,0.519488,0.989603,10000,10,34,0.0012124,0.00151757,0.9651804652529646,0.9610439991785604
687741.0,500,0.0565483,0.796876,0.99,114967,10,25,0.00925123,0.000127494,0.9038166854386895,0.9887086758969552
200000.0,279,0.171002,0.695123,0.99,10000,10,49,0.00138635,0.00133237,0.9627662787247904,0.9634983562013982
200000.0,491,0.01,0.798245,0.99,158419,12,39,0.00998269,4.9834e-05,0.9000865874869645,0.9929406799194257
240228.0,291,0.171002,0.581226,0.99,10000,10,41,0.00123339,0.00145962,0.964880347382128,0.961795026501776
234529.0,414,0.12164,0.582404,0.99,10000,10,47,0.00270394,0.000737091,0.9480005769262774,0.9728505801166949
200000.0,467,0.108024,0.741095,0.989612,10000,10,31,0.00409679,0.000442938,0.9359938284225654,0.978953907726136
208964.0,330,0.171002,0.581226,0.99,10000,10,37,0.00141941,0.00128129,0.9623249419376692,0.9642048886019333
234980.0,435,0.0736007,0.760255,0.99,10000,10,37,0.00422004,0.000436768,0.9350381650505468,0.9791010048088431
234529.0,414,0.12164,0.582404,0.99,10000,10,47,0.00270394,0.000737091,0.9480005769262774,0.9728505801166949
200000.0,491,0.01,0.798245,0.99,198240,12,39,0.00999989,1.41472e-09,0.9000005500015125,0.999962387236209
200000.0,491,0.01,0.798245,0.99,198240,12,39,0.00999989,1.41472e-09,0.9000005500015125,0.999962387236209
200000.0,287,0.278906,0.314093,0.99,10000,10,40,8.15918e-11,0.00853423,0.9999909671820565,0.907619103706448
200080.0,191,0.275816,0.520336,0.99,10000,10,46,6.81878e-08,0.0061681,0.999738872062008,0.9214627476925759
200080.0,191,0.205187,0.495913,0.99,10000,10,47,6.10797e-08,0.00739534,0.9997528569240298,0.9140038372949119
200080.0,191,0.312367,0.53947,0.99,10000,10,46,4.34302e-07,0.00534626,0.9993409840669605,0.9268818763916907
232381.0,287,0.278906,0.303161,0.99,10000,10,40,3.11968e-10,0.00757344,0.9999823373841122,0.9129744864996477
687741.0,500,0.01,0.796876,0.99,10000,10,25,0.00808246,0.000143156,0.9100974972539696,0.9880352183471657
687741.0,500,0.0565483,0.796876,0.99,85888,10,25,0.00905865,0.000141435,0.9048230595154477,0.9881073552142511
230151.0,383,0.264691,0.314093,0.99,10000,10,39,0.000129142,0.00279145,0.9886359338263102,0.947165825453595
513349.0,464,0.0608075,0.8,0.99,10000,10,27,0.00703841,0.00019078,0.9161047677159184,0.9861876866528448
200000.0,467,0.108024,0.705174,0.989612,10000,10,31,0.00380494,0.0004741,0.9383158042931579,0.9782261624879766
200000.0,437,0.108219,0.705174,0.989612,10000,10,31,0.00344343,0.000534217,0.9413192535834793,0.9768868652061214
200000.0,235,0.20775,0.536023,0.99,10000,10,28,0.000103573,0.00324407,0.989822917903446,0.9430432620316086
200000.0,191,0.285397,0.583062,0.99,10000,10,49,9.62812e-06,0.00421826,0.9968970787957152,0.9350518668474606
200000.0,153,0.270876,0.699554,0.99,10000,10,39,4.80753e-06,0.00488009,0.9978073919638932,0.930142359043552
200000.0,235,0.20775,0.512923,0.99,10000,10,28,5.41277e-05,0.00359652,0.9926428470180375,0.9400290070117228
270476.0,500,0.0634958,0.8,0.99,10000,10,46,0.00537681,0.000250005,0.9266732654484056,0.9841884535860657
200000.0,271,0.20775,0.593386,0.99,10000,10,32,0.000697791,0.00190177,0.973584266052218,0.9563907119984745
200000.0,227,0.331766,0.495913,0.99,10000,10,46,1.75699e-05,0.00399264,0.9958083535454431,0.9368126594957502
210114.0,232,0.335679,0.484354,0.99,10000,10,46,4.32257e-05,0.00381596,0.9934253745353823,0.9382265429168806
773218.0,500,0.0707547,0.796876,0.99,114967,10,37,0.00939276,0.000123749,0.903083747493003,0.9888757472161048
200000.0,500,0.100901,0.599682,0.989668,10000,10,34,0.0032864,0.00057283,0.9426728685524908,0.976066132782185
642248.0,500,0.0565483,0.790469,0.99,10000,10,27,0.00784021,0.000151463,0.9114550396691037,0.9876929694889466
209810.0,373,0.121461,0.66361,0.99,10000,10,37,0.00253339,0.000794503,0.9496672075084245,0.9718130704048845
513349.0,500,0.0608075,0.8,0.99,10000,10,36,0.00731755,0.000176118,0.9144573205937527,0.9867290542914229
214451.0,500,0.162661,0.769775,0.988719,153442,10,37,0.00970807,9.30566e-05,0.901470461281908,0.9903534151120721
200080.0,209,0.215749,0.528702,0.99,10000,10,43,8.21726e-06,0.00449683,0.9971334236448335,0.9329415926225503
242924.0,500,0.0608075,0.784739,0.99,10000,10,33,0.00503525,0.000300157,0.9290405045113763,0.9826749603175058
200000.0,418,0.171002,0.401258,0.99,10000,10,29,0.000780938,0.00177156,0.9720547320642653,0.9579100962224906
200000.0,235,0.20775,0.454575,0.99,10000,10,31,2.34204e-06,0.00498584,0.9984696274963265,0.9293895191915534
200000.0,271,0.20775,0.573901,0.99,10000,10,30,0.000581066,0.00203831,0.975894689381798,0.9548523533282187
225650.0,259,0.213971,0.528702,0.99,10000,10,46,0.000405437,0.00235277,0.9798645337774364,0.9514946394714976
200000.0,219,0.207826,0.683897,0.989756,10000,10,44,0.0004935,0.00227048,0.977785140108477,0.9523504459622129
270318.0,500,0.0632177,0.769663,0.99,10000,10,43,0.00520986,0.000271332,0.9278206400693384,0.9835278416714749
412373.0,500,0.0608075,0.8,0.99,10000,10,36,0.00664349,0.000192979,0.9184923929930463,0.9861083118376491
592903.0,500,0.0565483,0.790469,0.99,10000,10,21,0.00762124,0.000157388,0.9127002863693128,0.9874545625823569
200000.0,279,0.171002,0.617967,0.99,10000,10,49,0.000920404,0.00171441,0.9696618392119759,0.9585945655740699
348554.0,500,0.0608075,0.8,0.99,10000,10,36,0.00611425,0.000208129,0.9218063301794832,0.985573323321014
200000.0,400,0.167332,0.545837,0.99,10000,10,32,0.00191857,0.00104169,0.9561985160068749,0.9677247773051835
200000.0,478,0.0775608,0.8,0.99,10000,10,31,0.00443017,0.000359764,0.9334404777661378,0.9810325542046379
200000.0,376,0.162752,0.553907,0.99,10000,10,42,0.00165443,0.00112067,0.9593253149981465,0.9665235903956234
390840.0,500,0.0608075,0.777013,0.99,10000,10,36,0.006351,0.000204385,0.9203068384364129,0.985703671800074
200000.0,288,0.20775,0.531124,0.989632,10000,10,30,0.000519409,0.00210736,0.9772094537143139,0.9540940091055644
227320.0,355,0.144602,0.60791,0.99,10000,10,36,0.00214383,0.000943015,0.953698488145634,0.9692914507017997
687741.0,500,0.0565483,0.796876,0.99,114967,10,25,0.00925123,0.000127494,0.9038166854386895,0.9887086758969552
200000.0,416,0.121461,0.591425,0.99,10000,10,32,0.00237616,0.000847045,0.9512541283799335,0.9708959624794085
200000.0,400,0.142959,0.596091,0.99,10000,10,42,0.00226059,0.000863805,0.9524543377372867,0.9706094402911412
214376.0,500,0.0774875,0.8,0.99,10000,10,45,0.00480347,0.000303127,0.9306929296536061,0.9825894572169619
200000.0,235,0.287959,0.512923,0.99,10000,10,28,5.43961e-05,0.003365,0.9926246288228998,0.9419913799509073
200000.0,498,0.0736007,0.793501,0.99,10000,10,31,0.00457676,0.000339806,0.9323482446643104,0.9815661723996344
330110.0,477,0.0667407,0.781806,0.99,10081,10,39,0.00570372,0.000247645,0.9244770233637472,0.9842632595497034
212945.0,467,0.108024,0.705174,0.989612,10000,10,30,0.0040188,0.000459885,0.9366059939741934,0.9785550705293768
200080.0,209,0.215749,0.528702,0.99,10000,10,46,8.22548e-06,0.00449674,0.9971319902371156,0.932942263682704
200000.0,455,0.0957756,0.8,0.99,10000,10,31,0.00426079,0.000389266,0.9347252728845229,0.9802701748613932
390840.0,500,0.0608075,0.8,0.99,10000,10,36,0.00647467,0.000197416,0.9195346658491994,0.9859495195811674
230151.0,439,0.171002,0.401258,0.99,10000,10,27,0.00124526,0.00134699,0.9647117583322716,0.9632986376274667
209661.0,416,0.121461,0.66361,0.99,10000,10,38,0.00306764,0.0006342,0.9446137201104823,0.9748166721817787
240897.0,250,0.190538,0.521287,0.99,10000,10,47,0.000376053,0.00251845,0.9806079139853393,0.9498158391521787
209661.0,407,0.124124,0.64876,0.99,10000,10,34,0.0028544,0.00068482,0.9465734148573952,0.973830934292566
241069.0,359,0.144602,0.519488,0.989668,10000,10,44,0.00160442,0.00121426,0.9599447881044176,0.9651537663441226
203288.0,500,0.0857256,0.8,0.99,10000,10,40,0.00471393,0.000319523,0.9313419341956096,0.9821247937074841
200000.0,330,0.171002,0.545837,0.99,10000,10,32,0.00105661,0.00152719,0.9674944620102974,0.9609207216033868
200000.0,389,0.148823,0.519696,0.989668,10000,10,34,0.00150413,0.00122849,0.9612168851173607,0.964950178317144
200000.0,439,0.171002,0.401258,0.99,10000,10,29,0.000942702,0.00157413,0.9692965474254116,0.9603246928178243
200000.0,359,0.144602,0.519488,0.989603,10000,10,34,0.0012124,0.00151757,0.9651804652529646,0.9610439991785604
200000.0,279,0.171002,0.695123,0.99,10000,10,49,0.00138635,0.00133237,0.9627662787247904,0.9634983562013982
208418.0,219,0.207665,0.624321,0.99,10000,10,35,0.000305243,0.00261971,0.9825287951188248,0.9488168973195255
208964.0,330,0.171002,0.581226,0.99,10000,10,37,0.00141941,0.00128129,0.9623249419376692,0.9642048886019333
330110.0,477,0.0667407,0.794929,0.99,10081,10,39,0.00578081,0.000242008,0.9239683618485042,0.9844433936862823
240228.0,291,0.171002,0.581226,0.99,10000,10,41,0.00123339,0.00145962,0.964880347382128,0.961795026501776
234529.0,414,0.12164,0.582404,0.99,10000,10,47,0.00270394,0.000737091,0.9480005769262774,0.9728505801166949
209661.0,412,0.121461,0.648188,0.99,10000,10,34,0.00290133,0.000669372,0.9461360046041886,0.974127775511178
200000.0,500,0.108219,0.705174,0.989612,10000,10,31,0.00420389,0.000431923,0.935162587960345,0.9792172427238347
200000.0,490,0.220895,0.8,0.99,162250,17,42,0.00981302,6.68751e-05,0.9009393115307591,0.9918222802689258
200080.0,259,0.213971,0.528702,0.99,10000,10,46,0.000240648,0.00265865,0.9844871666030992,0.9484379015167148
200000.0,467,0.108024,0.741095,0.989612,10000,10,31,0.00409679,0.000442938,0.9359938284225654,0.978953907726136
234529.0,414,0.12164,0.582404,0.99,10000,10,47,0.00270394,0.000737091,0.9480005769262774,0.9728505801166949
200080.0,191,0.205187,0.495913,0.99,10000,10,46,6.09519e-08,0.00739563,0.9997531156141025,0.9140021511896954
200000.0,373,0.121461,0.753834,0.99,10000,10,34,0.00303612,0.000643123,0.9448990018239234,0.9746401301265168
200000.0,287,0.278906,0.314093,0.99,10000,10,40,8.15918e-11,0.00853423,0.9999909671820565,0.907619103706448
200000.0,491,0.01,0.798245,0.99,198240,12,39,0.00999989,1.41472e-09,0.9000005500015125,0.999962387236209
200000.0,491,0.01,0.798245,0.99,198240,12,39,0.00999989,1.41472e-09,0.9000005500015125,0.999962387236209
200080.0,191,0.275816,0.520336,0.99,10000,10,46,6.81878e-08,0.0061681,0.999738872062008,0.9214627476925759
232381.0,287,0.258121,0.303161,0.99,12504,10,32,2.50252e-08,0.00724877,0.9998418064476662,0.9148602912854408
232381.0,287,0.278906,0.303161,0.99,10000,10,40,3.11968e-10,0.00757344,0.9999823373841122,0.9129744864996477
200080.0,191,0.312367,0.53947,0.99,10000,10,46,4.34302e-07,0.00534626,0.9993409840669605,0.9268818763916907
687741.0,500,0.01,0.796876,0.99,10000,10,25,0.00808246,0.000143156,0.9100974972539696,0.9880352183471657
687741.0,500,0.0565483,0.796876,0.99,85888,10,25,0.00905865,0.000141435,0.9048230595154477,0.9881073552142511
230151.0,383,0.264691,0.314093,0.99,10000,10,39,0.000129142,0.00279145,0.9886359338263102,0.947165825453595
200000.0,235,0.20775,0.536023,0.99,10000,10,28,0.000103573,0.00324407,0.989822917903446,0.9430432620316086
200000.0,400,0.167332,0.545837,0.99,10000,10,32,0.00191857,0.00104169,0.9561985160068749,0.9677247773051835
451709.0,500,0.0583769,0.790469,0.99,10000,10,27,0.00684269,0.000182439,0.9172794463268046,0.9864930018138744
200000.0,467,0.108024,0.705174,0.989612,10000,10,31,0.00380494,0.0004741,0.9383158042931579,0.9782261624879766
200000.0,437,0.108219,0.705174,0.989612,10000,10,31,0.00344343,0.000534217,0.9413192535834793,0.9768868652061214
513349.0,500,0.0608075,0.8,0.99,10000,10,36,0.00731755,0.000176118,0.9144573205937527,0.9867290542914229
200000.0,191,0.285397,0.583062,0.99,10000,10,49,9.62812e-06,0.00421826,0.9968970787957152,0.9350518668474606
200000.0,227,0.325049,0.495913,0.99,10000,10,46,1.5177e-05,0.0039854,0.9961042330665195,0.9368699754474941
227320.0,355,0.144602,0.60791,0.99,10000,10,36,0.00214383,0.000943015,0.953698488145634,0.9692914507017997
200000.0,153,0.270876,0.699554,0.99,10000,10,39,4.80753e-06,0.00488009,0.9978073919638932,0.930142359043552
270476.0,500,0.0634958,0.8,0.99,10000,10,46,0.00537681,0.000250005,0.9266732654484056,0.9841884535860657
348554.0,500,0.0608075,0.8,0.99,10000,10,36,0.00611425,0.000208129,0.9218063301794832,0.985573323321014
200000.0,376,0.162752,0.553907,0.99,10000,10,42,0.00165443,0.00112067,0.9593253149981465,0.9665235903956234
773218.0,500,0.0707547,0.796876,0.99,114967,10,37,0.00939276,0.000123749,0.903083747493003,0.9888757472161048
200000.0,500,0.100901,0.599682,0.989668,10000,10,34,0.0032864,0.00057283,0.9426728685524908,0.976066132782185
200000.0,247,0.20775,0.478635,0.99,10000,10,41,3.59992e-05,0.00374072,0.994000066667037,0.9388385742481423
642248.0,500,0.0565483,0.790469,0.99,10000,10,27,0.00784021,0.000151463,0.9114550396691037,0.9876929694889466
200000.0,235,0.287959,0.512923,0.99,10000,10,28,5.43961e-05,0.003365,0.9926246288228998,0.9419913799509073
209810.0,373,0.121461,0.66361,0.99,10000,10,37,0.00253339,0.000794503,0.9496672075084245,0.9718130704048845
200000.0,235,0.20775,0.454575,0.99,10000,10,31,2.34204e-06,0.00498584,0.9984696274963265,0.9293895191915534
200080.0,209,0.215749,0.528702,0.99,10000,10,43,8.21726e-06,0.00449683,0.9971334236448335,0.9329415926225503
200080.0,259,0.213971,0.528702,0.99,10000,10,46,0.000240648,0.00265865,0.9844871666030992,0.9484379015167148
242924.0,500,0.0608075,0.784739,0.99,10000,10,33,0.00503525,0.000300157,0.9290405045113763,0.9826749603175058
200000.0,304,0.20775,0.508891,0.99,10000,10,34,0.000549124,0.0020363,0.9765666050261598,0.9548746191151809
330110.0,477,0.0667407,0.781806,0.99,10081,10,39,0.00570372,0.000247645,0.9244770233637472,0.9842632595497034
592903.0,500,0.0565483,0.790469,0.99,10000,10,21,0.00762124,0.000157388,0.9127002863693128,0.9874545625823569
270318.0,500,0.0632177,0.769663,0.99,10000,10,43,0.00520986,0.000271332,0.9278206400693384,0.9835278416714749
200000.0,279,0.171002,0.617967,0.99,10000,10,49,0.000920404,0.00171441,0.9696618392119759,0.9585945655740699
412373.0,500,0.0608075,0.8,0.99,10000,10,36,0.00664349,0.000192979,0.9184923929930463,0.9861083118376491
200000.0,271,0.20775,0.593386,0.99,10000,10,32,0.000697791,0.00190177,0.973584266052218,0.9563907119984745
200000.0,478,0.0775608,0.8,0.99,10000,10,31,0.00443017,0.000359764,0.9334404777661378,0.9810325542046379
320052.0,500,0.0608075,0.8,0.99,10000,10,38,0.00585036,0.000218589,0.9235123539386915,0.9852152443374941
390840.0,500,0.0608075,0.777013,0.99,10000,10,36,0.006351,0.000204385,0.9203068384364129,0.985703671800074
214451.0,500,0.162661,0.769775,0.988719,153442,10,37,0.00970807,9.30566e-05,0.901470461281908,0.9903534151120721
200000.0,439,0.171002,0.401258,0.99,10000,10,29,0.000942702,0.00157413,0.9692965474254116,0.9603246928178243
687741.0,500,0.0565483,0.796876,0.99,114967,10,25,0.00925123,0.000127494,0.9038166854386895,0.9887086758969552
200000.0,416,0.121461,0.591425,0.99,10000,10,32,0.00237616,0.000847045,0.9512541283799335,0.9708959624794085
214376.0,500,0.0774875,0.8,0.99,10000,10,45,0.00480347,0.000303127,0.9306929296536061,0.9825894572169619
200000.0,330,0.171002,0.545837,0.99,10000,10,32,0.00105661,0.00152719,0.9674944620102974,0.9609207216033868
209661.0,416,0.121461,0.66361,0.99,10000,10,38,0.00306764,0.0006342,0.9446137201104823,0.9748166721817787
200000.0,498,0.0736007,0.793501,0.99,10000,10,31,0.00457676,0.000339806,0.9323482446643104,0.9815661723996344
200000.0,288,0.20775,0.531124,0.989632,10000,10,30,0.000519409,0.00210736,0.9772094537143139,0.9540940091055644
212945.0,467,0.108024,0.705174,0.989612,10000,10,30,0.0040188,0.000459885,0.9366059939741934,0.9785550705293768
200080.0,209,0.215749,0.528702,0.99,10000,10,46,8.22548e-06,0.00449674,0.9971319902371156,0.932942263682704
556596.0,500,0.0565483,0.790469,0.99,10000,10,21,0.00744145,0.000161959,0.913736160530614,0.9872736886726751
225650.0,259,0.213971,0.528702,0.99,10000,10,46,0.000405437,0.00235277,0.9798645337774364,0.9514946394714976
200000.0,455,0.0957756,0.8,0.99,10000,10,31,0.00426079,0.000389266,0.9347252728845229,0.9802701748613932
390840.0,500,0.0608075,0.8,0.99,10000,10,36,0.00647467,0.000197416,0.9195346658491994,0.9859495195811674
230151.0,439,0.171002,0.401258,0.99,10000,10,27,0.00124526,0.00134699,0.9647117583322716,0.9632986376274667
200000.0,264,0.20775,0.531124,0.989632,10000,10,30,0.000292117,0.00255052,0.9829085693986723,0.9494973268034256
200000.0,490,0.220895,0.8,0.99,162250,17,42,0.00981302,6.68751e-05,0.9009393115307591,0.9918222802689258
200000.0,219,0.207826,0.683897,0.989756,10000,10,44,0.0004935,0.00227048,0.977785140108477,0.9523504459622129
209661.0,407,0.124124,0.64876,0.99,10000,10,34,0.0028544,0.00068482,0.9465734148573952,0.973830934292566
241069.0,359,0.144602,0.519488,0.989668,10000,10,44,0.00160442,0.00121426,0.9599447881044176,0.9651537663441226
200000.0,235,0.20775,0.512923,0.99,10000,10,28,5.41277e-05,0.00359652,0.9926428470180375,0.9400290070117228
203288.0,500,0.0857256,0.8,0.99,10000,10,40,0.00471393,0.000319523,0.9313419341956096,0.9821247937074841
200000.0,389,0.148823,0.519696,0.989668,10000,10,34,0.00150413,0.00122849,0.9612168851173607,0.964950178317144
200000.0,359,0.144602,0.519488,0.989603,10000,10,34,0.0012124,0.00151757,0.9651804652529646,0.9610439991785604
200000.0,279,0.171002,0.695123,0.99,10000,10,49,0.00138635,0.00133237,0.9627662787247904,0.9634983562013982
208964.0,330,0.171002,0.581226,0.99,10000,10,37,0.00141941,0.00128129,0.9623249419376692,0.9642048886019333
200000.0,288,0.20775,0.563953,0.989632,10000,10,30,0.000725126,0.00185907,0.9730718363047162,0.956883065971709
240228.0,291,0.171002,0.581226,0.99,10000,10,41,0.00123339,0.00145962,0.964880347382128,0.961795026501776
234529.0,414,0.12164,0.582404,0.99,10000,10,47,0.00270394,0.000737091,0.9480005769262774,0.9728505801166949
209661.0,412,0.121461,0.648188,0.99,10000,10,34,0.00290133,0.000669372,0.9461360046041886,0.974127775511178
200000.0,500,0.108219,0.705174,0.989612,10000,10,31,0.00420389,0.000431923,0.935162587960345,0.9792172427238347
200080.0,263,0.260219,0.53947,0.99,10000,10,46,0.000381472,0.00244965,0.9804686918000867,0.9505060609771256
200000.0,467,0.108024,0.741095,0.989612,10000,10,31,0.00409679,0.000442938,0.9359938284225654,0.978953907726136
234529.0,414,0.12164,0.582404,0.99,10000,10,47,0.00270394,0.000737091,0.9480005769262774,0.9728505801166949
200000.0,400,0.142959,0.596091,0.99,10000,10,42,0.00226059,0.000863805,0.9524543377372867,0.9706094402911412
240897.0,250,0.190538,0.521287,0.99,10000,10,47,0.000376053,0.00251845,0.9806079139853393,0.9498158391521787
232381.0,272,0.278906,0.303161,0.99,10000,10,40,2.84276e-11,0.00903261,0.9999946682460672,0.9049599558080911
200000.0,491,0.01,0.798245,0.99,198240,12,39,0.00999989,1.41472e-09,0.9000005500015125,0.999962387236209
200000.0,491,0.01,0.798245,0.99,198240,12,39,0.00999989,1.41472e-09,0.9000005500015125,0.999962387236209
200000.0,490,0.220895,0.8,0.99,162250,17,42,0.00981302,6.68751e-05,0.9009393115307591,0.9918222802689258
774561.0,500,0.0312982,0.782911,0.99,10000,10,25,0.00791659,9.22515e-05,0.9110247787302554,0.9903952355572873
200080.0,191,0.275816,0.520336,0.99,10000,10,46,6.81878e-08,0.0061681,0.999738872062008,0.9214627476925759
200000.0,287,0.278906,0.314093,0.99,10000,10,40,8.15918e-11,0.00853423,0.9999909671820565,0.907619103706448
232381.0,287,0.278906,0.303161,0.99,10000,10,40,3.11968e-10,0.00757344,0.9999823373841122,0.9129744864996477
217935.0,191,0.312367,0.477962,0.99,10000,10,47,7.00018e-09,0.00707993,0.9999163329216477,0.9158576800890301
200080.0,191,0.312367,0.53947,0.98879,10000,10,46,4.25145e-07,0.00541395,0.9993479685590403,0.9264204512109513
200000.0,235,0.218806,0.533692,0.99,10000,10,28,9.38579e-05,0.00323096,0.9903119713047493,0.9431584658898091
200000.0,467,0.108024,0.705174,0.989612,10000,10,31,0.00380494,0.0004741,0.9383158042931579,0.9782261624879766
200000.0,437,0.108219,0.705174,0.989612,10000,10,31,0.00344343,0.000534217,0.9413192535834793,0.9768868652061214
580212.0,459,0.0565483,0.790469,0.99,10000,10,33,0.00726346,0.000174435,0.9147740649801952,0.9867926157018129
200000.0,191,0.285397,0.583062,0.99,10000,10,49,9.62812e-06,0.00421826,0.9968970787957152,0.9350518668474606
200000.0,227,0.325049,0.495913,0.99,10000,10,46,1.5177e-05,0.0039854,0.9961042330665195,0.9368699754474941
200000.0,153,0.270876,0.699554,0.99,10000,10,39,4.80753e-06,0.00488009,0.9978073919638932,0.930142359043552
200000.0,400,0.167332,0.545837,0.99,10000,10,32,0.00191857,0.00104169,0.9561985160068749,0.9677247773051835
200000.0,235,0.20775,0.454575,0.99,10000,10,31,2.34204e-06,0.00498584,0.9984696274963265,0.9293895191915534
348554.0,500,0.0608075,0.8,0.99,10000,10,36,0.00611425,0.000208129,0.9218063301794832,0.985573323321014
230151.0,383,0.264691,0.314093,0.99,10000,10,39,0.000129142,0.00279145,0.9886359338263102,0.947165825453595
330110.0,477,0.0667407,0.781806,0.99,10081,10,39,0.00570372,0.000247645,0.9244770233637472,0.9842632595497034
200000.0,376,0.162752,0.553907,0.99,10000,10,42,0.00165443,0.00112067,0.9593253149981465,0.9665235903956234
209661.0,416,0.121461,0.66361,0.99,10000,10,38,0.00306764,0.0006342,0.9446137201104823,0.9748166721817787
200000.0,500,0.100901,0.599682,0.989668,10000,10,34,0.0032864,0.00057283,0.9426728685524908,0.976066132782185
200000.0,247,0.20775,0.478635,0.99,10000,10,41,3.59992e-05,0.00374072,0.994000066667037,0.9388385742481423
320052.0,500,0.0608075,0.8,0.99,10000,10,38,0.00585036,0.000218589,0.9235123539386915,0.9852152443374941
209810.0,373,0.121461,0.66361,0.99,10000,10,37,0.00253339,0.000794503,0.9496672075084245,0.9718130704048845
200000.0,235,0.287959,0.512923,0.99,10000,10,28,5.43961e-05,0.003365,0.9926246288228998,0.9419913799509073
200000.0,235,0.20775,0.512923,0.99,10000,10,28,5.41277e-05,0.00359652,0.9926428470180375,0.9400290070117228
200000.0,288,0.20775,0.563953,0.989632,10000,10,30,0.000725126,0.00185907,0.9730718363047162,0.956883065971709
451709.0,500,0.0583769,0.790469,0.99,10000,10,44,0.00684286,0.000182434,0.9172784187772018,0.9864931869043805
200080.0,209,0.215749,0.528702,0.99,10000,10,43,8.21726e-06,0.00449683,0.9971334236448335,0.9329415926225503
200080.0,191,0.312367,0.53947,0.99,10000,10,46,4.34302e-07,0.00534626,0.9993409840669605,0.9268818763916907
200000.0,219,0.207826,0.683897,0.989756,10000,10,44,0.0004935,0.00227048,0.977785140108477,0.9523504459622129
412373.0,500,0.0608075,0.8,0.99,10000,10,36,0.00664349,0.000192979,0.9184923929930463,0.9861083118376491
270318.0,500,0.0632177,0.769663,0.99,10000,10,43,0.00520986,0.000271332,0.9278206400693384,0.9835278416714749
390840.0,500,0.0608075,0.777013,0.99,10000,10,36,0.006351,0.000204385,0.9203068384364129,0.985703671800074
642248.0,500,0.0565483,0.790469,0.99,10000,10,27,0.00784021,0.000151463,0.9114550396691037,0.9876929694889466
227320.0,355,0.144602,0.60791,0.99,10000,10,36,0.00214383,0.000943015,0.953698488145634,0.9692914507017997
200080.0,259,0.213971,0.528702,0.99,10000,10,46,0.000240648,0.00265865,0.9844871666030992,0.9484379015167148
200000.0,400,0.142959,0.596091,0.99,10000,10,42,0.00226059,0.000863805,0.9524543377372867,0.9706094402911412
227320.0,355,0.144602,0.595972,0.99,10000,10,36,0.00203877,0.000979814,0.9548472592194006,0.9686980192320038
200000.0,279,0.171002,0.617967,0.99,10000,10,49,0.000920404,0.00171441,0.9696618392119759,0.9585945655740699
556596.0,500,0.0565483,0.790469,0.99,10000,10,21,0.00744145,0.000161959,0.913736160530614,0.9872736886726751
270476.0,500,0.0634958,0.8,0.99,10000,10,46,0.00537681,0.000250005,0.9266732654484056,0.9841884535860657
200000.0,498,0.0736007,0.793501,0.99,10000,10,31,0.00457676,0.000339806,0.9323482446643104,0.9815661723996344
212945.0,467,0.108024,0.705174,0.989612,10000,10,30,0.0040188,0.000459885,0.9366059939741934,0.9785550705293768
200000.0,271,0.20775,0.593386,0.99,10000,10,32,0.000697791,0.00190177,0.973584266052218,0.9563907119984745
200000.0,288,0.20775,0.531124,0.989632,10000,10,30,0.000519409,0.00210736,0.9772094537143139,0.9540940091055644
225650.0,259,0.213971,0.528702,0.99,10000,10,46,0.000405437,0.00235277,0.9798645337774364,0.9514946394714976
200080.0,209,0.215749,0.528702,0.99,10000,10,46,8.22548e-06,0.00449674,0.9971319902371156,0.932942263682704
200000.0,455,0.0957756,0.8,0.99,10000,10,31,0.00426079,0.000389266,0.9347252728845229,0.9802701748613932
390840.0,500,0.0608075,0.8,0.99,10000,10,36,0.00647467,0.000197416,0.9195346658491994,0.9859495195811674
200000.0,290,0.20775,0.537962,0.989632,10000,10,30,0.000581628,0.00201889,0.9758830350168185,0.9550679401763061
230151.0,439,0.171002,0.401258,0.99,10000,10,27,0.00124526,0.00134699,0.9647117583322716,0.9632986376274667
209661.0,407,0.124124,0.64876,0.99,10000,10,34,0.0028544,0.00068482,0.9465734148573952,0.973830934292566
592903.0,500,0.0565483,0.790469,0.99,10000,10,21,0.00762124,0.000157388,0.9127002863693128,0.9874545625823569
241069.0,359,0.144602,0.519488,0.989668,10000,10,44,0.00160442,0.00121426,0.9599447881044176,0.9651537663441226
209661.0,412,0.121461,0.648188,0.99,10000,10,34,0.00290133,0.000669372,0.9461360046041886,0.974127775511178
203288.0,500,0.0857256,0.8,0.99,10000,10,40,0.00471393,0.000319523,0.9313419341956096,0.9821247937074841
200000.0,389,0.148823,0.519696,0.989668,10000,10,34,0.00150413,0.00122849,0.9612168851173607,0.964950178317144
230151.0,388,0.264691,0.314093,0.99,10000,10,39,0.000155489,0.00274251,0.9875304771542773,0.9476310206324393
217935.0,491,0.01,0.607352,0.99,198240,12,39,0.00999656,1.40155e-05,0.9000172014794545,0.9962562719115833
200000.0,359,0.144602,0.519488,0.989603,10000,10,34,0.0012124,0.00151757,0.9651804652529646,0.9610439991785604
214376.0,500,0.0774875,0.8,0.99,10000,10,45,0.00480347,0.000303127,0.9306929296536061,0.9825894572169619
200000.0,279,0.171002,0.695123,0.99,10000,10,49,0.00138635,0.00133237,0.9627662787247904,0.9634983562013982
242924.0,500,0.0608075,0.784739,0.99,10000,10,33,0.00503525,0.000300157,0.9290405045113763,0.9826749603175058
208964.0,330,0.171002,0.581226,0.99,10000,10,37,0.00141941,0.00128129,0.9623249419376692,0.9642048886019333
234529.0,414,0.12164,0.582404,0.99,10000,10,47,0.00270394,0.000737091,0.9480005769262774,0.9728505801166949
200000.0,330,0.171002,0.545837,0.99,10000,10,32,0.00105661,0.00152719,0.9674944620102974,0.9609207216033868
200000.0,500,0.108219,0.705174,0.989612,10000,10,31,0.00420389,0.000431923,0.935162587960345,0.9792172427238347
240228.0,291,0.171002,0.581226,0.99,10000,10,41,0.00123339,0.00145962,0.964880347382128,0.961795026501776
200000.0,467,0.108024,0.741095,0.989612,10000,10,31,0.00409679,0.000442938,0.9359938284225654,0.978953907726136
200000.0,416,0.121461,0.591425,0.99,10000,10,32,0.00237616,0.000847045,0.9512541283799335,0.9708959624794085
234529.0,414,0.12164,0.582404,0.99,10000,10,47,0.00270394,0.000737091,0.9480005769262774,0.9728505801166949
200080.0,263,0.260219,0.53947,0.99,10000,10,46,0.000381472,0.00244965,0.9804686918000867,0.9505060609771256
451709.0,500,0.0583769,0.790469,0.99,10000,10,27,0.00684269,0.000182439,0.9172794463268046,0.9864930018138744
242924.0,500,0.0608075,0.784739,0.99,10000,10,35,0.00503528,0.000300151,0.9290402931234916,0.9826751334781476
200000.0,264,0.20775,0.531124,0.989632,10000,10,30,0.000292117,0.00255052,0.9829085693986723,0.9494973268034256
200000.0,491,0.01,0.798245,0.99,198240,12,39,0.00999989,1.41472e-09,0.9000005500015125,0.999962387236209
200000.0,491,0.01,0.798245,0.99,198240,12,39,0.00999989,1.41472e-09,0.9000005500015125,0.999962387236209
232381.0,272,0.278906,0.303161,0.99,10000,10,40,2.84276e-11,0.00903261,0.9999946682460672,0.9049599558080911
200000.0,490,0.220895,0.8,0.99,162250,17,42,0.00981302,6.68751e-05,0.9009393115307591,0.9918222802689258
200080.0,191,0.275816,0.520336,0.99,10000,10,46,6.81878e-08,0.0061681,0.999738872062008,0.9214627476925759
774561.0,500,0.0312982,0.782911,0.99,10000,10,25,0.00791659,9.22515e-05,0.9110247787302554,0.9903952355572873
207830.0,332,0.278906,0.314093,0.99,10000,10,38,2.68576e-07,0.00482409,0.9994817568138412,0.9305443306849613
200000.0,287,0.278906,0.314093,0.99,10000,10,40,8.15918e-11,0.00853423,0.9999909671820565,0.907619103706448
232381.0,287,0.278906,0.303161,0.99,10000,10,40,3.11968e-10,0.00757344,0.9999823373841122,0.9129744864996477
222140.0,305,0.278906,0.303161,0.99,10000,10,40,2.0976e-09,0.0066373,0.9999542004366833,0.9185303737580686
580212.0,459,0.0320444,0.790469,0.99,10000,10,33,0.00704604,0.000150247,0.916059306650469,0.987742471701032
261020.0,272,0.278906,0.304057,0.99,10000,10,44,6.44815e-10,0.00732518,0.9999746067922467,0.9144127345921136
774561.0,500,0.0312982,0.782028,0.99,10000,10,25,0.00791374,9.24168e-05,0.9110407958668694,0.9903866343042615
200000.0,235,0.218806,0.533692,0.99,10000,10,28,9.38579e-05,0.00323096,0.9903119713047493,0.9431584658898091
200000.0,467,0.108024,0.705174,0.989612,10000,10,31,0.00380494,0.0004741,0.9383158042931579,0.9782261624879766
200000.0,437,0.108219,0.705174,0.989612,10000,10,31,0.00344343,0.000534217,0.9413192535834793,0.9768868652061214
200000.0,279,0.171002,0.617967,0.99,10000,10,49,0.000920404,0.00171441,0.9696618392119759,0.9585945655740699
230151.0,383,0.264691,0.314093,0.99,10000,10,39,0.000129142,0.00279145,0.9886359338263102,0.947165825453595
200000.0,227,0.325049,0.495913,0.99,10000,10,46,1.5177e-05,0.0039854,0.9961042330665195,0.9368699754474941
200000.0,191,0.285397,0.583062,0.99,10000,10,49,9.62812e-06,0.00421826,0.9968970787957152,0.9350518668474606
270476.0,500,0.0634958,0.8,0.99,10000,10,46,0.00537681,0.000250005,0.9266732654484056,0.9841884535860657
348554.0,500,0.0608075,0.8,0.99,10000,10,36,0.00611425,0.000208129,0.9218063301794832,0.985573323321014
330110.0,477,0.0667407,0.781806,0.99,10081,10,39,0.00570372,0.000247645,0.9244770233637472,0.9842632595497034
209661.0,416,0.121461,0.66361,0.99,10000,10,38,0.00306764,0.0006342,0.9446137201104823,0.9748166721817787
200000.0,500,0.100901,0.599682,0.989668,10000,10,34,0.0032864,0.00057283,0.9426728685524908,0.976066132782185
200000.0,455,0.0957756,0.8,0.99,10000,10,31,0.00426079,0.000389266,0.9347252728845229,0.9802701748613932
200000.0,254,0.291617,0.454575,0.99,10000,10,34,1.72632e-05,0.00370218,0.9958450992791644,0.9391544578461166
320052.0,500,0.0608075,0.8,0.99,10000,10,38,0.00585036,0.000218589,0.9235123539386915,0.9852152443374941
209810.0,373,0.121461,0.66361,0.99,10000,10,37,0.00253339,0.000794503,0.9496672075084245,0.9718130704048845
200000.0,235,0.287959,0.512923,0.99,10000,10,28,5.43961e-05,0.003365,0.9926246288228998,0.9419913799509073
200000.0,235,0.20775,0.512923,0.99,10000,10,28,5.41277e-05,0.00359652,0.9926428470180375,0.9400290070117228
200000.0,290,0.20775,0.537962,0.989632,10000,10,30,0.000581628,0.00201889,0.9758830350168185,0.9550679401763061
200000.0,498,0.0736007,0.793501,0.99,10000,10,31,0.00457676,0.000339806,0.9323482446643104,0.9815661723996344
270318.0,500,0.0632177,0.769663,0.99,10000,10,43,0.00520986,0.000271332,0.9278206400693384,0.9835278416714749
200080.0,273,0.213971,0.544575,0.99,10000,10,46,0.000444981,0.00222954,0.9789054272382681,0.9527819949595496
412373.0,500,0.0608075,0.8,0.99,10000,10,36,0.00664349,0.000192979,0.9184923929930463,0.9861083118376491
200000.0,400,0.167332,0.545837,0.99,10000,10,32,0.00191857,0.00104169,0.9561985160068749,0.9677247773051835
390840.0,500,0.0608075,0.777013,0.99,10000,10,36,0.006351,0.000204385,0.9203068384364129,0.985703671800074
200000.0,264,0.20775,0.531124,0.989632,10000,10,30,0.000292117,0.00255052,0.9829085693986723,0.9494973268034256
200080.0,209,0.215749,0.528702,0.99,10000,10,43,8.21726e-06,0.00449683,0.9971334236448335,0.9329415926225503
200000.0,288,0.20775,0.531124,0.989632,10000,10,30,0.000519409,0.00210736,0.9772094537143139,0.9540940091055644
200000.0,330,0.171002,0.545837,0.99,10000,10,32,0.00105661,0.00152719,0.9674944620102974,0.9609207216033868
221961.0,288,0.20775,0.540307,0.989632,10000,10,46,0.000788503,0.00185022,0.9719197044175101,0.9569858162927622
200000.0,355,0.144602,0.605931,0.99,10000,10,36,0.00177841,0.00108656,0.957828801297568,0.9670369904286639
227320.0,355,0.144602,0.60791,0.99,10000,10,36,0.00214383,0.000943015,0.953698488145634,0.9692914507017997
200000.0,416,0.121461,0.591425,0.99,10000,10,32,0.00237616,0.000847045,0.9512541283799335,0.9708959624794085
200080.0,259,0.213971,0.528702,0.99,10000,10,46,0.000240648,0.00265865,0.9844871666030992,0.9484379015167148
214376.0,500,0.0774875,0.8,0.99,10000,10,45,0.00480347,0.000303127,0.9306929296536061,0.9825894572169619
200000.0,400,0.142959,0.596091,0.99,10000,10,42,0.00226059,0.000863805,0.9524543377372867,0.9706094402911412
200080.0,263,0.260219,0.53947,0.99,10000,10,46,0.000381472,0.00244965,0.9804686918000867,0.9505060609771256
212945.0,467,0.108024,0.705174,0.989612,10000,10,30,0.0040188,0.000459885,0.9366059939741934,0.9785550705293768
200000.0,271,0.20775,0.593386,0.99,10000,10,32,0.000697791,0.00190177,0.973584266052218,0.9563907119984745
200000.0,376,0.162752,0.553907,0.99,10000,10,42,0.00165443,0.00112067,0.9593253149981465,0.9665235903956234
200080.0,209,0.215749,0.528702,0.99,10000,10,46,8.22548e-06,0.00449674,0.9971319902371156,0.932942263682704
225650.0,259,0.213971,0.528702,0.99,10000,10,46,0.000405437,0.00235277,0.9798645337774364,0.9514946394714976
390840.0,500,0.0608075,0.8,0.99,10000,10,36,0.00647467,0.000197416,0.9195346658491994,0.9859495195811674
230151.0,439,0.171002,0.401258,0.99,10000,10,27,0.00124526,0.00134699,0.9647117583322716,0.9632986376274667
209661.0,407,0.124124,0.64876,0.99,10000,10,34,0.0028544,0.00068482,0.9465734148573952,0.973830934292566
241069.0,359,0.144602,0.519488,0.989668,10000,10,44,0.00160442,0.00121426,0.9599447881044176,0.9651537663441226
209661.0,412,0.121461,0.648188,0.99,10000,10,34,0.00290133,0.000669372,0.9461360046041886,0.974127775511178
217935.0,491,0.01,0.607352,0.99,198240,12,39,0.00999656,1.40155e-05,0.9000172014794545,0.9962562719115833
200000.0,389,0.148823,0.519696,0.989668,10000,10,34,0.00150413,0.00122849,0.9612168851173607,0.964950178317144
230151.0,388,0.264691,0.314093,0.99,10000,10,39,0.000155489,0.00274251,0.9875304771542773,0.9476310206324393
200000.0,359,0.144602,0.519488,0.989603,10000,10,34,0.0012124,0.00151757,0.9651804652529646,0.9610439991785604
200000.0,279,0.171002,0.695123,0.99,10000,10,49,0.00138635,0.00133237,0.9627662787247904,0.9634983562013982
203288.0,500,0.0857256,0.8,0.99,10000,10,40,0.00471393,0.000319523,0.9313419341956096,0.9821247937074841
451709.0,500,0.0583769,0.790469,0.99,10000,10,44,0.00684286,0.000182434,0.9172784187772018,0.9864931869043805
242924.0,500,0.0608075,0.784739,0.99,10000,10,33,0.00503525,0.000300157,0.9290405045113763,0.9826749603175058
208964.0,330,0.171002,0.581226,0.99,10000,10,37,0.00141941,0.00128129,0.9623249419376692,0.9642048886019333
234529.0,414,0.12164,0.582404,0.99,10000,10,47,0.00270394,0.000737091,0.9480005769262774,0.9728505801166949
200000.0,500,0.108219,0.705174,0.989612,10000,10,31,0.00420389,0.000431923,0.935162587960345,0.9792172427238347
240228.0,291,0.171002,0.581226,0.99,10000,10,41,0.00123339,0.00145962,0.964880347382128,0.961795026501776
200000.0,467,0.108024,0.741095,0.989612,10000,10,31,0.00409679,0.000442938,0.9359938284225654,0.978953907726136
234529.0,414,0.12164,0.582404,0.99,10000,10,47,0.00270394,0.000737091,0.9480005769262774,0.9728505801166949
451709.0,500,0.0583769,0.790469,0.99,10000,10,27,0.00684269,0.000182439,0.9172794463268046,0.9864930018138744
242924.0,500,0.0608075,0.784739,0.99,10000,10,35,0.00503528,0.000300151,0.9290402931234916,0.9826751334781476
227320.0,355,0.144602,0.595972,0.99,10000,10,36,0.00203877,0.000979814,0.9548472592194006,0.9686980192320038
227320.0,355,0.144602,0.595972,0.99,10000,10,36,0.00203877,0.000979814,0.9548472592194006,0.9686980192320038
200000.0,498,0.0840269,0.793501,0.99,10000,10,31,0.00459116,0.000328657,0.9322419008531083,0.981871100419496
200000.0,288,0.20775,0.563953,0.989632,10000,10,30,0.000725126,0.00185907,0.9730718363047162,0.956883065971709
200000.0,491,0.01,0.798245,0.99,198240,12,39,0.00999989,1.41472e-09,0.9000005500015125,0.999962387236209
232381.0,272,0.278906,0.303161,0.99,10000,10,39,2.8352e-11,0.00903299,0.9999946753403864,0.9049579566717971
200000.0,491,0.01,0.798245,0.99,198240,12,39,0.00999989,1.41472e-09,0.9000005500015125,0.999962387236209
207830.0,321,0.278906,0.314093,0.99,10000,10,43,4.23315e-08,0.00546594,0.9997942537971188,0.9260680042200943
275595.0,478,0.157791,0.798245,0.99,198240,10,39,0.00978378,6.71621e-05,0.9010870079312125,0.9918047513765597
774561.0,500,0.0312982,0.782911,0.99,10000,10,25,0.00791659,9.22515e-05,0.9110247787302554,0.9903952355572873
200000.0,287,0.278906,0.314093,0.99,10000,10,40,8.15918e-11,0.00853423,0.9999909671820565,0.907619103706448
222140.0,305,0.278906,0.303161,0.99,10000,10,40,2.0976e-09,0.0066373,0.9999542004366833,0.9185303737580686
232381.0,287,0.278906,0.303161,0.99,10000,10,40,3.11968e-10,0.00757344,0.9999823373841122,0.9129744864996477
580212.0,459,0.0320444,0.790469,0.99,10000,10,33,0.00704604,0.000150247,0.916059306650469,0.987742471701032
207830.0,332,0.278906,0.314093,0.99,10000,10,38,2.68576e-07,0.00482409,0.9994817568138412,0.9305443306849613
774561.0,500,0.0312982,0.782028,0.99,10000,10,25,0.00791374,9.24168e-05,0.9110407958668694,0.9903866343042615
261020.0,272,0.278906,0.304057,0.99,10000,10,44,6.44815e-10,0.00732518,0.9999746067922467,0.9144127345921136
221934.0,303,0.278906,0.303161,0.99,10000,10,40,1.43786e-09,0.00680334,0.9999620808755375,0.9175176382491383
207830.0,367,0.278906,0.314093,0.99,10000,10,38,1.70399e-05,0.00345269,0.9958720586244473,0.9412404050388364
200000.0,235,0.218806,0.533692,0.99,10000,10,28,9.38579e-05,0.00323096,0.9903119713047493,0.9431584658898091
202076.0,317,0.20775,0.531124,0.99,10000,10,29,0.000880023,0.00170851,0.9703348183892294,0.9586658736635211
230151.0,383,0.264691,0.314093,0.99,10000,10,39,0.000129142,0.00279145,0.9886359338263102,0.947165825453595
200087.0,227,0.325049,0.495913,0.99,10000,10,46,1.53055e-05,0.00398295,0.99608777556881,0.936889382826659
200000.0,191,0.285397,0.583062,0.99,10000,10,49,9.62812e-06,0.00421826,0.9968970787957152,0.9350518668474606
232381.0,272,0.278906,0.303161,0.99,10000,10,40,2.84276e-11,0.00903261,0.9999946682460672,0.9049599558080911
200000.0,330,0.171002,0.545837,0.99,10000,10,32,0.00105661,0.00152719,0.9674944620102974,0.9609207216033868
270476.0,500,0.0634958,0.8,0.99,10000,10,46,0.00537681,0.000250005,0.9266732654484056,0.9841884535860657
200000.0,467,0.108024,0.705174,0.989612,10000,10,31,0.00380494,0.0004741,0.9383158042931579,0.9782261624879766
330110.0,477,0.0667407,0.781806,0.99,10081,10,39,0.00570372,0.000247645,0.9244770233637472,0.9842632595497034
200000.0,455,0.0957756,0.8,0.99,10000,10,31,0.00426079,0.000389266,0.9347252728845229,0.9802701748613932
320052.0,500,0.0608075,0.8,0.99,10000,10,38,0.00585036,0.000218589,0.9235123539386915,0.9852152443374941
209810.0,373,0.121461,0.66361,0.99,10000,10,37,0.00253339,0.000794503,0.9496672075084245,0.9718130704048845
200000.0,437,0.108219,0.705174,0.989612,10000,10,33,0.00344352,0.000534211,0.9413184867270791,0.9768869950028128
200000.0,498,0.0736007,0.793501,0.99,10000,10,31,0.00457676,0.000339806,0.9323482446643104,0.9815661723996344
270318.0,500,0.0632177,0.769663,0.99,10000,10,43,0.00520986,0.000271332,0.9278206400693384,0.9835278416714749
412373.0,500,0.0608075,0.8,0.99,10000,10,36,0.00664349,0.000192979,0.9184923929930463,0.9861083118376491
200000.0,400,0.167332,0.545837,0.99,10000,10,32,0.00191857,0.00104169,0.9561985160068749,0.9677247773051835
200000.0,500,0.100901,0.599682,0.989668,10000,10,34,0.0032864,0.00057283,0.9426728685524908,0.976066132782185
200000.0,264,0.20775,0.531124,0.989632,10000,10,30,0.000292117,0.00255052,0.9829085693986723,0.9494973268034256
390840.0,500,0.0608075,0.777013,0.99,10000,10,36,0.006351,0.000204385,0.9203068384364129,0.985703671800074
200080.0,209,0.215749,0.528702,0.99,10000,10,43,8.21726e-06,0.00449683,0.9971334236448335,0.9329415926225503
200000.0,355,0.144602,0.605931,0.99,10000,10,36,0.00177841,0.00108656,0.957828801297568,0.9670369904286639
227320.0,355,0.144602,0.60791,0.99,10000,10,36,0.00214383,0.000943015,0.953698488145634,0.9692914507017997
200000.0,416,0.121461,0.591425,0.99,10000,10,32,0.00237616,0.000847045,0.9512541283799335,0.9708959624794085
200080.0,259,0.213971,0.528702,0.99,10000,10,46,0.000240648,0.00265865,0.9844871666030992,0.9484379015167148
214376.0,500,0.0774875,0.8,0.99,10000,10,45,0.00480347,0.000303127,0.9306929296536061,0.9825894572169619
200000.0,400,0.142959,0.596091,0.99,10000,10,42,0.00226059,0.000863805,0.9524543377372867,0.9706094402911412
200080.0,263,0.248719,0.53947,0.99,10000,10,41,0.000352691,0.00242311,0.9812199307775503,0.9507749047740891
200000.0,290,0.20775,0.537962,0.989632,10000,10,30,0.000581628,0.00201889,0.9758830350168185,0.9550679401763061
200000.0,235,0.287959,0.512923,0.99,10000,10,28,5.43961e-05,0.003365,0.9926246288228998,0.9419913799509073
221961.0,288,0.20775,0.540307,0.989632,10000,10,46,0.000788503,0.00185022,0.9719197044175101,0.9569858162927622
209661.0,416,0.121461,0.66361,0.99,10000,10,38,0.00306764,0.0006342,0.9446137201104823,0.9748166721817787
200000.0,376,0.162752,0.553907,0.99,10000,10,42,0.00165443,0.00112067,0.9593253149981465,0.9665235903956234
200080.0,209,0.215749,0.528702,0.99,10000,10,46,8.22548e-06,0.00449674,0.9971319902371156,0.932942263682704
225650.0,259,0.213971,0.528702,0.99,10000,10,46,0.000405437,0.00235277,0.9798645337774364,0.9514946394714976
390840.0,500,0.0608075,0.8,0.99,10000,10,36,0.00647467,0.000197416,0.9195346658491994,0.9859495195811674
200000.0,288,0.20775,0.531124,0.989632,10000,10,30,0.000519409,0.00210736,0.9772094537143139,0.9540940091055644
230151.0,439,0.171002,0.401258,0.99,10000,10,27,0.00124526,0.00134699,0.9647117583322716,0.9632986376274667
208829.0,424,0.121461,0.66361,0.989638,10000,10,38,0.00316017,0.000617579,0.9437846106479729,0.9751488632050765
200000.0,490,0.220895,0.8,0.99,162250,17,42,0.00981302,6.68751e-05,0.9009393115307591,0.9918222802689258
241069.0,359,0.144602,0.519488,0.989668,10000,10,44,0.00160442,0.00121426,0.9599447881044176,0.9651537663441226
209661.0,412,0.121461,0.648188,0.99,10000,10,34,0.00290133,0.000669372,0.9461360046041886,0.974127775511178
348554.0,500,0.0608075,0.8,0.99,10000,10,36,0.00611425,0.000208129,0.9218063301794832,0.985573323321014
200000.0,227,0.325049,0.495913,0.99,10000,10,46,1.5177e-05,0.0039854,0.9961042330665195,0.9368699754474941
200000.0,389,0.148823,0.519696,0.989668,10000,10,34,0.00150413,0.00122849,0.9612168851173607,0.964950178317144
230151.0,388,0.264691,0.314093,0.99,10000,10,39,0.000155489,0.00274251,0.9875304771542773,0.9476310206324393
200000.0,497,0.0857256,0.684364,0.99,191731,10,40,0.00999611,4.0454e-06,0.9000194518918805,0.9979886820241444
200000.0,359,0.144602,0.519488,0.989603,10000,10,34,0.0012124,0.00151757,0.9651804652529646,0.9610439991785604
348554.0,500,0.0608075,0.8,0.99,10000,10,36,0.00611425,0.000208129,0.9218063301794832,0.985573323321014
200000.0,271,0.181857,0.593386,0.99,10000,10,32,0.000683821,0.00195832,0.973850028680704,0.9557470904911327
200080.0,273,0.213971,0.544575,0.99,10000,10,46,0.000444981,0.00222954,0.9789054272382681,0.9527819949595496
203288.0,500,0.0857256,0.8,0.99,10000,10,40,0.00471393,0.000319523,0.9313419341956096,0.9821247937074841
451709.0,500,0.0583769,0.790469,0.99,10000,10,44,0.00684286,0.000182434,0.9172784187772018,0.9864931869043805
212945.0,467,0.108024,0.705174,0.989612,10000,10,30,0.0040188,0.000459885,0.9366059939741934,0.9785550705293768
242924.0,500,0.0608075,0.784739,0.99,10000,10,33,0.00503525,0.000300157,0.9290405045113763,0.9826749603175058
208964.0,330,0.171002,0.581226,0.99,10000,10,37,0.00141941,0.00128129,0.9623249419376692,0.9642048886019333
204936.0,467,0.108024,0.705174,0.989612,10000,10,32,0.00388642,0.000467996,0.937658841845856,0.9783667847974463
234529.0,414,0.12164,0.582404,0.99,10000,10,47,0.00270394,0.000737091,0.9480005769262774,0.9728505801166949
200000.0,500,0.108219,0.705174,0.989612,10000,10,31,0.00420389,0.000431923,0.935162587960345,0.9792172427238347
240228.0,291,0.171002,0.581226,0.99,10000,10,41,0.00123339,0.00145962,0.964880347382128,0.961795026501776
200000.0,467,0.108024,0.741095,0.989612,10000,10,31,0.00409679,0.000442938,0.9359938284225654,0.978953907726136
234529.0,414,0.12164,0.582404,0.99,10000,10,47,0.00270394,0.000737091,0.9480005769262774,0.9728505801166949
451709.0,500,0.0583769,0.790469,0.99,10000,10,27,0.00684269,0.000182439,0.9172794463268046,0.9864930018138744
200286.0,275,0.213971,0.544575,0.99,10000,10,46,0.000467469,0.00219104,0.9783789685722443,0.9531914537717737
200000.0,284,0.278906,0.303161,0.99,10000,10,40,1.8825e-11,0.00979361,0.9999956612213701,0.90103733027045
200000.0,491,0.01,0.798245,0.99,198240,12,39,0.00999989,1.41472e-09,0.9000005500015125,0.999962387236209
200000.0,491,0.01,0.798245,0.99,198240,12,39,0.00999989,1.41472e-09,0.9000005500015125,0.999962387236209
275595.0,478,0.157791,0.798245,0.99,198240,10,39,0.00978378,6.71621e-05,0.9010870079312125,0.9918047513765597
774561.0,500,0.0312982,0.782911,0.99,10000,10,25,0.00791659,9.22515e-05,0.9110247787302554,0.9903952355572873
200000.0,287,0.278906,0.314093,0.99,10000,10,40,8.15918e-11,0.00853423,0.9999909671820565,0.907619103706448
207830.0,321,0.278906,0.314093,0.99,10000,10,43,4.23315e-08,0.00546594,0.9997942537971188,0.9260680042200943
232381.0,287,0.278906,0.303161,0.99,10000,10,40,3.11968e-10,0.00757344,0.9999823373841122,0.9129744864996477
221934.0,311,0.278906,0.303161,0.99,10000,10,40,6.01172e-09,0.00620057,0.9999224647177086,0.9212563018394487
261020.0,272,0.278906,0.304057,0.99,10000,10,44,6.44815e-10,0.00732518,0.9999746067922467,0.9144127345921136
200000.0,287,0.278906,0.30177,0.99,10000,10,40,2.11055e-11,0.00962693,0.9999954059277324,0.9018830799504999
589331.0,495,0.0312982,0.782911,0.99,10000,10,25,0.0072605,0.00012701,0.9147914323556604,0.9887301286608942
221934.0,303,0.278906,0.303161,0.99,10000,10,40,1.43786e-09,0.00680334,0.9999620808755375,0.9175176382491383
774561.0,456,0.0312982,0.8,0.99,10000,10,22,0.00773964,0.00010415,0.9120247762151183,0.9897946092676468
207830.0,332,0.278906,0.314093,0.99,10000,10,38,2.68576e-07,0.00482409,0.9994817568138412,0.9305443306849613
207830.0,367,0.278906,0.314093,0.99,10000,10,38,1.70399e-05,0.00345269,0.9958720586244473,0.9412404050388364
200000.0,235,0.218806,0.533692,0.99,10000,10,28,9.38579e-05,0.00323096,0.9903119713047493,0.9431584658898091
232381.0,272,0.278906,0.303161,0.99,10000,10,31,2.77015e-11,0.00903543,0.999994736778553,0.904945121114169
202076.0,317,0.20775,0.531124,0.99,10000,10,29,0.000880023,0.00170851,0.9703348183892294,0.9586658736635211
230151.0,383,0.264691,0.314093,0.99,10000,10,39,0.000129142,0.00279145,0.9886359338263102,0.947165825453595
200087.0,227,0.325049,0.495913,0.99,10000,10,46,1.53055e-05,0.00398295,0.99608777556881,0.936889382826659
200000.0,191,0.285397,0.583062,0.99,10000,10,49,9.62812e-06,0.00421826,0.9968970787957152,0.9350518668474606
200000.0,330,0.171002,0.545837,0.99,10000,10,32,0.00105661,0.00152719,0.9674944620102974,0.9609207216033868
200000.0,498,0.0736007,0.793501,0.99,10000,10,31,0.00457676,0.000339806,0.9323482446643104,0.9815661723996344
200000.0,437,0.108219,0.705174,0.989612,10000,10,33,0.00344352,0.000534211,0.9413184867270791,0.9768869950028128
227320.0,355,0.144602,0.60791,0.99,10000,10,36,0.00214383,0.000943015,0.953698488145634,0.9692914507017997
200000.0,400,0.167332,0.545837,0.99,10000,10,32,0.00191857,0.00104169,0.9561985160068749,0.9677247773051835
232381.0,272,0.278906,0.303161,0.99,10000,10,40,2.84276e-11,0.00903261,0.9999946682460672,0.9049599558080911
209661.0,412,0.121461,0.648188,0.99,10000,10,34,0.00290133,0.000669372,0.9461360046041886,0.974127775511178
277185.0,272,0.278906,0.303161,0.99,10000,10,39,4.43336e-09,0.00656711,0.999933416518565,0.9189622927273976
209810.0,373,0.121461,0.66361,0.99,10000,10,37,0.00253339,0.000794503,0.9496672075084245,0.9718130704048845
242924.0,500,0.0608075,0.784739,0.99,10000,10,33,0.00503525,0.000300157,0.9290405045113763,0.9826749603175058
200000.0,455,0.0957756,0.8,0.99,10000,10,31,0.00426079,0.000389266,0.9347252728845229,0.9802701748613932
200000.0,437,0.0955557,0.74872,0.99,10000,10,33,0.0037149,0.000479373,0.9390500205086171,0.9781054116275277
221961.0,288,0.20775,0.540307,0.989632,10000,10,46,0.000788503,0.00185022,0.9719197044175101,0.9569858162927622
270318.0,500,0.0632177,0.769663,0.99,10000,10,43,0.00520986,0.000271332,0.9278206400693384,0.9835278416714749
580212.0,459,0.0320444,0.790469,0.99,10000,10,33,0.00704604,0.000150247,0.916059306650469,0.987742471701032
412373.0,500,0.0608075,0.8,0.99,10000,10,36,0.00664349,0.000192979,0.9184923929930463,0.9861083118376491
208964.0,330,0.171002,0.581226,0.99,10000,10,37,0.00141941,0.00128129,0.9623249419376692,0.9642048886019333
200000.0,302,0.20775,0.531124,0.989632,10000,10,30,0.000672149,0.00189672,0.9740741634657626,0.9564486509967831
390840.0,500,0.0608075,0.777013,0.99,10000,10,36,0.006351,0.000204385,0.9203068384364129,0.985703671800074
200000.0,500,0.100901,0.599682,0.989668,10000,10,34,0.0032864,0.00057283,0.9426728685524908,0.976066132782185
230151.0,439,0.171002,0.401258,0.99,10000,10,27,0.00124526,0.00134699,0.9647117583322716,0.9632986376274667
200000.0,290,0.20775,0.537962,0.989632,10000,10,30,0.000581628,0.00201889,0.9758830350168185,0.9550679401763061
330110.0,477,0.0667407,0.781806,0.99,10081,10,39,0.00570372,0.000247645,0.9244770233637472,0.9842632595497034
200000.0,355,0.144602,0.605931,0.99,10000,10,36,0.00177841,0.00108656,0.957828801297568,0.9670369904286639
200000.0,416,0.121461,0.591425,0.99,10000,10,32,0.00237616,0.000847045,0.9512541283799335,0.9708959624794085
206817.0,294,0.235396,0.358608,0.99,10000,10,38,8.42822e-07,0.00480657,0.9990819466246453,0.9306705690200763
214376.0,500,0.0774875,0.8,0.99,10000,10,45,0.00480347,0.000303127,0.9306929296536061,0.9825894572169619
200080.0,259,0.213971,0.528702,0.99,10000,10,46,0.000240648,0.00265865,0.9844871666030992,0.9484379015167148
200000.0,400,0.142959,0.596091,0.99,10000,10,42,0.00226059,0.000863805,0.9524543377372867,0.9706094402911412
297297.0,500,0.0632177,0.769663,0.99,10000,10,43,0.00547759,0.000247814,0.92598925753649,0.9842578908655797
200080.0,209,0.215749,0.528702,0.99,10000,10,43,8.21726e-06,0.00449683,0.9971334236448335,0.9329415926225503
320052.0,500,0.0608075,0.8,0.99,10000,10,38,0.00585036,0.000218589,0.9235123539386915,0.9852152443374941
200080.0,263,0.248719,0.53947,0.99,10000,10,41,0.000352691,0.00242311,0.9812199307775503,0.9507749047740891
209661.0,416,0.121461,0.66361,0.99,10000,10,38,0.00306764,0.0006342,0.9446137201104823,0.9748166721817787
200000.0,376,0.162752,0.553907,0.99,10000,10,42,0.00165443,0.00112067,0.9593253149981465,0.9665235903956234
390840.0,500,0.0608075,0.8,0.99,10000,10,36,0.00647467,0.000197416,0.9195346658491994,0.9859495195811674
270476.0,500,0.0634958,0.8,0.99,10000,10,46,0.00537681,0.000250005,0.9266732654484056,0.9841884535860657
225650.0,259,0.213971,0.528702,0.99,10000,10,46,0.000405437,0.00235277,0.9798645337774364,0.9514946394714976
200000.0,288,0.20775,0.531124,0.989632,10000,10,30,0.000519409,0.00210736,0.9772094537143139,0.9540940091055644
200080.0,209,0.215749,0.528702,0.99,10000,10,46,8.22548e-06,0.00449674,0.9971319902371156,0.932942263682704
208829.0,424,0.121461,0.66361,0.989638,10000,10,38,0.00316017,0.000617579,0.9437846106479729,0.9751488632050765
348554.0,500,0.0608075,0.8,0.99,10000,10,36,0.00611425,0.000208129,0.9218063301794832,0.985573323321014
200000.0,490,0.220895,0.8,0.99,162250,17,42,0.00981302,6.68751e-05,0.9009393115307591,0.9918222802689258
203288.0,500,0.0857256,0.8,0.99,10000,10,40,0.00471393,0.000319523,0.9313419341956096,0.9821247937074841
241069.0,359,0.144602,0.519488,0.989668,10000,10,44,0.00160442,0.00121426,0.9599447881044176,0.9651537663441226
234529.0,414,0.12164,0.582404,0.99,10000,10,47,0.00270394,0.000737091,0.9480005769262774,0.9728505801166949
200000.0,389,0.148823,0.519696,0.989668,10000,10,34,0.00150413,0.00122849,0.9612168851173607,0.964950178317144
348554.0,500,0.0608075,0.8,0.99,10000,10,36,0.00611425,0.000208129,0.9218063301794832,0.985573323321014
200000.0,493,0.140242,0.530155,0.99,191731,10,40,0.00998826,7.33236e-06,0.9000587172385706,0.9972921669179952
230151.0,388,0.264691,0.314093,0.99,10000,10,39,0.000155489,0.00274251,0.9875304771542773,0.9476310206324393
200000.0,227,0.325049,0.495913,0.99,10000,10,46,1.5177e-05,0.0039854,0.9961042330665195,0.9368699754474941
200000.0,359,0.144602,0.519488,0.989603,10000,10,34,0.0012124,0.00151757,0.9651804652529646,0.9610439991785604
222140.0,305,0.278906,0.303161,0.99,10000,10,40,2.0976e-09,0.0066373,0.9999542004366833,0.9185303737580686
234529.0,414,0.12164,0.582404,0.99,10000,10,47,0.00270394,0.000737091,0.9480005769262774,0.9728505801166949
534862.0,500,0.0312982,0.739092,0.99,10000,10,26,0.00691196,0.000162594,0.916861801799654,0.9872487647657178
204936.0,467,0.108024,0.705174,0.989612,10000,10,32,0.00388642,0.000467996,0.937658841845856,0.9783667847974463
200080.0,273,0.213971,0.544575,0.99,10000,10,46,0.000444981,0.00222954,0.9789054272382681,0.9527819949595496
451709.0,500,0.0583769,0.790469,0.99,10000,10,27,0.00684269,0.000182439,0.9172794463268046,0.9864930018138744
200000.0,491,0.01,0.798245,0.99,198240,12,39,0.00999989,1.41472e-09,0.9000005500015125,0.999962387236209
200000.0,491,0.01,0.798245,0.99,198240,12,39,0.00999989,1.41472e-09,0.9000005500015125,0.999962387236209
200000.0,284,0.278906,0.303161,0.99,10000,10,40,1.8825e-11,0.00979361,0.9999956612213701,0.90103733027045
774561.0,500,0.0312982,0.782911,0.99,10000,10,25,0.00791659,9.22515e-05,0.9110247787302554,0.9903952355572873
275595.0,478,0.157791,0.798245,0.99,198240,10,39,0.00978378,6.71621e-05,0.9010870079312125,0.9918047513765597
207830.0,321,0.278906,0.314093,0.99,10000,10,43,4.23315e-08,0.00546594,0.9997942537971188,0.9260680042200943
200000.0,287,0.278906,0.314093,0.99,10000,10,40,8.15918e-11,0.00853423,0.9999909671820565,0.907619103706448
221934.0,311,0.278906,0.303161,0.99,10000,10,40,6.01172e-09,0.00620057,0.9999224647177086,0.9212563018394487
231119.0,284,0.278906,0.303161,0.99,10000,10,40,1.40227e-10,0.00793089,0.9999881582518183,0.9109444555347619
200000.0,455,0.0957756,0.8,0.99,10000,10,31,0.00426079,0.000389266,0.9347252728845229,0.9802701748613932
261020.0,272,0.278906,0.304057,0.99,10000,10,44,6.44815e-10,0.00732518,0.9999746067922467,0.9144127345921136
207830.0,332,0.278906,0.314093,0.99,10000,10,38,2.68576e-07,0.00482409,0.9994817568138412,0.9305443306849613
295727.0,327,0.278906,0.303161,0.99,10000,10,40,9.04021e-05,0.00322146,0.9904919981068576,0.9432420930618474
221934.0,303,0.278906,0.303161,0.99,10000,10,40,1.43786e-09,0.00680334,0.9999620808755375,0.9175176382491383
774561.0,456,0.0312982,0.8,0.99,10000,10,22,0.00773964,0.00010415,0.9120247762151183,0.9897946092676468
204936.0,467,0.108024,0.705174,0.989612,10000,10,32,0.00388642,0.000467996,0.937658841845856,0.9783667847974463
207830.0,367,0.278906,0.314093,0.99,10000,10,38,1.70399e-05,0.00345269,0.9958720586244473,0.9412404050388364
232381.0,287,0.278906,0.303161,0.99,10000,10,40,3.11968e-10,0.00757344,0.9999823373841122,0.9129744864996477
200000.0,287,0.278906,0.303161,0.99,10000,10,46,2.47942e-11,0.00949679,0.9999950206225289,0.9025485248957206
202076.0,317,0.20775,0.531124,0.99,10000,10,29,0.000880023,0.00170851,0.9703348183892294,0.9586658736635211
230151.0,383,0.264691,0.314093,0.99,10000,10,39,0.000129142,0.00279145,0.9886359338263102,0.947165825453595
200087.0,227,0.325049,0.495913,0.99,10000,10,46,1.53055e-05,0.00398295,0.99608777556881,0.936889382826659
200000.0,191,0.285397,0.583062,0.99,10000,10,49,9.62812e-06,0.00421826,0.9968970787957152,0.9350518668474606
200000.0,498,0.0736007,0.793501,0.99,10000,10,31,0.00457676,0.000339806,0.9323482446643104,0.9815661723996344
227320.0,355,0.144602,0.60791,0.99,10000,10,36,0.00214383,0.000943015,0.953698488145634,0.9692914507017997
200000.0,400,0.167332,0.545837,0.99,10000,10,32,0.00191857,0.00104169,0.9561985160068749,0.9677247773051835
232381.0,272,0.278906,0.303161,0.99,10000,10,40,2.84276e-11,0.00903261,0.9999946682460672,0.9049599558080911
592146.0,495,0.0312982,0.782911,0.99,10000,10,25,0.00727155,0.000126243,0.9147266161103009,0.9887642089731075
232381.0,272,0.278906,0.303161,0.99,10000,10,31,2.77015e-11,0.00903543,0.999994736778553,0.904945121114169
209661.0,412,0.121461,0.648188,0.99,10000,10,34,0.00290133,0.000669372,0.9461360046041886,0.974127775511178
230151.0,439,0.171002,0.401258,0.99,10000,10,27,0.00124526,0.00134699,0.9647117583322716,0.9632986376274667
277185.0,272,0.278906,0.303161,0.99,10000,10,39,4.43336e-09,0.00656711,0.999933416518565,0.9189622927273976
320052.0,500,0.0608075,0.8,0.99,10000,10,38,0.00585036,0.000218589,0.9235123539386915,0.9852152443374941
200080.0,259,0.213971,0.528702,0.99,10000,10,46,0.000240648,0.00265865,0.9844871666030992,0.9484379015167148
303812.0,500,0.0608075,0.8,0.99,10000,10,36,0.0056941,0.000226713,0.9245407394682402,0.9849430082685817
580212.0,459,0.0320444,0.790469,0.99,10000,10,28,0.00704604,0.000150227,0.916059306650469,0.9877432875533445
412373.0,500,0.0608075,0.8,0.99,10000,10,36,0.00664349,0.000192979,0.9184923929930463,0.9861083118376491
208964.0,330,0.171002,0.581226,0.99,10000,10,37,0.00141941,0.00128129,0.9623249419376692,0.9642048886019333
390840.0,500,0.0608075,0.777013,0.99,10000,10,36,0.006351,0.000204385,0.9203068384364129,0.985703671800074
200000.0,290,0.20775,0.537962,0.989632,10000,10,30,0.000581628,0.00201889,0.9758830350168185,0.9550679401763061
200000.0,359,0.144602,0.519488,0.989603,10000,10,34,0.0012124,0.00151757,0.9651804652529646,0.9610439991785604
270318.0,500,0.0632177,0.769663,0.99,10000,10,43,0.00520986,0.000271332,0.9278206400693384,0.9835278416714749
200000.0,330,0.171002,0.545837,0.99,10000,10,31,0.00105655,0.00152723,0.9674953849430576,0.9609202098265612
200000.0,267,0.20775,0.531124,0.989632,10000,10,30,0.000317825,0.00248519,0.9821723529314719,0.9501483199881889
200000.0,355,0.144602,0.605931,0.99,10000,10,36,0.00177841,0.00108656,0.957828801297568,0.9670369904286639
200000.0,302,0.20775,0.531124,0.989632,10000,10,30,0.000672149,0.00189672,0.9740741634657626,0.9564486509967831
200000.0,335,0.357166,0.314093,0.99,10000,10,40,3.53346e-07,0.00477151,0.999405570862087,0.9309238825642321
297297.0,500,0.0632177,0.769663,0.99,10000,10,43,0.00547759,0.000247814,0.92598925753649,0.9842578908655797
200000.0,500,0.100901,0.599682,0.989668,10000,10,34,0.0032864,0.00057283,0.9426728685524908,0.976066132782185
200000.0,400,0.142959,0.596091,0.99,10000,10,42,0.00226059,0.000863805,0.9524543377372867,0.9706094402911412
200000.0,437,0.108219,0.705174,0.99,10000,10,33,0.00344493,0.000531709,0.9413064739515506,0.9769411838985607
200000.0,437,0.0955557,0.74872,0.989646,10000,10,33,0.00371401,0.0004815,0.9390573220148638,0.9780568917425083
229007.0,367,0.182981,0.314093,0.99,10000,10,38,7.57445e-05,0.00343292,0.9912968683797153,0.9414088743921061
200000.0,376,0.162752,0.553907,0.99,10000,10,42,0.00165443,0.00112067,0.9593253149981465,0.9665235903956234
390840.0,500,0.0608075,0.8,0.99,10000,10,36,0.00647467,0.000197416,0.9195346658491994,0.9859495195811674
200000.0,287,0.278906,0.30177,0.99,10000,10,40,2.11055e-11,0.00962693,0.9999954059277324,0.9018830799504999
451709.0,500,0.0583769,0.790469,0.99,10000,10,27,0.00684269,0.000182439,0.9172794463268046,0.9864930018138744
270476.0,500,0.0634958,0.8,0.99,10000,10,46,0.00537681,0.000250005,0.9266732654484056,0.9841884535860657
225650.0,259,0.213971,0.528702,0.99,10000,10,46,0.000405437,0.00235277,0.9798645337774364,0.9514946394714976
200080.0,209,0.215749,0.528702,0.99,10000,10,43,8.21726e-06,0.00449683,0.9971334236448335,0.9329415926225503
200080.0,209,0.215749,0.528702,0.99,10000,10,46,8.22548e-06,0.00449674,0.9971319902371156,0.932942263682704
221961.0,288,0.20775,0.540307,0.989632,10000,10,46,0.000788503,0.00185022,0.9719197044175101,0.9569858162927622
209661.0,416,0.121461,0.66361,0.99,10000,10,38,0.00306764,0.0006342,0.9446137201104823,0.9748166721817787
348554.0,500,0.0608075,0.8,0.99,10000,10,36,0.00611425,0.000208129,0.9218063301794832,0.985573323321014
200000.0,490,0.220895,0.8,0.99,162250,17,42,0.00981302,6.68751e-05,0.9009393115307591,0.9918222802689258
203288.0,500,0.0857256,0.8,0.99,10000,10,40,0.00471393,0.000319523,0.9313419341956096,0.9821247937074841
242924.0,500,0.0608075,0.784739,0.99,10000,10,33,0.00503525,0.000300157,0.9290405045113763,0.9826749603175058
200000.0,288,0.20775,0.531124,0.989632,10000,10,30,0.000519409,0.00210736,0.9772094537143139,0.9540940091055644
241069.0,359,0.144602,0.519488,0.989668,10000,10,44,0.00160442,0.00121426,0.9599447881044176,0.9651537663441226
209810.0,373,0.121461,0.66361,0.99,10000,10,37,0.00253339,0.000794503,0.9496672075084245,0.9718130704048845
234529.0,414,0.12164,0.582404,0.99,10000,10,47,0.00270394,0.000737091,0.9480005769262774,0.9728505801166949
200080.0,273,0.213971,0.544575,0.99,10000,10,46,0.000444981,0.00222954,0.9789054272382681,0.9527819949595496
200000.0,389,0.148823,0.519696,0.989668,10000,10,34,0.00150413,0.00122849,0.9612168851173607,0.964950178317144
200000.0,493,0.140242,0.530155,0.99,191731,10,40,0.00998826,7.33236e-06,0.9000587172385706,0.9972921669179952
589331.0,495,0.0312982,0.782911,0.99,10000,10,25,0.0072605,0.00012701,0.9147914323556604,0.9887301286608942
348554.0,500,0.0608075,0.8,0.99,10000,10,36,0.00611425,0.000208129,0.9218063301794832,0.985573323321014
230151.0,388,0.264691,0.314093,0.99,10000,10,39,0.000155489,0.00274251,0.9875304771542773,0.9476310206324393
200000.0,227,0.325049,0.495913,0.99,10000,10,46,1.5177e-05,0.0039854,0.9961042330665195,0.9368699754474941
222140.0,305,0.278906,0.303161,0.99,10000,10,40,2.0976e-09,0.0066373,0.9999542004366833,0.9185303737580686
234529.0,414,0.12164,0.582404,0.99,10000,10,47,0.00270394,0.000737091,0.9480005769262774,0.9728505801166949
222979.0,272,0.278906,0.303161,0.99,10000,10,33,1.58516e-11,0.00960478,0.9999960185932134,0.9019960204889618
200000.0,491,0.01,0.798245,0.99,198240,12,39,0.00999989,1.41472e-09,0.9000005500015125,0.999962387236209
200000.0,491,0.01,0.798245,0.99,198240,12,39,0.00999989,1.41472e-09,0.9000005500015125,0.999962387236209
774561.0,500,0.0312982,0.782911,0.99,10000,10,25,0.00791659,9.22515e-05,0.9110247787302554,0.9903952355572873
275595.0,478,0.157791,0.798245,0.99,198240,10,39,0.00978378,6.71621e-05,0.9010870079312125,0.9918047513765597
232381.0,287,0.278906,0.303161,0.99,10000,10,40,3.11968e-10,0.00757344,0.9999823373841122,0.9129744864996477
221934.0,311,0.278906,0.303161,0.99,10000,10,40,6.01172e-09,0.00620057,0.9999224647177086,0.9212563018394487
231119.0,284,0.278906,0.303161,0.99,10000,10,40,1.40227e-10,0.00793089,0.9999881582518183,0.9109444555347619
207830.0,332,0.319302,0.282976,0.99,10000,10,38,4.32916e-10,0.00695603,0.9999791933664424,0.9165971823017951
231119.0,313,0.278906,0.303161,0.99,10000,10,46,3.23375e-08,0.00560621,0.9998201736949165,0.9251253714533421
200000.0,335,0.315941,0.314093,0.986247,10000,10,39,1.59091e-07,0.00511154,0.9996011378684307,0.9285049652073656
204832.0,272,0.278906,0.328976,0.99,10000,10,44,1.15464e-10,0.00843709,0.999989254582372,0.9081463664300644
207830.0,367,0.278906,0.314093,0.99,10000,10,38,1.70399e-05,0.00345269,0.9958720586244473,0.9412404050388364
295727.0,327,0.278906,0.303161,0.99,10000,10,40,9.04021e-05,0.00322146,0.9904919981068576,0.9432420930618474
202076.0,317,0.20775,0.531124,0.99,10000,10,29,0.000880023,0.00170851,0.9703348183892294,0.9586658736635211
200000.0,287,0.278906,0.303161,0.99,10000,10,46,2.47942e-11,0.00949679,0.9999950206225289,0.9025485248957206
209810.0,373,0.121461,0.66361,0.99,10000,10,37,0.00253339,0.000794503,0.9496672075084245,0.9718130704048845
204936.0,467,0.108024,0.705174,0.989612,10000,10,32,0.00388642,0.000467996,0.937658841845856,0.9783667847974463
230151.0,383,0.264691,0.314093,0.99,10000,10,39,0.000129142,0.00279145,0.9886359338263102,0.947165825453595
200087.0,227,0.325049,0.495913,0.99,10000,10,46,1.53055e-05,0.00398295,0.99608777556881,0.936889382826659
242924.0,500,0.0608075,0.784739,0.99,10000,10,33,0.00503525,0.000300157,0.9290405045113763,0.9826749603175058
200000.0,400,0.142959,0.596091,0.99,10000,10,42,0.00226059,0.000863805,0.9524543377372867,0.9706094402911412
200000.0,191,0.285397,0.583062,0.99,10000,10,49,9.62812e-06,0.00421826,0.9968970787957152,0.9350518668474606
227320.0,355,0.144602,0.60791,0.99,10000,10,36,0.00214383,0.000943015,0.953698488145634,0.9692914507017997
200000.0,498,0.0736007,0.793501,0.99,10000,10,31,0.00457676,0.000339806,0.9323482446643104,0.9815661723996344
200000.0,330,0.171002,0.545837,0.99,10000,10,31,0.00105655,0.00152723,0.9674953849430576,0.9609202098265612
232381.0,272,0.278906,0.303161,0.99,10000,10,40,2.84276e-11,0.00903261,0.9999946682460672,0.9049599558080911
200000.0,287,0.278906,0.314093,0.99,10000,10,40,8.15918e-11,0.00853423,0.9999909671820565,0.907619103706448
207830.0,321,0.278906,0.314093,0.99,10000,10,43,4.23315e-08,0.00546594,0.9997942537971188,0.9260680042200943
203288.0,500,0.0857256,0.8,0.99,10000,10,40,0.00471393,0.000319523,0.9313419341956096,0.9821247937074841
232381.0,272,0.278906,0.303161,0.99,10000,10,31,2.77015e-11,0.00903543,0.999994736778553,0.904945121114169
200000.0,267,0.20775,0.531124,0.989632,10000,10,30,0.000317825,0.00248519,0.9821723529314719,0.9501483199881889
580212.0,459,0.0320444,0.790469,0.99,10000,10,28,0.00704604,0.000150227,0.916059306650469,0.9877432875533445
209661.0,412,0.121461,0.648188,0.99,10000,10,34,0.00290133,0.000669372,0.9461360046041886,0.974127775511178
230151.0,439,0.171002,0.401258,0.99,10000,10,27,0.00124526,0.00134699,0.9647117583322716,0.9632986376274667
200000.0,455,0.0957756,0.8,0.981921,10000,10,31,0.00422511,0.000427055,0.9349991538516613,0.9793346909048037
277185.0,272,0.278906,0.303161,0.99,10000,10,39,4.43336e-09,0.00656711,0.999933416518565,0.9189622927273976
451709.0,500,0.0583769,0.790469,0.99,10000,10,27,0.00684269,0.000182439,0.9172794463268046,0.9864930018138744
320052.0,500,0.0608075,0.8,0.99,10000,10,38,0.00585036,0.000218589,0.9235123539386915,0.9852152443374941
200080.0,259,0.213971,0.528702,0.99,10000,10,46,0.000240648,0.00265865,0.9844871666030992,0.9484379015167148
754325.0,459,0.0312141,0.790469,0.99,10000,10,28,0.00766362,0.000108149,0.9124578958443424,0.9896005288596006
200000.0,400,0.167332,0.545837,0.99,10000,10,32,0.00191857,0.00104169,0.9561985160068749,0.9677247773051835
600448.0,500,0.0321285,0.782911,0.99,10000,10,25,0.00733104,0.000121207,0.9143785073711046,0.9889905949297885
200000.0,437,0.108219,0.705174,0.99,10000,10,33,0.00344493,0.000531709,0.9413064739515506,0.9769411838985607
221961.0,288,0.20775,0.540307,0.989632,10000,10,46,0.000788503,0.00185022,0.9719197044175101,0.9569858162927622
303812.0,500,0.0608075,0.8,0.99,10000,10,36,0.0056941,0.000226713,0.9245407394682402,0.9849430082685817
270318.0,500,0.0632177,0.769663,0.99,10000,10,43,0.00520986,0.000271332,0.9278206400693384,0.9835278416714749
225650.0,259,0.213971,0.528702,0.99,10000,10,46,0.000405437,0.00235277,0.9798645337774364,0.9514946394714976
200000.0,302,0.20775,0.531124,0.989632,10000,10,30,0.000672149,0.00189672,0.9740741634657626,0.9564486509967831
208964.0,330,0.171002,0.581226,0.99,10000,10,37,0.00141941,0.00128129,0.9623249419376692,0.9642048886019333
208964.0,330,0.168269,0.546727,0.99,10000,10,37,0.00115066,0.00146695,0.9660786203110782,0.9616992167181923
390840.0,500,0.0608075,0.777013,0.99,10000,10,36,0.006351,0.000204385,0.9203068384364129,0.985703671800074
200080.0,273,0.213971,0.544575,0.99,10000,10,46,0.000444981,0.00222954,0.9789054272382681,0.9527819949595496
200000.0,288,0.20775,0.531124,0.989632,10000,10,30,0.000519409,0.00210736,0.9772094537143139,0.9540940091055644
200000.0,455,0.0957756,0.8,0.99,10000,10,31,0.00426079,0.000389266,0.9347252728845229,0.9802701748613932
207830.0,332,0.278906,0.314093,0.99,10000,10,38,2.68576e-07,0.00482409,0.9994817568138412,0.9305443306849613
200000.0,335,0.357166,0.314093,0.99,10000,10,40,3.53346e-07,0.00477151,0.999405570862087,0.9309238825642321
297297.0,500,0.0632177,0.769663,0.99,10000,10,43,0.00547759,0.000247814,0.92598925753649,0.9842578908655797
221934.0,303,0.278906,0.303161,0.99,10000,10,40,1.43786e-09,0.00680334,0.9999620808755375,0.9175176382491383
204936.0,451,0.108024,0.705174,0.989812,10000,10,32,0.00368933,0.000493241,0.9392601448799884,0.9777909703048512
200000.0,500,0.100901,0.599682,0.989668,10000,10,34,0.0032864,0.00057283,0.9426728685524908,0.976066132782185
200000.0,376,0.162752,0.553907,0.99,10000,10,42,0.00165443,0.00112067,0.9593253149981465,0.9665235903956234
200080.0,209,0.215749,0.528702,0.99,10000,10,43,8.21726e-06,0.00449683,0.9971334236448335,0.9329415926225503
270476.0,500,0.0634958,0.8,0.99,10000,10,46,0.00537681,0.000250005,0.9266732654484056,0.9841884535860657
412373.0,500,0.0608075,0.8,0.99,10000,10,36,0.00664349,0.000192979,0.9184923929930463,0.9861083118376491
200080.0,209,0.215749,0.528702,0.99,10000,10,46,8.22548e-06,0.00449674,0.9971319902371156,0.932942263682704
200000.0,477,0.100901,0.604648,0.989668,10000,10,34,0.00311824,0.000632089,0.9441587965745722,0.9748586197674034
774561.0,456,0.0312982,0.8,0.99,10000,10,22,0.00773964,0.00010415,0.9120247762151183,0.9897946092676468
348554.0,500,0.0608075,0.8,0.99,10000,10,36,0.00611425,0.000208129,0.9218063301794832,0.985573323321014
241069.0,359,0.144602,0.519488,0.989668,10000,10,44,0.00160442,0.00121426,0.9599447881044176,0.9651537663441226
234529.0,414,0.12164,0.582404,0.99,10000,10,47,0.00270394,0.000737091,0.9480005769262774,0.9728505801166949
209661.0,416,0.121461,0.66361,0.99,10000,10,38,0.00306764,0.0006342,0.9446137201104823,0.9748166721817787
200000.0,389,0.148823,0.519696,0.989668,10000,10,34,0.00150413,0.00122849,0.9612168851173607,0.964950178317144
200000.0,355,0.144602,0.605931,0.99,10000,10,36,0.00177841,0.00108656,0.957828801297568,0.9670369904286639
200000.0,227,0.325049,0.495913,0.99,10000,10,46,1.5177e-05,0.0039854,0.9961042330665195,0.9368699754474941
589331.0,495,0.0312982,0.782911,0.99,10000,10,25,0.0072605,0.00012701,0.9147914323556604,0.9887301286608942
230151.0,388,0.264691,0.314093,0.99,10000,10,39,0.000155489,0.00274251,0.9875304771542773,0.9476310206324393
348554.0,500,0.0608075,0.8,0.99,10000,10,36,0.00611425,0.000208129,0.9218063301794832,0.985573323321014
222140.0,305,0.278906,0.303161,0.99,10000,10,40,2.0976e-09,0.0066373,0.9999542004366833,0.9185303737580686
200000.0,383,0.264691,0.314093,0.99,10000,10,38,2.91136e-05,0.00329308,0.9946042980067464,0.9426146360123071
222979.0,272,0.278906,0.303161,0.99,10000,10,33,1.58516e-11,0.00960478,0.9999960185932134,0.9019960204889618
200000.0,491,0.01,0.798245,0.99,198240,12,39,0.00999989,1.41472e-09,0.9000005500015125,0.999962387236209
200000.0,491,0.01,0.798245,0.99,198240,12,39,0.00999989,1.41472e-09,0.9000005500015125,0.999962387236209
222979.0,272,0.278906,0.303161,0.99,10000,10,33,1.58516e-11,0.00960478,0.9999960185932134,0.9019960204889618
774561.0,500,0.0312982,0.782911,0.99,10000,10,25,0.00791659,9.22515e-05,0.9110247787302554,0.9903952355572873
275595.0,478,0.157791,0.798245,0.99,198240,10,39,0.00978378,6.71621e-05,0.9010870079312125,0.9918047513765597
207830.0,332,0.319302,0.282976,0.99,10000,10,38,4.32916e-10,0.00695603,0.9999791933664424,0.9165971823017951
231119.0,313,0.278906,0.303161,0.99,10000,10,46,3.23375e-08,0.00560621,0.9998201736949165,0.9251253714533421
207830.0,367,0.278906,0.314093,0.99,10000,10,38,1.70399e-05,0.00345269,0.9958720586244473,0.9412404050388364
232381.0,287,0.278906,0.303161,0.99,10000,10,40,3.11968e-10,0.00757344,0.9999823373841122,0.9129744864996477
295727.0,327,0.278906,0.303161,0.99,10000,10,40,9.04021e-05,0.00322146,0.9904919981068576,0.9432420930618474
200000.0,287,0.278906,0.314093,0.99,10000,10,40,8.15918e-11,0.00853423,0.9999909671820565,0.907619103706448
221934.0,311,0.278906,0.303161,0.99,10000,10,40,6.01172e-09,0.00620057,0.9999224647177086,0.9212563018394487
200000.0,335,0.357166,0.314093,0.99,10000,10,40,3.53346e-07,0.00477151,0.999405570862087,0.9309238825642321
204936.0,467,0.108024,0.705174,0.989612,10000,10,32,0.00388642,0.000467996,0.937658841845856,0.9783667847974463
222950.0,332,0.278906,0.314093,0.99,10000,10,36,1.90914e-06,0.00423389,0.9986182836760029,0.9349316513195548
209810.0,373,0.121461,0.66361,0.99,10000,10,37,0.00253339,0.000794503,0.9496672075084245,0.9718130704048845
200000.0,288,0.20775,0.531124,0.989632,10000,10,30,0.000519409,0.00210736,0.9772094537143139,0.9540940091055644
230151.0,383,0.264691,0.314093,0.99,10000,10,39,0.000129142,0.00279145,0.9886359338263102,0.947165825453595
200087.0,227,0.325049,0.495913,0.99,10000,10,46,1.53055e-05,0.00398295,0.99608777556881,0.936889382826659
390840.0,500,0.0608075,0.777013,0.99,10000,10,36,0.006351,0.000204385,0.9203068384364129,0.985703671800074
200000.0,400,0.142959,0.596091,0.99,10000,10,42,0.00226059,0.000863805,0.9524543377372867,0.9706094402911412
200000.0,302,0.20775,0.531124,0.989632,10000,10,30,0.000672149,0.00189672,0.9740741634657626,0.9564486509967831
227320.0,355,0.144602,0.60791,0.99,10000,10,36,0.00214383,0.000943015,0.953698488145634,0.9692914507017997
232381.0,282,0.278906,0.303161,0.99,10000,10,43,1.16802e-10,0.00804496,0.9999891925026023,0.9103062989948569
200000.0,498,0.0736007,0.793501,0.99,10000,10,31,0.00457676,0.000339806,0.9323482446643104,0.9815661723996344
232381.0,272,0.278906,0.303161,0.99,10000,10,40,2.84276e-11,0.00903261,0.9999946682460672,0.9049599558080911
207830.0,321,0.278906,0.314093,0.99,10000,10,43,4.23315e-08,0.00546594,0.9997942537971188,0.9260680042200943
412373.0,500,0.0608075,0.8,0.99,10000,10,36,0.00664349,0.000192979,0.9184923929930463,0.9861083118376491
204832.0,272,0.278906,0.328976,0.99,10000,10,44,1.15464e-10,0.00843709,0.999989254582372,0.9081463664300644
204936.0,451,0.108024,0.705174,0.989812,10000,10,32,0.00368933,0.000493241,0.9392601448799884,0.9777909703048512
231119.0,284,0.278906,0.303161,0.99,10000,10,40,1.40227e-10,0.00793089,0.9999881582518183,0.9109444555347619
200000.0,437,0.108219,0.705174,0.99,10000,10,33,0.00344493,0.000531709,0.9413064739515506,0.9769411838985607
201435.0,287,0.278906,0.303161,0.99,10000,10,40,2.57657e-11,0.00940901,0.9999949240074862,0.902999948453622
200000.0,267,0.20775,0.531124,0.989632,10000,10,30,0.000317825,0.00248519,0.9821723529314719,0.9501483199881889
580212.0,459,0.0320444,0.790469,0.99,10000,10,28,0.00704604,0.000150227,0.916059306650469,0.9877432875533445
209661.0,412,0.121461,0.648188,0.99,10000,10,34,0.00290133,0.000669372,0.9461360046041886,0.974127775511178
230151.0,439,0.171002,0.401258,0.99,10000,10,27,0.00124526,0.00134699,0.9647117583322716,0.9632986376274667
200000.0,455,0.0957756,0.8,0.981921,10000,10,31,0.00422511,0.000427055,0.9349991538516613,0.9793346909048037
277185.0,272,0.278906,0.303161,0.99,10000,10,39,4.43336e-09,0.00656711,0.999933416518565,0.9189622927273976
200000.0,400,0.167332,0.545837,0.99,10000,10,32,0.00191857,0.00104169,0.9561985160068749,0.9677247773051835
451709.0,500,0.0583769,0.790469,0.99,10000,10,27,0.00684269,0.000182439,0.9172794463268046,0.9864930018138744
200000.0,455,0.0957756,0.8,0.99,10000,10,31,0.00426079,0.000389266,0.9347252728845229,0.9802701748613932
320052.0,500,0.0608075,0.8,0.99,10000,10,38,0.00585036,0.000218589,0.9235123539386915,0.9852152443374941
200000.0,500,0.100901,0.599682,0.989668,10000,10,34,0.0032864,0.00057283,0.9426728685524908,0.976066132782185
200000.0,425,0.278906,0.314093,0.99,10000,10,40,0.000195059,0.00261128,0.9860336475771231,0.9488993150730834
221961.0,288,0.20775,0.540307,0.989632,10000,10,46,0.000788503,0.00185022,0.9719197044175101,0.9569858162927622
225650.0,259,0.213971,0.528702,0.99,10000,10,46,0.000405437,0.00235277,0.9798645337774364,0.9514946394714976
232381.0,272,0.278906,0.303161,0.99,10000,10,31,2.77015e-11,0.00903543,0.999994736778553,0.904945121114169
242924.0,500,0.0608075,0.784739,0.99,10000,10,33,0.00503525,0.000300157,0.9290405045113763,0.9826749603175058
208964.0,330,0.171002,0.581226,0.99,10000,10,37,0.00141941,0.00128129,0.9623249419376692,0.9642048886019333
221934.0,311,0.278906,0.303161,0.99,10000,10,40,6.01172e-09,0.00620057,0.9999224647177086,0.9212563018394487
232381.0,287,0.278906,0.303161,0.99,10000,10,40,3.11968e-10,0.00757344,0.9999823373841122,0.9129744864996477
303812.0,500,0.0608075,0.8,0.99,10000,10,36,0.0056941,0.000226713,0.9245407394682402,0.9849430082685817
200000.0,335,0.315941,0.314093,0.986247,10000,10,39,1.59091e-07,0.00511154,0.9996011378684307,0.9285049652073656
208964.0,313,0.168269,0.546727,0.99,10000,10,40,0.000961606,0.00165033,0.9689902273468508,0.9593757461606985
774561.0,500,0.0312982,0.677539,0.99,10000,10,25,0.00754149,0.000118582,0.913158247369137,0.9891104637380649
211777.0,500,0.0857256,0.789739,0.99,10000,10,40,0.00476999,0.000318387,0.9309348857960837,0.9821565978580317
221934.0,303,0.278906,0.303161,0.99,10000,10,40,1.43786e-09,0.00680334,0.9999620808755375,0.9175176382491383
200000.0,330,0.171002,0.545837,0.99,10000,10,31,0.00105655,0.00152723,0.9674953849430576,0.9609202098265612
589331.0,495,0.0312982,0.782911,0.99,10000,10,25,0.0072605,0.00012701,0.9147914323556604,0.9887301286608942
200000.0,383,0.264691,0.314093,0.99,10000,10,38,2.91136e-05,0.00329308,0.9946042980067464,0.9426146360123071
200000.0,335,0.315941,0.314093,0.986247,10000,10,39,1.59091e-07,0.00511154,0.9996011378684307,0.9285049652073656
207830.0,332,0.278906,0.314093,0.99,10000,10,38,2.68576e-07,0.00482409,0.9994817568138412,0.9305443306849613
270476.0,500,0.0634958,0.8,0.99,10000,10,46,0.00537681,0.000250005,0.9266732654484056,0.9841884535860657
600448.0,500,0.0321285,0.782911,0.99,10000,10,25,0.00733104,0.000121207,0.9143785073711046,0.9889905949297885
270318.0,500,0.0632177,0.769663,0.99,10000,10,43,0.00520986,0.000271332,0.9278206400693384,0.9835278416714749
253274.0,478,0.172769,0.798245,0.99,198240,10,37,0.00983799,5.0902e-05,0.9008133577541815,0.9928654362431891
200000.0,477,0.100901,0.604648,0.989668,10000,10,34,0.00311824,0.000632089,0.9441587965745722,0.9748586197674034
208964.0,330,0.168269,0.546727,0.99,10000,10,37,0.00115066,0.00146695,0.9660786203110782,0.9616992167181923
200000.0,191,0.285397,0.583062,0.99,10000,10,49,9.62812e-06,0.00421826,0.9968970787957152,0.9350518668474606
774561.0,456,0.0312982,0.8,0.99,10000,10,22,0.00773964,0.00010415,0.9120247762151183,0.9897946092676468
348554.0,500,0.0608075,0.8,0.99,10000,10,36,0.00611425,0.000208129,0.9218063301794832,0.985573323321014
241069.0,359,0.144602,0.519488,0.989668,10000,10,44,0.00160442,0.00121426,0.9599447881044176,0.9651537663441226
234529.0,414,0.12164,0.582404,0.99,10000,10,47,0.00270394,0.000737091,0.9480005769262774,0.9728505801166949
209661.0,416,0.121461,0.66361,0.99,10000,10,38,0.00306764,0.0006342,0.9446137201104823,0.9748166721817787
200000.0,389,0.148823,0.519696,0.989668,10000,10,34,0.00150413,0.00122849,0.9612168851173607,0.964950178317144
230151.0,388,0.264691,0.314093,0.99,10000,10,39,0.000155489,0.00274251,0.9875304771542773,0.9476310206324393
200000.0,227,0.325049,0.495913,0.99,10000,10,46,1.5177e-05,0.0039854,0.9961042330665195,0.9368699754474941
348554.0,500,0.0608075,0.8,0.99,10000,10,36,0.00611425,0.000208129,0.9218063301794832,0.985573323321014
222979.0,272,0.278906,0.303161,0.99,10000,10,33,1.58516e-11,0.00960478,0.9999960185932134,0.9019960204889618
200000.0,491,0.01,0.798245,0.99,198240,12,39,0.00999989,1.41472e-09,0.9000005500015125,0.999962387236209
200000.0,491,0.01,0.798245,0.99,198240,12,39,0.00999989,1.41472e-09,0.9000005500015125,0.999962387236209
222979.0,272,0.278906,0.303161,0.99,10000,10,33,1.58516e-11,0.00960478,0.9999960185932134,0.9019960204889618
774561.0,500,0.0312982,0.782911,0.99,10000,10,25,0.00791659,9.22515e-05,0.9110247787302554,0.9903952355572873
275595.0,478,0.157791,0.798245,0.99,198240,10,39,0.00978378,6.71621e-05,0.9010870079312125,0.9918047513765597
221934.0,285,0.278906,0.303161,0.989676,10000,10,40,7.07973e-11,0.00838745,0.999991585886856,0.908416977555881
207830.0,374,0.259314,0.290364,0.99,10000,10,43,1.76876e-06,0.00421735,0.9986700526326203,0.9350588728154492
207830.0,332,0.319302,0.282976,0.99,10000,10,38,4.32916e-10,0.00695603,0.9999791933664424,0.9165971823017951
207830.0,319,0.278906,0.314093,0.99,10000,10,43,2.98664e-08,0.00559324,0.9998271810195609,0.9252120330534384
200000.0,288,0.20775,0.531124,0.989632,10000,10,30,0.000519409,0.00210736,0.9772094537143139,0.9540940091055644
207830.0,367,0.278906,0.314093,0.99,10000,10,38,1.70399e-05,0.00345269,0.9958720586244473,0.9412404050388364
232381.0,272,0.278906,0.303161,0.99,10000,10,40,2.84276e-11,0.00903261,0.9999946682460672,0.9049599558080911
232381.0,287,0.278906,0.303161,0.99,10000,10,40,3.11968e-10,0.00757344,0.9999823373841122,0.9129744864996477
221934.0,311,0.278906,0.303161,0.99,10000,10,40,6.01172e-09,0.00620057,0.9999224647177086,0.9212563018394487
277185.0,272,0.278906,0.303161,0.99,10000,10,39,4.43336e-09,0.00656711,0.999933416518565,0.9189622927273976
295727.0,327,0.278906,0.303161,0.99,10000,10,40,9.04021e-05,0.00322146,0.9904919981068576,0.9432420930618474
204936.0,467,0.108024,0.705174,0.989612,10000,10,32,0.00388642,0.000467996,0.937658841845856,0.9783667847974463
225650.0,259,0.213971,0.528702,0.99,10000,10,46,0.000405437,0.00235277,0.9798645337774364,0.9514946394714976
201435.0,287,0.278906,0.303161,0.99,10000,10,40,2.57657e-11,0.00940901,0.9999949240074862,0.902999948453622
200000.0,335,0.357166,0.314093,0.99,10000,10,40,3.53346e-07,0.00477151,0.999405570862087,0.9309238825642321
209810.0,373,0.121461,0.66361,0.99,10000,10,37,0.00253339,0.000794503,0.9496672075084245,0.9718130704048845
230151.0,383,0.264691,0.314093,0.99,10000,10,39,0.000129142,0.00279145,0.9886359338263102,0.947165825453595
200087.0,227,0.325049,0.495913,0.99,10000,10,46,1.53055e-05,0.00398295,0.99608777556881,0.936889382826659
390840.0,500,0.0608075,0.777013,0.99,10000,10,36,0.006351,0.000204385,0.9203068384364129,0.985703671800074
200000.0,302,0.20775,0.531124,0.989632,10000,10,30,0.000672149,0.00189672,0.9740741634657626,0.9564486509967831
270476.0,500,0.0634958,0.8,0.99,10000,10,46,0.00537681,0.000250005,0.9266732654484056,0.9841884535860657
412373.0,500,0.0608075,0.8,0.99,10000,10,36,0.00664349,0.000192979,0.9184923929930463,0.9861083118376491
204936.0,451,0.108024,0.705174,0.989812,10000,10,32,0.00368933,0.000493241,0.9392601448799884,0.9777909703048512
234529.0,414,0.12164,0.582404,0.99,10000,10,47,0.00270394,0.000737091,0.9480005769262774,0.9728505801166949
217853.0,338,0.144602,0.60791,0.99,10000,10,41,0.00178686,0.0010977,0.9577287331630574,0.9668684440449894
231119.0,284,0.278906,0.303161,0.99,10000,10,40,1.40227e-10,0.00793089,0.9999881582518183,0.9109444555347619
242924.0,500,0.0608075,0.784739,0.99,10000,10,33,0.00503525,0.000300157,0.9290405045113763,0.9826749603175058
200000.0,267,0.20775,0.531124,0.989632,10000,10,30,0.000317825,0.00248519,0.9821723529314719,0.9501483199881889
580212.0,459,0.0320444,0.790469,0.99,10000,10,28,0.00704604,0.000150227,0.916059306650469,0.9877432875533445
232381.0,282,0.278906,0.303161,0.99,10000,10,43,1.16802e-10,0.00804496,0.9999891925026023,0.9103062989948569
209661.0,412,0.121461,0.648188,0.99,10000,10,34,0.00290133,0.000669372,0.9461360046041886,0.974127775511178
230151.0,439,0.171002,0.401258,0.99,10000,10,27,0.00124526,0.00134699,0.9647117583322716,0.9632986376274667
211777.0,500,0.0857256,0.789739,0.99,10000,10,40,0.00476999,0.000318387,0.9309348857960837,0.9821565978580317
200000.0,455,0.0957756,0.8,0.981921,10000,10,31,0.00422511,0.000427055,0.9349991538516613,0.9793346909048037
200000.0,455,0.0957756,0.8,0.99,10000,10,31,0.00426079,0.000389266,0.9347252728845229,0.9802701748613932
200000.0,500,0.100901,0.599682,0.989668,10000,10,34,0.0032864,0.00057283,0.9426728685524908,0.976066132782185
200000.0,425,0.278906,0.314093,0.99,10000,10,40,0.000195059,0.00261128,0.9860336475771231,0.9488993150730834
774561.0,500,0.0312982,0.677539,0.99,10000,10,25,0.00754149,0.000118582,0.913158247369137,0.9891104637380649
241069.0,359,0.144602,0.519488,0.989668,10000,10,44,0.00160442,0.00121426,0.9599447881044176,0.9651537663441226
200000.0,498,0.0736007,0.793501,0.99,10000,10,31,0.00457676,0.000339806,0.9323482446643104,0.9815661723996344
221934.0,303,0.278906,0.303161,0.99,10000,10,40,1.43786e-09,0.00680334,0.9999620808755375,0.9175176382491383
200000.0,400,0.167332,0.545837,0.99,10000,10,32,0.00191857,0.00104169,0.9561985160068749,0.9677247773051835
774561.0,456,0.0312982,0.8,0.99,10000,10,22,0.00773964,0.00010415,0.9120247762151183,0.9897946092676468
270318.0,500,0.0632177,0.769663,0.99,10000,10,43,0.00520986,0.000271332,0.9278206400693384,0.9835278416714749
232381.0,272,0.278906,0.303161,0.99,10000,10,31,2.77015e-11,0.00903543,0.999994736778553,0.904945121114169
303812.0,500,0.0608075,0.8,0.99,10000,10,36,0.0056941,0.000226713,0.9245407394682402,0.9849430082685817
208964.0,330,0.171002,0.581226,0.99,10000,10,37,0.00141941,0.00128129,0.9623249419376692,0.9642048886019333
221934.0,311,0.278906,0.303161,0.99,10000,10,40,6.01172e-09,0.00620057,0.9999224647177086,0.9212563018394487
200000.0,288,0.20775,0.582562,0.99,10000,10,32,0.000854577,0.0017535,0.9707668510078028,0.9581251865675798
208964.0,330,0.168269,0.546727,0.99,10000,10,37,0.00115066,0.00146695,0.9660786203110782,0.9616992167181923
232381.0,287,0.278906,0.303161,0.99,10000,10,40,3.11968e-10,0.00757344,0.9999823373841122,0.9129744864996477
230688.0,316,0.289576,0.303161,0.99,10000,10,40,5.41733e-08,0.00539538,0.9997672484156874,0.9265467495613706
207830.0,332,0.278906,0.314093,0.99,10000,10,38,2.68576e-07,0.00482409,0.9994817568138412,0.9305443306849613
200000.0,400,0.142959,0.596091,0.99,10000,10,42,0.00226059,0.000863805,0.9524543377372867,0.9706094402911412
221961.0,288,0.20775,0.540307,0.989632,10000,10,46,0.000788503,0.00185022,0.9719197044175101,0.9569858162927622
208964.0,313,0.168269,0.699554,0.99,10000,10,40,0.00213039,0.0010408,0.9538438519804783,0.9677385679177133
589331.0,495,0.0312982,0.782911,0.99,10000,10,25,0.0072605,0.00012701,0.9147914323556604,0.9887301286608942
200000.0,383,0.264691,0.314093,0.99,10000,10,38,2.91136e-05,0.00329308,0.9946042980067464,0.9426146360123071
200000.0,335,0.315941,0.314093,0.986247,10000,10,39,1.59091e-07,0.00511154,0.9996011378684307,0.9285049652073656
200000.0,335,0.315941,0.314093,0.986247,10000,10,39,1.59091e-07,0.00511154,0.9996011378684307,0.9285049652073656
600448.0,500,0.0321285,0.782911,0.99,10000,10,25,0.00733104,0.000121207,0.9143785073711046,0.9889905949297885
208964.0,313,0.168269,0.546727,0.99,10000,10,40,0.000961606,0.00165033,0.9689902273468508,0.9593757461606985
200000.0,437,0.108219,0.705174,0.99,10000,10,33,0.00344493,0.000531709,0.9413064739515506,0.9769411838985607
200000.0,477,0.100901,0.604648,0.989668,10000,10,34,0.00311824,0.000632089,0.9441587965745722,0.9748586197674034
345356.0,500,0.0608075,0.777013,0.99,10000,10,36,0.00595795,0.000217875,0.9228122419032655,0.9852394105808745
227320.0,355,0.144602,0.60791,0.99,10000,10,36,0.00214383,0.000943015,0.953698488145634,0.9692914507017997
200000.0,227,0.325049,0.495913,0.99,10000,10,46,1.5177e-05,0.0039854,0.9961042330665195,0.9368699754474941
209661.0,416,0.121461,0.66361,0.99,10000,10,38,0.00306764,0.0006342,0.9446137201104823,0.9748166721817787
200000.0,389,0.148823,0.519696,0.989668,10000,10,34,0.00150413,0.00122849,0.9612168851173607,0.964950178317144
230151.0,388,0.264691,0.314093,0.99,10000,10,39,0.000155489,0.00274251,0.9875304771542773,0.9476310206324393
348554.0,500,0.0608075,0.8,0.99,10000,10,36,0.00611425,0.000208129,0.9218063301794832,0.985573323321014
451709.0,500,0.0583769,0.790469,0.99,10000,10,27,0.00684269,0.000182439,0.9172794463268046,0.9864930018138744
320052.0,500,0.0608075,0.8,0.99,10000,10,38,0.00585036,0.000218589,0.9235123539386915,0.9852152443374941
200000.0,400,0.167332,0.441857,0.99,10000,10,32,0.000967233,0.00158512,0.9688996302272787,0.9601864344726574
222979.0,272,0.278906,0.303161,0.99,10000,10,33,1.58516e-11,0.00960478,0.9999960185932134,0.9019960204889618
200000.0,491,0.01,0.798245,0.99,198240,12,39,0.00999989,1.41472e-09,0.9000005500015125,0.999962387236209
200000.0,491,0.01,0.798245,0.99,198240,12,39,0.00999989,1.41472e-09,0.9000005500015125,0.999962387236209
222979.0,272,0.278906,0.303161,0.99,10000,10,33,1.58516e-11,0.00960478,0.9999960185932134,0.9019960204889618
774561.0,500,0.0312982,0.782911,0.99,10000,10,25,0.00791659,9.22515e-05,0.9110247787302554,0.9903952355572873
275595.0,478,0.161633,0.738905,0.99,198240,10,39,0.0097664,7.69383e-05,0.9011749019732336,0.9912285520009522
207830.0,374,0.259314,0.290364,0.99,10000,10,43,1.76876e-06,0.00421735,0.9986700526326203,0.9350588728154492
221934.0,285,0.278906,0.303161,0.989676,10000,10,40,7.07973e-11,0.00838745,0.999991585886856,0.908416977555881
207830.0,319,0.278906,0.314093,0.99,10000,10,43,2.98664e-08,0.00559324,0.9998271810195609,0.9252120330534384
200000.0,371,0.227877,0.314093,0.99,10000,10,43,1.42896e-05,0.00370273,0.9962198412731739,0.9391499383730797
207830.0,332,0.319302,0.282976,0.99,10000,10,38,4.32916e-10,0.00695603,0.9999791933664424,0.9165971823017951
200000.0,288,0.20775,0.531124,0.989632,10000,10,30,0.000519409,0.00210736,0.9772094537143139,0.9540940091055644
232381.0,272,0.278906,0.303161,0.99,10000,10,40,2.84276e-11,0.00903261,0.9999946682460672,0.9049599558080911
232381.0,287,0.278906,0.303161,0.99,10000,10,40,3.11968e-10,0.00757344,0.9999823373841122,0.9129744864996477
200000.0,335,0.357166,0.314093,0.99,10000,10,40,3.53346e-07,0.00477151,0.999405570862087,0.9309238825642321
221934.0,311,0.278906,0.303161,0.99,10000,10,40,6.01172e-09,0.00620057,0.9999224647177086,0.9212563018394487
295727.0,327,0.278906,0.303161,0.99,10000,10,40,9.04021e-05,0.00322146,0.9904919981068576,0.9432420930618474
204936.0,467,0.108024,0.705174,0.989612,10000,10,32,0.00388642,0.000467996,0.937658841845856,0.9783667847974463
225650.0,259,0.213971,0.528702,0.99,10000,10,46,0.000405437,0.00235277,0.9798645337774364,0.9514946394714976
201435.0,287,0.278906,0.303161,0.99,10000,10,40,2.57657e-11,0.00940901,0.9999949240074862,0.902999948453622
200000.0,498,0.0736007,0.793501,0.99,10000,10,31,0.00457676,0.000339806,0.9323482446643104,0.9815661723996344
209810.0,373,0.121461,0.66361,0.99,10000,10,37,0.00253339,0.000794503,0.9496672075084245,0.9718130704048845
230151.0,383,0.264691,0.314093,0.99,10000,10,39,0.000129142,0.00279145,0.9886359338263102,0.947165825453595
200000.0,400,0.142959,0.596091,0.99,10000,10,42,0.00226059,0.000863805,0.9524543377372867,0.9706094402911412
200000.0,302,0.20775,0.531124,0.989632,10000,10,30,0.000672149,0.00189672,0.9740741634657626,0.9564486509967831
390840.0,500,0.0608075,0.777013,0.99,10000,10,36,0.006351,0.000204385,0.9203068384364129,0.985703671800074
204936.0,451,0.108024,0.705174,0.989812,10000,10,32,0.00368933,0.000493241,0.9392601448799884,0.9777909703048512
303812.0,500,0.0608075,0.8,0.99,10000,10,36,0.0056941,0.000226713,0.9245407394682402,0.9849430082685817
211777.0,500,0.0857256,0.789739,0.99,10000,10,40,0.00476999,0.000318387,0.9309348857960837,0.9821565978580317
234529.0,414,0.12164,0.582404,0.99,10000,10,47,0.00270394,0.000737091,0.9480005769262774,0.9728505801166949
217853.0,338,0.144602,0.60791,0.99,10000,10,41,0.00178686,0.0010977,0.9577287331630574,0.9668684440449894
231119.0,284,0.278906,0.303161,0.99,10000,10,40,1.40227e-10,0.00793089,0.9999881582518183,0.9109444555347619
242924.0,500,0.0608075,0.784739,0.99,10000,10,33,0.00503525,0.000300157,0.9290405045113763,0.9826749603175058
232381.0,282,0.278906,0.303161,0.99,10000,10,43,1.16802e-10,0.00804496,0.9999891925026023,0.9103062989948569
200000.0,455,0.0957756,0.8,0.981921,10000,10,31,0.00422511,0.000427055,0.9349991538516613,0.9793346909048037
200000.0,455,0.0957756,0.8,0.99,10000,10,31,0.00426079,0.000389266,0.9347252728845229,0.9802701748613932
207830.0,367,0.278906,0.314093,0.99,10000,10,38,1.70399e-05,0.00345269,0.9958720586244473,0.9412404050388364
241069.0,359,0.144602,0.519488,0.989668,10000,10,44,0.00160442,0.00121426,0.9599447881044176,0.9651537663441226
451709.0,500,0.0583769,0.790469,0.99,10000,10,27,0.00684269,0.000182439,0.9172794463268046,0.9864930018138744
348554.0,500,0.0608075,0.8,0.99,10000,10,36,0.00611425,0.000208129,0.9218063301794832,0.985573323321014
221934.0,303,0.278906,0.303161,0.99,10000,10,40,1.43786e-09,0.00680334,0.9999620808755375,0.9175176382491383
200000.0,400,0.167332,0.545837,0.99,10000,10,32,0.00191857,0.00104169,0.9561985160068749,0.9677247773051835
200000.0,437,0.108219,0.705174,0.99,10000,10,33,0.00344493,0.000531709,0.9413064739515506,0.9769411838985607
270318.0,500,0.0632177,0.769663,0.99,10000,10,43,0.00520986,0.000271332,0.9278206400693384,0.9835278416714749
232381.0,272,0.278906,0.303161,0.99,10000,10,31,2.77015e-11,0.00903543,0.999994736778553,0.904945121114169
221934.0,311,0.278906,0.303161,0.99,10000,10,40,6.01172e-09,0.00620057,0.9999224647177086,0.9212563018394487
277185.0,272,0.278906,0.303161,0.99,10000,10,39,4.43336e-09,0.00656711,0.999933416518565,0.9189622927273976
200000.0,288,0.20775,0.582562,0.99,10000,10,32,0.000854577,0.0017535,0.9707668510078028,0.9581251865675798
200000.0,400,0.167332,0.441857,0.99,10000,10,32,0.000967233,0.00158512,0.9688996302272787,0.9601864344726574
232381.0,287,0.278906,0.303161,0.99,10000,10,40,3.11968e-10,0.00757344,0.9999823373841122,0.9129744864996477
208964.0,330,0.168269,0.546727,0.99,10000,10,37,0.00115066,0.00146695,0.9660786203110782,0.9616992167181923
270476.0,500,0.0634958,0.8,0.99,10000,10,46,0.00537681,0.000250005,0.9266732654484056,0.9841884535860657
221961.0,288,0.20775,0.540307,0.989632,10000,10,46,0.000788503,0.00185022,0.9719197044175101,0.9569858162927622
208964.0,313,0.168269,0.699554,0.99,10000,10,40,0.00213039,0.0010408,0.9538438519804783,0.9677385679177133
589331.0,495,0.0312982,0.782911,0.99,10000,10,25,0.0072605,0.00012701,0.9147914323556604,0.9887301286608942
227320.0,355,0.144602,0.60791,0.99,10000,10,36,0.00214383,0.000943015,0.953698488145634,0.9692914507017997
200000.0,383,0.264691,0.314093,0.99,10000,10,38,2.91136e-05,0.00329308,0.9946042980067464,0.9426146360123071
275595.0,478,0.157791,0.798245,0.99,198240,10,39,0.00978378,6.71621e-05,0.9010870079312125,0.9918047513765597
410246.0,500,0.0608075,0.8,0.99,10000,10,36,0.00662724,0.000193403,0.918592137971815,0.9860930592868166
230688.0,323,0.289576,0.303161,0.99,10000,10,40,1.94432e-07,0.00495954,0.9995590555590553,0.9295759984096331
207830.0,324,0.278906,0.314093,0.99,10000,10,40,7.09323e-08,0.00528134,0.9997336688151943,0.9273271715150704
600448.0,500,0.0321285,0.782911,0.99,10000,10,25,0.00733104,0.000121207,0.9143785073711046,0.9889905949297885
200000.0,491,0.104123,0.798245,0.99,197644,12,39,0.00999883,2.00565e-06,0.9000058501711226,0.9985837902697693
200000.0,267,0.20775,0.531124,0.989632,10000,10,30,0.000317825,0.00248519,0.9821723529314719,0.9501483199881889
345356.0,500,0.0608075,0.777013,0.99,10000,10,36,0.00595795,0.000217875,0.9228122419032655,0.9852394105808745
320052.0,500,0.0608075,0.8,0.99,10000,10,38,0.00585036,0.000218589,0.9235123539386915,0.9852152443374941
230151.0,439,0.171002,0.401258,0.99,10000,10,27,0.00124526,0.00134699,0.9647117583322716,0.9632986376274667
580212.0,459,0.0320444,0.790469,0.99,10000,10,28,0.00704604,0.000150227,0.916059306650469,0.9877432875533445
209661.0,412,0.121461,0.648188,0.99,10000,10,33,0.00290129,0.000669382,0.9461363759110102,0.9741275822544548
209661.0,416,0.121461,0.66361,0.99,10000,10,38,0.00306764,0.0006342,0.9446137201104823,0.9748166721817787
200000.0,389,0.148823,0.519696,0.989668,10000,10,34,0.00150413,0.00122849,0.9612168851173607,0.964950178317144
230151.0,408,0.264691,0.314093,0.99,10000,10,39,0.000287398,0.00250663,0.9830471831249199,0.9499337438987095
230151.0,388,0.264691,0.314093,0.99,10000,10,39,0.000155489,0.00274251,0.9875304771542773,0.9476310206324393
208964.0,330,0.171002,0.581226,0.99,10000,10,37,0.00141941,0.00128129,0.9623249419376692,0.9642048886019333
277185.0,272,0.278906,0.303161,0.99,10000,10,39,4.43336e-09,0.00656711,0.999933416518565,0.9189622927273976
774561.0,456,0.0312982,0.8,0.99,10000,10,22,0.00773964,0.00010415,0.9120247762151183,0.9897946092676468
580212.0,456,0.0320444,0.787962,0.99,10000,10,28,0.0070199,0.00015375,0.9162151565019067,0.9876004032323628
205583.0,451,0.108024,0.646566,0.989812,10000,10,32,0.00323229,0.000580148,0.9431467679019038,0.9759137383556518
200000.0,425,0.278906,0.314093,0.99,10000,10,40,0.000195059,0.00261128,0.9860336475771231,0.9488993150730834
412373.0,500,0.0608075,0.8,0.99,10000,10,36,0.00664349,0.000192979,0.9184923929930463,0.9861083118376491
222979.0,272,0.278906,0.303161,0.99,10000,10,33,1.58516e-11,0.00960478,0.9999960185932134,0.9019960204889618
200000.0,491,0.01,0.798245,0.99,198240,12,39,0.00999989,1.41472e-09,0.9000005500015125,0.999962387236209
200000.0,491,0.01,0.798245,0.99,198240,12,39,0.00999989,1.41472e-09,0.9000005500015125,0.999962387236209
222979.0,272,0.278906,0.303161,0.99,10000,10,33,1.58516e-11,0.00960478,0.9999960185932134,0.9019960204889618
774561.0,500,0.0312982,0.782911,0.99,10000,10,25,0.00791659,9.22515e-05,0.9110247787302554,0.9903952355572873
264114.0,500,0.157791,0.798245,0.99,172557,10,39,0.00968372,9.14778e-05,0.9015941058675854,0.9904355972481289
221934.0,285,0.278906,0.303161,0.989676,10000,10,40,7.07973e-11,0.00838745,0.999991585886856,0.908416977555881
207830.0,319,0.278906,0.314093,0.99,10000,10,43,2.98664e-08,0.00559324,0.9998271810195609,0.9252120330534384
200000.0,369,0.285149,0.314093,0.99,10000,10,38,1.07199e-05,0.00357684,0.9967258741624672,0.9401933114108464
207830.0,332,0.319302,0.282976,0.99,10000,10,38,4.32916e-10,0.00695603,0.9999791933664424,0.9165971823017951
200000.0,354,0.264691,0.314093,0.99,10000,10,38,2.26216e-06,0.00414652,0.9984959521284215,0.9356065220693897
232381.0,272,0.278906,0.303161,0.99,10000,10,40,2.84276e-11,0.00903261,0.9999946682460672,0.9049599558080911
232381.0,287,0.278906,0.303161,0.99,10000,10,40,3.11968e-10,0.00757344,0.9999823373841122,0.9129744864996477
200000.0,333,0.257188,0.301615,0.99,10000,10,43,1.03754e-08,0.00599319,0.9998981402925589,0.9225843039170996
774561.0,456,0.0312982,0.8,0.99,10000,10,22,0.00773964,0.00010415,0.9120247762151183,0.9897946092676468
200000.0,400,0.167332,0.441857,0.99,10000,10,32,0.000967233,0.00158512,0.9688996302272787,0.9601864344726574
201435.0,287,0.278906,0.303161,0.99,10000,10,40,2.57657e-11,0.00940901,0.9999949240074862,0.902999948453622
200000.0,288,0.20775,0.531124,0.989632,10000,10,30,0.000519409,0.00210736,0.9772094537143139,0.9540940091055644
200000.0,498,0.0736007,0.793501,0.99,10000,10,31,0.00457676,0.000339806,0.9323482446643104,0.9815661723996344
232381.0,320,0.249595,0.31564,0.99,10000,10,43,1.43681e-06,0.00448408,0.9988013299036015,0.9330367264838404
223666.0,371,0.251579,0.314093,0.99,10000,10,41,5.47012e-05,0.00313066,0.9926039740400672,0.9440476988855686
207830.0,324,0.278906,0.314093,0.99,10000,10,40,7.09323e-08,0.00528134,0.9997336688151943,0.9273271715150704
200000.0,437,0.108219,0.705174,0.99,10000,10,33,0.00344493,0.000531709,0.9413064739515506,0.9769411838985607
200000.0,302,0.20775,0.531124,0.989632,10000,10,30,0.000672149,0.00189672,0.9740741634657626,0.9564486509967831
208964.0,330,0.168269,0.546727,0.99,10000,10,37,0.00115066,0.00146695,0.9660786203110782,0.9616992167181923
230151.0,383,0.264691,0.314093,0.99,10000,10,39,0.000129142,0.00279145,0.9886359338263102,0.947165825453595
209810.0,373,0.121461,0.66361,0.99,10000,10,37,0.00253339,0.000794503,0.9496672075084245,0.9718130704048845
600448.0,500,0.0321285,0.782911,0.99,10000,10,25,0.00733104,0.000121207,0.9143785073711046,0.9889905949297885
200000.0,335,0.357166,0.314093,0.99,10000,10,40,3.53346e-07,0.00477151,0.999405570862087,0.9309238825642321
217853.0,338,0.144602,0.60791,0.99,10000,10,41,0.00178686,0.0010977,0.9577287331630574,0.9668684440449894
231119.0,284,0.278906,0.303161,0.99,10000,10,40,1.40227e-10,0.00793089,0.9999881582518183,0.9109444555347619
205583.0,451,0.108024,0.646566,0.989812,10000,10,32,0.00323229,0.000580148,0.9431467679019038,0.9759137383556518
209661.0,412,0.121461,0.648188,0.99,10000,10,33,0.00290129,0.000669382,0.9461363759110102,0.9741275822544548
230151.0,439,0.171002,0.401258,0.99,10000,10,27,0.00124526,0.00134699,0.9647117583322716,0.9632986376274667
200000.0,455,0.0957756,0.8,0.981921,10000,10,31,0.00422511,0.000427055,0.9349991538516613,0.9793346909048037
200000.0,288,0.20775,0.582562,0.99,10000,10,32,0.000854577,0.0017535,0.9707668510078028,0.9581251865675798
270476.0,500,0.0634958,0.8,0.99,10000,10,46,0.00537681,0.000250005,0.9266732654484056,0.9841884535860657
209661.0,416,0.121461,0.66361,0.99,10000,10,38,0.00306764,0.0006342,0.9446137201104823,0.9748166721817787
241069.0,359,0.144602,0.519488,0.989668,10000,10,44,0.00160442,0.00121426,0.9599447881044176,0.9651537663441226
451709.0,500,0.0583769,0.790469,0.99,10000,10,27,0.00684269,0.000182439,0.9172794463268046,0.9864930018138744
204936.0,467,0.108024,0.705174,0.989612,10000,10,32,0.00388642,0.000467996,0.937658841845856,0.9783667847974463
348554.0,500,0.0608075,0.8,0.99,10000,10,36,0.00611425,0.000208129,0.9218063301794832,0.985573323321014
200000.0,400,0.167332,0.545837,0.99,10000,10,32,0.00191857,0.00104169,0.9561985160068749,0.9677247773051835
270318.0,500,0.0632177,0.769663,0.99,10000,10,43,0.00520986,0.000271332,0.9278206400693384,0.9835278416714749
232381.0,272,0.278906,0.303161,0.99,10000,10,31,2.77015e-11,0.00903543,0.999994736778553,0.904945121114169
208964.0,330,0.171002,0.581226,0.99,10000,10,37,0.00141941,0.00128129,0.9623249419376692,0.9642048886019333
221934.0,311,0.278906,0.303161,0.99,10000,10,40,6.01172e-09,0.00620057,0.9999224647177086,0.9212563018394487
277185.0,272,0.278906,0.303161,0.99,10000,10,39,4.43336e-09,0.00656711,0.999933416518565,0.9189622927273976
225650.0,259,0.213971,0.528702,0.99,10000,10,46,0.000405437,0.00235277,0.9798645337774364,0.9514946394714976
200000.0,425,0.278906,0.314093,0.99,10000,10,40,0.000195059,0.00261128,0.9860336475771231,0.9488993150730834
211777.0,500,0.0857256,0.789739,0.99,10000,10,40,0.00476999,0.000318387,0.9309348857960837,0.9821565978580317
232381.0,287,0.278906,0.303161,0.99,10000,10,40,3.11968e-10,0.00757344,0.9999823373841122,0.9129744864996477
200000.0,280,0.20775,0.531124,0.99,10000,10,28,0.000439372,0.00223755,0.979038797744404,0.9526972516654687
221934.0,303,0.278906,0.303161,0.99,10000,10,40,1.43786e-09,0.00680334,0.9999620808755375,0.9175176382491383
201435.0,301,0.278065,0.303161,0.99,10000,10,40,1.12645e-10,0.00813633,0.9999893865651177,0.9097983924755219
200000.0,455,0.0957756,0.8,0.99,10000,10,31,0.00426079,0.000389266,0.9347252728845229,0.9802701748613932
207830.0,374,0.259314,0.290364,0.99,10000,10,43,1.76876e-06,0.00421735,0.9986700526326203,0.9350588728154492
201551.0,400,0.142959,0.596091,0.99,10000,10,37,0.00228397,0.000858223,0.952209101284868,0.9707045566683145
293561.0,500,0.0608075,0.8,0.99,10000,10,36,0.00559426,0.000233027,0.9252052140854725,0.9847347780887404
207830.0,324,0.349636,0.314093,0.99,10000,10,40,1.33022e-07,0.00506142,0.9996352781882036,0.9288563425174106
221961.0,288,0.20775,0.540307,0.989632,10000,10,46,0.000788503,0.00185022,0.9719197044175101,0.9569858162927622
208964.0,313,0.168269,0.699554,0.99,10000,10,40,0.00213039,0.0010408,0.9538438519804783,0.9677385679177133
589331.0,495,0.0312982,0.782911,0.99,10000,10,25,0.0072605,0.00012701,0.9147914323556604,0.9887301286608942
227320.0,355,0.144602,0.60791,0.99,10000,10,36,0.00214383,0.000943015,0.953698488145634,0.9692914507017997
207830.0,367,0.278906,0.314093,0.99,10000,10,38,1.70399e-05,0.00345269,0.9958720586244473,0.9412404050388364
275595.0,478,0.157791,0.798245,0.99,198240,10,39,0.00978378,6.71621e-05,0.9010870079312125,0.9918047513765597
234529.0,414,0.12164,0.582404,0.99,10000,10,47,0.00270394,0.000737091,0.9480005769262774,0.9728505801166949
230688.0,323,0.289576,0.303161,0.99,10000,10,40,1.94432e-07,0.00495954,0.9995590555590553,0.9295759984096331
400097.0,500,0.0608075,0.8,0.99,10000,10,38,0.0065484,0.000195462,0.9190778151555459,0.9860192274891549
204936.0,451,0.108024,0.705174,0.989812,10000,10,32,0.00368933,0.000493241,0.9392601448799884,0.9777909703048512
222180.0,500,0.0857256,0.789739,0.99,10000,10,40,0.00492068,0.00031112,0.929852441239912,0.9823614059517205
200000.0,491,0.104123,0.798245,0.99,197644,12,39,0.00999883,2.00565e-06,0.9000058501711226,0.9985837902697693
200000.0,267,0.20775,0.531124,0.989632,10000,10,30,0.000317825,0.00248519,0.9821723529314719,0.9501483199881889
345356.0,500,0.0608075,0.777013,0.99,10000,10,36,0.00595795,0.000217875,0.9228122419032655,0.9852394105808745
320052.0,500,0.0608075,0.8,0.99,10000,10,38,0.00585036,0.000218589,0.9235123539386915,0.9852152443374941
303812.0,500,0.0608075,0.8,0.99,10000,10,36,0.0056941,0.000226713,0.9245407394682402,0.9849430082685817
580212.0,459,0.0320444,0.790469,0.99,10000,10,28,0.00704604,0.000150227,0.916059306650469,0.9877432875533445
200000.0,389,0.148823,0.519696,0.989668,10000,10,34,0.00150413,0.00122849,0.9612168851173607,0.964950178317144
230151.0,408,0.264691,0.314093,0.99,10000,10,39,0.000287398,0.00250663,0.9830471831249199,0.9499337438987095
230151.0,388,0.264691,0.314093,0.99,10000,10,39,0.000155489,0.00274251,0.9875304771542773,0.9476310206324393
200000.0,491,0.01,0.798245,0.99,198240,12,39,0.00999989,1.41472e-09,0.9000005500015125,0.999962387236209
223389.0,284,0.278906,0.289175,0.99,10000,10,40,1.09618e-11,0.0096982,0.9999966891390848,0.9015205605214976
200000.0,491,0.01,0.798245,0.99,198240,12,39,0.00999989,1.41472e-09,0.9000005500015125,0.999962387236209
264114.0,500,0.157791,0.798245,0.99,172557,10,39,0.00968372,9.14778e-05,0.9015941058675854,0.9904355972481289
774561.0,500,0.0312982,0.782911,0.99,10000,10,25,0.00791659,9.22515e-05,0.9110247787302554,0.9903952355572873
400097.0,500,0.0608075,0.8,0.99,10000,10,38,0.0065484,0.000195462,0.9190778151555459,0.9860192274891549
218493.0,284,0.278906,0.303161,0.99,10000,10,40,4.82049e-11,0.00866485,0.9999930570251333,0.9069148239513939
207830.0,332,0.319302,0.282976,0.99,10000,10,38,4.32916e-10,0.00695603,0.9999791933664424,0.9165971823017951
232381.0,287,0.278906,0.303161,0.99,10000,10,40,3.11968e-10,0.00757344,0.9999823373841122,0.9129744864996477
348554.0,500,0.0608075,0.8,0.99,10000,10,37,0.00611424,0.000208126,0.9218063941233045,0.9855734272954385
204936.0,467,0.108024,0.705174,0.989612,10000,10,32,0.00388642,0.000467996,0.937658841845856,0.9783667847974463
277185.0,272,0.278906,0.303161,0.99,10000,10,39,4.43336e-09,0.00656711,0.999933416518565,0.9189622927273976
201435.0,287,0.278906,0.303161,0.99,10000,10,40,2.57657e-11,0.00940901,0.9999949240074862,0.902999948453622
200000.0,288,0.20775,0.531124,0.989632,10000,10,30,0.000519409,0.00210736,0.9772094537143139,0.9540940091055644
200000.0,400,0.167332,0.441857,0.99,10000,10,32,0.000967233,0.00158512,0.9688996302272787,0.9601864344726574
231119.0,284,0.278906,0.303161,0.99,10000,10,40,1.40227e-10,0.00793089,0.9999881582518183,0.9109444555347619
207830.0,324,0.278906,0.314093,0.99,10000,10,40,7.09323e-08,0.00528134,0.9997336688151943,0.9273271715150704
209810.0,373,0.121461,0.66361,0.99,10000,10,37,0.00253339,0.000794503,0.9496672075084245,0.9718130704048845
451709.0,500,0.0583769,0.790469,0.99,10000,10,27,0.00684269,0.000182439,0.9172794463268046,0.9864930018138744
201551.0,400,0.142959,0.596091,0.99,10000,10,37,0.00228397,0.000858223,0.952209101284868,0.9707045566683145
270318.0,500,0.0632177,0.769663,0.99,10000,10,43,0.00520986,0.000271332,0.9278206400693384,0.9835278416714749
207830.0,319,0.278906,0.314093,0.99,10000,10,43,2.98664e-08,0.00559324,0.9998271810195609,0.9252120330534384
230151.0,439,0.171002,0.401258,0.99,10000,10,27,0.00124526,0.00134699,0.9647117583322716,0.9632986376274667
204936.0,451,0.108024,0.705174,0.989812,10000,10,32,0.00368933,0.000493241,0.9392601448799884,0.9777909703048512
241069.0,359,0.144602,0.519488,0.989668,10000,10,44,0.00160442,0.00121426,0.9599447881044176,0.9651537663441226
600448.0,500,0.0321285,0.782911,0.99,10000,10,25,0.00733104,0.000121207,0.9143785073711046,0.9889905949297885
234529.0,414,0.12164,0.582404,0.99,10000,10,47,0.00270394,0.000737091,0.9480005769262774,0.9728505801166949
200000.0,437,0.171002,0.452694,0.99,10000,10,27,0.00141164,0.0012237,0.9624282020659112,0.9650185763583012
217853.0,338,0.144602,0.60791,0.99,10000,10,41,0.00178686,0.0010977,0.9577287331630574,0.9668684440449894
226636.0,334,0.278906,0.303161,0.99,10000,10,40,6.66651e-07,0.00456003,0.9991835130129635,0.9324720058049997
222180.0,500,0.0857256,0.789739,0.99,10000,10,40,0.00492068,0.00031112,0.929852441239912,0.9823614059517205
580212.0,459,0.0320444,0.790469,0.99,10000,10,28,0.00704604,0.000150227,0.916059306650469,0.9877432875533445
209661.0,412,0.121461,0.648188,0.99,10000,10,33,0.00290129,0.000669382,0.9461363759110102,0.9741275822544548
234127.0,333,0.270618,0.314093,0.99,10000,10,38,7.19421e-06,0.00389291,0.9973177975467911,0.9376068112691778
200000.0,369,0.285149,0.314093,0.99,10000,10,38,1.07199e-05,0.00357684,0.9967258741624672,0.9401933114108464
200000.0,455,0.0957756,0.8,0.99,10000,10,31,0.00426079,0.000389266,0.9347252728845229,0.9802701748613932
230151.0,383,0.264691,0.314093,0.99,10000,10,39,0.000129142,0.00279145,0.9886359338263102,0.947165825453595
270476.0,500,0.0634958,0.8,0.99,10000,10,46,0.00537681,0.000250005,0.9266732654484056,0.9841884535860657
209661.0,416,0.121461,0.66361,0.99,10000,10,38,0.00306764,0.0006342,0.9446137201104823,0.9748166721817787
774561.0,456,0.0312982,0.8,0.99,10000,10,22,0.00773964,0.00010415,0.9120247762151183,0.9897946092676468
221934.0,317,0.278906,0.303161,0.99,10000,10,40,1.80088e-08,0.00578088,0.9998658031296938,0.9239679015152154
200000.0,400,0.167332,0.545837,0.99,10000,10,32,0.00191857,0.00104169,0.9561985160068749,0.9677247773051835
221934.0,303,0.278906,0.303161,0.99,10000,10,40,1.43786e-09,0.00680334,0.9999620808755375,0.9175176382491383
232381.0,272,0.278906,0.303161,0.99,10000,10,31,2.77015e-11,0.00903543,0.999994736778553,0.904945121114169
232381.0,272,0.278906,0.303161,0.99,10000,10,40,2.84276e-11,0.00903261,0.9999946682460672,0.9049599558080911
200000.0,455,0.0957756,0.8,0.981921,10000,10,29,0.00422501,0.00042707,0.9349999230769686,0.9793343279809245
200000.0,312,0.369922,0.314093,0.99,10000,10,40,5.48616e-09,0.00622931,0.999925931383164,0.9210740220206299
225650.0,259,0.213971,0.528702,0.99,10000,10,46,0.000405437,0.00235277,0.9798645337774364,0.9514946394714976
200000.0,425,0.278906,0.314093,0.99,10000,10,40,0.000195059,0.00261128,0.9860336475771231,0.9488993150730834
211777.0,500,0.0857256,0.789739,0.99,10000,10,40,0.00476999,0.000318387,0.9309348857960837,0.9821565978580317
223666.0,371,0.251579,0.314093,0.99,10000,10,41,5.47012e-05,0.00313066,0.9926039740400672,0.9440476988855686
200000.0,437,0.108219,0.705174,0.99,10000,10,33,0.00344493,0.000531709,0.9413064739515506,0.9769411838985607
201435.0,341,0.278065,0.350334,0.99,10000,10,40,3.15471e-05,0.00331885,0.9943833194856748,0.9423905389714502
200000.0,283,0.342343,0.328438,0.99,10000,10,40,2.40396e-10,0.00760179,0.9999844952910378,0.9128117553795237
200000.0,280,0.20775,0.531124,0.99,10000,10,28,0.000439372,0.00223755,0.979038797744404,0.9526972516654687
275595.0,478,0.157791,0.798245,0.99,198240,10,39,0.00978378,6.71621e-05,0.9010870079312125,0.9918047513765597
200000.0,349,0.285149,0.314093,0.99,10000,10,38,1.16932e-06,0.00429594,0.9989186489931572,0.9344565792775507
227320.0,355,0.144602,0.60791,0.99,10000,10,36,0.00214383,0.000943015,0.953698488145634,0.9692914507017997
293561.0,500,0.0608075,0.8,0.99,10000,10,36,0.00559426,0.000233027,0.9252052140854725,0.9847347780887404
200000.0,498,0.0736007,0.793501,0.99,10000,10,31,0.00457676,0.000339806,0.9323482446643104,0.9815661723996344
200000.0,302,0.20775,0.531124,0.989632,10000,10,30,0.000672149,0.00189672,0.9740741634657626,0.9564486509967831
207830.0,324,0.349636,0.314093,0.99,10000,10,40,1.33022e-07,0.00506142,0.9996352781882036,0.9288563425174106
221961.0,288,0.20775,0.540307,0.989632,10000,10,46,0.000788503,0.00185022,0.9719197044175101,0.9569858162927622
208964.0,313,0.168269,0.699554,0.99,10000,10,40,0.00213039,0.0010408,0.9538438519804783,0.9677385679177133
589331.0,495,0.0312982,0.782911,0.99,10000,10,25,0.0072605,0.00012701,0.9147914323556604,0.9887301286608942
208964.0,330,0.168269,0.546727,0.99,10000,10,37,0.00115066,0.00146695,0.9660786203110782,0.9616992167181923
230688.0,323,0.289576,0.303161,0.99,10000,10,40,1.94432e-07,0.00495954,0.9995590555590553,0.9295759984096331
207830.0,367,0.278906,0.314093,0.99,10000,10,38,1.70399e-05,0.00345269,0.9958720586244473,0.9412404050388364
208964.0,328,0.168269,0.508152,0.99,10000,10,39,0.000863973,0.0017472,0.9706065823695168,0.958200478471638
221934.0,285,0.278906,0.303161,0.989676,10000,10,40,7.07973e-11,0.00838745,0.999991585886856,0.908416977555881
200000.0,267,0.20775,0.531124,0.989632,10000,10,30,0.000317825,0.00248519,0.9821723529314719,0.9501483199881889
345356.0,500,0.0608075,0.777013,0.99,10000,10,36,0.00595795,0.000217875,0.9228122419032655,0.9852394105808745
320052.0,500,0.0608075,0.8,0.99,10000,10,38,0.00585036,0.000218589,0.9235123539386915,0.9852152443374941
303812.0,500,0.0608075,0.8,0.99,10000,10,36,0.0056941,0.000226713,0.9245407394682402,0.9849430082685817
223666.0,371,0.251579,0.314093,0.99,10000,10,41,5.47012e-05,0.00313066,0.9926039740400672,0.9440476988855686
232381.0,331,0.249595,0.31564,0.99,10000,10,43,6.01646e-06,0.00402521,0.997547152674951,0.9365554572874861
200000.0,437,0.108219,0.695711,0.99,10000,10,33,0.00337362,0.00054616,0.9419171281701739,0.9766299336757467
200000.0,302,0.282663,0.301615,0.99,10000,10,43,8.49524e-11,0.00825895,0.9999907830373767,0.9091212346034565
230151.0,408,0.264691,0.314093,0.99,10000,10,39,0.000287398,0.00250663,0.9830471831249199,0.9499337438987095
230151.0,388,0.264691,0.314093,0.99,10000,10,39,0.000155489,0.00274251,0.9875304771542773,0.9476310206324393
200000.0,491,0.01,0.798245,0.99,198240,12,39,0.00999989,1.41472e-09,0.9000005500015125,0.999962387236209
223389.0,284,0.278906,0.289175,0.99,10000,10,40,1.09618e-11,0.0096982,0.9999966891390848,0.9015205605214976
200000.0,491,0.01,0.798245,0.99,198240,12,39,0.00999989,1.41472e-09,0.9000005500015125,0.999962387236209
275595.0,478,0.157791,0.798245,0.99,198240,10,39,0.00978378,6.71621e-05,0.9010870079312125,0.9918047513765597
774561.0,500,0.0254848,0.782911,0.99,10000,10,25,0.00788404,8.85352e-05,0.9112078832328004,0.9905906854659864
200000.0,312,0.369922,0.314093,0.99,10000,10,40,5.48616e-09,0.00622931,0.999925931383164,0.9210740220206299
207830.0,332,0.319302,0.282976,0.99,10000,10,38,4.32916e-10,0.00695603,0.9999791933664424,0.9165971823017951
232381.0,287,0.278906,0.303161,0.99,10000,10,40,3.11968e-10,0.00757344,0.9999823373841122,0.9129744864996477
218493.0,284,0.278906,0.303161,0.99,10000,10,40,4.82049e-11,0.00866485,0.9999930570251333,0.9069148239513939
221934.0,317,0.278906,0.303161,0.99,10000,10,40,1.80088e-08,0.00578088,0.9998658031296938,0.9239679015152154
231119.0,284,0.278906,0.303161,0.99,10000,10,40,1.40227e-10,0.00793089,0.9999881582518183,0.9109444555347619
209661.0,416,0.121461,0.66361,0.99,10000,10,38,0.00306764,0.0006342,0.9446137201104823,0.9748166721817787
277185.0,272,0.278906,0.303161,0.99,10000,10,39,4.43336e-09,0.00656711,0.999933416518565,0.9189622927273976
200000.0,400,0.167332,0.441857,0.99,10000,10,32,0.000967233,0.00158512,0.9688996302272787,0.9601864344726574
200000.0,498,0.0736007,0.793501,0.99,10000,10,31,0.00457676,0.000339806,0.9323482446643104,0.9815661723996344
226636.0,334,0.278906,0.303161,0.99,10000,10,40,6.66651e-07,0.00456003,0.9991835130129635,0.9324720058049997
207830.0,324,0.278906,0.314093,0.99,10000,10,40,7.09323e-08,0.00528134,0.9997336688151943,0.9273271715150704
348554.0,500,0.0608075,0.8,0.99,10000,10,37,0.00611424,0.000208126,0.9218063941233045,0.9855734272954385
482535.0,499,0.0321285,0.782911,0.99,10000,10,25,0.00682446,0.000163292,0.9173897100840337,0.9872214241795104
200000.0,302,0.20775,0.531124,0.989632,10000,10,30,0.000672149,0.00189672,0.9740741634657626,0.9564486509967831
208964.0,330,0.168269,0.546727,0.99,10000,10,37,0.00115066,0.00146695,0.9660786203110782,0.9616992167181923
270318.0,500,0.0632177,0.769663,0.99,10000,10,43,0.00520986,0.000271332,0.9278206400693384,0.9835278416714749
230688.0,323,0.289576,0.303161,0.99,10000,10,40,1.94432e-07,0.00495954,0.9995590555590553,0.9295759984096331
207830.0,319,0.278906,0.314093,0.99,10000,10,43,2.98664e-08,0.00559324,0.9998271810195609,0.9252120330534384
204936.0,451,0.108024,0.705174,0.989812,10000,10,32,0.00368933,0.000493241,0.9392601448799884,0.9777909703048512
241069.0,359,0.144602,0.519488,0.989668,10000,10,44,0.00160442,0.00121426,0.9599447881044176,0.9651537663441226
600448.0,500,0.0321285,0.782911,0.99,10000,10,25,0.00733104,0.000121207,0.9143785073711046,0.9889905949297885
200000.0,455,0.0957756,0.8,0.99,10000,10,31,0.00426079,0.000389266,0.9347252728845229,0.9802701748613932
217853.0,338,0.144602,0.60791,0.99,10000,10,41,0.00178686,0.0010977,0.9577287331630574,0.9668684440449894
222180.0,500,0.0857256,0.789739,0.99,10000,10,40,0.00492068,0.00031112,0.929852441239912,0.9823614059517205
200000.0,437,0.108219,0.695711,0.99,10000,10,33,0.00337362,0.00054616,0.9419171281701739,0.9766299336757467
201435.0,287,0.278906,0.303161,0.99,10000,10,40,2.57657e-11,0.00940901,0.9999949240074862,0.902999948453622
580212.0,459,0.0320444,0.790469,0.99,10000,10,28,0.00704604,0.000150227,0.916059306650469,0.9877432875533445
200000.0,302,0.282663,0.301615,0.99,10000,10,43,8.49524e-11,0.00825895,0.9999907830373767,0.9091212346034565
234127.0,333,0.270618,0.314093,0.99,10000,10,38,7.19421e-06,0.00389291,0.9973177975467911,0.9376068112691778
200000.0,369,0.285149,0.314093,0.99,10000,10,38,1.07199e-05,0.00357684,0.9967258741624672,0.9401933114108464
208964.0,328,0.168269,0.508152,0.99,10000,10,39,0.000863973,0.0017472,0.9706065823695168,0.958200478471638
388231.0,500,0.0632177,0.8,0.99,10000,10,43,0.00648902,0.000203456,0.9194455463676898,0.9857361996648859
200000.0,437,0.171002,0.452694,0.99,10000,10,27,0.00141164,0.0012237,0.9624282020659112,0.9650185763583012
774561.0,456,0.0312982,0.8,0.99,10000,10,22,0.00773964,0.00010415,0.9120247762151183,0.9897946092676468
221934.0,303,0.27589,0.394763,0.99,10000,10,36,0.000105132,0.00300313,0.9897466103165831,0.9451991788382692
270476.0,500,0.0634958,0.8,0.99,10000,10,46,0.00537681,0.000250005,0.9266732654484056,0.9841884535860657
221934.0,285,0.278906,0.303161,0.989676,10000,10,40,7.07973e-11,0.00838745,0.999991585886856,0.908416977555881
201551.0,400,0.142959,0.596091,0.99,10000,10,37,0.00228397,0.000858223,0.952209101284868,0.9707045566683145
200000.0,400,0.167332,0.545837,0.99,10000,10,32,0.00191857,0.00104169,0.9561985160068749,0.9677247773051835
221934.0,303,0.278906,0.303161,0.99,10000,10,40,1.43786e-09,0.00680334,0.9999620808755375,0.9175176382491383
232381.0,272,0.278906,0.303161,0.99,10000,10,31,2.77015e-11,0.00903543,0.999994736778553,0.904945121114169
232381.0,272,0.278906,0.303161,0.99,10000,10,40,2.84276e-11,0.00903261,0.9999946682460672,0.9049599558080911
200000.0,288,0.20775,0.531124,0.989632,10000,10,30,0.000519409,0.00210736,0.9772094537143139,0.9540940091055644
225650.0,259,0.213971,0.528702,0.99,10000,10,46,0.000405437,0.00235277,0.9798645337774364,0.9514946394714976
400097.0,500,0.0608075,0.8,0.99,10000,10,38,0.0065484,0.000195462,0.9190778151555459,0.9860192274891549
209661.0,412,0.121461,0.648188,0.99,10000,10,33,0.00290129,0.000669382,0.9461363759110102,0.9741275822544548
200000.0,437,0.108219,0.705174,0.99,10000,10,33,0.00344493,0.000531709,0.9413064739515506,0.9769411838985607
201435.0,341,0.278065,0.350334,0.99,10000,10,40,3.15471e-05,0.00331885,0.9943833194856748,0.9423905389714502
200000.0,280,0.20775,0.531124,0.99,10000,10,28,0.000439372,0.00223755,0.979038797744404,0.9526972516654687
209810.0,373,0.121461,0.66361,0.99,10000,10,37,0.00253339,0.000794503,0.9496672075084245,0.9718130704048845
204936.0,467,0.108024,0.705174,0.989612,10000,10,32,0.00388642,0.000467996,0.937658841845856,0.9783667847974463
221961.0,288,0.20775,0.540307,0.989632,10000,10,46,0.000788503,0.00185022,0.9719197044175101,0.9569858162927622
227320.0,355,0.144602,0.60791,0.99,10000,10,36,0.00214383,0.000943015,0.953698488145634,0.9692914507017997
293561.0,500,0.0608075,0.8,0.99,10000,10,36,0.00559426,0.000233027,0.9252052140854725,0.9847347780887404
248874.0,284,0.288674,0.294641,0.99,10000,10,40,2.2996e-10,0.00765072,0.9999848355679302,0.9125316057081188
207830.0,324,0.349636,0.314093,0.99,10000,10,40,1.33022e-07,0.00506142,0.9996352781882036,0.9288563425174106
200000.0,451,0.108024,0.75406,0.989812,10000,10,32,0.00399775,0.000453082,0.9367722371105857,0.9787142770853325
203254.0,451,0.0857256,0.789739,0.99,10000,10,40,0.00414859,0.000402082,0.9355904510185019,0.9799480175543663
234529.0,414,0.12164,0.582404,0.99,10000,10,47,0.00270394,0.000737091,0.9480005769262774,0.9728505801166949
208964.0,313,0.168269,0.699554,0.99,10000,10,40,0.00213039,0.0010408,0.9538438519804783,0.9677385679177133
230151.0,383,0.264691,0.314093,0.99,10000,10,34,0.000129042,0.00279142,0.9886403345119673,0.9471661093615092
227320.0,355,0.119431,0.655371,0.99,10000,10,30,0.00245973,0.000844188,0.9504043348668455,0.9709450864740574
589331.0,495,0.0312982,0.782911,0.99,10000,10,25,0.0072605,0.00012701,0.9147914323556604,0.9887301286608942
200000.0,287,0.278906,0.303161,0.99,10000,10,40,2.4337e-11,0.00949776,0.9999950667454961,0.9025435481868953
233080.0,439,0.171002,0.401258,0.99,10000,10,27,0.00127889,0.00132891,0.9642384284461658,0.9635457821370421
200000.0,349,0.285149,0.314093,0.99,10000,10,38,1.16932e-06,0.00429594,0.9989186489931572,0.9344565792775507
207830.0,367,0.278906,0.314093,0.99,10000,10,38,1.70399e-05,0.00345269,0.9958720586244473,0.9412404050388364
209810.0,373,0.121461,0.8,0.99,191580,14,39,0.00997542,2.37056e-05,0.9001229756150094,0.995131160302495
203483.0,350,0.278906,0.314093,0.99,10000,10,43,2.0362e-06,0.00414404,0.9985730452004355,0.9356257815581424
200000.0,267,0.20775,0.531124,0.989632,10000,10,30,0.000317825,0.00248519,0.9821723529314719,0.9501483199881889
345356.0,500,0.0608075,0.777013,0.99,10000,10,36,0.00595795,0.000217875,0.9228122419032655,0.9852394105808745
320052.0,500,0.0608075,0.8,0.99,10000,10,38,0.00585036,0.000218589,0.9235123539386915,0.9852152443374941
200000.0,324,0.313583,0.334043,0.99,10000,10,40,8.94856e-07,0.00442347,0.9990540317130051,0.9334908277002337
303812.0,500,0.0608075,0.8,0.99,10000,10,36,0.0056941,0.000226713,0.9245407394682402,0.9849430082685817
200000.0,491,0.01,0.798245,0.99,198240,12,39,0.00999989,1.41472e-09,0.9000005500015125,0.999962387236209
223389.0,284,0.278906,0.289175,0.99,10000,10,40,1.09618e-11,0.0096982,0.9999966891390848,0.9015205605214976
200000.0,491,0.01,0.798245,0.99,198240,12,39,0.00999989,1.41472e-09,0.9000005500015125,0.999962387236209
774561.0,500,0.0254848,0.782911,0.99,10000,10,25,0.00788404,8.85352e-05,0.9112078832328004,0.9905906854659864
275595.0,478,0.157791,0.798245,0.99,198240,10,39,0.00978378,6.71621e-05,0.9010870079312125,0.9918047513765597
200000.0,498,0.0736007,0.793501,0.99,10000,10,31,0.00457676,0.000339806,0.9323482446643104,0.9815661723996344
200000.0,267,0.20775,0.531124,0.989632,10000,10,30,0.000317825,0.00248519,0.9821723529314719,0.9501483199881889
232381.0,287,0.278906,0.303161,0.99,10000,10,40,3.11968e-10,0.00757344,0.9999823373841122,0.9129744864996477
200000.0,287,0.435505,0.303161,0.99,10000,10,40,1.62887e-11,0.00919451,0.9999959640738362,0.9041119924078094
221934.0,317,0.278906,0.303161,0.99,10000,10,40,1.80088e-08,0.00578088,0.9998658031296938,0.9239679015152154
207830.0,332,0.319302,0.282976,0.99,10000,10,38,4.32916e-10,0.00695603,0.9999791933664424,0.9165971823017951
230151.0,383,0.264691,0.314093,0.99,10000,10,34,0.000129042,0.00279142,0.9886403345119673,0.9471661093615092
209661.0,416,0.121461,0.66361,0.99,10000,10,38,0.00306764,0.0006342,0.9446137201104823,0.9748166721817787
234127.0,333,0.270618,0.314093,0.99,10000,10,38,7.19421e-06,0.00389291,0.9973177975467911,0.9376068112691778
277185.0,272,0.278906,0.303161,0.99,10000,10,39,4.43336e-09,0.00656711,0.999933416518565,0.9189622927273976
774561.0,456,0.0312982,0.8,0.99,10000,10,22,0.00773964,0.00010415,0.9120247762151183,0.9897946092676468
208964.0,330,0.168269,0.546727,0.99,10000,10,37,0.00115066,0.00146695,0.9660786203110782,0.9616992167181923
226636.0,334,0.278906,0.303161,0.99,10000,10,40,6.66651e-07,0.00456003,0.9991835130129635,0.9324720058049997
222180.0,500,0.0857256,0.789739,0.99,10000,10,40,0.00492068,0.00031112,0.929852441239912,0.9823614059517205
207830.0,324,0.278906,0.314093,0.99,10000,10,40,7.09323e-08,0.00528134,0.9997336688151943,0.9273271715150704
348554.0,500,0.0608075,0.8,0.99,10000,10,37,0.00611424,0.000208126,0.9218063941233045,0.9855734272954385
200000.0,302,0.20775,0.531124,0.989632,10000,10,30,0.000672149,0.00189672,0.9740741634657626,0.9564486509967831
207830.0,319,0.278906,0.314093,0.99,10000,10,43,2.98664e-08,0.00559324,0.9998271810195609,0.9252120330534384
233080.0,439,0.171002,0.401258,0.99,10000,10,27,0.00127889,0.00132891,0.9642384284461658,0.9635457821370421
204936.0,451,0.108024,0.705174,0.989812,10000,10,32,0.00368933,0.000493241,0.9392601448799884,0.9777909703048512
241069.0,359,0.144602,0.519488,0.989668,10000,10,44,0.00160442,0.00121426,0.9599447881044176,0.9651537663441226
600448.0,500,0.0321285,0.782911,0.99,10000,10,25,0.00733104,0.000121207,0.9143785073711046,0.9889905949297885
221934.0,303,0.27589,0.394763,0.99,10000,10,36,0.000105132,0.00300313,0.9897466103165831,0.9451991788382692
234529.0,414,0.12164,0.582404,0.99,10000,10,47,0.00270394,0.000737091,0.9480005769262774,0.9728505801166949
217853.0,338,0.144602,0.60791,0.99,10000,10,41,0.00178686,0.0010977,0.9577287331630574,0.9668684440449894
200000.0,302,0.282663,0.301615,0.99,10000,10,43,8.49524e-11,0.00825895,0.9999907830373767,0.9091212346034565
209661.0,412,0.121461,0.648188,0.99,10000,10,33,0.00290129,0.000669382,0.9461363759110102,0.9741275822544548
200000.0,369,0.285149,0.314093,0.99,10000,10,38,1.07199e-05,0.00357684,0.9967258741624672,0.9401933114108464
200000.0,312,0.369922,0.314093,0.99,10000,10,40,5.48616e-09,0.00622931,0.999925931383164,0.9210740220206299
388231.0,500,0.0632177,0.8,0.99,10000,10,43,0.00648902,0.000203456,0.9194455463676898,0.9857361996648859
200000.0,455,0.0957756,0.8,0.99,10000,10,31,0.00426079,0.000389266,0.9347252728845229,0.9802701748613932
200000.0,437,0.171002,0.452694,0.99,10000,10,27,0.00141164,0.0012237,0.9624282020659112,0.9650185763583012
270476.0,500,0.0634958,0.8,0.99,10000,10,46,0.00537681,0.000250005,0.9266732654484056,0.9841884535860657
203483.0,350,0.278906,0.314093,0.99,10000,10,43,2.0362e-06,0.00414404,0.9985730452004355,0.9356257815581424
221934.0,285,0.278906,0.303161,0.989676,10000,10,40,7.07973e-11,0.00838745,0.999991585886856,0.908416977555881
230688.0,323,0.289576,0.303161,0.99,10000,10,45,1.95101e-07,0.00495903,0.9995582976115075,0.9295796194273277
200000.0,400,0.167332,0.545837,0.99,10000,10,32,0.00191857,0.00104169,0.9561985160068749,0.9677247773051835
200000.0,437,0.108219,0.695711,0.99,10000,10,33,0.00337362,0.00054616,0.9419171281701739,0.9766299336757467
221934.0,303,0.278906,0.303161,0.99,10000,10,40,1.43786e-09,0.00680334,0.9999620808755375,0.9175176382491383
231119.0,284,0.278906,0.303161,0.99,10000,10,40,1.40227e-10,0.00793089,0.9999881582518183,0.9109444555347619
232381.0,272,0.278906,0.303161,0.99,10000,10,40,2.84276e-11,0.00903261,0.9999946682460672,0.9049599558080911
218493.0,284,0.278906,0.303161,0.99,10000,10,40,4.82049e-11,0.00866485,0.9999930570251333,0.9069148239513939
225650.0,259,0.213971,0.528702,0.99,10000,10,46,0.000405437,0.00235277,0.9798645337774364,0.9514946394714976
200000.0,437,0.108219,0.705174,0.99,10000,10,33,0.00344493,0.000531709,0.9413064739515506,0.9769411838985607
200000.0,288,0.20775,0.531124,0.99,10000,10,35,0.00052013,0.00209812,0.9771936412375847,0.9541947601250687
200000.0,280,0.20775,0.531124,0.99,10000,10,28,0.000439372,0.00223755,0.979038797744404,0.9526972516654687
209810.0,373,0.121461,0.66361,0.99,10000,10,37,0.00253339,0.000794503,0.9496672075084245,0.9718130704048845
204936.0,467,0.108024,0.705174,0.989612,10000,10,32,0.00388642,0.000467996,0.937658841845856,0.9783667847974463
200000.0,312,0.369922,0.314093,0.99,10000,10,40,5.48616e-09,0.00622931,0.999925931383164,0.9210740220206299
270318.0,500,0.0632177,0.769663,0.99,10000,10,43,0.00520986,0.000271332,0.9278206400693384,0.9835278416714749
227320.0,355,0.144602,0.60791,0.99,10000,10,36,0.00214383,0.000943015,0.953698488145634,0.9692914507017997
293561.0,500,0.0608075,0.8,0.99,10000,10,36,0.00559426,0.000233027,0.9252052140854725,0.9847347780887404
201435.0,341,0.278065,0.350334,0.99,10000,10,40,3.15471e-05,0.00331885,0.9943833194856748,0.9423905389714502
207830.0,324,0.349636,0.314093,0.99,10000,10,40,1.33022e-07,0.00506142,0.9996352781882036,0.9288563425174106
482535.0,499,0.0321285,0.782911,0.99,10000,10,25,0.00682446,0.000163292,0.9173897100840337,0.9872214241795104
270476.0,500,0.0634958,0.744998,0.99,10000,10,44,0.00507669,0.000291446,0.9287491052687757,0.9829282104042957
200000.0,451,0.108024,0.75406,0.989812,10000,10,32,0.00399775,0.000453082,0.9367722371105857,0.9787142770853325
208964.0,313,0.168269,0.699554,0.99,10000,10,40,0.00213039,0.0010408,0.9538438519804783,0.9677385679177133
248874.0,284,0.288674,0.294641,0.99,10000,10,40,2.2996e-10,0.00765072,0.9999848355679302,0.9125316057081188
200000.0,400,0.167332,0.441857,0.99,10000,10,32,0.000967233,0.00158512,0.9688996302272787,0.9601864344726574
208964.0,328,0.168269,0.508152,0.99,10000,10,39,0.000863973,0.0017472,0.9706065823695168,0.958200478471638
463983.0,499,0.0321285,0.782911,0.99,10000,10,25,0.00673964,0.000173379,0.9179046895370996,0.9868326540259625
201551.0,400,0.142959,0.596091,0.99,10000,10,37,0.00228397,0.000858223,0.952209101284868,0.9707045566683145
200000.0,349,0.285149,0.314093,0.99,10000,10,38,1.16932e-06,0.00429594,0.9989186489931572,0.9344565792775507
227069.0,287,0.278906,0.303161,0.99,10000,10,40,1.50038e-10,0.00788666,0.9999877510000408,0.9111931308963096
207830.0,367,0.278906,0.314093,0.99,10000,10,38,1.70399e-05,0.00345269,0.9958720586244473,0.9412404050388364
218493.0,284,0.278906,0.303161,0.99,10000,10,40,4.82049e-11,0.00866485,0.9999930570251333,0.9069148239513939
400097.0,500,0.0608075,0.8,0.99,10000,10,38,0.0065484,0.000195462,0.9190778151555459,0.9860192274891549
589331.0,495,0.0312982,0.782911,0.99,10000,10,25,0.0072605,0.00012701,0.9147914323556604,0.9887301286608942
345356.0,500,0.0608075,0.777013,0.99,10000,10,36,0.00595795,0.000217875,0.9228122419032655,0.9852394105808745
320052.0,500,0.0608075,0.8,0.99,10000,10,38,0.00585036,0.000218589,0.9235123539386915,0.9852152443374941
200000.0,324,0.313583,0.334043,0.99,10000,10,40,8.94856e-07,0.00442347,0.9990540317130051,0.9334908277002337
303812.0,500,0.0608075,0.8,0.99,10000,10,36,0.0056941,0.000226713,0.9245407394682402,0.9849430082685817
221961.0,300,0.20775,0.540307,0.989632,10000,10,41,0.000962502,0.00171364,0.968975783652121,0.958603864914705
203254.0,451,0.0857256,0.789739,0.99,10000,10,40,0.00414859,0.000402082,0.9355904510185019,0.9799480175543663
200000.0,491,0.01,0.798245,0.99,198240,12,39,0.00999989,1.41472e-09,0.9000005500015125,0.999962387236209
223389.0,284,0.278906,0.289175,0.99,10000,10,40,1.09618e-11,0.0096982,0.9999966891390848,0.9015205605214976
200000.0,491,0.01,0.798245,0.99,198240,12,39,0.00999989,1.41472e-09,0.9000005500015125,0.999962387236209
275595.0,500,0.157791,0.798245,0.99,195120,10,39,0.00977903,6.63467e-05,0.9011110218477307,0.9918546516342148
774561.0,500,0.0254848,0.782911,0.99,10000,10,25,0.00788404,8.85352e-05,0.9112078832328004,0.9905906854659864
207830.0,332,0.319302,0.282976,0.99,10000,10,38,4.32916e-10,0.00695603,0.9999791933664424,0.9165971823017951
200000.0,498,0.0736007,0.793501,0.99,10000,10,31,0.00457676,0.000339806,0.9323482446643104,0.9815661723996344
232381.0,287,0.278906,0.303161,0.99,10000,10,40,3.11968e-10,0.00757344,0.9999823373841122,0.9129744864996477
200000.0,302,0.20775,0.531124,0.989632,10000,10,30,0.000672149,0.00189672,0.9740741634657626,0.9564486509967831
221934.0,317,0.278906,0.303161,0.99,10000,10,40,1.80088e-08,0.00578088,0.9998658031296938,0.9239679015152154
234127.0,333,0.270618,0.314093,0.99,10000,10,38,7.19421e-06,0.00389291,0.9973177975467911,0.9376068112691778
277185.0,272,0.278906,0.303161,0.99,10000,10,39,4.43336e-09,0.00656711,0.999933416518565,0.9189622927273976
208964.0,330,0.168269,0.546727,0.99,10000,10,37,0.00115066,0.00146695,0.9660786203110782,0.9616992167181923
200000.0,287,0.435505,0.303161,0.99,10000,10,40,1.62887e-11,0.00919451,0.9999959640738362,0.9041119924078094
482535.0,499,0.0321285,0.782911,0.99,10000,10,25,0.00682446,0.000163292,0.9173897100840337,0.9872214241795104
201435.0,341,0.278065,0.350334,0.99,10000,10,40,3.15471e-05,0.00331885,0.9943833194856748,0.9423905389714502
589331.0,495,0.0312982,0.782911,0.99,10000,10,25,0.0072605,0.00012701,0.9147914323556604,0.9887301286608942
222180.0,500,0.0857256,0.789739,0.99,10000,10,40,0.00492068,0.00031112,0.929852441239912,0.9823614059517205
207830.0,324,0.278906,0.314093,0.99,10000,10,40,7.09323e-08,0.00528134,0.9997336688151943,0.9273271715150704
221934.0,303,0.27589,0.394763,0.99,10000,10,36,0.000105132,0.00300313,0.9897466103165831,0.9451991788382692
232381.0,272,0.278906,0.303161,0.99,10000,10,40,2.84276e-11,0.00903261,0.9999946682460672,0.9049599558080911
348554.0,500,0.0608075,0.8,0.99,10000,10,37,0.00611424,0.000208126,0.9218063941233045,0.9855734272954385
209810.0,373,0.121461,0.66361,0.99,10000,10,37,0.00253339,0.000794503,0.9496672075084245,0.9718130704048845
201551.0,400,0.142959,0.596091,0.99,10000,10,37,0.00228397,0.000858223,0.952209101284868,0.9707045566683145
226636.0,270,0.278906,0.303161,0.99,10000,10,40,1.58629e-11,0.00959057,0.9999960171743699,0.9020685443792446
207830.0,319,0.278906,0.314093,0.99,10000,10,43,2.98664e-08,0.00559324,0.9998271810195609,0.9252120330534384
233080.0,439,0.171002,0.401258,0.99,10000,10,27,0.00127889,0.00132891,0.9642384284461658,0.9635457821370421
204936.0,451,0.108024,0.705174,0.989812,10000,10,32,0.00368933,0.000493241,0.9392601448799884,0.9777909703048512
241069.0,359,0.144602,0.519488,0.989668,10000,10,44,0.00160442,0.00121426,0.9599447881044176,0.9651537663441226
200000.0,259,0.266012,0.528702,0.99,10000,10,46,0.000283035,0.00261839,0.9831763559238791,0.9488297938249219
200000.0,451,0.108024,0.632798,0.989812,10000,10,32,0.00305692,0.000628561,0.9447105796738653,0.9749288811577943
600448.0,500,0.0321285,0.782911,0.99,10000,10,25,0.00733104,0.000121207,0.9143785073711046,0.9889905949297885
217853.0,338,0.144602,0.60791,0.99,10000,10,41,0.00178686,0.0010977,0.9577287331630574,0.9668684440449894
208964.0,328,0.168269,0.508152,0.99,10000,10,39,0.000863973,0.0017472,0.9706065823695168,0.958200478471638
200000.0,302,0.282663,0.301615,0.99,10000,10,43,8.49524e-11,0.00825895,0.9999907830373767,0.9091212346034565
200000.0,369,0.285149,0.314093,0.99,10000,10,38,1.07199e-05,0.00357684,0.9967258741624672,0.9401933114108464
200000.0,312,0.369922,0.314093,0.99,10000,10,40,5.48616e-09,0.00622931,0.999925931383164,0.9210740220206299
234529.0,414,0.12164,0.582404,0.99,10000,10,47,0.00270394,0.000737091,0.9480005769262774,0.9728505801166949
388231.0,500,0.0632177,0.8,0.99,10000,10,43,0.00648902,0.000203456,0.9194455463676898,0.9857361996648859
200000.0,437,0.171002,0.452694,0.99,10000,10,27,0.00141164,0.0012237,0.9624282020659112,0.9650185763583012
774561.0,456,0.0312982,0.8,0.99,10000,10,19,0.00773937,0.000104169,0.9120263107514526,0.9897936784295223
230151.0,383,0.264691,0.314093,0.99,10000,10,34,0.000129042,0.00279142,0.9886403345119673,0.9471661093615092
270476.0,500,0.0634958,0.8,0.99,10000,10,46,0.00537681,0.000250005,0.9266732654484056,0.9841884535860657
203483.0,350,0.278906,0.314093,0.99,10000,10,43,2.0362e-06,0.00414404,0.9985730452004355,0.9356257815581424
221934.0,285,0.278906,0.303161,0.989676,10000,10,40,7.07973e-11,0.00838745,0.999991585886856,0.908416977555881
200000.0,400,0.167332,0.545837,0.99,10000,10,32,0.00191857,0.00104169,0.9561985160068749,0.9677247773051835
201340.0,423,0.108219,0.705174,0.99,10000,10,36,0.00329833,0.000565907,0.9425689108583165,0.9762112001143395
221934.0,303,0.278906,0.303161,0.99,10000,10,40,1.43786e-09,0.00680334,0.9999620808755375,0.9175176382491383
200000.0,400,0.167332,0.441857,0.99,10000,10,32,0.000967233,0.00158512,0.9688996302272787,0.9601864344726574
231119.0,284,0.278906,0.303161,0.99,10000,10,40,1.40227e-10,0.00793089,0.9999881582518183,0.9109444555347619
226636.0,334,0.278906,0.303161,0.99,10000,10,40,6.66651e-07,0.00456003,0.9991835130129635,0.9324720058049997
218493.0,284,0.278906,0.303161,0.99,10000,10,40,4.82049e-11,0.00866485,0.9999930570251333,0.9069148239513939
200000.0,280,0.20775,0.531124,0.99,10000,10,28,0.000439372,0.00223755,0.979038797744404,0.9526972516654687
200000.0,437,0.108219,0.705174,0.99,10000,10,33,0.00344493,0.000531709,0.9413064739515506,0.9769411838985607
200000.0,288,0.20775,0.531124,0.99,10000,10,35,0.00052013,0.00209812,0.9771936412375847,0.9541947601250687
204936.0,467,0.108024,0.705174,0.989612,10000,10,32,0.00388642,0.000467996,0.937658841845856,0.9783667847974463
200000.0,312,0.369922,0.314093,0.99,10000,10,40,5.48616e-09,0.00622931,0.999925931383164,0.9210740220206299
200000.0,312,0.369922,0.336365,0.99,10000,10,39,6.5757e-07,0.00479528,0.9991890931002884,0.9307520397412313
270318.0,500,0.0632177,0.769663,0.99,10000,10,43,0.00520986,0.000271332,0.9278206400693384,0.9835278416714749
227320.0,355,0.144602,0.60791,0.99,10000,10,36,0.00214383,0.000943015,0.953698488145634,0.9692914507017997
293561.0,500,0.0608075,0.8,0.99,10000,10,36,0.00559426,0.000233027,0.9252052140854725,0.9847347780887404
207830.0,324,0.349636,0.314093,0.99,10000,10,40,1.33022e-07,0.00506142,0.9996352781882036,0.9288563425174106
270476.0,500,0.0634958,0.744998,0.99,10000,10,44,0.00507669,0.000291446,0.9287491052687757,0.9829282104042957
200000.0,451,0.108024,0.75406,0.989812,10000,10,32,0.00399775,0.000453082,0.9367722371105857,0.9787142770853325
200000.0,455,0.0957756,0.8,0.99,10000,10,31,0.00426079,0.000389266,0.9347252728845229,0.9802701748613932
203254.0,451,0.0857256,0.789739,0.99,10000,10,40,0.00414859,0.000402082,0.9355904510185019,0.9799480175543663
208964.0,313,0.168269,0.699554,0.99,10000,10,40,0.00213039,0.0010408,0.9538438519804783,0.9677385679177133
463983.0,499,0.0321285,0.782911,0.99,10000,10,25,0.00673964,0.000173379,0.9179046895370996,0.9868326540259625
200300.0,426,0.152035,0.798245,0.979355,193739,10,39,0.00998865,1.83385e-05,0.9000567661119574,0.9957176525129318
200000.0,349,0.285149,0.314093,0.99,10000,10,38,1.16932e-06,0.00429594,0.9989186489931572,0.9344565792775507
227069.0,287,0.278906,0.303161,0.99,10000,10,40,1.50038e-10,0.00788666,0.9999877510000408,0.9111931308963096
207830.0,367,0.278906,0.314093,0.99,10000,10,38,1.70399e-05,0.00345269,0.9958720586244473,0.9412404050388364
218493.0,284,0.278906,0.303161,0.99,10000,10,40,4.82049e-11,0.00866485,0.9999930570251333,0.9069148239513939
225650.0,259,0.213971,0.528702,0.99,10000,10,46,0.000405437,0.00235277,0.9798645337774364,0.9514946394714976
400097.0,500,0.0608075,0.8,0.99,10000,10,38,0.0065484,0.000195462,0.9190778151555459,0.9860192274891549
345356.0,500,0.0608075,0.777013,0.99,10000,10,36,0.00595795,0.000217875,0.9228122419032655,0.9852394105808745
320052.0,500,0.0608075,0.8,0.99,10000,10,38,0.00585036,0.000218589,0.9235123539386915,0.9852152443374941
200000.0,324,0.313583,0.334043,0.99,10000,10,40,8.94856e-07,0.00442347,0.9990540317130051,0.9334908277002337
303812.0,500,0.0608075,0.8,0.99,10000,10,36,0.0056941,0.000226713,0.9245407394682402,0.9849430082685817
200000.0,267,0.20775,0.531124,0.989632,10000,10,30,0.000317825,0.00248519,0.9821723529314719,0.9501483199881889
200000.0,491,0.01,0.798245,0.99,198240,12,39,0.00999989,1.41472e-09,0.9000005500015125,0.999962387236209
223389.0,284,0.278906,0.289175,0.99,10000,10,40,1.09618e-11,0.0096982,0.9999966891390848,0.9015205605214976
200000.0,491,0.01,0.798245,0.99,198240,12,39,0.00999989,1.41472e-09,0.9000005500015125,0.999962387236209
275595.0,483,0.157791,0.8,0.99,186879,10,37,0.00972797,8.18524e-05,0.9013695280351959,0.9909527683792223
774561.0,500,0.0254848,0.782911,0.99,10000,10,25,0.00788404,8.85352e-05,0.9112078832328004,0.9905906854659864
200000.0,332,0.319302,0.282976,0.99,10000,10,38,1.59224e-10,0.00740566,0.9999873816007354,0.9139438555360514
200000.0,451,0.108024,0.632798,0.989812,10000,10,32,0.00305692,0.000628561,0.9447105796738653,0.9749288811577943
234529.0,414,0.12164,0.582404,0.99,10000,10,47,0.00270394,0.000737091,0.9480005769262774,0.9728505801166949
207830.0,332,0.319302,0.282976,0.99,10000,10,38,4.32916e-10,0.00695603,0.9999791933664424,0.9165971823017951
208964.0,328,0.168269,0.508152,0.99,10000,10,39,0.000863973,0.0017472,0.9706065823695168,0.958200478471638
200000.0,302,0.20775,0.531124,0.989632,10000,10,30,0.000672149,0.00189672,0.9740741634657626,0.9564486509967831
208964.0,330,0.168269,0.546727,0.99,10000,10,37,0.00115066,0.00146695,0.9660786203110782,0.9616992167181923
200000.0,400,0.167332,0.441857,0.99,10000,10,32,0.000967233,0.00158512,0.9688996302272787,0.9601864344726574
200000.0,287,0.435505,0.303161,0.99,10000,10,40,1.62887e-11,0.00919451,0.9999959640738362,0.9041119924078094
482535.0,499,0.0321285,0.782911,0.99,10000,10,25,0.00682446,0.000163292,0.9173897100840337,0.9872214241795104
774561.0,456,0.0312982,0.8,0.99,10000,10,19,0.00773937,0.000104169,0.9120263107514526,0.9897936784295223
589331.0,495,0.0312982,0.782911,0.99,10000,10,25,0.0072605,0.00012701,0.9147914323556604,0.9887301286608942
222180.0,499,0.084405,0.789739,0.99,10000,10,38,0.00489476,0.000309592,0.9300374385831965,0.9824047733745769
232381.0,272,0.278906,0.303161,0.99,10000,10,40,2.84276e-11,0.00903261,0.9999946682460672,0.9049599558080911
348554.0,500,0.0608075,0.8,0.99,10000,10,37,0.00611424,0.000208126,0.9218063941233045,0.9855734272954385
227069.0,287,0.278906,0.303161,0.99,10000,10,40,1.50038e-10,0.00788666,0.9999877510000408,0.9111931308963096
226636.0,270,0.278906,0.303161,0.99,10000,10,40,1.58629e-11,0.00959057,0.9999960171743699,0.9020685443792446
200000.0,312,0.369922,0.336365,0.99,10000,10,39,6.5757e-07,0.00479528,0.9991890931002884,0.9307520397412313
207830.0,319,0.278906,0.314093,0.99,10000,10,43,2.98664e-08,0.00559324,0.9998271810195609,0.9252120330534384
233080.0,439,0.171002,0.401258,0.99,10000,10,27,0.00127889,0.00132891,0.9642384284461658,0.9635457821370421
230151.0,383,0.264691,0.314093,0.99,10000,10,34,0.000129042,0.00279142,0.9886403345119673,0.9471661093615092
204936.0,451,0.108024,0.705174,0.989812,10000,10,32,0.00368933,0.000493241,0.9392601448799884,0.9777909703048512
200000.0,259,0.266012,0.528702,0.99,10000,10,46,0.000283035,0.00261839,0.9831763559238791,0.9488297938249219
600448.0,500,0.0321285,0.782911,0.99,10000,10,25,0.00733104,0.000121207,0.9143785073711046,0.9889905949297885
207830.0,324,0.349636,0.314093,0.99,10000,10,40,1.33022e-07,0.00506142,0.9996352781882036,0.9288563425174106
201551.0,400,0.142959,0.596091,0.99,10000,10,37,0.00228397,0.000858223,0.952209101284868,0.9707045566683145
200000.0,455,0.0957756,0.8,0.99,10000,10,31,0.00426079,0.000389266,0.9347252728845229,0.9802701748613932
201435.0,341,0.278065,0.350334,0.99,10000,10,40,3.15471e-05,0.00331885,0.9943833194856748,0.9423905389714502
201340.0,423,0.108219,0.705174,0.99,10000,10,36,0.00329833,0.000565907,0.9425689108583165,0.9762112001143395
244367.0,288,0.336231,0.303161,0.99,10000,10,40,2.01372e-09,0.00665655,0.9999551255083594,0.918412317106073
234127.0,333,0.270618,0.314093,0.99,10000,10,38,7.19421e-06,0.00389291,0.9973177975467911,0.9376068112691778
200000.0,302,0.282663,0.301615,0.99,10000,10,43,8.49524e-11,0.00825895,0.9999907830373767,0.9091212346034565
221934.0,317,0.278906,0.303161,0.99,10000,10,40,1.80088e-08,0.00578088,0.9998658031296938,0.9239679015152154
200000.0,312,0.369922,0.314093,0.99,10000,10,40,5.48616e-09,0.00622931,0.999925931383164,0.9210740220206299
200655.0,355,0.29929,0.350334,0.99,10000,10,35,8.86819e-05,0.00304779,0.9905828932256239,0.9447932069397252
388231.0,500,0.0632177,0.8,0.99,10000,10,43,0.00648902,0.000203456,0.9194455463676898,0.9857361996648859
200000.0,437,0.171002,0.452694,0.99,10000,10,27,0.00141164,0.0012237,0.9624282020659112,0.9650185763583012
200000.0,312,0.334798,0.314093,0.99,10000,10,40,2.84165e-09,0.00633824,0.9999466928710209,0.9203869357454444
217853.0,338,0.144602,0.60791,0.99,10000,10,41,0.00178686,0.0010977,0.9577287331630574,0.9668684440449894
270476.0,500,0.0634958,0.8,0.99,10000,10,46,0.00537681,0.000250005,0.9266732654484056,0.9841884535860657
203483.0,350,0.278906,0.314093,0.99,10000,10,43,2.0362e-06,0.00414404,0.9985730452004355,0.9356257815581424
200000.0,400,0.167332,0.545837,0.99,10000,10,32,0.00191857,0.00104169,0.9561985160068749,0.9677247773051835
200000.0,267,0.20775,0.531124,0.989632,10000,10,30,0.000317825,0.00248519,0.9821723529314719,0.9501483199881889
231119.0,284,0.278906,0.303161,0.99,10000,10,40,1.40227e-10,0.00793089,0.9999881582518183,0.9109444555347619
226636.0,334,0.278906,0.303161,0.99,10000,10,40,6.66651e-07,0.00456003,0.9991835130129635,0.9324720058049997
218493.0,284,0.278906,0.303161,0.99,10000,10,40,4.82049e-11,0.00866485,0.9999930570251333,0.9069148239513939
200000.0,280,0.20775,0.531124,0.99,10000,10,28,0.000439372,0.00223755,0.979038797744404,0.9526972516654687
225650.0,259,0.213971,0.528702,0.99,10000,10,46,0.000405437,0.00235277,0.9798645337774364,0.9514946394714976
200000.0,498,0.0736007,0.793501,0.99,10000,10,31,0.00457676,0.000339806,0.9323482446643104,0.9815661723996344
200000.0,292,0.20775,0.531124,0.99,10000,10,33,0.0005621,0.00203393,0.9762913517888514,0.9549008869266812
204936.0,467,0.108024,0.705174,0.989612,10000,10,32,0.00388642,0.000467996,0.937658841845856,0.9783667847974463
200000.0,498,0.0736007,0.793501,0.99,10000,10,31,0.00457676,0.000339806,0.9323482446643104,0.9815661723996344
270318.0,500,0.0632177,0.769663,0.99,10000,10,43,0.00520986,0.000271332,0.9278206400693384,0.9835278416714749
227320.0,355,0.144602,0.60791,0.99,10000,10,36,0.00214383,0.000943015,0.953698488145634,0.9692914507017997
293561.0,500,0.0608075,0.8,0.99,10000,10,36,0.00559426,0.000233027,0.9252052140854725,0.9847347780887404
221934.0,285,0.278906,0.303161,0.989676,10000,10,40,7.07973e-11,0.00838745,0.999991585886856,0.908416977555881
200000.0,288,0.20775,0.531124,0.99,10000,10,35,0.00052013,0.00209812,0.9771936412375847,0.9541947601250687
200000.0,451,0.108024,0.75406,0.989812,10000,10,32,0.00399775,0.000453082,0.9367722371105857,0.9787142770853325
200000.0,349,0.320273,0.327072,0.99,10000,10,38,1.04426e-05,0.00369475,0.9967684988008667,0.9392155447503229
203254.0,451,0.0857256,0.789739,0.99,10000,10,40,0.00414859,0.000402082,0.9355904510185019,0.9799480175543663
208964.0,313,0.168269,0.699554,0.99,10000,10,40,0.00213039,0.0010408,0.9538438519804783,0.9677385679177133
207830.0,324,0.278906,0.314093,0.99,10000,10,39,7.08712e-08,0.0052816,0.9997337835467144,0.9273253826979461
206713.0,411,0.142959,0.596091,0.99,10000,10,37,0.00250397,0.00080856,0.9499603157483982,0.9715648105334254
463983.0,499,0.0321285,0.782911,0.99,10000,10,25,0.00673964,0.000173379,0.9179046895370996,0.9868326540259625
221934.0,303,0.278906,0.303161,0.99,10000,10,40,1.43786e-09,0.00680334,0.9999620808755375,0.9175176382491383
234127.0,371,0.270618,0.314093,0.99,10000,10,38,9.78441e-05,0.00293484,0.9901083823365437,0.9458258364162399
201551.0,347,0.142959,0.596091,0.99,10000,10,40,0.00163343,0.00118836,0.9595842852345774,0.9655274021866642
200000.0,349,0.285149,0.314093,0.99,10000,10,38,1.16932e-06,0.00429594,0.9989186489931572,0.9344565792775507
207830.0,367,0.278906,0.314093,0.99,10000,10,38,1.70399e-05,0.00345269,0.9958720586244473,0.9412404050388364
275595.0,500,0.157791,0.798245,0.99,195120,10,39,0.00977903,6.63467e-05,0.9011110218477307,0.9918546516342148
214988.0,287,0.278906,0.303161,0.99,10000,10,40,5.43476e-11,0.00858905,0.9999926279175262,0.9073228722931057
200000.0,437,0.108219,0.705174,0.99,10000,10,39,0.00344509,0.000531676,0.9413051109550414,0.9769418994711186
400097.0,500,0.0608075,0.8,0.99,10000,10,38,0.0065484,0.000195462,0.9190778151555459,0.9860192274891549
345356.0,500,0.0608075,0.777013,0.99,10000,10,36,0.00595795,0.000217875,0.9228122419032655,0.9852394105808745
320052.0,500,0.0608075,0.8,0.99,10000,10,32,0.00585032,0.000218588,0.9235126154192732,0.9852152781561505
200000.0,491,0.01,0.798245,0.99,198240,12,39,0.00999989,1.41472e-09,0.9000005500015125,0.999962387236209
223389.0,284,0.278906,0.289175,0.99,10000,10,40,1.09618e-11,0.0096982,0.9999966891390848,0.9015205605214976
200000.0,491,0.01,0.798245,0.99,198240,12,39,0.00999989,1.41472e-09,0.9000005500015125,0.999962387236209
275595.0,483,0.157791,0.8,0.99,186879,10,37,0.00972797,8.18524e-05,0.9013695280351959,0.9909527683792223
774561.0,500,0.0254848,0.782911,0.99,10000,10,25,0.00788404,8.85352e-05,0.9112078832328004,0.9905906854659864
234623.0,284,0.321766,0.289175,0.99,10000,10,42,1.4098e-11,0.00891622,0.9999962452696501,0.9055742619832918
207830.0,332,0.319302,0.275339,0.99,10000,10,38,9.0259e-11,0.00763885,0.9999904995263276,0.9125994851273747
234529.0,414,0.12164,0.582404,0.99,10000,10,47,0.00270394,0.000737091,0.9480005769262774,0.9728505801166949
221934.0,317,0.278906,0.303161,0.99,10000,10,40,1.80088e-08,0.00578088,0.9998658031296938,0.9239679015152154
200000.0,302,0.282663,0.301615,0.99,10000,10,43,8.49524e-11,0.00825895,0.9999907830373767,0.9091212346034565
222180.0,499,0.084405,0.789739,0.99,10000,10,38,0.00489476,0.000309592,0.9300374385831965,0.9824047733745769
207830.0,332,0.319302,0.282976,0.99,10000,10,38,4.32916e-10,0.00695603,0.9999791933664424,0.9165971823017951
200000.0,312,0.369922,0.314093,0.99,10000,10,40,5.48616e-09,0.00622931,0.999925931383164,0.9210740220206299
482535.0,499,0.0321285,0.782911,0.99,10000,10,25,0.00682446,0.000163292,0.9173897100840337,0.9872214241795104
589331.0,495,0.0312982,0.782911,0.99,10000,10,25,0.0072605,0.00012701,0.9147914323556604,0.9887301286608942
348554.0,500,0.0608075,0.8,0.99,10000,10,37,0.00611424,0.000208126,0.9218063941233045,0.9855734272954385
774561.0,456,0.0312982,0.8,0.99,10000,10,19,0.00773937,0.000104169,0.9120263107514526,0.9897936784295223
200000.0,312,0.369922,0.336365,0.99,10000,10,39,6.5757e-07,0.00479528,0.9991890931002884,0.9307520397412313
293561.0,500,0.0608075,0.8,0.99,10000,10,36,0.00559426,0.000233027,0.9252052140854725,0.9847347780887404
201551.0,347,0.142959,0.596091,0.99,10000,10,40,0.00163343,0.00118836,0.9595842852345774,0.9655274021866642
600448.0,500,0.0321285,0.782911,0.99,10000,10,25,0.00733104,0.000121207,0.9143785073711046,0.9889905949297885
207830.0,324,0.349636,0.314093,0.99,10000,10,40,1.33022e-07,0.00506142,0.9996352781882036,0.9288563425174106
200000.0,437,0.171002,0.452694,0.99,10000,10,27,0.00141164,0.0012237,0.9624282020659112,0.9650185763583012
200000.0,302,0.20775,0.531124,0.989632,10000,10,30,0.000672149,0.00189672,0.9740741634657626,0.9564486509967831
230151.0,383,0.264691,0.314093,0.99,10000,10,34,0.000129042,0.00279142,0.9886403345119673,0.9471661093615092
201435.0,341,0.278065,0.350334,0.99,10000,10,40,3.15471e-05,0.00331885,0.9943833194856748,0.9423905389714502
201340.0,423,0.108219,0.705174,0.99,10000,10,36,0.00329833,0.000565907,0.9425689108583165,0.9762112001143395
208964.0,330,0.168269,0.546727,0.99,10000,10,37,0.00115066,0.00146695,0.9660786203110782,0.9616992167181923
234127.0,333,0.270618,0.314093,0.99,10000,10,38,7.19421e-06,0.00389291,0.9973177975467911,0.9376068112691778
200000.0,451,0.108024,0.632798,0.989928,10000,10,16,0.00304938,0.000630151,0.9447788084156091,0.9748971913921968
200000.0,349,0.320273,0.327072,0.99,10000,10,38,1.04426e-05,0.00369475,0.9967684988008667,0.9392155447503229
200000.0,332,0.319302,0.282976,0.99,10000,10,38,1.59224e-10,0.00740566,0.9999873816007354,0.9139438555360514
200655.0,355,0.29929,0.350334,0.99,10000,10,35,8.86819e-05,0.00304779,0.9905828932256239,0.9447932069397252
388231.0,500,0.0632177,0.8,0.99,10000,10,43,0.00648902,0.000203456,0.9194455463676898,0.9857361996648859
217853.0,338,0.144602,0.60791,0.99,10000,10,41,0.00178686,0.0010977,0.9577287331630574,0.9668684440449894
200000.0,349,0.285149,0.314093,0.99,10000,10,38,1.16932e-06,0.00429594,0.9989186489931572,0.9344565792775507
203483.0,350,0.278906,0.314093,0.99,10000,10,43,2.0362e-06,0.00414404,0.9985730452004355,0.9356257815581424
207830.0,367,0.278906,0.314093,0.99,10000,10,38,1.70399e-05,0.00345269,0.9958720586244473,0.9412404050388364
207830.0,324,0.278906,0.314093,0.99,10000,10,39,7.08712e-08,0.0052816,0.9997337835467144,0.9273253826979461
200000.0,312,0.334798,0.314093,0.99,10000,10,40,2.84165e-09,0.00633824,0.9999466928710209,0.9203869357454444
200000.0,437,0.108219,0.705174,0.99,10000,10,39,0.00344509,0.000531676,0.9413051109550414,0.9769418994711186
320052.0,500,0.0608075,0.8,0.99,10000,10,32,0.00585032,0.000218588,0.9235126154192732,0.9852152781561505
200000.0,280,0.20775,0.531124,0.99,10000,10,28,0.000439372,0.00223755,0.979038797744404,0.9526972516654687
208964.0,328,0.168269,0.508152,0.99,10000,10,39,0.000863973,0.0017472,0.9706065823695168,0.958200478471638
200000.0,498,0.0736007,0.793501,0.99,10000,10,31,0.00457676,0.000339806,0.9323482446643104,0.9815661723996344
200000.0,455,0.0957756,0.8,0.99,10000,10,33,0.00426086,0.000389252,0.9347247366914541,0.9802705296573881
200000.0,292,0.20775,0.531124,0.99,10000,10,33,0.0005621,0.00203393,0.9762913517888514,0.9549008869266812
200000.0,400,0.167332,0.441857,0.99,10000,10,32,0.000967233,0.00158512,0.9688996302272787,0.9601864344726574
241347.0,499,0.084405,0.789739,0.99,10000,10,37,0.00516234,0.000299412,0.9281505741150285,0.9826964743476944
204936.0,467,0.108024,0.705174,0.989612,10000,10,32,0.00388642,0.000467996,0.937658841845856,0.9783667847974463
200000.0,498,0.0736007,0.793501,0.99,10000,10,31,0.00457676,0.000339806,0.9323482446643104,0.9815661723996344
203625.0,328,0.168269,0.508152,0.99,10000,10,39,0.00081862,0.00180079,0.971388463865077,0.9575642839108376
200000.0,267,0.20775,0.531124,0.989632,10000,10,30,0.000317825,0.00248519,0.9821723529314719,0.9501483199881889
227320.0,355,0.144602,0.60791,0.99,10000,10,36,0.00214383,0.000943015,0.953698488145634,0.9692914507017997
221934.0,285,0.278906,0.303161,0.989676,10000,10,40,7.07973e-11,0.00838745,0.999991585886856,0.908416977555881
218493.0,284,0.278906,0.303161,0.99,10000,10,40,4.82049e-11,0.00866485,0.9999930570251333,0.9069148239513939
207830.0,319,0.278906,0.314093,0.99,10000,10,43,2.98664e-08,0.00559324,0.9998271810195609,0.9252120330534384
200000.0,288,0.20775,0.531124,0.99,10000,10,35,0.00052013,0.00209812,0.9771936412375847,0.9541947601250687
200000.0,451,0.108024,0.75406,0.989812,10000,10,32,0.00399775,0.000453082,0.9367722371105857,0.9787142770853325
203254.0,451,0.0857256,0.789739,0.99,10000,10,40,0.00414859,0.000402082,0.9355904510185019,0.9799480175543663
218677.0,297,0.275521,0.314093,0.99,10000,10,39,2.60454e-09,0.00661949,0.9999489653059184,0.9186397517211261
208964.0,313,0.168269,0.699554,0.99,10000,10,40,0.00213039,0.0010408,0.9538438519804783,0.9677385679177133
207830.0,319,0.328089,0.314093,0.99,10000,10,43,3.23519e-08,0.00545608,0.9998201336607366,0.9261347172211465
200000.0,451,0.108024,0.632798,0.989812,10000,10,32,0.00305692,0.000628561,0.9447105796738653,0.9749288811577943
206713.0,411,0.142959,0.596091,0.99,10000,10,37,0.00250397,0.00080856,0.9499603157483982,0.9715648105334254
463983.0,499,0.0321285,0.782911,0.99,10000,10,25,0.00673964,0.000173379,0.9179046895370996,0.9868326540259625
221934.0,303,0.278906,0.303161,0.99,10000,10,40,1.43786e-09,0.00680334,0.9999620808755375,0.9175176382491383
208964.0,389,0.168269,0.449353,0.99,10000,10,35,0.00101272,0.00154328,0.968176738067885,0.9607153974183269
204936.0,451,0.108024,0.705174,0.989812,10000,10,32,0.00368933,0.000493241,0.9392601448799884,0.9777909703048512
200000.0,259,0.266012,0.528702,0.99,10000,10,46,0.000283035,0.00261839,0.9831763559238791,0.9488297938249219
275595.0,500,0.157791,0.798245,0.99,195120,10,39,0.00977903,6.63467e-05,0.9011110218477307,0.9918546516342148
214988.0,287,0.278906,0.303161,0.99,10000,10,40,5.43476e-11,0.00858905,0.9999926279175262,0.9073228722931057
200477.0,451,0.108024,0.705174,0.989812,10000,10,38,0.00361907,0.000500755,0.9398412932319851,0.9776224442800381
263604.0,500,0.01,0.798245,0.99,198240,12,39,0.00998143,4.82297e-05,0.9000928931456826,0.9930552393849752
345356.0,500,0.0608075,0.777013,0.99,10000,10,36,0.00595795,0.000217875,0.9228122419032655,0.9852394105808745
234529.0,414,0.130069,0.56005,0.99,10000,10,47,0.00252938,0.000792465,0.949707058149279,0.9718492451255744
226636.0,334,0.278906,0.303161,0.99,10000,10,40,6.66651e-07,0.00456003,0.9991835130129635,0.9324720058049997
233080.0,439,0.171002,0.401258,0.99,10000,10,27,0.00127889,0.00132891,0.9642384284461658,0.9635457821370421
201551.0,400,0.142959,0.596091,0.99,10000,10,40,0.00228404,0.000858221,0.9522083689334628,0.9707045908033357
200000.0,400,0.167332,0.545837,0.99,10000,10,32,0.00191857,0.00104169,0.9561985160068749,0.9677247773051835
200000.0,491,0.01,0.798245,0.99,198240,12,39,0.00999989,1.41472e-09,0.9000005500015125,0.999962387236209
223389.0,284,0.278906,0.289175,0.99,10000,10,40,1.09618e-11,0.0096982,0.9999966891390848,0.9015205605214976
200000.0,491,0.01,0.798245,0.99,198240,12,39,0.00999989,1.41472e-09,0.9000005500015125,0.999962387236209
774561.0,500,0.0254848,0.782911,0.99,10000,10,25,0.00788404,8.85352e-05,0.9112078832328004,0.9905906854659864
275595.0,483,0.157791,0.8,0.99,186879,10,37,0.00972797,8.18524e-05,0.9013695280351959,0.9909527683792223
207830.0,317,0.319302,0.275339,0.99,10000,10,38,1.16308e-11,0.00886286,0.9999965896041285,0.9058572360720166
207830.0,332,0.319302,0.275339,0.99,10000,10,38,9.0259e-11,0.00763885,0.9999904995263276,0.9125994851273747
241347.0,499,0.084405,0.789739,0.99,10000,10,37,0.00516234,0.000299412,0.9281505741150285,0.9826964743476944
293561.0,500,0.0608075,0.8,0.99,10000,10,36,0.00559426,0.000233027,0.9252052140854725,0.9847347780887404
388231.0,500,0.0632177,0.8,0.99,10000,10,43,0.00648902,0.000203456,0.9194455463676898,0.9857361996648859
221934.0,317,0.278906,0.303161,0.99,10000,10,40,1.80088e-08,0.00578088,0.9998658031296938,0.9239679015152154
200000.0,302,0.282663,0.301615,0.99,10000,10,43,8.49524e-11,0.00825895,0.9999907830373767,0.9091212346034565
200655.0,355,0.29929,0.350334,0.99,10000,10,35,8.86819e-05,0.00304779,0.9905828932256239,0.9447932069397252
230151.0,383,0.264691,0.314093,0.99,10000,10,34,0.000129042,0.00279142,0.9886403345119673,0.9471661093615092
207830.0,324,0.319302,0.275339,0.99,10000,10,38,2.87272e-11,0.00827343,0.9999946402238853,0.9090416029164982
200000.0,280,0.20775,0.531124,0.99,10000,10,28,0.000439372,0.00223755,0.979038797744404,0.9526972516654687
774561.0,456,0.0312982,0.8,0.99,10000,10,19,0.00773937,0.000104169,0.9120263107514526,0.9897936784295223
200000.0,312,0.369922,0.314093,0.99,10000,10,40,5.48616e-09,0.00622931,0.999925931383164,0.9210740220206299
207830.0,324,0.349636,0.314093,0.99,10000,10,40,1.33022e-07,0.00506142,0.9996352781882036,0.9288563425174106
200000.0,267,0.20775,0.531124,0.989632,10000,10,30,0.000317825,0.00248519,0.9821723529314719,0.9501483199881889
348554.0,500,0.0608075,0.8,0.99,10000,10,37,0.00611424,0.000208126,0.9218063941233045,0.9855734272954385
589331.0,495,0.0312982,0.782911,0.99,10000,10,25,0.0072605,0.00012701,0.9147914323556604,0.9887301286608942
234529.0,414,0.12164,0.582404,0.99,10000,10,47,0.00270394,0.000737091,0.9480005769262774,0.9728505801166949
207830.0,365,0.319302,0.284947,0.99,10000,10,41,2.22476e-07,0.00474631,0.9995283263840323,0.9311065315142284
233080.0,439,0.171002,0.401258,0.99,10000,10,27,0.00127889,0.00132891,0.9642384284461658,0.9635457821370421
200000.0,259,0.266012,0.528702,0.99,10000,10,46,0.000283035,0.00261839,0.9831763559238791,0.9488297938249219
600448.0,500,0.0321285,0.782911,0.99,10000,10,25,0.00733104,0.000121207,0.9143785073711046,0.9889905949297885
201551.0,400,0.142959,0.596091,0.99,10000,10,40,0.00228404,0.000858221,0.9522083689334628,0.9707045908033357
201435.0,341,0.278065,0.350334,0.99,10000,10,40,3.15471e-05,0.00331885,0.9943833194856748,0.9423905389714502
208964.0,330,0.168269,0.546727,0.99,10000,10,37,0.00115066,0.00146695,0.9660786203110782,0.9616992167181923
218677.0,297,0.275521,0.314093,0.99,10000,10,39,2.60454e-09,0.00661949,0.9999489653059184,0.9186397517211261
222180.0,499,0.084405,0.789739,0.99,10000,10,38,0.00489476,0.000309592,0.9300374385831965,0.9824047733745769
482535.0,500,0.0321285,0.782911,0.99,10000,10,25,0.00682973,0.000162459,0.9173578194866568,0.9872540594697763
207830.0,332,0.319302,0.282976,0.99,10000,10,38,4.32916e-10,0.00695603,0.9999791933664424,0.9165971823017951
226636.0,334,0.278906,0.303161,0.99,10000,10,40,6.66651e-07,0.00456003,0.9991835130129635,0.9324720058049997
227320.0,355,0.144602,0.60791,0.99,10000,10,36,0.00214383,0.000943015,0.953698488145634,0.9692914507017997
202572.0,332,0.319302,0.282976,0.99,10000,10,36,2.17242e-10,0.00725749,0.9999852608684109,0.9148090967297564
200000.0,437,0.171002,0.452694,0.99,10000,10,27,0.00141164,0.0012237,0.9624282020659112,0.9650185763583012
200000.0,349,0.285149,0.314093,0.99,10000,10,38,1.16932e-06,0.00429594,0.9989186489931572,0.9344565792775507
203483.0,350,0.278906,0.314093,0.99,10000,10,43,2.0362e-06,0.00414404,0.9985730452004355,0.9356257815581424
207830.0,367,0.278906,0.314093,0.99,10000,10,38,1.70399e-05,0.00345269,0.9958720586244473,0.9412404050388364
200000.0,312,0.334798,0.314093,0.99,10000,10,40,2.84165e-09,0.00633824,0.9999466928710209,0.9203869357454444
200000.0,332,0.319302,0.282976,0.99,10000,10,38,1.59224e-10,0.00740566,0.9999873816007354,0.9139438555360514
200000.0,349,0.320273,0.327072,0.99,10000,10,38,1.04426e-05,0.00369475,0.9967684988008667,0.9392155447503229
320052.0,500,0.0608075,0.8,0.99,10000,10,32,0.00585032,0.000218588,0.9235126154192732,0.9852152781561505
200000.0,302,0.20775,0.531124,0.989632,10000,10,30,0.000672149,0.00189672,0.9740741634657626,0.9564486509967831
204936.0,467,0.108024,0.705174,0.989612,10000,10,32,0.00388642,0.000467996,0.937658841845856,0.9783667847974463
208979.0,499,0.084405,0.789739,0.99,10000,10,38,0.0047066,0.000320318,0.9313953354355551,0.982102570016899
221934.0,303,0.278906,0.303161,0.99,10000,10,40,1.43786e-09,0.00680334,0.9999620808755375,0.9175176382491383
203625.0,328,0.168269,0.508152,0.99,10000,10,39,0.00081862,0.00180079,0.971388463865077,0.9575642839108376
234127.0,333,0.270618,0.314093,0.99,10000,10,38,7.19421e-06,0.00389291,0.9973177975467911,0.9376068112691778
213245.0,441,0.100065,0.60791,0.99,10000,10,41,0.00295817,0.00070301,0.9456109385997515,0.9734856642549733
207830.0,319,0.278906,0.314093,0.99,10000,10,43,2.98664e-08,0.00559324,0.9998271810195609,0.9252120330534384
200000.0,288,0.20775,0.531124,0.99,10000,10,35,0.00052013,0.00209812,0.9771936412375847,0.9541947601250687
200000.0,451,0.108024,0.75406,0.989812,10000,10,32,0.00399775,0.000453082,0.9367722371105857,0.9787142770853325
200000.0,455,0.0957756,0.8,0.99,10000,10,33,0.00426086,0.000389252,0.9347247366914541,0.9802705296573881
203254.0,451,0.0857256,0.789739,0.99,10000,10,40,0.00414859,0.000402082,0.9355904510185019,0.9799480175543663
204936.0,406,0.126746,0.548105,0.989612,10000,10,31,0.00199332,0.00102652,0.9553533875865144,0.9679606491950914
201551.0,359,0.142959,0.596091,0.99,10000,10,40,0.00177299,0.00109342,0.9578931122023961,0.9669330981191162
200000.0,400,0.167332,0.441857,0.99,10000,10,32,0.000967233,0.00158512,0.9688996302272787,0.9601864344726574
206713.0,411,0.142959,0.596091,0.99,10000,10,37,0.00250397,0.00080856,0.9499603157483982,0.9715648105334254
208964.0,389,0.168269,0.449353,0.99,10000,10,35,0.00101272,0.00154328,0.968176738067885,0.9607153974183269
204936.0,451,0.108024,0.705174,0.989812,10000,10,32,0.00368933,0.000493241,0.9392601448799884,0.9777909703048512
200000.0,400,0.167332,0.545837,0.99,10000,10,32,0.00191857,0.00104169,0.9561985160068749,0.9677247773051835
463983.0,499,0.0321285,0.782911,0.99,10000,10,25,0.00673964,0.000173379,0.9179046895370996,0.9868326540259625
275595.0,500,0.157791,0.798245,0.99,195120,10,39,0.00977903,6.63467e-05,0.9011110218477307,0.9918546516342148
200000.0,437,0.108219,0.705174,0.99,10000,10,39,0.00344509,0.000531676,0.9413051109550414,0.9769418994711186
345356.0,500,0.0608075,0.777013,0.99,10000,10,36,0.00595795,0.000217875,0.9228122419032655,0.9852394105808745
234529.0,414,0.130069,0.56005,0.99,10000,10,47,0.00252938,0.000792465,0.949707058149279,0.9718492451255744
201340.0,423,0.108219,0.705174,0.99,10000,10,36,0.00329833,0.000565907,0.9425689108583165,0.9762112001143395
200000.0,388,0.167332,0.441857,0.99,10000,10,32,0.000865126,0.00170599,0.9705869756740317,0.958696368198426
200000.0,338,0.144602,0.60791,0.99,10000,10,38,0.00159581,0.00120545,0.960052409334229,0.965280408988584
200000.0,482,0.0736007,0.793501,0.99,10000,10,19,0.00444467,0.000369854,0.9333316416881291,0.9807684114020708
200000.0,280,0.20775,0.562846,0.99,10000,10,28,0.00062087,0.00197535,0.9750827369079187,0.9555550902802132
246094.0,422,0.167332,0.441857,0.99,10000,10,33,0.00171847,0.00115438,0.958545567185161,0.9660238318817439
200000.0,292,0.20775,0.531124,0.99,10000,10,33,0.0005621,0.00203393,0.9762913517888514,0.9549008869266812
207830.0,324,0.278906,0.314093,0.99,10000,10,39,7.08712e-08,0.0052816,0.9997337835467144,0.9273253826979461
260954.0,491,0.01,0.798245,0.99,196164,12,39,0.00997898,5.14314e-05,0.9001051552881731,0.9928284311339847
200000.0,437,0.108219,0.673453,0.99,10000,10,39,0.0032088,0.000585223,0.943353729160694,0.9758086172367101
207830.0,319,0.328089,0.314093,0.99,10000,10,43,3.23519e-08,0.00545608,0.9998201336607366,0.9261347172211465
200000.0,491,0.01,0.798245,0.99,198240,12,39,0.00999989,1.41472e-09,0.9000005500015125,0.999962387236209
223389.0,284,0.278906,0.289175,0.99,10000,10,40,1.09618e-11,0.0096982,0.9999966891390848,0.9015205605214976
200000.0,491,0.01,0.798245,0.99,198240,12,39,0.00999989,1.41472e-09,0.9000005500015125,0.999962387236209
774561.0,500,0.0254848,0.782911,0.99,10000,10,25,0.00788404,8.85352e-05,0.9112078832328004,0.9905906854659864
275595.0,483,0.157791,0.8,0.99,186879,10,37,0.00972797,8.18524e-05,0.9013695280351959,0.9909527683792223
207830.0,317,0.319302,0.275339,0.99,10000,10,38,1.16308e-11,0.00886286,0.9999965896041285,0.9058572360720166
207830.0,324,0.364062,0.275339,0.99,10000,10,38,2.85395e-11,0.00817966,0.999994657762641,0.9095585272123458
200000.0,315,0.319302,0.282976,0.99,10000,10,42,1.63671e-11,0.00876728,0.9999959543727309,0.9063662454026327
221934.0,317,0.278906,0.303161,0.99,10000,10,40,1.80088e-08,0.00578088,0.9998658031296938,0.9239679015152154
388231.0,500,0.0632177,0.8,0.99,10000,10,43,0.00648902,0.000203456,0.9194455463676898,0.9857361996648859
230151.0,383,0.264691,0.314093,0.99,10000,10,34,0.000129042,0.00279142,0.9886403345119673,0.9471661093615092
774561.0,456,0.0312982,0.8,0.99,10000,10,19,0.00773937,0.000104169,0.9120263107514526,0.9897936784295223
200000.0,312,0.369922,0.314093,0.99,10000,10,40,5.48616e-09,0.00622931,0.999925931383164,0.9210740220206299
200000.0,280,0.20775,0.531124,0.99,10000,10,28,0.000439372,0.00223755,0.979038797744404,0.9526972516654687
202572.0,364,0.319302,0.252277,0.99,10000,10,36,3.92911e-11,0.00784127,0.9999937317386781,0.9114490542117138
207830.0,324,0.349636,0.314093,0.99,10000,10,40,1.33022e-07,0.00506142,0.9996352781882036,0.9288563425174106
200000.0,267,0.20775,0.531124,0.989632,10000,10,30,0.000317825,0.00248519,0.9821723529314719,0.9501483199881889
589331.0,495,0.0312982,0.782911,0.99,10000,10,25,0.0072605,0.00012701,0.9147914323556604,0.9887301286608942
234529.0,414,0.12164,0.582404,0.99,10000,10,47,0.00270394,0.000737091,0.9480005769262774,0.9728505801166949
200000.0,482,0.0736007,0.793501,0.99,10000,10,19,0.00444467,0.000369854,0.9333316416881291,0.9807684114020708
208979.0,499,0.084405,0.789739,0.99,10000,10,38,0.0047066,0.000320318,0.9313953354355551,0.982102570016899
233080.0,439,0.171002,0.401258,0.99,10000,10,27,0.00127889,0.00132891,0.9642384284461658,0.9635457821370421
204936.0,451,0.108024,0.705174,0.989812,10000,10,32,0.00368933,0.000493241,0.9392601448799884,0.9777909703048512
200000.0,259,0.266012,0.528702,0.99,10000,10,46,0.000283035,0.00261839,0.9831763559238791,0.9488297938249219
600448.0,500,0.0321285,0.782911,0.99,10000,10,25,0.00733104,0.000121207,0.9143785073711046,0.9889905949297885
201551.0,400,0.142959,0.596091,0.99,10000,10,40,0.00228404,0.000858221,0.9522083689334628,0.9707045908033357
208964.0,330,0.168269,0.546727,0.99,10000,10,37,0.00115066,0.00146695,0.9660786203110782,0.9616992167181923
222180.0,499,0.084405,0.789739,0.99,10000,10,38,0.00489476,0.000309592,0.9300374385831965,0.9824047733745769
234127.0,333,0.270618,0.314093,0.99,10000,10,38,7.19421e-06,0.00389291,0.9973177975467911,0.9376068112691778
482535.0,500,0.0321285,0.782911,0.99,10000,10,25,0.00682973,0.000162459,0.9173578194866568,0.9872540594697763
200000.0,437,0.108219,0.705174,0.99,10000,10,39,0.00344509,0.000531676,0.9413051109550414,0.9769418994711186
202572.0,332,0.319302,0.282976,0.99,10000,10,36,2.17242e-10,0.00725749,0.9999852608684109,0.9148090967297564
227320.0,355,0.144602,0.60791,0.99,10000,10,36,0.00214383,0.000943015,0.953698488145634,0.9692914507017997
213245.0,441,0.100065,0.60791,0.99,10000,10,41,0.00295817,0.00070301,0.9456109385997515,0.9734856642549733
207830.0,332,0.319302,0.275339,0.99,10000,10,38,9.0259e-11,0.00763885,0.9999904995263276,0.9125994851273747
200000.0,437,0.171002,0.452694,0.99,10000,10,27,0.00141164,0.0012237,0.9624282020659112,0.9650185763583012
226636.0,334,0.278906,0.303161,0.99,10000,10,40,6.66651e-07,0.00456003,0.9991835130129635,0.9324720058049997
207830.0,332,0.319302,0.282976,0.99,10000,10,38,4.32916e-10,0.00695603,0.9999791933664424,0.9165971823017951
200000.0,349,0.285149,0.314093,0.99,10000,10,38,1.16932e-06,0.00429594,0.9989186489931572,0.9344565792775507
293561.0,458,0.0608075,0.8,0.99,10000,10,35,0.00523546,0.000281336,0.9276435213681594,0.9832269263401129
203483.0,350,0.278906,0.314093,0.99,10000,10,43,2.0362e-06,0.00414404,0.9985730452004355,0.9356257815581424
293561.0,500,0.0608075,0.787209,0.99,10000,10,36,0.00552536,0.000240242,0.925667234680795,0.9845002580666644
207830.0,324,0.278906,0.314093,0.99,10000,10,39,7.08712e-08,0.0052816,0.9997337835467144,0.9273253826979461
200000.0,312,0.334798,0.314093,0.99,10000,10,40,2.84165e-09,0.00633824,0.9999466928710209,0.9203869357454444
200000.0,332,0.319302,0.282976,0.99,10000,10,38,1.59224e-10,0.00740566,0.9999873816007354,0.9139438555360514
203625.0,328,0.168269,0.508152,0.99,10000,10,39,0.00081862,0.00180079,0.971388463865077,0.9575642839108376
463983.0,499,0.0321285,0.782911,0.99,10000,10,25,0.00673964,0.000173379,0.9179046895370996,0.9868326540259625
349436.0,500,0.0608075,0.8,0.99,10000,10,37,0.00612217,0.000207853,0.9217557030832279,0.9855828921069446
320052.0,500,0.0608075,0.8,0.99,10000,10,32,0.00585032,0.000218588,0.9235126154192732,0.9852152781561505
200000.0,338,0.144602,0.60791,0.99,10000,10,38,0.00159581,0.00120545,0.960052409334229,0.965280408988584
200000.0,302,0.20775,0.531124,0.989632,10000,10,30,0.000672149,0.00189672,0.9740741634657626,0.9564486509967831
200000.0,426,0.108219,0.668037,0.99,10000,10,35,0.00305062,0.000633341,0.9447675819830419,0.9748337328950041
200000.0,388,0.167332,0.441857,0.99,10000,10,32,0.000865126,0.00170599,0.9705869756740317,0.958696368198426
200000.0,349,0.320273,0.327072,0.99,10000,10,38,1.04426e-05,0.00369475,0.9967684988008667,0.9392155447503229
207830.0,365,0.319302,0.284947,0.99,10000,10,41,2.22476e-07,0.00474631,0.9995283263840323,0.9311065315142284
204936.0,467,0.108024,0.705174,0.989612,10000,10,32,0.00388642,0.000467996,0.937658841845856,0.9783667847974463
293561.0,500,0.0608075,0.8,0.99,10000,10,36,0.00559426,0.000233027,0.9252052140854725,0.9847347780887404
201435.0,341,0.278065,0.350334,0.99,10000,10,40,3.15471e-05,0.00331885,0.9943833194856748,0.9423905389714502
218677.0,297,0.275521,0.314093,0.99,10000,10,39,2.60454e-09,0.00661949,0.9999489653059184,0.9186397517211261
200000.0,318,0.24368,0.396098,0.987774,10000,10,26,7.79947e-05,0.00311212,0.9911685391921834,0.9442136217343338
207830.0,319,0.278906,0.314093,0.99,10000,10,43,2.98664e-08,0.00559324,0.9998271810195609,0.9252120330534384
200000.0,451,0.108024,0.75406,0.989812,10000,10,32,0.00399775,0.000453082,0.9367722371105857,0.9787142770853325
200000.0,455,0.0957756,0.8,0.99,10000,10,33,0.00426086,0.000389252,0.9347247366914541,0.9802705296573881
203254.0,451,0.0857256,0.789739,0.99,10000,10,40,0.00414859,0.000402082,0.9355904510185019,0.9799480175543663
207830.0,319,0.328089,0.314093,0.99,10000,10,43,3.23519e-08,0.00545608,0.9998201336607366,0.9261347172211465
200000.0,437,0.108219,0.673453,0.99,10000,10,39,0.0032088,0.000585223,0.943353729160694,0.9758086172367101
201551.0,359,0.142959,0.596091,0.99,10000,10,40,0.00177299,0.00109342,0.9578931122023961,0.9669330981191162
275595.0,500,0.157791,0.798245,0.99,195120,10,39,0.00977903,6.63467e-05,0.9011110218477307,0.9918546516342148
200000.0,400,0.167332,0.441857,0.99,10000,10,32,0.000967233,0.00158512,0.9688996302272787,0.9601864344726574
206713.0,411,0.142959,0.596091,0.99,10000,10,37,0.00250397,0.00080856,0.9499603157483982,0.9715648105334254
208964.0,389,0.168269,0.449353,0.99,10000,10,35,0.00101272,0.00154328,0.968176738067885,0.9607153974183269
246094.0,422,0.167332,0.441857,0.99,10000,10,33,0.00171847,0.00115438,0.958545567185161,0.9660238318817439
201340.0,423,0.108219,0.705174,0.99,10000,10,36,0.00329833,0.000565907,0.9425689108583165,0.9762112001143395
200000.0,400,0.167332,0.545837,0.99,10000,10,32,0.00191857,0.00104169,0.9561985160068749,0.9677247773051835
200000.0,483,0.157791,0.777944,0.99,186879,14,36,0.00997224,1.27801e-05,0.9001388964611345,0.9964250734273274
241347.0,499,0.084405,0.789739,0.99,10000,10,37,0.00516234,0.000299412,0.9281505741150285,0.9826964743476944
200655.0,355,0.29929,0.350334,0.99,10000,10,35,8.86819e-05,0.00304779,0.9905828932256239,0.9447932069397252
345356.0,500,0.0608075,0.777013,0.99,10000,10,36,0.00595795,0.000217875,0.9228122419032655,0.9852394105808745
234529.0,414,0.130069,0.56005,0.99,10000,10,47,0.00252938,0.000792465,0.949707058149279,0.9718492451255744
226636.0,361,0.278906,0.303161,0.99,10000,10,40,1.64267e-05,0.00354739,0.9959470134468518,0.9404400302216329
200000.0,491,0.01,0.798245,0.99,198240,12,39,0.00999989,1.41472e-09,0.9000005500015125,0.999962387236209
223389.0,284,0.278906,0.289175,0.99,10000,10,40,1.09618e-11,0.0096982,0.9999966891390848,0.9015205605214976
200000.0,491,0.01,0.798245,0.99,198240,12,39,0.00999989,1.41472e-09,0.9000005500015125,0.999962387236209
774561.0,500,0.0254848,0.782911,0.99,10000,10,25,0.00788404,8.85352e-05,0.9112078832328004,0.9905906854659864
275595.0,483,0.157791,0.8,0.99,186879,10,37,0.00972797,8.18524e-05,0.9013695280351959,0.9909527683792223
200000.0,280,0.20775,0.531124,0.99,10000,10,28,0.000439372,0.00223755,0.979038797744404,0.9526972516654687
207830.0,317,0.319302,0.275339,0.99,10000,10,38,1.16308e-11,0.00886286,0.9999965896041285,0.9058572360720166
207830.0,324,0.364062,0.275339,0.99,10000,10,38,2.85395e-11,0.00817966,0.999994657762641,0.9095585272123458
200000.0,315,0.319302,0.282976,0.99,10000,10,42,1.63671e-11,0.00876728,0.9999959543727309,0.9063662454026327
230151.0,383,0.264691,0.314093,0.99,10000,10,34,0.000129042,0.00279142,0.9886403345119673,0.9471661093615092
221934.0,317,0.278906,0.303161,0.99,10000,10,40,1.80088e-08,0.00578088,0.9998658031296938,0.9239679015152154
774561.0,456,0.0312982,0.8,0.99,10000,10,19,0.00773937,0.000104169,0.9120263107514526,0.9897936784295223
200000.0,302,0.20775,0.531124,0.989632,10000,10,30,0.000672149,0.00189672,0.9740741634657626,0.9564486509967831
200000.0,312,0.369922,0.314093,0.99,10000,10,40,5.48616e-09,0.00622931,0.999925931383164,0.9210740220206299
202572.0,364,0.319302,0.252277,0.99,10000,10,36,3.92911e-11,0.00784127,0.9999937317386781,0.9114490542117138
207830.0,324,0.349636,0.314093,0.99,10000,10,40,1.33022e-07,0.00506142,0.9996352781882036,0.9288563425174106
200000.0,267,0.20775,0.531124,0.989632,10000,10,30,0.000317825,0.00248519,0.9821723529314719,0.9501483199881889
349436.0,500,0.0608075,0.8,0.99,10000,10,37,0.00612217,0.000207853,0.9217557030832279,0.9855828921069446
293561.0,458,0.0608075,0.8,0.99,10000,10,35,0.00523546,0.000281336,0.9276435213681594,0.9832269263401129
200000.0,400,0.167332,0.545837,0.99,10000,10,32,0.00191857,0.00104169,0.9561985160068749,0.9677247773051835
589331.0,495,0.0312982,0.782911,0.99,10000,10,25,0.0072605,0.00012701,0.9147914323556604,0.9887301286608942
207830.0,365,0.319302,0.284947,0.99,10000,10,41,2.22476e-07,0.00474631,0.9995283263840323,0.9311065315142284
200000.0,482,0.0736007,0.793501,0.99,10000,10,19,0.00444467,0.000369854,0.9333316416881291,0.9807684114020708
233080.0,439,0.171002,0.401258,0.99,10000,10,27,0.00127889,0.00132891,0.9642384284461658,0.9635457821370421
201435.0,341,0.278065,0.350334,0.99,10000,10,40,3.15471e-05,0.00331885,0.9943833194856748,0.9423905389714502
204936.0,451,0.108024,0.705174,0.989812,10000,10,32,0.00368933,0.000493241,0.9392601448799884,0.9777909703048512
200000.0,259,0.266012,0.528702,0.99,10000,10,46,0.000283035,0.00261839,0.9831763559238791,0.9488297938249219
224019.0,326,0.319302,0.282976,0.99,10000,10,42,1.54947e-09,0.00649223,0.9999606366922121,0.9194256244206633
600448.0,500,0.0321285,0.782911,0.99,10000,10,25,0.00733104,0.000121207,0.9143785073711046,0.9889905949297885
200000.0,426,0.108219,0.668037,0.99,10000,10,35,0.00305062,0.000633341,0.9447675819830419,0.9748337328950041
234099.0,312,0.369922,0.282927,0.99,10000,10,40,1.22396e-09,0.00682571,0.9999650148602975,0.9173821447869772
234127.0,333,0.270618,0.314093,0.99,10000,10,38,7.19421e-06,0.00389291,0.9973177975467911,0.9376068112691778
533695.0,500,0.0396978,0.731821,0.99,10000,10,25,0.00684911,0.000157147,0.917240650075052,0.987464171347693
200000.0,437,0.108219,0.705174,0.99,10000,10,39,0.00344509,0.000531676,0.9413051109550414,0.9769418994711186
202572.0,332,0.319302,0.282976,0.99,10000,10,36,2.17242e-10,0.00725749,0.9999852608684109,0.9148090967297564
202970.0,441,0.12238,0.60791,0.99,10000,10,41,0.00282021,0.000680272,0.9468943505830123,0.9739179755386972
207830.0,332,0.319302,0.282976,0.99,10000,10,38,4.32916e-10,0.00695603,0.9999791933664424,0.9165971823017951
200000.0,437,0.171002,0.452694,0.99,10000,10,27,0.00141164,0.0012237,0.9624282020659112,0.9650185763583012
201551.0,400,0.142959,0.596091,0.99,10000,10,40,0.00228404,0.000858221,0.9522083689334628,0.9707045908033357
200000.0,349,0.285149,0.314093,0.99,10000,10,38,1.16932e-06,0.00429594,0.9989186489931572,0.9344565792775507
207830.0,332,0.319302,0.275339,0.99,10000,10,38,9.0259e-11,0.00763885,0.9999904995263276,0.9125994851273747
208964.0,330,0.168269,0.546727,0.99,10000,10,37,0.00115066,0.00146695,0.9660786203110782,0.9616992167181923
203483.0,350,0.278906,0.314093,0.99,10000,10,43,2.0362e-06,0.00414404,0.9985730452004355,0.9356257815581424
226636.0,361,0.278906,0.303161,0.99,10000,10,40,1.64267e-05,0.00354739,0.9959470134468518,0.9404400302216329
293561.0,500,0.0608075,0.787209,0.99,10000,10,36,0.00552536,0.000240242,0.925667234680795,0.9845002580666644
207830.0,324,0.278906,0.314093,0.99,10000,10,39,7.08712e-08,0.0052816,0.9997337835467144,0.9273253826979461
388231.0,500,0.0632177,0.8,0.99,10000,10,43,0.00648902,0.000203456,0.9194455463676898,0.9857361996648859
203625.0,328,0.168269,0.508152,0.99,10000,10,39,0.00081862,0.00180079,0.971388463865077,0.9575642839108376
227320.0,355,0.144602,0.60791,0.99,10000,10,36,0.00214383,0.000943015,0.953698488145634,0.9692914507017997
463983.0,499,0.0321285,0.782911,0.99,10000,10,25,0.00673964,0.000173379,0.9179046895370996,0.9868326540259625
200655.0,355,0.29929,0.350334,0.99,10000,10,35,8.86819e-05,0.00304779,0.9905828932256239,0.9447932069397252
320052.0,500,0.0608075,0.8,0.99,10000,10,32,0.00585032,0.000218588,0.9235126154192732,0.9852152781561505
200000.0,338,0.144602,0.60791,0.99,10000,10,38,0.00159581,0.00120545,0.960052409334229,0.965280408988584
237095.0,500,0.0608075,0.8,0.99,10000,10,36,0.00505489,0.000295007,0.928902250387231,0.9828242321860128
200000.0,349,0.320273,0.327072,0.99,10000,10,38,1.04426e-05,0.00369475,0.9967684988008667,0.9392155447503229
222180.0,499,0.084405,0.789739,0.99,10000,10,38,0.00489476,0.000309592,0.9300374385831965,0.9824047733745769
204936.0,467,0.108024,0.705174,0.989612,10000,10,32,0.00388642,0.000467996,0.937658841845856,0.9783667847974463
293561.0,500,0.0608075,0.8,0.99,10000,10,36,0.00559426,0.000233027,0.9252052140854725,0.9847347780887404
200000.0,318,0.24368,0.396098,0.987774,10000,10,26,7.79947e-05,0.00311212,0.9911685391921834,0.9442136217343338
200000.0,451,0.108024,0.75406,0.989812,10000,10,32,0.00399775,0.000453082,0.9367722371105857,0.9787142770853325
200000.0,455,0.0957756,0.8,0.99,10000,10,33,0.00426086,0.000389252,0.9347247366914541,0.9802705296573881
203254.0,451,0.0857256,0.789739,0.99,10000,10,40,0.00414859,0.000402082,0.9355904510185019,0.9799480175543663
207830.0,319,0.328089,0.314093,0.99,10000,10,43,3.23519e-08,0.00545608,0.9998201336607366,0.9261347172211465
200000.0,437,0.108219,0.673453,0.99,10000,10,39,0.0032088,0.000585223,0.943353729160694,0.9758086172367101
201551.0,359,0.142959,0.596091,0.99,10000,10,40,0.00177299,0.00109342,0.9578931122023961,0.9669330981191162
275595.0,500,0.157791,0.798245,0.99,195120,10,39,0.00977903,6.63467e-05,0.9011110218477307,0.9918546516342148
200000.0,400,0.167332,0.441857,0.99,10000,10,32,0.000967233,0.00158512,0.9688996302272787,0.9601864344726574
206713.0,411,0.142959,0.596091,0.99,10000,10,37,0.00250397,0.00080856,0.9499603157483982,0.9715648105334254
208979.0,499,0.084405,0.789739,0.99,10000,10,38,0.0047066,0.000320318,0.9313953354355551,0.982102570016899
246094.0,422,0.167332,0.441857,0.99,10000,10,33,0.00171847,0.00115438,0.958545567185161,0.9660238318817439
201340.0,423,0.108219,0.705174,0.99,10000,10,36,0.00329833,0.000565907,0.9425689108583165,0.9762112001143395
200000.0,483,0.157791,0.777944,0.99,186879,14,36,0.00997224,1.27801e-05,0.9001388964611345,0.9964250734273274
345356.0,500,0.0608075,0.777013,0.99,10000,10,36,0.00595795,0.000217875,0.9228122419032655,0.9852394105808745
226636.0,334,0.278906,0.303161,0.99,10000,10,40,6.66651e-07,0.00456003,0.9991835130129635,0.9324720058049997
200000.0,312,0.334798,0.314093,0.99,10000,10,40,2.84165e-09,0.00633824,0.9999466928710209,0.9203869357454444
388231.0,500,0.0632177,0.8,0.99,10000,10,43,0.00648902,0.000203456,0.9194455463676898,0.9857361996648859
234529.0,414,0.130069,0.56005,0.99,10000,10,47,0.00252938,0.000792465,0.949707058149279,0.9718492451255744
200000.0,302,0.20775,0.531124,0.989632,10000,10,32,0.000672272,0.00189607,0.9740717914232394,0.9564561140916431
204748.0,328,0.319302,0.282976,0.99,10000,10,38,1.53942e-10,0.00743169,0.9999875926634607,0.9137927497248637
234529.0,414,0.11426,0.582404,0.99,10000,10,47,0.00269489,0.000751404,0.948087670058068,0.9725882506942735
200000.0,491,0.01,0.798245,0.99,198240,12,39,0.00999989,1.41472e-09,0.9000005500015125,0.999962387236209
223389.0,284,0.278906,0.289175,0.99,10000,10,40,1.09618e-11,0.0096982,0.9999966891390848,0.9015205605214976
200000.0,491,0.01,0.798245,0.99,198240,12,39,0.00999989,1.41472e-09,0.9000005500015125,0.999962387236209
774561.0,500,0.0254848,0.782911,0.99,10000,10,25,0.00788404,8.85352e-05,0.9112078832328004,0.9905906854659864
275595.0,483,0.157791,0.8,0.99,186879,10,37,0.00972797,8.18524e-05,0.9013695280351959,0.9909527683792223
207830.0,317,0.319302,0.275339,0.99,10000,10,38,1.16308e-11,0.00886286,0.9999965896041285,0.9058572360720166
207830.0,324,0.364062,0.275339,0.99,10000,10,38,2.85395e-11,0.00817966,0.999994657762641,0.9095585272123458
221934.0,317,0.278906,0.303161,0.99,10000,10,40,1.80088e-08,0.00578088,0.9998658031296938,0.9239679015152154
200000.0,315,0.319302,0.282976,0.99,10000,10,42,1.63671e-11,0.00876728,0.9999959543727309,0.9063662454026327
200000.0,400,0.167332,0.441857,0.99,10000,10,32,0.000967233,0.00158512,0.9688996302272787,0.9601864344726574
735675.0,474,0.0312982,0.8,0.99,10000,10,19,0.00771999,0.00010269,0.9121365263604949,0.9898663925475673
200000.0,290,0.167332,0.545837,0.99,10000,10,36,0.000643048,0.00207932,0.9746416088838428,0.9544004385986006
208964.0,330,0.168269,0.546727,0.99,10000,10,37,0.00115066,0.00146695,0.9660786203110782,0.9616992167181923
200000.0,312,0.369922,0.314093,0.99,10000,10,40,5.48616e-09,0.00622931,0.999925931383164,0.9210740220206299
533695.0,500,0.0396978,0.731821,0.99,10000,10,25,0.00684911,0.000157147,0.917240650075052,0.987464171347693
207830.0,324,0.349636,0.314093,0.99,10000,10,40,1.33022e-07,0.00506142,0.9996352781882036,0.9288563425174106
203625.0,328,0.168269,0.508152,0.99,10000,10,39,0.00081862,0.00180079,0.971388463865077,0.9575642839108376
200000.0,267,0.20775,0.531124,0.989632,10000,10,30,0.000317825,0.00248519,0.9821723529314719,0.9501483199881889
230151.0,383,0.264691,0.314093,0.99,10000,10,34,0.000129042,0.00279142,0.9886403345119673,0.9471661093615092
200000.0,400,0.167332,0.545837,0.99,10000,10,32,0.00191857,0.00104169,0.9561985160068749,0.9677247773051835
589331.0,495,0.0312982,0.782911,0.99,10000,10,25,0.0072605,0.00012701,0.9147914323556604,0.9887301286608942
207830.0,365,0.319302,0.284947,0.99,10000,10,41,2.22476e-07,0.00474631,0.9995283263840323,0.9311065315142284
207830.0,319,0.328089,0.314093,0.99,10000,10,43,3.23519e-08,0.00545608,0.9998201336607366,0.9261347172211465
233080.0,439,0.171002,0.401258,0.99,10000,10,27,0.00127889,0.00132891,0.9642384284461658,0.9635457821370421
201435.0,341,0.278065,0.350334,0.99,10000,10,40,3.15471e-05,0.00331885,0.9943833194856748,0.9423905389714502
204936.0,451,0.108024,0.705174,0.989812,10000,10,32,0.00368933,0.000493241,0.9392601448799884,0.9777909703048512
224019.0,326,0.319302,0.282976,0.99,10000,10,42,1.54947e-09,0.00649223,0.9999606366922121,0.9194256244206633
201551.0,400,0.142959,0.596091,0.99,10000,10,40,0.00228404,0.000858221,0.9522083689334628,0.9707045908033357
200000.0,426,0.108219,0.668037,0.99,10000,10,35,0.00305062,0.000633341,0.9447675819830419,0.9748337328950041
600448.0,500,0.0321285,0.782911,0.99,10000,10,25,0.00733104,0.000121207,0.9143785073711046,0.9889905949297885
234099.0,312,0.369922,0.282927,0.99,10000,10,40,1.22396e-09,0.00682571,0.9999650148602975,0.9173821447869772
202970.0,441,0.12238,0.60791,0.99,10000,10,41,0.00282021,0.000680272,0.9468943505830123,0.9739179755386972
226636.0,334,0.278906,0.303161,0.99,10000,10,40,6.66651e-07,0.00456003,0.9991835130129635,0.9324720058049997
200000.0,280,0.20775,0.531124,0.99,10000,10,28,0.000439372,0.00223755,0.979038797744404,0.9526972516654687
207830.0,332,0.319302,0.282976,0.99,10000,10,38,4.32916e-10,0.00695603,0.9999791933664424,0.9165971823017951
200000.0,437,0.171002,0.452694,0.99,10000,10,27,0.00141164,0.0012237,0.9624282020659112,0.9650185763583012
200000.0,349,0.285149,0.314093,0.99,10000,10,38,1.16932e-06,0.00429594,0.9989186489931572,0.9344565792775507
203483.0,350,0.278906,0.314093,0.99,10000,10,43,2.0362e-06,0.00414404,0.9985730452004355,0.9356257815581424
208979.0,499,0.084405,0.789739,0.99,10000,10,38,0.0047066,0.000320318,0.9313953354355551,0.982102570016899
226636.0,361,0.278906,0.303161,0.99,10000,10,40,1.64267e-05,0.00354739,0.9959470134468518,0.9404400302216329
207830.0,324,0.278906,0.314093,0.99,10000,10,39,7.08712e-08,0.0052816,0.9997337835467144,0.9273253826979461
234529.0,414,0.11426,0.582404,0.99,10000,10,47,0.00269489,0.000751404,0.948087670058068,0.9725882506942735
349436.0,500,0.0608075,0.8,0.99,10000,10,37,0.00612217,0.000207853,0.9217557030832279,0.9855828921069446
204748.0,328,0.319302,0.282976,0.99,10000,10,38,1.53942e-10,0.00743169,0.9999875926634607,0.9137927497248637
320052.0,500,0.0608075,0.8,0.99,10000,10,32,0.00585032,0.000218588,0.9235126154192732,0.9852152781561505
388231.0,500,0.0632177,0.8,0.99,10000,10,43,0.00648902,0.000203456,0.9194455463676898,0.9857361996648859
222180.0,499,0.084405,0.789739,0.99,10000,10,38,0.00489476,0.000309592,0.9300374385831965,0.9824047733745769
237095.0,500,0.0608075,0.8,0.99,10000,10,36,0.00505489,0.000295007,0.928902250387231,0.9828242321860128
200000.0,349,0.320273,0.327072,0.99,10000,10,38,1.04426e-05,0.00369475,0.9967684988008667,0.9392155447503229
201551.0,359,0.142959,0.596091,0.99,10000,10,40,0.00177299,0.00109342,0.9578931122023961,0.9669330981191162
293561.0,458,0.0608075,0.8,0.99,10000,10,35,0.00523546,0.000281336,0.9276435213681594,0.9832269263401129
204936.0,467,0.108024,0.705174,0.989612,10000,10,32,0.00388642,0.000467996,0.937658841845856,0.9783667847974463
202572.0,364,0.319302,0.252277,0.99,10000,10,36,3.92911e-11,0.00784127,0.9999937317386781,0.9114490542117138
293561.0,500,0.0608075,0.8,0.99,10000,10,36,0.00559426,0.000233027,0.9252052140854725,0.9847347780887404
200000.0,318,0.24368,0.396098,0.987774,10000,10,26,7.79947e-05,0.00311212,0.9911685391921834,0.9442136217343338
200000.0,259,0.224297,0.528702,0.99,10000,10,46,0.000239699,0.00263071,0.9845177843962823,0.9487095525463074
282212.0,482,0.0736007,0.793501,0.99,10000,10,22,0.00538599,0.00027015,0.9266106956021519,0.9835637595539612
200000.0,451,0.108024,0.75406,0.989812,10000,10,32,0.00399775,0.000453082,0.9367722371105857,0.9787142770853325
200000.0,455,0.0957756,0.8,0.99,10000,10,33,0.00426086,0.000389252,0.9347247366914541,0.9802705296573881
203254.0,451,0.0857256,0.789739,0.99,10000,10,40,0.00414859,0.000402082,0.9355904510185019,0.9799480175543663
200000.0,437,0.108219,0.673453,0.99,10000,10,39,0.0032088,0.000585223,0.943353729160694,0.9758086172367101
206713.0,411,0.142959,0.596091,0.99,10000,10,37,0.00250397,0.00080856,0.9499603157483982,0.9715648105334254
225727.0,458,0.0873942,0.789739,0.99,10000,10,40,0.00452952,0.000355155,0.9326982912549763,0.9811544434945529
227320.0,355,0.144602,0.60791,0.99,10000,10,36,0.00214383,0.000943015,0.953698488145634,0.9692914507017997
202572.0,332,0.319302,0.282976,0.99,10000,10,36,2.17242e-10,0.00725749,0.9999852608684109,0.9148090967297564
275595.0,500,0.157791,0.798245,0.99,195120,10,39,0.00977903,6.63467e-05,0.9011110218477307,0.9918546516342148
241558.0,326,0.233322,0.353926,0.99,10000,10,42,0.000102519,0.00301819,0.989874833334705,0.9450619439732347
200000.0,482,0.0736007,0.793501,0.99,10000,10,19,0.00444467,0.000369854,0.9333316416881291,0.9807684114020708
201340.0,423,0.108219,0.705174,0.99,10000,10,36,0.00329833,0.000565907,0.9425689108583165,0.9762112001143395
200000.0,483,0.157791,0.777944,0.99,186879,14,36,0.00997224,1.27801e-05,0.9001388964611345,0.9964250734273274
200000.0,280,0.20775,0.531124,0.99,10000,10,28,0.000439372,0.00223755,0.979038797744404,0.9526972516654687
200000.0,437,0.108219,0.705174,0.99,10000,10,39,0.00344509,0.000531676,0.9413051109550414,0.9769418994711186
200000.0,338,0.144602,0.60791,0.99,10000,10,38,0.00159581,0.00120545,0.960052409334229,0.965280408988584
463983.0,479,0.0321285,0.782911,0.99,10000,10,25,0.00663351,0.000193544,0.918553637281951,0.986087990799313
200000.0,312,0.334798,0.314093,0.99,10000,10,40,2.84165e-09,0.00633824,0.9999466928710209,0.9203869357454444
234127.0,333,0.270618,0.314093,0.99,10000,10,38,7.19421e-06,0.00389291,0.9973177975467911,0.9376068112691778
463983.0,499,0.0321285,0.782911,0.99,10000,10,25,0.00673964,0.000173379,0.9179046895370996,0.9868326540259625
234529.0,414,0.130069,0.56005,0.99,10000,10,47,0.00252938,0.000792465,0.949707058149279,0.9718492451255744
293561.0,500,0.0608075,0.787209,0.99,10000,10,36,0.00552536,0.000240242,0.925667234680795,0.9845002580666644
202946.0,302,0.20775,0.531124,0.99,10000,10,34,0.000702762,0.00186147,0.9734903413828092,0.9568552436558044
202572.0,413,0.319302,0.21903,0.99,10000,10,33,9.59656e-12,0.00824874,0.9999969021685003,0.9091774257136476
200000.0,491,0.01,0.798245,0.99,198240,12,39,0.00999989,1.41472e-09,0.9000005500015125,0.999962387236209
200000.0,491,0.01,0.798245,0.99,198240,12,39,0.00999989,1.41472e-09,0.9000005500015125,0.999962387236209
275595.0,483,0.157791,0.8,0.99,186879,10,37,0.00972797,8.18524e-05,0.9013695280351959,0.9909527683792223
774561.0,500,0.0254848,0.782911,0.99,10000,10,25,0.00788404,8.85352e-05,0.9112078832328004,0.9905906854659864
207830.0,376,0.364062,0.241501,0.99,10000,10,38,3.69753e-11,0.00771746,0.9999939192681362,0.9121509248768094
221934.0,317,0.278906,0.303161,0.99,10000,10,40,1.80088e-08,0.00578088,0.9998658031296938,0.9239679015152154
207830.0,324,0.364062,0.275339,0.99,10000,10,38,2.85395e-11,0.00817966,0.999994657762641,0.9095585272123458
207830.0,319,0.328089,0.314093,0.99,10000,10,43,3.23519e-08,0.00545608,0.9998201336607366,0.9261347172211465
207830.0,365,0.319302,0.284947,0.99,10000,10,41,2.22476e-07,0.00474631,0.9995283263840323,0.9311065315142284
735675.0,474,0.0312982,0.8,0.99,10000,10,19,0.00771999,0.00010269,0.9121365263604949,0.9898663925475673
200000.0,259,0.224297,0.528702,0.99,10000,10,46,0.000239699,0.00263071,0.9845177843962823,0.9487095525463074
320052.0,500,0.0608075,0.8,0.99,10000,10,32,0.00585032,0.000218588,0.9235126154192732,0.9852152781561505
204748.0,328,0.319302,0.282976,0.99,10000,10,38,1.53942e-10,0.00743169,0.9999875926634607,0.9137927497248637
200000.0,400,0.167332,0.545837,0.99,10000,10,32,0.00191857,0.00104169,0.9561985160068749,0.9677247773051835
234127.0,333,0.270618,0.314093,0.99,10000,10,38,7.19421e-06,0.00389291,0.9973177975467911,0.9376068112691778
226636.0,334,0.278906,0.303161,0.99,10000,10,40,6.66651e-07,0.00456003,0.9991835130129635,0.9324720058049997
217709.0,317,0.248107,0.303161,0.99,10000,10,40,1.35544e-08,0.00606433,0.9998835766346476,0.9221261918229242
200000.0,290,0.167332,0.545837,0.99,10000,10,36,0.000643048,0.00207932,0.9746416088838428,0.9544004385986006
207830.0,332,0.319302,0.282976,0.99,10000,10,38,4.32916e-10,0.00695603,0.9999791933664424,0.9165971823017951
201551.0,359,0.142959,0.596091,0.99,10000,10,40,0.00177299,0.00109342,0.9578931122023961,0.9669330981191162
200000.0,338,0.144602,0.60791,0.99,10000,10,38,0.00159581,0.00120545,0.960052409334229,0.965280408988584
204936.0,451,0.108024,0.705174,0.989812,10000,10,32,0.00368933,0.000493241,0.9392601448799884,0.9777909703048512
227320.0,355,0.144602,0.60791,0.99,10000,10,36,0.00214383,0.000943015,0.953698488145634,0.9692914507017997
589331.0,495,0.0312982,0.782911,0.99,10000,10,25,0.0072605,0.00012701,0.9147914323556604,0.9887301286608942
200000.0,349,0.285149,0.314093,0.99,10000,10,38,1.16932e-06,0.00429594,0.9989186489931572,0.9344565792775507
200000.0,426,0.108219,0.668037,0.99,10000,10,35,0.00305062,0.000633341,0.9447675819830419,0.9748337328950041
234099.0,312,0.369922,0.282927,0.99,10000,10,40,1.22396e-09,0.00682571,0.9999650148602975,0.9173821447869772
202970.0,441,0.12238,0.60791,0.99,10000,10,41,0.00282021,0.000680272,0.9468943505830123,0.9739179755386972
600448.0,500,0.0321285,0.782911,0.99,10000,10,25,0.00733104,0.000121207,0.9143785073711046,0.9889905949297885
200000.0,437,0.108219,0.705174,0.99,10000,10,39,0.00344509,0.000531676,0.9413051109550414,0.9769418994711186
200000.0,355,0.285149,0.32781,0.99,10000,10,40,1.29132e-05,0.00354304,0.9964065058786746,0.9404765592392376
207830.0,324,0.349636,0.314093,0.99,10000,10,40,1.33022e-07,0.00506142,0.9996352781882036,0.9288563425174106
200000.0,437,0.171002,0.452694,0.99,10000,10,27,0.00141164,0.0012237,0.9624282020659112,0.9650185763583012
510723.0,498,0.0396978,0.764061,0.99,10000,10,38,0.00685859,0.00015268,0.9171833953847418,0.9876436251270853
202946.0,302,0.20775,0.531124,0.99,10000,10,34,0.000702762,0.00186147,0.9734903413828092,0.9568552436558044
200000.0,349,0.320273,0.327072,0.99,10000,10,38,1.04426e-05,0.00369475,0.9967684988008667,0.9392155447503229
234529.0,414,0.11426,0.582404,0.99,10000,10,47,0.00269489,0.000751404,0.948087670058068,0.9725882506942735
200000.0,375,0.279523,0.377998,0.99,10000,10,39,0.000407763,0.00245361,0.9798068575996701,0.9504660722332662
208979.0,499,0.084405,0.789739,0.99,10000,10,38,0.0047066,0.000320318,0.9313953354355551,0.982102570016899
241558.0,326,0.233322,0.353926,0.99,10000,10,42,0.000102519,0.00301819,0.989874833334705,0.9450619439732347
388231.0,500,0.0632177,0.8,0.99,10000,10,43,0.00648902,0.000203456,0.9194455463676898,0.9857361996648859
208964.0,330,0.168269,0.507847,0.99,10000,10,37,0.000881935,0.00172426,0.970302609542251,0.958475790194153
202572.0,332,0.319302,0.291515,0.99,10000,10,39,1.24731e-09,0.00654067,0.9999646827237744,0.919125591192269
200000.0,400,0.167332,0.441857,0.99,10000,10,32,0.000967233,0.00158512,0.9688996302272787,0.9601864344726574
349436.0,500,0.0608075,0.8,0.99,10000,10,37,0.00612217,0.000207853,0.9217557030832279,0.9855828921069446
233080.0,439,0.171002,0.401258,0.99,10000,10,27,0.00127889,0.00132891,0.9642384284461658,0.9635457821370421
242811.0,259,0.224297,0.528702,0.99,10000,10,46,0.000565312,0.00218181,0.9762237092884529,0.9532901509315219
200000.0,280,0.20775,0.531124,0.99,10000,10,28,0.000439372,0.00223755,0.979038797744404,0.9526972516654687
239550.0,332,0.319302,0.282976,0.99,10000,10,36,6.621e-08,0.00527699,0.9997426869610766,0.9273571063351687
200000.0,267,0.20775,0.531124,0.989632,10000,10,30,0.000317825,0.00248519,0.9821723529314719,0.9501483199881889
203254.0,451,0.0857256,0.789739,0.99,10000,10,40,0.00414859,0.000402082,0.9355904510185019,0.9799480175543663
222180.0,499,0.084405,0.789739,0.99,10000,10,38,0.00489476,0.000309592,0.9300374385831965,0.9824047733745769
237095.0,500,0.0608075,0.8,0.99,10000,10,36,0.00505489,0.000295007,0.928902250387231,0.9828242321860128
360361.0,500,0.0618753,0.8,0.99,10000,10,38,0.00623297,0.000206796,0.9210508391431549,0.985619596667687
200000.0,318,0.24368,0.396098,0.987774,10000,10,26,7.79947e-05,0.00311212,0.9911685391921834,0.9442136217343338
202572.0,332,0.319302,0.282976,0.99,10000,10,36,2.17242e-10,0.00725749,0.9999852608684109,0.9148090967297564
293561.0,458,0.0608075,0.8,0.99,10000,10,35,0.00523546,0.000281336,0.9276435213681594,0.9832269263401129
201551.0,400,0.142959,0.596091,0.99,10000,10,40,0.00228404,0.000858221,0.9522083689334628,0.9707045908033357
201435.0,341,0.278065,0.350334,0.99,10000,10,40,3.15471e-05,0.00331885,0.9943833194856748,0.9423905389714502
293561.0,500,0.0608075,0.8,0.99,10000,10,36,0.00559426,0.000233027,0.9252052140854725,0.9847347780887404
200000.0,458,0.0873942,0.75049,0.99,10000,10,40,0.00394465,0.000441152,0.9371935512865119,0.9789963812641725
282212.0,482,0.0736007,0.793501,0.99,10000,10,22,0.00538599,0.00027015,0.9266106956021519,0.9835637595539612
208964.0,330,0.168269,0.546727,0.99,10000,10,37,0.00115066,0.00146695,0.9660786203110782,0.9616992167181923
200000.0,455,0.0957756,0.8,0.99,10000,10,33,0.00426086,0.000389252,0.9347247366914541,0.9802705296573881
200000.0,312,0.369922,0.314093,0.99,10000,10,40,5.48616e-09,0.00622931,0.999925931383164,0.9210740220206299
200000.0,437,0.108219,0.673453,0.99,10000,10,39,0.0032088,0.000585223,0.943353729160694,0.9758086172367101
230151.0,383,0.264691,0.314093,0.99,10000,10,34,0.000129042,0.00279142,0.9886403345119673,0.9471661093615092
201551.0,351,0.204036,0.503956,0.99,10000,10,40,0.00107203,0.00154862,0.9672581307802991,0.9606474905501567
206713.0,411,0.142959,0.596091,0.99,10000,10,37,0.00250397,0.00080856,0.9499603157483982,0.9715648105334254
225727.0,458,0.0873942,0.789739,0.99,10000,10,40,0.00452952,0.000355155,0.9326982912549763,0.9811544434945529
200000.0,312,0.334798,0.314093,0.99,10000,10,40,2.84165e-09,0.00633824,0.9999466928710209,0.9203869357454444
204936.0,467,0.108024,0.705174,0.989612,10000,10,32,0.00388642,0.000467996,0.937658841845856,0.9783667847974463
275595.0,500,0.157791,0.798245,0.99,195120,10,39,0.00977903,6.63467e-05,0.9011110218477307,0.9918546516342148
200000.0,482,0.0736007,0.793501,0.99,10000,10,19,0.00444467,0.000369854,0.9333316416881291,0.9807684114020708
203483.0,350,0.278906,0.314093,0.99,10000,10,43,2.0362e-06,0.00414404,0.9985730452004355,0.9356257815581424
229035.0,383,0.264691,0.314093,0.99,10000,10,35,0.000123499,0.00280538,0.9888869896067717,0.9470341619531986
200000.0,483,0.157791,0.777944,0.99,186879,14,36,0.00997224,1.27801e-05,0.9001388964611345,0.9964250734273274
201340.0,423,0.108219,0.705174,0.99,10000,10,36,0.00329833,0.000565907,0.9425689108583165,0.9762112001143395
203854.0,341,0.278209,0.350334,0.99,10000,10,40,3.68427e-05,0.0032699,0.9939301812218156,0.9428169605564727
200000.0,491,0.01,0.798245,0.99,198240,12,39,0.00999989,1.41472e-09,0.9000005500015125,0.999962387236209
200000.0,491,0.01,0.798245,0.99,198240,12,39,0.00999989,1.41472e-09,0.9000005500015125,0.999962387236209
202572.0,413,0.319302,0.21903,0.99,10000,10,33,9.59656e-12,0.00824874,0.9999969021685003,0.9091774257136476
275595.0,483,0.157791,0.8,0.99,186879,10,37,0.00972797,8.18524e-05,0.9013695280351959,0.9909527683792223
783371.0,500,0.0254848,0.782911,0.99,10000,10,25,0.00790689,8.7267e-05,0.9110793049959685,0.9906583192090502
207830.0,376,0.364062,0.241501,0.99,10000,10,38,3.69753e-11,0.00771746,0.9999939192681362,0.9121509248768094
510723.0,498,0.0396978,0.764061,0.99,10000,10,38,0.00685859,0.00015268,0.9171833953847418,0.9876436251270853
200000.0,356,0.362656,0.282357,0.99,10000,10,40,1.37282e-08,0.00568394,0.9998828325983902,0.9246080906197489
202946.0,302,0.20775,0.531124,0.99,10000,10,34,0.000702762,0.00186147,0.9734903413828092,0.9568552436558044
217709.0,317,0.248107,0.303161,0.99,10000,10,40,1.35544e-08,0.00606433,0.9998835766346476,0.9221261918229242
207830.0,324,0.364062,0.275339,0.99,10000,10,38,2.85395e-11,0.00817966,0.999994657762641,0.9095585272123458
207830.0,324,0.349636,0.314093,0.99,10000,10,40,1.33022e-07,0.00506142,0.9996352781882036,0.9288563425174106
388231.0,500,0.0632177,0.8,0.99,10000,10,43,0.00648902,0.000203456,0.9194455463676898,0.9857361996648859
207830.0,365,0.319302,0.284947,0.99,10000,10,41,2.22476e-07,0.00474631,0.9995283263840323,0.9311065315142284
208964.0,330,0.168269,0.507847,0.99,10000,10,37,0.000881935,0.00172426,0.970302609542251,0.958475790194153
200000.0,259,0.224297,0.528702,0.99,10000,10,46,0.000239699,0.00263071,0.9845177843962823,0.9487095525463074
202572.0,332,0.319302,0.291515,0.99,10000,10,39,1.24731e-09,0.00654067,0.9999646827237744,0.919125591192269
202572.0,332,0.319302,0.282976,0.99,10000,10,36,2.17242e-10,0.00725749,0.9999852608684109,0.9148090967297564
204748.0,328,0.319302,0.282976,0.99,10000,10,38,1.53942e-10,0.00743169,0.9999875926634607,0.9137927497248637
234127.0,333,0.270618,0.314093,0.99,10000,10,38,7.19421e-06,0.00389291,0.9973177975467911,0.9376068112691778
226636.0,334,0.278906,0.303161,0.99,10000,10,40,6.66651e-07,0.00456003,0.9991835130129635,0.9324720058049997
200000.0,290,0.167332,0.545837,0.99,10000,10,36,0.000643048,0.00207932,0.9746416088838428,0.9544004385986006
201551.0,400,0.142959,0.596091,0.99,10000,10,40,0.00228404,0.000858221,0.9522083689334628,0.9707045908033357
200000.0,338,0.144602,0.60791,0.99,10000,10,38,0.00159581,0.00120545,0.960052409334229,0.965280408988584
204936.0,451,0.108024,0.705174,0.989812,10000,10,32,0.00368933,0.000493241,0.9392601448799884,0.9777909703048512
589331.0,495,0.0312982,0.782911,0.99,10000,10,25,0.0072605,0.00012701,0.9147914323556604,0.9887301286608942
200000.0,349,0.285149,0.314093,0.99,10000,10,38,1.16932e-06,0.00429594,0.9989186489931572,0.9344565792775507
200000.0,426,0.108219,0.668037,0.99,10000,10,35,0.00305062,0.000633341,0.9447675819830419,0.9748337328950041
234099.0,312,0.369922,0.282927,0.99,10000,10,40,1.22396e-09,0.00682571,0.9999650148602975,0.9173821447869772
202970.0,441,0.12238,0.60791,0.99,10000,10,41,0.00282021,0.000680272,0.9468943505830123,0.9739179755386972
203483.0,350,0.278906,0.314093,0.99,10000,10,43,2.0362e-06,0.00414404,0.9985730452004355,0.9356257815581424
207830.0,319,0.328089,0.314093,0.99,10000,10,43,3.23519e-08,0.00545608,0.9998201336607366,0.9261347172211465
200000.0,280,0.20775,0.531124,0.99,10000,10,28,0.000439372,0.00223755,0.979038797744404,0.9526972516654687
201551.0,359,0.142959,0.596091,0.99,10000,10,40,0.00177299,0.00109342,0.9578931122023961,0.9669330981191162
239550.0,332,0.319302,0.282976,0.99,10000,10,36,6.621e-08,0.00527699,0.9997426869610766,0.9273571063351687
200000.0,355,0.285149,0.32781,0.99,10000,10,40,1.29132e-05,0.00354304,0.9964065058786746,0.9404765592392376
200000.0,437,0.171002,0.452694,0.99,10000,10,27,0.00141164,0.0012237,0.9624282020659112,0.9650185763583012
200000.0,349,0.320273,0.327072,0.99,10000,10,38,1.04426e-05,0.00369475,0.9967684988008667,0.9392155447503229
600448.0,500,0.0321285,0.782911,0.99,10000,10,25,0.00733104,0.000121207,0.9143785073711046,0.9889905949297885
208979.0,499,0.084405,0.789739,0.99,10000,10,38,0.0047066,0.000320318,0.9313953354355551,0.982102570016899
206713.0,411,0.142959,0.596091,0.99,10000,10,37,0.00250397,0.00080856,0.9499603157483982,0.9715648105334254
282212.0,482,0.0736007,0.793501,0.99,10000,10,22,0.00538599,0.00027015,0.9266106956021519,0.9835637595539612
693381.0,500,0.0254848,0.782911,0.99,10000,10,25,0.00765813,0.000102881,0.9124892578022561,0.9898569728384471
200000.0,400,0.167332,0.441857,0.99,10000,10,32,0.000967233,0.00158512,0.9688996302272787,0.9601864344726574
242811.0,259,0.224297,0.528702,0.99,10000,10,46,0.000565312,0.00218181,0.9762237092884529,0.9532901509315219
200000.0,375,0.279523,0.377998,0.99,10000,10,39,0.000407763,0.00245361,0.9798068575996701,0.9504660722332662
200000.0,267,0.213411,0.531124,0.99,10000,10,30,0.000317374,0.00245817,0.9821850063149042,0.9504200645421961
208964.0,330,0.168269,0.546727,0.99,10000,10,37,0.00115066,0.00146695,0.9660786203110782,0.9616992167181923
203254.0,451,0.0857256,0.789739,0.99,10000,10,40,0.00414859,0.000402082,0.9355904510185019,0.9799480175543663
200000.0,312,0.334798,0.314093,0.99,10000,10,40,2.84165e-09,0.00633824,0.9999466928710209,0.9203869357454444
207830.0,332,0.319302,0.282976,0.99,10000,10,38,4.32916e-10,0.00695603,0.9999791933664424,0.9165971823017951
293561.0,458,0.0608075,0.8,0.99,10000,10,35,0.00523546,0.000281336,0.9276435213681594,0.9832269263401129
233080.0,439,0.171002,0.401258,0.99,10000,10,27,0.00127889,0.00132891,0.9642384284461658,0.9635457821370421
222180.0,499,0.084405,0.789739,0.99,10000,10,38,0.00489476,0.000309592,0.9300374385831965,0.9824047733745769
200000.0,458,0.0873942,0.75049,0.99,10000,10,40,0.00394465,0.000441152,0.9371935512865119,0.9789963812641725
241558.0,326,0.233322,0.353926,0.99,10000,10,42,0.000102519,0.00301819,0.989874833334705,0.9450619439732347
200000.0,455,0.0957756,0.8,0.99,10000,10,33,0.00426086,0.000389252,0.9347247366914541,0.9802705296573881
200000.0,312,0.369922,0.314093,0.99,10000,10,40,5.48616e-09,0.00622931,0.999925931383164,0.9210740220206299
234529.0,414,0.11426,0.582404,0.99,10000,10,47,0.00269489,0.000751404,0.948087670058068,0.9725882506942735
200000.0,437,0.108219,0.705174,0.99,10000,10,39,0.00344509,0.000531676,0.9413051109550414,0.9769418994711186
200000.0,437,0.108219,0.673453,0.99,10000,10,39,0.0032088,0.000585223,0.943353729160694,0.9758086172367101
227320.0,355,0.144602,0.60791,0.99,10000,10,36,0.00214383,0.000943015,0.953698488145634,0.9692914507017997
275595.0,500,0.157791,0.798245,0.99,195120,10,39,0.00977903,6.63467e-05,0.9011110218477307,0.9918546516342148
230151.0,383,0.264691,0.314093,0.99,10000,10,34,0.000129042,0.00279142,0.9886403345119673,0.9471661093615092
201551.0,351,0.204036,0.503956,0.99,10000,10,40,0.00107203,0.00154862,0.9672581307802991,0.9606474905501567
225727.0,458,0.0873942,0.789739,0.99,10000,10,40,0.00452952,0.000355155,0.9326982912549763,0.9811544434945529
204936.0,467,0.108024,0.705174,0.989612,10000,10,32,0.00388642,0.000467996,0.937658841845856,0.9783667847974463
200000.0,482,0.0736007,0.793501,0.99,10000,10,19,0.00444467,0.000369854,0.9333316416881291,0.9807684114020708
200000.0,318,0.24368,0.396098,0.987774,10000,10,26,7.79947e-05,0.00311212,0.9911685391921834,0.9442136217343338
229035.0,383,0.264691,0.314093,0.99,10000,10,35,0.000123499,0.00280538,0.9888869896067717,0.9470341619531986
203854.0,341,0.278209,0.350334,0.99,10000,10,40,3.68427e-05,0.0032699,0.9939301812218156,0.9428169605564727
293561.0,500,0.0608075,0.8,0.99,10000,10,36,0.00559426,0.000233027,0.9252052140854725,0.9847347780887404
200000.0,483,0.157791,0.777944,0.99,186879,14,36,0.00997224,1.27801e-05,0.9001388964611345,0.9964250734273274
233080.0,439,0.147245,0.401258,0.99,10000,10,27,0.00127618,0.00140369,0.9642763383735653,0.9625341488819485
344863.0,500,0.0608075,0.8,0.99,10000,10,37,0.00608097,0.000209278,0.9220194254958326,0.985533556069303
201435.0,341,0.278065,0.350334,0.99,10000,10,40,3.15471e-05,0.00331885,0.9943833194856748,0.9423905389714502
320052.0,500,0.0608075,0.799221,0.99,10000,10,33,0.00584606,0.000218926,0.92354046822011,0.9852038518525935
201340.0,423,0.108219,0.705174,0.99,10000,10,36,0.00329833,0.000565907,0.9425689108583165,0.9762112001143395
207543.0,441,0.12238,0.572681,0.99,10000,10,41,0.00257974,0.00075574,0.949208859040183,0.9725092742911359
381200.0,487,0.0608075,0.8,0.99,10000,10,29,0.00628477,0.000206365,0.9207234587030942,0.9856345901555159
200000.0,305,0.369922,0.282927,0.99,10000,10,39,3.49377e-12,0.00959861,0.9999981308370858,0.9020275038595015
200000.0,491,0.01,0.798245,0.99,198240,12,39,0.00999989,1.41472e-09,0.9000005500015125,0.999962387236209
200000.0,491,0.01,0.798245,0.99,198240,12,39,0.00999989,1.41472e-09,0.9000005500015125,0.999962387236209
783371.0,500,0.0254848,0.782911,0.99,10000,10,25,0.00790689,8.7267e-05,0.9110793049959685,0.9906583192090502
275595.0,483,0.157791,0.8,0.99,186879,10,37,0.00972797,8.18524e-05,0.9013695280351959,0.9909527683792223
202572.0,413,0.319302,0.215128,0.99,10000,10,33,3.96297e-12,0.00873097,0.999998009279025,0.9065603403259622
510723.0,498,0.0396978,0.764061,0.99,10000,10,38,0.00685859,0.00015268,0.9171833953847418,0.9876436251270853
201551.0,359,0.142959,0.596091,0.99,10000,10,40,0.00177299,0.00109342,0.9578931122023961,0.9669330981191162
207830.0,376,0.364062,0.241501,0.99,10000,10,38,3.69753e-11,0.00771746,0.9999939192681362,0.9121509248768094
200000.0,356,0.362656,0.282357,0.99,10000,10,40,1.37282e-08,0.00568394,0.9998828325983902,0.9246080906197489
388231.0,500,0.0632177,0.8,0.99,10000,10,43,0.00648902,0.000203456,0.9194455463676898,0.9857361996648859
693381.0,500,0.0254848,0.782911,0.99,10000,10,25,0.00765813,0.000102881,0.9124892578022561,0.9898569728384471
202572.0,413,0.319302,0.21903,0.99,10000,10,33,9.59656e-12,0.00824874,0.9999969021685003,0.9091774257136476
217709.0,317,0.248107,0.303161,0.99,10000,10,40,1.35544e-08,0.00606433,0.9998835766346476,0.9221261918229242
207830.0,324,0.364062,0.275339,0.99,10000,10,38,2.85395e-11,0.00817966,0.999994657762641,0.9095585272123458
207830.0,324,0.349636,0.314093,0.99,10000,10,40,1.33022e-07,0.00506142,0.9996352781882036,0.9288563425174106
200000.0,259,0.224297,0.528702,0.99,10000,10,46,0.000239699,0.00263071,0.9845177843962823,0.9487095525463074
201551.0,359,0.142959,0.635819,0.99,10000,10,40,0.00207193,0.000945466,0.9544815422053866,0.9692515691457271
293561.0,500,0.0608075,0.8,0.99,10000,10,36,0.00559426,0.000233027,0.9252052140854725,0.9847347780887404
320052.0,500,0.0608075,0.799221,0.99,10000,10,33,0.00584606,0.000218926,0.92354046822011,0.9852038518525935
202572.0,332,0.319302,0.291515,0.99,10000,10,39,1.24731e-09,0.00654067,0.9999646827237744,0.919125591192269
204936.0,451,0.108024,0.705174,0.989812,10000,10,32,0.00368933,0.000493241,0.9392601448799884,0.9777909703048512
589331.0,495,0.0312982,0.782911,0.99,10000,10,25,0.0072605,0.00012701,0.9147914323556604,0.9887301286608942
200000.0,338,0.14594,0.60791,0.99,10000,10,38,0.00159379,0.00120065,0.9600777004670322,0.9653496031768755
202572.0,332,0.319302,0.282976,0.99,10000,10,36,2.17242e-10,0.00725749,0.9999852608684109,0.9148090967297564
200000.0,426,0.108219,0.668037,0.99,10000,10,35,0.00305062,0.000633341,0.9447675819830419,0.9748337328950041
202970.0,441,0.12238,0.60791,0.99,10000,10,41,0.00282021,0.000680272,0.9468943505830123,0.9739179755386972
293561.0,458,0.0608075,0.8,0.99,10000,10,35,0.00523546,0.000281336,0.9276435213681594,0.9832269263401129
200000.0,437,0.108219,0.705174,0.99,10000,10,39,0.00344509,0.000531676,0.9413051109550414,0.9769418994711186
344863.0,500,0.0608075,0.8,0.99,10000,10,37,0.00608097,0.000209278,0.9220194254958326,0.985533556069303
207830.0,332,0.319302,0.282976,0.99,10000,10,38,4.32916e-10,0.00695603,0.9999791933664424,0.9165971823017951
200000.0,437,0.171002,0.452694,0.99,10000,10,27,0.00141164,0.0012237,0.9624282020659112,0.9650185763583012
207830.0,365,0.319302,0.284947,0.99,10000,10,41,2.22476e-07,0.00474631,0.9995283263840323,0.9311065315142284
202946.0,302,0.20775,0.531124,0.99,10000,10,34,0.000702762,0.00186147,0.9734903413828092,0.9568552436558044
200000.0,349,0.285149,0.314093,0.99,10000,10,38,1.16932e-06,0.00429594,0.9989186489931572,0.9344565792775507
208979.0,499,0.084405,0.789739,0.99,10000,10,38,0.0047066,0.000320318,0.9313953354355551,0.982102570016899
234099.0,312,0.369922,0.282927,0.99,10000,10,40,1.22396e-09,0.00682571,0.9999650148602975,0.9173821447869772
600448.0,500,0.0321285,0.782911,0.99,10000,10,25,0.00733104,0.000121207,0.9143785073711046,0.9889905949297885
381200.0,487,0.0608075,0.8,0.99,10000,10,29,0.00628477,0.000206365,0.9207234587030942,0.9856345901555159
200000.0,355,0.285149,0.32781,0.99,10000,10,40,1.29132e-05,0.00354304,0.9964065058786746,0.9404765592392376
282212.0,482,0.0736007,0.793501,0.99,10000,10,22,0.00538599,0.00027015,0.9266106956021519,0.9835637595539612
206713.0,411,0.142959,0.596091,0.99,10000,10,37,0.00250397,0.00080856,0.9499603157483982,0.9715648105334254
202572.0,413,0.165733,0.381704,0.99,10000,10,34,0.0006193,0.00202855,0.9751142611120345,0.954960572827799
208964.0,330,0.168269,0.507847,0.99,10000,10,37,0.000881935,0.00172426,0.970302609542251,0.958475790194153
203254.0,451,0.0857256,0.789739,0.99,10000,10,40,0.00414859,0.000402082,0.9355904510185019,0.9799480175543663
200000.0,349,0.320273,0.327072,0.99,10000,10,38,1.04426e-05,0.00369475,0.9967684988008667,0.9392155447503229
222180.0,498,0.084405,0.8,0.99,10000,10,38,0.00495255,0.000305066,0.9296256438750592,0.9825338613311356
226636.0,334,0.278906,0.303161,0.99,10000,10,40,6.66651e-07,0.00456003,0.9991835130129635,0.9324720058049997
208964.0,330,0.168269,0.546727,0.99,10000,10,37,0.00115066,0.00146695,0.9660786203110782,0.9616992167181923
239550.0,332,0.319302,0.282976,0.99,10000,10,36,6.621e-08,0.00527699,0.9997426869610766,0.9273571063351687
200000.0,280,0.20775,0.531124,0.99,10000,10,28,0.000439372,0.00223755,0.979038797744404,0.9526972516654687
200000.0,458,0.0873942,0.75049,0.99,10000,10,40,0.00394465,0.000441152,0.9371935512865119,0.9789963812641725
200000.0,455,0.0957756,0.8,0.99,10000,10,33,0.00426086,0.000389252,0.9347247366914541,0.9802705296573881
200000.0,394,0.285149,0.314093,0.99,10000,10,38,5.99657e-05,0.00303799,0.9922562476795806,0.9448820355963684
200000.0,312,0.334798,0.314093,0.99,10000,10,40,2.84165e-09,0.00633824,0.9999466928710209,0.9203869357454444
233080.0,439,0.171002,0.401258,0.99,10000,10,27,0.00127889,0.00132891,0.9642384284461658,0.9635457821370421
202946.0,311,0.19644,0.531124,0.99,10000,10,34,0.000787402,0.00177086,0.9719393157603027,0.9579184125774705
203854.0,341,0.278209,0.350334,0.99,10000,10,40,3.68427e-05,0.0032699,0.9939301812218156,0.9428169605564727
234529.0,414,0.11426,0.582404,0.99,10000,10,47,0.00269489,0.000751404,0.948087670058068,0.9725882506942735
200000.0,437,0.108219,0.673453,0.99,10000,10,39,0.0032088,0.000585223,0.943353729160694,0.9758086172367101
275595.0,500,0.157791,0.798245,0.99,195120,10,39,0.00977903,6.63467e-05,0.9011110218477307,0.9918546516342148
208979.0,499,0.084405,0.757846,0.99,10000,10,39,0.00449672,0.000344146,0.9329424128080945,0.9814488275303149
204936.0,467,0.108024,0.705174,0.989612,10000,10,32,0.00388642,0.000467996,0.937658841845856,0.9783667847974463
201435.0,341,0.278065,0.350334,0.99,10000,10,40,3.15471e-05,0.00331885,0.9943833194856748,0.9423905389714502
201551.0,400,0.142959,0.596091,0.99,10000,10,40,0.00228404,0.000858221,0.9522083689334628,0.9707045908033357
223046.0,259,0.224297,0.52389,0.99,10000,10,36,0.000368062,0.00239181,0.9808150579880991,0.9510938654154717
227320.0,355,0.144602,0.60791,0.99,10000,10,36,0.00214383,0.000943015,0.953698488145634,0.9692914507017997
200000.0,267,0.213411,0.531124,0.99,10000,10,30,0.000317374,0.00245817,0.9821850063149042,0.9504200645421961
230151.0,383,0.264691,0.314093,0.99,10000,10,34,0.000129042,0.00279142,0.9886403345119673,0.9471661093615092
209472.0,328,0.319302,0.279419,0.99,10000,10,38,1.3523e-10,0.007476,0.9999883711565494,0.9135361347151308
200000.0,400,0.167332,0.441857,0.99,10000,10,32,0.000967233,0.00158512,0.9688996302272787,0.9601864344726574
207830.0,319,0.328089,0.314093,0.99,10000,10,43,3.23519e-08,0.00545608,0.9998201336607366,0.9261347172211465
201340.0,423,0.108219,0.705174,0.99,10000,10,36,0.00329833,0.000565907,0.9425689108583165,0.9762112001143395
226636.0,486,0.182054,0.303161,0.985048,10000,10,39,0.000561368,0.00208977,0.9763067942228156,0.9542859977687361
200000.0,312,0.369922,0.314093,0.99,10000,10,40,5.48616e-09,0.00622931,0.999925931383164,0.9210740220206299
200000.0,482,0.0736007,0.793501,0.99,10000,10,19,0.00444467,0.000369854,0.9333316416881291,0.9807684114020708
234127.0,333,0.270618,0.314093,0.99,10000,10,38,7.19421e-06,0.00389291,0.9973177975467911,0.9376068112691778
200000.0,281,0.213411,0.535483,0.99,10000,10,30,0.000475956,0.00216874,0.978183584162379,0.9534302673402563
233080.0,439,0.147245,0.401258,0.99,10000,10,27,0.00127618,0.00140369,0.9642763383735653,0.9625341488819485
200000.0,298,0.279523,0.377998,0.99,10000,10,36,5.31067e-06,0.00396122,0.9976955109026077,0.93706177631995
200000.0,491,0.01,0.798245,0.99,198240,12,39,0.00999989,1.41472e-09,0.9000005500015125,0.999962387236209
200000.0,491,0.01,0.798245,0.99,198240,12,39,0.00999989,1.41472e-09,0.9000005500015125,0.999962387236209
200000.0,305,0.369922,0.282927,0.99,10000,10,39,3.49377e-12,0.00959861,0.9999981308370858,0.9020275038595015
783371.0,500,0.0254848,0.782911,0.99,10000,10,25,0.00790689,8.7267e-05,0.9110793049959685,0.9906583192090502
275595.0,483,0.157791,0.8,0.99,186879,10,37,0.00972797,8.18524e-05,0.9013695280351959,0.9909527683792223
202572.0,413,0.319302,0.215128,0.99,10000,10,33,3.96297e-12,0.00873097,0.999998009279025,0.9065603403259622
510723.0,498,0.0396978,0.764061,0.99,10000,10,38,0.00685859,0.00015268,0.9171833953847418,0.9876436251270853
201551.0,359,0.142959,0.596091,0.99,10000,10,40,0.00177299,0.00109342,0.9578931122023961,0.9669330981191162
207830.0,376,0.364062,0.241501,0.99,10000,10,38,3.69753e-11,0.00771746,0.9999939192681362,0.9121509248768094
200000.0,356,0.362656,0.282357,0.99,10000,10,40,1.37282e-08,0.00568394,0.9998828325983902,0.9246080906197489
388231.0,500,0.0632177,0.8,0.99,10000,10,43,0.00648902,0.000203456,0.9194455463676898,0.9857361996648859
202572.0,413,0.319302,0.21903,0.99,10000,10,33,9.59656e-12,0.00824874,0.9999969021685003,0.9091774257136476
230151.0,383,0.264691,0.314093,0.99,10000,10,34,0.000129042,0.00279142,0.9886403345119673,0.9471661093615092
200000.0,349,0.285149,0.314093,0.99,10000,10,38,1.16932e-06,0.00429594,0.9989186489931572,0.9344565792775507
217709.0,317,0.248107,0.303161,0.99,10000,10,40,1.35544e-08,0.00606433,0.9998835766346476,0.9221261918229242
200000.0,394,0.285149,0.314093,0.99,10000,10,38,5.99657e-05,0.00303799,0.9922562476795806,0.9448820355963684
204354.0,413,0.319302,0.21903,0.99,10000,10,31,1.15435e-11,0.00814317,0.999996602427337,0.9097604853736457
202572.0,332,0.319302,0.282976,0.99,10000,10,36,2.17242e-10,0.00725749,0.9999852608684109,0.9148090967297564
693381.0,500,0.0254848,0.782911,0.99,10000,10,25,0.00765813,0.000102881,0.9124892578022561,0.9898569728384471
200000.0,400,0.167332,0.441857,0.99,10000,10,32,0.000967233,0.00158512,0.9688996302272787,0.9601864344726574
201551.0,359,0.142959,0.635819,0.99,10000,10,40,0.00207193,0.000945466,0.9544815422053866,0.9692515691457271
206713.0,411,0.142959,0.596091,0.99,10000,10,37,0.00250397,0.00080856,0.9499603157483982,0.9715648105334254
293561.0,500,0.0608075,0.8,0.99,10000,10,36,0.00559426,0.000233027,0.9252052140854725,0.9847347780887404
320052.0,500,0.0608075,0.799221,0.99,10000,10,33,0.00584606,0.000218926,0.92354046822011,0.9852038518525935
204936.0,451,0.108024,0.705174,0.989812,10000,10,32,0.00368933,0.000493241,0.9392601448799884,0.9777909703048512
202572.0,413,0.319302,0.215128,0.99,10000,10,33,3.96297e-12,0.00873097,0.999998009279025,0.9065603403259622
201551.0,400,0.142959,0.596091,0.99,10000,10,40,0.00228404,0.000858221,0.9522083689334628,0.9707045908033357
208964.0,330,0.168269,0.546727,0.99,10000,10,37,0.00115066,0.00146695,0.9660786203110782,0.9616992167181923
200000.0,338,0.14594,0.60791,0.99,10000,10,38,0.00159379,0.00120065,0.9600777004670322,0.9653496031768755
200000.0,426,0.108219,0.668037,0.99,10000,10,35,0.00305062,0.000633341,0.9447675819830419,0.9748337328950041
209472.0,328,0.319302,0.279419,0.99,10000,10,38,1.3523e-10,0.007476,0.9999883711565494,0.9135361347151308
202970.0,441,0.12238,0.60791,0.99,10000,10,41,0.00282021,0.000680272,0.9468943505830123,0.9739179755386972
226636.0,334,0.278906,0.303161,0.99,10000,10,40,6.66651e-07,0.00456003,0.9991835130129635,0.9324720058049997
200000.0,437,0.108219,0.705174,0.99,10000,10,39,0.00344509,0.000531676,0.9413051109550414,0.9769418994711186
344863.0,500,0.0608075,0.8,0.99,10000,10,37,0.00608097,0.000209278,0.9220194254958326,0.985533556069303
234529.0,414,0.11426,0.582404,0.99,10000,10,47,0.00269489,0.000751404,0.948087670058068,0.9725882506942735
207830.0,332,0.319302,0.282976,0.99,10000,10,38,4.32916e-10,0.00695603,0.9999791933664424,0.9165971823017951
200000.0,437,0.171002,0.452694,0.99,10000,10,27,0.00141164,0.0012237,0.9624282020659112,0.9650185763583012
207830.0,365,0.319302,0.284947,0.99,10000,10,41,2.22476e-07,0.00474631,0.9995283263840323,0.9311065315142284
202946.0,302,0.20775,0.531124,0.99,10000,10,34,0.000702762,0.00186147,0.9734903413828092,0.9568552436558044
234099.0,312,0.369922,0.282927,0.99,10000,10,40,1.22396e-09,0.00682571,0.9999650148602975,0.9173821447869772
589331.0,500,0.0312982,0.772237,0.99,10000,10,25,0.00725007,0.000127947,0.9148526571172065,0.9886886340347418
207830.0,319,0.328089,0.314093,0.99,10000,10,43,3.23519e-08,0.00545608,0.9998201336607366,0.9261347172211465
600448.0,500,0.0321285,0.782911,0.99,10000,10,25,0.00733104,0.000121207,0.9143785073711046,0.9889905949297885
381200.0,487,0.0608075,0.8,0.99,10000,10,29,0.00628477,0.000206365,0.9207234587030942,0.9856345901555159
202572.0,332,0.319302,0.291515,0.99,10000,10,39,1.24731e-09,0.00654067,0.9999646827237744,0.919125591192269
239550.0,332,0.319302,0.282976,0.99,10000,10,36,6.621e-08,0.00527699,0.9997426869610766,0.9273571063351687
200000.0,355,0.285149,0.32781,0.99,10000,10,40,1.29132e-05,0.00354304,0.9964065058786746,0.9404765592392376
200000.0,267,0.213411,0.531124,0.99,10000,10,30,0.000317374,0.00245817,0.9821850063149042,0.9504200645421961
208964.0,330,0.168269,0.507847,0.99,10000,10,37,0.000881935,0.00172426,0.970302609542251,0.958475790194153
200000.0,349,0.320273,0.327072,0.99,10000,10,38,1.04426e-05,0.00369475,0.9967684988008667,0.9392155447503229
207830.0,365,0.319302,0.298606,0.99,10000,10,41,3.04392e-06,0.00399845,0.9982553166476406,0.936766701809885
223046.0,259,0.224297,0.52389,0.99,10000,10,36,0.000368062,0.00239181,0.9808150579880991,0.9510938654154717
200000.0,280,0.20775,0.531124,0.99,10000,10,28,0.000439372,0.00223755,0.979038797744404,0.9526972516654687
200000.0,455,0.0957756,0.8,0.99,10000,10,33,0.00426086,0.000389252,0.9347247366914541,0.9802705296573881
202572.0,338,0.292342,0.309099,0.99,10000,10,37,1.354e-07,0.00498485,0.9996320326101406,0.9293965298303264
200000.0,458,0.0873942,0.75049,0.99,10000,10,40,0.00394465,0.000441152,0.9371935512865119,0.9789963812641725
233080.0,439,0.171002,0.401258,0.99,10000,10,27,0.00127889,0.00132891,0.9642384284461658,0.9635457821370421
202946.0,311,0.19644,0.531124,0.99,10000,10,34,0.000787402,0.00177086,0.9719393157603027,0.9579184125774705
200000.0,437,0.108219,0.673453,0.99,10000,10,39,0.0032088,0.000585223,0.943353729160694,0.9758086172367101
208979.0,499,0.084405,0.757846,0.99,10000,10,39,0.00449672,0.000344146,0.9329424128080945,0.9814488275303149
204936.0,467,0.108024,0.705174,0.989612,10000,10,32,0.00388642,0.000467996,0.937658841845856,0.9783667847974463
202572.0,413,0.165733,0.381704,0.99,10000,10,34,0.0006193,0.00202855,0.9751142611120345,0.954960572827799
222180.0,498,0.084405,0.8,0.99,10000,10,38,0.00495255,0.000305066,0.9296256438750592,0.9825338613311356
207830.0,324,0.349636,0.314093,0.99,10000,10,40,1.33022e-07,0.00506142,0.9996352781882036,0.9288563425174106
227320.0,355,0.144602,0.60791,0.99,10000,10,36,0.00214383,0.000943015,0.953698488145634,0.9692914507017997
268153.0,458,0.0677913,0.8,0.99,10000,10,38,0.00499184,0.00030052,0.9293470453554843,0.9826644873164939
201340.0,423,0.108219,0.705174,0.99,10000,10,36,0.00329833,0.000565907,0.9425689108583165,0.9762112001143395
200000.0,259,0.224297,0.528702,0.99,10000,10,46,0.000239699,0.00263071,0.9845177843962823,0.9487095525463074
200000.0,312,0.369922,0.314093,0.99,10000,10,40,5.48616e-09,0.00622931,0.999925931383164,0.9210740220206299
200000.0,482,0.0736007,0.793501,0.99,10000,10,19,0.00444467,0.000369854,0.9333316416881291,0.9807684114020708
234127.0,333,0.270618,0.314093,0.99,10000,10,38,7.19421e-06,0.00389291,0.9973177975467911,0.9376068112691778
200000.0,281,0.213411,0.535483,0.99,10000,10,30,0.000475956,0.00216874,0.978183584162379,0.9534302673402563
282212.0,482,0.0736007,0.793501,0.99,10000,10,22,0.00538599,0.00027015,0.9266106956021519,0.9835637595539612
233080.0,439,0.147245,0.401258,0.99,10000,10,27,0.00127618,0.00140369,0.9642763383735653,0.9625341488819485
229976.0,491,0.329698,0.798245,0.99,198240,12,39,0.00995182,5.43698e-05,0.9002411908651672,0.9926264119995758
783371.0,500,0.0254848,0.761101,0.99,10000,10,25,0.00784257,9.23471e-05,0.9114417141087295,0.9903902601492028
205068.0,341,0.278209,0.350334,0.99,10000,10,40,3.9715e-05,0.00324628,0.9936980161853588,0.9430238646449235
323906.0,425,0.0689075,0.8,0.99,10000,10,47,0.00523526,0.000293659,0.9276449034276092,0.9828635184474759
208979.0,499,0.084405,0.789739,0.99,10000,10,39,0.00470661,0.000320317,0.9313952625542521,0.9821025979538929
200000.0,305,0.369922,0.282927,0.99,10000,10,39,3.49377e-12,0.00959861,0.9999981308370858,0.9020275038595015
200000.0,491,0.01,0.798245,0.99,198240,12,39,0.00999989,1.41472e-09,0.9000005500015125,0.999962387236209
200000.0,491,0.01,0.798245,0.99,198240,12,39,0.00999989,1.41472e-09,0.9000005500015125,0.999962387236209
275595.0,483,0.157791,0.8,0.99,186879,10,37,0.00972797,8.18524e-05,0.9013695280351959,0.9909527683792223
783371.0,500,0.0254848,0.782911,0.99,10000,10,25,0.00790689,8.7267e-05,0.9110793049959685,0.9906583192090502
202572.0,413,0.319302,0.215128,0.99,10000,10,33,3.96297e-12,0.00873097,0.999998009279025,0.9065603403259622
510723.0,498,0.0396978,0.764061,0.99,10000,10,38,0.00685859,0.00015268,0.9171833953847418,0.9876436251270853
201551.0,359,0.142959,0.596091,0.99,10000,10,40,0.00177299,0.00109342,0.9578931122023961,0.9669330981191162
207830.0,376,0.364062,0.241501,0.99,10000,10,38,3.69753e-11,0.00771746,0.9999939192681362,0.9121509248768094
200000.0,399,0.369922,0.248708,0.99,10000,10,39,4.19494e-09,0.00595156,0.9999352316435286,0.9228536455819201
388231.0,500,0.0632177,0.8,0.99,10000,10,43,0.00648902,0.000203456,0.9194455463676898,0.9857361996648859
207256.0,331,0.319302,0.291515,0.99,10000,10,39,2.07209e-09,0.0063528,0.9999544797847105,0.9202955459211971
200000.0,349,0.285149,0.314093,0.99,10000,10,38,1.16932e-06,0.00429594,0.9989186489931572,0.9344565792775507
200000.0,455,0.0957756,0.8,0.99,10000,10,33,0.00426086,0.000389252,0.9347247366914541,0.9802705296573881
205068.0,341,0.278209,0.350334,0.99,10000,10,40,3.9715e-05,0.00324628,0.9936980161853588,0.9430238646449235
200000.0,394,0.285149,0.314093,0.99,10000,10,38,5.99657e-05,0.00303799,0.9922562476795806,0.9448820355963684
204354.0,413,0.319302,0.21903,0.99,10000,10,31,1.15435e-11,0.00814317,0.999996602427337,0.9097604853736457
216388.0,341,0.193653,0.442922,0.99,10000,10,39,0.000589925,0.00198066,0.9757116282966519,0.9554953934968525
693381.0,500,0.0254848,0.782911,0.99,10000,10,25,0.00765813,0.000102881,0.9124892578022561,0.9898569728384471
200000.0,400,0.167332,0.441857,0.99,10000,10,32,0.000967233,0.00158512,0.9688996302272787,0.9601864344726574
202572.0,332,0.319302,0.282976,0.99,10000,10,36,2.17242e-10,0.00725749,0.9999852608684109,0.9148090967297564
293561.0,500,0.0608075,0.8,0.99,10000,10,36,0.00559426,0.000233027,0.9252052140854725,0.9847347780887404
320052.0,500,0.0608075,0.799221,0.99,10000,10,33,0.00584606,0.000218926,0.92354046822011,0.9852038518525935
589331.0,500,0.0312982,0.772237,0.99,10000,10,25,0.00725007,0.000127947,0.9148526571172065,0.9886886340347418
210006.0,413,0.319302,0.215128,0.99,10000,10,33,8.30551e-12,0.00827752,0.999997118071826,0.9090191228883784
201551.0,400,0.142959,0.596091,0.99,10000,10,40,0.00228404,0.000858221,0.9522083689334628,0.9707045908033357
208964.0,330,0.168269,0.546727,0.99,10000,10,37,0.00115066,0.00146695,0.9660786203110782,0.9616992167181923
200000.0,338,0.14594,0.60791,0.99,10000,10,38,0.00159379,0.00120065,0.9600777004670322,0.9653496031768755
208979.0,499,0.084405,0.789739,0.99,10000,10,39,0.00470661,0.000320317,0.9313952625542521,0.9821025979538929
200000.0,355,0.285149,0.32781,0.99,10000,10,40,1.29132e-05,0.00354304,0.9964065058786746,0.9404765592392376
202572.0,332,0.319302,0.291515,0.99,10000,10,39,1.24731e-09,0.00654067,0.9999646827237744,0.919125591192269
200000.0,426,0.108219,0.668037,0.99,10000,10,35,0.00305062,0.000633341,0.9447675819830419,0.9748337328950041
202970.0,441,0.12238,0.60791,0.99,10000,10,41,0.00282021,0.000680272,0.9468943505830123,0.9739179755386972
202572.0,413,0.319302,0.215128,0.99,10000,10,33,3.96297e-12,0.00873097,0.999998009279025,0.9065603403259622
226636.0,334,0.278906,0.303161,0.99,10000,10,40,6.66651e-07,0.00456003,0.9991835130129635,0.9324720058049997
200000.0,458,0.0873942,0.75049,0.99,10000,10,40,0.00394465,0.000441152,0.9371935512865119,0.9789963812641725
239550.0,332,0.319302,0.282976,0.99,10000,10,36,6.621e-08,0.00527699,0.9997426869610766,0.9273571063351687
200000.0,359,0.142959,0.635819,0.99,10000,10,40,0.0020513,0.000953075,0.9547087204861686,0.9691280871988793
200000.0,259,0.224297,0.528702,0.99,10000,10,46,0.000239699,0.00263071,0.9845177843962823,0.9487095525463074
344863.0,500,0.0608075,0.8,0.99,10000,10,37,0.00608097,0.000209278,0.9220194254958326,0.985533556069303
207830.0,332,0.319302,0.282976,0.99,10000,10,38,4.32916e-10,0.00695603,0.9999791933664424,0.9165971823017951
200000.0,437,0.171002,0.452694,0.99,10000,10,27,0.00141164,0.0012237,0.9624282020659112,0.9650185763583012
207830.0,365,0.319302,0.284947,0.99,10000,10,41,2.22476e-07,0.00474631,0.9995283263840323,0.9311065315142284
323906.0,425,0.0689075,0.8,0.99,10000,10,47,0.00523526,0.000293659,0.9276449034276092,0.9828635184474759
207830.0,319,0.328089,0.314093,0.99,10000,10,43,3.23519e-08,0.00545608,0.9998201336607366,0.9261347172211465
282212.0,482,0.0736007,0.793501,0.99,10000,10,22,0.00538599,0.00027015,0.9266106956021519,0.9835637595539612
200000.0,281,0.213411,0.535483,0.99,10000,10,30,0.000475956,0.00216874,0.978183584162379,0.9534302673402563
381200.0,487,0.0608075,0.8,0.99,10000,10,26,0.00628469,0.000206365,0.92072396326758,0.9856345901555159
230151.0,383,0.264691,0.314093,0.99,10000,10,34,0.000129042,0.00279142,0.9886403345119673,0.9471661093615092
234529.0,414,0.11426,0.582404,0.99,10000,10,47,0.00269489,0.000751404,0.948087670058068,0.9725882506942735
200000.0,267,0.213411,0.531124,0.99,10000,10,30,0.000317374,0.00245817,0.9821850063149042,0.9504200645421961
207830.0,365,0.319302,0.298606,0.99,10000,10,41,3.04392e-06,0.00399845,0.9982553166476406,0.936766701809885
208964.0,330,0.168269,0.507847,0.99,10000,10,37,0.000881935,0.00172426,0.970302609542251,0.958475790194153
200000.0,349,0.320273,0.327072,0.99,10000,10,38,1.04426e-05,0.00369475,0.9967684988008667,0.9392155447503229
202946.0,302,0.20775,0.531124,0.99,10000,10,34,0.000702762,0.00186147,0.9734903413828092,0.9568552436558044
223046.0,259,0.224297,0.52389,0.99,10000,10,36,0.000368062,0.00239181,0.9808150579880991,0.9510938654154717
200000.0,280,0.20775,0.531124,0.99,10000,10,28,0.000439372,0.00223755,0.979038797744404,0.9526972516654687
206713.0,411,0.142959,0.596091,0.99,10000,10,37,0.00250397,0.00080856,0.9499603157483982,0.9715648105334254
600448.0,500,0.0321285,0.782911,0.99,10000,10,25,0.00733104,0.000121207,0.9143785073711046,0.9889905949297885
233080.0,439,0.171002,0.401258,0.99,10000,10,27,0.00127889,0.00132891,0.9642384284461658,0.9635457821370421
200000.0,437,0.108219,0.673453,0.99,10000,10,39,0.0032088,0.000585223,0.943353729160694,0.9758086172367101
229976.0,491,0.329698,0.798245,0.99,198240,12,39,0.00995182,5.43698e-05,0.9002411908651672,0.9926264119995758
204936.0,467,0.108024,0.705174,0.989612,10000,10,32,0.00388642,0.000467996,0.937658841845856,0.9783667847974463
222180.0,498,0.084405,0.8,0.99,10000,10,38,0.00495255,0.000305066,0.9296256438750592,0.9825338613311356
207830.0,340,0.349636,0.299925,0.99,10000,10,40,1.26989e-07,0.00501869,0.9996436448400823,0.9291572868955459
227320.0,355,0.144602,0.60791,0.99,10000,10,36,0.00214383,0.000943015,0.953698488145634,0.9692914507017997
200000.0,356,0.362656,0.282357,0.99,10000,10,40,1.37282e-08,0.00568394,0.9998828325983902,0.9246080906197489
234099.0,312,0.369922,0.282927,0.99,10000,10,40,1.22396e-09,0.00682571,0.9999650148602975,0.9173821447869772
268153.0,458,0.0677913,0.8,0.99,10000,10,38,0.00499184,0.00030052,0.9293470453554843,0.9826644873164939
201340.0,423,0.108219,0.705174,0.99,10000,10,36,0.00329833,0.000565907,0.9425689108583165,0.9762112001143395
203868.0,451,0.108024,0.705174,0.989812,10000,10,32,0.00367238,0.000494957,0.939399834983723,0.9777523709128366
202572.0,338,0.292342,0.309099,0.99,10000,10,37,1.354e-07,0.00498485,0.9996320326101406,0.9293965298303264
200000.0,355,0.362656,0.282357,0.99,10000,10,40,1.14493e-08,0.00574608,0.9998929985981401,0.9241970976808935
200000.0,416,0.289491,0.314093,0.99,10000,10,37,0.000164326,0.00274526,0.9871810296825368,0.9476047712095843
233080.0,439,0.147245,0.401258,0.99,10000,10,27,0.00127618,0.00140369,0.9642763383735653,0.9625341488819485
208979.0,499,0.084405,0.757846,0.99,10000,10,39,0.00449672,0.000344146,0.9329424128080945,0.9814488275303149
783371.0,500,0.0254848,0.761101,0.99,10000,10,25,0.00784257,9.23471e-05,0.9114417141087295,0.9903902601492028
200000.0,437,0.108219,0.705174,0.99,10000,10,39,0.00344509,0.000531676,0.9413051109550414,0.9769418994711186
209472.0,328,0.319302,0.279419,0.99,10000,10,38,1.3523e-10,0.007476,0.9999883711565494,0.9135361347151308
234127.0,333,0.270618,0.314093,0.99,10000,10,38,7.19421e-06,0.00389291,0.9973177975467911,0.9376068112691778
214549.0,332,0.319302,0.251634,0.99,10000,10,38,2.26791e-12,0.00968996,0.9999984940418333,0.9015624055556009
200000.0,491,0.01,0.798245,0.99,198240,12,39,0.00999989,1.41472e-09,0.9000005500015125,0.999962387236209
200000.0,491,0.01,0.798245,0.99,198240,12,39,0.00999989,1.41472e-09,0.9000005500015125,0.999962387236209
275595.0,483,0.157791,0.8,0.99,186879,10,37,0.00972797,8.18524e-05,0.9013695280351959,0.9909527683792223
783371.0,500,0.0254848,0.782911,0.99,10000,10,25,0.00790689,8.7267e-05,0.9110793049959685,0.9906583192090502
200000.0,305,0.369922,0.282927,0.99,10000,10,39,3.49377e-12,0.00959861,0.9999981308370858,0.9020275038595015
202572.0,413,0.319302,0.215128,0.99,10000,10,33,3.96297e-12,0.00873097,0.999998009279025,0.9065603403259622
207830.0,376,0.364062,0.241501,0.99,10000,10,38,3.69753e-11,0.00771746,0.9999939192681362,0.9121509248768094
200000.0,455,0.0957756,0.8,0.99,10000,10,33,0.00426086,0.000389252,0.9347247366914541,0.9802705296573881
210006.0,413,0.319302,0.215128,0.99,10000,10,33,8.30551e-12,0.00827752,0.999997118071826,0.9090191228883784
200000.0,349,0.285149,0.314093,0.99,10000,10,38,1.16932e-06,0.00429594,0.9989186489931572,0.9344565792775507
204354.0,413,0.319302,0.21903,0.99,10000,10,31,1.15435e-11,0.00814317,0.999996602427337,0.9097604853736457
202946.0,302,0.20775,0.531124,0.99,10000,10,34,0.000702762,0.00186147,0.9734903413828092,0.9568552436558044
208964.0,330,0.168269,0.507847,0.99,10000,10,37,0.000881935,0.00172426,0.970302609542251,0.958475790194153
216388.0,341,0.193653,0.442922,0.99,10000,10,39,0.000589925,0.00198066,0.9757116282966519,0.9554953934968525
206713.0,411,0.142959,0.596091,0.99,10000,10,37,0.00250397,0.00080856,0.9499603157483982,0.9715648105334254
208979.0,499,0.084405,0.757846,0.99,10000,10,39,0.00449672,0.000344146,0.9329424128080945,0.9814488275303149
293561.0,500,0.0608075,0.8,0.99,10000,10,36,0.00559426,0.000233027,0.9252052140854725,0.9847347780887404
320052.0,500,0.0608075,0.799221,0.99,10000,10,33,0.00584606,0.000218926,0.92354046822011,0.9852038518525935
203868.0,451,0.108024,0.705174,0.989812,10000,10,32,0.00367238,0.000494957,0.939399834983723,0.9777523709128366
201551.0,400,0.142959,0.596091,0.99,10000,10,40,0.00228404,0.000858221,0.9522083689334628,0.9707045908033357
200000.0,442,0.171002,0.452694,0.99,10000,10,27,0.0014652,0.00119528,0.9617220690214322,0.9654271783043386
200000.0,355,0.285149,0.32781,0.99,10000,10,40,1.29132e-05,0.00354304,0.9964065058786746,0.9404765592392376
202572.0,332,0.319302,0.291515,0.99,10000,10,39,1.24731e-09,0.00654067,0.9999646827237744,0.919125591192269
200000.0,426,0.108219,0.668037,0.99,10000,10,35,0.00305062,0.000633341,0.9447675819830419,0.9748337328950041
201551.0,359,0.142959,0.596091,0.99,10000,10,40,0.00177299,0.00109342,0.9578931122023961,0.9669330981191162
204354.0,427,0.319302,0.21903,0.99,10000,10,31,6.48614e-11,0.00729191,0.9999919463424458,0.9146073188147836
202572.0,413,0.319302,0.215128,0.99,10000,10,33,3.96297e-12,0.00873097,0.999998009279025,0.9065603403259622
226636.0,334,0.278906,0.303161,0.99,10000,10,40,6.66651e-07,0.00456003,0.9991835130129635,0.9324720058049997
200000.0,458,0.0873942,0.75049,0.99,10000,10,40,0.00394465,0.000441152,0.9371935512865119,0.9789963812641725
344863.0,500,0.0608075,0.8,0.99,10000,10,37,0.00608097,0.000209278,0.9220194254958326,0.985533556069303
239550.0,332,0.319302,0.282976,0.99,10000,10,36,6.621e-08,0.00527699,0.9997426869610766,0.9273571063351687
200000.0,259,0.224297,0.528702,0.99,10000,10,46,0.000239699,0.00263071,0.9845177843962823,0.9487095525463074
200000.0,437,0.108219,0.705174,0.99,10000,10,39,0.00344509,0.000531676,0.9413051109550414,0.9769418994711186
207830.0,332,0.319302,0.282976,0.99,10000,10,38,4.32916e-10,0.00695603,0.9999791933664424,0.9165971823017951
207830.0,365,0.319302,0.284947,0.99,10000,10,41,2.22476e-07,0.00474631,0.9995283263840323,0.9311065315142284
234529.0,414,0.11426,0.582404,0.99,10000,10,47,0.00269489,0.000751404,0.948087670058068,0.9725882506942735
323906.0,425,0.0689075,0.8,0.99,10000,10,47,0.00523526,0.000293659,0.9276449034276092,0.9828635184474759
205068.0,341,0.278209,0.350334,0.99,10000,10,40,3.9715e-05,0.00324628,0.9936980161853588,0.9430238646449235
207830.0,365,0.319302,0.298606,0.99,10000,10,41,3.04392e-06,0.00399845,0.9982553166476406,0.936766701809885
282212.0,482,0.0736007,0.793501,0.99,10000,10,22,0.00538599,0.00027015,0.9266106956021519,0.9835637595539612
207830.0,319,0.328089,0.314093,0.99,10000,10,43,3.23519e-08,0.00545608,0.9998201336607366,0.9261347172211465
544486.0,498,0.0396978,0.764061,0.99,10000,10,36,0.00702883,0.000143114,0.9161618821776156,0.9880369736270457
200000.0,281,0.213411,0.535483,0.99,10000,10,30,0.000475956,0.00216874,0.978183584162379,0.9534302673402563
200000.0,400,0.167332,0.441857,0.99,10000,10,32,0.000967233,0.00158512,0.9688996302272787,0.9601864344726574
200000.0,399,0.249018,0.248708,0.99,10000,10,39,3.11564e-09,0.0062834,0.99994418208173,0.9207320998133545
381200.0,487,0.0608075,0.8,0.99,10000,10,26,0.00628469,0.000206365,0.92072396326758,0.9856345901555159
200000.0,267,0.213411,0.531124,0.99,10000,10,30,0.000317374,0.00245817,0.9821850063149042,0.9504200645421961
200000.0,349,0.320273,0.327072,0.99,10000,10,38,1.04426e-05,0.00369475,0.9967684988008667,0.9392155447503229
510723.0,498,0.0396978,0.747975,0.99,10000,10,38,0.00679008,0.000159261,0.9175980582753052,0.9873801347075335
200000.0,338,0.14594,0.667419,0.99,10000,10,38,0.002009,0.000979503,0.95517813033797,0.9687029873630086
200000.0,341,0.142959,0.635819,0.99,10000,10,40,0.00182,0.00107486,0.9573385419845969,0.9672149424279901
541437.0,500,0.0396978,0.656563,0.99,10000,10,37,0.00654233,0.000194798,0.9191153290171741,0.9860429945905291
202572.0,332,0.319302,0.282976,0.99,10000,10,36,2.17242e-10,0.00725749,0.9999852608684109,0.9148090967297564
693381.0,469,0.0254848,0.782911,0.99,10000,10,25,0.00751179,0.000119557,0.9133294167551642,0.9890657876369626
200000.0,399,0.369922,0.248708,0.99,10000,10,39,4.19494e-09,0.00595156,0.9999352316435286,0.9228536455819201
227320.0,355,0.144602,0.60791,0.99,10000,10,36,0.00214383,0.000943015,0.953698488145634,0.9692914507017997
204936.0,467,0.108024,0.705174,0.989612,10000,10,32,0.00388642,0.000467996,0.937658841845856,0.9783667847974463
589331.0,500,0.0312982,0.772237,0.99,10000,10,25,0.00725007,0.000127947,0.9148526571172065,0.9886886340347418
200000.0,437,0.171002,0.452694,0.99,10000,10,27,0.00141164,0.0012237,0.9624282020659112,0.9650185763583012
200000.0,309,0.226452,0.41761,0.99,10000,10,40,0.000115058,0.00292712,0.989273490782179,0.945897135011166
233080.0,439,0.171002,0.401258,0.99,10000,10,27,0.00127889,0.00132891,0.9642384284461658,0.9635457821370421
234127.0,333,0.270618,0.314093,0.99,10000,10,38,7.19421e-06,0.00389291,0.9973177975467911,0.9376068112691778
200000.0,437,0.108219,0.673453,0.99,10000,10,39,0.0032088,0.000585223,0.943353729160694,0.9758086172367101
200000.0,394,0.285149,0.314093,0.99,10000,10,38,5.99657e-05,0.00303799,0.9922562476795806,0.9448820355963684
208964.0,330,0.168269,0.546727,0.99,10000,10,37,0.00115066,0.00146695,0.9660786203110782,0.9616992167181923
222180.0,498,0.084405,0.8,0.99,10000,10,38,0.00495255,0.000305066,0.9296256438750592,0.9825338613311356
208964.0,324,0.168269,0.546727,0.99,10000,10,34,0.00108459,0.00151936,0.9670668859656424,0.9610210313117445
207830.0,340,0.349636,0.299925,0.99,10000,10,40,1.26989e-07,0.00501869,0.9996436448400823,0.9291572868955459
200000.0,356,0.362656,0.282357,0.99,10000,10,40,1.37282e-08,0.00568394,0.9998828325983902,0.9246080906197489
268153.0,458,0.0677913,0.8,0.99,10000,10,38,0.00499184,0.00030052,0.9293470453554843,0.9826644873164939
234099.0,312,0.369922,0.282927,0.99,10000,10,40,1.22396e-09,0.00682571,0.9999650148602975,0.9173821447869772
202970.0,441,0.12238,0.60791,0.99,10000,10,41,0.00282021,0.000680272,0.9468943505830123,0.9739179755386972
693381.0,500,0.0254848,0.782911,0.99,10000,10,25,0.00765813,0.000102881,0.9124892578022561,0.9898569728384471
201340.0,423,0.108219,0.705174,0.99,10000,10,36,0.00329833,0.000565907,0.9425689108583165,0.9762112001143395
202572.0,338,0.292342,0.309099,0.99,10000,10,37,1.354e-07,0.00498485,0.9996320326101406,0.9293965298303264
200000.0,416,0.289491,0.314093,0.99,10000,10,37,0.000164326,0.00274526,0.9871810296825368,0.9476047712095843
200000.0,355,0.362656,0.282357,0.99,10000,10,40,1.14493e-08,0.00574608,0.9998929985981401,0.9241970976808935
233080.0,439,0.147245,0.401258,0.99,10000,10,27,0.00127618,0.00140369,0.9642763383735653,0.9625341488819485
208979.0,499,0.084405,0.789739,0.99,10000,10,39,0.00470661,0.000320317,0.9313952625542521,0.9821025979538929
200000.0,491,0.01,0.798245,0.99,198240,12,39,0.00999989,1.41472e-09,0.9000005500015125,0.999962387236209
200000.0,491,0.01,0.798245,0.99,198240,12,39,0.00999989,1.41472e-09,0.9000005500015125,0.999962387236209
214549.0,332,0.319302,0.251634,0.99,10000,10,38,2.26791e-12,0.00968996,0.9999984940418333,0.9015624055556009
275595.0,483,0.157791,0.8,0.99,186879,10,37,0.00972797,8.18524e-05,0.9013695280351959,0.9909527683792223
783371.0,500,0.0254848,0.782911,0.99,10000,10,25,0.00790689,8.7267e-05,0.9110793049959685,0.9906583192090502
202572.0,413,0.319302,0.215128,0.981253,10000,10,33,3.5762e-12,0.00934711,0.999998108915655,0.9033195469601016
207830.0,376,0.364062,0.241501,0.99,10000,10,38,3.69753e-11,0.00771746,0.9999939192681362,0.9121509248768094
200000.0,281,0.213411,0.535483,0.99,10000,10,30,0.000475956,0.00216874,0.978183584162379,0.9534302673402563
200000.0,267,0.213411,0.531124,0.99,10000,10,30,0.000317374,0.00245817,0.9821850063149042,0.9504200645421961
200000.0,355,0.362656,0.282357,0.99,10000,10,40,1.14493e-08,0.00574608,0.9998929985981401,0.9241970976808935
200000.0,455,0.0957756,0.8,0.99,10000,10,33,0.00426086,0.000389252,0.9347247366914541,0.9802705296573881
202572.0,413,0.319302,0.215128,0.99,10000,10,33,3.96297e-12,0.00873097,0.999998009279025,0.9065603403259622
200000.0,399,0.249018,0.248708,0.99,10000,10,39,3.11564e-09,0.0062834,0.99994418208173,0.9207320998133545
210006.0,413,0.319302,0.215128,0.99,10000,10,33,8.30551e-12,0.00827752,0.999997118071826,0.9090191228883784
200000.0,349,0.285149,0.314093,0.99,10000,10,38,1.16932e-06,0.00429594,0.9989186489931572,0.9344565792775507
204354.0,413,0.319302,0.21903,0.99,10000,10,31,1.15435e-11,0.00814317,0.999996602427337,0.9097604853736457
205068.0,341,0.278209,0.350334,0.99,10000,10,40,3.9715e-05,0.00324628,0.9936980161853588,0.9430238646449235
202572.0,332,0.319302,0.291515,0.99,10000,10,39,1.24731e-09,0.00654067,0.9999646827237744,0.919125591192269
200000.0,399,0.369922,0.248708,0.99,10000,10,39,4.19494e-09,0.00595156,0.9999352316435286,0.9228536455819201
216388.0,341,0.193653,0.442922,0.99,10000,10,39,0.000589925,0.00198066,0.9757116282966519,0.9554953934968525
510723.0,498,0.0396978,0.747975,0.99,10000,10,38,0.00679008,0.000159261,0.9175980582753052,0.9873801347075335
208979.0,499,0.084405,0.757846,0.99,10000,10,39,0.00449672,0.000344146,0.9329424128080945,0.9814488275303149
589331.0,500,0.0312982,0.772237,0.99,10000,10,25,0.00725007,0.000127947,0.9148526571172065,0.9886886340347418
201551.0,400,0.142959,0.596091,0.99,10000,10,40,0.00228404,0.000858221,0.9522083689334628,0.9707045908033357
208979.0,499,0.084405,0.789739,0.99,10000,10,39,0.00470661,0.000320317,0.9313952625542521,0.9821025979538929
200000.0,442,0.171002,0.452694,0.99,10000,10,27,0.0014652,0.00119528,0.9617220690214322,0.9654271783043386
544486.0,498,0.0396978,0.764061,0.99,10000,10,36,0.00702883,0.000143114,0.9161618821776156,0.9880369736270457
200000.0,355,0.285149,0.32781,0.99,10000,10,40,1.29132e-05,0.00354304,0.9964065058786746,0.9404765592392376
200000.0,426,0.108219,0.668037,0.99,10000,10,35,0.00305062,0.000633341,0.9447675819830419,0.9748337328950041
200000.0,480,0.317589,0.215128,0.99,10000,10,36,1.30838e-08,0.00527834,0.9998856155604988,0.9273478148986557
201551.0,359,0.142959,0.596091,0.99,10000,10,40,0.00177299,0.00109342,0.9578931122023961,0.9669330981191162
202970.0,441,0.12238,0.60791,0.99,10000,10,41,0.00282021,0.000680272,0.9468943505830123,0.9739179755386972
204354.0,427,0.319302,0.21903,0.99,10000,10,31,6.48614e-11,0.00729191,0.9999919463424458,0.9146073188147836
202572.0,413,0.319302,0.215128,0.99,10000,10,33,3.96297e-12,0.00873097,0.999998009279025,0.9065603403259622
226636.0,334,0.278906,0.303161,0.99,10000,10,40,6.66651e-07,0.00456003,0.9991835130129635,0.9324720058049997
200000.0,338,0.14594,0.667419,0.99,10000,10,38,0.002009,0.000979503,0.95517813033797,0.9687029873630086
202946.0,302,0.20775,0.531124,0.99,10000,10,34,0.000702762,0.00186147,0.9734903413828092,0.9568552436558044
200000.0,458,0.0873942,0.75049,0.99,10000,10,40,0.00394465,0.000441152,0.9371935512865119,0.9789963812641725
282212.0,482,0.0736007,0.793501,0.99,10000,10,22,0.00538599,0.00027015,0.9266106956021519,0.9835637595539612
200000.0,259,0.224297,0.528702,0.99,10000,10,46,0.000239699,0.00263071,0.9845177843962823,0.9487095525463074
234529.0,414,0.11426,0.582404,0.99,10000,10,47,0.00269489,0.000751404,0.948087670058068,0.9725882506942735
200000.0,437,0.108219,0.705174,0.99,10000,10,39,0.00344509,0.000531676,0.9413051109550414,0.9769418994711186
207830.0,365,0.319302,0.284947,0.99,10000,10,41,2.22476e-07,0.00474631,0.9995283263840323,0.9311065315142284
541437.0,500,0.0396978,0.656563,0.99,10000,10,37,0.00654233,0.000194798,0.9191153290171741,0.9860429945905291
693381.0,469,0.0254848,0.782911,0.99,10000,10,25,0.00751179,0.000119557,0.9133294167551642,0.9890657876369626
200000.0,416,0.289491,0.314093,0.99,10000,10,37,0.000164326,0.00274526,0.9871810296825368,0.9476047712095843
693381.0,500,0.0254848,0.782911,0.99,10000,10,25,0.00765813,0.000102881,0.9124892578022561,0.9898569728384471
234099.0,312,0.369922,0.282927,0.99,10000,10,40,1.22396e-09,0.00682571,0.9999650148602975,0.9173821447869772
253191.0,498,0.0608075,0.799221,0.99,10000,10,36,0.00518489,0.000274898,0.9279938197096944,0.9834199517491655
200000.0,309,0.226452,0.41761,0.99,10000,10,40,0.000115058,0.00292712,0.989273490782179,0.945897135011166
200000.0,394,0.285149,0.314093,0.99,10000,10,38,5.99657e-05,0.00303799,0.9922562476795806,0.9448820355963684
227320.0,355,0.144602,0.60791,0.99,10000,10,36,0.00214383,0.000943015,0.953698488145634,0.9692914507017997
200000.0,305,0.369922,0.282927,0.99,10000,10,39,3.49377e-12,0.00959861,0.9999981308370858,0.9020275038595015
200000.0,341,0.142959,0.635819,0.99,10000,10,40,0.00182,0.00107486,0.9573385419845969,0.9672149424279901
219533.0,500,0.01,0.798245,0.99,198240,12,39,0.00999716,8.7601e-06,0.9000142010083432,0.997040253389224
202572.0,332,0.319302,0.282976,0.99,10000,10,36,2.17242e-10,0.00725749,0.9999852608684109,0.9148090967297564
344863.0,500,0.0608075,0.8,0.99,10000,10,37,0.00608097,0.000209278,0.9220194254958326,0.985533556069303
204936.0,467,0.108024,0.705174,0.989612,10000,10,32,0.00388642,0.000467996,0.937658841845856,0.9783667847974463
200000.0,437,0.171002,0.452694,0.99,10000,10,27,0.00141164,0.0012237,0.9624282020659112,0.9650185763583012
293561.0,500,0.0608075,0.8,0.99,10000,10,36,0.00559426,0.000233027,0.9252052140854725,0.9847347780887404
200000.0,400,0.167332,0.441857,0.99,10000,10,32,0.000967233,0.00158512,0.9688996302272787,0.9601864344726574
233080.0,439,0.171002,0.401258,0.99,10000,10,27,0.00127889,0.00132891,0.9642384284461658,0.9635457821370421
200000.0,437,0.108219,0.673453,0.99,10000,10,39,0.0032088,0.000585223,0.943353729160694,0.9758086172367101
208964.0,343,0.168269,0.482086,0.99,10000,10,37,0.000832175,0.0017736,0.971152556439088,0.9578858693548116
207830.0,332,0.319302,0.282976,0.99,10000,10,38,4.32916e-10,0.00695603,0.9999791933664424,0.9165971823017951
208964.0,330,0.168269,0.546727,0.99,10000,10,37,0.00115066,0.00146695,0.9660786203110782,0.9616992167181923
207830.0,365,0.319302,0.298606,0.99,10000,10,39,3.03992e-06,0.00399868,0.9982564633643081,0.9367648831739831
208964.0,324,0.168269,0.546727,0.99,10000,10,34,0.00108459,0.00151936,0.9670668859656424,0.9610210313117445
207830.0,340,0.349636,0.299925,0.99,10000,10,40,1.26989e-07,0.00501869,0.9996436448400823,0.9291572868955459
201340.0,423,0.108219,0.705174,0.99,10000,10,36,0.00329833,0.000565907,0.9425689108583165,0.9762112001143395
202572.0,338,0.292342,0.309099,0.99,10000,10,37,1.354e-07,0.00498485,0.9996320326101406,0.9293965298303264
206713.0,411,0.142959,0.596091,0.99,10000,10,37,0.00250397,0.00080856,0.9499603157483982,0.9715648105334254
233080.0,439,0.147245,0.401258,0.99,10000,10,27,0.00127618,0.00140369,0.9642763383735653,0.9625341488819485
381200.0,500,0.0608075,0.8,0.99,10000,10,38,0.00639594,0.000199556,0.9200253790255933,0.985873570868758
239550.0,332,0.319302,0.282976,0.99,10000,10,36,6.621e-08,0.00527699,0.9997426869610766,0.9273571063351687
203868.0,451,0.108024,0.705174,0.989812,10000,10,32,0.00367238,0.000494957,0.939399834983723,0.9777523709128366
268153.0,458,0.0677913,0.8,0.99,10000,10,38,0.00499184,0.00030052,0.9293470453554843,0.9826644873164939
311699.0,500,0.0608075,0.781539,0.99,10000,10,33,0.00566873,0.000231479,0.9247090310860592,0.984785566063767
222180.0,498,0.084405,0.8,0.99,10000,10,38,0.00495255,0.000305066,0.9296256438750592,0.9825338613311356
234127.0,333,0.270618,0.314093,0.99,10000,10,38,7.19421e-06,0.00389291,0.9973177975467911,0.9376068112691778
204354.0,395,0.354574,0.21903,0.99,10000,10,32,1.16425e-12,0.00930818,0.9999989209958294,0.9035210903875879
200000.0,491,0.01,0.798245,0.99,198240,12,39,0.00999989,1.41472e-09,0.9000005500015125,0.999962387236209
200000.0,491,0.01,0.798245,0.99,198240,12,39,0.00999989,1.41472e-09,0.9000005500015125,0.999962387236209
783371.0,500,0.0254848,0.782911,0.99,10000,10,25,0.00790689,8.7267e-05,0.9110793049959685,0.9906583192090502
275595.0,483,0.157791,0.8,0.99,186879,10,37,0.00972797,8.18524e-05,0.9013695280351959,0.9909527683792223
207830.0,376,0.364062,0.241501,0.99,10000,10,38,3.69753e-11,0.00771746,0.9999939192681362,0.9121509248768094
344863.0,500,0.0608075,0.8,0.99,10000,10,37,0.00608097,0.000209278,0.9220194254958326,0.985533556069303
200000.0,267,0.213411,0.531124,0.99,10000,10,30,0.000317374,0.00245817,0.9821850063149042,0.9504200645421961
200000.0,355,0.362656,0.282357,0.99,10000,10,40,1.14493e-08,0.00574608,0.9998929985981401,0.9241970976808935
200000.0,399,0.249018,0.248708,0.99,10000,10,39,3.11564e-09,0.0062834,0.99994418208173,0.9207320998133545
207830.0,332,0.319302,0.282976,0.99,10000,10,38,4.32916e-10,0.00695603,0.9999791933664424,0.9165971823017951
204354.0,413,0.319302,0.21903,0.99,10000,10,31,1.15435e-11,0.00814317,0.999996602427337,0.9097604853736457
200000.0,480,0.298926,0.18605,0.99,10000,10,36,2.60524e-12,0.00881019,0.9999983859244131,0.9061373876349055
205068.0,341,0.278209,0.350334,0.99,10000,10,40,3.9715e-05,0.00324628,0.9936980161853588,0.9430238646449235
210006.0,413,0.319302,0.215128,0.99,10000,10,33,8.30551e-12,0.00827752,0.999997118071826,0.9090191228883784
206713.0,411,0.142959,0.596091,0.99,10000,10,37,0.00250397,0.00080856,0.9499603157483982,0.9715648105334254
510723.0,498,0.0396978,0.747975,0.99,10000,10,38,0.00679008,0.000159261,0.9175980582753052,0.9873801347075335
311699.0,500,0.0608075,0.781539,0.99,10000,10,33,0.00566873,0.000231479,0.9247090310860592,0.984785566063767
203868.0,451,0.108024,0.705174,0.989812,10000,10,32,0.00367238,0.000494957,0.939399834983723,0.9777523709128366
201551.0,400,0.142959,0.596091,0.99,10000,10,40,0.00228404,0.000858221,0.9522083689334628,0.9707045908033357
200000.0,480,0.317589,0.215128,0.99,10000,10,36,1.30838e-08,0.00527834,0.9998856155604988,0.9273478148986557
200000.0,442,0.171002,0.452694,0.99,10000,10,27,0.0014652,0.00119528,0.9617220690214322,0.9654271783043386
202572.0,332,0.319302,0.336067,0.99,10000,10,36,5.71825e-06,0.00388906,0.9976087137352463,0.9376376716278169
208979.0,499,0.084405,0.789739,0.99,10000,10,39,0.00470661,0.000320317,0.9313952625542521,0.9821025979538929
204354.0,427,0.319302,0.21903,0.99,10000,10,31,6.48614e-11,0.00729191,0.9999919463424458,0.9146073188147836
589331.0,500,0.0312982,0.772237,0.99,10000,10,25,0.00725007,0.000127947,0.9148526571172065,0.9886886340347418
544486.0,498,0.0396978,0.764061,0.99,10000,10,36,0.00702883,0.000143114,0.9161618821776156,0.9880369736270457
200000.0,359,0.369922,0.248708,0.99,10000,10,39,6.98916e-12,0.00864754,0.9999973562980501,0.9070078497936519
226636.0,334,0.278906,0.303161,0.99,10000,10,40,6.66651e-07,0.00456003,0.9991835130129635,0.9324720058049997
201551.0,359,0.142959,0.596091,0.99,10000,10,40,0.00177299,0.00109342,0.9578931122023961,0.9669330981191162
381200.0,500,0.0608075,0.8,0.99,10000,10,38,0.00639594,0.000199556,0.9200253790255933,0.985873570868758
200000.0,338,0.14594,0.667419,0.99,10000,10,38,0.002009,0.000979503,0.95517813033797,0.9687029873630086
202946.0,302,0.20775,0.531124,0.99,10000,10,34,0.000702762,0.00186147,0.9734903413828092,0.9568552436558044
207830.0,365,0.319302,0.284947,0.99,10000,10,41,2.22476e-07,0.00474631,0.9995283263840323,0.9311065315142284
200000.0,400,0.167332,0.441857,0.99,10000,10,32,0.000967233,0.00158512,0.9688996302272787,0.9601864344726574
234529.0,414,0.11426,0.582404,0.99,10000,10,47,0.00269489,0.000751404,0.948087670058068,0.9725882506942735
202970.0,441,0.12238,0.60791,0.99,10000,10,41,0.00282021,0.000680272,0.9468943505830123,0.9739179755386972
200000.0,437,0.108219,0.705174,0.99,10000,10,39,0.00344509,0.000531676,0.9413051109550414,0.9769418994711186
206272.0,393,0.364062,0.241501,0.99,10000,10,38,5.37079e-10,0.00666975,0.9999768250350594,0.9183314626064603
207830.0,365,0.319302,0.298606,0.99,10000,10,39,3.03992e-06,0.00399868,0.9982564633643081,0.9367648831739831
200000.0,309,0.226452,0.41761,0.99,10000,10,40,0.000115058,0.00292712,0.989273490782179,0.945897135011166
200000.0,394,0.285149,0.314093,0.99,10000,10,38,5.99657e-05,0.00303799,0.9922562476795806,0.9448820355963684
202572.0,332,0.319302,0.291515,0.99,10000,10,39,1.24731e-09,0.00654067,0.9999646827237744,0.919125591192269
227320.0,355,0.144602,0.60791,0.99,10000,10,36,0.00214383,0.000943015,0.953698488145634,0.9692914507017997
253191.0,498,0.0608075,0.799221,0.99,10000,10,36,0.00518489,0.000274898,0.9279938197096944,0.9834199517491655
693381.0,500,0.0254848,0.782911,0.99,10000,10,25,0.00765813,0.000102881,0.9124892578022561,0.9898569728384471
200000.0,355,0.285149,0.32781,0.99,10000,10,40,1.29132e-05,0.00354304,0.9964065058786746,0.9404765592392376
200000.0,497,0.108219,0.705174,0.99,10000,10,39,0.004171,0.000433222,0.9354167204301299,0.9791860143172914
202572.0,332,0.319302,0.282976,0.99,10000,10,36,2.17242e-10,0.00725749,0.9999852608684109,0.9148090967297564
200000.0,341,0.142959,0.635819,0.99,10000,10,40,0.00182,0.00107486,0.9573385419845969,0.9672149424279901
200000.0,259,0.224297,0.528702,0.99,10000,10,46,0.000239699,0.00263071,0.9845177843962823,0.9487095525463074
200000.0,399,0.369922,0.248708,0.99,10000,10,39,4.19494e-09,0.00595156,0.9999352316435286,0.9228536455819201
200000.0,416,0.289491,0.314093,0.99,10000,10,37,0.000164326,0.00274526,0.9871810296825368,0.9476047712095843
219533.0,465,0.209794,0.798245,0.99,198240,14,42,0.00993045,2.59282e-05,0.9003483567621687,0.9949080259230825
200000.0,355,0.292155,0.328717,0.99,10000,10,40,1.48501e-05,0.00350101,0.9961464172514399,0.9408306667267579
200000.0,267,0.213411,0.629961,0.99,10000,10,31,0.000899021,0.0017711,0.9700163211063085,0.9579155610706285
269251.0,498,0.0608075,0.799221,0.99,10000,10,37,0.00533744,0.000255981,0.9269422146516882,0.9840005937610172
204936.0,467,0.108024,0.705174,0.989612,10000,10,32,0.00388642,0.000467996,0.937658841845856,0.9783667847974463
200000.0,437,0.171002,0.452694,0.99,10000,10,27,0.00141164,0.0012237,0.9624282020659112,0.9650185763583012
233080.0,439,0.171002,0.401258,0.99,10000,10,27,0.00127889,0.00132891,0.9642384284461658,0.9635457821370421
200000.0,458,0.0873942,0.75049,0.99,10000,10,40,0.00394465,0.000441152,0.9371935512865119,0.9789963812641725
200000.0,437,0.108219,0.673453,0.99,10000,10,39,0.0032088,0.000585223,0.943353729160694,0.9758086172367101
200000.0,349,0.285149,0.314093,0.99,10000,10,38,1.16932e-06,0.00429594,0.9989186489931572,0.9344565792775507
200000.0,281,0.213411,0.535483,0.99,10000,10,30,0.000475956,0.00216874,0.978183584162379,0.9534302673402563
200748.0,281,0.214695,0.535483,0.99,10000,10,30,0.000483086,0.00215833,0.9780207825435026,0.9535421696589261
207830.0,340,0.349636,0.299925,0.99,10000,10,40,1.26989e-07,0.00501869,0.9996436448400823,0.9291572868955459
208964.0,324,0.168269,0.546727,0.99,10000,10,34,0.00108459,0.00151936,0.9670668859656424,0.9610210313117445
222180.0,498,0.084405,0.8,0.99,10000,10,38,0.00495255,0.000305066,0.9296256438750592,0.9825338613311356
216388.0,341,0.193653,0.442922,0.99,10000,10,39,0.000589925,0.00198066,0.9757116282966519,0.9554953934968525
201340.0,423,0.108219,0.705174,0.99,10000,10,36,0.00329833,0.000565907,0.9425689108583165,0.9762112001143395
208964.0,343,0.168269,0.482086,0.99,10000,10,37,0.000832175,0.0017736,0.971152556439088,0.9578858693548116
202572.0,338,0.292342,0.309099,0.99,10000,10,37,1.354e-07,0.00498485,0.9996320326101406,0.9293965298303264
541437.0,471,0.0396978,0.701317,0.99,10000,10,34,0.00656519,0.000192714,0.9189741399305136,0.9861178531919591
200000.0,349,0.285149,0.314093,0.99,10000,10,38,1.16932e-06,0.00429594,0.9989186489931572,0.9344565792775507
208178.0,455,0.0957756,0.8,0.99,10000,10,34,0.00438808,0.000380619,0.9337574155093569,0.9804905407558282
295011.0,486,0.0608075,0.8,0.99,10000,10,34,0.00548939,0.000245454,0.9259095822659907,0.9843330283717625
201340.0,416,0.108219,0.678258,0.99,10000,10,41,0.00302995,0.000642322,0.9449550183940443,0.9746559277147495
239550.0,332,0.319302,0.282976,0.99,10000,10,36,6.621e-08,0.00527699,0.9997426869610766,0.9273571063351687
233080.0,439,0.147245,0.401258,0.99,10000,10,27,0.00127618,0.00140369,0.9642763383735653,0.9625341488819485
200000.0,455,0.0957756,0.8,0.99,10000,10,33,0.00426086,0.000389252,0.9347247366914541,0.9802705296573881
200000.0,491,0.01,0.798245,0.99,198240,12,39,0.00999989,1.41472e-09,0.9000005500015125,0.999962387236209
200000.0,491,0.01,0.798245,0.99,198240,12,39,0.00999989,1.41472e-09,0.9000005500015125,0.999962387236209
204354.0,395,0.354574,0.21903,0.99,10000,10,32,1.16425e-12,0.00930818,0.9999989209958294,0.9035210903875879
783371.0,500,0.0254848,0.782911,0.99,10000,10,25,0.00790689,8.7267e-05,0.9110793049959685,0.9906583192090502
275595.0,483,0.157791,0.8,0.99,186879,10,37,0.00972797,8.18524e-05,0.9013695280351959,0.9909527683792223
344863.0,500,0.0608075,0.8,0.99,10000,10,37,0.00608097,0.000209278,0.9220194254958326,0.985533556069303
200000.0,480,0.298926,0.18605,0.99,10000,10,36,2.60524e-12,0.00881019,0.9999983859244131,0.9061373876349055
693381.0,500,0.0254848,0.782911,0.99,10000,10,25,0.00765813,0.000102881,0.9124892578022561,0.9898569728384471
589331.0,500,0.0312982,0.772237,0.99,10000,10,25,0.00725007,0.000127947,0.9148526571172065,0.9886886340347418
200000.0,355,0.362656,0.282357,0.99,10000,10,40,1.14493e-08,0.00574608,0.9998929985981401,0.9241970976808935
208979.0,499,0.084405,0.789739,0.99,10000,10,39,0.00470661,0.000320317,0.9313952625542521,0.9821025979538929
207830.0,376,0.364062,0.241501,0.99,10000,10,38,3.69753e-11,0.00771746,0.9999939192681362,0.9121509248768094
200000.0,399,0.296689,0.248708,0.99,10000,10,39,1.73114e-09,0.00618084,0.9999583930294301,0.9213816815239604
311699.0,500,0.0608075,0.781539,0.99,10000,10,33,0.00566873,0.000231479,0.9247090310860592,0.984785566063767
204354.0,413,0.319302,0.21903,0.99,10000,10,31,1.15435e-11,0.00814317,0.999996602427337,0.9097604853736457
200000.0,359,0.369922,0.248708,0.99,10000,10,39,6.98916e-12,0.00864754,0.9999973562980501,0.9070078497936519
207830.0,332,0.319302,0.282976,0.99,10000,10,38,4.32916e-10,0.00695603,0.9999791933664424,0.9165971823017951
200000.0,267,0.213411,0.531124,0.99,10000,10,30,0.000317374,0.00245817,0.9821850063149042,0.9504200645421961
205068.0,341,0.278209,0.350334,0.99,10000,10,40,3.9715e-05,0.00324628,0.9936980161853588,0.9430238646449235
210006.0,413,0.319302,0.215128,0.99,10000,10,33,8.30551e-12,0.00827752,0.999997118071826,0.9090191228883784
216388.0,341,0.193653,0.442922,0.99,10000,10,39,0.000589925,0.00198066,0.9757116282966519,0.9554953934968525
222180.0,498,0.084405,0.8,0.99,10000,10,38,0.00495255,0.000305066,0.9296256438750592,0.9825338613311356
202572.0,332,0.319302,0.291515,0.99,10000,10,39,1.24731e-09,0.00654067,0.9999646827237744,0.919125591192269
208178.0,455,0.0957756,0.8,0.99,10000,10,34,0.00438808,0.000380619,0.9337574155093569,0.9804905407558282
510723.0,498,0.0396978,0.747975,0.99,10000,10,38,0.00679008,0.000159261,0.9175980582753052,0.9873801347075335
203868.0,451,0.108024,0.705174,0.989812,10000,10,32,0.00367238,0.000494957,0.939399834983723,0.9777523709128366
208964.0,324,0.168269,0.546727,0.99,10000,10,34,0.00108459,0.00151936,0.9670668859656424,0.9610210313117445
200000.0,480,0.295983,0.215128,0.99,10000,10,32,1.18837e-08,0.00534407,0.9998909876153824,0.9268968536928813
381200.0,500,0.0608075,0.8,0.99,10000,10,38,0.00639594,0.000199556,0.9200253790255933,0.985873570868758
200000.0,442,0.171002,0.452694,0.99,10000,10,27,0.0014652,0.00119528,0.9617220690214322,0.9654271783043386
202572.0,332,0.319302,0.336067,0.99,10000,10,36,5.71825e-06,0.00388906,0.9976087137352463,0.9376376716278169
544486.0,498,0.0396978,0.764061,0.99,10000,10,36,0.00702883,0.000143114,0.9161618821776156,0.9880369736270457
201551.0,359,0.142959,0.596091,0.99,10000,10,40,0.00177299,0.00109342,0.9578931122023961,0.9669330981191162
231349.0,395,0.239208,0.340105,0.99,10905,10,37,0.000430729,0.00230345,0.9792459883396004,0.9520057295086174
200000.0,399,0.369922,0.248708,0.99,10000,10,39,4.19494e-09,0.00595156,0.9999352316435286,0.9228536455819201
202946.0,302,0.20775,0.531124,0.99,10000,10,34,0.000702762,0.00186147,0.9734903413828092,0.9568552436558044
200000.0,427,0.319302,0.21903,0.99,10000,10,34,3.72189e-11,0.00754527,0.9999938992705354,0.9131364863708588
200000.0,400,0.167332,0.441857,0.99,10000,10,32,0.000967233,0.00158512,0.9688996302272787,0.9601864344726574
202970.0,441,0.12238,0.60791,0.99,10000,10,41,0.00282021,0.000680272,0.9468943505830123,0.9739179755386972
200000.0,437,0.108219,0.705174,0.99,10000,10,39,0.00344509,0.000531676,0.9413051109550414,0.9769418994711186
206272.0,393,0.364062,0.241501,0.99,10000,10,38,5.37079e-10,0.00666975,0.9999768250350594,0.9183314626064603
253191.0,498,0.0608075,0.799221,0.99,10000,10,36,0.00518489,0.000274898,0.9279938197096944,0.9834199517491655
541437.0,471,0.0396978,0.701317,0.99,10000,10,34,0.00656519,0.000192714,0.9189741399305136,0.9861178531919591
207830.0,365,0.319302,0.284947,0.99,10000,10,41,2.22476e-07,0.00474631,0.9995283263840323,0.9311065315142284
200000.0,355,0.285149,0.32781,0.99,10000,10,40,1.29132e-05,0.00354304,0.9964065058786746,0.9404765592392376
201551.0,400,0.142959,0.596091,0.99,10000,10,38,0.002284,0.000858203,0.9522087874186059,0.9707048980203175
227320.0,355,0.144602,0.60791,0.99,10000,10,36,0.00214383,0.000943015,0.953698488145634,0.9692914507017997
233080.0,439,0.147245,0.401258,0.99,10000,10,27,0.00127618,0.00140369,0.9642763383735653,0.9625341488819485
200000.0,259,0.224297,0.528702,0.99,10000,10,46,0.000239699,0.00263071,0.9845177843962823,0.9487095525463074
201340.0,416,0.108219,0.678258,0.99,10000,10,41,0.00302995,0.000642322,0.9449550183940443,0.9746559277147495
200000.0,497,0.108219,0.705174,0.99,10000,10,39,0.004171,0.000433222,0.9354167204301299,0.9791860143172914
295011.0,486,0.0608075,0.8,0.99,10000,10,34,0.00548939,0.000245454,0.9259095822659907,0.9843330283717625
200000.0,355,0.292155,0.328717,0.99,10000,10,40,1.48501e-05,0.00350101,0.9961464172514399,0.9408306667267579
200000.0,267,0.213411,0.629961,0.99,10000,10,31,0.000899021,0.0017711,0.9700163211063085,0.9579155610706285
269251.0,498,0.0608075,0.799221,0.99,10000,10,37,0.00533744,0.000255981,0.9269422146516882,0.9840005937610172
200000.0,437,0.171002,0.452694,0.99,10000,10,27,0.00141164,0.0012237,0.9624282020659112,0.9650185763583012
233080.0,439,0.171002,0.401258,0.99,10000,10,27,0.00127889,0.00132891,0.9642384284461658,0.9635457821370421
204621.0,332,0.292593,0.282976,0.99,10000,10,40,2.9692e-10,0.00720146,0.9999827686332521,0.9151385835611967
200000.0,340,0.285149,0.32781,0.99,10000,10,40,2.69854e-06,0.00405989,0.9983572766514108,0.936282733894179
219533.0,465,0.209794,0.798245,0.99,198240,14,42,0.00993045,2.59282e-05,0.9003483567621687,0.9949080259230825
200748.0,281,0.214695,0.535483,0.99,10000,10,30,0.000483086,0.00215833,0.9780207825435026,0.9535421696589261
200000.0,338,0.14594,0.667419,0.99,10000,10,38,0.002009,0.000979503,0.95517813033797,0.9687029873630086
204354.0,427,0.319302,0.21903,0.99,10000,10,31,6.48614e-11,0.00729191,0.9999919463424458,0.9146073188147836
226636.0,334,0.278906,0.303161,0.99,10000,10,40,6.66651e-07,0.00456003,0.9991835130129635,0.9324720058049997
200000.0,309,0.226452,0.41761,0.99,10000,10,40,0.000115058,0.00292712,0.989273490782179,0.945897135011166
201340.0,423,0.108219,0.705174,0.99,10000,10,36,0.00329833,0.000565907,0.9425689108583165,0.9762112001143395
200000.0,400,0.142959,0.623314,0.99,10000,10,40,0.00249942,0.000805367,0.950005800336439,0.9716210112935644
208964.0,343,0.168269,0.482086,0.99,10000,10,37,0.000832175,0.0017736,0.971152556439088,0.9578858693548116
202572.0,338,0.292342,0.309099,0.99,10000,10,37,1.354e-07,0.00498485,0.9996320326101406,0.9293965298303264
200000.0,359,0.142959,0.617402,0.99,10000,10,40,0.00191185,0.00101721,0.9562752930255674,0.9681062702087072
200000.0,349,0.285149,0.314093,0.99,10000,10,38,1.16932e-06,0.00429594,0.9989186489931572,0.9344565792775507
210006.0,413,0.319302,0.244567,0.99,10000,10,33,2.66138e-08,0.00521497,0.9998368626345683,0.9277852508139784
200000.0,455,0.0957756,0.8,0.99,10000,10,33,0.00426086,0.000389252,0.9347247366914541,0.9802705296573881
206713.0,411,0.122307,0.596091,0.99,10000,10,37,0.00243485,0.000819772,0.9506558007461869,0.9713683392029033
200000.0,458,0.0873942,0.75049,0.99,10000,10,40,0.00394465,0.000441152,0.9371935512865119,0.9789963812641725
200000.0,394,0.285149,0.314093,0.99,10000,10,38,5.99657e-05,0.00303799,0.9922562476795806,0.9448820355963684
200000.0,349,0.285149,0.314093,0.99,10000,10,38,1.16932e-06,0.00429594,0.9989186489931572,0.9344565792775507
200000.0,423,0.108219,0.617445,0.99,10000,10,29,0.00268129,0.00077601,0.9482188258147809,0.9721430439566704
204936.0,467,0.108024,0.705174,0.989612,10000,10,32,0.00388642,0.000467996,0.937658841845856,0.9783667847974463
207830.0,340,0.349636,0.299925,0.99,10000,10,40,1.26989e-07,0.00501869,0.9996436448400823,0.9291572868955459
204354.0,395,0.354574,0.21903,0.99,10000,10,32,1.16425e-12,0.00930818,0.9999989209958294,0.9035210903875879
204354.0,395,0.354574,0.21903,0.99,10000,10,32,1.16425e-12,0.00930818,0.9999989209958294,0.9035210903875879
200000.0,491,0.01,0.798245,0.99,198240,12,39,0.00999989,1.41472e-09,0.9000005500015125,0.999962387236209
200000.0,491,0.01,0.798245,0.99,198240,12,39,0.00999989,1.41472e-09,0.9000005500015125,0.999962387236209
783371.0,500,0.0254848,0.782911,0.99,10000,10,25,0.00790689,8.7267e-05,0.9110793049959685,0.9906583192090502
275595.0,483,0.157791,0.799642,0.99,186879,10,37,0.00972783,8.19009e-05,0.9013702377575612,0.9909500883982217
200000.0,480,0.298926,0.18605,0.99,10000,10,36,2.60524e-12,0.00881019,0.9999983859244131,0.9061373876349055
200000.0,259,0.224297,0.528702,0.99,10000,10,46,0.000239699,0.00263071,0.9845177843962823,0.9487095525463074
208979.0,499,0.084405,0.789739,0.99,10000,10,39,0.00470661,0.000320317,0.9313952625542521,0.9821025979538929
201551.0,359,0.142959,0.596091,0.99,10000,10,40,0.00177299,0.00109342,0.9578931122023961,0.9669330981191162
200000.0,399,0.296689,0.248708,0.99,10000,10,39,1.73114e-09,0.00618084,0.9999583930294301,0.9213816815239604
204354.0,413,0.319302,0.21903,0.99,10000,10,31,1.15435e-11,0.00814317,0.999996602427337,0.9097604853736457
201340.0,416,0.108219,0.678258,0.99,10000,10,41,0.00302995,0.000642322,0.9449550183940443,0.9746559277147495
207830.0,332,0.319302,0.282976,0.99,10000,10,38,4.32916e-10,0.00695603,0.9999791933664424,0.9165971823017951
693381.0,500,0.0254848,0.782911,0.99,10000,10,25,0.00765813,0.000102881,0.9124892578022561,0.9898569728384471
200000.0,267,0.213411,0.531124,0.99,10000,10,30,0.000317374,0.00245817,0.9821850063149042,0.9504200645421961
205068.0,341,0.278209,0.350334,0.99,10000,10,40,3.9715e-05,0.00324628,0.9936980161853588,0.9430238646449235
222180.0,498,0.084405,0.8,0.99,10000,10,38,0.00495255,0.000305066,0.9296256438750592,0.9825338613311356
208178.0,455,0.0957756,0.8,0.99,10000,10,34,0.00438808,0.000380619,0.9337574155093569,0.9804905407558282
510723.0,498,0.0396978,0.747975,0.99,10000,10,38,0.00679008,0.000159261,0.9175980582753052,0.9873801347075335
200000.0,309,0.226452,0.41761,0.99,10000,10,40,0.000115058,0.00292712,0.989273490782179,0.945897135011166
203868.0,451,0.108024,0.705174,0.989812,10000,10,32,0.00367238,0.000494957,0.939399834983723,0.9777523709128366
200748.0,281,0.214695,0.535483,0.99,10000,10,30,0.000483086,0.00215833,0.9780207825435026,0.9535421696589261
381200.0,500,0.0608075,0.8,0.99,10000,10,38,0.00639594,0.000199556,0.9200253790255933,0.985873570868758
200000.0,442,0.171002,0.452694,0.99,10000,10,27,0.0014652,0.00119528,0.9617220690214322,0.9654271783043386
201340.0,423,0.108219,0.705174,0.99,10000,10,36,0.00329833,0.000565907,0.9425689108583165,0.9762112001143395
544486.0,498,0.0396978,0.764061,0.99,10000,10,36,0.00702883,0.000143114,0.9161618821776156,0.9880369736270457
202970.0,441,0.12238,0.60791,0.99,10000,10,41,0.00282021,0.000680272,0.9468943505830123,0.9739179755386972
231349.0,395,0.239208,0.340105,0.99,10905,10,37,0.000430729,0.00230345,0.9792459883396004,0.9520057295086174
226636.0,334,0.278906,0.303161,0.99,10000,10,40,6.66651e-07,0.00456003,0.9991835130129635,0.9324720058049997
200000.0,399,0.369922,0.248708,0.99,10000,10,39,4.19494e-09,0.00595156,0.9999352316435286,0.9228536455819201
202572.0,332,0.319302,0.336067,0.99,10000,10,36,5.71825e-06,0.00388906,0.9976087137352463,0.9376376716278169
207830.0,376,0.364062,0.241501,0.99,10000,10,36,3.68453e-11,0.00771787,0.9999939299670512,0.9121485913601837
207830.0,365,0.319302,0.284947,0.99,10000,10,41,2.22476e-07,0.00474631,0.9995283263840323,0.9311065315142284
200000.0,423,0.108219,0.617445,0.99,10000,10,29,0.00268129,0.00077601,0.9482188258147809,0.9721430439566704
206272.0,393,0.364062,0.241501,0.99,10000,10,38,5.37079e-10,0.00666975,0.9999768250350594,0.9183314626064603
253191.0,498,0.0608075,0.799221,0.99,10000,10,36,0.00518489,0.000274898,0.9279938197096944,0.9834199517491655
541437.0,471,0.0396978,0.701317,0.99,10000,10,34,0.00656519,0.000192714,0.9189741399305136,0.9861178531919591
311699.0,498,0.0608075,0.8,0.99,10000,10,31,0.00575316,0.000224046,0.9241504119984821,0.9850318337796509
200000.0,359,0.369922,0.248708,0.99,10000,10,39,6.98916e-12,0.00864754,0.9999973562980501,0.9070078497936519
589331.0,500,0.0312982,0.8,0.99,10000,10,38,0.00734605,0.000118781,0.9142908989663291,0.989101330356415
200000.0,355,0.362656,0.282357,0.99,10000,10,40,1.14493e-08,0.00574608,0.9998929985981401,0.9241970976808935
200000.0,480,0.295983,0.215128,0.99,10000,10,32,1.18837e-08,0.00534407,0.9998909876153824,0.9268968536928813
200000.0,355,0.285149,0.32781,0.99,10000,10,40,1.29132e-05,0.00354304,0.9964065058786746,0.9404765592392376
201551.0,400,0.142959,0.596091,0.99,10000,10,38,0.002284,0.000858203,0.9522087874186059,0.9707048980203175
200000.0,400,0.167332,0.441857,0.99,10000,10,32,0.000967233,0.00158512,0.9688996302272787,0.9601864344726574
227320.0,355,0.144602,0.60791,0.99,10000,10,36,0.00214383,0.000943015,0.953698488145634,0.9692914507017997
200000.0,413,0.319302,0.21903,0.99,10000,10,33,7.40679e-12,0.00840508,0.9999972784581576,0.9083207766176
202572.0,332,0.319302,0.291515,0.99,10000,10,39,1.24731e-09,0.00654067,0.9999646827237744,0.919125591192269
202946.0,302,0.20775,0.531124,0.99,10000,10,34,0.000702762,0.00186147,0.9734903413828092,0.9568552436558044
216388.0,341,0.193653,0.442922,0.99,10000,10,39,0.000589925,0.00198066,0.9757116282966519,0.9554953934968525
200000.0,497,0.108219,0.705174,0.99,10000,10,39,0.004171,0.000433222,0.9354167204301299,0.9791860143172914
208964.0,324,0.168269,0.546727,0.99,10000,10,34,0.00108459,0.00151936,0.9670668859656424,0.9610210313117445
204621.0,332,0.292593,0.282976,0.99,10000,10,40,2.9692e-10,0.00720146,0.9999827686332521,0.9151385835611967
200000.0,359,0.142959,0.617402,0.99,10000,10,40,0.00191185,0.00101721,0.9562752930255674,0.9681062702087072
295011.0,486,0.0608075,0.8,0.99,10000,10,34,0.00548939,0.000245454,0.9259095822659907,0.9843330283717625
200000.0,340,0.285149,0.32781,0.99,10000,10,40,2.69854e-06,0.00405989,0.9983572766514108,0.936282733894179
210006.0,413,0.319302,0.244567,0.99,10000,10,33,2.66138e-08,0.00521497,0.9998368626345683,0.9277852508139784
200000.0,394,0.285149,0.314093,0.99,10000,10,38,5.99657e-05,0.00303799,0.9922562476795806,0.9448820355963684
200000.0,355,0.292155,0.328717,0.99,10000,10,40,1.48501e-05,0.00350101,0.9961464172514399,0.9408306667267579
589331.0,500,0.0312982,0.772237,0.99,10000,10,25,0.00725007,0.000127947,0.9148526571172065,0.9886886340347418
344863.0,500,0.0608075,0.8,0.99,10000,10,37,0.00608097,0.000209278,0.9220194254958326,0.985533556069303
208964.0,324,0.168269,0.518135,0.989581,10000,10,31,0.000889264,0.00172831,0.970179470158966,0.9584270520650748
269251.0,498,0.0608075,0.799221,0.99,10000,10,37,0.00533744,0.000255981,0.9269422146516882,0.9840005937610172
344863.0,500,0.0608075,0.8,0.99,10000,10,37,0.00608097,0.000209278,0.9220194254958326,0.985533556069303
204936.0,467,0.108024,0.705174,0.989612,10000,10,32,0.00388642,0.000467996,0.937658841845856,0.9783667847974463
200000.0,437,0.171002,0.452694,0.99,10000,10,27,0.00141164,0.0012237,0.9624282020659112,0.9650185763583012
208964.0,343,0.168269,0.482086,0.99,10000,10,37,0.000832175,0.0017736,0.971152556439088,0.9578858693548116
233080.0,439,0.171002,0.401258,0.99,10000,10,27,0.00127889,0.00132891,0.9642384284461658,0.9635457821370421
201551.0,400,0.142959,0.467414,0.99,10000,10,38,0.00122965,0.00148682,0.964933634348567,0.9614406950270107
204354.0,427,0.319302,0.21903,0.99,10000,10,31,6.48614e-11,0.00729191,0.9999919463424458,0.9146073188147836
200000.0,338,0.14594,0.667419,0.99,10000,10,38,0.002009,0.000979503,0.95517813033797,0.9687029873630086
200000.0,437,0.108219,0.705174,0.99,10000,10,39,0.00344509,0.000531676,0.9413051109550414,0.9769418994711186
200000.0,400,0.142959,0.623314,0.99,10000,10,40,0.00249942,0.000805367,0.950005800336439,0.9716210112935644
202572.0,338,0.292342,0.309099,0.99,10000,10,37,1.354e-07,0.00498485,0.9996320326101406,0.9293965298303264
219533.0,465,0.209794,0.798245,0.99,198240,14,42,0.00993045,2.59282e-05,0.9003483567621687,0.9949080259230825
311699.0,500,0.0608075,0.781539,0.99,10000,10,33,0.00566873,0.000231479,0.9247090310860592,0.984785566063767
200000.0,349,0.285149,0.314093,0.99,10000,10,38,1.16932e-06,0.00429594,0.9989186489931572,0.9344565792775507
210006.0,413,0.319302,0.215128,0.99,10000,10,33,8.30551e-12,0.00827752,0.999997118071826,0.9090191228883784
200000.0,455,0.0957756,0.8,0.99,10000,10,33,0.00426086,0.000389252,0.9347247366914541,0.9802705296573881
201604.0,399,0.369922,0.215292,0.99,10000,10,39,6.45644e-13,0.00965744,0.9999991964802429,0.9017277251713384
200000.0,491,0.01,0.798245,0.99,198240,12,39,0.00999989,1.41472e-09,0.9000005500015125,0.999962387236209
200000.0,491,0.01,0.798245,0.99,198240,12,39,0.00999989,1.41472e-09,0.9000005500015125,0.999962387236209
783371.0,500,0.0254848,0.782911,0.99,10000,10,25,0.00790689,8.7267e-05,0.9110793049959685,0.9906583192090502
275595.0,483,0.157791,0.799642,0.99,186879,10,37,0.00972783,8.19009e-05,0.9013702377575612,0.9909500883982217
207830.0,376,0.364062,0.241501,0.99,10000,10,36,3.68453e-11,0.00771787,0.9999939299670512,0.9121485913601837
201551.0,359,0.142959,0.596091,0.99,10000,10,40,0.00177299,0.00109342,0.9578931122023961,0.9669330981191162
200000.0,399,0.296689,0.248708,0.99,10000,10,39,1.73114e-09,0.00618084,0.9999583930294301,0.9213816815239604
693381.0,500,0.0254848,0.782911,0.99,10000,10,25,0.00765813,0.000102881,0.9124892578022561,0.9898569728384471
204936.0,467,0.108024,0.705174,0.989612,10000,10,32,0.00388642,0.000467996,0.937658841845856,0.9783667847974463
207830.0,332,0.319302,0.282976,0.99,10000,10,38,4.32916e-10,0.00695603,0.9999791933664424,0.9165971823017951
200000.0,480,0.295983,0.215128,0.99,10000,10,32,1.18837e-08,0.00534407,0.9998909876153824,0.9268968536928813
200000.0,480,0.298926,0.18605,0.99,10000,10,36,2.60524e-12,0.00881019,0.9999983859244131,0.9061373876349055
202572.0,332,0.319302,0.336067,0.99,10000,10,36,5.71825e-06,0.00388906,0.9976087137352463,0.9376376716278169
204354.0,427,0.319302,0.21903,0.99,10000,10,31,6.48614e-11,0.00729191,0.9999919463424458,0.9146073188147836
200000.0,267,0.213411,0.531124,0.99,10000,10,30,0.000317374,0.00245817,0.9821850063149042,0.9504200645421961
201340.0,423,0.108219,0.705174,0.99,10000,10,36,0.00329833,0.000565907,0.9425689108583165,0.9762112001143395
216388.0,341,0.193653,0.442922,0.99,10000,10,39,0.000589925,0.00198066,0.9757116282966519,0.9554953934968525
205068.0,341,0.278209,0.350334,0.99,10000,10,40,3.9715e-05,0.00324628,0.9936980161853588,0.9430238646449235
200000.0,349,0.285149,0.314093,0.99,10000,10,38,1.16932e-06,0.00429594,0.9989186489931572,0.9344565792775507
204354.0,395,0.354574,0.21903,0.99,10000,10,39,1.18462e-12,0.00930448,0.9999989115975009,0.9035402674687515
510723.0,498,0.0396978,0.747975,0.99,10000,10,38,0.00679008,0.000159261,0.9175980582753052,0.9873801347075335
203868.0,451,0.108024,0.705174,0.989812,10000,10,32,0.00367238,0.000494957,0.939399834983723,0.9777523709128366
202572.0,332,0.319302,0.291515,0.99,10000,10,39,1.24731e-09,0.00654067,0.9999646827237744,0.919125591192269
381200.0,500,0.0608075,0.8,0.99,10000,10,38,0.00639594,0.000199556,0.9200253790255933,0.985873570868758
201551.0,400,0.142959,0.596091,0.99,10000,10,38,0.002284,0.000858203,0.9522087874186059,0.9707048980203175
200000.0,442,0.171002,0.452694,0.99,10000,10,27,0.0014652,0.00119528,0.9617220690214322,0.9654271783043386
544486.0,498,0.0396978,0.764061,0.99,10000,10,36,0.00702883,0.000143114,0.9161618821776156,0.9880369736270457
206272.0,425,0.364062,0.241501,0.99,10000,10,38,1.13274e-07,0.00490687,0.9996634379700561,0.929950945759418
200000.0,400,0.142959,0.623314,0.99,10000,10,40,0.00249942,0.000805367,0.950005800336439,0.9716210112935644
231349.0,395,0.239208,0.340105,0.99,10905,10,37,0.000430729,0.00230345,0.9792459883396004,0.9520057295086174
226636.0,334,0.278906,0.303161,0.99,10000,10,40,6.66651e-07,0.00456003,0.9991835130129635,0.9324720058049997
202946.0,302,0.20775,0.531124,0.99,10000,10,34,0.000702762,0.00186147,0.9734903413828092,0.9568552436558044
200000.0,399,0.369922,0.248708,0.99,10000,10,39,4.19494e-09,0.00595156,0.9999352316435286,0.9228536455819201
200000.0,437,0.108219,0.705174,0.99,10000,10,39,0.00344509,0.000531676,0.9413051109550414,0.9769418994711186
208178.0,455,0.0957756,0.8,0.99,10000,10,34,0.00438808,0.000380619,0.9337574155093569,0.9804905407558282
204354.0,395,0.354574,0.22941,0.99,10000,10,32,1.39748e-11,0.00802451,0.9999962617116216,0.9104203706192083
541437.0,471,0.0396978,0.701317,0.99,10000,10,34,0.00656519,0.000192714,0.9189741399305136,0.9861178531919591
253191.0,498,0.0608075,0.799221,0.99,10000,10,36,0.00518489,0.000274898,0.9279938197096944,0.9834199517491655
311699.0,498,0.0608075,0.8,0.99,10000,10,31,0.00575316,0.000224046,0.9241504119984821,0.9850318337796509
589331.0,500,0.0312982,0.8,0.99,10000,10,38,0.00734605,0.000118781,0.9142908989663291,0.989101330356415
231349.0,415,0.239208,0.295861,0.99,10000,10,37,0.000151384,0.00269218,0.9876961794551449,0.9481137783221788
206272.0,393,0.364062,0.241501,0.99,10000,10,38,5.37079e-10,0.00666975,0.9999768250350594,0.9183314626064603
200000.0,340,0.285149,0.32781,0.99,10000,10,40,2.69854e-06,0.00405989,0.9983572766514108,0.936282733894179
200000.0,355,0.362656,0.282357,0.99,10000,10,40,1.14493e-08,0.00574608,0.9998929985981401,0.9241970976808935
200000.0,400,0.178501,0.441857,0.99,10000,10,30,0.000962468,0.00154807,0.9689763316160065,0.9606544792892507
200000.0,355,0.285149,0.32781,0.99,10000,10,40,1.29132e-05,0.00354304,0.9964065058786746,0.9404765592392376
200000.0,259,0.224297,0.528702,0.99,10000,10,46,0.000239699,0.00263071,0.9845177843962823,0.9487095525463074
200000.0,394,0.285149,0.314093,0.99,10000,10,38,5.99657e-05,0.00303799,0.9922562476795806,0.9448820355963684
227320.0,355,0.144602,0.60791,0.99,10000,10,36,0.00214383,0.000943015,0.953698488145634,0.9692914507017997
200000.0,423,0.108219,0.617445,0.99,10000,10,29,0.00268129,0.00077601,0.9482188258147809,0.9721430439566704
200000.0,359,0.369922,0.248708,0.99,10000,10,39,6.98916e-12,0.00864754,0.9999973562980501,0.9070078497936519
200000.0,413,0.319302,0.21903,0.99,10000,10,33,7.40679e-12,0.00840508,0.9999972784581576,0.9083207766176
200000.0,498,0.084405,0.8,0.99,10000,10,33,0.00463494,0.00032409,0.931919606346614,0.981997500173587
201551.0,400,0.142959,0.467414,0.99,10000,10,38,0.00122965,0.00148682,0.964933634348567,0.9614406950270107
208964.0,324,0.168269,0.518135,0.989581,10000,10,31,0.000889264,0.00172831,0.970179470158966,0.9584270520650748
204354.0,395,0.354574,0.21903,0.99,10000,10,32,1.16425e-12,0.00930818,0.9999989209958294,0.9035210903875879
207830.0,365,0.319302,0.284947,0.99,10000,10,41,2.22476e-07,0.00474631,0.9995283263840323,0.9311065315142284
200000.0,497,0.108219,0.705174,0.99,10000,10,39,0.004171,0.000433222,0.9354167204301299,0.9791860143172914
295011.0,486,0.0608075,0.8,0.99,10000,10,34,0.00548939,0.000245454,0.9259095822659907,0.9843330283717625
200000.0,359,0.142959,0.617402,0.99,10000,10,40,0.00191185,0.00101721,0.9562752930255674,0.9681062702087072
204621.0,332,0.292593,0.282976,0.99,10000,10,40,2.9692e-10,0.00720146,0.9999827686332521,0.9151385835611967
201340.0,416,0.108219,0.678258,0.99,10000,10,41,0.00302995,0.000642322,0.9449550183940443,0.9746559277147495
589331.0,500,0.0312982,0.772237,0.99,10000,10,25,0.00725007,0.000127947,0.9148526571172065,0.9886886340347418
344863.0,500,0.0608075,0.8,0.99,10000,10,37,0.00608097,0.000209278,0.9220194254958326,0.985533556069303
269251.0,498,0.0608075,0.799221,0.99,10000,10,37,0.00533744,0.000255981,0.9269422146516882,0.9840005937610172
208964.0,324,0.168269,0.546727,0.99,10000,10,34,0.00108459,0.00151936,0.9670668859656424,0.9610210313117445
344863.0,500,0.0608075,0.8,0.99,10000,10,37,0.00608097,0.000209278,0.9220194254958326,0.985533556069303
200000.0,437,0.171002,0.452694,0.99,10000,10,27,0.00141164,0.0012237,0.9624282020659112,0.9650185763583012
208964.0,343,0.168269,0.482086,0.99,10000,10,37,0.000832175,0.0017736,0.971152556439088,0.9578858693548116
210006.0,413,0.319302,0.244567,0.99,10000,10,42,2.69141e-08,0.00521309,0.9998359448263541,0.9277982687188181
200000.0,338,0.14594,0.667419,0.99,10000,10,38,0.002009,0.000979503,0.95517813033797,0.9687029873630086
208979.0,499,0.084405,0.789739,0.99,10000,10,39,0.00470661,0.000320317,0.9313952625542521,0.9821025979538929
222180.0,498,0.084405,0.8,0.99,10000,10,38,0.00495255,0.000305066,0.9296256438750592,0.9825338613311356
200000.0,309,0.226452,0.41761,0.99,10000,10,40,0.000115058,0.00292712,0.989273490782179,0.945897135011166
200748.0,281,0.214695,0.535483,0.99,10000,10,33,0.00048326,0.00215819,0.9780168246151745,0.9535436764261311
200000.0,355,0.292155,0.328717,0.99,10000,10,40,1.48501e-05,0.00350101,0.9961464172514399,0.9408306667267579
311699.0,500,0.0608075,0.781539,0.99,10000,10,33,0.00566873,0.000231479,0.9247090310860592,0.984785566063767
210006.0,413,0.319302,0.215128,0.99,10000,10,33,8.30551e-12,0.00827752,0.999997118071826,0.9090191228883784
233080.0,439,0.171002,0.401258,0.99,10000,10,27,0.00127889,0.00132891,0.9642384284461658,0.9635457821370421
200000.0,491,0.01,0.798245,0.99,198240,12,39,0.00999989,1.41472e-09,0.9000005500015125,0.999962387236209
200000.0,491,0.01,0.798245,0.99,198240,12,39,0.00999989,1.41472e-09,0.9000005500015125,0.999962387236209
201604.0,399,0.369922,0.215292,0.99,10000,10,39,6.45644e-13,0.00965744,0.9999991964802429,0.9017277251713384
275595.0,483,0.157791,0.799642,0.99,186879,10,37,0.00972783,8.19009e-05,0.9013702377575612,0.9909500883982217
783371.0,500,0.0254848,0.782911,0.99,10000,10,25,0.00790689,8.7267e-05,0.9110793049959685,0.9906583192090502
201340.0,416,0.108219,0.678258,0.99,10000,10,41,0.00302995,0.000642322,0.9449550183940443,0.9746559277147495
207830.0,376,0.364062,0.241501,0.99,10000,10,36,3.68453e-11,0.00771787,0.9999939299670512,0.9121485913601837
204354.0,427,0.319302,0.21903,0.99,10000,10,31,6.48614e-11,0.00729191,0.9999919463424458,0.9146073188147836
200000.0,480,0.298926,0.18605,0.99,10000,10,36,2.60524e-12,0.00881019,0.9999983859244131,0.9061373876349055
200000.0,355,0.362656,0.282357,0.99,10000,10,40,1.14493e-08,0.00574608,0.9998929985981401,0.9241970976808935
200000.0,399,0.296689,0.248708,0.99,10000,10,39,1.73114e-09,0.00618084,0.9999583930294301,0.9213816815239604
200000.0,423,0.108219,0.617445,0.99,10000,10,29,0.00268129,0.00077601,0.9482188258147809,0.9721430439566704
693381.0,500,0.0254848,0.782911,0.99,10000,10,25,0.00765813,0.000102881,0.9124892578022561,0.9898569728384471
204354.0,395,0.354574,0.22941,0.99,10000,10,32,1.39748e-11,0.00802451,0.9999962617116216,0.9104203706192083
200000.0,349,0.285149,0.314093,0.99,10000,10,38,1.16932e-06,0.00429594,0.9989186489931572,0.9344565792775507
204936.0,467,0.108024,0.705174,0.989612,10000,10,32,0.00388642,0.000467996,0.937658841845856,0.9783667847974463
200000.0,480,0.295983,0.215128,0.99,10000,10,32,1.18837e-08,0.00534407,0.9998909876153824,0.9268968536928813
200000.0,267,0.213411,0.531124,0.99,10000,10,30,0.000317374,0.00245817,0.9821850063149042,0.9504200645421961
201340.0,423,0.108219,0.705174,0.99,10000,10,36,0.00329833,0.000565907,0.9425689108583165,0.9762112001143395
204354.0,395,0.354574,0.21903,0.99,10000,10,39,1.18462e-12,0.00930448,0.9999989115975009,0.9035402674687515
510723.0,498,0.0396978,0.747975,0.99,10000,10,38,0.00679008,0.000159261,0.9175980582753052,0.9873801347075335
202572.0,332,0.319302,0.291515,0.99,10000,10,39,1.24731e-09,0.00654067,0.9999646827237744,0.919125591192269
381200.0,500,0.0608075,0.8,0.99,10000,10,38,0.00639594,0.000199556,0.9200253790255933,0.985873570868758
200000.0,497,0.108219,0.705174,0.99,10000,10,39,0.004171,0.000433222,0.9354167204301299,0.9791860143172914
200748.0,281,0.214695,0.535483,0.99,10000,10,33,0.00048326,0.00215819,0.9780168246151745,0.9535436764261311
544486.0,498,0.0396978,0.764061,0.99,10000,10,36,0.00702883,0.000143114,0.9161618821776156,0.9880369736270457
206272.0,425,0.364062,0.241501,0.99,10000,10,38,1.13274e-07,0.00490687,0.9996634379700561,0.929950945759418
231349.0,395,0.239208,0.340105,0.99,10905,10,37,0.000430729,0.00230345,0.9792459883396004,0.9520057295086174
222180.0,498,0.084405,0.8,0.99,10000,10,38,0.00495255,0.000305066,0.9296256438750592,0.9825338613311356
226636.0,334,0.278906,0.303161,0.99,10000,10,40,6.66651e-07,0.00456003,0.9991835130129635,0.9324720058049997
202946.0,302,0.20775,0.531124,0.99,10000,10,34,0.000702762,0.00186147,0.9734903413828092,0.9568552436558044
233080.0,439,0.171002,0.401258,0.99,10000,10,27,0.00127889,0.00132891,0.9642384284461658,0.9635457821370421
210006.0,413,0.319302,0.244567,0.99,10000,10,42,2.69141e-08,0.00521309,0.9998359448263541,0.9277982687188181
200000.0,399,0.369922,0.248708,0.99,10000,10,39,4.19494e-09,0.00595156,0.9999352316435286,0.9228536455819201
200000.0,309,0.226452,0.41761,0.99,10000,10,40,0.000115058,0.00292712,0.989273490782179,0.945897135011166
541437.0,471,0.0396978,0.701317,0.99,10000,10,34,0.00656519,0.000192714,0.9189741399305136,0.9861178531919591
589331.0,500,0.0312982,0.8,0.99,10000,10,38,0.00734605,0.000118781,0.9142908989663291,0.989101330356415
201551.0,400,0.142959,0.596091,0.99,10000,10,38,0.002284,0.000858203,0.9522087874186059,0.9707048980203175
231349.0,415,0.239208,0.295861,0.99,10000,10,37,0.000151384,0.00269218,0.9876961794551449,0.9481137783221788
200000.0,442,0.171002,0.452694,0.99,10000,10,27,0.0014652,0.00119528,0.9617220690214322,0.9654271783043386
200000.0,359,0.369922,0.248708,0.99,10000,10,39,6.98916e-12,0.00864754,0.9999973562980501,0.9070078497936519
236902.0,359,0.142959,0.540842,0.99,10000,10,40,0.0017375,0.00112996,0.9583166699986674,0.9663851223414394
200000.0,400,0.178501,0.441857,0.99,10000,10,30,0.000962468,0.00154807,0.9689763316160065,0.9606544792892507
200000.0,259,0.224297,0.528702,0.99,10000,10,46,0.000239699,0.00263071,0.9845177843962823,0.9487095525463074
200000.0,480,0.295983,0.232007,0.99,10000,10,28,1.36252e-06,0.0040066,0.9988327296799798,0.9367022907207536
200000.0,394,0.285149,0.314093,0.99,10000,10,36,5.99328e-05,0.00303794,0.9922583722641811,0.9448824891708634
208178.0,455,0.0957756,0.8,0.99,10000,10,34,0.00438808,0.000380619,0.9337574155093569,0.9804905407558282
210006.0,413,0.319302,0.215128,0.99,10000,10,33,8.30551e-12,0.00827752,0.999997118071826,0.9090191228883784
201551.0,400,0.142959,0.467414,0.99,10000,10,38,0.00122965,0.00148682,0.964933634348567,0.9614406950270107
202572.0,332,0.319302,0.336067,0.99,10000,10,36,5.71825e-06,0.00388906,0.9976087137352463,0.9376376716278169
200000.0,413,0.319302,0.21903,0.99,10000,10,33,7.40679e-12,0.00840508,0.9999972784581576,0.9083207766176
200000.0,498,0.084405,0.8,0.99,10000,10,33,0.00463494,0.00032409,0.931919606346614,0.981997500173587
200000.0,355,0.285149,0.32781,0.99,10000,10,40,1.29132e-05,0.00354304,0.9964065058786746,0.9404765592392376
204354.0,395,0.354574,0.21903,0.99,10000,10,32,1.16425e-12,0.00930818,0.9999989209958294,0.9035210903875879
208964.0,324,0.168269,0.518135,0.989581,10000,10,31,0.000889264,0.00172831,0.970179470158966,0.9584270520650748
201604.0,399,0.369922,0.215292,0.99,10000,10,41,6.48474e-13,0.00965692,0.9999991947211663,0.9017303709175617
200000.0,400,0.142959,0.623314,0.99,10000,10,40,0.00249942,0.000805367,0.950005800336439,0.9716210112935644
207830.0,365,0.319302,0.284947,0.99,10000,10,41,2.22476e-07,0.00474631,0.9995283263840323,0.9311065315142284
242614.0,491,0.01,0.798245,0.99,198240,12,39,0.00998971,2.94383e-05,0.9000514632423265,0.9945742926728398
295011.0,486,0.0608075,0.8,0.99,10000,10,34,0.00548939,0.000245454,0.9259095822659907,0.9843330283717625
200000.0,359,0.142959,0.617402,0.99,10000,10,40,0.00191185,0.00101721,0.9562752930255674,0.9681062702087072
224644.0,480,0.387835,0.18605,0.99,10000,10,32,1.25725e-10,0.00703692,0.9999887872840043,0.9161136483091558
335172.0,500,0.0608075,0.791339,0.99,10000,10,31,0.00594455,0.00021594,0.9228990920935427,0.9853051029265258
208979.0,499,0.084405,0.789739,0.99,10000,10,39,0.00470661,0.000320317,0.9313952625542521,0.9821025979538929
269251.0,498,0.0608075,0.799221,0.99,10000,10,37,0.00533744,0.000255981,0.9269422146516882,0.9840005937610172
208964.0,324,0.168269,0.546727,0.99,10000,10,34,0.00108459,0.00151936,0.9670668859656424,0.9610210313117445
200000.0,437,0.171002,0.452694,0.99,10000,10,27,0.00141164,0.0012237,0.9624282020659112,0.9650185763583012
208964.0,343,0.168269,0.482086,0.99,10000,10,37,0.000832175,0.0017736,0.971152556439088,0.9578858693548116
344863.0,500,0.0608075,0.8,0.99,10000,10,37,0.00608097,0.000209278,0.9220194254958326,0.985533556069303
200000.0,338,0.14594,0.667419,0.99,10000,10,38,0.002009,0.000979503,0.95517813033797,0.9687029873630086
200000.0,437,0.108219,0.705174,0.99,10000,10,39,0.00344509,0.000531676,0.9413051109550414,0.9769418994711186
216388.0,341,0.193653,0.442922,0.99,10000,10,39,0.000589925,0.00198066,0.9757116282966519,0.9554953934968525
311699.0,498,0.0608075,0.8,0.99,10000,10,31,0.00575316,0.000224046,0.9241504119984821,0.9850318337796509
201551.0,359,0.142959,0.596091,0.99,10000,10,40,0.00177299,0.00109342,0.9578931122023961,0.9669330981191162
207830.0,376,0.364062,0.250678,0.99,10000,10,32,5.25873e-10,0.00674782,0.9999770680790163,0.9178548845030942
204354.0,395,0.299456,0.293935,0.99,10000,10,36,1.76041e-05,0.00341107,0.9958042759861974,0.9415956337248661
311699.0,500,0.0608075,0.781539,0.99,10000,10,33,0.00566873,0.000231479,0.9247090310860592,0.984785566063767
200000.0,455,0.100378,0.8,0.99,10000,10,34,0.00430784,0.000396856,0.9343658625409003,0.9800787550589829
200000.0,445,0.105115,0.708015,0.99,10000,10,36,0.00354625,0.000509001,0.9404496011768183,0.9774389494925436
270704.0,463,0.0791588,0.799221,0.99,10000,10,36,0.00515314,0.000299211,0.9282146254450114,0.9827022833876838
201604.0,399,0.369922,0.215292,0.99,10000,10,39,6.45644e-13,0.00965744,0.9999991964802429,0.9017277251713384
200000.0,491,0.01,0.798245,0.99,198240,12,39,0.00999989,1.41472e-09,0.9000005500015125,0.999962387236209
200000.0,491,0.01,0.798245,0.99,198240,12,39,0.00999989,1.41472e-09,0.9000005500015125,0.999962387236209
783371.0,500,0.0254848,0.782911,0.99,10000,10,25,0.00790689,8.7267e-05,0.9110793049959685,0.9906583192090502
275595.0,483,0.157791,0.799642,0.99,186879,10,37,0.00972783,8.19009e-05,0.9013702377575612,0.9909500883982217
207830.0,376,0.364062,0.241501,0.99,10000,10,36,3.68453e-11,0.00771787,0.9999939299670512,0.9121485913601837
204354.0,427,0.319302,0.21903,0.99,10000,10,31,6.48614e-11,0.00729191,0.9999919463424458,0.9146073188147836
204936.0,467,0.108024,0.705174,0.989612,10000,10,32,0.00388642,0.000467996,0.937658841845856,0.9783667847974463
200000.0,423,0.108219,0.617445,0.99,10000,10,29,0.00268129,0.00077601,0.9482188258147809,0.9721430439566704
201551.0,400,0.142959,0.596091,0.99,10000,10,38,0.002284,0.000858203,0.9522087874186059,0.9707048980203175
200000.0,355,0.362656,0.282357,0.99,10000,10,40,1.14493e-08,0.00574608,0.9998929985981401,0.9241970976808935
693381.0,500,0.0254848,0.782911,0.99,10000,10,25,0.00765813,0.000102881,0.9124892578022561,0.9898569728384471
202572.0,332,0.319302,0.291515,0.99,10000,10,39,1.24731e-09,0.00654067,0.9999646827237744,0.919125591192269
204354.0,395,0.354574,0.22941,0.99,10000,10,32,1.39748e-11,0.00802451,0.9999962617116216,0.9104203706192083
224644.0,480,0.387835,0.18605,0.99,10000,10,32,1.25725e-10,0.00703692,0.9999887872840043,0.9161136483091558
207830.0,365,0.319302,0.284947,0.99,10000,10,41,2.22476e-07,0.00474631,0.9995283263840323,0.9311065315142284
200000.0,480,0.295983,0.215128,0.99,10000,10,32,1.18837e-08,0.00534407,0.9998909876153824,0.9268968536928813
200000.0,338,0.14594,0.667419,0.99,10000,10,38,0.002009,0.000979503,0.95517813033797,0.9687029873630086
201340.0,423,0.108219,0.705174,0.99,10000,10,36,0.00329833,0.000565907,0.9425689108583165,0.9762112001143395
216388.0,341,0.193653,0.442922,0.99,10000,10,39,0.000589925,0.00198066,0.9757116282966519,0.9554953934968525
544486.0,498,0.0396978,0.764061,0.99,10000,10,36,0.00702883,0.000143114,0.9161618821776156,0.9880369736270457
207830.0,376,0.364062,0.250678,0.99,10000,10,32,5.25873e-10,0.00674782,0.9999770680790163,0.9178548845030942
200000.0,394,0.285149,0.314093,0.99,10000,10,36,5.99328e-05,0.00303794,0.9922583722641811,0.9448824891708634
201604.0,399,0.348194,0.221401,0.99,10000,10,41,2.38216e-12,0.00890768,0.9999984565752367,0.9056194935381252
200000.0,445,0.105115,0.708015,0.99,10000,10,36,0.00354625,0.000509001,0.9404496011768183,0.9774389494925436
381200.0,500,0.0608075,0.8,0.99,10000,10,38,0.00639594,0.000199556,0.9200253790255933,0.985873570868758
200748.0,281,0.214695,0.535483,0.99,10000,10,33,0.00048326,0.00215819,0.9780168246151745,0.9535436764261311
200000.0,416,0.108219,0.678258,0.99,10000,10,40,0.00301376,0.000647452,0.9451022769142472,0.9745549218904717
206272.0,425,0.364062,0.241501,0.99,10000,10,38,1.13274e-07,0.00490687,0.9996634379700561,0.929950945759418
200000.0,400,0.142959,0.623314,0.99,10000,10,40,0.00249942,0.000805367,0.950005800336439,0.9716210112935644
200000.0,267,0.213411,0.531124,0.99,10000,10,30,0.000317374,0.00245817,0.9821850063149042,0.9504200645421961
222180.0,498,0.084405,0.8,0.99,10000,10,38,0.00495255,0.000305066,0.9296256438750592,0.9825338613311356
344863.0,500,0.0608075,0.8,0.99,10000,10,37,0.00608097,0.000209278,0.9220194254958326,0.985533556069303
200000.0,487,0.298926,0.223176,0.99,10000,10,36,3.56515e-07,0.00437306,0.9994029112293804,0.9338708838710209
202946.0,302,0.20775,0.531124,0.99,10000,10,34,0.000702762,0.00186147,0.9734903413828092,0.9568552436558044
210006.0,413,0.319302,0.244567,0.99,10000,10,42,2.69141e-08,0.00521309,0.9998359448263541,0.9277982687188181
200000.0,480,0.295983,0.209379,0.99,10000,10,32,1.98453e-09,0.00591907,0.999955451936069,0.9230645075404076
200000.0,309,0.226452,0.41761,0.99,10000,10,40,0.000115058,0.00292712,0.989273490782179,0.945897135011166
208964.0,324,0.168269,0.546727,0.99,10000,10,34,0.00108459,0.00151936,0.9670668859656424,0.9610210313117445
270704.0,463,0.0791588,0.799221,0.99,10000,10,36,0.00515314,0.000299211,0.9282146254450114,0.9827022833876838
231349.0,415,0.239208,0.295861,0.99,10000,10,37,0.000151384,0.00269218,0.9876961794551449,0.9481137783221788
200000.0,480,0.295983,0.232007,0.99,10000,10,28,1.36252e-06,0.0040066,0.9988327296799798,0.9367022907207536
200000.0,359,0.369922,0.248708,0.99,10000,10,39,6.98916e-12,0.00864754,0.9999973562980501,0.9070078497936519
204354.0,395,0.354574,0.21903,0.99,10000,10,39,1.18462e-12,0.00930448,0.9999989115975009,0.9035402674687515
236902.0,359,0.142959,0.540842,0.99,10000,10,40,0.0017375,0.00112996,0.9583166699986674,0.9663851223414394
200000.0,400,0.178501,0.441857,0.99,10000,10,30,0.000962468,0.00154807,0.9689763316160065,0.9606544792892507
200000.0,259,0.224297,0.528702,0.99,10000,10,46,0.000239699,0.00263071,0.9845177843962823,0.9487095525463074
510723.0,498,0.0396978,0.747975,0.99,10000,10,38,0.00679008,0.000159261,0.9175980582753052,0.9873801347075335
208178.0,455,0.0957756,0.8,0.99,10000,10,34,0.00438808,0.000380619,0.9337574155093569,0.9804905407558282
589331.0,500,0.0312982,0.8,0.99,10000,10,37,0.00734605,0.000118781,0.9142908989663291,0.989101330356415
210006.0,413,0.319302,0.215128,0.99,10000,10,33,8.30551e-12,0.00827752,0.999997118071826,0.9090191228883784
269251.0,498,0.0608075,0.799221,0.99,10000,10,37,0.00533744,0.000255981,0.9269422146516882,0.9840005937610172
200000.0,422,0.192099,0.441857,0.99,10000,10,26,0.00122456,0.00137747,0.9650062862788186,0.9628857170350821
200000.0,413,0.319302,0.21903,0.99,10000,10,33,7.40679e-12,0.00840508,0.9999972784581576,0.9083207766176
200000.0,498,0.084405,0.8,0.99,10000,10,33,0.00463494,0.00032409,0.931919606346614,0.981997500173587
200000.0,349,0.285149,0.314093,0.99,10000,10,38,1.16932e-06,0.00429594,0.9989186489931572,0.9344565792775507
200000.0,399,0.296689,0.248708,0.99,10000,10,39,1.73114e-09,0.00618084,0.9999583930294301,0.9213816815239604
210006.0,413,0.319302,0.280061,0.99,10000,10,42,3.74652e-05,0.00334687,0.9938791177106564,0.942147860886567
214280.0,415,0.319302,0.263215,0.99,10000,10,33,6.19181e-06,0.00374932,0.9975116652154503,0.9387683088588924
208964.0,324,0.168269,0.518135,0.989581,10000,10,31,0.000889264,0.00172831,0.970179470158966,0.9584270520650748
200000.0,355,0.285149,0.32781,0.99,10000,10,40,1.29132e-05,0.00354304,0.9964065058786746,0.9404765592392376
201604.0,399,0.369922,0.215292,0.99,10000,10,41,6.48474e-13,0.00965692,0.9999991947211663,0.9017303709175617
204354.0,395,0.354574,0.21903,0.99,10000,10,32,1.16425e-12,0.00930818,0.9999989209958294,0.9035210903875879
200000.0,497,0.108219,0.705174,0.99,10000,10,39,0.004171,0.000433222,0.9354167204301299,0.9791860143172914
295011.0,486,0.0608075,0.8,0.99,10000,10,34,0.00548939,0.000245454,0.9259095822659907,0.9843330283717625
200000.0,359,0.142959,0.617402,0.99,10000,10,40,0.00191185,0.00101721,0.9562752930255674,0.9681062702087072
233080.0,439,0.171002,0.401258,0.99,10000,10,27,0.00127889,0.00132891,0.9642384284461658,0.9635457821370421
335172.0,500,0.0608075,0.791339,0.99,10000,10,31,0.00594455,0.00021594,0.9228990920935427,0.9853051029265258
583419.0,500,0.0312982,0.8,0.971639,10000,10,37,0.00729558,0.000139497,0.9145858325568879,0.9881891151897921
208979.0,499,0.084405,0.789739,0.99,10000,10,39,0.00470661,0.000320317,0.9313952625542521,0.9821025979538929
200000.0,437,0.171002,0.452694,0.99,10000,10,27,0.00141164,0.0012237,0.9624282020659112,0.9650185763583012
208964.0,343,0.168269,0.482086,0.99,10000,10,37,0.000832175,0.0017736,0.971152556439088,0.9578858693548116
275595.0,483,0.113735,0.799642,0.985423,192348,10,33,0.00981324,8.06608e-05,0.900938201106582,0.9910188642143658
200000.0,437,0.108219,0.705174,0.99,10000,10,39,0.00344509,0.000531676,0.9413051109550414,0.9769418994711186
200000.0,442,0.171002,0.452694,0.99,10000,10,27,0.0014652,0.00119528,0.9617220690214322,0.9654271783043386
311699.0,498,0.0608075,0.8,0.99,10000,10,31,0.00575316,0.000224046,0.9241504119984821,0.9850318337796509
201551.0,359,0.142959,0.596091,0.99,10000,10,40,0.00177299,0.00109342,0.9578931122023961,0.9669330981191162
541437.0,471,0.0396978,0.701317,0.99,10000,10,34,0.00656519,0.000192714,0.9189741399305136,0.9861178531919591
311699.0,500,0.0608075,0.781539,0.99,10000,10,33,0.00566873,0.000231479,0.9247090310860592,0.984785566063767
201340.0,416,0.108219,0.678258,0.99,10000,10,41,0.00302995,0.000642322,0.9449550183940443,0.9746559277147495
200000.0,491,0.01,0.798245,0.99,198240,12,39,0.00999989,1.41472e-09,0.9000005500015125,0.999962387236209
200000.0,491,0.01,0.798245,0.99,198240,12,39,0.00999989,1.41472e-09,0.9000005500015125,0.999962387236209
201604.0,399,0.369922,0.215292,0.99,10000,10,39,6.45644e-13,0.00965744,0.9999991964802429,0.9017277251713384
783371.0,500,0.0254848,0.782911,0.99,10000,10,25,0.00790689,8.7267e-05,0.9110793049959685,0.9906583192090502
275595.0,483,0.157791,0.799642,0.99,186879,10,37,0.00972783,8.19009e-05,0.9013702377575612,0.9909500883982217
207830.0,376,0.364062,0.241501,0.99,10000,10,36,3.68453e-11,0.00771787,0.9999939299670512,0.9121485913601837
204354.0,427,0.319302,0.21903,0.99,10000,10,31,6.48614e-11,0.00729191,0.9999919463424458,0.9146073188147836
204354.0,395,0.312023,0.248328,0.99,10000,10,36,1.70597e-09,0.00616736,0.9999586966103086,0.9214674589740024
202572.0,332,0.319302,0.291515,0.99,10000,10,39,1.24731e-09,0.00654067,0.9999646827237744,0.919125591192269
693381.0,500,0.0254848,0.782911,0.99,10000,10,25,0.00765813,0.000102881,0.9124892578022561,0.9898569728384471
200000.0,492,0.0988566,0.708015,0.99,10000,10,30,0.00403767,0.000419073,0.9364573371662785,0.9795287274455152
204354.0,395,0.354574,0.22941,0.99,10000,10,32,1.39748e-11,0.00802451,0.9999962617116216,0.9104203706192083
210006.0,413,0.319302,0.280061,0.99,10000,10,42,3.74652e-05,0.00334687,0.9938791177106564,0.942147860886567
200000.0,267,0.213411,0.531124,0.99,10000,10,30,0.000317374,0.00245817,0.9821850063149042,0.9504200645421961
207830.0,365,0.319302,0.284947,0.99,10000,10,41,2.22476e-07,0.00474631,0.9995283263840323,0.9311065315142284
208178.0,455,0.0957756,0.8,0.99,10000,10,34,0.00438808,0.000380619,0.9337574155093569,0.9804905407558282
201340.0,423,0.108219,0.705174,0.99,10000,10,36,0.00329833,0.000565907,0.9425689108583165,0.9762112001143395
216388.0,341,0.193653,0.442922,0.99,10000,10,39,0.000589925,0.00198066,0.9757116282966519,0.9554953934968525
544486.0,498,0.0396978,0.764061,0.99,10000,10,36,0.00702883,0.000143114,0.9161618821776156,0.9880369736270457
200000.0,359,0.369922,0.248708,0.99,10000,10,39,6.98916e-12,0.00864754,0.9999973562980501,0.9070078497936519
200000.0,394,0.285149,0.314093,0.99,10000,10,36,5.99328e-05,0.00303794,0.9922583722641811,0.9448824891708634
381200.0,500,0.0608075,0.8,0.99,10000,10,38,0.00639594,0.000199556,0.9200253790255933,0.985873570868758
200000.0,400,0.142959,0.623314,0.99,10000,10,40,0.00249942,0.000805367,0.950005800336439,0.9716210112935644
222180.0,498,0.084405,0.8,0.99,10000,10,38,0.00495255,0.000305066,0.9296256438750592,0.9825338613311356
207830.0,376,0.364062,0.250678,0.99,10000,10,32,5.25873e-10,0.00674782,0.9999770680790163,0.9178548845030942
200000.0,487,0.298926,0.223176,0.99,10000,10,36,3.56515e-07,0.00437306,0.9994029112293804,0.9338708838710209
200000.0,436,0.108219,0.617445,0.99,10000,10,30,0.0027966,0.000723968,0.9471171105176731,0.9730933465477403
223766.0,427,0.229128,0.320004,0.99,10000,10,31,0.00034896,0.00222938,0.981319528913863,0.9527836892589012
202946.0,302,0.20775,0.531124,0.99,10000,10,34,0.000702762,0.00186147,0.9734903413828092,0.9568552436558044
200000.0,355,0.285149,0.32781,0.99,10000,10,40,1.29132e-05,0.00354304,0.9964065058786746,0.9404765592392376
200000.0,445,0.105115,0.708015,0.99,10000,10,36,0.00354625,0.000509001,0.9404496011768183,0.9774389494925436
208964.0,324,0.168269,0.546727,0.99,10000,10,34,0.00108459,0.00151936,0.9670668859656424,0.9610210313117445
200000.0,480,0.295983,0.209379,0.99,10000,10,32,1.98453e-09,0.00591907,0.999955451936069,0.9230645075404076
270704.0,463,0.0791588,0.799221,0.99,10000,10,36,0.00515314,0.000299211,0.9282146254450114,0.9827022833876838
200000.0,338,0.14594,0.667419,0.99,10000,10,38,0.002009,0.000979503,0.95517813033797,0.9687029873630086
214280.0,415,0.319302,0.263215,0.99,10000,10,33,6.19181e-06,0.00374932,0.9975116652154503,0.9387683088588924
200000.0,442,0.171002,0.452694,0.99,10000,10,27,0.0014652,0.00119528,0.9617220690214322,0.9654271783043386
200000.0,480,0.295983,0.215128,0.99,10000,10,32,1.18837e-08,0.00534407,0.9998909876153824,0.9268968536928813
200000.0,355,0.362656,0.282357,0.99,10000,10,40,1.14493e-08,0.00574608,0.9998929985981401,0.9241970976808935
236902.0,359,0.142959,0.540842,0.99,10000,10,40,0.0017375,0.00112996,0.9583166699986674,0.9663851223414394
200000.0,399,0.342896,0.221401,0.99,10000,10,41,2.04187e-12,0.00902279,0.9999985710598333,0.9050116322911063
204354.0,395,0.243776,0.336255,0.99,10000,10,35,0.000172257,0.00260443,0.9868753285755414,0.9489663836280438
210006.0,413,0.319302,0.215128,0.99,10000,10,33,8.30551e-12,0.00827752,0.999997118071826,0.9090191228883784
269251.0,498,0.0608075,0.799221,0.99,10000,10,37,0.00533744,0.000255981,0.9269422146516882,0.9840005937610172
201604.0,399,0.348194,0.221401,0.99,10000,10,41,2.38216e-12,0.00890768,0.9999984565752367,0.9056194935381252
200000.0,413,0.319302,0.21903,0.99,10000,10,33,7.40679e-12,0.00840508,0.9999972784581576,0.9083207766176
200000.0,492,0.0807799,0.678258,0.99,10000,10,41,0.0038478,0.000495023,0.9379693624085645,0.9777508876581559
200000.0,423,0.108219,0.617445,0.99,10000,10,29,0.00268129,0.00077601,0.9482188258147809,0.9721430439566704
200000.0,349,0.285149,0.314093,0.99,10000,10,38,1.16932e-06,0.00429594,0.9989186489931572,0.9344565792775507
201340.0,416,0.108219,0.678258,0.99,10000,10,41,0.00302995,0.000642322,0.9449550183940443,0.9746559277147495
204354.0,395,0.354574,0.21903,0.99,10000,10,32,1.16425e-12,0.00930818,0.9999989209958294,0.9035210903875879
201604.0,399,0.369922,0.215292,0.99,10000,10,41,6.48474e-13,0.00965692,0.9999991947211663,0.9017303709175617
231349.0,415,0.239208,0.295861,0.99,10000,10,37,0.000151384,0.00269218,0.9876961794551449,0.9481137783221788
295011.0,486,0.0608075,0.8,0.99,10000,10,34,0.00548939,0.000245454,0.9259095822659907,0.9843330283717625
589331.0,500,0.0312982,0.8,0.99,10000,10,37,0.00734605,0.000118781,0.9142908989663291,0.989101330356415
541437.0,471,0.0396978,0.701317,0.99,10000,10,34,0.00656519,0.000192714,0.9189741399305136,0.9861178531919591
233080.0,439,0.171002,0.401258,0.99,10000,10,27,0.00127889,0.00132891,0.9642384284461658,0.9635457821370421
200000.0,480,0.295983,0.232007,0.99,10000,10,28,1.36252e-06,0.0040066,0.9988327296799798,0.9367022907207536
335172.0,500,0.0608075,0.791339,0.99,10000,10,31,0.00594455,0.00021594,0.9228990920935427,0.9853051029265258
510723.0,498,0.0396978,0.747975,0.99,10000,10,38,0.00679008,0.000159261,0.9175980582753052,0.9873801347075335
201551.0,400,0.142959,0.596091,0.99,10000,10,38,0.002284,0.000858203,0.9522087874186059,0.9707048980203175
208979.0,499,0.084405,0.789739,0.99,10000,10,39,0.00470661,0.000320317,0.9313952625542521,0.9821025979538929
201551.0,400,0.142959,0.596091,0.99,10000,10,38,0.002284,0.000858203,0.9522087874186059,0.9707048980203175
200000.0,437,0.171002,0.452694,0.99,10000,10,27,0.00141164,0.0012237,0.9624282020659112,0.9650185763583012
208964.0,343,0.168269,0.482086,0.99,10000,10,37,0.000832175,0.0017736,0.971152556439088,0.9578858693548116
200000.0,492,0.172498,0.799642,0.99,186879,10,37,0.00996725,1.28535e-05,0.900163884290303,0.9964148221801422
344863.0,500,0.0608075,0.8,0.99,10000,10,37,0.00608097,0.000209278,0.9220194254958326,0.985533556069303
200000.0,359,0.142959,0.617402,0.99,10000,10,40,0.00191185,0.00101721,0.9562752930255674,0.9681062702087072
200000.0,416,0.108219,0.678258,0.99,10000,10,40,0.00301376,0.000647452,0.9451022769142472,0.9745549218904717
583419.0,500,0.0312982,0.8,0.971639,10000,10,37,0.00729558,0.000139497,0.9145858325568879,0.9881891151897921
206272.0,425,0.364062,0.241501,0.99,10000,10,35,1.12821e-07,0.00490746,0.9996641116256849,0.9299467345514858
210006.0,413,0.319302,0.244567,0.99,10000,10,42,2.69141e-08,0.00521309,0.9998359448263541,0.9277982687188181
275595.0,463,0.157791,0.799642,0.99,194013,10,37,0.00975629,7.69194e-05,0.9012260661915301,0.9912296294263013
224644.0,480,0.387835,0.18605,0.99,10000,10,32,1.25725e-10,0.00703692,0.9999887872840043,0.9161136483091558
200000.0,437,0.108219,0.705174,0.99,10000,10,39,0.00344509,0.000531676,0.9413051109550414,0.9769418994711186
200000.0,498,0.084405,0.777913,0.99,10000,10,35,0.00449469,0.000341086,0.9329575507607307,0.9815314862536262
200748.0,281,0.214695,0.535483,0.99,10000,10,33,0.00048326,0.00215819,0.9780168246151745,0.9535436764261311
200000.0,384,0.328044,0.248708,0.99,10000,10,39,2.1118e-10,0.00699227,0.999985467966419,0.9163802056926711
204354.0,395,0.354574,0.21903,0.99,10000,10,39,1.18462e-12,0.00930448,0.9999989115975009,0.9035402674687515
311699.0,498,0.0608075,0.8,0.99,10000,10,31,0.00575316,0.000224046,0.9241504119984821,0.9850318337796509
201604.0,399,0.369922,0.215292,0.99,10000,10,39,6.45644e-13,0.00965744,0.9999991964802429,0.9017277251713384
200000.0,491,0.01,0.798245,0.99,198240,12,39,0.00999989,1.41472e-09,0.9000005500015125,0.999962387236209
200000.0,491,0.01,0.798245,0.99,198240,12,39,0.00999989,1.41472e-09,0.9000005500015125,0.999962387236209
275595.0,483,0.157791,0.799642,0.99,186879,10,37,0.00972783,8.19009e-05,0.9013702377575612,0.9909500883982217
783371.0,500,0.0254848,0.782911,0.99,10000,10,25,0.00790689,8.7267e-05,0.9110793049959685,0.9906583192090502
204354.0,395,0.354574,0.22941,0.99,10000,10,32,1.39748e-11,0.00802451,0.9999962617116216,0.9104203706192083
204354.0,427,0.369759,0.215999,0.99,10000,10,34,3.49206e-11,0.00751806,0.9999940906345518,0.9132932528576928
208964.0,324,0.168269,0.546727,0.99,10000,10,34,0.00108459,0.00151936,0.9670668859656424,0.9610210313117445
200000.0,492,0.0988566,0.708015,0.99,10000,10,30,0.00403767,0.000419073,0.9364573371662785,0.9795287274455152
208964.0,343,0.168269,0.482086,0.99,10000,10,37,0.000832175,0.0017736,0.971152556439088,0.9578858693548116
200000.0,355,0.362656,0.282357,0.99,10000,10,40,1.14493e-08,0.00574608,0.9998929985981401,0.9241970976808935
693381.0,500,0.0254848,0.782911,0.99,10000,10,25,0.00765813,0.000102881,0.9124892578022561,0.9898569728384471
200000.0,492,0.0807799,0.678258,0.99,10000,10,41,0.0038478,0.000495023,0.9379693624085645,0.9777508876581559
200000.0,267,0.213411,0.531124,0.99,10000,10,30,0.000317374,0.00245817,0.9821850063149042,0.9504200645421961
207830.0,365,0.319302,0.284947,0.99,10000,10,41,2.22476e-07,0.00474631,0.9995283263840323,0.9311065315142284
208178.0,455,0.0957756,0.8,0.99,10000,10,34,0.00438808,0.000380619,0.9337574155093569,0.9804905407558282
200000.0,338,0.14594,0.667419,0.99,10000,10,38,0.002009,0.000979503,0.95517813033797,0.9687029873630086
201340.0,423,0.108219,0.705174,0.99,10000,10,36,0.00329833,0.000565907,0.9425689108583165,0.9762112001143395
216388.0,341,0.193653,0.442922,0.99,10000,10,39,0.000589925,0.00198066,0.9757116282966519,0.9554953934968525
544486.0,498,0.0396978,0.764061,0.99,10000,10,36,0.00702883,0.000143114,0.9161618821776156,0.9880369736270457
200000.0,480,0.295983,0.215128,0.99,10000,10,32,1.18837e-08,0.00534407,0.9998909876153824,0.9268968536928813
210006.0,413,0.319302,0.280061,0.99,10000,10,42,3.74652e-05,0.00334687,0.9938791177106564,0.942147860886567
381200.0,500,0.0608075,0.8,0.99,10000,10,38,0.00639594,0.000199556,0.9200253790255933,0.985873570868758
200748.0,281,0.214695,0.535483,0.99,10000,10,33,0.00048326,0.00215819,0.9780168246151745,0.9535436764261311
204354.0,427,0.319302,0.21903,0.99,10000,10,31,6.48614e-11,0.00729191,0.9999919463424458,0.9146073188147836
208979.0,499,0.084405,0.789739,0.99,10000,10,39,0.00470661,0.000320317,0.9313952625542521,0.9821025979538929
311699.0,498,0.0608075,0.8,0.99,10000,10,31,0.00575316,0.000224046,0.9241504119984821,0.9850318337796509
206272.0,425,0.364062,0.241501,0.99,10000,10,35,1.12821e-07,0.00490746,0.9996641116256849,0.9299467345514858
200000.0,400,0.142959,0.623314,0.99,10000,10,40,0.00249942,0.000805367,0.950005800336439,0.9716210112935644
223766.0,427,0.229128,0.320004,0.99,10000,10,31,0.00034896,0.00222938,0.981319528913863,0.9527836892589012
222180.0,498,0.084405,0.8,0.99,10000,10,38,0.00495255,0.000305066,0.9296256438750592,0.9825338613311356
344863.0,500,0.0608075,0.8,0.99,10000,10,37,0.00608097,0.000209278,0.9220194254958326,0.985533556069303
207830.0,376,0.364062,0.250678,0.99,10000,10,32,5.25873e-10,0.00674782,0.9999770680790163,0.9178548845030942
200000.0,487,0.298926,0.223176,0.99,10000,10,36,3.56515e-07,0.00437306,0.9994029112293804,0.9338708838710209
233080.0,439,0.171002,0.401258,0.99,10000,10,27,0.00127889,0.00132891,0.9642384284461658,0.9635457821370421
202572.0,332,0.319302,0.291515,0.99,10000,10,39,1.24731e-09,0.00654067,0.9999646827237744,0.919125591192269
222962.0,415,0.255855,0.295861,0.99,10000,10,37,0.000120188,0.00275283,0.9890369712214188,0.9475325815386348
295011.0,486,0.0608075,0.8,0.99,10000,10,34,0.00548939,0.000245454,0.9259095822659907,0.9843330283717625
200000.0,445,0.105115,0.708015,0.99,10000,10,36,0.00354625,0.000509001,0.9404496011768183,0.9774389494925436
200000.0,480,0.295983,0.209379,0.99,10000,10,32,1.98453e-09,0.00591907,0.999955451936069,0.9230645075404076
270704.0,463,0.0791588,0.799221,0.99,10000,10,36,0.00515314,0.000299211,0.9282146254450114,0.9827022833876838
200000.0,399,0.342896,0.221401,0.99,10000,10,41,2.04187e-12,0.00902279,0.9999985710598333,0.9050116322911063
204354.0,395,0.243776,0.336255,0.99,10000,10,35,0.000172257,0.00260443,0.9868753285755414,0.9489663836280438
589331.0,500,0.0312982,0.8,0.99,10000,10,37,0.00734605,0.000118781,0.9142908989663291,0.989101330356415
214280.0,415,0.319302,0.263215,0.99,10000,10,33,6.19181e-06,0.00374932,0.9975116652154503,0.9387683088588924
200000.0,480,0.295983,0.232007,0.99,10000,10,28,1.36252e-06,0.0040066,0.9988327296799798,0.9367022907207536
204354.0,395,0.312023,0.248328,0.99,10000,10,36,1.70597e-09,0.00616736,0.9999586966103086,0.9214674589740024
210006.0,413,0.319302,0.215128,0.99,10000,10,33,8.30551e-12,0.00827752,0.999997118071826,0.9090191228883784
269251.0,498,0.0608075,0.799221,0.99,10000,10,37,0.00533744,0.000255981,0.9269422146516882,0.9840005937610172
200000.0,324,0.168269,0.573494,0.99,10000,10,34,0.00117726,0.00144501,0.9656887773461802,0.9619867128493207
201604.0,399,0.369922,0.244059,0.99,10000,10,41,1.50526e-09,0.00630035,0.999961202319657,0.9206252559059244
200000.0,498,0.084405,0.777913,0.99,10000,10,35,0.00449469,0.000341086,0.9329575507607307,0.9815314862536262
200000.0,349,0.285149,0.314093,0.99,10000,10,38,1.16932e-06,0.00429594,0.9989186489931572,0.9344565792775507
200000.0,359,0.142959,0.617402,0.99,10000,10,40,0.00191185,0.00101721,0.9562752930255674,0.9681062702087072
202946.0,302,0.20775,0.531124,0.99,10000,10,34,0.000702762,0.00186147,0.9734903413828092,0.9568552436558044
541437.0,471,0.0396978,0.701317,0.99,10000,10,34,0.00656519,0.000192714,0.9189741399305136,0.9861178531919591
201340.0,416,0.108219,0.678258,0.99,10000,10,41,0.00302995,0.000642322,0.9449550183940443,0.9746559277147495
204354.0,395,0.354574,0.21903,0.99,10000,10,32,1.16425e-12,0.00930818,0.9999989209958294,0.9035210903875879
200000.0,394,0.285149,0.314093,0.99,10000,10,36,5.99328e-05,0.00303794,0.9922583722641811,0.9448824891708634
210006.0,413,0.319302,0.244567,0.99,10000,10,42,2.69141e-08,0.00521309,0.9998359448263541,0.9277982687188181
201604.0,399,0.369922,0.215292,0.99,10000,10,41,6.48474e-13,0.00965692,0.9999991947211663,0.9017303709175617
201604.0,399,0.348194,0.221401,0.99,10000,10,41,2.38216e-12,0.00890768,0.9999984565752367,0.9056194935381252
200000.0,423,0.108219,0.617445,0.99,10000,10,29,0.00268129,0.00077601,0.9482188258147809,0.9721430439566704
335172.0,500,0.0608075,0.791339,0.99,10000,10,31,0.00594455,0.00021594,0.9228990920935427,0.9853051029265258
583419.0,500,0.0312982,0.8,0.971639,10000,10,37,0.00729558,0.000139497,0.9145858325568879,0.9881891151897921
200000.0,394,0.276874,0.314093,0.99,10000,10,36,5.58333e-05,0.00304238,0.9925278316400123,0.9448422262958339
201551.0,400,0.142959,0.596091,0.99,10000,10,38,0.002284,0.000858203,0.9522087874186059,0.9707048980203175
200000.0,448,0.171002,0.452694,0.99,10000,10,27,0.00153128,0.00116389,0.9608684270696922,0.9658841678981738
201551.0,400,0.142959,0.596091,0.99,10000,10,38,0.002284,0.000858203,0.9522087874186059,0.9707048980203175
200000.0,436,0.108219,0.617445,0.99,10000,10,30,0.0027966,0.000723968,0.9471171105176731,0.9730933465477403
200000.0,492,0.172498,0.799642,0.99,186879,10,37,0.00996725,1.28535e-05,0.900163884290303,0.9964148221801422
510723.0,498,0.0396978,0.747975,0.99,10000,10,38,0.00679008,0.000159261,0.9175980582753052,0.9873801347075335
200000.0,416,0.108219,0.678258,0.99,10000,10,40,0.00301376,0.000647452,0.9451022769142472,0.9745549218904717
275595.0,463,0.157791,0.799642,0.99,194013,10,37,0.00975629,7.69194e-05,0.9012260661915301,0.9912296294263013
224644.0,480,0.387835,0.18605,0.99,10000,10,32,1.25725e-10,0.00703692,0.9999887872840043,0.9161136483091558
200000.0,437,0.108219,0.705174,0.99,10000,10,39,0.00344509,0.000531676,0.9413051109550414,0.9769418994711186
200000.0,384,0.328044,0.248708,0.99,10000,10,39,2.1118e-10,0.00699227,0.999985467966419,0.9163802056926711
204354.0,395,0.354574,0.21903,0.99,10000,10,39,1.18462e-12,0.00930448,0.9999989115975009,0.9035402674687515
200000.0,466,0.171002,0.452694,0.99,10000,10,27,0.00174004,0.00108609,0.9582862133102256,0.9670441204031814
236902.0,359,0.142959,0.540842,0.99,10000,10,40,0.0017375,0.00112996,0.9583166699986674,0.9663851223414394
200000.0,491,0.01,0.798245,0.99,198240,12,39,0.00999989,1.41472e-09,0.9000005500015125,0.999962387236209
200000.0,491,0.01,0.798245,0.99,198240,12,39,0.00999989,1.41472e-09,0.9000005500015125,0.999962387236209
201604.0,399,0.369922,0.215292,0.99,10000,10,39,6.45644e-13,0.00965744,0.9999991964802429,0.9017277251713384
783371.0,500,0.0254848,0.782911,0.99,10000,10,25,0.00790689,8.7267e-05,0.9110793049959685,0.9906583192090502
275595.0,483,0.157791,0.799642,0.99,186879,10,37,0.00972783,8.19009e-05,0.9013702377575612,0.9909500883982217
210006.0,413,0.319302,0.215128,0.99,10000,10,33,8.30551e-12,0.00827752,0.999997118071826,0.9090191228883784
204354.0,395,0.354574,0.22941,0.99,10000,10,32,1.39748e-11,0.00802451,0.9999962617116216,0.9104203706192083
210006.0,413,0.319302,0.280061,0.99,10000,10,42,3.74652e-05,0.00334687,0.9938791177106564,0.942147860886567
204354.0,427,0.369759,0.215999,0.99,10000,10,34,3.49206e-11,0.00751806,0.9999940906345518,0.9132932528576928
214280.0,415,0.319302,0.263215,0.99,10000,10,33,6.19181e-06,0.00374932,0.9975116652154503,0.9387683088588924
208964.0,324,0.168269,0.546727,0.99,10000,10,34,0.00108459,0.00151936,0.9670668859656424,0.9610210313117445
200000.0,448,0.171002,0.452694,0.99,10000,10,27,0.00153128,0.00116389,0.9608684270696922,0.9658841678981738
589331.0,500,0.0312982,0.8,0.99,10000,10,37,0.00734605,0.000118781,0.9142908989663291,0.989101330356415
200000.0,480,0.295983,0.215128,0.99,10000,10,32,1.18837e-08,0.00534407,0.9998909876153824,0.9268968536928813
200000.0,413,0.369518,0.215128,0.99,10000,10,33,2.48762e-12,0.00880386,0.9999984227809283,0.9061711131900202
208964.0,343,0.168269,0.482086,0.99,10000,10,37,0.000832175,0.0017736,0.971152556439088,0.9578858693548116
200000.0,355,0.362656,0.282357,0.99,10000,10,39,1.14353e-08,0.00574594,0.9998930640378544,0.92419802113401
233080.0,439,0.171002,0.401258,0.99,10000,10,27,0.00127889,0.00132891,0.9642384284461658,0.9635457821370421
207830.0,365,0.319302,0.284947,0.99,10000,10,41,2.22476e-07,0.00474631,0.9995283263840323,0.9311065315142284
222962.0,415,0.255855,0.295861,0.99,10000,10,37,0.000120188,0.00275283,0.9890369712214188,0.9475325815386348
201340.0,423,0.108219,0.705174,0.99,10000,10,36,0.00329833,0.000565907,0.9425689108583165,0.9762112001143395
510723.0,498,0.0396978,0.747975,0.99,10000,10,38,0.00679008,0.000159261,0.9175980582753052,0.9873801347075335
381200.0,500,0.0608075,0.8,0.99,10000,10,38,0.00639594,0.000199556,0.9200253790255933,0.985873570868758
208979.0,499,0.084405,0.789739,0.99,10000,10,39,0.00470661,0.000320317,0.9313952625542521,0.9821025979538929
693381.0,500,0.0254848,0.782911,0.99,10000,10,25,0.00765813,0.000102881,0.9124892578022561,0.9898569728384471
311699.0,498,0.0608075,0.8,0.99,10000,10,31,0.00575316,0.000224046,0.9241504119984821,0.9850318337796509
200000.0,400,0.142959,0.623314,0.99,10000,10,40,0.00249942,0.000805367,0.950005800336439,0.9716210112935644
200000.0,394,0.264557,0.341715,0.99,10000,10,36,0.000194266,0.00255576,0.9860620661502503,0.9494454749799783
223766.0,422,0.229128,0.320004,0.99,10000,10,34,0.00031681,0.00228702,0.9822008427165778,0.9521772020893801
222180.0,498,0.084405,0.8,0.99,10000,10,38,0.00495255,0.000305066,0.9296256438750592,0.9825338613311356
344863.0,500,0.0608075,0.8,0.99,10000,10,37,0.00608097,0.000209278,0.9220194254958326,0.985533556069303
207830.0,376,0.364062,0.250678,0.99,10000,10,32,5.25873e-10,0.00674782,0.9999770680790163,0.9178548845030942
200000.0,487,0.298926,0.223176,0.99,10000,10,36,3.56515e-07,0.00437306,0.9994029112293804,0.9338708838710209
200000.0,436,0.108219,0.617445,0.99,10000,10,30,0.0027966,0.000723968,0.9471171105176731,0.9730933465477403
202572.0,332,0.319302,0.291515,0.99,10000,10,39,1.24731e-09,0.00654067,0.9999646827237744,0.919125591192269
204354.0,427,0.319302,0.21903,0.99,10000,10,31,6.48614e-11,0.00729191,0.9999919463424458,0.9146073188147836
295011.0,486,0.0608075,0.8,0.99,10000,10,34,0.00548939,0.000245454,0.9259095822659907,0.9843330283717625
200000.0,445,0.105115,0.708015,0.99,10000,10,36,0.00354625,0.000509001,0.9404496011768183,0.9774389494925436
200000.0,480,0.295983,0.209379,0.99,10000,10,32,1.98453e-09,0.00591907,0.999955451936069,0.9230645075404076
541437.0,471,0.0396978,0.701317,0.99,10000,10,34,0.00656519,0.000192714,0.9189741399305136,0.9861178531919591
270704.0,463,0.0791588,0.799221,0.99,10000,10,36,0.00515314,0.000299211,0.9282146254450114,0.9827022833876838
200000.0,399,0.342896,0.221401,0.99,10000,10,41,2.04187e-12,0.00902279,0.9999985710598333,0.9050116322911063
213914.0,360,0.142959,0.623314,0.99,10000,10,40,0.0021538,0.000923326,0.9535909491585962,0.9696137202013804
204354.0,395,0.312023,0.248328,0.99,10000,10,36,1.70597e-09,0.00616736,0.9999586966103086,0.9214674589740024
200748.0,281,0.214695,0.535483,0.99,10000,10,33,0.00048326,0.00215819,0.9780168246151745,0.9535436764261311
201604.0,399,0.369922,0.244059,0.99,10000,10,41,1.50526e-09,0.00630035,0.999961202319657,0.9206252559059244
200000.0,423,0.108219,0.617445,0.99,10000,10,29,0.00268129,0.00077601,0.9482188258147809,0.9721430439566704
200000.0,498,0.084405,0.777913,0.99,10000,10,35,0.00449469,0.000341086,0.9329575507607307,0.9815314862536262
200000.0,480,0.295983,0.232007,0.99,10000,10,28,1.36252e-06,0.0040066,0.9988327296799798,0.9367022907207536
200000.0,492,0.0807799,0.678258,0.99,10000,10,41,0.0038478,0.000495023,0.9379693624085645,0.9777508876581559
200000.0,359,0.142959,0.617402,0.99,10000,10,40,0.00191185,0.00101721,0.9562752930255674,0.9681062702087072
202946.0,302,0.20775,0.531124,0.99,10000,10,34,0.000702762,0.00186147,0.9734903413828092,0.9568552436558044
201340.0,416,0.108219,0.678258,0.99,10000,10,41,0.00302995,0.000642322,0.9449550183940443,0.9746559277147495
200000.0,492,0.0988566,0.708015,0.99,10000,10,30,0.00403767,0.000419073,0.9364573371662785,0.9795287274455152
204354.0,395,0.354574,0.21903,0.99,10000,10,32,1.16425e-12,0.00930818,0.9999989209958294,0.9035210903875879
201604.0,399,0.369922,0.215292,0.99,10000,10,41,6.48474e-13,0.00965692,0.9999991947211663,0.9017303709175617
201902.0,394,0.297266,0.314093,0.99,10000,10,36,7.83998e-05,0.00302547,0.9911456338453846,0.9449957274386798
335172.0,500,0.0608075,0.791339,0.99,10000,10,31,0.00594455,0.00021594,0.9228990920935427,0.9853051029265258
514031.0,500,0.0399127,0.8,0.99,10000,10,37,0.00703811,0.000138417,0.9161065556792427,0.9882349245646277
200000.0,394,0.276874,0.314093,0.99,10000,10,36,5.58333e-05,0.00304238,0.9925278316400123,0.9448422262958339
200000.0,338,0.14594,0.667419,0.99,10000,10,38,0.002009,0.000979503,0.95517813033797,0.9687029873630086
205781.0,492,0.0988566,0.708015,0.99,10000,10,30,0.00412766,0.000411618,0.9357531323720759,0.9797116289466108
200000.0,416,0.108219,0.678258,0.99,10000,10,40,0.00301376,0.000647452,0.9451022769142472,0.9745549218904717
275595.0,463,0.157791,0.799642,0.99,194013,10,37,0.00975629,7.69194e-05,0.9012260661915301,0.9912296294263013
200000.0,437,0.108219,0.705174,0.99,10000,10,39,0.00344509,0.000531676,0.9413051109550414,0.9769418994711186
203224.0,415,0.319302,0.263215,0.99,10000,10,33,1.34097e-06,0.00411229,0.9988419974093293,0.9358728606594681
200000.0,384,0.328044,0.248708,0.99,10000,10,39,2.1118e-10,0.00699227,0.999985467966419,0.9163802056926711
216388.0,341,0.193653,0.442922,0.99,10000,10,39,0.000589925,0.00198066,0.9757116282966519,0.9554953934968525
204354.0,395,0.354574,0.21903,0.99,10000,10,39,1.18462e-12,0.00930448,0.9999989115975009,0.9035402674687515
202397.0,457,0.0957756,0.8,0.99,10000,10,31,0.00432176,0.000383813,0.9342599056891459,0.9804088540406641
200000.0,466,0.171002,0.452694,0.99,10000,10,27,0.00174004,0.00108609,0.9582862133102256,0.9670441204031814
236902.0,359,0.142959,0.540842,0.99,10000,10,40,0.0017375,0.00112996,0.9583166699986674,0.9663851223414394
201551.0,400,0.142959,0.596091,0.99,10000,10,38,0.002284,0.000858203,0.9522087874186059,0.9707048980203175
200000.0,492,0.172498,0.799919,0.99,186879,10,37,0.00996725,1.31849e-05,0.900163884290303,0.9963688982388261
204354.0,395,0.243776,0.336255,0.99,10000,10,35,0.000172257,0.00260443,0.9868753285755414,0.9489663836280438
210006.0,472,0.319302,0.215128,0.99,10000,10,31,2.47862e-08,0.00511205,0.9998425636636605,0.9285013986150777
200000.0,349,0.285149,0.314093,0.99,10000,10,38,1.16932e-06,0.00429594,0.9989186489931572,0.9344565792775507
544486.0,498,0.0396978,0.764061,0.99,10000,10,36,0.00702883,0.000143114,0.9161618821776156,0.9880369736270457
783371.0,500,0.0254848,0.749991,0.99,10000,10,25,0.00780897,9.5183e-05,0.9116316233033559,0.99024382246984
200000.0,444,0.295983,0.215128,0.99,10000,10,40,1.1431e-10,0.00708138,0.9999893084145236,0.9158490641763266
201604.0,396,0.369922,0.215292,0.99,10000,10,39,4.73293e-13,0.00987854,0.9999993120370649,0.9006091553512096
200000.0,491,0.01,0.798245,0.99,198240,12,39,0.00999989,1.41472e-09,0.9000005500015125,0.999962387236209
200000.0,491,0.01,0.798245,0.99,198240,12,39,0.00999989,1.41472e-09,0.9000005500015125,0.999962387236209
275595.0,483,0.157791,0.799642,0.99,186879,10,37,0.00972783,8.19009e-05,0.9013702377575612,0.9909500883982217
783371.0,500,0.0254848,0.782911,0.99,10000,10,25,0.00790689,8.7267e-05,0.9110793049959685,0.9906583192090502
208964.0,324,0.168269,0.546727,0.99,10000,10,34,0.00108459,0.00151936,0.9670668859656424,0.9610210313117445
233080.0,439,0.171002,0.401258,0.99,10000,10,27,0.00127889,0.00132891,0.9642384284461658,0.9635457821370421
210006.0,413,0.319302,0.215128,0.99,10000,10,33,8.30551e-12,0.00827752,0.999997118071826,0.9090191228883784
395181.0,497,0.0434503,0.8,0.99,10000,10,37,0.00633756,0.000183223,0.9203912065158628,0.9864640109338105
200000.0,413,0.369518,0.215128,0.99,10000,10,33,2.48762e-12,0.00880386,0.9999984227809283,0.9061711131900202
510723.0,498,0.0396978,0.747975,0.99,10000,10,38,0.00679008,0.000159261,0.9175980582753052,0.9873801347075335
270704.0,463,0.0791588,0.799221,0.99,10000,10,36,0.00515314,0.000299211,0.9282146254450114,0.9827022833876838
295011.0,486,0.0608075,0.8,0.99,10000,10,34,0.00548939,0.000245454,0.9259095822659907,0.9843330283717625
200000.0,448,0.171002,0.452694,0.99,10000,10,27,0.00153128,0.00116389,0.9608684270696922,0.9658841678981738
589331.0,500,0.0312982,0.8,0.99,10000,10,37,0.00734605,0.000118781,0.9142908989663291,0.989101330356415
200000.0,480,0.295983,0.215128,0.99,10000,10,32,1.18837e-08,0.00534407,0.9998909876153824,0.9268968536928813
208964.0,343,0.168269,0.482086,0.99,10000,10,37,0.000832175,0.0017736,0.971152556439088,0.9578858693548116
204354.0,395,0.354574,0.22941,0.99,10000,10,32,1.39748e-11,0.00802451,0.9999962617116216,0.9104203706192083
208979.0,461,0.084405,0.704009,0.99,10000,10,39,0.00380696,0.000490235,0.9382994327416676,0.9778587489061706
200000.0,355,0.362656,0.282357,0.99,10000,10,39,1.14353e-08,0.00574594,0.9998930640378544,0.92419802113401
222962.0,415,0.255855,0.295861,0.99,10000,10,37,0.000120188,0.00275283,0.9890369712214188,0.9475325815386348
200000.0,399,0.342896,0.221401,0.99,10000,10,41,2.04187e-12,0.00902279,0.9999985710598333,0.9050116322911063
207830.0,365,0.319302,0.284947,0.99,10000,10,41,2.22476e-07,0.00474631,0.9995283263840323,0.9311065315142284
693381.0,500,0.0254848,0.782911,0.99,10000,10,25,0.00765813,0.000102881,0.9124892578022561,0.9898569728384471
311699.0,498,0.0608075,0.8,0.99,10000,10,31,0.00575316,0.000224046,0.9241504119984821,0.9850318337796509
210006.0,472,0.319302,0.215128,0.99,10000,10,31,2.47862e-08,0.00511205,0.9998425636636605,0.9285013986150777
200000.0,400,0.142959,0.623314,0.99,10000,10,40,0.00249942,0.000805367,0.950005800336439,0.9716210112935644
222180.0,498,0.0687651,0.8,0.99,10000,10,36,0.00486024,0.000303342,0.9302845784635853,0.9825832838916172
216388.0,341,0.193653,0.442922,0.99,10000,10,39,0.000589925,0.00198066,0.9757116282966519,0.9554953934968525
200000.0,394,0.264557,0.341715,0.99,10000,10,36,0.000194266,0.00255576,0.9860620661502503,0.9494454749799783
200000.0,436,0.108219,0.617445,0.99,10000,10,30,0.0027966,0.000723968,0.9471171105176731,0.9730933465477403
207830.0,376,0.364062,0.250678,0.99,10000,10,32,5.25873e-10,0.00674782,0.9999770680790163,0.9178548845030942
200000.0,487,0.298926,0.223176,0.99,10000,10,36,3.56515e-07,0.00437306,0.9994029112293804,0.9338708838710209
202572.0,332,0.319302,0.291515,0.99,10000,10,39,1.24731e-09,0.00654067,0.9999646827237744,0.919125591192269
223766.0,422,0.229128,0.320004,0.99,10000,10,34,0.00031681,0.00228702,0.9822008427165778,0.9521772020893801
203719.0,415,0.319302,0.272223,0.99,10000,10,33,7.71003e-06,0.00366553,0.9972233059225043,0.9394563793616536
202397.0,457,0.0957756,0.8,0.99,10000,10,31,0.00432176,0.000383813,0.9342599056891459,0.9804088540406641
200748.0,281,0.214695,0.535483,0.99,10000,10,33,0.00048326,0.00215819,0.9780168246151745,0.9535436764261311
344863.0,500,0.0608075,0.8,0.99,10000,10,37,0.00608097,0.000209278,0.9220194254958326,0.985533556069303
204354.0,400,0.356115,0.22941,0.99,10000,10,32,2.82936e-11,0.00768812,0.9999946808271319,0.9123180748386533
200000.0,445,0.105115,0.708015,0.99,10000,10,36,0.00354625,0.000509001,0.9404496011768183,0.9774389494925436
204354.0,395,0.312023,0.248328,0.99,10000,10,36,1.70597e-09,0.00616736,0.9999586966103086,0.9214674589740024
200000.0,492,0.0988566,0.708015,0.99,10000,10,30,0.00403767,0.000419073,0.9364573371662785,0.9795287274455152
208979.0,499,0.084405,0.789739,0.99,10000,10,39,0.00470661,0.000320317,0.9313952625542521,0.9821025979538929
200000.0,423,0.108219,0.617445,0.99,10000,10,29,0.00268129,0.00077601,0.9482188258147809,0.9721430439566704
201604.0,399,0.369922,0.244059,0.99,10000,10,41,1.50526e-09,0.00630035,0.999961202319657,0.9206252559059244
200000.0,359,0.142959,0.617402,0.99,10000,10,40,0.00191185,0.00101721,0.9562752930255674,0.9681062702087072
200000.0,480,0.295983,0.232007,0.99,10000,10,28,1.36252e-06,0.0040066,0.9988327296799798,0.9367022907207536
201340.0,423,0.108219,0.705174,0.99,10000,10,36,0.00329833,0.000565907,0.9425689108583165,0.9762112001143395
200000.0,480,0.233158,0.222371,0.99,10000,10,32,2.17184e-07,0.00486761,0.9995339699580499,0.9302317407412224
201340.0,416,0.108219,0.678258,0.99,10000,10,41,0.00302995,0.000642322,0.9449550183940443,0.9746559277147495
209511.0,427,0.319302,0.271053,0.99,10000,10,42,3.55871e-05,0.00334122,0.994034507564333,0.9421967128962374
201902.0,394,0.297266,0.314093,0.99,10000,10,36,7.83998e-05,0.00302547,0.9911456338453846,0.9449957274386798
204354.0,395,0.354574,0.21903,0.99,10000,10,32,1.16425e-12,0.00930818,0.9999989209958294,0.9035210903875879
201551.0,400,0.142959,0.596091,0.99,10000,10,38,0.002284,0.000858203,0.9522087874186059,0.9707048980203175
201604.0,399,0.369922,0.215292,0.99,10000,10,41,6.48474e-13,0.00965692,0.9999991947211663,0.9017303709175617
200000.0,394,0.276874,0.314093,0.99,10000,10,36,5.58333e-05,0.00304238,0.9925278316400123,0.9448422262958339
214280.0,415,0.319302,0.263215,0.99,10000,10,33,6.19181e-06,0.00374932,0.9975116652154503,0.9387683088588924
335172.0,500,0.0608075,0.791339,0.99,10000,10,31,0.00594455,0.00021594,0.9228990920935427,0.9853051029265258
514031.0,500,0.0399127,0.8,0.99,10000,10,37,0.00703811,0.000138417,0.9161065556792427,0.9882349245646277
200000.0,384,0.328044,0.248708,0.99,10000,10,39,2.1118e-10,0.00699227,0.999985467966419,0.9163802056926711
200000.0,338,0.14594,0.667419,0.99,10000,10,38,0.002009,0.000979503,0.95517813033797,0.9687029873630086
214280.0,415,0.319302,0.276519,0.99,10000,10,33,4.22695e-05,0.00333764,0.993498500173037,0.9422276882927471
205781.0,492,0.0988566,0.708015,0.99,10000,10,30,0.00412766,0.000411618,0.9357531323720759,0.9797116289466108
204354.0,427,0.369759,0.215999,0.99,10000,10,34,3.49206e-11,0.00751806,0.9999940906345518,0.9132932528576928
200000.0,416,0.108219,0.678258,0.99,10000,10,40,0.00301376,0.000647452,0.9451022769142472,0.9745549218904717
213914.0,360,0.142959,0.623314,0.99,10000,10,40,0.0021538,0.000923326,0.9535909491585962,0.9696137202013804
200000.0,492,0.172498,0.799919,0.99,186879,10,37,0.00996725,1.31849e-05,0.900163884290303,0.9963688982388261
275595.0,463,0.157791,0.799642,0.99,194013,10,37,0.00975629,7.69194e-05,0.9012260661915301,0.9912296294263013
200000.0,444,0.295983,0.215128,0.99,10000,10,40,1.1431e-10,0.00708138,0.9999893084145236,0.9158490641763266
200000.0,480,0.301739,0.209379,0.99,10000,10,32,1.98089e-09,0.00590414,0.9999554928095696,0.9231615981425954
203224.0,415,0.319302,0.263215,0.99,10000,10,33,1.34097e-06,0.00411229,0.9988419974093293,0.9358728606594681
204354.0,395,0.354574,0.21903,0.99,10000,10,39,1.18462e-12,0.00930448,0.9999989115975009,0.9035402674687515
200000.0,466,0.171002,0.452694,0.99,10000,10,27,0.00174004,0.00108609,0.9582862133102256,0.9670441204031814
236902.0,359,0.142959,0.540842,0.99,10000,10,40,0.0017375,0.00112996,0.9583166699986674,0.9663851223414394
200000.0,437,0.108219,0.705174,0.99,10000,10,39,0.00344509,0.000531676,0.9413051109550414,0.9769418994711186
204354.0,395,0.243776,0.336255,0.99,10000,10,35,0.000172257,0.00260443,0.9868753285755414,0.9489663836280438
544486.0,498,0.0396978,0.764061,0.99,10000,10,36,0.00702883,0.000143114,0.9161618821776156,0.9880369736270457
200000.0,349,0.285149,0.314093,0.99,10000,10,38,1.16932e-06,0.00429594,0.9989186489931572,0.9344565792775507
783371.0,500,0.0254848,0.749991,0.99,10000,10,25,0.00780897,9.5183e-05,0.9116316233033559,0.99024382246984
200000.0,491,0.01,0.798245,0.99,198240,12,39,0.00999989,1.41472e-09,0.9000005500015125,0.999962387236209
200000.0,491,0.01,0.798245,0.99,198240,12,39,0.00999989,1.41472e-09,0.9000005500015125,0.999962387236209
201604.0,396,0.369922,0.215292,0.99,10000,10,39,4.73293e-13,0.00987854,0.9999993120370649,0.9006091553512096
783371.0,500,0.0254848,0.782911,0.99,10000,10,25,0.00790689,8.7267e-05,0.9110793049959685,0.9906583192090502
275595.0,474,0.157791,0.799642,0.99,186879,10,37,0.00972212,8.4536e-05,0.9013991886443119,0.9908056539112343
208964.0,343,0.168269,0.482086,0.99,10000,10,37,0.000832175,0.0017736,0.971152556439088,0.9578858693548116
208964.0,324,0.168269,0.546727,0.99,10000,10,34,0.00108459,0.00151936,0.9670668859656424,0.9610210313117445
210006.0,413,0.319302,0.215128,0.99,10000,10,33,8.30551e-12,0.00827752,0.999997118071826,0.9090191228883784
395181.0,497,0.0434503,0.8,0.99,10000,10,37,0.00633756,0.000183223,0.9203912065158628,0.9864640109338105
223766.0,458,0.229128,0.320004,0.99,10000,10,34,0.000588647,0.00196338,0.9757379514467553,0.9556899559918973
210006.0,472,0.319302,0.215128,0.99,10000,10,31,2.47862e-08,0.00511205,0.9998425636636605,0.9285013986150777
200000.0,487,0.298926,0.219896,0.99,10000,10,36,1.46537e-07,0.00462955,0.9996171984848515,0.9319592034144221
589331.0,500,0.0312982,0.8,0.99,10000,10,37,0.00734605,0.000118781,0.9142908989663291,0.989101330356415
200000.0,480,0.295983,0.215128,0.99,10000,10,32,1.18837e-08,0.00534407,0.9998909876153824,0.9268968536928813
204354.0,427,0.369759,0.215999,0.99,10000,10,34,3.49206e-11,0.00751806,0.9999940906345518,0.9132932528576928
200000.0,413,0.369518,0.215128,0.99,10000,10,33,2.48762e-12,0.00880386,0.9999984227809283,0.9061711131900202
204354.0,395,0.354574,0.22941,0.99,10000,10,32,1.39748e-11,0.00802451,0.9999962617116216,0.9104203706192083
270704.0,463,0.0791588,0.799221,0.99,10000,10,36,0.00515314,0.000299211,0.9282146254450114,0.9827022833876838
201604.0,399,0.369922,0.215292,0.99,10000,10,41,6.48474e-13,0.00965692,0.9999991947211663,0.9017303709175617
223766.0,422,0.229128,0.320004,0.99,10000,10,34,0.00031681,0.00228702,0.9822008427165778,0.9521772020893801
233080.0,439,0.171002,0.401258,0.99,10000,10,27,0.00127889,0.00132891,0.9642384284461658,0.9635457821370421
200000.0,448,0.171002,0.452694,0.99,10000,10,27,0.00153128,0.00116389,0.9608684270696922,0.9658841678981738
222962.0,415,0.255855,0.295861,0.99,10000,10,37,0.000120188,0.00275283,0.9890369712214188,0.9475325815386348
204354.0,400,0.356115,0.22941,0.99,10000,10,32,2.82936e-11,0.00768812,0.9999946808271319,0.9123180748386533
201340.0,423,0.108219,0.705174,0.99,10000,10,36,0.00329833,0.000565907,0.9425689108583165,0.9762112001143395
208979.0,461,0.084405,0.704009,0.99,10000,10,39,0.00380696,0.000490235,0.9382994327416676,0.9778587489061706
311699.0,498,0.0608075,0.8,0.99,10000,10,31,0.00575316,0.000224046,0.9241504119984821,0.9850318337796509
510723.0,498,0.0396978,0.747975,0.99,10000,10,38,0.00679008,0.000159261,0.9175980582753052,0.9873801347075335
222180.0,498,0.0687651,0.8,0.99,10000,10,36,0.00486024,0.000303342,0.9302845784635853,0.9825832838916172
200000.0,394,0.264557,0.341715,0.99,10000,10,36,0.000194266,0.00255576,0.9860620661502503,0.9494454749799783
201551.0,400,0.142959,0.596091,0.99,10000,10,38,0.002284,0.000858203,0.9522087874186059,0.9707048980203175
200000.0,436,0.108219,0.617445,0.99,10000,10,30,0.0027966,0.000723968,0.9471171105176731,0.9730933465477403
207830.0,376,0.364062,0.250678,0.99,10000,10,32,5.25873e-10,0.00674782,0.9999770680790163,0.9178548845030942
202572.0,332,0.319302,0.291515,0.99,10000,10,39,1.24731e-09,0.00654067,0.9999646827237744,0.919125591192269
203719.0,415,0.319302,0.272223,0.99,10000,10,33,7.71003e-06,0.00366553,0.9972233059225043,0.9394563793616536
200000.0,444,0.295983,0.215128,0.99,10000,10,40,1.1431e-10,0.00708138,0.9999893084145236,0.9158490641763266
202397.0,457,0.0957756,0.8,0.99,10000,10,31,0.00432176,0.000383813,0.9342599056891459,0.9804088540406641
200000.0,399,0.342896,0.221401,0.99,10000,10,41,2.04187e-12,0.00902279,0.9999985710598333,0.9050116322911063
344863.0,500,0.0608075,0.8,0.99,10000,10,37,0.00608097,0.000209278,0.9220194254958326,0.985533556069303
200748.0,281,0.214695,0.535483,0.99,10000,10,33,0.00048326,0.00215819,0.9780168246151745,0.9535436764261311
200000.0,355,0.362656,0.282357,0.99,10000,10,39,1.14353e-08,0.00574594,0.9998930640378544,0.92419802113401
200000.0,431,0.171002,0.452694,0.99,10000,10,27,0.00134908,0.0012606,0.9632701756061917,0.9644950707647515
200000.0,480,0.301739,0.209379,0.99,10000,10,32,1.98089e-09,0.00590414,0.9999554928095696,0.9231615981425954
222180.0,458,0.0687651,0.8,0.99,10000,10,36,0.00453221,0.000375609,0.932678309587474,0.9806193653354696
200000.0,445,0.105115,0.708015,0.99,10000,10,36,0.00354625,0.000509001,0.9404496011768183,0.9774389494925436
204354.0,395,0.312023,0.248328,0.99,10000,10,36,1.70597e-09,0.00616736,0.9999586966103086,0.9214674589740024
213914.0,360,0.142959,0.623314,0.99,10000,10,40,0.0021538,0.000923326,0.9535909491585962,0.9696137202013804
295011.0,486,0.0608075,0.8,0.99,10000,10,34,0.00548939,0.000245454,0.9259095822659907,0.9843330283717625
270704.0,488,0.0791588,0.799221,0.99,10000,10,36,0.00541856,0.000279498,0.9263891312372963,0.9832818063176669
201604.0,399,0.369922,0.244059,0.99,10000,10,41,1.50526e-09,0.00630035,0.999961202319657,0.9206252559059244
200000.0,480,0.295983,0.232007,0.99,10000,10,28,1.36252e-06,0.0040066,0.9988327296799798,0.9367022907207536
209511.0,427,0.319302,0.271053,0.99,10000,10,42,3.55871e-05,0.00334122,0.994034507564333,0.9421967128962374
201902.0,394,0.297266,0.314093,0.99,10000,10,36,7.83998e-05,0.00302547,0.9911456338453846,0.9449957274386798
200000.0,400,0.142959,0.623314,0.99,10000,10,40,0.00249942,0.000805367,0.950005800336439,0.9716210112935644
204354.0,395,0.354574,0.21903,0.99,10000,10,32,1.16425e-12,0.00930818,0.9999989209958294,0.9035210903875879
200000.0,394,0.276874,0.314093,0.99,10000,10,36,5.58333e-05,0.00304238,0.9925278316400123,0.9448422262958339
214280.0,415,0.319302,0.263215,0.99,10000,10,33,6.19181e-06,0.00374932,0.9975116652154503,0.9387683088588924
201474.0,401,0.108219,0.705174,0.99,10000,10,36,0.0030464,0.000640238,0.9448057974058869,0.9746970752678668
335172.0,500,0.0608075,0.791339,0.99,10000,10,31,0.00594455,0.00021594,0.9228990920935427,0.9853051029265258
514031.0,500,0.0399127,0.8,0.99,10000,10,37,0.00703811,0.000138417,0.9161065556792427,0.9882349245646277
200000.0,384,0.328044,0.248708,0.99,10000,10,39,2.1118e-10,0.00699227,0.999985467966419,0.9163802056926711
200000.0,359,0.142959,0.617402,0.99,10000,10,40,0.00191185,0.00101721,0.9562752930255674,0.9681062702087072
693381.0,500,0.0254848,0.782736,0.99,10000,10,25,0.00765761,0.000102936,0.9124922289165128,0.9898542619785449
214280.0,415,0.319302,0.276519,0.99,10000,10,33,4.22695e-05,0.00333764,0.993498500173037,0.9422276882927471
205781.0,492,0.0988566,0.708015,0.99,10000,10,30,0.00412766,0.000411618,0.9357531323720759,0.9797116289466108
200000.0,416,0.108219,0.678258,0.99,10000,10,40,0.00301376,0.000647452,0.9451022769142472,0.9745549218904717
275595.0,463,0.157791,0.799642,0.99,194013,10,37,0.00975629,7.69194e-05,0.9012260661915301,0.9912296294263013
200000.0,492,0.172498,0.799919,0.99,186879,10,37,0.00996725,1.31849e-05,0.900163884290303,0.9963688982388261
200000.0,437,0.108219,0.705174,0.99,10000,10,39,0.00344509,0.000531676,0.9413051109550414,0.9769418994711186
200000.0,487,0.298926,0.223176,0.99,10000,10,36,3.56515e-07,0.00437306,0.9994029112293804,0.9338708838710209
208979.0,427,0.084405,0.789739,0.99,10000,10,41,0.0039785,0.000447594,0.9369246482372076,0.9788435825338977
200748.0,268,0.214695,0.553232,0.99,10000,10,33,0.000444633,0.00223831,0.9789136774187627,0.9526892189876346
200000.0,423,0.108219,0.617445,0.99,10000,10,29,0.00268129,0.00077601,0.9482188258147809,0.9721430439566704
204354.0,395,0.354574,0.21903,0.99,10000,10,39,1.18462e-12,0.00930448,0.9999989115975009,0.9035402674687515
200000.0,466,0.171002,0.452694,0.99,10000,10,27,0.00174004,0.00108609,0.9582862133102256,0.9670441204031814
236902.0,359,0.142959,0.540842,0.99,10000,10,40,0.0017375,0.00112996,0.9583166699986674,0.9663851223414394
204354.0,395,0.243776,0.336255,0.99,10000,10,35,0.000172257,0.00260443,0.9868753285755414,0.9489663836280438
544486.0,498,0.0396978,0.764061,0.99,10000,10,36,0.00702883,0.000143114,0.9161618821776156,0.9880369736270457
200729.0,480,0.295983,0.229401,0.99,10000,10,32,8.37558e-07,0.00414525,0.9990848180508773,0.9356163840717221
783371.0,500,0.0254848,0.749991,0.99,10000,10,25,0.00780897,9.5183e-05,0.9116316233033559,0.99024382246984
201604.0,396,0.369922,0.215292,0.99,10000,10,39,4.73293e-13,0.00987854,0.9999993120370649,0.9006091553512096
200000.0,491,0.01,0.798245,0.99,198240,12,39,0.00999989,1.41472e-09,0.9000005500015125,0.999962387236209
200000.0,491,0.01,0.798245,0.99,198240,12,39,0.00999989,1.41472e-09,0.9000005500015125,0.999962387236209
783371.0,500,0.0254848,0.782911,0.99,10000,10,25,0.00790689,8.7267e-05,0.9110793049959685,0.9906583192090502
275595.0,474,0.157791,0.799642,0.99,186879,10,36,0.00972212,8.45397e-05,0.9013991886443119,0.9908054527028244
223766.0,458,0.229128,0.320004,0.99,10000,10,34,0.000588647,0.00196338,0.9757379514467553,0.9556899559918973
200000.0,487,0.298926,0.219896,0.99,10000,10,36,1.46537e-07,0.00462955,0.9996171984848515,0.9319592034144221
210006.0,472,0.319302,0.215128,0.99,10000,10,31,2.47862e-08,0.00511205,0.9998425636636605,0.9285013986150777
510723.0,498,0.0396978,0.747975,0.99,10000,10,38,0.00679008,0.000159261,0.9175980582753052,0.9873801347075335
208964.0,324,0.168269,0.546727,0.99,10000,10,34,0.00108459,0.00151936,0.9670668859656424,0.9610210313117445
210006.0,413,0.319302,0.215128,0.99,10000,10,33,8.30551e-12,0.00827752,0.999997118071826,0.9090191228883784
589331.0,500,0.0312982,0.8,0.99,10000,10,37,0.00734605,0.000118781,0.9142908989663291,0.989101330356415
200748.0,392,0.206053,0.426597,0.99,10000,10,33,0.000803501,0.0017023,0.9716539067947627,0.9587410615744903
200000.0,480,0.295983,0.215128,0.99,10000,10,32,1.18837e-08,0.00534407,0.9998909876153824,0.9268968536928813
222180.0,498,0.0687651,0.8,0.99,10000,10,36,0.00486024,0.000303342,0.9302845784635853,0.9825832838916172
207830.0,376,0.364062,0.250678,0.99,10000,10,32,5.25873e-10,0.00674782,0.9999770680790163,0.9178548845030942
204354.0,427,0.369759,0.215999,0.99,10000,10,34,3.49206e-11,0.00751806,0.9999940906345518,0.9132932528576928
204354.0,395,0.354574,0.22941,0.99,10000,10,32,1.39748e-11,0.00802451,0.9999962617116216,0.9104203706192083
200000.0,359,0.142959,0.617402,0.99,10000,10,40,0.00191185,0.00101721,0.9562752930255674,0.9681062702087072
223766.0,422,0.229128,0.320004,0.99,10000,10,34,0.00031681,0.00228702,0.9822008427165778,0.9521772020893801
223072.0,400,0.356115,0.211801,0.99,10000,10,32,3.7357e-12,0.00868081,0.9999980672040977,0.9068291354553367
233080.0,439,0.171002,0.401258,0.99,10000,10,27,0.00127889,0.00132891,0.9642384284461658,0.9635457821370421
204354.0,400,0.356115,0.22941,0.99,10000,10,32,2.82936e-11,0.00768812,0.9999946808271319,0.9123180748386533
213914.0,360,0.142959,0.623314,0.99,10000,10,40,0.0021538,0.000923326,0.9535909491585962,0.9696137202013804
201340.0,423,0.108219,0.705174,0.99,10000,10,36,0.00329833,0.000565907,0.9425689108583165,0.9762112001143395
222962.0,415,0.255855,0.295861,0.99,10000,10,37,0.000120188,0.00275283,0.9890369712214188,0.9475325815386348
693381.0,500,0.0254848,0.782736,0.99,10000,10,25,0.00765761,0.000102936,0.9124922289165128,0.9898542619785449
395181.0,500,0.0417934,0.8,0.99,10000,10,37,0.00636109,0.000182792,0.920243558253894,0.9864799408285319
220264.0,343,0.168269,0.482086,0.99,10000,10,37,0.00092963,0.00166565,0.9695101656285247,0.9591876244259171
270704.0,463,0.0789473,0.799221,0.99,10000,10,36,0.00515065,0.000298806,0.9282319709062594,0.9827139940992721
200000.0,394,0.264557,0.341715,0.99,10000,10,36,0.000194266,0.00255576,0.9860620661502503,0.9494454749799783
200000.0,436,0.108219,0.617445,0.99,10000,10,30,0.0027966,0.000723968,0.9471171105176731,0.9730933465477403
200000.0,470,0.301091,0.209379,0.99,10000,10,33,5.46214e-10,0.00637579,0.9999766287783802,0.9201514558679997
202397.0,457,0.0957756,0.8,0.99,10000,10,31,0.00432176,0.000383813,0.9342599056891459,0.9804088540406641
203719.0,415,0.319302,0.272223,0.99,10000,10,33,7.71003e-06,0.00366553,0.9972233059225043,0.9394563793616536
200000.0,444,0.295983,0.215128,0.99,10000,10,40,1.1431e-10,0.00708138,0.9999893084145236,0.9158490641763266
200000.0,355,0.362656,0.282357,0.99,10000,10,39,1.14353e-08,0.00574594,0.9998930640378544,0.92419802113401
344863.0,500,0.0608075,0.8,0.99,10000,10,37,0.00608097,0.000209278,0.9220194254958326,0.985533556069303
200000.0,487,0.298926,0.223176,0.99,10000,10,36,3.56515e-07,0.00437306,0.9994029112293804,0.9338708838710209
311699.0,498,0.0608075,0.8,0.99,10000,10,31,0.00575316,0.000224046,0.9241504119984821,0.9850318337796509
202397.0,440,0.0957756,0.8,0.99,10000,10,31,0.00411914,0.000409217,0.9358194733583465,0.9797708873155544
200000.0,480,0.295983,0.232007,0.99,10000,10,28,1.36252e-06,0.0040066,0.9988327296799798,0.9367022907207536
203467.0,485,0.0845473,0.8,0.99,10000,10,31,0.00455338,0.000335996,0.9325212626081371,0.9816698063294464
204354.0,395,0.312023,0.248328,0.99,10000,10,36,1.70597e-09,0.00616736,0.9999586966103086,0.9214674589740024
208979.0,427,0.084405,0.789739,0.99,10000,10,41,0.0039785,0.000447594,0.9369246482372076,0.9788435825338977
200000.0,423,0.108219,0.617445,0.99,10000,10,29,0.00268129,0.00077601,0.9482188258147809,0.9721430439566704
201474.0,401,0.108219,0.705174,0.99,10000,10,36,0.0030464,0.000640238,0.9448057974058869,0.9746970752678668
200000.0,431,0.171002,0.452694,0.99,10000,10,27,0.00134908,0.0012606,0.9632701756061917,0.9644950707647515
209511.0,427,0.319302,0.271053,0.99,10000,10,42,3.55871e-05,0.00334122,0.994034507564333,0.9421967128962374
200000.0,394,0.276874,0.314093,0.99,10000,10,36,5.58333e-05,0.00304238,0.9925278316400123,0.9448422262958339
200000.0,399,0.342896,0.221401,0.99,10000,10,41,2.04187e-12,0.00902279,0.9999985710598333,0.9050116322911063
222962.0,400,0.255855,0.295861,0.99,10000,10,38,6.78561e-05,0.00300113,0.9917625185887918,0.9452174297791716
204354.0,395,0.354574,0.21903,0.99,10000,10,32,1.16425e-12,0.00930818,0.9999989209958294,0.9035210903875879
201604.0,399,0.369922,0.215292,0.99,10000,10,41,6.48474e-13,0.00965692,0.9999991947211663,0.9017303709175617
214280.0,415,0.319302,0.263215,0.99,10000,10,33,6.19181e-06,0.00374932,0.9975116652154503,0.9387683088588924
200000.0,445,0.105115,0.708015,0.99,10000,10,36,0.00354625,0.000509001,0.9404496011768183,0.9774389494925436
335172.0,500,0.0608075,0.791339,0.99,10000,10,31,0.00594455,0.00021594,0.9228990920935427,0.9853051029265258
514031.0,500,0.0399127,0.8,0.99,10000,10,37,0.00703811,0.000138417,0.9161065556792427,0.9882349245646277
200000.0,384,0.328044,0.248708,0.99,10000,10,39,2.1118e-10,0.00699227,0.999985467966419,0.9163802056926711
200748.0,281,0.214695,0.535483,0.99,10000,10,33,0.00048326,0.00215819,0.9780168246151745,0.9535436764261311
200000.0,416,0.108219,0.678258,0.99,10000,10,40,0.00301376,0.000647452,0.9451022769142472,0.9745549218904717
214280.0,415,0.319302,0.276519,0.99,10000,10,33,4.22695e-05,0.00333764,0.993498500173037,0.9422276882927471
200000.0,492,0.172498,0.799919,0.99,186879,10,37,0.00996725,1.31849e-05,0.900163884290303,0.9963688982388261
275595.0,463,0.157791,0.799642,0.99,194013,10,37,0.00975629,7.69194e-05,0.9012260661915301,0.9912296294263013
395181.0,497,0.0434503,0.8,0.99,10000,10,37,0.00633756,0.000183223,0.9203912065158628,0.9864640109338105
200000.0,437,0.108219,0.705174,0.99,10000,10,39,0.00344509,0.000531676,0.9413051109550414,0.9769418994711186
200000.0,448,0.171002,0.452694,0.99,10000,10,27,0.00153128,0.00116389,0.9608684270696922,0.9658841678981738
200000.0,466,0.171002,0.452694,0.99,10000,10,27,0.00174004,0.00108609,0.9582862133102256,0.9670441204031814
236902.0,359,0.142959,0.540842,0.99,10000,10,40,0.0017375,0.00112996,0.9583166699986674,0.9663851223414394
311699.0,441,0.0720358,0.8,0.99,10000,10,32,0.00530911,0.000286256,0.9271363602336529,0.9830808983690031
200000.0,480,0.296631,0.18369,0.99,10000,10,34,1.60236e-12,0.00916495,0.9999987341564077,0.9042662546434121
200000.0,448,0.171002,0.449429,0.99,10000,10,27,0.00149458,0.00117979,0.9613402017594505,0.9656519287295487
222180.0,458,0.0687651,0.8,0.99,10000,10,36,0.00453221,0.000375609,0.932678309587474,0.9806193653354696
208979.0,456,0.084405,0.704009,0.99,10000,10,39,0.00376253,0.000504413,0.9386605347268172,0.9775408593218707
204354.0,395,0.243776,0.336255,0.99,10000,10,35,0.000172257,0.00260443,0.9868753285755414,0.9489663836280438
208979.0,461,0.084405,0.704009,0.99,10000,10,39,0.00380696,0.000490235,0.9382994327416676,0.9778587489061706
200000.0,400,0.142959,0.623314,0.99,10000,10,40,0.00249942,0.000805367,0.950005800336439,0.9716210112935644
200000.0,480,0.301739,0.209379,0.99,10000,10,32,1.98089e-09,0.00590414,0.9999554928095696,0.9231615981425954
544486.0,498,0.0396978,0.764061,0.99,10000,10,36,0.00702883,0.000143114,0.9161618821776156,0.9880369736270457
200000.0,395,0.147983,0.623314,0.99,10000,10,40,0.00246593,0.000832939,0.9503418687423701,0.9711393174023898
